{"authorDailyContributionsMap":{"Zixuan224":[{"date":"2026-01-23T00:00:00","commitResults":[{"hash":"415329940cf8fdb1f56381aaa33c1b4bf3c10657","isMergeCommit":false,"messageTitle":"Week 2 task","messageBody":"","tags":["Level-6","Level-5","Level-4","Level-3","Level-2","Level-1","Level-0","A-TextUiTesting"],"fileTypesAndContributionMap":{"java":{"insertions":340,"deletions":10},"bat":{"insertions":1,"deletions":1},"md":{"insertions":3,"deletions":3}}}]},{"date":"2026-02-01T00:00:00","commitResults":[{"hash":"2309ca57fde5e18b0ec82f629196702090cd8ab4","isMergeCommit":false,"messageTitle":"Add storage class to save/load tasks data","messageBody":"","fileTypesAndContributionMap":{"java":{"insertions":28,"deletions":2}}},{"hash":"351a92ae84e1eaefa2502122602b784804871a53","isMergeCommit":false,"messageTitle":"Update main to store/load data automatically","messageBody":"","fileTypesAndContributionMap":{"java":{"insertions":108,"deletions":20}}},{"hash":"0ae5fdce8b1916c388d02bffbf4905add1982817","isMergeCommit":true,"messageTitle":"Merge branch \u0027branch-Level-7\u0027","messageBody":"","tags":["Level-7"],"fileTypesAndContributionMap":{}}]},{"date":"2026-02-08T00:00:00","commitResults":[{"hash":"015ed359230d3e2f01db4f35179dbb431e005a3d","isMergeCommit":false,"messageTitle":"Deadline/Event: Parse and format date-time","messageBody":"Deadlines and events stored date/time as strings.\n\nStore date/time as LocalDateTime so input can be validated and output\ncan be formatted consistently.\n\nCreated DateTimeUtil class to handle date and time input by user.\n","fileTypesAndContributionMap":{"java":{"insertions":125,"deletions":14}}},{"hash":"d223c1cc84a634bd1d8915b295c086d7348fc01d","isMergeCommit":false,"messageTitle":"Fix date-time parsing and display errors","messageBody":"Date/time parsing code contains compilation errors and inconsistent\nvariable usage.\n\nThese errors prevent deadline and event commands from working correctly.\n\nFix malformed conditional checks, validate the correct input variables,\nand format deadline output using the display formatter.\n","fileTypesAndContributionMap":{"java":{"insertions":6,"deletions":5}}},{"hash":"755b24cde7c88d9fc7f7fa71175d456720e91c77","isMergeCommit":true,"messageTitle":"Merge branch \u0027branch-level-8\u0027","messageBody":"","tags":["Level-8"],"fileTypesAndContributionMap":{}},{"hash":"45d80e67bb96027ea0fc7bb94cd85e9adc8c9b40","isMergeCommit":false,"messageTitle":"Ui: Extract input reading and divider output","messageBody":"Extract a Ui class to handle reading commands and printing the divider line so the main class can focus on coordinating app logic.\n","fileTypesAndContributionMap":{"java":{"insertions":73,"deletions":53}}},{"hash":"05e6eb1f88ea647fec4654426309ae0d3b189add","isMergeCommit":false,"messageTitle":"TaskList: Wrap tasks in a TaskList class","messageBody":"Introduce a TaskList class to own the task collection and provide basic\noperations (add/remove/get/size/isEmpty), and update app methods to use\nTaskList instead of ArrayList.\n","fileTypesAndContributionMap":{"java":{"insertions":50,"deletions":10}}},{"hash":"c3358a3aa9807377d55afeb85e8099c9498d1a7b","isMergeCommit":false,"messageTitle":"Refactor Storage to handle task persistence","messageBody":"- Introduce instance-based Storage with configurable file path\n- Add load() to read tasks from disk and parse into Task objects\n- Add save(TaskList) to serialize tasks and write to disk\n- Ensure data directory/file are created before read/write\n","fileTypesAndContributionMap":{"java":{"insertions":56,"deletions":63}}},{"hash":"7479177d0693dcc9a5095a506f79934eb9ca86c0","isMergeCommit":false,"messageTitle":"Parser: Parse command arguments for all user commands","messageBody":"","tags":["A-MoreOOP"],"fileTypesAndContributionMap":{"java":{"insertions":329,"deletions":161}}},{"hash":"d39f81c31a553058f8f9924faffc7a2ec0bd57f8","isMergeCommit":false,"messageTitle":"refactor: organize classes into packages","messageBody":"Moved classes from the default package to the `sillyrat` package namespace.\nCreated sub-packages for better separation of concerns:\n- sillyrat.task\n- sillyrat.command/parser\n- sillyrat.storage\n- sillyrat.ui\n","tags":["A-Packages"],"fileTypesAndContributionMap":{"java":{"insertions":807,"deletions":787}}},{"hash":"902981bfd972c120c69c61c8c4f57daf80e6a2f9","isMergeCommit":true,"messageTitle":"Merge remote-tracking branch \u0027origin/add-gradle-support\u0027","messageBody":"","fileTypesAndContributionMap":{}},{"hash":"d2be194d90d28ff2eeb89128de48ebad7df799fd","isMergeCommit":false,"messageTitle":"Configure project to use Gradle for build automation","messageBody":"- Merged the \u0027add-gradle-support\u0027 branch to enable Gradle build tools.\n- Updated project structure to support automated testing and JAR creation via Gradle.\n","tags":["A-Gradle"],"fileTypesAndContributionMap":{"gradle":{"insertions":2,"deletions":2}}},{"hash":"529e000de3cddc6131d22a3398b1f9e952e12c46","isMergeCommit":false,"messageTitle":"Add JUnit coverage for parser and task loading","messageBody":"- Add ParserTest to verify command parsing and validation errors\n- Add LoadTaskTest to cover Task.toLoadTask for todo/deadline/event and unknown types\n- Align date-time assertions with storage formatting (includes seconds)\n","tags":["A-JUnit"],"fileTypesAndContributionMap":{"java":{"insertions":129,"deletions":0}}},{"hash":"16445fed2ac35abfe4170b81958b94db0e44c18d","isMergeCommit":false,"messageTitle":"Configure executable fat JAR packaging via shadowJar","messageBody":"- Set jar base name and classifier for a single runnable artifact\n- Add Main-Class manifest entry for java -jar execution\n- Make build depend on shadowJar to produce the distributable JAR by default\n","tags":["A-Jar"],"fileTypesAndContributionMap":{"gradle":{"insertions":9,"deletions":1}}}]},{"date":"2026-02-14T00:00:00","commitResults":[{"hash":"094c222ef83e65ff8212616500463976e973ce60","isMergeCommit":false,"messageTitle":"Add header commments for common and parser","messageBody":"","fileTypesAndContributionMap":{"java":{"insertions":69,"deletions":0}}},{"hash":"67bb7368393c217df0efa63b2984a6ada06250b5","isMergeCommit":false,"messageTitle":"Add Javadoc headers for Storage class","messageBody":"","fileTypesAndContributionMap":{"java":{"insertions":20,"deletions":0}}}]},{"date":"2026-02-15T00:00:00","commitResults":[{"hash":"072096dd80b79d6fe6b87bffaa9deece5382536e","isMergeCommit":false,"messageTitle":"Add Javadoc header for task classes","messageBody":"","fileTypesAndContributionMap":{"java":{"insertions":27,"deletions":0}}},{"hash":"c08855975f681ee556a3f60ddbc3f2f46d0b7a36","isMergeCommit":false,"messageTitle":"Add Javadoc header for Ui class","messageBody":"","fileTypesAndContributionMap":{"java":{"insertions":16,"deletions":0}}}]},{"date":"2026-02-16T00:00:00","commitResults":[{"hash":"3fe47215963b93d95abc5d59047c617d82a5b435","isMergeCommit":false,"messageTitle":"Add Javadoc header to main program SillyRat class","messageBody":"","tags":["A-JavaDoc"],"fileTypesAndContributionMap":{"java":{"insertions":66,"deletions":0}}}]},{"date":"2026-02-17T00:00:00","commitResults":[{"hash":"e3db1858b485393c86a2d934b96cd4c11d2d1374","isMergeCommit":false,"messageTitle":"Fix formatting and indentation for all classes to follow given coding style","messageBody":"","tags":["A-CodingStandard"],"fileTypesAndContributionMap":{"java":{"insertions":221,"deletions":119}}},{"hash":"20352003b194fc9ac816f2d733b1ff6fac1a0a41","isMergeCommit":false,"messageTitle":"Add find feature to search tasks by keyword","messageBody":"Implement find command to allow users to search for tasks by\nkeywords in task descriptions. The command displays matching tasks\nwith their original numbering.\n\n- Add FindArgs class to encapsulate search parameters\n- Add find() method in TaskList to filter tasks by keyword\n- Update Parser to handle \"find\" command and include it in error messages\n- Add doFind() method in SillyRat to display search results\n- Handle empty search results with appropriate user feedback\n\nExample usage: find book\n","tags":["Level-9"],"fileTypesAndContributionMap":{"java":{"insertions":55,"deletions":5}}}]},{"date":"2026-02-18T00:00:00","commitResults":[{"hash":"77540fe73fafb354bb51e069f8423546364eb4ee","isMergeCommit":true,"messageTitle":"Merge branch A-CodingStyles and resolved conflict in SillyRat class","messageBody":"","fileTypesAndContributionMap":{}},{"hash":"aa6693a7ceeb9de2049d52e0e3611a4e966a011b","isMergeCommit":true,"messageTitle":"Merge branch \u0027branch-Level-9\u0027","messageBody":"- resolve conflicts for SillyRat class and Parser\n","fileTypesAndContributionMap":{}}]}]},"authorFileTypeContributionMap":{"Zixuan224":{"java":1222,"md":3,"fxml":0,"sh":0,"bat":1,"gradle":10,"txt":0}},"authorContributionVariance":{"Zixuan224":174851.8},"authorDisplayNameMap":{"Zixuan224":"CS2103T-W09-1 SHEN..XUAN"}}
