{"authorDailyContributionsMap":{"NUSOffisher":[{"date":"2026-01-21T00:00:00","commitResults":[{"hash":"f56ff66b4dc1abc783a074aeaeeb98abbcc4a583","isMergeCommit":false,"messageTitle":"Added level 0","messageBody":"","tags":["level-1"],"fileTypesAndContributionMap":{"java":{"insertions":10,"deletions":10}}}]},{"date":"2026-01-22T00:00:00","commitResults":[{"hash":"559ce5657fdbee2b72c990897008993e413e2d0d","isMergeCommit":false,"messageTitle":"Added level 1","messageBody":"","tags":["level-2"],"fileTypesAndContributionMap":{"java":{"insertions":16,"deletions":2}}},{"hash":"9a2d91dc7e5236b1053a7ec8ae50842363c7a9e0","isMergeCommit":false,"messageTitle":"Added level 2","messageBody":"","tags":["level-3"],"fileTypesAndContributionMap":{"java":{"insertions":13,"deletions":1}}},{"hash":"8cd42592156f0168f3ed6c4d875b676d570f06f5","isMergeCommit":false,"messageTitle":"Added level 3","messageBody":"","tags":["level-4"],"fileTypesAndContributionMap":{"java":{"insertions":45,"deletions":3}}},{"hash":"3a111827ceebacadeb35ae967dde77de8bc0b8cb","isMergeCommit":false,"messageTitle":"Added level 4","messageBody":"","tags":["level-5","A-TextUiTesting"],"fileTypesAndContributionMap":{"java":{"insertions":75,"deletions":11}}},{"hash":"e2d83e35d3fe43fbe516ecab2edb361520637b89","isMergeCommit":false,"messageTitle":"Added level 5","messageBody":"","tags":["level-6"],"fileTypesAndContributionMap":{"java":{"insertions":85,"deletions":49},"bat":{"insertions":1,"deletions":1},"sh":{"insertions":1,"deletions":1},"md":{"insertions":3,"deletions":3}}},{"hash":"66b1927143e700097a5514c056cf5f83793fc1fa","isMergeCommit":false,"messageTitle":"Added level 6","messageBody":"","fileTypesAndContributionMap":{"java":{"insertions":40,"deletions":28}}}]},{"date":"2026-01-30T00:00:00","commitResults":[{"hash":"8a6bca5c3814c2a6c3d7efa703d2ce6e0cf606e5","isMergeCommit":false,"messageTitle":"Add logic for loading and saving task Edit delete and mark/unmark function","messageBody":"","fileTypesAndContributionMap":{"txt":{"insertions":5,"deletions":0},"java":{"insertions":194,"deletions":6}}},{"hash":"825cc2b6a6d0c832df761349c8a831df70279ff6","isMergeCommit":false,"messageTitle":"Add logic for loading and saving task Edit delete and mark/unmark function","messageBody":"","tags":["level-7"],"fileTypesAndContributionMap":{"java":{"insertions":8,"deletions":8}}},{"hash":"a9664de63db5802c291260670efb0397f8167fb8","isMergeCommit":false,"messageTitle":"Add logic for chatbot to understand dates","messageBody":"","fileTypesAndContributionMap":{"txt":{"insertions":3,"deletions":1},"java":{"insertions":50,"deletions":2}}},{"hash":"3ce31b7c443b4a7afa153c216d4c37ebfee1fbd4","isMergeCommit":false,"messageTitle":"Add logic for chatbot to understand dates","messageBody":"","tags":["level-8"],"fileTypesAndContributionMap":{"java":{"insertions":0,"deletions":5}}}]}]},"authorFileTypeContributionMap":{"NUSOffisher":{"java":421,"md":3,"fxml":0,"sh":1,"bat":1,"gradle":0,"txt":7}},"authorContributionVariance":{"NUSOffisher":9172.266},"authorDisplayNameMap":{"NUSOffisher":"CS2103T-T10-3 CHAN.. HOE"}}
