[{"path":"src/main/java/Bob.java","fileType":"java","lines":[{"lineNumber":1,"author":{"gitId":"E1356231"},"content":"import java.util.Scanner;","lastModifiedDate":"2026-01-22T06:00:53","isFullCredit":false},{"lineNumber":2,"author":{"gitId":"E1356231"},"content":"","lastModifiedDate":"2026-01-22T06:00:53","isFullCredit":false},{"lineNumber":3,"author":{"gitId":"E1356231"},"content":"public class Bob {","lastModifiedDate":"2026-01-22T05:39:42","isFullCredit":false},{"lineNumber":4,"author":{"gitId":"E1356231"},"content":"    public static void main(String[] args) {","lastModifiedDate":"2026-01-22T05:39:42","isFullCredit":false},{"lineNumber":5,"author":{"gitId":"E1356231"},"content":"        Scanner sc \u003d new Scanner(System.in);","lastModifiedDate":"2026-01-22T06:00:53","isFullCredit":false},{"lineNumber":6,"author":{"gitId":"E1356231"},"content":"        TaskList tasklist \u003d new TaskList();","lastModifiedDate":"2026-01-22T14:15:08","isFullCredit":false},{"lineNumber":7,"author":{"gitId":"E1356231"},"content":"        System.out.println(\"Hi! I\u0027m Bob\");","lastModifiedDate":"2026-01-22T05:39:42","isFullCredit":false},{"lineNumber":8,"author":{"gitId":"E1356231"},"content":"        System.out.println(\"What\u0027s on your agenda for today?\");","lastModifiedDate":"2026-01-22T14:15:08","isFullCredit":false},{"lineNumber":9,"author":{"gitId":"E1356231"},"content":"","lastModifiedDate":"2026-01-22T06:00:53","isFullCredit":false},{"lineNumber":10,"author":{"gitId":"E1356231"},"content":"        while (true) {","lastModifiedDate":"2026-01-22T06:00:53","isFullCredit":false},{"lineNumber":11,"author":{"gitId":"E1356231"},"content":"            System.out.println(\"Action: \");","lastModifiedDate":"2026-01-22T14:15:08","isFullCredit":false},{"lineNumber":12,"author":{"gitId":"E1356231"},"content":"            String action \u003d sc.nextLine();","lastModifiedDate":"2026-01-22T14:15:08","isFullCredit":false},{"lineNumber":13,"author":{"gitId":"E1356231"},"content":"","lastModifiedDate":"2026-01-22T06:00:53","isFullCredit":false},{"lineNumber":14,"author":{"gitId":"E1356231"},"content":"            if (action.equalsIgnoreCase(\"bye\")) {","lastModifiedDate":"2026-01-22T14:15:08","isFullCredit":false},{"lineNumber":15,"author":{"gitId":"E1356231"},"content":"                System.out.println(\"Bye!\");","lastModifiedDate":"2026-01-22T05:39:42","isFullCredit":false},{"lineNumber":16,"author":{"gitId":"E1356231"},"content":"                break;","lastModifiedDate":"2026-01-22T06:00:53","isFullCredit":false},{"lineNumber":17,"author":{"gitId":"E1356231"},"content":"            }","lastModifiedDate":"2026-01-22T06:00:53","isFullCredit":false},{"lineNumber":18,"author":{"gitId":"E1356231"},"content":"            else if (action.equalsIgnoreCase(\"add\")) {","lastModifiedDate":"2026-01-22T14:15:08","isFullCredit":false},{"lineNumber":19,"author":{"gitId":"E1356231"},"content":"                while (true) {","lastModifiedDate":"2026-01-22T14:15:08","isFullCredit":false},{"lineNumber":20,"author":{"gitId":"E1356231"},"content":"                    System.out.println(\"Add a task: \");","lastModifiedDate":"2026-01-22T14:15:08","isFullCredit":false},{"lineNumber":21,"author":{"gitId":"E1356231"},"content":"                    String input \u003d sc.nextLine();","lastModifiedDate":"2026-01-22T14:15:08","isFullCredit":false},{"lineNumber":22,"author":{"gitId":"E1356231"},"content":"                    Task t \u003d new Task(input);","lastModifiedDate":"2026-01-22T14:15:08","isFullCredit":false},{"lineNumber":23,"author":{"gitId":"E1356231"},"content":"                    tasklist.add(t);","lastModifiedDate":"2026-01-22T14:15:08","isFullCredit":false},{"lineNumber":24,"author":{"gitId":"E1356231"},"content":"                    System.out.println(\"Added task: \" + t.toString());","lastModifiedDate":"2026-01-22T14:15:08","isFullCredit":false},{"lineNumber":25,"author":{"gitId":"E1356231"},"content":"","lastModifiedDate":"2026-01-22T14:15:08","isFullCredit":false},{"lineNumber":26,"author":{"gitId":"E1356231"},"content":"                    if (input.equalsIgnoreCase(\"done\")) {","lastModifiedDate":"2026-01-22T14:15:08","isFullCredit":false},{"lineNumber":27,"author":{"gitId":"E1356231"},"content":"                        break;","lastModifiedDate":"2026-01-22T14:15:08","isFullCredit":false},{"lineNumber":28,"author":{"gitId":"E1356231"},"content":"                    }","lastModifiedDate":"2026-01-22T14:15:08","isFullCredit":false},{"lineNumber":29,"author":{"gitId":"E1356231"},"content":"                }","lastModifiedDate":"2026-01-22T14:15:08","isFullCredit":false},{"lineNumber":30,"author":{"gitId":"E1356231"},"content":"","lastModifiedDate":"2026-01-22T14:15:08","isFullCredit":false},{"lineNumber":31,"author":{"gitId":"E1356231"},"content":"            }","lastModifiedDate":"2026-01-22T14:15:08","isFullCredit":false},{"lineNumber":32,"author":{"gitId":"E1356231"},"content":"            else if (action.equalsIgnoreCase(\"tasks\")) {","lastModifiedDate":"2026-01-22T14:15:08","isFullCredit":false},{"lineNumber":33,"author":{"gitId":"E1356231"},"content":"                System.out.println(\"Task(s) in your list: \");","lastModifiedDate":"2026-01-22T14:15:08","isFullCredit":false},{"lineNumber":34,"author":{"gitId":"E1356231"},"content":"                tasklist.listTasks();","lastModifiedDate":"2026-01-22T14:15:08","isFullCredit":false},{"lineNumber":35,"author":{"gitId":"E1356231"},"content":"                continue;","lastModifiedDate":"2026-01-22T14:15:08","isFullCredit":false},{"lineNumber":36,"author":{"gitId":"E1356231"},"content":"            }","lastModifiedDate":"2026-01-22T11:36:04","isFullCredit":false},{"lineNumber":37,"author":{"gitId":"E1356231"},"content":"            else if (action.equalsIgnoreCase(\"mark\")) {","lastModifiedDate":"2026-01-22T14:15:08","isFullCredit":false},{"lineNumber":38,"author":{"gitId":"E1356231"},"content":"                System.out.println(\"Mark task: \");","lastModifiedDate":"2026-01-22T14:15:08","isFullCredit":false},{"lineNumber":39,"author":{"gitId":"E1356231"},"content":"                int index \u003d sc.nextInt();","lastModifiedDate":"2026-01-22T14:15:08","isFullCredit":false},{"lineNumber":40,"author":{"gitId":"E1356231"},"content":"                sc.nextLine();","lastModifiedDate":"2026-01-22T14:15:08","isFullCredit":false},{"lineNumber":41,"author":{"gitId":"E1356231"},"content":"                tasklist.getTask(index).markDone();","lastModifiedDate":"2026-01-22T14:15:08","isFullCredit":false},{"lineNumber":42,"author":{"gitId":"E1356231"},"content":"                String done \u003d tasklist.getTask(index).toString();","lastModifiedDate":"2026-01-22T14:15:08","isFullCredit":false},{"lineNumber":43,"author":{"gitId":"E1356231"},"content":"                System.out.println(\"Task marked done: \" + done);","lastModifiedDate":"2026-01-22T14:15:08","isFullCredit":false},{"lineNumber":44,"author":{"gitId":"E1356231"},"content":"","lastModifiedDate":"2026-01-22T14:15:08","isFullCredit":false},{"lineNumber":45,"author":{"gitId":"E1356231"},"content":"                continue;","lastModifiedDate":"2026-01-22T14:15:08","isFullCredit":false},{"lineNumber":46,"author":{"gitId":"E1356231"},"content":"            }","lastModifiedDate":"2026-01-22T14:15:08","isFullCredit":false},{"lineNumber":47,"author":{"gitId":"E1356231"},"content":"","lastModifiedDate":"2026-01-22T14:15:08","isFullCredit":false},{"lineNumber":48,"author":{"gitId":"E1356231"},"content":"            else if (action.equalsIgnoreCase(\"undo\")) {","lastModifiedDate":"2026-01-22T14:15:08","isFullCredit":false},{"lineNumber":49,"author":{"gitId":"E1356231"},"content":"                System.out.println(\"Unmark task: \");","lastModifiedDate":"2026-01-22T14:15:08","isFullCredit":false},{"lineNumber":50,"author":{"gitId":"E1356231"},"content":"                int index \u003d sc.nextInt();","lastModifiedDate":"2026-01-22T14:15:08","isFullCredit":false},{"lineNumber":51,"author":{"gitId":"E1356231"},"content":"                sc.nextLine();","lastModifiedDate":"2026-01-22T14:15:08","isFullCredit":false},{"lineNumber":52,"author":{"gitId":"E1356231"},"content":"                tasklist.getTask(index).unmark();","lastModifiedDate":"2026-01-22T14:15:08","isFullCredit":false},{"lineNumber":53,"author":{"gitId":"E1356231"},"content":"                String unmarked \u003d tasklist.getTask(index).toString();","lastModifiedDate":"2026-01-22T14:15:08","isFullCredit":false},{"lineNumber":54,"author":{"gitId":"E1356231"},"content":"                System.out.println(\"Task unmarked: \" + unmarked);","lastModifiedDate":"2026-01-22T14:15:08","isFullCredit":false},{"lineNumber":55,"author":{"gitId":"E1356231"},"content":"                continue;","lastModifiedDate":"2026-01-22T11:36:04","isFullCredit":false},{"lineNumber":56,"author":{"gitId":"E1356231"},"content":"            }","lastModifiedDate":"2026-01-22T11:36:04","isFullCredit":false},{"lineNumber":57,"author":{"gitId":"E1356231"},"content":"        }","lastModifiedDate":"2026-01-22T06:00:53","isFullCredit":false},{"lineNumber":58,"author":{"gitId":"E1356231"},"content":"","lastModifiedDate":"2026-01-22T06:00:53","isFullCredit":false},{"lineNumber":59,"author":{"gitId":"E1356231"},"content":"    }","lastModifiedDate":"2026-01-22T05:39:42","isFullCredit":false},{"lineNumber":60,"author":{"gitId":"E1356231"},"content":"}","lastModifiedDate":"2026-01-22T05:39:42","isFullCredit":false}],"authorContributionMap":{"E1356231":60}},{"path":"src/main/java/Deadlines.java","fileType":"java","lines":[{"lineNumber":1,"author":{"gitId":"E1356231"},"content":"public class Deadlines extends Task{","lastModifiedDate":"2026-01-22T15:11:18","isFullCredit":false},{"lineNumber":2,"author":{"gitId":"E1356231"},"content":"    private String date;","lastModifiedDate":"2026-01-22T15:11:18","isFullCredit":false},{"lineNumber":3,"author":{"gitId":"E1356231"},"content":"    private String time;","lastModifiedDate":"2026-01-22T15:11:18","isFullCredit":false},{"lineNumber":4,"author":{"gitId":"E1356231"},"content":"","lastModifiedDate":"2026-01-22T15:11:18","isFullCredit":false},{"lineNumber":5,"author":{"gitId":"E1356231"},"content":"    public Deadlines(String description, String date, String time) {","lastModifiedDate":"2026-01-22T15:11:18","isFullCredit":false},{"lineNumber":6,"author":{"gitId":"E1356231"},"content":"        this.date \u003d date;","lastModifiedDate":"2026-01-22T15:11:18","isFullCredit":false},{"lineNumber":7,"author":{"gitId":"E1356231"},"content":"        this.time \u003d time;","lastModifiedDate":"2026-01-22T15:11:18","isFullCredit":false},{"lineNumber":8,"author":{"gitId":"E1356231"},"content":"        super(description);","lastModifiedDate":"2026-01-22T15:11:18","isFullCredit":false},{"lineNumber":9,"author":{"gitId":"E1356231"},"content":"    }","lastModifiedDate":"2026-01-22T15:11:18","isFullCredit":false},{"lineNumber":10,"author":{"gitId":"E1356231"},"content":"","lastModifiedDate":"2026-01-22T15:11:18","isFullCredit":false},{"lineNumber":11,"author":{"gitId":"E1356231"},"content":"    @Override","lastModifiedDate":"2026-01-22T15:11:18","isFullCredit":false},{"lineNumber":12,"author":{"gitId":"E1356231"},"content":"    public String toString() {","lastModifiedDate":"2026-01-22T15:11:18","isFullCredit":false},{"lineNumber":13,"author":{"gitId":"E1356231"},"content":"        return \"[D] \" + super.toString() + \" by \" + this.date + \" \" + this.time;","lastModifiedDate":"2026-01-22T15:11:18","isFullCredit":false},{"lineNumber":14,"author":{"gitId":"E1356231"},"content":"    }","lastModifiedDate":"2026-01-22T15:11:18","isFullCredit":false},{"lineNumber":15,"author":{"gitId":"E1356231"},"content":"}","lastModifiedDate":"2026-01-22T15:11:18","isFullCredit":false}],"authorContributionMap":{"E1356231":15}},{"path":"src/main/java/Events.java","fileType":"java","lines":[{"lineNumber":1,"author":{"gitId":"E1356231"},"content":"public class Events extends Task{","lastModifiedDate":"2026-01-22T15:11:18","isFullCredit":false},{"lineNumber":2,"author":{"gitId":"E1356231"},"content":"    private String startDate;","lastModifiedDate":"2026-01-22T15:11:18","isFullCredit":false},{"lineNumber":3,"author":{"gitId":"E1356231"},"content":"    private String startTime;","lastModifiedDate":"2026-01-22T15:11:18","isFullCredit":false},{"lineNumber":4,"author":{"gitId":"E1356231"},"content":"    private String endDate;","lastModifiedDate":"2026-01-22T15:11:18","isFullCredit":false},{"lineNumber":5,"author":{"gitId":"E1356231"},"content":"    private String endTime;","lastModifiedDate":"2026-01-22T15:11:18","isFullCredit":false},{"lineNumber":6,"author":{"gitId":"E1356231"},"content":"","lastModifiedDate":"2026-01-22T15:11:18","isFullCredit":false},{"lineNumber":7,"author":{"gitId":"E1356231"},"content":"    public Events(String description, String startDate, String startTime, String endDate, String endTime) {","lastModifiedDate":"2026-01-22T15:11:18","isFullCredit":false},{"lineNumber":8,"author":{"gitId":"E1356231"},"content":"        this.startDate \u003d startDate;","lastModifiedDate":"2026-01-22T15:11:18","isFullCredit":false},{"lineNumber":9,"author":{"gitId":"E1356231"},"content":"        this.startTime \u003d startTime;","lastModifiedDate":"2026-01-22T15:11:18","isFullCredit":false},{"lineNumber":10,"author":{"gitId":"E1356231"},"content":"        this.endDate \u003d endDate;","lastModifiedDate":"2026-01-22T15:11:18","isFullCredit":false},{"lineNumber":11,"author":{"gitId":"E1356231"},"content":"        this.endTime \u003d endTime;","lastModifiedDate":"2026-01-22T15:11:18","isFullCredit":false},{"lineNumber":12,"author":{"gitId":"E1356231"},"content":"        super(description);","lastModifiedDate":"2026-01-22T15:11:18","isFullCredit":false},{"lineNumber":13,"author":{"gitId":"E1356231"},"content":"    }","lastModifiedDate":"2026-01-22T15:11:18","isFullCredit":false},{"lineNumber":14,"author":{"gitId":"E1356231"},"content":"","lastModifiedDate":"2026-01-22T15:11:18","isFullCredit":false},{"lineNumber":15,"author":{"gitId":"E1356231"},"content":"    @Override","lastModifiedDate":"2026-01-22T15:11:18","isFullCredit":false},{"lineNumber":16,"author":{"gitId":"E1356231"},"content":"    public String toString() {","lastModifiedDate":"2026-01-22T15:11:18","isFullCredit":false},{"lineNumber":17,"author":{"gitId":"E1356231"},"content":"        return \"[E] \" + super.toString() + \" \" + this.startDate + \" to \" + this.endDate + \": \"","lastModifiedDate":"2026-01-22T15:11:18","isFullCredit":false},{"lineNumber":18,"author":{"gitId":"E1356231"},"content":"                + this.startTime + \" - \" + this.endTime;","lastModifiedDate":"2026-01-22T15:11:18","isFullCredit":false},{"lineNumber":19,"author":{"gitId":"E1356231"},"content":"    }","lastModifiedDate":"2026-01-22T15:11:18","isFullCredit":false},{"lineNumber":20,"author":{"gitId":"E1356231"},"content":"","lastModifiedDate":"2026-01-22T15:11:18","isFullCredit":false},{"lineNumber":21,"author":{"gitId":"E1356231"},"content":"}","lastModifiedDate":"2026-01-22T15:11:18","isFullCredit":false}],"authorContributionMap":{"E1356231":21}},{"path":"src/main/java/Task.java","fileType":"java","lines":[{"lineNumber":1,"author":{"gitId":"E1356231"},"content":"public class Task {","lastModifiedDate":"2026-01-22T14:15:08","isFullCredit":false},{"lineNumber":2,"author":{"gitId":"E1356231"},"content":"    protected String description;","lastModifiedDate":"2026-01-22T14:15:08","isFullCredit":false},{"lineNumber":3,"author":{"gitId":"E1356231"},"content":"    protected boolean isDone;","lastModifiedDate":"2026-01-22T14:15:08","isFullCredit":false},{"lineNumber":4,"author":{"gitId":"E1356231"},"content":"","lastModifiedDate":"2026-01-22T14:15:08","isFullCredit":false},{"lineNumber":5,"author":{"gitId":"E1356231"},"content":"    public Task(String description) {","lastModifiedDate":"2026-01-22T14:15:08","isFullCredit":false},{"lineNumber":6,"author":{"gitId":"E1356231"},"content":"        this.description \u003d description;","lastModifiedDate":"2026-01-22T14:15:08","isFullCredit":false},{"lineNumber":7,"author":{"gitId":"E1356231"},"content":"        this.isDone \u003d false;","lastModifiedDate":"2026-01-22T14:15:08","isFullCredit":false},{"lineNumber":8,"author":{"gitId":"E1356231"},"content":"    }","lastModifiedDate":"2026-01-22T14:15:08","isFullCredit":false},{"lineNumber":9,"author":{"gitId":"E1356231"},"content":"","lastModifiedDate":"2026-01-22T14:15:08","isFullCredit":false},{"lineNumber":10,"author":{"gitId":"E1356231"},"content":"    public void markDone() {","lastModifiedDate":"2026-01-22T14:15:08","isFullCredit":false},{"lineNumber":11,"author":{"gitId":"E1356231"},"content":"        this.isDone \u003d true;","lastModifiedDate":"2026-01-22T14:15:08","isFullCredit":false},{"lineNumber":12,"author":{"gitId":"E1356231"},"content":"    }","lastModifiedDate":"2026-01-22T14:15:08","isFullCredit":false},{"lineNumber":13,"author":{"gitId":"E1356231"},"content":"","lastModifiedDate":"2026-01-22T14:15:08","isFullCredit":false},{"lineNumber":14,"author":{"gitId":"E1356231"},"content":"    public void unmark() {","lastModifiedDate":"2026-01-22T14:15:08","isFullCredit":false},{"lineNumber":15,"author":{"gitId":"E1356231"},"content":"        this.isDone \u003d false;","lastModifiedDate":"2026-01-22T14:15:08","isFullCredit":false},{"lineNumber":16,"author":{"gitId":"E1356231"},"content":"    }","lastModifiedDate":"2026-01-22T14:15:08","isFullCredit":false},{"lineNumber":17,"author":{"gitId":"E1356231"},"content":"","lastModifiedDate":"2026-01-22T14:15:08","isFullCredit":false},{"lineNumber":18,"author":{"gitId":"E1356231"},"content":"    public String getStatus() {","lastModifiedDate":"2026-01-22T14:15:08","isFullCredit":false},{"lineNumber":19,"author":{"gitId":"E1356231"},"content":"        return (isDone ? \"X\" : \" \");","lastModifiedDate":"2026-01-22T14:15:08","isFullCredit":false},{"lineNumber":20,"author":{"gitId":"E1356231"},"content":"    }","lastModifiedDate":"2026-01-22T14:15:08","isFullCredit":false},{"lineNumber":21,"author":{"gitId":"E1356231"},"content":"","lastModifiedDate":"2026-01-22T14:15:08","isFullCredit":false},{"lineNumber":22,"author":{"gitId":"E1356231"},"content":"    @Override","lastModifiedDate":"2026-01-22T14:15:08","isFullCredit":false},{"lineNumber":23,"author":{"gitId":"E1356231"},"content":"    public String toString() {","lastModifiedDate":"2026-01-22T14:15:08","isFullCredit":false},{"lineNumber":24,"author":{"gitId":"E1356231"},"content":"        return \"[\" + this.getStatus() + \"] \" + this.description;","lastModifiedDate":"2026-01-22T14:15:08","isFullCredit":false},{"lineNumber":25,"author":{"gitId":"E1356231"},"content":"    }","lastModifiedDate":"2026-01-22T14:15:08","isFullCredit":false},{"lineNumber":26,"author":{"gitId":"E1356231"},"content":"}","lastModifiedDate":"2026-01-22T14:15:08","isFullCredit":false}],"authorContributionMap":{"E1356231":26}},{"path":"src/main/java/TaskList.java","fileType":"java","lines":[{"lineNumber":1,"author":{"gitId":"E1356231"},"content":"public class TaskList {","lastModifiedDate":"2026-01-22T14:15:08","isFullCredit":false},{"lineNumber":2,"author":{"gitId":"E1356231"},"content":"    private Task[] tasks \u003d new Task[100];","lastModifiedDate":"2026-01-22T14:15:08","isFullCredit":false},{"lineNumber":3,"author":{"gitId":"E1356231"},"content":"    private int size \u003d 0;","lastModifiedDate":"2026-01-22T14:15:08","isFullCredit":false},{"lineNumber":4,"author":{"gitId":"E1356231"},"content":"","lastModifiedDate":"2026-01-22T14:15:08","isFullCredit":false},{"lineNumber":5,"author":{"gitId":"E1356231"},"content":"    public void add(Task t) {","lastModifiedDate":"2026-01-22T14:15:08","isFullCredit":false},{"lineNumber":6,"author":{"gitId":"E1356231"},"content":"        tasks[size] \u003d t;","lastModifiedDate":"2026-01-22T14:15:08","isFullCredit":false},{"lineNumber":7,"author":{"gitId":"E1356231"},"content":"        size++;","lastModifiedDate":"2026-01-22T14:15:08","isFullCredit":false},{"lineNumber":8,"author":{"gitId":"E1356231"},"content":"    }","lastModifiedDate":"2026-01-22T14:15:08","isFullCredit":false},{"lineNumber":9,"author":{"gitId":"E1356231"},"content":"","lastModifiedDate":"2026-01-22T14:15:08","isFullCredit":false},{"lineNumber":10,"author":{"gitId":"E1356231"},"content":"    public Task getTask(int idx) {","lastModifiedDate":"2026-01-22T14:15:08","isFullCredit":false},{"lineNumber":11,"author":{"gitId":"E1356231"},"content":"        return tasks[idx - 1];","lastModifiedDate":"2026-01-22T14:15:08","isFullCredit":false},{"lineNumber":12,"author":{"gitId":"E1356231"},"content":"    }","lastModifiedDate":"2026-01-22T14:15:08","isFullCredit":false},{"lineNumber":13,"author":{"gitId":"E1356231"},"content":"","lastModifiedDate":"2026-01-22T14:15:08","isFullCredit":false},{"lineNumber":14,"author":{"gitId":"E1356231"},"content":"    public void listTasks() {","lastModifiedDate":"2026-01-22T14:15:08","isFullCredit":false},{"lineNumber":15,"author":{"gitId":"E1356231"},"content":"        for (int i \u003d 0; i \u003c size; i++) {","lastModifiedDate":"2026-01-22T14:15:08","isFullCredit":false},{"lineNumber":16,"author":{"gitId":"E1356231"},"content":"            System.out.println(i + 1 + \". \" + tasks[i]);","lastModifiedDate":"2026-01-22T14:15:08","isFullCredit":false},{"lineNumber":17,"author":{"gitId":"E1356231"},"content":"        }","lastModifiedDate":"2026-01-22T14:15:08","isFullCredit":false},{"lineNumber":18,"author":{"gitId":"E1356231"},"content":"    }","lastModifiedDate":"2026-01-22T14:15:08","isFullCredit":false},{"lineNumber":19,"author":{"gitId":"E1356231"},"content":"}","lastModifiedDate":"2026-01-22T14:15:08","isFullCredit":false}],"authorContributionMap":{"E1356231":19}},{"path":"src/main/java/ToDos.java","fileType":"java","lines":[{"lineNumber":1,"author":{"gitId":"E1356231"},"content":"public class ToDos extends Task{","lastModifiedDate":"2026-01-22T15:11:18","isFullCredit":false},{"lineNumber":2,"author":{"gitId":"E1356231"},"content":"    public ToDos(String description){","lastModifiedDate":"2026-01-22T15:11:18","isFullCredit":false},{"lineNumber":3,"author":{"gitId":"E1356231"},"content":"        super(description);","lastModifiedDate":"2026-01-22T15:11:18","isFullCredit":false},{"lineNumber":4,"author":{"gitId":"E1356231"},"content":"    }","lastModifiedDate":"2026-01-22T15:11:18","isFullCredit":false},{"lineNumber":5,"author":{"gitId":"E1356231"},"content":"    @Override","lastModifiedDate":"2026-01-22T15:11:18","isFullCredit":false},{"lineNumber":6,"author":{"gitId":"E1356231"},"content":"    public String toString() {","lastModifiedDate":"2026-01-22T15:11:18","isFullCredit":false},{"lineNumber":7,"author":{"gitId":"E1356231"},"content":"        return \"[T]\" + super.toString();","lastModifiedDate":"2026-01-22T15:11:18","isFullCredit":false},{"lineNumber":8,"author":{"gitId":"E1356231"},"content":"    }","lastModifiedDate":"2026-01-22T15:11:18","isFullCredit":false},{"lineNumber":9,"author":{"gitId":"E1356231"},"content":"}","lastModifiedDate":"2026-01-22T15:11:18","isFullCredit":false}],"authorContributionMap":{"E1356231":9}},{"path":"text-ui-test/input.txt","fileType":"txt","lines":[{"lineNumber":1,"author":{"gitId":"E1356231"},"content":"add","lastModifiedDate":"2026-01-22T16:23:03","isFullCredit":false},{"lineNumber":2,"author":{"gitId":"E1356231"},"content":"t","lastModifiedDate":"2026-01-22T16:23:03","isFullCredit":false},{"lineNumber":3,"author":{"gitId":"E1356231"},"content":"read","lastModifiedDate":"2026-01-22T16:23:03","isFullCredit":false},{"lineNumber":4,"author":{"gitId":"E1356231"},"content":"d","lastModifiedDate":"2026-01-22T16:23:03","isFullCredit":false},{"lineNumber":5,"author":{"gitId":"E1356231"},"content":"submit essay","lastModifiedDate":"2026-01-22T16:23:03","isFullCredit":false},{"lineNumber":6,"author":{"gitId":"E1356231"},"content":"02-jan-26","lastModifiedDate":"2026-01-22T16:23:03","isFullCredit":false},{"lineNumber":7,"author":{"gitId":"E1356231"},"content":"2359","lastModifiedDate":"2026-01-22T16:23:03","isFullCredit":false},{"lineNumber":8,"author":{"gitId":"E1356231"},"content":"e","lastModifiedDate":"2026-01-22T16:23:03","isFullCredit":false},{"lineNumber":9,"author":{"gitId":"E1356231"},"content":"meeting","lastModifiedDate":"2026-01-22T16:23:03","isFullCredit":false},{"lineNumber":10,"author":{"gitId":"E1356231"},"content":"03-jan-26","lastModifiedDate":"2026-01-22T16:23:03","isFullCredit":false},{"lineNumber":11,"author":{"gitId":"E1356231"},"content":"0900","lastModifiedDate":"2026-01-22T16:23:03","isFullCredit":false},{"lineNumber":12,"author":{"gitId":"E1356231"},"content":"03-jan-26","lastModifiedDate":"2026-01-22T16:23:03","isFullCredit":false},{"lineNumber":13,"author":{"gitId":"E1356231"},"content":"1230","lastModifiedDate":"2026-01-22T16:23:03","isFullCredit":false},{"lineNumber":14,"author":{"gitId":"E1356231"},"content":"done","lastModifiedDate":"2026-01-22T16:23:03","isFullCredit":false},{"lineNumber":15,"author":{"gitId":"E1356231"},"content":"tasks","lastModifiedDate":"2026-01-22T16:23:03","isFullCredit":false},{"lineNumber":16,"author":{"gitId":"E1356231"},"content":"mark","lastModifiedDate":"2026-01-22T16:23:03","isFullCredit":false},{"lineNumber":17,"author":{"gitId":"E1356231"},"content":"3","lastModifiedDate":"2026-01-22T16:23:03","isFullCredit":false},{"lineNumber":18,"author":{"gitId":"E1356231"},"content":"mark","lastModifiedDate":"2026-01-22T16:23:03","isFullCredit":false},{"lineNumber":19,"author":{"gitId":"E1356231"},"content":"2","lastModifiedDate":"2026-01-22T16:23:03","isFullCredit":false},{"lineNumber":20,"author":{"gitId":"E1356231"},"content":"unmark","lastModifiedDate":"2026-01-22T16:23:03","isFullCredit":false},{"lineNumber":21,"author":{"gitId":"E1356231"},"content":"3","lastModifiedDate":"2026-01-22T16:23:03","isFullCredit":false},{"lineNumber":22,"author":{"gitId":"E1356231"},"content":"tasks","lastModifiedDate":"2026-01-22T16:23:03","isFullCredit":false},{"lineNumber":23,"author":{"gitId":"E1356231"},"content":"bye","lastModifiedDate":"2026-01-22T16:23:03","isFullCredit":false}],"authorContributionMap":{"E1356231":23}},{"path":"text-ui-test/runtest.bat","fileType":"bat","lines":[{"lineNumber":1,"author":{"gitId":"-"},"content":"@ECHO OFF","lastModifiedDate":"2020-05-25T00:03:55","isFullCredit":false},{"lineNumber":2,"author":{"gitId":"-"},"content":"","lastModifiedDate":"2020-05-25T00:03:55","isFullCredit":false},{"lineNumber":3,"author":{"gitId":"-"},"content":"REM create bin directory if it doesn\u0027t exist","lastModifiedDate":"2020-05-25T00:03:55","isFullCredit":false},{"lineNumber":4,"author":{"gitId":"-"},"content":"if not exist ..\\bin mkdir ..\\bin","lastModifiedDate":"2020-05-25T00:03:55","isFullCredit":false},{"lineNumber":5,"author":{"gitId":"-"},"content":"","lastModifiedDate":"2020-05-25T00:03:55","isFullCredit":false},{"lineNumber":6,"author":{"gitId":"-"},"content":"REM delete output from previous run","lastModifiedDate":"2020-05-25T00:03:55","isFullCredit":false},{"lineNumber":7,"author":{"gitId":"-"},"content":"if exist ACTUAL.TXT del ACTUAL.TXT","lastModifiedDate":"2020-08-25T17:23:26","isFullCredit":false},{"lineNumber":8,"author":{"gitId":"-"},"content":"","lastModifiedDate":"2020-05-25T00:03:55","isFullCredit":false},{"lineNumber":9,"author":{"gitId":"-"},"content":"REM compile the code into the bin folder","lastModifiedDate":"2020-05-25T00:03:55","isFullCredit":false},{"lineNumber":10,"author":{"gitId":"E1356231"},"content":"\"C:\\Users\\rache\\.jdks\\openjdk-25.0.2\\bin\\javac.exe\" -Xlint:none -d ..\\bin ..\\src\\main\\java\\*.java","lastModifiedDate":"2026-01-22T16:23:03","isFullCredit":false},{"lineNumber":11,"author":{"gitId":"-"},"content":"IF ERRORLEVEL 1 (","lastModifiedDate":"2020-05-25T00:03:55","isFullCredit":false},{"lineNumber":12,"author":{"gitId":"-"},"content":"    echo ********** BUILD FAILURE **********","lastModifiedDate":"2020-05-25T00:03:55","isFullCredit":false},{"lineNumber":13,"author":{"gitId":"-"},"content":"    exit /b 1","lastModifiedDate":"2020-05-25T00:03:55","isFullCredit":false},{"lineNumber":14,"author":{"gitId":"-"},"content":")","lastModifiedDate":"2020-05-25T00:03:55","isFullCredit":false},{"lineNumber":15,"author":{"gitId":"-"},"content":"REM no error here, errorlevel \u003d\u003d 0","lastModifiedDate":"2020-05-25T00:03:55","isFullCredit":false},{"lineNumber":16,"author":{"gitId":"-"},"content":"","lastModifiedDate":"2020-05-25T00:03:55","isFullCredit":false},{"lineNumber":17,"author":{"gitId":"-"},"content":"REM run the program, feed commands from input.txt file and redirect the output to the ACTUAL.TXT","lastModifiedDate":"2020-05-25T00:03:55","isFullCredit":false},{"lineNumber":18,"author":{"gitId":"E1356231"},"content":"\"C:\\Users\\rache\\.jdks\\openjdk-25.0.2\\bin\\java.exe\" -cp ..\\bin Bob \u003c input.txt \u003e ACTUAL.TXT","lastModifiedDate":"2026-01-22T16:23:03","isFullCredit":false},{"lineNumber":19,"author":{"gitId":"-"},"content":"","lastModifiedDate":"2020-05-25T00:03:55","isFullCredit":false},{"lineNumber":20,"author":{"gitId":"-"},"content":"REM compare the output to the expected output","lastModifiedDate":"2020-05-25T00:03:55","isFullCredit":false},{"lineNumber":21,"author":{"gitId":"-"},"content":"FC ACTUAL.TXT EXPECTED.TXT","lastModifiedDate":"2020-05-25T00:03:55","isFullCredit":false}],"authorContributionMap":{"E1356231":2,"-":19}}]
