{"authorDailyContributionsMap":{"cedarglass":[{"date":"2026-01-22T00:00:00","commitResults":[{"hash":"ca5a4d6da742e5ea3599bed3c8de4f2cf342f0cb","isMergeCommit":false,"messageTitle":"instantiated skeletal version of chatbot","messageBody":"","tags":["Level-0"],"fileTypesAndContributionMap":{"java":{"insertions":7,"deletions":10}}},{"hash":"352ef2fa29983ad14997aafc16732a0ee3ec8427","isMergeCommit":false,"messageTitle":"updated chatbot behaviour to repeat commands","messageBody":"","tags":["Level-1"],"fileTypesAndContributionMap":{"java":{"insertions":29,"deletions":3}}},{"hash":"39762f0cdc5cfe5e04c9a5f4ebcbba2fad493a16","isMergeCommit":false,"messageTitle":"updated chatbot to store temporary messages and list when needed","messageBody":"","tags":["Level-2"],"fileTypesAndContributionMap":{"java":{"insertions":19,"deletions":3}}},{"hash":"468e8dbc7310b85690c99dbb1c15f12e705c74fc","isMergeCommit":false,"messageTitle":"updated chatbot to mark and unmark tasks as done","messageBody":"","tags":["Level-3"],"fileTypesAndContributionMap":{"java":{"insertions":78,"deletions":4}}},{"hash":"d883f01859d0abb37fdd640df52624b2313a439a","isMergeCommit":false,"messageTitle":"updated task classification","messageBody":"","tags":["Level-4"],"fileTypesAndContributionMap":{"java":{"insertions":107,"deletions":11}}}]}]},"authorFileTypeContributionMap":{"cedarglass":{"java":219,"md":0,"fxml":0,"sh":0,"bat":0,"gradle":0,"txt":0}},"authorContributionVariance":{"cedarglass":4871.0864},"authorDisplayNameMap":{"cedarglass":"CHOO.. ZHE"}}
