[{"path":"src/main/java/tobtahc/Main.java","fileType":"java","lines":[{"lineNumber":1,"author":{"gitId":"coder114514"},"content":"package tobtahc;","lastModifiedDate":"2026-01-26T10:44:00","isFullCredit":false},{"lineNumber":2,"author":{"gitId":"coder114514"},"content":"","lastModifiedDate":"2026-01-26T10:44:00","isFullCredit":false},{"lineNumber":3,"author":{"gitId":"coder114514"},"content":"import java.util.ArrayList;","lastModifiedDate":"2026-01-26T10:25:12","isFullCredit":false},{"lineNumber":4,"author":{"gitId":"coder114514"},"content":"import java.util.Scanner;","lastModifiedDate":"2026-01-26T10:44:56","isFullCredit":false},{"lineNumber":5,"author":{"gitId":"coder114514"},"content":"import java.util.regex.Pattern;","lastModifiedDate":"2026-01-26T13:39:19","isFullCredit":false},{"lineNumber":6,"author":{"gitId":"coder114514"},"content":"","lastModifiedDate":"2026-01-26T03:57:59","isFullCredit":false},{"lineNumber":7,"author":{"gitId":"coder114514"},"content":"import tobtahc.exceptions.NotATask;","lastModifiedDate":"2026-01-26T18:17:57","isFullCredit":false},{"lineNumber":8,"author":{"gitId":"coder114514"},"content":"import tobtahc.exceptions.TaskParseError;","lastModifiedDate":"2026-01-26T18:17:57","isFullCredit":false},{"lineNumber":9,"author":{"gitId":"coder114514"},"content":"import tobtahc.task.Task;","lastModifiedDate":"2026-01-26T17:16:54","isFullCredit":false},{"lineNumber":10,"author":{"gitId":"coder114514"},"content":"","lastModifiedDate":"2026-01-26T17:16:54","isFullCredit":false},{"lineNumber":11,"author":{"gitId":"coder114514"},"content":"/**","lastModifiedDate":"2026-01-26T22:36:24","isFullCredit":false},{"lineNumber":12,"author":{"gitId":"coder114514"},"content":" * The main program.","lastModifiedDate":"2026-01-26T22:36:24","isFullCredit":false},{"lineNumber":13,"author":{"gitId":"coder114514"},"content":" */","lastModifiedDate":"2026-01-26T22:36:24","isFullCredit":false},{"lineNumber":14,"author":{"gitId":"coder114514"},"content":"public class Main {","lastModifiedDate":"2026-01-26T13:39:19","isFullCredit":false},{"lineNumber":15,"author":{"gitId":"coder114514"},"content":"    /** The pattern for matching the commands. The \\s* before the number makes it more forgiving. */","lastModifiedDate":"2026-01-27T22:02:05","isFullCredit":false},{"lineNumber":16,"author":{"gitId":"coder114514"},"content":"    private static final Pattern PATTERN_MARK_UNMARK \u003d Pattern.compile(\"^(?:un)?mark\\\\s*([0-9]+)\\\\s*$\");","lastModifiedDate":"2026-01-27T22:02:05","isFullCredit":false},{"lineNumber":17,"author":{"gitId":"coder114514"},"content":"    private static final Pattern PATTERN_DELETE \u003d Pattern.compile(\"^delete\\\\s*([0-9]+)\\\\s*$\");","lastModifiedDate":"2026-01-27T22:02:05","isFullCredit":false},{"lineNumber":18,"author":{"gitId":"coder114514"},"content":"","lastModifiedDate":"2026-01-27T22:02:05","isFullCredit":false},{"lineNumber":19,"author":{"gitId":"coder114514"},"content":"    /**","lastModifiedDate":"2026-01-26T22:36:24","isFullCredit":false},{"lineNumber":20,"author":{"gitId":"coder114514"},"content":"     * The main program.","lastModifiedDate":"2026-01-26T22:36:24","isFullCredit":false},{"lineNumber":21,"author":{"gitId":"coder114514"},"content":"     *","lastModifiedDate":"2026-01-26T22:36:24","isFullCredit":false},{"lineNumber":22,"author":{"gitId":"coder114514"},"content":"     * @param args The command line args passed to the program.","lastModifiedDate":"2026-01-26T22:36:24","isFullCredit":false},{"lineNumber":23,"author":{"gitId":"coder114514"},"content":"     */","lastModifiedDate":"2026-01-26T22:36:24","isFullCredit":false},{"lineNumber":24,"author":{"gitId":"coder114514"},"content":"    public static void main(String[] args) {","lastModifiedDate":"2026-01-26T03:34:15","isFullCredit":false},{"lineNumber":25,"author":{"gitId":"coder114514"},"content":"        chatIntro();","lastModifiedDate":"2026-01-26T03:57:59","isFullCredit":false},{"lineNumber":26,"author":{"gitId":"coder114514"},"content":"","lastModifiedDate":"2026-01-26T03:57:59","isFullCredit":false},{"lineNumber":27,"author":{"gitId":"coder114514"},"content":"        int rng \u003d 0;","lastModifiedDate":"2026-01-26T17:16:54","isFullCredit":false},{"lineNumber":28,"author":{"gitId":"coder114514"},"content":"        boolean endByEof \u003d false;","lastModifiedDate":"2026-01-26T17:16:54","isFullCredit":false},{"lineNumber":29,"author":{"gitId":"coder114514"},"content":"        var tasks \u003d new ArrayList\u003cTask\u003e();","lastModifiedDate":"2026-01-26T17:16:54","isFullCredit":false},{"lineNumber":30,"author":{"gitId":"coder114514"},"content":"        var scanner \u003d new Scanner(System.in);","lastModifiedDate":"2026-01-26T03:57:59","isFullCredit":false},{"lineNumber":31,"author":{"gitId":"coder114514"},"content":"","lastModifiedDate":"2026-01-26T13:39:19","isFullCredit":false},{"lineNumber":32,"author":{"gitId":"coder114514"},"content":"        for (;;) {","lastModifiedDate":"2026-01-26T03:57:59","isFullCredit":false},{"lineNumber":33,"author":{"gitId":"coder114514"},"content":"            if (!scanner.hasNextLine()) {","lastModifiedDate":"2026-01-26T17:16:54","isFullCredit":false},{"lineNumber":34,"author":{"gitId":"coder114514"},"content":"                endByEof \u003d true;","lastModifiedDate":"2026-01-26T17:16:54","isFullCredit":false},{"lineNumber":35,"author":{"gitId":"coder114514"},"content":"                break;","lastModifiedDate":"2026-01-26T17:16:54","isFullCredit":false},{"lineNumber":36,"author":{"gitId":"coder114514"},"content":"            }","lastModifiedDate":"2026-01-26T17:16:54","isFullCredit":false},{"lineNumber":37,"author":{"gitId":"coder114514"},"content":"","lastModifiedDate":"2026-01-26T17:16:54","isFullCredit":false},{"lineNumber":38,"author":{"gitId":"coder114514"},"content":"            var input \u003d scanner.nextLine();","lastModifiedDate":"2026-01-26T03:57:59","isFullCredit":false},{"lineNumber":39,"author":{"gitId":"coder114514"},"content":"","lastModifiedDate":"2026-01-26T13:39:19","isFullCredit":false},{"lineNumber":40,"author":{"gitId":"coder114514"},"content":"            if (input.equals(\"bye\")) {","lastModifiedDate":"2026-01-26T03:57:59","isFullCredit":false},{"lineNumber":41,"author":{"gitId":"coder114514"},"content":"                break;","lastModifiedDate":"2026-01-26T03:57:59","isFullCredit":false},{"lineNumber":42,"author":{"gitId":"coder114514"},"content":"            }","lastModifiedDate":"2026-01-26T03:57:59","isFullCredit":false},{"lineNumber":43,"author":{"gitId":"coder114514"},"content":"","lastModifiedDate":"2026-01-26T13:39:19","isFullCredit":false},{"lineNumber":44,"author":{"gitId":"coder114514"},"content":"            rng \u003d Utils.nextRng(rng, input.hashCode());","lastModifiedDate":"2026-01-26T17:16:54","isFullCredit":false},{"lineNumber":45,"author":{"gitId":"coder114514"},"content":"","lastModifiedDate":"2026-01-26T17:16:54","isFullCredit":false},{"lineNumber":46,"author":{"gitId":"coder114514"},"content":"            if (input.equals(\"list\")) {","lastModifiedDate":"2026-01-26T10:25:12","isFullCredit":false},{"lineNumber":47,"author":{"gitId":"coder114514"},"content":"                botMessageSep();","lastModifiedDate":"2026-01-26T10:25:12","isFullCredit":false},{"lineNumber":48,"author":{"gitId":"coder114514"},"content":"                botMessageLine(String.format(\"You have %s tasks in your list:\",","lastModifiedDate":"2026-01-26T17:16:54","isFullCredit":false},{"lineNumber":49,"author":{"gitId":"coder114514"},"content":"                        tasks.size()));","lastModifiedDate":"2026-01-26T17:16:54","isFullCredit":false},{"lineNumber":50,"author":{"gitId":"coder114514"},"content":"                if (tasks.size() \u003d\u003d 0) {","lastModifiedDate":"2026-01-26T17:16:54","isFullCredit":false},{"lineNumber":51,"author":{"gitId":"coder114514"},"content":"                    botMessageLine(\"(empty)\");","lastModifiedDate":"2026-01-26T10:25:12","isFullCredit":false},{"lineNumber":52,"author":{"gitId":"coder114514"},"content":"                }","lastModifiedDate":"2026-01-26T10:25:12","isFullCredit":false},{"lineNumber":53,"author":{"gitId":"coder114514"},"content":"                for (int i \u003d 0; i \u003c tasks.size(); ++i) {","lastModifiedDate":"2026-01-26T17:16:54","isFullCredit":false},{"lineNumber":54,"author":{"gitId":"coder114514"},"content":"                    botMessageLine(String.format(\"%s.%s\", i + 1, tasks.get(i)));","lastModifiedDate":"2026-01-26T17:16:54","isFullCredit":false},{"lineNumber":55,"author":{"gitId":"coder114514"},"content":"                }","lastModifiedDate":"2026-01-26T13:39:19","isFullCredit":false},{"lineNumber":56,"author":{"gitId":"coder114514"},"content":"                botMessageSep();","lastModifiedDate":"2026-01-26T13:39:19","isFullCredit":false},{"lineNumber":57,"author":{"gitId":"coder114514"},"content":"                continue;","lastModifiedDate":"2026-01-26T13:39:19","isFullCredit":false},{"lineNumber":58,"author":{"gitId":"coder114514"},"content":"            }","lastModifiedDate":"2026-01-26T13:39:19","isFullCredit":false},{"lineNumber":59,"author":{"gitId":"coder114514"},"content":"","lastModifiedDate":"2026-01-26T13:39:19","isFullCredit":false},{"lineNumber":60,"author":{"gitId":"coder114514"},"content":"            var matcherMarkUnmark \u003d PATTERN_MARK_UNMARK.matcher(input);","lastModifiedDate":"2026-01-27T22:02:05","isFullCredit":false},{"lineNumber":61,"author":{"gitId":"coder114514"},"content":"","lastModifiedDate":"2026-01-26T13:39:19","isFullCredit":false},{"lineNumber":62,"author":{"gitId":"coder114514"},"content":"            if (matcherMarkUnmark.find()) {","lastModifiedDate":"2026-01-26T13:39:19","isFullCredit":false},{"lineNumber":63,"author":{"gitId":"coder114514"},"content":"                var indexString \u003d matcherMarkUnmark.group(1);","lastModifiedDate":"2026-01-26T13:39:19","isFullCredit":false},{"lineNumber":64,"author":{"gitId":"coder114514"},"content":"                int index;","lastModifiedDate":"2026-01-27T22:02:05","isFullCredit":false},{"lineNumber":65,"author":{"gitId":"coder114514"},"content":"                try {","lastModifiedDate":"2026-01-27T22:02:05","isFullCredit":false},{"lineNumber":66,"author":{"gitId":"coder114514"},"content":"                    index \u003d Integer.parseInt(indexString) - 1;","lastModifiedDate":"2026-01-27T22:02:05","isFullCredit":false},{"lineNumber":67,"author":{"gitId":"coder114514"},"content":"                } catch (NumberFormatException e) {","lastModifiedDate":"2026-01-27T22:02:05","isFullCredit":false},{"lineNumber":68,"author":{"gitId":"coder114514"},"content":"                    botMessageSep();","lastModifiedDate":"2026-01-27T22:02:05","isFullCredit":false},{"lineNumber":69,"author":{"gitId":"coder114514"},"content":"                    botMessageLine(\"Ksat eht dnif ton dluoc TobTahc!\");","lastModifiedDate":"2026-01-27T22:02:05","isFullCredit":false},{"lineNumber":70,"author":{"gitId":"coder114514"},"content":"                    botMessageSep();","lastModifiedDate":"2026-01-27T22:02:05","isFullCredit":false},{"lineNumber":71,"author":{"gitId":"coder114514"},"content":"                    continue;","lastModifiedDate":"2026-01-27T22:02:05","isFullCredit":false},{"lineNumber":72,"author":{"gitId":"coder114514"},"content":"                }","lastModifiedDate":"2026-01-27T22:02:05","isFullCredit":false},{"lineNumber":73,"author":{"gitId":"coder114514"},"content":"                if (index \u003c 0 || index \u003e\u003d tasks.size()) {","lastModifiedDate":"2026-01-26T17:16:54","isFullCredit":false},{"lineNumber":74,"author":{"gitId":"coder114514"},"content":"                    botMessageSep();","lastModifiedDate":"2026-01-26T13:39:19","isFullCredit":false},{"lineNumber":75,"author":{"gitId":"coder114514"},"content":"                    botMessageLine(\"Ksat eht dnif ton dluoc TobTahc!\");","lastModifiedDate":"2026-01-26T13:39:19","isFullCredit":false},{"lineNumber":76,"author":{"gitId":"coder114514"},"content":"                    botMessageSep();","lastModifiedDate":"2026-01-26T13:39:19","isFullCredit":false},{"lineNumber":77,"author":{"gitId":"coder114514"},"content":"                    continue;","lastModifiedDate":"2026-01-26T13:39:19","isFullCredit":false},{"lineNumber":78,"author":{"gitId":"coder114514"},"content":"                }","lastModifiedDate":"2026-01-26T10:25:12","isFullCredit":false},{"lineNumber":79,"author":{"gitId":"coder114514"},"content":"                var task \u003d tasks.get(index);","lastModifiedDate":"2026-01-26T17:16:54","isFullCredit":false},{"lineNumber":80,"author":{"gitId":"coder114514"},"content":"                if (input.charAt(0) \u003d\u003d \u0027m\u0027) {","lastModifiedDate":"2026-01-26T13:39:19","isFullCredit":false},{"lineNumber":81,"author":{"gitId":"coder114514"},"content":"                    task.markAsDone();","lastModifiedDate":"2026-01-26T13:39:19","isFullCredit":false},{"lineNumber":82,"author":{"gitId":"coder114514"},"content":"                    botMessageSep();","lastModifiedDate":"2026-01-26T10:25:12","isFullCredit":false},{"lineNumber":83,"author":{"gitId":"coder114514"},"content":"                    botMessageLine(\"Task marked as enod!\");","lastModifiedDate":"2026-01-26T13:39:19","isFullCredit":false},{"lineNumber":84,"author":{"gitId":"coder114514"},"content":"                    botMessageLine(\"  \" + task);","lastModifiedDate":"2026-01-26T13:39:19","isFullCredit":false},{"lineNumber":85,"author":{"gitId":"coder114514"},"content":"                    botMessageSep();","lastModifiedDate":"2026-01-26T13:39:19","isFullCredit":false},{"lineNumber":86,"author":{"gitId":"coder114514"},"content":"                } else {","lastModifiedDate":"2026-01-26T13:39:19","isFullCredit":false},{"lineNumber":87,"author":{"gitId":"coder114514"},"content":"                    task.markAsUndone();","lastModifiedDate":"2026-01-26T13:39:19","isFullCredit":false},{"lineNumber":88,"author":{"gitId":"coder114514"},"content":"                    botMessageSep();","lastModifiedDate":"2026-01-26T13:39:19","isFullCredit":false},{"lineNumber":89,"author":{"gitId":"coder114514"},"content":"                    botMessageLine(\"Task marked as enodnu!\");","lastModifiedDate":"2026-01-26T13:39:19","isFullCredit":false},{"lineNumber":90,"author":{"gitId":"coder114514"},"content":"                    botMessageLine(\"  \" + task);","lastModifiedDate":"2026-01-26T13:39:19","isFullCredit":false},{"lineNumber":91,"author":{"gitId":"coder114514"},"content":"                    botMessageSep();","lastModifiedDate":"2026-01-26T13:39:19","isFullCredit":false},{"lineNumber":92,"author":{"gitId":"coder114514"},"content":"                }","lastModifiedDate":"2026-01-26T13:39:19","isFullCredit":false},{"lineNumber":93,"author":{"gitId":"coder114514"},"content":"                continue;","lastModifiedDate":"2026-01-26T10:25:12","isFullCredit":false},{"lineNumber":94,"author":{"gitId":"coder114514"},"content":"            } else if (input.startsWith(\"mark\") || input.startsWith(\"unmark\")) {","lastModifiedDate":"2026-01-26T21:41:51","isFullCredit":false},{"lineNumber":95,"author":{"gitId":"coder114514"},"content":"                botMessageSep();","lastModifiedDate":"2026-01-26T21:41:51","isFullCredit":false},{"lineNumber":96,"author":{"gitId":"coder114514"},"content":"                botMessageLine(\"Syntax error! Correct syntax:\");","lastModifiedDate":"2026-01-26T21:41:51","isFullCredit":false},{"lineNumber":97,"author":{"gitId":"coder114514"},"content":"                botMessageLine(\"  mark \u003cno\u003e or unmark \u003cno\u003e\");","lastModifiedDate":"2026-01-26T21:41:51","isFullCredit":false},{"lineNumber":98,"author":{"gitId":"coder114514"},"content":"                botMessageSep();","lastModifiedDate":"2026-01-26T21:41:51","isFullCredit":false},{"lineNumber":99,"author":{"gitId":"coder114514"},"content":"                continue;","lastModifiedDate":"2026-01-26T21:41:51","isFullCredit":false},{"lineNumber":100,"author":{"gitId":"coder114514"},"content":"            }","lastModifiedDate":"2026-01-26T10:25:12","isFullCredit":false},{"lineNumber":101,"author":{"gitId":"coder114514"},"content":"","lastModifiedDate":"2026-01-26T13:39:19","isFullCredit":false},{"lineNumber":102,"author":{"gitId":"coder114514"},"content":"            var matcherDelete \u003d PATTERN_DELETE.matcher(input);","lastModifiedDate":"2026-01-27T22:02:05","isFullCredit":false},{"lineNumber":103,"author":{"gitId":"coder114514"},"content":"","lastModifiedDate":"2026-01-26T21:38:59","isFullCredit":false},{"lineNumber":104,"author":{"gitId":"coder114514"},"content":"            if (matcherDelete.find()) {","lastModifiedDate":"2026-01-26T21:38:59","isFullCredit":false},{"lineNumber":105,"author":{"gitId":"coder114514"},"content":"                var indexString \u003d matcherDelete.group(1);","lastModifiedDate":"2026-01-26T21:38:59","isFullCredit":false},{"lineNumber":106,"author":{"gitId":"coder114514"},"content":"                int index;","lastModifiedDate":"2026-01-27T22:02:05","isFullCredit":false},{"lineNumber":107,"author":{"gitId":"coder114514"},"content":"                try {","lastModifiedDate":"2026-01-27T22:02:05","isFullCredit":false},{"lineNumber":108,"author":{"gitId":"coder114514"},"content":"                    index \u003d Integer.parseInt(indexString) - 1;","lastModifiedDate":"2026-01-27T22:02:05","isFullCredit":false},{"lineNumber":109,"author":{"gitId":"coder114514"},"content":"                } catch (NumberFormatException e) {","lastModifiedDate":"2026-01-27T22:02:05","isFullCredit":false},{"lineNumber":110,"author":{"gitId":"coder114514"},"content":"                    botMessageSep();","lastModifiedDate":"2026-01-26T21:38:59","isFullCredit":false},{"lineNumber":111,"author":{"gitId":"coder114514"},"content":"                    botMessageLine(\"Ksat eht dnif ton dluoc TobTahc!\");","lastModifiedDate":"2026-01-26T21:38:59","isFullCredit":false},{"lineNumber":112,"author":{"gitId":"coder114514"},"content":"                    botMessageSep();","lastModifiedDate":"2026-01-28T02:55:40","isFullCredit":false},{"lineNumber":113,"author":{"gitId":"coder114514"},"content":"                    continue;","lastModifiedDate":"2026-01-28T02:55:40","isFullCredit":false},{"lineNumber":114,"author":{"gitId":"coder114514"},"content":"                }","lastModifiedDate":"2026-01-28T02:55:40","isFullCredit":false},{"lineNumber":115,"author":{"gitId":"coder114514"},"content":"                if (index \u003c 0 || index \u003e\u003d tasks.size()) {","lastModifiedDate":"2026-01-28T02:55:40","isFullCredit":false},{"lineNumber":116,"author":{"gitId":"coder114514"},"content":"                    botMessageSep();","lastModifiedDate":"2026-01-28T02:55:40","isFullCredit":false},{"lineNumber":117,"author":{"gitId":"coder114514"},"content":"                    botMessageLine(\"Ksat eht dnif ton dluoc TobTahc!\");","lastModifiedDate":"2026-01-28T02:55:40","isFullCredit":false},{"lineNumber":118,"author":{"gitId":"coder114514"},"content":"                    botMessageSep();","lastModifiedDate":"2026-01-26T21:38:59","isFullCredit":false},{"lineNumber":119,"author":{"gitId":"coder114514"},"content":"                    continue;","lastModifiedDate":"2026-01-26T21:38:59","isFullCredit":false},{"lineNumber":120,"author":{"gitId":"coder114514"},"content":"                }","lastModifiedDate":"2026-01-26T21:38:59","isFullCredit":false},{"lineNumber":121,"author":{"gitId":"coder114514"},"content":"                var task \u003d tasks.get(index);","lastModifiedDate":"2026-01-26T21:38:59","isFullCredit":false},{"lineNumber":122,"author":{"gitId":"coder114514"},"content":"                tasks.remove(index);","lastModifiedDate":"2026-01-26T21:38:59","isFullCredit":false},{"lineNumber":123,"author":{"gitId":"coder114514"},"content":"                botMessageSep();","lastModifiedDate":"2026-01-26T21:38:59","isFullCredit":false},{"lineNumber":124,"author":{"gitId":"coder114514"},"content":"                if (task.isDone()) {","lastModifiedDate":"2026-01-26T21:38:59","isFullCredit":false},{"lineNumber":125,"author":{"gitId":"coder114514"},"content":"                    botMessageLine(\"Ksat removed!\");","lastModifiedDate":"2026-01-26T21:38:59","isFullCredit":false},{"lineNumber":126,"author":{"gitId":"coder114514"},"content":"                } else {","lastModifiedDate":"2026-01-26T21:38:59","isFullCredit":false},{"lineNumber":127,"author":{"gitId":"coder114514"},"content":"                    botMessageLine(\"Task removed, but still UNDONE!\");","lastModifiedDate":"2026-01-26T21:38:59","isFullCredit":false},{"lineNumber":128,"author":{"gitId":"coder114514"},"content":"                }","lastModifiedDate":"2026-01-26T21:38:59","isFullCredit":false},{"lineNumber":129,"author":{"gitId":"coder114514"},"content":"                botMessageLine(\"  \" + task);","lastModifiedDate":"2026-01-26T21:38:59","isFullCredit":false},{"lineNumber":130,"author":{"gitId":"coder114514"},"content":"                botMessageLine(String.format(\"Now you have %s tasks in the list.\",","lastModifiedDate":"2026-01-26T21:38:59","isFullCredit":false},{"lineNumber":131,"author":{"gitId":"coder114514"},"content":"                        tasks.size()));","lastModifiedDate":"2026-01-26T21:38:59","isFullCredit":false},{"lineNumber":132,"author":{"gitId":"coder114514"},"content":"                botMessageSep();","lastModifiedDate":"2026-01-26T21:38:59","isFullCredit":false},{"lineNumber":133,"author":{"gitId":"coder114514"},"content":"                continue;","lastModifiedDate":"2026-01-26T21:38:59","isFullCredit":false},{"lineNumber":134,"author":{"gitId":"coder114514"},"content":"            } else if (input.startsWith(\"delete\")) {","lastModifiedDate":"2026-01-26T21:38:59","isFullCredit":false},{"lineNumber":135,"author":{"gitId":"coder114514"},"content":"                botMessageSep();","lastModifiedDate":"2026-01-26T21:38:59","isFullCredit":false},{"lineNumber":136,"author":{"gitId":"coder114514"},"content":"                botMessageLine(\"Syntax error! Correct syntax:\");","lastModifiedDate":"2026-01-26T21:38:59","isFullCredit":false},{"lineNumber":137,"author":{"gitId":"coder114514"},"content":"                botMessageLine(\"  delete \u003cno\u003e\");","lastModifiedDate":"2026-01-26T21:38:59","isFullCredit":false},{"lineNumber":138,"author":{"gitId":"coder114514"},"content":"                botMessageSep();","lastModifiedDate":"2026-01-26T21:38:59","isFullCredit":false},{"lineNumber":139,"author":{"gitId":"coder114514"},"content":"                continue;","lastModifiedDate":"2026-01-26T21:38:59","isFullCredit":false},{"lineNumber":140,"author":{"gitId":"coder114514"},"content":"            }","lastModifiedDate":"2026-01-26T21:38:59","isFullCredit":false},{"lineNumber":141,"author":{"gitId":"coder114514"},"content":"","lastModifiedDate":"2026-01-26T21:38:59","isFullCredit":false},{"lineNumber":142,"author":{"gitId":"coder114514"},"content":"            try {","lastModifiedDate":"2026-01-26T18:17:57","isFullCredit":false},{"lineNumber":143,"author":{"gitId":"coder114514"},"content":"                var task \u003d Task.parseTask(input);","lastModifiedDate":"2026-01-26T17:16:54","isFullCredit":false},{"lineNumber":144,"author":{"gitId":"coder114514"},"content":"                tasks.add(task);","lastModifiedDate":"2026-01-26T17:16:54","isFullCredit":false},{"lineNumber":145,"author":{"gitId":"coder114514"},"content":"                botMessageSep();","lastModifiedDate":"2026-01-26T17:16:54","isFullCredit":false},{"lineNumber":146,"author":{"gitId":"coder114514"},"content":"                if (rng % 4 \u003d\u003d 0) {","lastModifiedDate":"2026-01-26T17:16:54","isFullCredit":false},{"lineNumber":147,"author":{"gitId":"coder114514"},"content":"                    botMessageLine(\"Ti tog!\");","lastModifiedDate":"2026-01-26T17:16:54","isFullCredit":false},{"lineNumber":148,"author":{"gitId":"coder114514"},"content":"                    botMessageLine(\"  dedda ksat: \" + task.getDescription());","lastModifiedDate":"2026-01-26T17:16:54","isFullCredit":false},{"lineNumber":149,"author":{"gitId":"coder114514"},"content":"                    botMessageLine(String.format(\"Tsil eht ni sksat %s evah uoy now.\",","lastModifiedDate":"2026-01-26T17:16:54","isFullCredit":false},{"lineNumber":150,"author":{"gitId":"coder114514"},"content":"                            tasks.size()));","lastModifiedDate":"2026-01-26T17:16:54","isFullCredit":false},{"lineNumber":151,"author":{"gitId":"coder114514"},"content":"                } else {","lastModifiedDate":"2026-01-26T17:16:54","isFullCredit":false},{"lineNumber":152,"author":{"gitId":"coder114514"},"content":"                    botMessageLine(\"Got it!\");","lastModifiedDate":"2026-01-26T17:16:54","isFullCredit":false},{"lineNumber":153,"author":{"gitId":"coder114514"},"content":"                    botMessageLine(\"  task added: \" + task.getDescription());","lastModifiedDate":"2026-01-26T17:16:54","isFullCredit":false},{"lineNumber":154,"author":{"gitId":"coder114514"},"content":"                    botMessageLine(String.format(\"Now you have %s tasks in the list.\",","lastModifiedDate":"2026-01-26T17:16:54","isFullCredit":false},{"lineNumber":155,"author":{"gitId":"coder114514"},"content":"                            tasks.size()));","lastModifiedDate":"2026-01-26T17:16:54","isFullCredit":false},{"lineNumber":156,"author":{"gitId":"coder114514"},"content":"                }","lastModifiedDate":"2026-01-26T17:16:54","isFullCredit":false},{"lineNumber":157,"author":{"gitId":"coder114514"},"content":"                botMessageSep();","lastModifiedDate":"2026-01-26T17:16:54","isFullCredit":false},{"lineNumber":158,"author":{"gitId":"coder114514"},"content":"","lastModifiedDate":"2026-01-26T18:17:57","isFullCredit":false},{"lineNumber":159,"author":{"gitId":"coder114514"},"content":"            } catch (TaskParseError e) {","lastModifiedDate":"2026-01-26T18:17:57","isFullCredit":false},{"lineNumber":160,"author":{"gitId":"coder114514"},"content":"                botMessageSep();","lastModifiedDate":"2026-01-26T18:17:57","isFullCredit":false},{"lineNumber":161,"author":{"gitId":"coder114514"},"content":"                botMessageLine(\"Syntax error! Correct syntax:\");","lastModifiedDate":"2026-01-26T18:17:57","isFullCredit":false},{"lineNumber":162,"author":{"gitId":"coder114514"},"content":"                switch (e.getTaskType()) {","lastModifiedDate":"2026-01-26T18:17:57","isFullCredit":false},{"lineNumber":163,"author":{"gitId":"coder114514"},"content":"                case TODO:","lastModifiedDate":"2026-01-26T21:55:48","isFullCredit":false},{"lineNumber":164,"author":{"gitId":"coder114514"},"content":"                    botMessageLine(\"  todo \u003ctask\u003e\");","lastModifiedDate":"2026-01-26T18:17:57","isFullCredit":false},{"lineNumber":165,"author":{"gitId":"coder114514"},"content":"                    break;","lastModifiedDate":"2026-01-26T18:17:57","isFullCredit":false},{"lineNumber":166,"author":{"gitId":"coder114514"},"content":"                case DEADLINE:","lastModifiedDate":"2026-01-26T21:55:48","isFullCredit":false},{"lineNumber":167,"author":{"gitId":"coder114514"},"content":"                    botMessageLine(\"  deadline \u003ctask\u003e /by \u003ctime\u003e\");","lastModifiedDate":"2026-01-26T18:17:57","isFullCredit":false},{"lineNumber":168,"author":{"gitId":"coder114514"},"content":"                    break;","lastModifiedDate":"2026-01-26T18:17:57","isFullCredit":false},{"lineNumber":169,"author":{"gitId":"coder114514"},"content":"                case EVENT:","lastModifiedDate":"2026-01-26T21:55:48","isFullCredit":false},{"lineNumber":170,"author":{"gitId":"coder114514"},"content":"                    botMessageLine(\"  event \u003ctask\u003e /from \u003ctime\u003e /to \u003ctime\u003e\");","lastModifiedDate":"2026-01-26T18:17:57","isFullCredit":false},{"lineNumber":171,"author":{"gitId":"coder114514"},"content":"                    break;","lastModifiedDate":"2026-01-26T18:17:57","isFullCredit":false},{"lineNumber":172,"author":{"gitId":"coder114514"},"content":"                }","lastModifiedDate":"2026-01-26T17:16:54","isFullCredit":false},{"lineNumber":173,"author":{"gitId":"coder114514"},"content":"                botMessageSep();","lastModifiedDate":"2026-01-26T18:17:57","isFullCredit":false},{"lineNumber":174,"author":{"gitId":"coder114514"},"content":"","lastModifiedDate":"2026-01-26T17:16:54","isFullCredit":false},{"lineNumber":175,"author":{"gitId":"coder114514"},"content":"            } catch (NotATask e) {","lastModifiedDate":"2026-01-26T18:17:57","isFullCredit":false},{"lineNumber":176,"author":{"gitId":"coder114514"},"content":"                botMessageSep();","lastModifiedDate":"2026-01-26T10:25:12","isFullCredit":false},{"lineNumber":177,"author":{"gitId":"coder114514"},"content":"                if (rng % 4 \u003d\u003d 0) {","lastModifiedDate":"2026-01-26T17:16:54","isFullCredit":false},{"lineNumber":178,"author":{"gitId":"coder114514"},"content":"                    botMessageLine(\"ohce: \" + input);","lastModifiedDate":"2026-01-26T17:16:54","isFullCredit":false},{"lineNumber":179,"author":{"gitId":"coder114514"},"content":"                } else {","lastModifiedDate":"2026-01-26T10:25:12","isFullCredit":false},{"lineNumber":180,"author":{"gitId":"coder114514"},"content":"                    botMessageLine(\"echo: \" + input);","lastModifiedDate":"2026-01-26T17:16:54","isFullCredit":false},{"lineNumber":181,"author":{"gitId":"coder114514"},"content":"                }","lastModifiedDate":"2026-01-26T10:25:12","isFullCredit":false},{"lineNumber":182,"author":{"gitId":"coder114514"},"content":"                botMessageSep();","lastModifiedDate":"2026-01-26T10:25:12","isFullCredit":false},{"lineNumber":183,"author":{"gitId":"coder114514"},"content":"            }","lastModifiedDate":"2026-01-26T03:57:59","isFullCredit":false},{"lineNumber":184,"author":{"gitId":"coder114514"},"content":"        }","lastModifiedDate":"2026-01-26T18:17:57","isFullCredit":false},{"lineNumber":185,"author":{"gitId":"coder114514"},"content":"","lastModifiedDate":"2026-01-26T03:57:59","isFullCredit":false},{"lineNumber":186,"author":{"gitId":"coder114514"},"content":"        chatBye(endByEof);","lastModifiedDate":"2026-01-26T17:16:54","isFullCredit":false},{"lineNumber":187,"author":{"gitId":"coder114514"},"content":"        scanner.close();","lastModifiedDate":"2026-01-26T03:57:59","isFullCredit":false},{"lineNumber":188,"author":{"gitId":"coder114514"},"content":"    }","lastModifiedDate":"2026-01-26T03:57:59","isFullCredit":false},{"lineNumber":189,"author":{"gitId":"coder114514"},"content":"","lastModifiedDate":"2026-01-26T03:57:59","isFullCredit":false},{"lineNumber":190,"author":{"gitId":"coder114514"},"content":"    /**","lastModifiedDate":"2026-01-26T22:36:24","isFullCredit":false},{"lineNumber":191,"author":{"gitId":"coder114514"},"content":"     * A helper for displaying the bot\u0027s response with an indentation.","lastModifiedDate":"2026-01-26T22:36:24","isFullCredit":false},{"lineNumber":192,"author":{"gitId":"coder114514"},"content":"     * When called with no arguments, it just outputs a newline.","lastModifiedDate":"2026-01-26T22:36:24","isFullCredit":false},{"lineNumber":193,"author":{"gitId":"coder114514"},"content":"     */","lastModifiedDate":"2026-01-26T22:36:24","isFullCredit":false},{"lineNumber":194,"author":{"gitId":"coder114514"},"content":"    public static void botMessageLine() {","lastModifiedDate":"2026-01-26T03:57:59","isFullCredit":false},{"lineNumber":195,"author":{"gitId":"coder114514"},"content":"        System.out.println();","lastModifiedDate":"2026-01-26T03:57:59","isFullCredit":false},{"lineNumber":196,"author":{"gitId":"coder114514"},"content":"    }","lastModifiedDate":"2026-01-26T03:57:59","isFullCredit":false},{"lineNumber":197,"author":{"gitId":"coder114514"},"content":"","lastModifiedDate":"2026-01-26T03:57:59","isFullCredit":false},{"lineNumber":198,"author":{"gitId":"coder114514"},"content":"    /**","lastModifiedDate":"2026-01-26T22:36:24","isFullCredit":false},{"lineNumber":199,"author":{"gitId":"coder114514"},"content":"     * A helper for displaying the bot\u0027s response with an indentation.","lastModifiedDate":"2026-01-26T22:36:24","isFullCredit":false},{"lineNumber":200,"author":{"gitId":"coder114514"},"content":"     *","lastModifiedDate":"2026-01-26T22:36:24","isFullCredit":false},{"lineNumber":201,"author":{"gitId":"coder114514"},"content":"     * @param message The message to display.","lastModifiedDate":"2026-01-26T22:36:24","isFullCredit":false},{"lineNumber":202,"author":{"gitId":"coder114514"},"content":"     */","lastModifiedDate":"2026-01-26T22:36:24","isFullCredit":false},{"lineNumber":203,"author":{"gitId":"coder114514"},"content":"    public static void botMessageLine(String message) {","lastModifiedDate":"2026-01-26T22:36:24","isFullCredit":false},{"lineNumber":204,"author":{"gitId":"coder114514"},"content":"        System.out.println(\"    \" + message);","lastModifiedDate":"2026-01-26T22:36:24","isFullCredit":false},{"lineNumber":205,"author":{"gitId":"coder114514"},"content":"    }","lastModifiedDate":"2026-01-26T03:57:59","isFullCredit":false},{"lineNumber":206,"author":{"gitId":"coder114514"},"content":"","lastModifiedDate":"2026-01-26T03:57:59","isFullCredit":false},{"lineNumber":207,"author":{"gitId":"coder114514"},"content":"    /**","lastModifiedDate":"2026-01-26T22:36:24","isFullCredit":false},{"lineNumber":208,"author":{"gitId":"coder114514"},"content":"     * A helper for displaying the separator line.","lastModifiedDate":"2026-01-26T22:36:24","isFullCredit":false},{"lineNumber":209,"author":{"gitId":"coder114514"},"content":"     */","lastModifiedDate":"2026-01-26T22:36:24","isFullCredit":false},{"lineNumber":210,"author":{"gitId":"coder114514"},"content":"    public static void botMessageSep() {","lastModifiedDate":"2026-01-26T10:25:12","isFullCredit":false},{"lineNumber":211,"author":{"gitId":"coder114514"},"content":"        botMessageLine(\"___________________________________________________________________\\n\");","lastModifiedDate":"2026-01-26T10:25:12","isFullCredit":false},{"lineNumber":212,"author":{"gitId":"coder114514"},"content":"    }","lastModifiedDate":"2026-01-26T10:25:12","isFullCredit":false},{"lineNumber":213,"author":{"gitId":"coder114514"},"content":"","lastModifiedDate":"2026-01-26T10:25:12","isFullCredit":false},{"lineNumber":214,"author":{"gitId":"coder114514"},"content":"    /**","lastModifiedDate":"2026-01-26T22:36:24","isFullCredit":false},{"lineNumber":215,"author":{"gitId":"coder114514"},"content":"     * A helper for displaying the intro message.","lastModifiedDate":"2026-01-26T22:36:24","isFullCredit":false},{"lineNumber":216,"author":{"gitId":"coder114514"},"content":"     */","lastModifiedDate":"2026-01-26T22:36:24","isFullCredit":false},{"lineNumber":217,"author":{"gitId":"coder114514"},"content":"    public static void chatIntro() {","lastModifiedDate":"2026-01-26T03:57:59","isFullCredit":false},{"lineNumber":218,"author":{"gitId":"coder114514"},"content":"        botMessageSep();","lastModifiedDate":"2026-01-26T10:25:12","isFullCredit":false},{"lineNumber":219,"author":{"gitId":"coder114514"},"content":"        botMessageLine(\"Hello! I\u0027m TobTahc. Tob tahc a ma I.\");","lastModifiedDate":"2026-01-26T03:57:59","isFullCredit":false},{"lineNumber":220,"author":{"gitId":"coder114514"},"content":"        botMessageLine(\"What can I do for you?\");","lastModifiedDate":"2026-01-26T03:57:59","isFullCredit":false},{"lineNumber":221,"author":{"gitId":"coder114514"},"content":"        botMessageSep();","lastModifiedDate":"2026-01-26T10:25:12","isFullCredit":false},{"lineNumber":222,"author":{"gitId":"coder114514"},"content":"        botMessageLine();","lastModifiedDate":"2026-01-26T03:57:59","isFullCredit":false},{"lineNumber":223,"author":{"gitId":"coder114514"},"content":"    }","lastModifiedDate":"2026-01-26T03:57:59","isFullCredit":false},{"lineNumber":224,"author":{"gitId":"coder114514"},"content":"","lastModifiedDate":"2026-01-26T03:57:59","isFullCredit":false},{"lineNumber":225,"author":{"gitId":"coder114514"},"content":"    /**","lastModifiedDate":"2026-01-26T22:36:24","isFullCredit":false},{"lineNumber":226,"author":{"gitId":"coder114514"},"content":"     * A helper for displaying the bye message.","lastModifiedDate":"2026-01-26T22:36:24","isFullCredit":false},{"lineNumber":227,"author":{"gitId":"coder114514"},"content":"     *","lastModifiedDate":"2026-01-26T22:36:24","isFullCredit":false},{"lineNumber":228,"author":{"gitId":"coder114514"},"content":"     * @param endByEof If the chat is ended by an EOF instead of the user input \u0027bye\u0027,","lastModifiedDate":"2026-01-28T02:55:55","isFullCredit":false},{"lineNumber":229,"author":{"gitId":"coder114514"},"content":"     * display an info message.","lastModifiedDate":"2026-01-28T02:55:55","isFullCredit":false},{"lineNumber":230,"author":{"gitId":"coder114514"},"content":"     */","lastModifiedDate":"2026-01-26T22:36:24","isFullCredit":false},{"lineNumber":231,"author":{"gitId":"coder114514"},"content":"    public static void chatBye(boolean endByEof) {","lastModifiedDate":"2026-01-26T17:16:54","isFullCredit":false},{"lineNumber":232,"author":{"gitId":"coder114514"},"content":"        botMessageSep();","lastModifiedDate":"2026-01-26T10:25:12","isFullCredit":false},{"lineNumber":233,"author":{"gitId":"coder114514"},"content":"        if (endByEof) {","lastModifiedDate":"2026-01-26T17:16:54","isFullCredit":false},{"lineNumber":234,"author":{"gitId":"coder114514"},"content":"            botMessageLine(\"EOF DETECTED! Remember to say \u0027bye\u0027 next time!\");","lastModifiedDate":"2026-01-26T17:16:54","isFullCredit":false},{"lineNumber":235,"author":{"gitId":"coder114514"},"content":"        }","lastModifiedDate":"2026-01-26T17:16:54","isFullCredit":false},{"lineNumber":236,"author":{"gitId":"coder114514"},"content":"        botMessageLine(\"Noos niaga uoy ees ot epoh! Eyb.\");","lastModifiedDate":"2026-01-26T03:57:59","isFullCredit":false},{"lineNumber":237,"author":{"gitId":"coder114514"},"content":"        botMessageSep();","lastModifiedDate":"2026-01-26T10:25:12","isFullCredit":false},{"lineNumber":238,"author":{"gitId":"coder114514"},"content":"    }","lastModifiedDate":"2026-01-26T03:34:15","isFullCredit":false},{"lineNumber":239,"author":{"gitId":"coder114514"},"content":"}","lastModifiedDate":"2026-01-26T03:34:15","isFullCredit":false}],"authorContributionMap":{"coder114514":239}},{"path":"src/main/java/tobtahc/Utils.java","fileType":"java","lines":[{"lineNumber":1,"author":{"gitId":"coder114514"},"content":"package tobtahc;","lastModifiedDate":"2026-01-26T17:16:54","isFullCredit":false},{"lineNumber":2,"author":{"gitId":"coder114514"},"content":"","lastModifiedDate":"2026-01-26T17:16:54","isFullCredit":false},{"lineNumber":3,"author":{"gitId":"coder114514"},"content":"/**","lastModifiedDate":"2026-01-26T22:36:24","isFullCredit":false},{"lineNumber":4,"author":{"gitId":"coder114514"},"content":" * This class contains some utilities.","lastModifiedDate":"2026-01-26T22:36:24","isFullCredit":false},{"lineNumber":5,"author":{"gitId":"coder114514"},"content":" */","lastModifiedDate":"2026-01-26T22:36:24","isFullCredit":false},{"lineNumber":6,"author":{"gitId":"coder114514"},"content":"class Utils {","lastModifiedDate":"2026-01-26T17:16:54","isFullCredit":false},{"lineNumber":7,"author":{"gitId":"coder114514"},"content":"    /**","lastModifiedDate":"2026-01-26T22:36:24","isFullCredit":false},{"lineNumber":8,"author":{"gitId":"coder114514"},"content":"     * Update the RNG with inc.","lastModifiedDate":"2026-01-26T22:36:24","isFullCredit":false},{"lineNumber":9,"author":{"gitId":"coder114514"},"content":"     *","lastModifiedDate":"2026-01-26T22:36:24","isFullCredit":false},{"lineNumber":10,"author":{"gitId":"coder114514"},"content":"     * @param cur Current RNG.","lastModifiedDate":"2026-01-26T22:36:24","isFullCredit":false},{"lineNumber":11,"author":{"gitId":"coder114514"},"content":"     * @param inc The incremental value.","lastModifiedDate":"2026-01-26T22:36:24","isFullCredit":false},{"lineNumber":12,"author":{"gitId":"coder114514"},"content":"     * @return New RNG.","lastModifiedDate":"2026-01-26T22:36:24","isFullCredit":false},{"lineNumber":13,"author":{"gitId":"coder114514"},"content":"     */","lastModifiedDate":"2026-01-26T22:36:24","isFullCredit":false},{"lineNumber":14,"author":{"gitId":"coder114514"},"content":"    public static int nextRng(long cur, long inc) {","lastModifiedDate":"2026-01-26T17:16:54","isFullCredit":false},{"lineNumber":15,"author":{"gitId":"coder114514"},"content":"        var mul \u003d ((22695477L * cur) \u0026 ((1L \u003c\u003c 31) - 1));","lastModifiedDate":"2026-01-26T17:16:54","isFullCredit":false},{"lineNumber":16,"author":{"gitId":"coder114514"},"content":"        return (int)((mul + inc) \u0026 ((1L \u003c\u003c 31) - 1));","lastModifiedDate":"2026-01-26T17:16:54","isFullCredit":false},{"lineNumber":17,"author":{"gitId":"coder114514"},"content":"    }","lastModifiedDate":"2026-01-26T17:16:54","isFullCredit":false},{"lineNumber":18,"author":{"gitId":"coder114514"},"content":"}","lastModifiedDate":"2026-01-26T17:16:54","isFullCredit":false}],"authorContributionMap":{"coder114514":18}},{"path":"src/main/java/tobtahc/exceptions/NotATask.java","fileType":"java","lines":[{"lineNumber":1,"author":{"gitId":"coder114514"},"content":"package tobtahc.exceptions;","lastModifiedDate":"2026-01-26T18:17:57","isFullCredit":false},{"lineNumber":2,"author":{"gitId":"coder114514"},"content":"","lastModifiedDate":"2026-01-26T18:17:57","isFullCredit":false},{"lineNumber":3,"author":{"gitId":"coder114514"},"content":"/**","lastModifiedDate":"2026-01-26T22:36:24","isFullCredit":false},{"lineNumber":4,"author":{"gitId":"coder114514"},"content":" * Is thrown when the input is not a task.","lastModifiedDate":"2026-01-26T22:36:24","isFullCredit":false},{"lineNumber":5,"author":{"gitId":"coder114514"},"content":" */","lastModifiedDate":"2026-01-26T22:36:24","isFullCredit":false},{"lineNumber":6,"author":{"gitId":"coder114514"},"content":"public class NotATask extends TobTahcException {","lastModifiedDate":"2026-01-26T18:17:57","isFullCredit":false},{"lineNumber":7,"author":{"gitId":"coder114514"},"content":"}","lastModifiedDate":"2026-01-26T18:17:57","isFullCredit":false}],"authorContributionMap":{"coder114514":7}},{"path":"src/main/java/tobtahc/exceptions/TaskParseError.java","fileType":"java","lines":[{"lineNumber":1,"author":{"gitId":"coder114514"},"content":"package tobtahc.exceptions;","lastModifiedDate":"2026-01-26T18:17:57","isFullCredit":false},{"lineNumber":2,"author":{"gitId":"coder114514"},"content":"","lastModifiedDate":"2026-01-26T18:17:57","isFullCredit":false},{"lineNumber":3,"author":{"gitId":"coder114514"},"content":"import tobtahc.task.TaskType;","lastModifiedDate":"2026-01-26T18:17:57","isFullCredit":false},{"lineNumber":4,"author":{"gitId":"coder114514"},"content":"","lastModifiedDate":"2026-01-26T18:17:57","isFullCredit":false},{"lineNumber":5,"author":{"gitId":"coder114514"},"content":"/**","lastModifiedDate":"2026-01-26T22:36:24","isFullCredit":false},{"lineNumber":6,"author":{"gitId":"coder114514"},"content":" * Is thrown when the input is supposed to be a task but in wrong syntax.","lastModifiedDate":"2026-01-26T22:36:24","isFullCredit":false},{"lineNumber":7,"author":{"gitId":"coder114514"},"content":" */","lastModifiedDate":"2026-01-26T22:36:24","isFullCredit":false},{"lineNumber":8,"author":{"gitId":"coder114514"},"content":"public class TaskParseError extends TobTahcException {","lastModifiedDate":"2026-01-26T18:17:57","isFullCredit":false},{"lineNumber":9,"author":{"gitId":"coder114514"},"content":"    private TaskType type;","lastModifiedDate":"2026-01-26T18:17:57","isFullCredit":false},{"lineNumber":10,"author":{"gitId":"coder114514"},"content":"","lastModifiedDate":"2026-01-26T18:17:57","isFullCredit":false},{"lineNumber":11,"author":{"gitId":"coder114514"},"content":"    /**","lastModifiedDate":"2026-01-26T22:36:24","isFullCredit":false},{"lineNumber":12,"author":{"gitId":"coder114514"},"content":"     * @param type The type of the task.","lastModifiedDate":"2026-01-27T22:02:05","isFullCredit":false},{"lineNumber":13,"author":{"gitId":"coder114514"},"content":"     */","lastModifiedDate":"2026-01-26T22:36:24","isFullCredit":false},{"lineNumber":14,"author":{"gitId":"coder114514"},"content":"    public TaskParseError(TaskType type) {","lastModifiedDate":"2026-01-26T18:17:57","isFullCredit":false},{"lineNumber":15,"author":{"gitId":"coder114514"},"content":"        this.type \u003d type;","lastModifiedDate":"2026-01-26T18:17:57","isFullCredit":false},{"lineNumber":16,"author":{"gitId":"coder114514"},"content":"    }","lastModifiedDate":"2026-01-26T18:17:57","isFullCredit":false},{"lineNumber":17,"author":{"gitId":"coder114514"},"content":"","lastModifiedDate":"2026-01-26T18:17:57","isFullCredit":false},{"lineNumber":18,"author":{"gitId":"coder114514"},"content":"    public TaskType getTaskType() {","lastModifiedDate":"2026-01-26T18:17:57","isFullCredit":false},{"lineNumber":19,"author":{"gitId":"coder114514"},"content":"        return type;","lastModifiedDate":"2026-01-26T22:01:52","isFullCredit":false},{"lineNumber":20,"author":{"gitId":"coder114514"},"content":"    }","lastModifiedDate":"2026-01-26T18:17:57","isFullCredit":false},{"lineNumber":21,"author":{"gitId":"coder114514"},"content":"}","lastModifiedDate":"2026-01-26T18:17:57","isFullCredit":false}],"authorContributionMap":{"coder114514":21}},{"path":"src/main/java/tobtahc/exceptions/TobTahcException.java","fileType":"java","lines":[{"lineNumber":1,"author":{"gitId":"coder114514"},"content":"package tobtahc.exceptions;","lastModifiedDate":"2026-01-26T18:17:57","isFullCredit":false},{"lineNumber":2,"author":{"gitId":"coder114514"},"content":"","lastModifiedDate":"2026-01-26T18:17:57","isFullCredit":false},{"lineNumber":3,"author":{"gitId":"coder114514"},"content":"/**","lastModifiedDate":"2026-01-26T22:36:24","isFullCredit":false},{"lineNumber":4,"author":{"gitId":"coder114514"},"content":" * The base class for all TobTahc related exceptions.","lastModifiedDate":"2026-01-26T22:36:24","isFullCredit":false},{"lineNumber":5,"author":{"gitId":"coder114514"},"content":" */","lastModifiedDate":"2026-01-26T22:36:24","isFullCredit":false},{"lineNumber":6,"author":{"gitId":"coder114514"},"content":"public class TobTahcException extends Exception {","lastModifiedDate":"2026-01-26T18:17:57","isFullCredit":false},{"lineNumber":7,"author":{"gitId":"coder114514"},"content":"}","lastModifiedDate":"2026-01-26T18:17:57","isFullCredit":false}],"authorContributionMap":{"coder114514":7}},{"path":"src/main/java/tobtahc/task/Deadline.java","fileType":"java","lines":[{"lineNumber":1,"author":{"gitId":"coder114514"},"content":"package tobtahc.task;","lastModifiedDate":"2026-01-26T17:16:54","isFullCredit":false},{"lineNumber":2,"author":{"gitId":"coder114514"},"content":"","lastModifiedDate":"2026-01-26T17:16:54","isFullCredit":false},{"lineNumber":3,"author":{"gitId":"coder114514"},"content":"/**","lastModifiedDate":"2026-01-26T22:36:24","isFullCredit":false},{"lineNumber":4,"author":{"gitId":"coder114514"},"content":" * Implements the Deadline task.","lastModifiedDate":"2026-01-26T22:36:24","isFullCredit":false},{"lineNumber":5,"author":{"gitId":"coder114514"},"content":" */","lastModifiedDate":"2026-01-26T22:36:24","isFullCredit":false},{"lineNumber":6,"author":{"gitId":"coder114514"},"content":"public class Deadline extends Task {","lastModifiedDate":"2026-01-26T17:16:54","isFullCredit":false},{"lineNumber":7,"author":{"gitId":"coder114514"},"content":"    private String deadline;","lastModifiedDate":"2026-01-26T17:16:54","isFullCredit":false},{"lineNumber":8,"author":{"gitId":"coder114514"},"content":"","lastModifiedDate":"2026-01-26T17:16:54","isFullCredit":false},{"lineNumber":9,"author":{"gitId":"coder114514"},"content":"    /**","lastModifiedDate":"2026-01-26T22:36:24","isFullCredit":false},{"lineNumber":10,"author":{"gitId":"coder114514"},"content":"     * @param description Task description.","lastModifiedDate":"2026-01-26T22:36:24","isFullCredit":false},{"lineNumber":11,"author":{"gitId":"coder114514"},"content":"     * @param deadline The deadline of the task.","lastModifiedDate":"2026-01-26T22:36:24","isFullCredit":false},{"lineNumber":12,"author":{"gitId":"coder114514"},"content":"     */","lastModifiedDate":"2026-01-26T22:36:24","isFullCredit":false},{"lineNumber":13,"author":{"gitId":"coder114514"},"content":"    public Deadline(String description, String deadline) {","lastModifiedDate":"2026-01-26T17:16:54","isFullCredit":false},{"lineNumber":14,"author":{"gitId":"coder114514"},"content":"        super(description);","lastModifiedDate":"2026-01-26T17:16:54","isFullCredit":false},{"lineNumber":15,"author":{"gitId":"coder114514"},"content":"        this.deadline \u003d deadline;","lastModifiedDate":"2026-01-26T17:16:54","isFullCredit":false},{"lineNumber":16,"author":{"gitId":"coder114514"},"content":"    }","lastModifiedDate":"2026-01-26T17:16:54","isFullCredit":false},{"lineNumber":17,"author":{"gitId":"coder114514"},"content":"","lastModifiedDate":"2026-01-26T17:16:54","isFullCredit":false},{"lineNumber":18,"author":{"gitId":"coder114514"},"content":"    @Override","lastModifiedDate":"2026-01-26T17:16:54","isFullCredit":false},{"lineNumber":19,"author":{"gitId":"coder114514"},"content":"    public String getDescription() {","lastModifiedDate":"2026-01-26T17:16:54","isFullCredit":false},{"lineNumber":20,"author":{"gitId":"coder114514"},"content":"        return String.format(\"%s (by: %s)\",","lastModifiedDate":"2026-01-26T17:16:54","isFullCredit":false},{"lineNumber":21,"author":{"gitId":"coder114514"},"content":"                super.getDescription(), deadline);","lastModifiedDate":"2026-01-26T22:01:52","isFullCredit":false},{"lineNumber":22,"author":{"gitId":"coder114514"},"content":"    }","lastModifiedDate":"2026-01-26T17:16:54","isFullCredit":false},{"lineNumber":23,"author":{"gitId":"coder114514"},"content":"","lastModifiedDate":"2026-01-26T17:16:54","isFullCredit":false},{"lineNumber":24,"author":{"gitId":"coder114514"},"content":"    @Override","lastModifiedDate":"2026-01-26T17:16:54","isFullCredit":false},{"lineNumber":25,"author":{"gitId":"coder114514"},"content":"    public String getDescriptionWithStatus() {","lastModifiedDate":"2026-01-26T17:16:54","isFullCredit":false},{"lineNumber":26,"author":{"gitId":"coder114514"},"content":"        return \"[D]\" + super.getDescriptionWithStatus();","lastModifiedDate":"2026-01-26T17:16:54","isFullCredit":false},{"lineNumber":27,"author":{"gitId":"coder114514"},"content":"    }","lastModifiedDate":"2026-01-26T17:16:54","isFullCredit":false},{"lineNumber":28,"author":{"gitId":"coder114514"},"content":"}","lastModifiedDate":"2026-01-26T17:16:54","isFullCredit":false}],"authorContributionMap":{"coder114514":28}},{"path":"src/main/java/tobtahc/task/Event.java","fileType":"java","lines":[{"lineNumber":1,"author":{"gitId":"coder114514"},"content":"package tobtahc.task;","lastModifiedDate":"2026-01-26T17:16:54","isFullCredit":false},{"lineNumber":2,"author":{"gitId":"coder114514"},"content":"","lastModifiedDate":"2026-01-26T17:16:54","isFullCredit":false},{"lineNumber":3,"author":{"gitId":"coder114514"},"content":"/**","lastModifiedDate":"2026-01-26T22:36:24","isFullCredit":false},{"lineNumber":4,"author":{"gitId":"coder114514"},"content":" * Implements the Event task.","lastModifiedDate":"2026-01-26T22:36:24","isFullCredit":false},{"lineNumber":5,"author":{"gitId":"coder114514"},"content":" */","lastModifiedDate":"2026-01-26T22:36:24","isFullCredit":false},{"lineNumber":6,"author":{"gitId":"coder114514"},"content":"public class Event extends Task {","lastModifiedDate":"2026-01-26T17:16:54","isFullCredit":false},{"lineNumber":7,"author":{"gitId":"coder114514"},"content":"    private String from;","lastModifiedDate":"2026-01-26T17:16:54","isFullCredit":false},{"lineNumber":8,"author":{"gitId":"coder114514"},"content":"    private String to;","lastModifiedDate":"2026-01-26T17:16:54","isFullCredit":false},{"lineNumber":9,"author":{"gitId":"coder114514"},"content":"","lastModifiedDate":"2026-01-26T17:16:54","isFullCredit":false},{"lineNumber":10,"author":{"gitId":"coder114514"},"content":"    /**","lastModifiedDate":"2026-01-26T22:36:24","isFullCredit":false},{"lineNumber":11,"author":{"gitId":"coder114514"},"content":"     * @param description Task description.","lastModifiedDate":"2026-01-26T22:36:24","isFullCredit":false},{"lineNumber":12,"author":{"gitId":"coder114514"},"content":"     * @param from The starting time of the event.","lastModifiedDate":"2026-01-26T22:36:24","isFullCredit":false},{"lineNumber":13,"author":{"gitId":"coder114514"},"content":"     * @param to The ending time of the event.","lastModifiedDate":"2026-01-26T22:36:24","isFullCredit":false},{"lineNumber":14,"author":{"gitId":"coder114514"},"content":"     */","lastModifiedDate":"2026-01-26T22:36:24","isFullCredit":false},{"lineNumber":15,"author":{"gitId":"coder114514"},"content":"    public Event(String description, String from, String to) {","lastModifiedDate":"2026-01-26T17:16:54","isFullCredit":false},{"lineNumber":16,"author":{"gitId":"coder114514"},"content":"        super(description);","lastModifiedDate":"2026-01-26T17:16:54","isFullCredit":false},{"lineNumber":17,"author":{"gitId":"coder114514"},"content":"        this.from \u003d from;","lastModifiedDate":"2026-01-26T17:16:54","isFullCredit":false},{"lineNumber":18,"author":{"gitId":"coder114514"},"content":"        this.to \u003d to;","lastModifiedDate":"2026-01-26T17:16:54","isFullCredit":false},{"lineNumber":19,"author":{"gitId":"coder114514"},"content":"    }","lastModifiedDate":"2026-01-26T17:16:54","isFullCredit":false},{"lineNumber":20,"author":{"gitId":"coder114514"},"content":"","lastModifiedDate":"2026-01-26T17:16:54","isFullCredit":false},{"lineNumber":21,"author":{"gitId":"coder114514"},"content":"    @Override","lastModifiedDate":"2026-01-26T17:16:54","isFullCredit":false},{"lineNumber":22,"author":{"gitId":"coder114514"},"content":"    public String getDescription() {","lastModifiedDate":"2026-01-26T17:16:54","isFullCredit":false},{"lineNumber":23,"author":{"gitId":"coder114514"},"content":"        return String.format(\"%s (from: %s to: %s)\",","lastModifiedDate":"2026-01-26T17:16:54","isFullCredit":false},{"lineNumber":24,"author":{"gitId":"coder114514"},"content":"                super.getDescription(), from, to);","lastModifiedDate":"2026-01-26T22:01:52","isFullCredit":false},{"lineNumber":25,"author":{"gitId":"coder114514"},"content":"    }","lastModifiedDate":"2026-01-26T17:16:54","isFullCredit":false},{"lineNumber":26,"author":{"gitId":"coder114514"},"content":"","lastModifiedDate":"2026-01-26T17:16:54","isFullCredit":false},{"lineNumber":27,"author":{"gitId":"coder114514"},"content":"    @Override","lastModifiedDate":"2026-01-26T17:16:54","isFullCredit":false},{"lineNumber":28,"author":{"gitId":"coder114514"},"content":"    public String getDescriptionWithStatus() {","lastModifiedDate":"2026-01-26T17:16:54","isFullCredit":false},{"lineNumber":29,"author":{"gitId":"coder114514"},"content":"        return \"[E]\" + super.getDescriptionWithStatus();","lastModifiedDate":"2026-01-26T17:16:54","isFullCredit":false},{"lineNumber":30,"author":{"gitId":"coder114514"},"content":"    }","lastModifiedDate":"2026-01-26T17:16:54","isFullCredit":false},{"lineNumber":31,"author":{"gitId":"coder114514"},"content":"}","lastModifiedDate":"2026-01-26T17:16:54","isFullCredit":false}],"authorContributionMap":{"coder114514":31}},{"path":"src/main/java/tobtahc/task/Task.java","fileType":"java","lines":[{"lineNumber":1,"author":{"gitId":"coder114514"},"content":"package tobtahc.task;","lastModifiedDate":"2026-01-26T17:16:54","isFullCredit":false},{"lineNumber":2,"author":{"gitId":"coder114514"},"content":"","lastModifiedDate":"2026-01-26T17:16:54","isFullCredit":false},{"lineNumber":3,"author":{"gitId":"coder114514"},"content":"import java.util.regex.Pattern;","lastModifiedDate":"2026-01-26T17:16:54","isFullCredit":false},{"lineNumber":4,"author":{"gitId":"coder114514"},"content":"","lastModifiedDate":"2026-01-26T17:16:54","isFullCredit":false},{"lineNumber":5,"author":{"gitId":"coder114514"},"content":"import tobtahc.exceptions.NotATask;","lastModifiedDate":"2026-01-26T18:17:57","isFullCredit":false},{"lineNumber":6,"author":{"gitId":"coder114514"},"content":"import tobtahc.exceptions.TaskParseError;","lastModifiedDate":"2026-01-26T18:17:57","isFullCredit":false},{"lineNumber":7,"author":{"gitId":"coder114514"},"content":"","lastModifiedDate":"2026-01-26T18:17:57","isFullCredit":false},{"lineNumber":8,"author":{"gitId":"coder114514"},"content":"/**","lastModifiedDate":"2026-01-26T22:36:24","isFullCredit":false},{"lineNumber":9,"author":{"gitId":"coder114514"},"content":" * This is the base class for the three kinds of tasks.","lastModifiedDate":"2026-01-26T22:36:24","isFullCredit":false},{"lineNumber":10,"author":{"gitId":"coder114514"},"content":" * It implements the common behavior.","lastModifiedDate":"2026-01-26T22:36:24","isFullCredit":false},{"lineNumber":11,"author":{"gitId":"coder114514"},"content":" */","lastModifiedDate":"2026-01-26T22:36:24","isFullCredit":false},{"lineNumber":12,"author":{"gitId":"coder114514"},"content":"public abstract class Task {","lastModifiedDate":"2026-01-26T17:16:54","isFullCredit":false},{"lineNumber":13,"author":{"gitId":"coder114514"},"content":"    private static final Pattern PATTERN_TODO \u003d Pattern.compile(\"^todo (.+)\");","lastModifiedDate":"2026-01-27T22:02:05","isFullCredit":false},{"lineNumber":14,"author":{"gitId":"coder114514"},"content":"    private static final Pattern PATTERN_DEADLINE \u003d Pattern.compile(\"^deadline (.+)/by (.+)\");","lastModifiedDate":"2026-01-27T22:02:05","isFullCredit":false},{"lineNumber":15,"author":{"gitId":"coder114514"},"content":"    private static final Pattern PATTERN_EVENT \u003d Pattern.compile(\"^event (.+)/from (.+)/to (.+)\");","lastModifiedDate":"2026-01-27T22:02:05","isFullCredit":false},{"lineNumber":16,"author":{"gitId":"coder114514"},"content":"","lastModifiedDate":"2026-01-27T22:02:05","isFullCredit":false},{"lineNumber":17,"author":{"gitId":"coder114514"},"content":"    private String description;","lastModifiedDate":"2026-01-26T17:16:54","isFullCredit":false},{"lineNumber":18,"author":{"gitId":"coder114514"},"content":"    private boolean isDone;","lastModifiedDate":"2026-01-26T17:16:54","isFullCredit":false},{"lineNumber":19,"author":{"gitId":"coder114514"},"content":"","lastModifiedDate":"2026-01-26T17:16:54","isFullCredit":false},{"lineNumber":20,"author":{"gitId":"coder114514"},"content":"    /**","lastModifiedDate":"2026-01-26T22:36:24","isFullCredit":false},{"lineNumber":21,"author":{"gitId":"coder114514"},"content":"     * @param description Task description.","lastModifiedDate":"2026-01-26T22:36:24","isFullCredit":false},{"lineNumber":22,"author":{"gitId":"coder114514"},"content":"     */","lastModifiedDate":"2026-01-26T22:36:24","isFullCredit":false},{"lineNumber":23,"author":{"gitId":"coder114514"},"content":"    public Task(String description) {","lastModifiedDate":"2026-01-26T22:01:52","isFullCredit":false},{"lineNumber":24,"author":{"gitId":"coder114514"},"content":"        this.description \u003d description;","lastModifiedDate":"2026-01-26T22:01:52","isFullCredit":false},{"lineNumber":25,"author":{"gitId":"coder114514"},"content":"        isDone \u003d false;","lastModifiedDate":"2026-01-26T22:01:52","isFullCredit":false},{"lineNumber":26,"author":{"gitId":"coder114514"},"content":"    }","lastModifiedDate":"2026-01-26T22:01:52","isFullCredit":false},{"lineNumber":27,"author":{"gitId":"coder114514"},"content":"","lastModifiedDate":"2026-01-26T22:01:52","isFullCredit":false},{"lineNumber":28,"author":{"gitId":"coder114514"},"content":"    /**","lastModifiedDate":"2026-01-26T22:36:24","isFullCredit":false},{"lineNumber":29,"author":{"gitId":"coder114514"},"content":"     * Parses the user input to get the task.","lastModifiedDate":"2026-01-26T22:36:24","isFullCredit":false},{"lineNumber":30,"author":{"gitId":"coder114514"},"content":"     *","lastModifiedDate":"2026-01-26T22:36:24","isFullCredit":false},{"lineNumber":31,"author":{"gitId":"coder114514"},"content":"     * @param input User input.","lastModifiedDate":"2026-01-26T22:36:24","isFullCredit":false},{"lineNumber":32,"author":{"gitId":"coder114514"},"content":"     * @return Task object.","lastModifiedDate":"2026-01-26T22:36:24","isFullCredit":false},{"lineNumber":33,"author":{"gitId":"coder114514"},"content":"     * @throws NotATask if the input does not resemble a task at all.","lastModifiedDate":"2026-01-26T22:36:24","isFullCredit":false},{"lineNumber":34,"author":{"gitId":"coder114514"},"content":"     * @throws TaskParseError if the input resembles a task but is not in the correct syntax.","lastModifiedDate":"2026-01-28T02:55:55","isFullCredit":false},{"lineNumber":35,"author":{"gitId":"coder114514"},"content":"     */","lastModifiedDate":"2026-01-26T22:36:24","isFullCredit":false},{"lineNumber":36,"author":{"gitId":"coder114514"},"content":"    public static Task parseTask(String input) throws NotATask, TaskParseError {","lastModifiedDate":"2026-01-26T18:17:57","isFullCredit":false},{"lineNumber":37,"author":{"gitId":"coder114514"},"content":"        var matcherToDo \u003d PATTERN_TODO.matcher(input);","lastModifiedDate":"2026-01-27T22:02:05","isFullCredit":false},{"lineNumber":38,"author":{"gitId":"coder114514"},"content":"","lastModifiedDate":"2026-01-26T17:16:54","isFullCredit":false},{"lineNumber":39,"author":{"gitId":"coder114514"},"content":"        if (matcherToDo.find()) {","lastModifiedDate":"2026-01-26T17:16:54","isFullCredit":false},{"lineNumber":40,"author":{"gitId":"coder114514"},"content":"            var desc \u003d matcherToDo.group(1).trim();","lastModifiedDate":"2026-01-26T17:16:54","isFullCredit":false},{"lineNumber":41,"author":{"gitId":"coder114514"},"content":"            return new ToDo(desc);","lastModifiedDate":"2026-01-26T17:16:54","isFullCredit":false},{"lineNumber":42,"author":{"gitId":"coder114514"},"content":"        } else if (input.startsWith(\"todo\")) {","lastModifiedDate":"2026-01-26T18:17:57","isFullCredit":false},{"lineNumber":43,"author":{"gitId":"coder114514"},"content":"            throw new TaskParseError(TaskType.TODO);","lastModifiedDate":"2026-01-26T18:17:57","isFullCredit":false},{"lineNumber":44,"author":{"gitId":"coder114514"},"content":"        }","lastModifiedDate":"2026-01-26T17:16:54","isFullCredit":false},{"lineNumber":45,"author":{"gitId":"coder114514"},"content":"","lastModifiedDate":"2026-01-26T17:16:54","isFullCredit":false},{"lineNumber":46,"author":{"gitId":"coder114514"},"content":"        var matcherDeadline \u003d PATTERN_DEADLINE.matcher(input);","lastModifiedDate":"2026-01-27T22:02:05","isFullCredit":false},{"lineNumber":47,"author":{"gitId":"coder114514"},"content":"","lastModifiedDate":"2026-01-26T17:16:54","isFullCredit":false},{"lineNumber":48,"author":{"gitId":"coder114514"},"content":"        if (matcherDeadline.find()) {","lastModifiedDate":"2026-01-26T17:16:54","isFullCredit":false},{"lineNumber":49,"author":{"gitId":"coder114514"},"content":"            var desc \u003d matcherDeadline.group(1).trim();","lastModifiedDate":"2026-01-26T17:16:54","isFullCredit":false},{"lineNumber":50,"author":{"gitId":"coder114514"},"content":"            var deadline \u003d matcherDeadline.group(2).trim();","lastModifiedDate":"2026-01-26T17:16:54","isFullCredit":false},{"lineNumber":51,"author":{"gitId":"coder114514"},"content":"            return new Deadline(desc, deadline);","lastModifiedDate":"2026-01-26T17:16:54","isFullCredit":false},{"lineNumber":52,"author":{"gitId":"coder114514"},"content":"        } else if (input.startsWith(\"deadline\")) {","lastModifiedDate":"2026-01-26T18:17:57","isFullCredit":false},{"lineNumber":53,"author":{"gitId":"coder114514"},"content":"            throw new TaskParseError(TaskType.DEADLINE);","lastModifiedDate":"2026-01-26T18:17:57","isFullCredit":false},{"lineNumber":54,"author":{"gitId":"coder114514"},"content":"        }","lastModifiedDate":"2026-01-26T17:16:54","isFullCredit":false},{"lineNumber":55,"author":{"gitId":"coder114514"},"content":"","lastModifiedDate":"2026-01-26T17:16:54","isFullCredit":false},{"lineNumber":56,"author":{"gitId":"coder114514"},"content":"        var matcherEvent \u003d PATTERN_EVENT.matcher(input);","lastModifiedDate":"2026-01-27T22:02:05","isFullCredit":false},{"lineNumber":57,"author":{"gitId":"coder114514"},"content":"","lastModifiedDate":"2026-01-26T17:16:54","isFullCredit":false},{"lineNumber":58,"author":{"gitId":"coder114514"},"content":"        if (matcherEvent.find()) {","lastModifiedDate":"2026-01-26T17:16:54","isFullCredit":false},{"lineNumber":59,"author":{"gitId":"coder114514"},"content":"            var desc \u003d matcherEvent.group(1).trim();","lastModifiedDate":"2026-01-26T17:16:54","isFullCredit":false},{"lineNumber":60,"author":{"gitId":"coder114514"},"content":"            var from \u003d matcherEvent.group(2).trim();","lastModifiedDate":"2026-01-26T17:16:54","isFullCredit":false},{"lineNumber":61,"author":{"gitId":"coder114514"},"content":"            var to \u003d matcherEvent.group(3).trim();","lastModifiedDate":"2026-01-26T17:16:54","isFullCredit":false},{"lineNumber":62,"author":{"gitId":"coder114514"},"content":"            return new Event(desc, from, to);","lastModifiedDate":"2026-01-26T17:16:54","isFullCredit":false},{"lineNumber":63,"author":{"gitId":"coder114514"},"content":"        } else if (input.startsWith(\"event\")) {","lastModifiedDate":"2026-01-26T18:17:57","isFullCredit":false},{"lineNumber":64,"author":{"gitId":"coder114514"},"content":"            throw new TaskParseError(TaskType.EVENT);","lastModifiedDate":"2026-01-26T18:17:57","isFullCredit":false},{"lineNumber":65,"author":{"gitId":"coder114514"},"content":"        }","lastModifiedDate":"2026-01-26T17:16:54","isFullCredit":false},{"lineNumber":66,"author":{"gitId":"coder114514"},"content":"","lastModifiedDate":"2026-01-26T17:16:54","isFullCredit":false},{"lineNumber":67,"author":{"gitId":"coder114514"},"content":"        throw new NotATask();","lastModifiedDate":"2026-01-26T18:17:57","isFullCredit":false},{"lineNumber":68,"author":{"gitId":"coder114514"},"content":"    }","lastModifiedDate":"2026-01-26T17:16:54","isFullCredit":false},{"lineNumber":69,"author":{"gitId":"coder114514"},"content":"","lastModifiedDate":"2026-01-26T17:16:54","isFullCredit":false},{"lineNumber":70,"author":{"gitId":"coder114514"},"content":"    @Override","lastModifiedDate":"2026-01-26T17:16:54","isFullCredit":false},{"lineNumber":71,"author":{"gitId":"coder114514"},"content":"    public String toString() {","lastModifiedDate":"2026-01-26T17:16:54","isFullCredit":false},{"lineNumber":72,"author":{"gitId":"coder114514"},"content":"        return getDescriptionWithStatus();","lastModifiedDate":"2026-01-26T22:01:52","isFullCredit":false},{"lineNumber":73,"author":{"gitId":"coder114514"},"content":"    }","lastModifiedDate":"2026-01-26T17:16:54","isFullCredit":false},{"lineNumber":74,"author":{"gitId":"coder114514"},"content":"","lastModifiedDate":"2026-01-26T17:16:54","isFullCredit":false},{"lineNumber":75,"author":{"gitId":"coder114514"},"content":"    public String getDescription() {","lastModifiedDate":"2026-01-26T17:16:54","isFullCredit":false},{"lineNumber":76,"author":{"gitId":"coder114514"},"content":"        return description;","lastModifiedDate":"2026-01-26T22:01:52","isFullCredit":false},{"lineNumber":77,"author":{"gitId":"coder114514"},"content":"    }","lastModifiedDate":"2026-01-26T17:16:54","isFullCredit":false},{"lineNumber":78,"author":{"gitId":"coder114514"},"content":"","lastModifiedDate":"2026-01-26T17:16:54","isFullCredit":false},{"lineNumber":79,"author":{"gitId":"coder114514"},"content":"    /**","lastModifiedDate":"2026-01-26T22:36:24","isFullCredit":false},{"lineNumber":80,"author":{"gitId":"coder114514"},"content":"     * @return Return in the form of [X]description, which is treated as the string form of the task.","lastModifiedDate":"2026-01-26T22:36:24","isFullCredit":false},{"lineNumber":81,"author":{"gitId":"coder114514"},"content":"     */","lastModifiedDate":"2026-01-26T22:36:24","isFullCredit":false},{"lineNumber":82,"author":{"gitId":"coder114514"},"content":"    public String getDescriptionWithStatus() {","lastModifiedDate":"2026-01-26T17:16:54","isFullCredit":false},{"lineNumber":83,"author":{"gitId":"coder114514"},"content":"        return \"[\" + getStatusIcon() + \"] \" + getDescription();","lastModifiedDate":"2026-01-26T22:01:52","isFullCredit":false},{"lineNumber":84,"author":{"gitId":"coder114514"},"content":"    }","lastModifiedDate":"2026-01-26T17:16:54","isFullCredit":false},{"lineNumber":85,"author":{"gitId":"coder114514"},"content":"","lastModifiedDate":"2026-01-26T17:16:54","isFullCredit":false},{"lineNumber":86,"author":{"gitId":"coder114514"},"content":"    public boolean isDone() {","lastModifiedDate":"2026-01-26T17:16:54","isFullCredit":false},{"lineNumber":87,"author":{"gitId":"coder114514"},"content":"        return isDone;","lastModifiedDate":"2026-01-26T22:01:52","isFullCredit":false},{"lineNumber":88,"author":{"gitId":"coder114514"},"content":"    }","lastModifiedDate":"2026-01-26T17:16:54","isFullCredit":false},{"lineNumber":89,"author":{"gitId":"coder114514"},"content":"","lastModifiedDate":"2026-01-26T17:16:54","isFullCredit":false},{"lineNumber":90,"author":{"gitId":"coder114514"},"content":"    /**","lastModifiedDate":"2026-01-26T22:36:24","isFullCredit":false},{"lineNumber":91,"author":{"gitId":"coder114514"},"content":"     * @return Returns X if the task is done.","lastModifiedDate":"2026-01-26T22:36:24","isFullCredit":false},{"lineNumber":92,"author":{"gitId":"coder114514"},"content":"     */","lastModifiedDate":"2026-01-26T22:36:24","isFullCredit":false},{"lineNumber":93,"author":{"gitId":"coder114514"},"content":"    public String getStatusIcon() {","lastModifiedDate":"2026-01-26T17:16:54","isFullCredit":false},{"lineNumber":94,"author":{"gitId":"coder114514"},"content":"        return isDone() ? \"X\" : \" \";","lastModifiedDate":"2026-01-26T22:01:52","isFullCredit":false},{"lineNumber":95,"author":{"gitId":"coder114514"},"content":"    }","lastModifiedDate":"2026-01-26T17:16:54","isFullCredit":false},{"lineNumber":96,"author":{"gitId":"coder114514"},"content":"","lastModifiedDate":"2026-01-26T17:16:54","isFullCredit":false},{"lineNumber":97,"author":{"gitId":"coder114514"},"content":"    /**","lastModifiedDate":"2026-01-26T22:36:24","isFullCredit":false},{"lineNumber":98,"author":{"gitId":"coder114514"},"content":"     * Mark the task as done.","lastModifiedDate":"2026-01-26T22:36:24","isFullCredit":false},{"lineNumber":99,"author":{"gitId":"coder114514"},"content":"     */","lastModifiedDate":"2026-01-26T22:36:24","isFullCredit":false},{"lineNumber":100,"author":{"gitId":"coder114514"},"content":"    public void markAsDone() {","lastModifiedDate":"2026-01-26T17:16:54","isFullCredit":false},{"lineNumber":101,"author":{"gitId":"coder114514"},"content":"        isDone \u003d true;","lastModifiedDate":"2026-01-26T22:01:52","isFullCredit":false},{"lineNumber":102,"author":{"gitId":"coder114514"},"content":"    }","lastModifiedDate":"2026-01-26T17:16:54","isFullCredit":false},{"lineNumber":103,"author":{"gitId":"coder114514"},"content":"","lastModifiedDate":"2026-01-26T17:16:54","isFullCredit":false},{"lineNumber":104,"author":{"gitId":"coder114514"},"content":"    /**","lastModifiedDate":"2026-01-26T22:36:24","isFullCredit":false},{"lineNumber":105,"author":{"gitId":"coder114514"},"content":"     * Unmark the task.","lastModifiedDate":"2026-01-26T22:36:24","isFullCredit":false},{"lineNumber":106,"author":{"gitId":"coder114514"},"content":"     */","lastModifiedDate":"2026-01-26T22:36:24","isFullCredit":false},{"lineNumber":107,"author":{"gitId":"coder114514"},"content":"    public void markAsUndone() {","lastModifiedDate":"2026-01-26T17:16:54","isFullCredit":false},{"lineNumber":108,"author":{"gitId":"coder114514"},"content":"        isDone \u003d false;","lastModifiedDate":"2026-01-26T22:01:52","isFullCredit":false},{"lineNumber":109,"author":{"gitId":"coder114514"},"content":"    }","lastModifiedDate":"2026-01-26T17:16:54","isFullCredit":false},{"lineNumber":110,"author":{"gitId":"coder114514"},"content":"}","lastModifiedDate":"2026-01-26T17:16:54","isFullCredit":false}],"authorContributionMap":{"coder114514":110}},{"path":"src/main/java/tobtahc/task/TaskType.java","fileType":"java","lines":[{"lineNumber":1,"author":{"gitId":"coder114514"},"content":"package tobtahc.task;","lastModifiedDate":"2026-01-26T18:17:57","isFullCredit":false},{"lineNumber":2,"author":{"gitId":"coder114514"},"content":"","lastModifiedDate":"2026-01-26T18:17:57","isFullCredit":false},{"lineNumber":3,"author":{"gitId":"coder114514"},"content":"/**","lastModifiedDate":"2026-01-26T22:36:24","isFullCredit":false},{"lineNumber":4,"author":{"gitId":"coder114514"},"content":" * The types of tasks.","lastModifiedDate":"2026-01-26T22:36:24","isFullCredit":false},{"lineNumber":5,"author":{"gitId":"coder114514"},"content":" */","lastModifiedDate":"2026-01-26T22:36:24","isFullCredit":false},{"lineNumber":6,"author":{"gitId":"coder114514"},"content":"public enum TaskType {","lastModifiedDate":"2026-01-26T18:17:57","isFullCredit":false},{"lineNumber":7,"author":{"gitId":"coder114514"},"content":"    TODO,","lastModifiedDate":"2026-01-26T18:17:57","isFullCredit":false},{"lineNumber":8,"author":{"gitId":"coder114514"},"content":"    DEADLINE,","lastModifiedDate":"2026-01-26T18:17:57","isFullCredit":false},{"lineNumber":9,"author":{"gitId":"coder114514"},"content":"    EVENT,","lastModifiedDate":"2026-01-26T18:17:57","isFullCredit":false},{"lineNumber":10,"author":{"gitId":"coder114514"},"content":"}","lastModifiedDate":"2026-01-26T18:17:57","isFullCredit":false}],"authorContributionMap":{"coder114514":10}},{"path":"src/main/java/tobtahc/task/ToDo.java","fileType":"java","lines":[{"lineNumber":1,"author":{"gitId":"coder114514"},"content":"package tobtahc.task;","lastModifiedDate":"2026-01-26T17:16:54","isFullCredit":false},{"lineNumber":2,"author":{"gitId":"coder114514"},"content":"","lastModifiedDate":"2026-01-26T17:16:54","isFullCredit":false},{"lineNumber":3,"author":{"gitId":"coder114514"},"content":"/**","lastModifiedDate":"2026-01-26T22:36:24","isFullCredit":false},{"lineNumber":4,"author":{"gitId":"coder114514"},"content":" * Implements the ToDo task.","lastModifiedDate":"2026-01-26T22:36:24","isFullCredit":false},{"lineNumber":5,"author":{"gitId":"coder114514"},"content":" */","lastModifiedDate":"2026-01-26T22:36:24","isFullCredit":false},{"lineNumber":6,"author":{"gitId":"coder114514"},"content":"public class ToDo extends Task {","lastModifiedDate":"2026-01-26T17:16:54","isFullCredit":false},{"lineNumber":7,"author":{"gitId":"coder114514"},"content":"    /**","lastModifiedDate":"2026-01-26T22:36:24","isFullCredit":false},{"lineNumber":8,"author":{"gitId":"coder114514"},"content":"     * @param description Task description.","lastModifiedDate":"2026-01-26T22:36:24","isFullCredit":false},{"lineNumber":9,"author":{"gitId":"coder114514"},"content":"     */","lastModifiedDate":"2026-01-26T22:36:24","isFullCredit":false},{"lineNumber":10,"author":{"gitId":"coder114514"},"content":"    public ToDo(String description) {","lastModifiedDate":"2026-01-26T17:16:54","isFullCredit":false},{"lineNumber":11,"author":{"gitId":"coder114514"},"content":"        super(description);","lastModifiedDate":"2026-01-26T17:16:54","isFullCredit":false},{"lineNumber":12,"author":{"gitId":"coder114514"},"content":"    }","lastModifiedDate":"2026-01-26T17:16:54","isFullCredit":false},{"lineNumber":13,"author":{"gitId":"coder114514"},"content":"","lastModifiedDate":"2026-01-26T17:16:54","isFullCredit":false},{"lineNumber":14,"author":{"gitId":"coder114514"},"content":"    @Override","lastModifiedDate":"2026-01-26T17:16:54","isFullCredit":false},{"lineNumber":15,"author":{"gitId":"coder114514"},"content":"    public String getDescriptionWithStatus() {","lastModifiedDate":"2026-01-26T17:16:54","isFullCredit":false},{"lineNumber":16,"author":{"gitId":"coder114514"},"content":"        return \"[T]\" + super.getDescriptionWithStatus();","lastModifiedDate":"2026-01-26T17:16:54","isFullCredit":false},{"lineNumber":17,"author":{"gitId":"coder114514"},"content":"    }","lastModifiedDate":"2026-01-26T17:16:54","isFullCredit":false},{"lineNumber":18,"author":{"gitId":"coder114514"},"content":"}","lastModifiedDate":"2026-01-26T17:16:54","isFullCredit":false}],"authorContributionMap":{"coder114514":18}},{"path":"text-ui-test/input.txt","fileType":"txt","lines":[{"lineNumber":1,"author":{"gitId":"coder114514"},"content":"hi","lastModifiedDate":"2026-01-26T17:16:54","isFullCredit":false},{"lineNumber":2,"author":{"gitId":"coder114514"},"content":"todo read book","lastModifiedDate":"2026-01-26T17:16:54","isFullCredit":false},{"lineNumber":3,"author":{"gitId":"coder114514"},"content":"mark 1","lastModifiedDate":"2026-01-26T13:39:19","isFullCredit":false},{"lineNumber":4,"author":{"gitId":"coder114514"},"content":"unmark 1","lastModifiedDate":"2026-01-26T17:16:54","isFullCredit":false},{"lineNumber":5,"author":{"gitId":"coder114514"},"content":"deadline return book /by June 6th","lastModifiedDate":"2026-01-26T17:16:54","isFullCredit":false},{"lineNumber":6,"author":{"gitId":"coder114514"},"content":"event project meeting /from Aug 6th 2pm /to 4pm","lastModifiedDate":"2026-01-26T17:16:54","isFullCredit":false},{"lineNumber":7,"author":{"gitId":"coder114514"},"content":"todo join sports club","lastModifiedDate":"2026-01-26T17:16:54","isFullCredit":false},{"lineNumber":8,"author":{"gitId":"coder114514"},"content":"mark 4","lastModifiedDate":"2026-01-26T17:16:54","isFullCredit":false},{"lineNumber":9,"author":{"gitId":"coder114514"},"content":"todo borrow book","lastModifiedDate":"2026-01-26T17:16:54","isFullCredit":false},{"lineNumber":10,"author":{"gitId":"coder114514"},"content":"list","lastModifiedDate":"2026-01-26T13:39:19","isFullCredit":false},{"lineNumber":11,"author":{"gitId":"coder114514"},"content":"deadline return book/by Sunday","lastModifiedDate":"2026-01-26T17:16:54","isFullCredit":false},{"lineNumber":12,"author":{"gitId":"coder114514"},"content":"event project meeting/from Mon 2pm/to 4pm","lastModifiedDate":"2026-01-26T17:16:54","isFullCredit":false},{"lineNumber":13,"author":{"gitId":"coder114514"},"content":"deadline do homework /by no idea :-p","lastModifiedDate":"2026-01-26T17:16:54","isFullCredit":false},{"lineNumber":14,"author":{"gitId":"coder114514"},"content":"list","lastModifiedDate":"2026-01-26T10:25:12","isFullCredit":false},{"lineNumber":15,"author":{"gitId":"coder114514"},"content":"todo","lastModifiedDate":"2026-01-26T18:17:57","isFullCredit":false},{"lineNumber":16,"author":{"gitId":"coder114514"},"content":"delete 3","lastModifiedDate":"2026-01-26T21:38:59","isFullCredit":false},{"lineNumber":17,"author":{"gitId":"coder114514"},"content":"bye","lastModifiedDate":"2026-01-26T03:57:59","isFullCredit":false}],"authorContributionMap":{"coder114514":17}},{"path":"text-ui-test/run.bat","fileType":"bat","lines":[{"lineNumber":1,"author":{"gitId":"coder114514"},"content":"@ECHO OFF","lastModifiedDate":"2026-01-26T03:57:59","isFullCredit":false},{"lineNumber":2,"author":{"gitId":"coder114514"},"content":"","lastModifiedDate":"2026-01-26T03:57:59","isFullCredit":false},{"lineNumber":3,"author":{"gitId":"coder114514"},"content":"cd /d %~dp0","lastModifiedDate":"2026-01-26T13:12:29","isFullCredit":false},{"lineNumber":4,"author":{"gitId":"coder114514"},"content":"","lastModifiedDate":"2026-01-26T13:12:29","isFullCredit":false},{"lineNumber":5,"author":{"gitId":"coder114514"},"content":"if exist ..\\bin rmdir /s /q ..\\bin","lastModifiedDate":"2026-01-26T13:12:29","isFullCredit":false},{"lineNumber":6,"author":{"gitId":"coder114514"},"content":"mkdir ..\\bin","lastModifiedDate":"2026-01-26T13:12:29","isFullCredit":false},{"lineNumber":7,"author":{"gitId":"coder114514"},"content":"","lastModifiedDate":"2026-01-26T03:57:59","isFullCredit":false},{"lineNumber":8,"author":{"gitId":"coder114514"},"content":"REM compile the code into the bin folder","lastModifiedDate":"2026-01-26T03:57:59","isFullCredit":false},{"lineNumber":9,"author":{"gitId":"coder114514"},"content":"if exist sources.txt del sources.txt","lastModifiedDate":"2026-01-26T11:18:55","isFullCredit":false},{"lineNumber":10,"author":{"gitId":"coder114514"},"content":"dir /S /B ..\\src\\main\\java\\*.java \u003e sources.txt","lastModifiedDate":"2026-01-26T11:18:55","isFullCredit":false},{"lineNumber":11,"author":{"gitId":"coder114514"},"content":"javac -cp ..\\src\\main\\java -Xlint:none -d ..\\bin @sources.txt","lastModifiedDate":"2026-01-26T11:18:55","isFullCredit":false},{"lineNumber":12,"author":{"gitId":"coder114514"},"content":"IF ERRORLEVEL 1 (","lastModifiedDate":"2026-01-26T03:57:59","isFullCredit":false},{"lineNumber":13,"author":{"gitId":"coder114514"},"content":"    echo ********** BUILD FAILURE **********","lastModifiedDate":"2026-01-26T03:57:59","isFullCredit":false},{"lineNumber":14,"author":{"gitId":"coder114514"},"content":"    del sources.txt","lastModifiedDate":"2026-01-26T11:18:55","isFullCredit":false},{"lineNumber":15,"author":{"gitId":"coder114514"},"content":"    exit /b 1","lastModifiedDate":"2026-01-26T03:57:59","isFullCredit":false},{"lineNumber":16,"author":{"gitId":"coder114514"},"content":")","lastModifiedDate":"2026-01-26T03:57:59","isFullCredit":false},{"lineNumber":17,"author":{"gitId":"coder114514"},"content":"REM no error here, errorlevel \u003d\u003d 0","lastModifiedDate":"2026-01-26T03:57:59","isFullCredit":false},{"lineNumber":18,"author":{"gitId":"coder114514"},"content":"del sources.txt","lastModifiedDate":"2026-01-26T11:18:55","isFullCredit":false},{"lineNumber":19,"author":{"gitId":"coder114514"},"content":"","lastModifiedDate":"2026-01-26T03:57:59","isFullCredit":false},{"lineNumber":20,"author":{"gitId":"coder114514"},"content":"REM run the program","lastModifiedDate":"2026-01-26T03:57:59","isFullCredit":false},{"lineNumber":21,"author":{"gitId":"coder114514"},"content":"java -classpath ..\\bin tobtahc.Main","lastModifiedDate":"2026-01-26T13:12:29","isFullCredit":false}],"authorContributionMap":{"coder114514":21}},{"path":"text-ui-test/run.sh","fileType":"sh","lines":[{"lineNumber":1,"author":{"gitId":"coder114514"},"content":"#!/usr/bin/env bash","lastModifiedDate":"2026-01-26T03:57:59","isFullCredit":false},{"lineNumber":2,"author":{"gitId":"coder114514"},"content":"","lastModifiedDate":"2026-01-26T03:57:59","isFullCredit":false},{"lineNumber":3,"author":{"gitId":"coder114514"},"content":"cd \"$(dirname \"$0\")\"","lastModifiedDate":"2026-01-26T13:12:29","isFullCredit":false},{"lineNumber":4,"author":{"gitId":"coder114514"},"content":"","lastModifiedDate":"2026-01-26T13:12:29","isFullCredit":false},{"lineNumber":5,"author":{"gitId":"coder114514"},"content":"if [ -d \"../bin\" ]","lastModifiedDate":"2026-01-26T13:12:29","isFullCredit":false},{"lineNumber":6,"author":{"gitId":"coder114514"},"content":"then","lastModifiedDate":"2026-01-26T03:57:59","isFullCredit":false},{"lineNumber":7,"author":{"gitId":"coder114514"},"content":"    rm -rf ../bin","lastModifiedDate":"2026-01-26T13:12:29","isFullCredit":false},{"lineNumber":8,"author":{"gitId":"coder114514"},"content":"fi","lastModifiedDate":"2026-01-26T03:57:59","isFullCredit":false},{"lineNumber":9,"author":{"gitId":"coder114514"},"content":"mkdir ../bin","lastModifiedDate":"2026-01-26T13:12:29","isFullCredit":false},{"lineNumber":10,"author":{"gitId":"coder114514"},"content":"","lastModifiedDate":"2026-01-26T03:57:59","isFullCredit":false},{"lineNumber":11,"author":{"gitId":"coder114514"},"content":"# compile the code into the bin folder, terminates if error occurred","lastModifiedDate":"2026-01-26T03:57:59","isFullCredit":false},{"lineNumber":12,"author":{"gitId":"coder114514"},"content":"if [ -e \"./sources.txt\" ]","lastModifiedDate":"2026-01-26T11:18:55","isFullCredit":false},{"lineNumber":13,"author":{"gitId":"coder114514"},"content":"then","lastModifiedDate":"2026-01-26T11:18:55","isFullCredit":false},{"lineNumber":14,"author":{"gitId":"coder114514"},"content":"    rm sources.txt","lastModifiedDate":"2026-01-26T11:18:55","isFullCredit":false},{"lineNumber":15,"author":{"gitId":"coder114514"},"content":"fi","lastModifiedDate":"2026-01-26T11:18:55","isFullCredit":false},{"lineNumber":16,"author":{"gitId":"coder114514"},"content":"find ../src/main/java -name \"*.java\" \u003e sources.txt","lastModifiedDate":"2026-01-26T11:18:55","isFullCredit":false},{"lineNumber":17,"author":{"gitId":"coder114514"},"content":"if ! javac -cp ../src/main/java -Xlint:none -d ../bin @sources.txt","lastModifiedDate":"2026-01-26T11:18:55","isFullCredit":false},{"lineNumber":18,"author":{"gitId":"coder114514"},"content":"then","lastModifiedDate":"2026-01-26T03:57:59","isFullCredit":false},{"lineNumber":19,"author":{"gitId":"coder114514"},"content":"    echo \"********** BUILD FAILURE **********\"","lastModifiedDate":"2026-01-26T03:57:59","isFullCredit":false},{"lineNumber":20,"author":{"gitId":"coder114514"},"content":"    rm sources.txt","lastModifiedDate":"2026-01-26T11:18:55","isFullCredit":false},{"lineNumber":21,"author":{"gitId":"coder114514"},"content":"    exit 1","lastModifiedDate":"2026-01-26T03:57:59","isFullCredit":false},{"lineNumber":22,"author":{"gitId":"coder114514"},"content":"fi","lastModifiedDate":"2026-01-26T03:57:59","isFullCredit":false},{"lineNumber":23,"author":{"gitId":"coder114514"},"content":"rm sources.txt","lastModifiedDate":"2026-01-26T11:18:55","isFullCredit":false},{"lineNumber":24,"author":{"gitId":"coder114514"},"content":"","lastModifiedDate":"2026-01-26T03:57:59","isFullCredit":false},{"lineNumber":25,"author":{"gitId":"coder114514"},"content":"# run the program","lastModifiedDate":"2026-01-26T03:57:59","isFullCredit":false},{"lineNumber":26,"author":{"gitId":"coder114514"},"content":"java -classpath ../bin tobtahc.Main","lastModifiedDate":"2026-01-26T13:12:29","isFullCredit":false}],"authorContributionMap":{"coder114514":26}},{"path":"text-ui-test/runtest.bat","fileType":"bat","lines":[{"lineNumber":1,"author":{"gitId":"-"},"content":"@ECHO OFF","lastModifiedDate":"2020-05-25T00:03:55","isFullCredit":false},{"lineNumber":2,"author":{"gitId":"-"},"content":"","lastModifiedDate":"2020-05-25T00:03:55","isFullCredit":false},{"lineNumber":3,"author":{"gitId":"coder114514"},"content":"cd /d %~dp0","lastModifiedDate":"2026-01-26T13:12:29","isFullCredit":false},{"lineNumber":4,"author":{"gitId":"coder114514"},"content":"","lastModifiedDate":"2026-01-26T13:12:29","isFullCredit":false},{"lineNumber":5,"author":{"gitId":"coder114514"},"content":"if exist ..\\bin rmdir /s /q ..\\bin","lastModifiedDate":"2026-01-26T13:12:29","isFullCredit":false},{"lineNumber":6,"author":{"gitId":"coder114514"},"content":"mkdir ..\\bin","lastModifiedDate":"2026-01-26T13:12:29","isFullCredit":false},{"lineNumber":7,"author":{"gitId":"-"},"content":"","lastModifiedDate":"2020-05-25T00:03:55","isFullCredit":false},{"lineNumber":8,"author":{"gitId":"-"},"content":"REM delete output from previous run","lastModifiedDate":"2020-05-25T00:03:55","isFullCredit":false},{"lineNumber":9,"author":{"gitId":"-"},"content":"if exist ACTUAL.TXT del ACTUAL.TXT","lastModifiedDate":"2020-08-25T17:23:26","isFullCredit":false},{"lineNumber":10,"author":{"gitId":"-"},"content":"","lastModifiedDate":"2020-05-25T00:03:55","isFullCredit":false},{"lineNumber":11,"author":{"gitId":"-"},"content":"REM compile the code into the bin folder","lastModifiedDate":"2020-05-25T00:03:55","isFullCredit":false},{"lineNumber":12,"author":{"gitId":"coder114514"},"content":"if exist sources.txt del sources.txt","lastModifiedDate":"2026-01-26T11:18:55","isFullCredit":false},{"lineNumber":13,"author":{"gitId":"coder114514"},"content":"dir /S /B ..\\src\\main\\java\\*.java \u003e sources.txt","lastModifiedDate":"2026-01-26T11:18:55","isFullCredit":false},{"lineNumber":14,"author":{"gitId":"coder114514"},"content":"javac -cp ..\\src\\main\\java -Xlint:none -d ..\\bin @sources.txt","lastModifiedDate":"2026-01-26T11:18:55","isFullCredit":false},{"lineNumber":15,"author":{"gitId":"-"},"content":"IF ERRORLEVEL 1 (","lastModifiedDate":"2020-05-25T00:03:55","isFullCredit":false},{"lineNumber":16,"author":{"gitId":"-"},"content":"    echo ********** BUILD FAILURE **********","lastModifiedDate":"2020-05-25T00:03:55","isFullCredit":false},{"lineNumber":17,"author":{"gitId":"coder114514"},"content":"    del sources.txt","lastModifiedDate":"2026-01-26T11:18:55","isFullCredit":false},{"lineNumber":18,"author":{"gitId":"-"},"content":"    exit /b 1","lastModifiedDate":"2020-05-25T00:03:55","isFullCredit":false},{"lineNumber":19,"author":{"gitId":"-"},"content":")","lastModifiedDate":"2020-05-25T00:03:55","isFullCredit":false},{"lineNumber":20,"author":{"gitId":"-"},"content":"REM no error here, errorlevel \u003d\u003d 0","lastModifiedDate":"2020-05-25T00:03:55","isFullCredit":false},{"lineNumber":21,"author":{"gitId":"coder114514"},"content":"del sources.txt","lastModifiedDate":"2026-01-26T11:18:55","isFullCredit":false},{"lineNumber":22,"author":{"gitId":"-"},"content":"","lastModifiedDate":"2020-05-25T00:03:55","isFullCredit":false},{"lineNumber":23,"author":{"gitId":"-"},"content":"REM run the program, feed commands from input.txt file and redirect the output to the ACTUAL.TXT","lastModifiedDate":"2020-05-25T00:03:55","isFullCredit":false},{"lineNumber":24,"author":{"gitId":"coder114514"},"content":"java -classpath ..\\bin tobtahc.Main \u003c input.txt \u003e ACTUAL.TXT","lastModifiedDate":"2026-01-26T13:12:29","isFullCredit":false},{"lineNumber":25,"author":{"gitId":"-"},"content":"","lastModifiedDate":"2020-05-25T00:03:55","isFullCredit":false},{"lineNumber":26,"author":{"gitId":"-"},"content":"REM compare the output to the expected output","lastModifiedDate":"2020-05-25T00:03:55","isFullCredit":false},{"lineNumber":27,"author":{"gitId":"-"},"content":"FC ACTUAL.TXT EXPECTED.TXT","lastModifiedDate":"2020-05-25T00:03:55","isFullCredit":false}],"authorContributionMap":{"coder114514":10,"-":17}},{"path":"text-ui-test/runtest.sh","fileType":"sh","lines":[{"lineNumber":1,"author":{"gitId":"-"},"content":"#!/usr/bin/env bash","lastModifiedDate":"2020-05-25T00:03:55","isFullCredit":false},{"lineNumber":2,"author":{"gitId":"-"},"content":"","lastModifiedDate":"2020-05-25T00:03:55","isFullCredit":false},{"lineNumber":3,"author":{"gitId":"coder114514"},"content":"cd \"$(dirname \"$0\")\"","lastModifiedDate":"2026-01-26T13:12:29","isFullCredit":false},{"lineNumber":4,"author":{"gitId":"coder114514"},"content":"","lastModifiedDate":"2026-01-26T13:12:29","isFullCredit":false},{"lineNumber":5,"author":{"gitId":"coder114514"},"content":"if [ -d \"../bin\" ]","lastModifiedDate":"2026-01-26T13:12:29","isFullCredit":false},{"lineNumber":6,"author":{"gitId":"-"},"content":"then","lastModifiedDate":"2020-05-25T00:03:55","isFullCredit":false},{"lineNumber":7,"author":{"gitId":"coder114514"},"content":"    rm -rf ../bin","lastModifiedDate":"2026-01-26T13:12:29","isFullCredit":false},{"lineNumber":8,"author":{"gitId":"-"},"content":"fi","lastModifiedDate":"2020-05-25T00:03:55","isFullCredit":false},{"lineNumber":9,"author":{"gitId":"coder114514"},"content":"mkdir ../bin","lastModifiedDate":"2026-01-26T13:12:29","isFullCredit":false},{"lineNumber":10,"author":{"gitId":"-"},"content":"","lastModifiedDate":"2020-05-25T00:03:55","isFullCredit":false},{"lineNumber":11,"author":{"gitId":"-"},"content":"# delete output from previous run","lastModifiedDate":"2020-05-25T00:03:55","isFullCredit":false},{"lineNumber":12,"author":{"gitId":"-"},"content":"if [ -e \"./ACTUAL.TXT\" ]","lastModifiedDate":"2020-05-25T00:03:55","isFullCredit":false},{"lineNumber":13,"author":{"gitId":"-"},"content":"then","lastModifiedDate":"2020-05-25T00:03:55","isFullCredit":false},{"lineNumber":14,"author":{"gitId":"-"},"content":"    rm ACTUAL.TXT","lastModifiedDate":"2020-05-25T00:03:55","isFullCredit":false},{"lineNumber":15,"author":{"gitId":"-"},"content":"fi","lastModifiedDate":"2020-05-25T00:03:55","isFullCredit":false},{"lineNumber":16,"author":{"gitId":"-"},"content":"","lastModifiedDate":"2020-05-25T00:03:55","isFullCredit":false},{"lineNumber":17,"author":{"gitId":"-"},"content":"# compile the code into the bin folder, terminates if error occurred","lastModifiedDate":"2020-05-25T00:03:55","isFullCredit":false},{"lineNumber":18,"author":{"gitId":"coder114514"},"content":"if [ -e \"./sources.txt\" ]","lastModifiedDate":"2026-01-26T11:18:55","isFullCredit":false},{"lineNumber":19,"author":{"gitId":"coder114514"},"content":"then","lastModifiedDate":"2026-01-26T11:18:55","isFullCredit":false},{"lineNumber":20,"author":{"gitId":"coder114514"},"content":"    rm sources.txt","lastModifiedDate":"2026-01-26T11:18:55","isFullCredit":false},{"lineNumber":21,"author":{"gitId":"coder114514"},"content":"fi","lastModifiedDate":"2026-01-26T11:18:55","isFullCredit":false},{"lineNumber":22,"author":{"gitId":"coder114514"},"content":"find ../src/main/java -name \"*.java\" \u003e sources.txt","lastModifiedDate":"2026-01-26T11:18:55","isFullCredit":false},{"lineNumber":23,"author":{"gitId":"coder114514"},"content":"if ! javac -cp ../src/main/java -Xlint:none -d ../bin @sources.txt","lastModifiedDate":"2026-01-26T11:18:55","isFullCredit":false},{"lineNumber":24,"author":{"gitId":"-"},"content":"then","lastModifiedDate":"2020-05-25T00:03:55","isFullCredit":false},{"lineNumber":25,"author":{"gitId":"-"},"content":"    echo \"********** BUILD FAILURE **********\"","lastModifiedDate":"2020-05-25T00:03:55","isFullCredit":false},{"lineNumber":26,"author":{"gitId":"coder114514"},"content":"    rm sources.txt","lastModifiedDate":"2026-01-27T22:02:05","isFullCredit":false},{"lineNumber":27,"author":{"gitId":"-"},"content":"    exit 1","lastModifiedDate":"2020-05-25T00:03:55","isFullCredit":false},{"lineNumber":28,"author":{"gitId":"-"},"content":"fi","lastModifiedDate":"2020-05-25T00:03:55","isFullCredit":false},{"lineNumber":29,"author":{"gitId":"coder114514"},"content":"rm sources.txt","lastModifiedDate":"2026-01-26T11:18:55","isFullCredit":false},{"lineNumber":30,"author":{"gitId":"-"},"content":"","lastModifiedDate":"2020-05-25T00:03:55","isFullCredit":false},{"lineNumber":31,"author":{"gitId":"-"},"content":"# run the program, feed commands from input.txt file and redirect the output to the ACTUAL.TXT","lastModifiedDate":"2020-05-25T00:03:55","isFullCredit":false},{"lineNumber":32,"author":{"gitId":"coder114514"},"content":"java -classpath ../bin tobtahc.Main \u003c input.txt \u003e ACTUAL.TXT","lastModifiedDate":"2026-01-26T13:12:29","isFullCredit":false},{"lineNumber":33,"author":{"gitId":"-"},"content":"","lastModifiedDate":"2020-05-25T00:03:55","isFullCredit":false},{"lineNumber":34,"author":{"gitId":"-"},"content":"# convert to UNIX format","lastModifiedDate":"2020-05-25T00:03:55","isFullCredit":false},{"lineNumber":35,"author":{"gitId":"-"},"content":"cp EXPECTED.TXT EXPECTED-UNIX.TXT","lastModifiedDate":"2020-05-25T00:03:55","isFullCredit":false},{"lineNumber":36,"author":{"gitId":"-"},"content":"dos2unix ACTUAL.TXT EXPECTED-UNIX.TXT","lastModifiedDate":"2020-05-25T00:03:55","isFullCredit":false},{"lineNumber":37,"author":{"gitId":"-"},"content":"","lastModifiedDate":"2020-05-25T00:03:55","isFullCredit":false},{"lineNumber":38,"author":{"gitId":"-"},"content":"# compare the output to the expected output","lastModifiedDate":"2020-05-25T00:03:55","isFullCredit":false},{"lineNumber":39,"author":{"gitId":"-"},"content":"diff ACTUAL.TXT EXPECTED-UNIX.TXT","lastModifiedDate":"2020-05-25T00:03:55","isFullCredit":false},{"lineNumber":40,"author":{"gitId":"-"},"content":"if [ $? -eq 0 ]","lastModifiedDate":"2020-05-25T00:03:55","isFullCredit":false},{"lineNumber":41,"author":{"gitId":"-"},"content":"then","lastModifiedDate":"2020-05-25T00:03:55","isFullCredit":false},{"lineNumber":42,"author":{"gitId":"-"},"content":"    echo \"Test result: PASSED\"","lastModifiedDate":"2020-05-25T00:03:55","isFullCredit":false},{"lineNumber":43,"author":{"gitId":"-"},"content":"    exit 0","lastModifiedDate":"2020-05-25T00:03:55","isFullCredit":false},{"lineNumber":44,"author":{"gitId":"-"},"content":"else","lastModifiedDate":"2020-05-25T00:03:55","isFullCredit":false},{"lineNumber":45,"author":{"gitId":"-"},"content":"    echo \"Test result: FAILED\"","lastModifiedDate":"2020-05-25T00:03:55","isFullCredit":false},{"lineNumber":46,"author":{"gitId":"-"},"content":"    exit 1","lastModifiedDate":"2020-05-25T00:03:55","isFullCredit":false},{"lineNumber":47,"author":{"gitId":"-"},"content":"fi","lastModifiedDate":"2020-05-25T00:03:55","isFullCredit":false}],"authorContributionMap":{"coder114514":14,"-":33}}]
