{"authorDailyContributionsMap":{"coder114514":[{"date":"2026-01-26T00:00:00","commitResults":[{"hash":"7e77e685e6cc2b1b87b325a2aa215e8e02f0172b","isMergeCommit":false,"messageTitle":"Implement initial skeletal version","messageBody":"","tags":["Level-0"],"fileTypesAndContributionMap":{"java":{"insertions":10,"deletions":10},"bat":{"insertions":1,"deletions":1},"sh":{"insertions":2,"deletions":2}}},{"hash":"a5e96d4f5739af65c3035cedcb7c28a201a5e2c0","isMergeCommit":false,"messageTitle":"Implement echo","messageBody":"","tags":["Level-1"],"fileTypesAndContributionMap":{"txt":{"insertions":3,"deletions":0},"java":{"insertions":39,"deletions":6},"bat":{"insertions":15,"deletions":0},"sh":{"insertions":17,"deletions":0}}},{"hash":"af38eb5be45e1b94272d607b15cbfd344c3f0a52","isMergeCommit":false,"messageTitle":"Implement add and list","messageBody":"","tags":["Level-2"],"fileTypesAndContributionMap":{"txt":{"insertions":7,"deletions":1},"java":{"insertions":29,"deletions":7}}},{"hash":"167964ac4b5c7dac2b1c58a142c64d6073146106","isMergeCommit":false,"messageTitle":"Put the main class into a package","messageBody":"","fileTypesAndContributionMap":{"java":{"insertions":2,"deletions":0}}},{"hash":"bc9900bde8b6a76ecc89ec8fd9b450587f13227b","isMergeCommit":false,"messageTitle":"Sort imports","messageBody":"","fileTypesAndContributionMap":{"java":{"insertions":1,"deletions":1}}},{"hash":"3f6b90dd77365acaabd5ffaaa0c10cd5d6b8361d","isMergeCommit":false,"messageTitle":"Adjust build scripts such that they can handle nested dirs","messageBody":"","fileTypesAndContributionMap":{"bat":{"insertions":12,"deletions":4},"sh":{"insertions":17,"deletions":4}}},{"hash":"e1d90a2e25f3a1b85bdfd314ca9a789373cf002b","isMergeCommit":false,"messageTitle":"Rename the main class to Main","messageBody":"","fileTypesAndContributionMap":{"java":{"insertions":0,"deletions":0},"bat":{"insertions":10,"deletions":6},"sh":{"insertions":12,"deletions":6}}},{"hash":"d8424eb6a1313b7db151f6a279c52605d3cba33c","isMergeCommit":false,"messageTitle":"Implement mark as done","messageBody":"","tags":["Level-3","A-Classes"],"fileTypesAndContributionMap":{"txt":{"insertions":5,"deletions":4},"java":{"insertions":87,"deletions":4}}},{"hash":"a5d4f4e95c18212e0f725e2d5cd00809e211de2f","isMergeCommit":false,"messageTitle":"Implement ToDo, Event and Deadline tasks","messageBody":"Also move the task classes to their own module and update the test.\n","tags":["Level-4","A-TextUiTesting","A-Inheritance"],"fileTypesAndContributionMap":{"txt":{"insertions":11,"deletions":6},"java":{"insertions":195,"deletions":62}}},{"hash":"f086cc70d9af9442a57adb0cf3a035b26af78960","isMergeCommit":false,"messageTitle":"Implement error handling","messageBody":"","tags":["Level-5","A-Exceptions","A-Enums"],"fileTypesAndContributionMap":{"txt":{"insertions":1,"deletions":0},"java":{"insertions":74,"deletions":13}}},{"hash":"706863e2234b007f23691a84b0b51a192fd3dbe0","isMergeCommit":false,"messageTitle":"Implement delete","messageBody":"","fileTypesAndContributionMap":{"txt":{"insertions":1,"deletions":0},"java":{"insertions":33,"deletions":0}}},{"hash":"4d148e49698b46d33f89303ab7e10aa48eb8e509","isMergeCommit":false,"messageTitle":"Improve command parsing","messageBody":"","tags":["Level-6","A-Collections"],"fileTypesAndContributionMap":{"java":{"insertions":11,"deletions":6}}},{"hash":"8a7bcd773c21a4ac22f8cd43899fe3865bd02a03","isMergeCommit":false,"messageTitle":"Format according to the guidelines","messageBody":"","fileTypesAndContributionMap":{"java":{"insertions":15,"deletions":21}}},{"hash":"1090c92e51e1a80467fd73da83d900e0b29a11ec","isMergeCommit":false,"messageTitle":"Format according to the guidelines","messageBody":"","fileTypesAndContributionMap":{"java":{"insertions":16,"deletions":16}}},{"hash":"883797212a81809e09718129bc6e1c143ad2496b","isMergeCommit":false,"messageTitle":"Add comments","messageBody":"","fileTypesAndContributionMap":{"java":{"insertions":103,"deletions":10}}}]},{"date":"2026-01-27T00:00:00","commitResults":[{"hash":"9aebe8021d73a90e4536329386b8f55d342e30fb","isMergeCommit":false,"messageTitle":"Tweak the code according to Copilot\u0027s review","messageBody":"","fileTypesAndContributionMap":{"java":{"insertions":27,"deletions":14},"sh":{"insertions":1,"deletions":2}}}]}]},"authorFileTypeContributionMap":{"coder114514":{"java":482,"md":0,"fxml":0,"sh":40,"bat":31,"gradle":0,"txt":17}},"authorContributionVariance":{"coder114514":41983.586},"authorDisplayNameMap":{"coder114514":"CS2103T-T12-2 HE H..DONG"}}
