{"authorDailyContributionsMap":{"Achiack":[{"date":"2026-01-20T00:00:00","commitResults":[{"hash":"9de9dcb33d82684d7df2ac72e45afc7af6a5e67b","isMergeCommit":false,"messageTitle":"Changed the name of the chatbot and added a simple greeting and exit message.","messageBody":"","tags":["Level-0"],"fileTypesAndContributionMap":{"java":{"insertions":16,"deletions":10}}},{"hash":"851a28612f0245a3ec76edf5f4e82125917b910b","isMergeCommit":false,"messageTitle":"chatbot now echos commands entered by the user, and exits when the user types the command \"bye\"","messageBody":"","tags":["Level-1"],"fileTypesAndContributionMap":{"java":{"insertions":25,"deletions":9}}},{"hash":"6a203878bbfd1bb6ad171b9a708ebeff99729293","isMergeCommit":false,"messageTitle":"implemented ability to store text entered by the user and display them back when \"list\" command is used","messageBody":"","tags":["Level-2"],"fileTypesAndContributionMap":{"java":{"insertions":14,"deletions":2}}},{"hash":"2cc5c31efa0186466cdfd1141607c4fdc4cf2e30","isMergeCommit":false,"messageTitle":"added Tasks Class and implemented ability to mark and unmark tasks","messageBody":"","tags":["Level-3"],"fileTypesAndContributionMap":{"java":{"insertions":51,"deletions":7}}},{"hash":"d16db53208c9ce9798d0669d29b972ba7e51ac86","isMergeCommit":false,"messageTitle":"implemented tracking for three types of tasks: Todo, Deadline, and Event","messageBody":"","tags":["Level-4"],"fileTypesAndContributionMap":{"java":{"insertions":70,"deletions":0}}},{"hash":"d6830118835c13b271a3183e7d2ae95b61f402d1","isMergeCommit":false,"messageTitle":"Added simple test cases and test results automated testing","messageBody":"","tags":["A-TextUiTesting"],"fileTypesAndContributionMap":{"txt":{"insertions":7,"deletions":0},"bat":{"insertions":1,"deletions":1}}},{"hash":"a467e2c52dd576c262646d2dca5931fd0d80f64f","isMergeCommit":false,"messageTitle":"Added basic exception handling","messageBody":"","tags":["Level-5"],"fileTypesAndContributionMap":{"java":{"insertions":98,"deletions":63}}},{"hash":"3d9154f83c1c0581c2dc13e677ae610e5d629026","isMergeCommit":false,"messageTitle":"Implemented ability to delete tasks","messageBody":"","tags":["Level-6"],"fileTypesAndContributionMap":{"java":{"insertions":34,"deletions":0}}}]},{"date":"2026-01-21T00:00:00","commitResults":[{"hash":"1d3cb9bf965bca041c6a777d4bb7ed5980b7f107","isMergeCommit":false,"messageTitle":"uses enums instead of hardcoding the type of Task","messageBody":"","tags":["A-Enums"],"fileTypesAndContributionMap":{"java":{"insertions":26,"deletions":8}}}]},{"date":"2026-01-28T00:00:00","commitResults":[{"hash":"9dbcac3e08f2ae1882d4bc4637256eca56a326c4","isMergeCommit":false,"messageTitle":"Add Storage Class","messageBody":"","fileTypesAndContributionMap":{"java":{"insertions":108,"deletions":0}}},{"hash":"50fa54f07cafd665eed861db4d08b6193db5c55c","isMergeCommit":false,"messageTitle":"Add Load at startup","messageBody":"","fileTypesAndContributionMap":{"java":{"insertions":8,"deletions":2}}},{"hash":"cdea2b11d7ea38495d08cf1e19dd079780dfbd2a","isMergeCommit":false,"messageTitle":"Add Save when creating new Task","messageBody":"","tags":["Level-7"],"fileTypesAndContributionMap":{"java":{"insertions":27,"deletions":0}}},{"hash":"77d490cbd135a950a9a4685b3e998e5e8d92a7fc","isMergeCommit":false,"messageTitle":"Change deadline and event dates from String to LocalDate","messageBody":"","fileTypesAndContributionMap":{"java":{"insertions":35,"deletions":10}}},{"hash":"8eaeb882816a5b3ccc0de3b33d6b72ac702ddacb","isMergeCommit":false,"messageTitle":"Change deadline and event dates from String to LocalDate","messageBody":"","fileTypesAndContributionMap":{"txt":{"insertions":3,"deletions":0},"java":{"insertions":17,"deletions":13}}},{"hash":"8414ae0c03e229fdbd26bfd6adadd0cb112f2b5e","isMergeCommit":false,"messageTitle":"Load date and time from storage file correctly","messageBody":"","tags":["Level-8"],"fileTypesAndContributionMap":{"txt":{"insertions":2,"deletions":2},"java":{"insertions":1,"deletions":1}}},{"hash":"1d79cc37fd1064ed454c127ba49b08837d921d65","isMergeCommit":false,"messageTitle":"Add TaskList class","messageBody":"","fileTypesAndContributionMap":{"java":{"insertions":33,"deletions":0}}},{"hash":"4d2117bde7bf542f227c7c3b19da0d69b12dbdaa","isMergeCommit":false,"messageTitle":"Add Ui class","messageBody":"","fileTypesAndContributionMap":{"java":{"insertions":40,"deletions":0}}},{"hash":"bf10b059ef4c3d5a082545867024a3bc5f0e0681","isMergeCommit":false,"messageTitle":"Add Parser class","messageBody":"","fileTypesAndContributionMap":{"java":{"insertions":10,"deletions":0}}},{"hash":"df5efde969ffb561af1b4c58521f874a4e0aea83","isMergeCommit":false,"messageTitle":"Add abstract Command class and subclasses for all possible commands","messageBody":"","fileTypesAndContributionMap":{"txt":{"insertions":2,"deletions":0},"java":{"insertions":349,"deletions":172}}},{"hash":"e827ad6c0595d24e924a0fe8a870da3b779a1082","isMergeCommit":false,"messageTitle":"Add error handling for IO exceptions","messageBody":"","tags":["A-MoreOOP"],"fileTypesAndContributionMap":{"java":{"insertions":6,"deletions":6}}},{"hash":"f284bfe024744f00fd0b244f99ae7465b3a09922","isMergeCommit":false,"messageTitle":"Separate classes into packages","messageBody":"","tags":["A-Packages"],"fileTypesAndContributionMap":{"java":{"insertions":109,"deletions":11},"bat":{"insertions":1,"deletions":1}}}]},{"date":"2026-01-30T00:00:00","commitResults":[{"hash":"375d4af9bcc46eb4c950ead6676be72c09b9e9a1","isMergeCommit":true,"messageTitle":"Merge branch \u0027add-gradle-support\u0027","messageBody":"","tags":["A-Gradle"],"fileTypesAndContributionMap":{}},{"hash":"11b2be740c976ed5afbd14d8514e97be0bb2c2a6","isMergeCommit":false,"messageTitle":"Add JUnit Tests for deadline and parser","messageBody":"","tags":["A-JUnit"],"fileTypesAndContributionMap":{"java":{"insertions":110,"deletions":0}}},{"hash":"a652b557570de67a6a3e3b9fb3b0908731f83876","isMergeCommit":false,"messageTitle":"Set up build.gradle for creating jar file","messageBody":"","tags":["A-Jar"],"fileTypesAndContributionMap":{"gradle":{"insertions":2,"deletions":2}}},{"hash":"3cca2e3c880007178aacfd95b562982f952ff7c3","isMergeCommit":false,"messageTitle":"Remove redundant isExit method","messageBody":"","fileTypesAndContributionMap":{"java":{"insertions":7,"deletions":7}}},{"hash":"1a9fa7fde4e2fe6a04eb405187fd2a1d5aa9c8f7","isMergeCommit":false,"messageTitle":"Add JavaDocs for all the command classes","messageBody":"","fileTypesAndContributionMap":{"java":{"insertions":124,"deletions":6}}}]},{"date":"2026-01-31T00:00:00","commitResults":[{"hash":"07545e32bdddf764117bbbb82692d9dfaa81dd0b","isMergeCommit":false,"messageTitle":"Add JavaDocs for all the Task classes","messageBody":"","fileTypesAndContributionMap":{"java":{"insertions":98,"deletions":4}}},{"hash":"e47c28a2ce9353d9aed93972ab0b81e9fd18e16c","isMergeCommit":false,"messageTitle":"Add JavaDocs for all the Ui related classes","messageBody":"","fileTypesAndContributionMap":{"java":{"insertions":119,"deletions":15}}},{"hash":"4c39e54222030bd88b4f7c52e65ec24ca77a785a","isMergeCommit":false,"messageTitle":"Fix coding style","messageBody":"","fileTypesAndContributionMap":{"java":{"insertions":16,"deletions":13}}},{"hash":"60fa180468942008878401286538a95aa738a1b2","isMergeCommit":false,"messageTitle":"Add working find command","messageBody":"","fileTypesAndContributionMap":{"java":{"insertions":91,"deletions":0}}},{"hash":"e2714a0df99c60edaf7c0411f78f586dca2ddb35","isMergeCommit":true,"messageTitle":"Merge branch \u0027branch-A-CodingStandard\u0027","messageBody":"","fileTypesAndContributionMap":{}},{"hash":"a92f0a30685805c2e3a219bd51c2111f2b72ed8f","isMergeCommit":true,"messageTitle":"Merge branch \u0027branch-A-Level-9\u0027","messageBody":"# Conflicts:\n#\tsrc/main/java/Monad/commands/ByeCommand.java\n#\tsrc/main/java/Monad/commands/Command.java\n","tags":["Level-9","A-JavaDoc","A-CodingStandard"],"fileTypesAndContributionMap":{}}]}]},"authorFileTypeContributionMap":{"Achiack":{"java":1288,"md":0,"fxml":0,"sh":0,"bat":1,"gradle":2,"txt":12}},"authorContributionVariance":{"Achiack":48764.914},"authorDisplayNameMap":{"Achiack":"CS2103T-T12-4 CHIA..STON"}}
