{"authorDailyContributionsMap":{"Achiack":[{"date":"2026-01-20T00:00:00","commitResults":[{"hash":"9de9dcb33d82684d7df2ac72e45afc7af6a5e67b","isMergeCommit":false,"messageTitle":"Changed the name of the chatbot and added a simple greeting and exit message.","messageBody":"","tags":["Level-0"],"fileTypesAndContributionMap":{"java":{"insertions":16,"deletions":10}}},{"hash":"851a28612f0245a3ec76edf5f4e82125917b910b","isMergeCommit":false,"messageTitle":"chatbot now echos commands entered by the user, and exits when the user types the command \"bye\"","messageBody":"","tags":["Level-1"],"fileTypesAndContributionMap":{"java":{"insertions":25,"deletions":9}}},{"hash":"6a203878bbfd1bb6ad171b9a708ebeff99729293","isMergeCommit":false,"messageTitle":"implemented ability to store text entered by the user and display them back when \"list\" command is used","messageBody":"","tags":["Level-2"],"fileTypesAndContributionMap":{"java":{"insertions":14,"deletions":2}}},{"hash":"2cc5c31efa0186466cdfd1141607c4fdc4cf2e30","isMergeCommit":false,"messageTitle":"added Tasks Class and implemented ability to mark and unmark tasks","messageBody":"","tags":["Level-3"],"fileTypesAndContributionMap":{"java":{"insertions":51,"deletions":7}}},{"hash":"d16db53208c9ce9798d0669d29b972ba7e51ac86","isMergeCommit":false,"messageTitle":"implemented tracking for three types of tasks: Todo, Deadline, and Event","messageBody":"","tags":["Level-4"],"fileTypesAndContributionMap":{"java":{"insertions":70,"deletions":0}}},{"hash":"d6830118835c13b271a3183e7d2ae95b61f402d1","isMergeCommit":false,"messageTitle":"Added simple test cases and test results automated testing","messageBody":"","tags":["A-TextUiTesting"],"fileTypesAndContributionMap":{"txt":{"insertions":7,"deletions":0},"bat":{"insertions":1,"deletions":1}}},{"hash":"a467e2c52dd576c262646d2dca5931fd0d80f64f","isMergeCommit":false,"messageTitle":"Added basic exception handling","messageBody":"","tags":["Level-5"],"fileTypesAndContributionMap":{"java":{"insertions":98,"deletions":63}}},{"hash":"3d9154f83c1c0581c2dc13e677ae610e5d629026","isMergeCommit":false,"messageTitle":"Implemented ability to delete tasks","messageBody":"","tags":["Level-6"],"fileTypesAndContributionMap":{"java":{"insertions":34,"deletions":0}}}]},{"date":"2026-01-21T00:00:00","commitResults":[{"hash":"1d3cb9bf965bca041c6a777d4bb7ed5980b7f107","isMergeCommit":false,"messageTitle":"uses enums instead of hardcoding the type of Task","messageBody":"","tags":["A-Enums"],"fileTypesAndContributionMap":{"java":{"insertions":26,"deletions":8}}}]},{"date":"2026-01-28T00:00:00","commitResults":[{"hash":"9dbcac3e08f2ae1882d4bc4637256eca56a326c4","isMergeCommit":false,"messageTitle":"Add Storage Class","messageBody":"","fileTypesAndContributionMap":{"java":{"insertions":108,"deletions":0}}},{"hash":"50fa54f07cafd665eed861db4d08b6193db5c55c","isMergeCommit":false,"messageTitle":"Add Load at startup","messageBody":"","fileTypesAndContributionMap":{"java":{"insertions":8,"deletions":2}}},{"hash":"cdea2b11d7ea38495d08cf1e19dd079780dfbd2a","isMergeCommit":false,"messageTitle":"Add Save when creating new Task","messageBody":"","tags":["Level-7"],"fileTypesAndContributionMap":{"java":{"insertions":27,"deletions":0}}},{"hash":"77d490cbd135a950a9a4685b3e998e5e8d92a7fc","isMergeCommit":false,"messageTitle":"Change deadline and event dates from String to LocalDate","messageBody":"","fileTypesAndContributionMap":{"java":{"insertions":35,"deletions":10}}},{"hash":"8eaeb882816a5b3ccc0de3b33d6b72ac702ddacb","isMergeCommit":false,"messageTitle":"Change deadline and event dates from String to LocalDate","messageBody":"","fileTypesAndContributionMap":{"txt":{"insertions":3,"deletions":0},"java":{"insertions":17,"deletions":13}}},{"hash":"8414ae0c03e229fdbd26bfd6adadd0cb112f2b5e","isMergeCommit":false,"messageTitle":"Load date and time from storage file correctly","messageBody":"","tags":["Level-8"],"fileTypesAndContributionMap":{"txt":{"insertions":2,"deletions":2},"java":{"insertions":1,"deletions":1}}},{"hash":"1d79cc37fd1064ed454c127ba49b08837d921d65","isMergeCommit":false,"messageTitle":"Add TaskList class","messageBody":"","fileTypesAndContributionMap":{"java":{"insertions":33,"deletions":0}}},{"hash":"4d2117bde7bf542f227c7c3b19da0d69b12dbdaa","isMergeCommit":false,"messageTitle":"Add Ui class","messageBody":"","fileTypesAndContributionMap":{"java":{"insertions":40,"deletions":0}}},{"hash":"bf10b059ef4c3d5a082545867024a3bc5f0e0681","isMergeCommit":false,"messageTitle":"Add Parser class","messageBody":"","fileTypesAndContributionMap":{"java":{"insertions":10,"deletions":0}}},{"hash":"df5efde969ffb561af1b4c58521f874a4e0aea83","isMergeCommit":false,"messageTitle":"Add abstract Command class and subclasses for all possible commands","messageBody":"","fileTypesAndContributionMap":{"txt":{"insertions":2,"deletions":0},"java":{"insertions":349,"deletions":172}}},{"hash":"e827ad6c0595d24e924a0fe8a870da3b779a1082","isMergeCommit":false,"messageTitle":"Add error handling for IO exceptions","messageBody":"","tags":["A-MoreOOP"],"fileTypesAndContributionMap":{"java":{"insertions":6,"deletions":6}}},{"hash":"f284bfe024744f00fd0b244f99ae7465b3a09922","isMergeCommit":false,"messageTitle":"Separate classes into packages","messageBody":"","tags":["A-Packages"],"fileTypesAndContributionMap":{"java":{"insertions":109,"deletions":11},"bat":{"insertions":1,"deletions":1}}}]},{"date":"2026-01-30T00:00:00","commitResults":[{"hash":"375d4af9bcc46eb4c950ead6676be72c09b9e9a1","isMergeCommit":true,"messageTitle":"Merge branch \u0027add-gradle-support\u0027","messageBody":"","tags":["A-Gradle"],"fileTypesAndContributionMap":{}},{"hash":"11b2be740c976ed5afbd14d8514e97be0bb2c2a6","isMergeCommit":false,"messageTitle":"Add JUnit Tests for deadline and parser","messageBody":"","tags":["A-JUnit"],"fileTypesAndContributionMap":{"java":{"insertions":110,"deletions":0}}},{"hash":"a652b557570de67a6a3e3b9fb3b0908731f83876","isMergeCommit":false,"messageTitle":"Set up build.gradle for creating jar file","messageBody":"","tags":["A-Jar"],"fileTypesAndContributionMap":{"gradle":{"insertions":2,"deletions":2}}},{"hash":"3cca2e3c880007178aacfd95b562982f952ff7c3","isMergeCommit":false,"messageTitle":"Remove redundant isExit method","messageBody":"","fileTypesAndContributionMap":{"java":{"insertions":7,"deletions":7}}},{"hash":"1a9fa7fde4e2fe6a04eb405187fd2a1d5aa9c8f7","isMergeCommit":false,"messageTitle":"Add JavaDocs for all the command classes","messageBody":"","fileTypesAndContributionMap":{"java":{"insertions":124,"deletions":6}}}]},{"date":"2026-01-31T00:00:00","commitResults":[{"hash":"07545e32bdddf764117bbbb82692d9dfaa81dd0b","isMergeCommit":false,"messageTitle":"Add JavaDocs for all the Task classes","messageBody":"","fileTypesAndContributionMap":{"java":{"insertions":98,"deletions":4}}},{"hash":"e47c28a2ce9353d9aed93972ab0b81e9fd18e16c","isMergeCommit":false,"messageTitle":"Add JavaDocs for all the Ui related classes","messageBody":"","fileTypesAndContributionMap":{"java":{"insertions":119,"deletions":15}}},{"hash":"4c39e54222030bd88b4f7c52e65ec24ca77a785a","isMergeCommit":false,"messageTitle":"Fix coding style","messageBody":"","fileTypesAndContributionMap":{"java":{"insertions":16,"deletions":13}}},{"hash":"60fa180468942008878401286538a95aa738a1b2","isMergeCommit":false,"messageTitle":"Add working find command","messageBody":"","fileTypesAndContributionMap":{"java":{"insertions":91,"deletions":0}}},{"hash":"e2714a0df99c60edaf7c0411f78f586dca2ddb35","isMergeCommit":true,"messageTitle":"Merge branch \u0027branch-A-CodingStandard\u0027","messageBody":"","fileTypesAndContributionMap":{}},{"hash":"a92f0a30685805c2e3a219bd51c2111f2b72ed8f","isMergeCommit":true,"messageTitle":"Merge branch \u0027branch-A-Level-9\u0027","messageBody":"# Conflicts:\n#\tsrc/main/java/Monad/commands/ByeCommand.java\n#\tsrc/main/java/Monad/commands/Command.java\n","tags":["Level-9","A-JavaDoc","A-CodingStandard"],"fileTypesAndContributionMap":{}}]},{"date":"2026-02-01T00:00:00","commitResults":[{"hash":"42a7ef8ce390828d658f6cd7b8d7a853bbd1350e","isMergeCommit":false,"messageTitle":"Fix lines for find command","messageBody":"","fileTypesAndContributionMap":{"java":{"insertions":2,"deletions":3}}},{"hash":"be254e8f222447270ccb70871bd0106270818c4b","isMergeCommit":false,"messageTitle":"Add checkstyle plugin to detect coding style violations","messageBody":"","tags":["A-CheckStyle"],"fileTypesAndContributionMap":{"gradle":{"insertions":7,"deletions":0},"java":{"insertions":2,"deletions":2}}},{"hash":"65ade8ad3b8e72fbaee875bfdfc29dcf2fe603e3","isMergeCommit":false,"messageTitle":"Add Javafx Dependencies","messageBody":"","fileTypesAndContributionMap":{"gradle":{"insertions":15,"deletions":0}}},{"hash":"743c674fec9f8753a4746433fdb4cd5c717f1b45","isMergeCommit":false,"messageTitle":"Add Anchorpane and dialog box","messageBody":"","fileTypesAndContributionMap":{"java":{"insertions":61,"deletions":0}}}]},{"date":"2026-02-03T00:00:00","commitResults":[{"hash":"d8add0763fcd810f2d38fe8a3ac28dbb8d54c0cb","isMergeCommit":false,"messageTitle":"Add styling for dialogbox","messageBody":"","fileTypesAndContributionMap":{"gradle":{"insertions":1,"deletions":1},"java":{"insertions":51,"deletions":0}}},{"hash":"d159ca9d58dc2f741759f55109fce3bd2b0ec0b0","isMergeCommit":false,"messageTitle":"Improve styling for dialog box","messageBody":"","fileTypesAndContributionMap":{"java":{"insertions":54,"deletions":3}}},{"hash":"4886c509ea52f78b1fd0878714370243a65e6079","isMergeCommit":false,"messageTitle":"Use fxml for organization","messageBody":"","tags":["Level-10"],"fileTypesAndContributionMap":{"fxml":{"insertions":65,"deletions":0},"java":{"insertions":93,"deletions":96}}}]},{"date":"2026-02-07T00:00:00","commitResults":[{"hash":"e3b37c1fba66842afd7512b5025a470a331ee98d","isMergeCommit":false,"messageTitle":"Add vargs in UI.java for better readability","messageBody":"","tags":["A-Varargs"],"fileTypesAndContributionMap":{"txt":{"insertions":1,"deletions":1},"java":{"insertions":34,"deletions":23}}}]},{"date":"2026-02-08T00:00:00","commitResults":[{"hash":"de7a1aed65d3f8621960481be815d373ae5b0c39","isMergeCommit":false,"messageTitle":"Add assertions for TaskList","messageBody":"Add assertions to validate index bounds and ensure task list is not null before any operations is performed on it. Helps to prevent invalid states or out of bound errors.\n","fileTypesAndContributionMap":{"java":{"insertions":3,"deletions":0}}}]},{"date":"2026-02-11T00:00:00","commitResults":[{"hash":"e28bde9f00a0491b4186f7108b159c19722c1cfc","isMergeCommit":false,"messageTitle":"Add assertions for Commands","messageBody":"Add assertions to validate that the task list, ui object, and storage are not null before any commands is performed using them. Helps to prevent invalid states.\n","fileTypesAndContributionMap":{"java":{"insertions":35,"deletions":0}}},{"hash":"a321f46d4ced3fa70eff3ec89390c1a33c6961b2","isMergeCommit":false,"messageTitle":"Remove the printing of line breaks in the UI, uses a printBox method instead","messageBody":"","fileTypesAndContributionMap":{"java":{"insertions":8,"deletions":5}}},{"hash":"3096443ad4e488b991ed23271abb546d974fe1c9","isMergeCommit":false,"messageTitle":"Remove magic numbers in Parser.java","messageBody":"","fileTypesAndContributionMap":{"java":{"insertions":15,"deletions":7}}},{"hash":"650de12002acf03535f8b28ea983f400eba1d153","isMergeCommit":false,"messageTitle":"Add CommandParser to help reduce the parse method below 30 lines","messageBody":"","fileTypesAndContributionMap":{"txt":{"insertions":1,"deletions":1},"java":{"insertions":27,"deletions":34}}},{"hash":"7501a95bbbac261b72563b17ab260209b4169fd6","isMergeCommit":false,"messageTitle":"Change some loops in UI to use streams","messageBody":"","fileTypesAndContributionMap":{"txt":{"insertions":1,"deletions":1},"java":{"insertions":8,"deletions":6}}},{"hash":"b09918086ba5ee0992116f0f597719106aed971a","isMergeCommit":true,"messageTitle":"Merge pull request #1 from Achiack/branch-A-Assertions","messageBody":"Branch a assertions","tags":["A-FullCommitMessage","A-Assertions"],"fileTypesAndContributionMap":{}},{"hash":"d5e68c0b59249c8bceb82f3144c1d2e5a5b632cf","isMergeCommit":true,"messageTitle":"Merge pull request #2 from Achiack/branch-A-CodeQuality","messageBody":"Branch a code quality","tags":["A-CodeQuality"],"fileTypesAndContributionMap":{}},{"hash":"a66faf7de1917480c7ddf502499e2e80bb3e0a17","isMergeCommit":true,"messageTitle":"Merge pull request #3 from Achiack/branch-A-Streams","messageBody":"Branch a streams","tags":["A-Streams"],"fileTypesAndContributionMap":{}}]},{"date":"2026-02-17T00:00:00","commitResults":[{"hash":"cc48f0cfe4a65c634a70108070416f627bc3d862","isMergeCommit":false,"messageTitle":"Use LLM to make missing javadocs for some methods","messageBody":"","tags":["A-AiAssisted"],"fileTypesAndContributionMap":{"java":{"insertions":21,"deletions":0}}}]},{"date":"2026-02-18T00:00:00","commitResults":[{"hash":"74711b4a73ec470ea3eb9eec98531d3c14cbfac6","isMergeCommit":false,"messageTitle":"Add SortCommand to allow user to sort deadlines","messageBody":"","fileTypesAndContributionMap":{"txt":{"insertions":0,"deletions":5},"java":{"insertions":61,"deletions":2}}},{"hash":"4af6c79673fa082587c7514f4f6c6ab394371612","isMergeCommit":false,"messageTitle":"Change Duke to Monad","messageBody":"","tags":["BCD-Extension"],"fileTypesAndContributionMap":{"txt":{"insertions":4,"deletions":0},"java":{"insertions":1,"deletions":1}}},{"hash":"cc63ce43e31fb23f124b46029aa4d6814e2e82c1","isMergeCommit":false,"messageTitle":"Change Commands to return strings","messageBody":"","fileTypesAndContributionMap":{"java":{"insertions":64,"deletions":34}}},{"hash":"a50deab44e802cd9b32d30adad4c32b9e9586499","isMergeCommit":false,"messageTitle":"Add spacing between profile image and text","messageBody":"","fileTypesAndContributionMap":{"txt":{"insertions":3,"deletions":2},"fxml":{"insertions":1,"deletions":0}}},{"hash":"bbb98ef2820950d4ded033a3832a1f7025f1a3e6","isMergeCommit":false,"messageTitle":"Change font and font size to be more readable","messageBody":"","tags":["A-BetterGui"],"fileTypesAndContributionMap":{"fxml":{"insertions":12,"deletions":2},"java":{"insertions":4,"deletions":6}}},{"hash":"aa984c2e26d56f4a48c3e9be95a03a2b1f1c7ad2","isMergeCommit":false,"messageTitle":"Change Images and Add Ui.png","messageBody":"","fileTypesAndContributionMap":{"txt":{"insertions":2,"deletions":1},"java":{"insertions":4,"deletions":2}}}]},{"date":"2026-02-19T00:00:00","commitResults":[{"hash":"3af2b65de0df2bffdfc9ab0404d1f519fa7e6932","isMergeCommit":false,"messageTitle":"Update README.md","messageBody":"","tags":["A-UserGuide","A-Release"],"fileTypesAndContributionMap":{"txt":{"insertions":1,"deletions":0},"md":{"insertions":70,"deletions":14}}}]}]},"authorFileTypeContributionMap":{"Achiack":{"java":1612,"md":70,"fxml":76,"sh":0,"bat":1,"gradle":24,"txt":14}},"authorContributionVariance":{"Achiack":31027.291},"authorDisplayNameMap":{"Achiack":"CS2103T-T12-4 CHIA..STON"}}
