[{"path":"src/main/java/Leo.java","fileType":"java","lines":[{"lineNumber":1,"author":{"gitId":"xdewu0508"},"content":"import java.util.Scanner;","lastModifiedDate":"2026-01-30T15:19:47","isFullCredit":false},{"lineNumber":2,"author":{"gitId":"xdewu0508"},"content":"","lastModifiedDate":"2026-01-30T15:37:03","isFullCredit":false},{"lineNumber":3,"author":{"gitId":"xdewu0508"},"content":"public class Leo {","lastModifiedDate":"2026-01-23T15:48:13","isFullCredit":false},{"lineNumber":4,"author":{"gitId":"xdewu0508"},"content":"    private static final String LINE \u003d \"____________________________________________________________\";","lastModifiedDate":"2026-01-30T15:37:03","isFullCredit":false},{"lineNumber":5,"author":{"gitId":"xdewu0508"},"content":"    private static final int MAX_TASKS \u003d 100;","lastModifiedDate":"2026-01-30T15:37:03","isFullCredit":false},{"lineNumber":6,"author":{"gitId":"xdewu0508"},"content":"","lastModifiedDate":"2026-01-30T15:37:03","isFullCredit":false},{"lineNumber":7,"author":{"gitId":"xdewu0508"},"content":"    public static void main(String[] args) {","lastModifiedDate":"2026-01-23T15:48:13","isFullCredit":false},{"lineNumber":8,"author":{"gitId":"xdewu0508"},"content":"        Scanner scanner \u003d new Scanner(System.in);","lastModifiedDate":"2026-01-30T15:19:47","isFullCredit":false},{"lineNumber":9,"author":{"gitId":"xdewu0508"},"content":"        String[] tasks \u003d new String[MAX_TASKS];","lastModifiedDate":"2026-01-30T15:37:03","isFullCredit":false},{"lineNumber":10,"author":{"gitId":"xdewu0508"},"content":"        int taskCount \u003d 0;","lastModifiedDate":"2026-01-30T15:37:03","isFullCredit":false},{"lineNumber":11,"author":{"gitId":"xdewu0508"},"content":"","lastModifiedDate":"2026-01-30T15:37:03","isFullCredit":false},{"lineNumber":12,"author":{"gitId":"xdewu0508"},"content":"        printGreeting();","lastModifiedDate":"2026-01-30T15:37:03","isFullCredit":false},{"lineNumber":13,"author":{"gitId":"xdewu0508"},"content":"","lastModifiedDate":"2026-01-30T15:37:03","isFullCredit":false},{"lineNumber":14,"author":{"gitId":"xdewu0508"},"content":"        while (true) {","lastModifiedDate":"2026-01-30T15:19:47","isFullCredit":false},{"lineNumber":15,"author":{"gitId":"xdewu0508"},"content":"            String task \u003d scanner.nextLine().trim();","lastModifiedDate":"2026-01-30T15:37:03","isFullCredit":false},{"lineNumber":16,"author":{"gitId":"xdewu0508"},"content":"","lastModifiedDate":"2026-01-30T15:37:03","isFullCredit":false},{"lineNumber":17,"author":{"gitId":"xdewu0508"},"content":"            if (task.equals(\"bye\")) {","lastModifiedDate":"2026-01-30T15:37:03","isFullCredit":false},{"lineNumber":18,"author":{"gitId":"xdewu0508"},"content":"                printGoodbye();","lastModifiedDate":"2026-01-30T15:37:03","isFullCredit":false},{"lineNumber":19,"author":{"gitId":"xdewu0508"},"content":"                break;","lastModifiedDate":"2026-01-30T15:19:47","isFullCredit":false},{"lineNumber":20,"author":{"gitId":"xdewu0508"},"content":"            }","lastModifiedDate":"2026-01-30T15:19:47","isFullCredit":false},{"lineNumber":21,"author":{"gitId":"xdewu0508"},"content":"","lastModifiedDate":"2026-01-30T15:37:03","isFullCredit":false},{"lineNumber":22,"author":{"gitId":"xdewu0508"},"content":"            if (task.equals(\"list\")) {","lastModifiedDate":"2026-01-30T15:37:03","isFullCredit":false},{"lineNumber":23,"author":{"gitId":"xdewu0508"},"content":"                printList(tasks, taskCount);","lastModifiedDate":"2026-01-30T15:37:03","isFullCredit":false},{"lineNumber":24,"author":{"gitId":"xdewu0508"},"content":"                continue;","lastModifiedDate":"2026-01-30T15:37:03","isFullCredit":false},{"lineNumber":25,"author":{"gitId":"xdewu0508"},"content":"            }","lastModifiedDate":"2026-01-30T15:37:03","isFullCredit":false},{"lineNumber":26,"author":{"gitId":"xdewu0508"},"content":"","lastModifiedDate":"2026-01-30T15:37:03","isFullCredit":false},{"lineNumber":27,"author":{"gitId":"xdewu0508"},"content":"            if (taskCount \u003c MAX_TASKS) {","lastModifiedDate":"2026-01-30T15:37:03","isFullCredit":false},{"lineNumber":28,"author":{"gitId":"xdewu0508"},"content":"                tasks[taskCount] \u003d task;","lastModifiedDate":"2026-01-30T15:37:03","isFullCredit":false},{"lineNumber":29,"author":{"gitId":"xdewu0508"},"content":"                taskCount++;","lastModifiedDate":"2026-01-30T15:37:03","isFullCredit":false},{"lineNumber":30,"author":{"gitId":"xdewu0508"},"content":"                printAdded(task);","lastModifiedDate":"2026-01-30T15:37:03","isFullCredit":false},{"lineNumber":31,"author":{"gitId":"xdewu0508"},"content":"            } else {","lastModifiedDate":"2026-01-30T15:37:03","isFullCredit":false},{"lineNumber":32,"author":{"gitId":"xdewu0508"},"content":"                printBox(\"Too many tasks. I can only store up to \" + MAX_TASKS + \" tasks. \");","lastModifiedDate":"2026-01-30T15:37:03","isFullCredit":false},{"lineNumber":33,"author":{"gitId":"xdewu0508"},"content":"            }","lastModifiedDate":"2026-01-30T15:37:03","isFullCredit":false},{"lineNumber":34,"author":{"gitId":"xdewu0508"},"content":"        }","lastModifiedDate":"2026-01-30T15:37:03","isFullCredit":false},{"lineNumber":35,"author":{"gitId":"xdewu0508"},"content":"    }","lastModifiedDate":"2026-01-30T15:37:03","isFullCredit":false},{"lineNumber":36,"author":{"gitId":"xdewu0508"},"content":"","lastModifiedDate":"2026-01-30T15:37:03","isFullCredit":false},{"lineNumber":37,"author":{"gitId":"xdewu0508"},"content":"    private static void printLine() {","lastModifiedDate":"2026-01-30T15:37:03","isFullCredit":false},{"lineNumber":38,"author":{"gitId":"xdewu0508"},"content":"        System.out.println(LINE);","lastModifiedDate":"2026-01-30T15:37:03","isFullCredit":false},{"lineNumber":39,"author":{"gitId":"xdewu0508"},"content":"    }","lastModifiedDate":"2026-01-30T15:37:03","isFullCredit":false},{"lineNumber":40,"author":{"gitId":"xdewu0508"},"content":"","lastModifiedDate":"2026-01-30T15:37:03","isFullCredit":false},{"lineNumber":41,"author":{"gitId":"xdewu0508"},"content":"    private static void printGreeting() {","lastModifiedDate":"2026-01-30T15:37:03","isFullCredit":false},{"lineNumber":42,"author":{"gitId":"xdewu0508"},"content":"        printLine();","lastModifiedDate":"2026-01-30T15:37:03","isFullCredit":false},{"lineNumber":43,"author":{"gitId":"xdewu0508"},"content":"        System.out.println(\"Hello! I\u0027m Leo\");","lastModifiedDate":"2026-01-30T15:37:03","isFullCredit":false},{"lineNumber":44,"author":{"gitId":"xdewu0508"},"content":"        System.out.println(\"What can I do for you?\");","lastModifiedDate":"2026-01-30T15:37:03","isFullCredit":false},{"lineNumber":45,"author":{"gitId":"xdewu0508"},"content":"        printLine();","lastModifiedDate":"2026-01-30T15:37:03","isFullCredit":false},{"lineNumber":46,"author":{"gitId":"xdewu0508"},"content":"    }","lastModifiedDate":"2026-01-30T15:37:03","isFullCredit":false},{"lineNumber":47,"author":{"gitId":"xdewu0508"},"content":"","lastModifiedDate":"2026-01-30T15:37:03","isFullCredit":false},{"lineNumber":48,"author":{"gitId":"xdewu0508"},"content":"    private static void printGoodbye() {","lastModifiedDate":"2026-01-30T15:37:03","isFullCredit":false},{"lineNumber":49,"author":{"gitId":"xdewu0508"},"content":"        printLine();","lastModifiedDate":"2026-01-30T15:37:03","isFullCredit":false},{"lineNumber":50,"author":{"gitId":"xdewu0508"},"content":"        System.out.println(\"Bye. Hope to see you again soon!\");","lastModifiedDate":"2026-01-30T15:37:03","isFullCredit":false},{"lineNumber":51,"author":{"gitId":"xdewu0508"},"content":"        printLine();","lastModifiedDate":"2026-01-30T15:37:03","isFullCredit":false},{"lineNumber":52,"author":{"gitId":"xdewu0508"},"content":"    }","lastModifiedDate":"2026-01-30T15:37:03","isFullCredit":false},{"lineNumber":53,"author":{"gitId":"xdewu0508"},"content":"","lastModifiedDate":"2026-01-30T15:37:03","isFullCredit":false},{"lineNumber":54,"author":{"gitId":"xdewu0508"},"content":"    private static void printAdded(String task) {","lastModifiedDate":"2026-01-30T15:37:03","isFullCredit":false},{"lineNumber":55,"author":{"gitId":"xdewu0508"},"content":"        printLine();","lastModifiedDate":"2026-01-30T15:37:03","isFullCredit":false},{"lineNumber":56,"author":{"gitId":"xdewu0508"},"content":"        System.out.println(\"added: \" + task);","lastModifiedDate":"2026-01-30T15:37:03","isFullCredit":false},{"lineNumber":57,"author":{"gitId":"xdewu0508"},"content":"        printLine();","lastModifiedDate":"2026-01-30T15:37:03","isFullCredit":false},{"lineNumber":58,"author":{"gitId":"xdewu0508"},"content":"    }","lastModifiedDate":"2026-01-30T15:37:03","isFullCredit":false},{"lineNumber":59,"author":{"gitId":"xdewu0508"},"content":"","lastModifiedDate":"2026-01-30T15:37:03","isFullCredit":false},{"lineNumber":60,"author":{"gitId":"xdewu0508"},"content":"    private static void printList(String[] tasks, int taskCount) {","lastModifiedDate":"2026-01-30T15:37:03","isFullCredit":false},{"lineNumber":61,"author":{"gitId":"xdewu0508"},"content":"        printLine();","lastModifiedDate":"2026-01-30T15:37:03","isFullCredit":false},{"lineNumber":62,"author":{"gitId":"xdewu0508"},"content":"        for (int i \u003d 0; i \u003c taskCount; i++) {","lastModifiedDate":"2026-01-30T15:37:03","isFullCredit":false},{"lineNumber":63,"author":{"gitId":"xdewu0508"},"content":"            System.out.println((i + 1) + \". \" + tasks[i]);","lastModifiedDate":"2026-01-30T15:37:03","isFullCredit":false},{"lineNumber":64,"author":{"gitId":"xdewu0508"},"content":"        }","lastModifiedDate":"2026-01-30T15:19:47","isFullCredit":false},{"lineNumber":65,"author":{"gitId":"xdewu0508"},"content":"        printLine();","lastModifiedDate":"2026-01-30T15:37:03","isFullCredit":false},{"lineNumber":66,"author":{"gitId":"xdewu0508"},"content":"    }","lastModifiedDate":"2026-01-30T15:37:03","isFullCredit":false},{"lineNumber":67,"author":{"gitId":"xdewu0508"},"content":"","lastModifiedDate":"2026-01-30T15:37:03","isFullCredit":false},{"lineNumber":68,"author":{"gitId":"xdewu0508"},"content":"    private static void printBox(String message) {","lastModifiedDate":"2026-01-30T15:37:03","isFullCredit":false},{"lineNumber":69,"author":{"gitId":"xdewu0508"},"content":"","lastModifiedDate":"2026-01-30T15:37:03","isFullCredit":false},{"lineNumber":70,"author":{"gitId":"xdewu0508"},"content":"    }","lastModifiedDate":"2026-01-23T15:48:13","isFullCredit":false},{"lineNumber":71,"author":{"gitId":"xdewu0508"},"content":"}","lastModifiedDate":"2026-01-23T15:48:13","isFullCredit":false}],"authorContributionMap":{"xdewu0508":71}}]
