[{"path":"src/main/java/Deadline.java","fileType":"java","lines":[{"lineNumber":1,"author":{"gitId":"xdewu0508"},"content":"public class Deadline extends Task {","lastModifiedDate":"2026-02-01T16:58:41","isFullCredit":false},{"lineNumber":2,"author":{"gitId":"xdewu0508"},"content":"    protected String by;","lastModifiedDate":"2026-02-01T16:58:41","isFullCredit":false},{"lineNumber":3,"author":{"gitId":"xdewu0508"},"content":"","lastModifiedDate":"2026-02-01T16:58:41","isFullCredit":false},{"lineNumber":4,"author":{"gitId":"xdewu0508"},"content":"    public Deadline(String description, String by) {","lastModifiedDate":"2026-02-01T16:58:41","isFullCredit":false},{"lineNumber":5,"author":{"gitId":"xdewu0508"},"content":"        super(description);","lastModifiedDate":"2026-02-01T16:58:41","isFullCredit":false},{"lineNumber":6,"author":{"gitId":"xdewu0508"},"content":"        this.by \u003d by;","lastModifiedDate":"2026-02-01T16:58:41","isFullCredit":false},{"lineNumber":7,"author":{"gitId":"xdewu0508"},"content":"    }","lastModifiedDate":"2026-02-01T16:58:41","isFullCredit":false},{"lineNumber":8,"author":{"gitId":"xdewu0508"},"content":"","lastModifiedDate":"2026-02-01T16:58:41","isFullCredit":false},{"lineNumber":9,"author":{"gitId":"xdewu0508"},"content":"    @Override","lastModifiedDate":"2026-02-01T16:58:41","isFullCredit":false},{"lineNumber":10,"author":{"gitId":"xdewu0508"},"content":"    public String toString() {","lastModifiedDate":"2026-02-01T16:58:41","isFullCredit":false},{"lineNumber":11,"author":{"gitId":"xdewu0508"},"content":"        return \"[D]\" + super.toString() + \" (by: \" + by + \")\";","lastModifiedDate":"2026-02-01T16:58:41","isFullCredit":false},{"lineNumber":12,"author":{"gitId":"xdewu0508"},"content":"    }","lastModifiedDate":"2026-02-01T16:58:41","isFullCredit":false},{"lineNumber":13,"author":{"gitId":"xdewu0508"},"content":"}","lastModifiedDate":"2026-02-01T16:58:41","isFullCredit":false}],"authorContributionMap":{"xdewu0508":13}},{"path":"src/main/java/Event.java","fileType":"java","lines":[{"lineNumber":1,"author":{"gitId":"xdewu0508"},"content":"public class Event extends Task {","lastModifiedDate":"2026-02-01T16:58:41","isFullCredit":false},{"lineNumber":2,"author":{"gitId":"xdewu0508"},"content":"    protected String from;","lastModifiedDate":"2026-02-01T16:58:41","isFullCredit":false},{"lineNumber":3,"author":{"gitId":"xdewu0508"},"content":"    protected String to;","lastModifiedDate":"2026-02-01T16:58:41","isFullCredit":false},{"lineNumber":4,"author":{"gitId":"xdewu0508"},"content":"","lastModifiedDate":"2026-02-01T16:58:41","isFullCredit":false},{"lineNumber":5,"author":{"gitId":"xdewu0508"},"content":"    public Event(String description, String from, String to) {","lastModifiedDate":"2026-02-01T16:58:41","isFullCredit":false},{"lineNumber":6,"author":{"gitId":"xdewu0508"},"content":"        super(description);","lastModifiedDate":"2026-02-01T16:58:41","isFullCredit":false},{"lineNumber":7,"author":{"gitId":"xdewu0508"},"content":"        this.from \u003d from;","lastModifiedDate":"2026-02-01T16:58:41","isFullCredit":false},{"lineNumber":8,"author":{"gitId":"xdewu0508"},"content":"        this.to \u003d to;","lastModifiedDate":"2026-02-01T16:58:41","isFullCredit":false},{"lineNumber":9,"author":{"gitId":"xdewu0508"},"content":"    }","lastModifiedDate":"2026-02-01T16:58:41","isFullCredit":false},{"lineNumber":10,"author":{"gitId":"xdewu0508"},"content":"","lastModifiedDate":"2026-02-01T16:58:41","isFullCredit":false},{"lineNumber":11,"author":{"gitId":"xdewu0508"},"content":"    @Override","lastModifiedDate":"2026-02-01T16:58:41","isFullCredit":false},{"lineNumber":12,"author":{"gitId":"xdewu0508"},"content":"    public String toString() {","lastModifiedDate":"2026-02-01T16:58:41","isFullCredit":false},{"lineNumber":13,"author":{"gitId":"xdewu0508"},"content":"        return \"[E]\" + super.toString() + \" (from: \" + from + \" to: \" + to + \")\";","lastModifiedDate":"2026-02-01T16:58:41","isFullCredit":false},{"lineNumber":14,"author":{"gitId":"xdewu0508"},"content":"    }","lastModifiedDate":"2026-02-01T16:58:41","isFullCredit":false},{"lineNumber":15,"author":{"gitId":"xdewu0508"},"content":"}","lastModifiedDate":"2026-02-01T16:58:41","isFullCredit":false}],"authorContributionMap":{"xdewu0508":15}},{"path":"src/main/java/Leo.java","fileType":"java","lines":[{"lineNumber":1,"author":{"gitId":"xdewu0508"},"content":"import java.util.Scanner;","lastModifiedDate":"2026-01-30T15:19:47","isFullCredit":false},{"lineNumber":2,"author":{"gitId":"xdewu0508"},"content":"","lastModifiedDate":"2026-01-30T15:37:03","isFullCredit":false},{"lineNumber":3,"author":{"gitId":"xdewu0508"},"content":"public class Leo {","lastModifiedDate":"2026-01-23T15:48:13","isFullCredit":false},{"lineNumber":4,"author":{"gitId":"xdewu0508"},"content":"    private static final String LINE \u003d \"____________________________________________________________\";","lastModifiedDate":"2026-01-30T15:37:03","isFullCredit":false},{"lineNumber":5,"author":{"gitId":"xdewu0508"},"content":"    private static final int MAX_TASKS \u003d 100;","lastModifiedDate":"2026-01-30T15:37:03","isFullCredit":false},{"lineNumber":6,"author":{"gitId":"xdewu0508"},"content":"","lastModifiedDate":"2026-01-30T15:37:03","isFullCredit":false},{"lineNumber":7,"author":{"gitId":"xdewu0508"},"content":"    public static void main(String[] args) {","lastModifiedDate":"2026-01-23T15:48:13","isFullCredit":false},{"lineNumber":8,"author":{"gitId":"xdewu0508"},"content":"        Scanner scanner \u003d new Scanner(System.in);","lastModifiedDate":"2026-01-30T15:19:47","isFullCredit":false},{"lineNumber":9,"author":{"gitId":"xdewu0508"},"content":"        Task[] tasks \u003d new Task[MAX_TASKS];","lastModifiedDate":"2026-02-01T16:48:08","isFullCredit":false},{"lineNumber":10,"author":{"gitId":"xdewu0508"},"content":"        int taskCount \u003d 0;","lastModifiedDate":"2026-01-30T15:37:03","isFullCredit":false},{"lineNumber":11,"author":{"gitId":"xdewu0508"},"content":"","lastModifiedDate":"2026-01-30T15:37:03","isFullCredit":false},{"lineNumber":12,"author":{"gitId":"xdewu0508"},"content":"        printGreeting();","lastModifiedDate":"2026-01-30T15:37:03","isFullCredit":false},{"lineNumber":13,"author":{"gitId":"xdewu0508"},"content":"","lastModifiedDate":"2026-01-30T15:37:03","isFullCredit":false},{"lineNumber":14,"author":{"gitId":"xdewu0508"},"content":"        while (true) {","lastModifiedDate":"2026-01-30T15:19:47","isFullCredit":false},{"lineNumber":15,"author":{"gitId":"xdewu0508"},"content":"            String input \u003d scanner.nextLine().trim();","lastModifiedDate":"2026-02-01T16:48:08","isFullCredit":false},{"lineNumber":16,"author":{"gitId":"xdewu0508"},"content":"","lastModifiedDate":"2026-01-30T15:37:03","isFullCredit":false},{"lineNumber":17,"author":{"gitId":"xdewu0508"},"content":"            if (input.equals(\"bye\")) {","lastModifiedDate":"2026-02-01T16:48:08","isFullCredit":false},{"lineNumber":18,"author":{"gitId":"xdewu0508"},"content":"                printGoodbye();","lastModifiedDate":"2026-01-30T15:37:03","isFullCredit":false},{"lineNumber":19,"author":{"gitId":"xdewu0508"},"content":"                break;","lastModifiedDate":"2026-01-30T15:19:47","isFullCredit":false},{"lineNumber":20,"author":{"gitId":"xdewu0508"},"content":"            }","lastModifiedDate":"2026-01-30T15:19:47","isFullCredit":false},{"lineNumber":21,"author":{"gitId":"xdewu0508"},"content":"","lastModifiedDate":"2026-01-30T15:37:03","isFullCredit":false},{"lineNumber":22,"author":{"gitId":"xdewu0508"},"content":"            if (input.equals(\"list\")) {","lastModifiedDate":"2026-02-01T16:48:08","isFullCredit":false},{"lineNumber":23,"author":{"gitId":"xdewu0508"},"content":"                printList(tasks, taskCount);","lastModifiedDate":"2026-01-30T15:37:03","isFullCredit":false},{"lineNumber":24,"author":{"gitId":"xdewu0508"},"content":"                continue;","lastModifiedDate":"2026-01-30T15:37:03","isFullCredit":false},{"lineNumber":25,"author":{"gitId":"xdewu0508"},"content":"            }","lastModifiedDate":"2026-01-30T15:37:03","isFullCredit":false},{"lineNumber":26,"author":{"gitId":"xdewu0508"},"content":"","lastModifiedDate":"2026-01-30T15:37:03","isFullCredit":false},{"lineNumber":27,"author":{"gitId":"xdewu0508"},"content":"            if (input.startsWith(\"mark \")) {","lastModifiedDate":"2026-02-01T16:48:08","isFullCredit":false},{"lineNumber":28,"author":{"gitId":"xdewu0508"},"content":"                int index \u003d parseIndex(input); // 0-based","lastModifiedDate":"2026-02-01T16:48:08","isFullCredit":false},{"lineNumber":29,"author":{"gitId":"xdewu0508"},"content":"                tasks[index].markAsDone();","lastModifiedDate":"2026-02-01T16:48:08","isFullCredit":false},{"lineNumber":30,"author":{"gitId":"xdewu0508"},"content":"                printMarked(tasks[index]);","lastModifiedDate":"2026-02-01T16:48:08","isFullCredit":false},{"lineNumber":31,"author":{"gitId":"xdewu0508"},"content":"                continue;","lastModifiedDate":"2026-02-01T16:48:08","isFullCredit":false},{"lineNumber":32,"author":{"gitId":"xdewu0508"},"content":"            }","lastModifiedDate":"2026-02-01T16:48:08","isFullCredit":false},{"lineNumber":33,"author":{"gitId":"xdewu0508"},"content":"","lastModifiedDate":"2026-02-01T16:48:08","isFullCredit":false},{"lineNumber":34,"author":{"gitId":"xdewu0508"},"content":"            if (input.startsWith(\"unmark \")) {","lastModifiedDate":"2026-02-01T16:48:08","isFullCredit":false},{"lineNumber":35,"author":{"gitId":"xdewu0508"},"content":"                int index \u003d parseIndex(input); // 0-based","lastModifiedDate":"2026-02-01T16:48:08","isFullCredit":false},{"lineNumber":36,"author":{"gitId":"xdewu0508"},"content":"                tasks[index].markAsNotDone();","lastModifiedDate":"2026-02-01T16:48:08","isFullCredit":false},{"lineNumber":37,"author":{"gitId":"xdewu0508"},"content":"                printUnmarked(tasks[index]);","lastModifiedDate":"2026-02-01T16:48:08","isFullCredit":false},{"lineNumber":38,"author":{"gitId":"xdewu0508"},"content":"                continue;","lastModifiedDate":"2026-02-01T16:48:08","isFullCredit":false},{"lineNumber":39,"author":{"gitId":"xdewu0508"},"content":"            }","lastModifiedDate":"2026-02-01T16:48:08","isFullCredit":false},{"lineNumber":40,"author":{"gitId":"xdewu0508"},"content":"","lastModifiedDate":"2026-02-01T16:48:08","isFullCredit":false},{"lineNumber":41,"author":{"gitId":"xdewu0508"},"content":"            if (input.startsWith(\"todo \")) {","lastModifiedDate":"2026-02-01T16:58:41","isFullCredit":false},{"lineNumber":42,"author":{"gitId":"xdewu0508"},"content":"                String desc \u003d input.substring(5).trim();","lastModifiedDate":"2026-02-01T16:58:41","isFullCredit":false},{"lineNumber":43,"author":{"gitId":"xdewu0508"},"content":"                tasks[taskCount] \u003d new Todo(desc);","lastModifiedDate":"2026-02-01T16:58:41","isFullCredit":false},{"lineNumber":44,"author":{"gitId":"xdewu0508"},"content":"                taskCount++;","lastModifiedDate":"2026-02-01T16:58:41","isFullCredit":false},{"lineNumber":45,"author":{"gitId":"xdewu0508"},"content":"                printAddedTask(tasks[taskCount - 1], taskCount);","lastModifiedDate":"2026-02-01T16:58:41","isFullCredit":false},{"lineNumber":46,"author":{"gitId":"xdewu0508"},"content":"                continue;","lastModifiedDate":"2026-02-01T16:58:41","isFullCredit":false},{"lineNumber":47,"author":{"gitId":"xdewu0508"},"content":"            }","lastModifiedDate":"2026-02-01T16:58:41","isFullCredit":false},{"lineNumber":48,"author":{"gitId":"xdewu0508"},"content":"","lastModifiedDate":"2026-02-01T16:58:41","isFullCredit":false},{"lineNumber":49,"author":{"gitId":"xdewu0508"},"content":"            if (input.startsWith(\"deadline \")) {","lastModifiedDate":"2026-02-01T16:58:41","isFullCredit":false},{"lineNumber":50,"author":{"gitId":"xdewu0508"},"content":"                String rest \u003d input.substring(9).trim();","lastModifiedDate":"2026-02-01T16:58:41","isFullCredit":false},{"lineNumber":51,"author":{"gitId":"xdewu0508"},"content":"                int byPos \u003d rest.indexOf(\"/by\");","lastModifiedDate":"2026-02-01T16:58:41","isFullCredit":false},{"lineNumber":52,"author":{"gitId":"xdewu0508"},"content":"                String desc \u003d rest.substring(0, byPos).trim();","lastModifiedDate":"2026-02-01T16:58:41","isFullCredit":false},{"lineNumber":53,"author":{"gitId":"xdewu0508"},"content":"                String by \u003d rest.substring(byPos + 3).trim();","lastModifiedDate":"2026-02-01T16:58:41","isFullCredit":false},{"lineNumber":54,"author":{"gitId":"xdewu0508"},"content":"                tasks[taskCount] \u003d new Deadline(desc, by);","lastModifiedDate":"2026-02-01T16:58:41","isFullCredit":false},{"lineNumber":55,"author":{"gitId":"xdewu0508"},"content":"                taskCount++;","lastModifiedDate":"2026-02-01T16:58:41","isFullCredit":false},{"lineNumber":56,"author":{"gitId":"xdewu0508"},"content":"                printAddedTask(tasks[taskCount - 1], taskCount);","lastModifiedDate":"2026-02-01T16:58:41","isFullCredit":false},{"lineNumber":57,"author":{"gitId":"xdewu0508"},"content":"                continue;","lastModifiedDate":"2026-02-01T16:58:41","isFullCredit":false},{"lineNumber":58,"author":{"gitId":"xdewu0508"},"content":"            }","lastModifiedDate":"2026-02-01T16:58:41","isFullCredit":false},{"lineNumber":59,"author":{"gitId":"xdewu0508"},"content":"","lastModifiedDate":"2026-02-01T16:58:41","isFullCredit":false},{"lineNumber":60,"author":{"gitId":"xdewu0508"},"content":"            if (input.startsWith(\"event \")) {","lastModifiedDate":"2026-02-01T16:58:41","isFullCredit":false},{"lineNumber":61,"author":{"gitId":"xdewu0508"},"content":"                String rest \u003d input.substring(6).trim();","lastModifiedDate":"2026-02-01T16:58:41","isFullCredit":false},{"lineNumber":62,"author":{"gitId":"xdewu0508"},"content":"                int fromPos \u003d rest.indexOf(\"/from\");","lastModifiedDate":"2026-02-01T16:58:41","isFullCredit":false},{"lineNumber":63,"author":{"gitId":"xdewu0508"},"content":"                int toPos \u003d rest.indexOf(\"/to\");","lastModifiedDate":"2026-02-01T16:58:41","isFullCredit":false},{"lineNumber":64,"author":{"gitId":"xdewu0508"},"content":"                String desc \u003d rest.substring(0, fromPos).trim();","lastModifiedDate":"2026-02-01T16:58:41","isFullCredit":false},{"lineNumber":65,"author":{"gitId":"xdewu0508"},"content":"                String from \u003d rest.substring(fromPos + 5, toPos).trim();","lastModifiedDate":"2026-02-01T16:58:41","isFullCredit":false},{"lineNumber":66,"author":{"gitId":"xdewu0508"},"content":"                String to \u003d rest.substring(toPos + 3).trim();","lastModifiedDate":"2026-02-01T16:58:41","isFullCredit":false},{"lineNumber":67,"author":{"gitId":"xdewu0508"},"content":"                tasks[taskCount] \u003d new Event(desc, from, to);","lastModifiedDate":"2026-02-01T16:58:41","isFullCredit":false},{"lineNumber":68,"author":{"gitId":"xdewu0508"},"content":"                taskCount++;","lastModifiedDate":"2026-02-01T16:58:41","isFullCredit":false},{"lineNumber":69,"author":{"gitId":"xdewu0508"},"content":"                printAddedTask(tasks[taskCount - 1], taskCount);","lastModifiedDate":"2026-02-01T16:58:41","isFullCredit":false},{"lineNumber":70,"author":{"gitId":"xdewu0508"},"content":"                continue;","lastModifiedDate":"2026-02-01T16:58:41","isFullCredit":false},{"lineNumber":71,"author":{"gitId":"xdewu0508"},"content":"            }","lastModifiedDate":"2026-02-01T16:58:41","isFullCredit":false},{"lineNumber":72,"author":{"gitId":"xdewu0508"},"content":"","lastModifiedDate":"2026-02-01T16:58:41","isFullCredit":false},{"lineNumber":73,"author":{"gitId":"xdewu0508"},"content":"            if (taskCount \u003c MAX_TASKS) {","lastModifiedDate":"2026-01-30T15:37:03","isFullCredit":false},{"lineNumber":74,"author":{"gitId":"xdewu0508"},"content":"                tasks[taskCount] \u003d new Todo(input);","lastModifiedDate":"2026-02-01T16:58:41","isFullCredit":false},{"lineNumber":75,"author":{"gitId":"xdewu0508"},"content":"                taskCount++;","lastModifiedDate":"2026-01-30T15:37:03","isFullCredit":false},{"lineNumber":76,"author":{"gitId":"xdewu0508"},"content":"                printAddedTask(tasks[taskCount - 1], taskCount);","lastModifiedDate":"2026-02-01T16:58:41","isFullCredit":false},{"lineNumber":77,"author":{"gitId":"xdewu0508"},"content":"            } else {","lastModifiedDate":"2026-01-30T15:37:03","isFullCredit":false},{"lineNumber":78,"author":{"gitId":"xdewu0508"},"content":"                printBox(\"Too many tasks. I can only store up to \" + MAX_TASKS + \" tasks. \");","lastModifiedDate":"2026-01-30T15:37:03","isFullCredit":false},{"lineNumber":79,"author":{"gitId":"xdewu0508"},"content":"            }","lastModifiedDate":"2026-01-30T15:37:03","isFullCredit":false},{"lineNumber":80,"author":{"gitId":"xdewu0508"},"content":"        }","lastModifiedDate":"2026-01-30T15:37:03","isFullCredit":false},{"lineNumber":81,"author":{"gitId":"xdewu0508"},"content":"    }","lastModifiedDate":"2026-01-30T15:37:03","isFullCredit":false},{"lineNumber":82,"author":{"gitId":"xdewu0508"},"content":"","lastModifiedDate":"2026-01-30T15:37:03","isFullCredit":false},{"lineNumber":83,"author":{"gitId":"xdewu0508"},"content":"    private static int parseIndex(String input) {","lastModifiedDate":"2026-02-01T16:48:08","isFullCredit":false},{"lineNumber":84,"author":{"gitId":"xdewu0508"},"content":"        String[] parts \u003d input.split(\" \");","lastModifiedDate":"2026-02-01T16:48:08","isFullCredit":false},{"lineNumber":85,"author":{"gitId":"xdewu0508"},"content":"        return Integer.parseInt(parts[1]) - 1;","lastModifiedDate":"2026-02-01T16:48:08","isFullCredit":false},{"lineNumber":86,"author":{"gitId":"xdewu0508"},"content":"    }","lastModifiedDate":"2026-02-01T16:48:08","isFullCredit":false},{"lineNumber":87,"author":{"gitId":"xdewu0508"},"content":"","lastModifiedDate":"2026-02-01T16:48:08","isFullCredit":false},{"lineNumber":88,"author":{"gitId":"xdewu0508"},"content":"    private static void printLine() {","lastModifiedDate":"2026-01-30T15:37:03","isFullCredit":false},{"lineNumber":89,"author":{"gitId":"xdewu0508"},"content":"        System.out.println(LINE);","lastModifiedDate":"2026-01-30T15:37:03","isFullCredit":false},{"lineNumber":90,"author":{"gitId":"xdewu0508"},"content":"    }","lastModifiedDate":"2026-01-30T15:37:03","isFullCredit":false},{"lineNumber":91,"author":{"gitId":"xdewu0508"},"content":"","lastModifiedDate":"2026-01-30T15:37:03","isFullCredit":false},{"lineNumber":92,"author":{"gitId":"xdewu0508"},"content":"    private static void printGreeting() {","lastModifiedDate":"2026-01-30T15:37:03","isFullCredit":false},{"lineNumber":93,"author":{"gitId":"xdewu0508"},"content":"        printLine();","lastModifiedDate":"2026-01-30T15:37:03","isFullCredit":false},{"lineNumber":94,"author":{"gitId":"xdewu0508"},"content":"        System.out.println(\"Hello! I\u0027m Leo\");","lastModifiedDate":"2026-01-30T15:37:03","isFullCredit":false},{"lineNumber":95,"author":{"gitId":"xdewu0508"},"content":"        System.out.println(\"What can I do for you?\");","lastModifiedDate":"2026-01-30T15:37:03","isFullCredit":false},{"lineNumber":96,"author":{"gitId":"xdewu0508"},"content":"        printLine();","lastModifiedDate":"2026-01-30T15:37:03","isFullCredit":false},{"lineNumber":97,"author":{"gitId":"xdewu0508"},"content":"    }","lastModifiedDate":"2026-01-30T15:37:03","isFullCredit":false},{"lineNumber":98,"author":{"gitId":"xdewu0508"},"content":"","lastModifiedDate":"2026-01-30T15:37:03","isFullCredit":false},{"lineNumber":99,"author":{"gitId":"xdewu0508"},"content":"    private static void printGoodbye() {","lastModifiedDate":"2026-01-30T15:37:03","isFullCredit":false},{"lineNumber":100,"author":{"gitId":"xdewu0508"},"content":"        printLine();","lastModifiedDate":"2026-01-30T15:37:03","isFullCredit":false},{"lineNumber":101,"author":{"gitId":"xdewu0508"},"content":"        System.out.println(\"Bye. Hope to see you again soon!\");","lastModifiedDate":"2026-01-30T15:37:03","isFullCredit":false},{"lineNumber":102,"author":{"gitId":"xdewu0508"},"content":"        printLine();","lastModifiedDate":"2026-01-30T15:37:03","isFullCredit":false},{"lineNumber":103,"author":{"gitId":"xdewu0508"},"content":"    }","lastModifiedDate":"2026-01-30T15:37:03","isFullCredit":false},{"lineNumber":104,"author":{"gitId":"xdewu0508"},"content":"","lastModifiedDate":"2026-01-30T15:37:03","isFullCredit":false},{"lineNumber":105,"author":{"gitId":"xdewu0508"},"content":"    private static void printAddedTask(Task task, int taskCount) {","lastModifiedDate":"2026-02-01T16:58:41","isFullCredit":false},{"lineNumber":106,"author":{"gitId":"xdewu0508"},"content":"        printLine();","lastModifiedDate":"2026-01-30T15:37:03","isFullCredit":false},{"lineNumber":107,"author":{"gitId":"xdewu0508"},"content":"        System.out.println(\"Got it. I\u0027ve added this task:\");","lastModifiedDate":"2026-02-01T16:58:41","isFullCredit":false},{"lineNumber":108,"author":{"gitId":"xdewu0508"},"content":"        System.out.println(\"  \" + task);","lastModifiedDate":"2026-02-01T16:58:41","isFullCredit":false},{"lineNumber":109,"author":{"gitId":"xdewu0508"},"content":"        System.out.println(\"Now you have \" + taskCount + \" tasks in the list.\");","lastModifiedDate":"2026-02-01T16:58:41","isFullCredit":false},{"lineNumber":110,"author":{"gitId":"xdewu0508"},"content":"        printLine();","lastModifiedDate":"2026-01-30T15:37:03","isFullCredit":false},{"lineNumber":111,"author":{"gitId":"xdewu0508"},"content":"    }","lastModifiedDate":"2026-01-30T15:37:03","isFullCredit":false},{"lineNumber":112,"author":{"gitId":"xdewu0508"},"content":"","lastModifiedDate":"2026-01-30T15:37:03","isFullCredit":false},{"lineNumber":113,"author":{"gitId":"xdewu0508"},"content":"    private static void printList(Task[] tasks, int taskCount) {","lastModifiedDate":"2026-02-01T16:48:08","isFullCredit":false},{"lineNumber":114,"author":{"gitId":"xdewu0508"},"content":"        printLine();","lastModifiedDate":"2026-01-30T15:37:03","isFullCredit":false},{"lineNumber":115,"author":{"gitId":"xdewu0508"},"content":"        System.out.println(\"Here are the tasks in your list:\");","lastModifiedDate":"2026-02-01T16:48:08","isFullCredit":false},{"lineNumber":116,"author":{"gitId":"xdewu0508"},"content":"        for (int i \u003d 0; i \u003c taskCount; i++) {","lastModifiedDate":"2026-01-30T15:37:03","isFullCredit":false},{"lineNumber":117,"author":{"gitId":"xdewu0508"},"content":"            System.out.println((i + 1) + \". \" + tasks[i]);","lastModifiedDate":"2026-01-30T15:37:03","isFullCredit":false},{"lineNumber":118,"author":{"gitId":"xdewu0508"},"content":"        }","lastModifiedDate":"2026-01-30T15:19:47","isFullCredit":false},{"lineNumber":119,"author":{"gitId":"xdewu0508"},"content":"        printLine();","lastModifiedDate":"2026-01-30T15:37:03","isFullCredit":false},{"lineNumber":120,"author":{"gitId":"xdewu0508"},"content":"    }","lastModifiedDate":"2026-01-30T15:37:03","isFullCredit":false},{"lineNumber":121,"author":{"gitId":"xdewu0508"},"content":"","lastModifiedDate":"2026-01-30T15:37:03","isFullCredit":false},{"lineNumber":122,"author":{"gitId":"xdewu0508"},"content":"    private static void printMarked(Task task) {","lastModifiedDate":"2026-02-01T16:48:08","isFullCredit":false},{"lineNumber":123,"author":{"gitId":"xdewu0508"},"content":"        printLine();","lastModifiedDate":"2026-02-01T16:48:08","isFullCredit":false},{"lineNumber":124,"author":{"gitId":"xdewu0508"},"content":"        System.out.println(\"Nice! I\u0027ve marked this task as done:\");","lastModifiedDate":"2026-02-01T16:48:08","isFullCredit":false},{"lineNumber":125,"author":{"gitId":"xdewu0508"},"content":"        System.out.println(\"  \" + task);","lastModifiedDate":"2026-02-01T16:48:08","isFullCredit":false},{"lineNumber":126,"author":{"gitId":"xdewu0508"},"content":"        printLine();","lastModifiedDate":"2026-02-01T16:48:08","isFullCredit":false},{"lineNumber":127,"author":{"gitId":"xdewu0508"},"content":"    }","lastModifiedDate":"2026-02-01T16:48:08","isFullCredit":false},{"lineNumber":128,"author":{"gitId":"xdewu0508"},"content":"","lastModifiedDate":"2026-01-30T15:37:03","isFullCredit":false},{"lineNumber":129,"author":{"gitId":"xdewu0508"},"content":"    private static void printUnmarked(Task task) {","lastModifiedDate":"2026-02-01T16:48:08","isFullCredit":false},{"lineNumber":130,"author":{"gitId":"xdewu0508"},"content":"        printLine();","lastModifiedDate":"2026-02-01T16:48:08","isFullCredit":false},{"lineNumber":131,"author":{"gitId":"xdewu0508"},"content":"        System.out.println(\"OK, I\u0027ve unmarked this task as not done yet:\");","lastModifiedDate":"2026-02-01T16:48:08","isFullCredit":false},{"lineNumber":132,"author":{"gitId":"xdewu0508"},"content":"        System.out.println(\"  \" + task);","lastModifiedDate":"2026-02-01T16:48:08","isFullCredit":false},{"lineNumber":133,"author":{"gitId":"xdewu0508"},"content":"        printLine();","lastModifiedDate":"2026-02-01T16:48:08","isFullCredit":false},{"lineNumber":134,"author":{"gitId":"xdewu0508"},"content":"    }","lastModifiedDate":"2026-02-01T16:48:08","isFullCredit":false},{"lineNumber":135,"author":{"gitId":"xdewu0508"},"content":"","lastModifiedDate":"2026-02-01T16:48:08","isFullCredit":false},{"lineNumber":136,"author":{"gitId":"xdewu0508"},"content":"    private static void printBox(String message) {","lastModifiedDate":"2026-02-01T16:48:08","isFullCredit":false},{"lineNumber":137,"author":{"gitId":"xdewu0508"},"content":"        System.out.println(LINE);","lastModifiedDate":"2026-02-01T16:48:08","isFullCredit":false},{"lineNumber":138,"author":{"gitId":"xdewu0508"},"content":"        System.out.println(message);","lastModifiedDate":"2026-02-01T16:48:08","isFullCredit":false},{"lineNumber":139,"author":{"gitId":"xdewu0508"},"content":"        System.out.println(LINE);","lastModifiedDate":"2026-02-01T16:48:08","isFullCredit":false},{"lineNumber":140,"author":{"gitId":"xdewu0508"},"content":"    }","lastModifiedDate":"2026-01-23T15:48:13","isFullCredit":false},{"lineNumber":141,"author":{"gitId":"xdewu0508"},"content":"}","lastModifiedDate":"2026-01-23T15:48:13","isFullCredit":false}],"authorContributionMap":{"xdewu0508":141}},{"path":"src/main/java/Task.java","fileType":"java","lines":[{"lineNumber":1,"author":{"gitId":"xdewu0508"},"content":"public class Task {","lastModifiedDate":"2026-02-01T16:48:08","isFullCredit":false},{"lineNumber":2,"author":{"gitId":"xdewu0508"},"content":"    protected String description;","lastModifiedDate":"2026-02-01T16:48:08","isFullCredit":false},{"lineNumber":3,"author":{"gitId":"xdewu0508"},"content":"    protected boolean isDone;","lastModifiedDate":"2026-02-01T16:48:08","isFullCredit":false},{"lineNumber":4,"author":{"gitId":"xdewu0508"},"content":"","lastModifiedDate":"2026-02-01T16:48:08","isFullCredit":false},{"lineNumber":5,"author":{"gitId":"xdewu0508"},"content":"    public Task(String description) {","lastModifiedDate":"2026-02-01T16:48:08","isFullCredit":false},{"lineNumber":6,"author":{"gitId":"xdewu0508"},"content":"        this.description \u003d description;","lastModifiedDate":"2026-02-01T16:48:08","isFullCredit":false},{"lineNumber":7,"author":{"gitId":"xdewu0508"},"content":"        this.isDone \u003d false;","lastModifiedDate":"2026-02-01T16:48:08","isFullCredit":false},{"lineNumber":8,"author":{"gitId":"xdewu0508"},"content":"    }","lastModifiedDate":"2026-02-01T16:48:08","isFullCredit":false},{"lineNumber":9,"author":{"gitId":"xdewu0508"},"content":"","lastModifiedDate":"2026-02-01T16:48:08","isFullCredit":false},{"lineNumber":10,"author":{"gitId":"xdewu0508"},"content":"    public void markAsDone() {","lastModifiedDate":"2026-02-01T16:48:08","isFullCredit":false},{"lineNumber":11,"author":{"gitId":"xdewu0508"},"content":"        isDone \u003d true;","lastModifiedDate":"2026-02-01T16:48:08","isFullCredit":false},{"lineNumber":12,"author":{"gitId":"xdewu0508"},"content":"    }","lastModifiedDate":"2026-02-01T16:48:08","isFullCredit":false},{"lineNumber":13,"author":{"gitId":"xdewu0508"},"content":"","lastModifiedDate":"2026-02-01T16:48:08","isFullCredit":false},{"lineNumber":14,"author":{"gitId":"xdewu0508"},"content":"    public void markAsNotDone() {","lastModifiedDate":"2026-02-01T16:48:08","isFullCredit":false},{"lineNumber":15,"author":{"gitId":"xdewu0508"},"content":"        isDone \u003d false;","lastModifiedDate":"2026-02-01T16:48:08","isFullCredit":false},{"lineNumber":16,"author":{"gitId":"xdewu0508"},"content":"    }","lastModifiedDate":"2026-02-01T16:48:08","isFullCredit":false},{"lineNumber":17,"author":{"gitId":"xdewu0508"},"content":"","lastModifiedDate":"2026-02-01T16:48:08","isFullCredit":false},{"lineNumber":18,"author":{"gitId":"xdewu0508"},"content":"    public String getStatusIcon() {","lastModifiedDate":"2026-02-01T16:48:08","isFullCredit":false},{"lineNumber":19,"author":{"gitId":"xdewu0508"},"content":"        return isDone ? \"X\" : \" \";","lastModifiedDate":"2026-02-01T16:48:08","isFullCredit":false},{"lineNumber":20,"author":{"gitId":"xdewu0508"},"content":"    }","lastModifiedDate":"2026-02-01T16:48:08","isFullCredit":false},{"lineNumber":21,"author":{"gitId":"xdewu0508"},"content":"","lastModifiedDate":"2026-02-01T16:48:08","isFullCredit":false},{"lineNumber":22,"author":{"gitId":"xdewu0508"},"content":"    @Override","lastModifiedDate":"2026-02-01T16:48:08","isFullCredit":false},{"lineNumber":23,"author":{"gitId":"xdewu0508"},"content":"    public String toString() {","lastModifiedDate":"2026-02-01T16:48:08","isFullCredit":false},{"lineNumber":24,"author":{"gitId":"xdewu0508"},"content":"        return \"[\" + getStatusIcon() + \"] \" + description;","lastModifiedDate":"2026-02-01T16:48:08","isFullCredit":false},{"lineNumber":25,"author":{"gitId":"xdewu0508"},"content":"    }","lastModifiedDate":"2026-02-01T16:48:08","isFullCredit":false},{"lineNumber":26,"author":{"gitId":"xdewu0508"},"content":"}","lastModifiedDate":"2026-02-01T16:48:08","isFullCredit":false}],"authorContributionMap":{"xdewu0508":26}},{"path":"src/main/java/Todo.java","fileType":"java","lines":[{"lineNumber":1,"author":{"gitId":"xdewu0508"},"content":"public class Todo extends Task {","lastModifiedDate":"2026-02-01T16:58:41","isFullCredit":false},{"lineNumber":2,"author":{"gitId":"xdewu0508"},"content":"    public Todo(String description) {","lastModifiedDate":"2026-02-01T16:58:41","isFullCredit":false},{"lineNumber":3,"author":{"gitId":"xdewu0508"},"content":"        super(description);","lastModifiedDate":"2026-02-01T16:58:41","isFullCredit":false},{"lineNumber":4,"author":{"gitId":"xdewu0508"},"content":"    }","lastModifiedDate":"2026-02-01T16:58:41","isFullCredit":false},{"lineNumber":5,"author":{"gitId":"xdewu0508"},"content":"","lastModifiedDate":"2026-02-01T16:58:41","isFullCredit":false},{"lineNumber":6,"author":{"gitId":"xdewu0508"},"content":"    @Override","lastModifiedDate":"2026-02-01T16:58:41","isFullCredit":false},{"lineNumber":7,"author":{"gitId":"xdewu0508"},"content":"    public String toString() {","lastModifiedDate":"2026-02-01T16:58:41","isFullCredit":false},{"lineNumber":8,"author":{"gitId":"xdewu0508"},"content":"        return \"[T]\" + super.toString();","lastModifiedDate":"2026-02-01T16:58:41","isFullCredit":false},{"lineNumber":9,"author":{"gitId":"xdewu0508"},"content":"    }","lastModifiedDate":"2026-02-01T16:58:41","isFullCredit":false},{"lineNumber":10,"author":{"gitId":"xdewu0508"},"content":"}","lastModifiedDate":"2026-02-01T16:58:41","isFullCredit":false}],"authorContributionMap":{"xdewu0508":10}},{"path":"text-ui-test/input.txt","fileType":"txt","lines":[{"lineNumber":1,"author":{"gitId":"xdewu0508"},"content":"todo read book","lastModifiedDate":"2026-02-01T17:06:42","isFullCredit":false},{"lineNumber":2,"author":{"gitId":"xdewu0508"},"content":"deadline return book /by Sunday","lastModifiedDate":"2026-02-01T17:06:42","isFullCredit":false},{"lineNumber":3,"author":{"gitId":"xdewu0508"},"content":"event meeting /from Mon /to Tue","lastModifiedDate":"2026-02-01T17:06:42","isFullCredit":false},{"lineNumber":4,"author":{"gitId":"xdewu0508"},"content":"mark 2","lastModifiedDate":"2026-02-01T17:06:42","isFullCredit":false},{"lineNumber":5,"author":{"gitId":"xdewu0508"},"content":"unmark 2","lastModifiedDate":"2026-02-01T17:06:42","isFullCredit":false},{"lineNumber":6,"author":{"gitId":"xdewu0508"},"content":"list","lastModifiedDate":"2026-02-01T17:06:42","isFullCredit":false},{"lineNumber":7,"author":{"gitId":"xdewu0508"},"content":"bye","lastModifiedDate":"2026-02-01T17:06:42","isFullCredit":false}],"authorContributionMap":{"xdewu0508":7}},{"path":"text-ui-test/runtest.sh","fileType":"sh","lines":[{"lineNumber":1,"author":{"gitId":"-"},"content":"#!/usr/bin/env bash","lastModifiedDate":"2020-05-25T00:03:55","isFullCredit":false},{"lineNumber":2,"author":{"gitId":"-"},"content":"","lastModifiedDate":"2020-05-25T00:03:55","isFullCredit":false},{"lineNumber":3,"author":{"gitId":"-"},"content":"# create bin directory if it doesn\u0027t exist","lastModifiedDate":"2020-05-25T00:03:55","isFullCredit":false},{"lineNumber":4,"author":{"gitId":"-"},"content":"if [ ! -d \"../bin\" ]","lastModifiedDate":"2020-05-25T00:03:55","isFullCredit":false},{"lineNumber":5,"author":{"gitId":"-"},"content":"then","lastModifiedDate":"2020-05-25T00:03:55","isFullCredit":false},{"lineNumber":6,"author":{"gitId":"-"},"content":"    mkdir ../bin","lastModifiedDate":"2020-05-25T00:03:55","isFullCredit":false},{"lineNumber":7,"author":{"gitId":"-"},"content":"fi","lastModifiedDate":"2020-05-25T00:03:55","isFullCredit":false},{"lineNumber":8,"author":{"gitId":"-"},"content":"","lastModifiedDate":"2020-05-25T00:03:55","isFullCredit":false},{"lineNumber":9,"author":{"gitId":"-"},"content":"# delete output from previous run","lastModifiedDate":"2020-05-25T00:03:55","isFullCredit":false},{"lineNumber":10,"author":{"gitId":"-"},"content":"if [ -e \"./ACTUAL.TXT\" ]","lastModifiedDate":"2020-05-25T00:03:55","isFullCredit":false},{"lineNumber":11,"author":{"gitId":"-"},"content":"then","lastModifiedDate":"2020-05-25T00:03:55","isFullCredit":false},{"lineNumber":12,"author":{"gitId":"-"},"content":"    rm ACTUAL.TXT","lastModifiedDate":"2020-05-25T00:03:55","isFullCredit":false},{"lineNumber":13,"author":{"gitId":"-"},"content":"fi","lastModifiedDate":"2020-05-25T00:03:55","isFullCredit":false},{"lineNumber":14,"author":{"gitId":"-"},"content":"","lastModifiedDate":"2020-05-25T00:03:55","isFullCredit":false},{"lineNumber":15,"author":{"gitId":"-"},"content":"# compile the code into the bin folder, terminates if error occurred","lastModifiedDate":"2020-05-25T00:03:55","isFullCredit":false},{"lineNumber":16,"author":{"gitId":"-"},"content":"if ! javac -cp ../src/main/java -Xlint:none -d ../bin ../src/main/java/*.java","lastModifiedDate":"2020-08-25T17:23:26","isFullCredit":false},{"lineNumber":17,"author":{"gitId":"-"},"content":"then","lastModifiedDate":"2020-05-25T00:03:55","isFullCredit":false},{"lineNumber":18,"author":{"gitId":"-"},"content":"    echo \"********** BUILD FAILURE **********\"","lastModifiedDate":"2020-05-25T00:03:55","isFullCredit":false},{"lineNumber":19,"author":{"gitId":"-"},"content":"    exit 1","lastModifiedDate":"2020-05-25T00:03:55","isFullCredit":false},{"lineNumber":20,"author":{"gitId":"-"},"content":"fi","lastModifiedDate":"2020-05-25T00:03:55","isFullCredit":false},{"lineNumber":21,"author":{"gitId":"-"},"content":"","lastModifiedDate":"2020-05-25T00:03:55","isFullCredit":false},{"lineNumber":22,"author":{"gitId":"-"},"content":"# run the program, feed commands from input.txt file and redirect the output to the ACTUAL.TXT","lastModifiedDate":"2020-05-25T00:03:55","isFullCredit":false},{"lineNumber":23,"author":{"gitId":"xdewu0508"},"content":"java -classpath ../bin Leo \u003c input.txt \u003e ACTUAL.TXT","lastModifiedDate":"2026-02-01T17:06:42","isFullCredit":false},{"lineNumber":24,"author":{"gitId":"-"},"content":"","lastModifiedDate":"2020-05-25T00:03:55","isFullCredit":false},{"lineNumber":25,"author":{"gitId":"-"},"content":"# convert to UNIX format","lastModifiedDate":"2020-05-25T00:03:55","isFullCredit":false},{"lineNumber":26,"author":{"gitId":"-"},"content":"cp EXPECTED.TXT EXPECTED-UNIX.TXT","lastModifiedDate":"2020-05-25T00:03:55","isFullCredit":false},{"lineNumber":27,"author":{"gitId":"-"},"content":"dos2unix ACTUAL.TXT EXPECTED-UNIX.TXT","lastModifiedDate":"2020-05-25T00:03:55","isFullCredit":false},{"lineNumber":28,"author":{"gitId":"-"},"content":"","lastModifiedDate":"2020-05-25T00:03:55","isFullCredit":false},{"lineNumber":29,"author":{"gitId":"-"},"content":"# compare the output to the expected output","lastModifiedDate":"2020-05-25T00:03:55","isFullCredit":false},{"lineNumber":30,"author":{"gitId":"-"},"content":"diff ACTUAL.TXT EXPECTED-UNIX.TXT","lastModifiedDate":"2020-05-25T00:03:55","isFullCredit":false},{"lineNumber":31,"author":{"gitId":"-"},"content":"if [ $? -eq 0 ]","lastModifiedDate":"2020-05-25T00:03:55","isFullCredit":false},{"lineNumber":32,"author":{"gitId":"-"},"content":"then","lastModifiedDate":"2020-05-25T00:03:55","isFullCredit":false},{"lineNumber":33,"author":{"gitId":"-"},"content":"    echo \"Test result: PASSED\"","lastModifiedDate":"2020-05-25T00:03:55","isFullCredit":false},{"lineNumber":34,"author":{"gitId":"-"},"content":"    exit 0","lastModifiedDate":"2020-05-25T00:03:55","isFullCredit":false},{"lineNumber":35,"author":{"gitId":"-"},"content":"else","lastModifiedDate":"2020-05-25T00:03:55","isFullCredit":false},{"lineNumber":36,"author":{"gitId":"-"},"content":"    echo \"Test result: FAILED\"","lastModifiedDate":"2020-05-25T00:03:55","isFullCredit":false},{"lineNumber":37,"author":{"gitId":"-"},"content":"    exit 1","lastModifiedDate":"2020-05-25T00:03:55","isFullCredit":false},{"lineNumber":38,"author":{"gitId":"-"},"content":"fi","lastModifiedDate":"2020-05-25T00:03:55","isFullCredit":false}],"authorContributionMap":{"xdewu0508":1,"-":37}}]
