[{"path":"src/main/java/Deadline.java","fileType":"java","lines":[{"lineNumber":1,"author":{"gitId":"altelm"},"content":"public class Deadline extends Task{","lastModifiedDate":"2026-01-21T16:10:36","isFullCredit":false},{"lineNumber":2,"author":{"gitId":"altelm"},"content":"","lastModifiedDate":"2026-01-21T16:10:36","isFullCredit":false},{"lineNumber":3,"author":{"gitId":"altelm"},"content":"    private String deadline;","lastModifiedDate":"2026-01-21T16:10:36","isFullCredit":false},{"lineNumber":4,"author":{"gitId":"altelm"},"content":"    public Deadline(String[] nameAndDeadline) {","lastModifiedDate":"2026-01-21T16:10:36","isFullCredit":false},{"lineNumber":5,"author":{"gitId":"altelm"},"content":"        super(\"D\", nameAndDeadline[0]);","lastModifiedDate":"2026-01-21T16:10:36","isFullCredit":false},{"lineNumber":6,"author":{"gitId":"altelm"},"content":"        this.deadline \u003d nameAndDeadline[1].split(\" \")[1];","lastModifiedDate":"2026-01-21T16:10:36","isFullCredit":false},{"lineNumber":7,"author":{"gitId":"altelm"},"content":"    }","lastModifiedDate":"2026-01-21T16:10:36","isFullCredit":false},{"lineNumber":8,"author":{"gitId":"altelm"},"content":"","lastModifiedDate":"2026-01-21T16:10:36","isFullCredit":false},{"lineNumber":9,"author":{"gitId":"altelm"},"content":"    @Override","lastModifiedDate":"2026-01-21T16:10:36","isFullCredit":false},{"lineNumber":10,"author":{"gitId":"altelm"},"content":"    public String toString() {","lastModifiedDate":"2026-01-21T16:10:36","isFullCredit":false},{"lineNumber":11,"author":{"gitId":"altelm"},"content":"        return super.toString() + \"(by: \" + this.deadline + \")\";","lastModifiedDate":"2026-01-21T16:10:36","isFullCredit":false},{"lineNumber":12,"author":{"gitId":"altelm"},"content":"    }","lastModifiedDate":"2026-01-21T16:10:36","isFullCredit":false},{"lineNumber":13,"author":{"gitId":"altelm"},"content":"}","lastModifiedDate":"2026-01-21T16:10:36","isFullCredit":false}],"authorContributionMap":{"altelm":13}},{"path":"src/main/java/Esm.java","fileType":"java","lines":[{"lineNumber":1,"author":{"gitId":"altelm"},"content":"import java.util.*;","lastModifiedDate":"2026-01-21T14:37:44","isFullCredit":false},{"lineNumber":2,"author":{"gitId":"altelm"},"content":"import java.io.*;","lastModifiedDate":"2026-01-21T14:37:44","isFullCredit":false},{"lineNumber":3,"author":{"gitId":"altelm"},"content":"public class Esm {","lastModifiedDate":"2026-01-21T14:11:16","isFullCredit":false},{"lineNumber":4,"author":{"gitId":"altelm"},"content":"    public static void main(String[] args) {","lastModifiedDate":"2026-01-21T14:11:16","isFullCredit":false},{"lineNumber":5,"author":{"gitId":"altelm"},"content":"","lastModifiedDate":"2026-01-21T14:11:16","isFullCredit":false},{"lineNumber":6,"author":{"gitId":"altelm"},"content":"        Scanner scanner \u003d new Scanner(System.in);","lastModifiedDate":"2026-01-21T14:37:44","isFullCredit":false},{"lineNumber":7,"author":{"gitId":"altelm"},"content":"        ArrayList\u003cTask\u003e list\u003d new ArrayList\u003c\u003e();","lastModifiedDate":"2026-01-21T15:22:01","isFullCredit":false},{"lineNumber":8,"author":{"gitId":"altelm"},"content":"        System.out.println(\"Hello! I\u0027m Esm\\nWhat can I do for you?\\n\");","lastModifiedDate":"2026-01-21T14:53:43","isFullCredit":false},{"lineNumber":9,"author":{"gitId":"altelm"},"content":"        String in \u003d scanner.next();","lastModifiedDate":"2026-01-21T16:10:36","isFullCredit":false},{"lineNumber":10,"author":{"gitId":"altelm"},"content":"        //String[] in \u003d temp.split(\"\\\\s+\");","lastModifiedDate":"2026-01-21T16:10:36","isFullCredit":false},{"lineNumber":11,"author":{"gitId":"altelm"},"content":"        while(!in.equalsIgnoreCase(\"bye\")) {","lastModifiedDate":"2026-01-21T16:10:36","isFullCredit":false},{"lineNumber":12,"author":{"gitId":"altelm"},"content":"","lastModifiedDate":"2026-01-21T15:22:01","isFullCredit":false},{"lineNumber":13,"author":{"gitId":"altelm"},"content":"            if(in.contains(\"mark\")) {","lastModifiedDate":"2026-01-21T16:10:36","isFullCredit":false},{"lineNumber":14,"author":{"gitId":"altelm"},"content":"                int num  \u003d scanner.nextInt();","lastModifiedDate":"2026-01-21T16:10:36","isFullCredit":false},{"lineNumber":15,"author":{"gitId":"altelm"},"content":"                if( in.equalsIgnoreCase(\"mark\")) {","lastModifiedDate":"2026-01-21T16:10:36","isFullCredit":false},{"lineNumber":16,"author":{"gitId":"altelm"},"content":"                    list.get(num - 1).setDone(\"X\");","lastModifiedDate":"2026-01-21T15:22:01","isFullCredit":false},{"lineNumber":17,"author":{"gitId":"altelm"},"content":"                    System.out.println(\"I\u0027ve marked this task as done:)\\n\"+list.get(num-1));","lastModifiedDate":"2026-01-21T16:10:36","isFullCredit":false},{"lineNumber":18,"author":{"gitId":"altelm"},"content":"                } else {","lastModifiedDate":"2026-01-21T15:22:01","isFullCredit":false},{"lineNumber":19,"author":{"gitId":"altelm"},"content":"                    list.get(num-1).setDone(\"\");","lastModifiedDate":"2026-01-21T15:22:01","isFullCredit":false},{"lineNumber":20,"author":{"gitId":"altelm"},"content":"                    System.out.println(\"I\u0027ve marked this task as not done:(:)\\n\" + list.get(num-1));","lastModifiedDate":"2026-01-21T16:10:36","isFullCredit":false},{"lineNumber":21,"author":{"gitId":"altelm"},"content":"                }","lastModifiedDate":"2026-01-21T15:22:01","isFullCredit":false},{"lineNumber":22,"author":{"gitId":"altelm"},"content":"            } else if(in.equalsIgnoreCase(\"list\")) {","lastModifiedDate":"2026-01-21T16:10:36","isFullCredit":false},{"lineNumber":23,"author":{"gitId":"altelm"},"content":"                for(int i \u003d 1; i \u003c\u003d list.size(); i++) {","lastModifiedDate":"2026-01-21T14:53:43","isFullCredit":false},{"lineNumber":24,"author":{"gitId":"altelm"},"content":"                    System.out.println( i + \". \" + list.get(i-1));","lastModifiedDate":"2026-01-21T16:10:36","isFullCredit":false},{"lineNumber":25,"author":{"gitId":"altelm"},"content":"                }","lastModifiedDate":"2026-01-21T14:53:43","isFullCredit":false},{"lineNumber":26,"author":{"gitId":"altelm"},"content":"            } else {","lastModifiedDate":"2026-01-21T14:53:43","isFullCredit":false},{"lineNumber":27,"author":{"gitId":"altelm"},"content":"                String name \u003d scanner.nextLine();","lastModifiedDate":"2026-01-21T16:10:36","isFullCredit":false},{"lineNumber":28,"author":{"gitId":"altelm"},"content":"                Task temptask \u003d null;","lastModifiedDate":"2026-01-21T16:10:36","isFullCredit":false},{"lineNumber":29,"author":{"gitId":"altelm"},"content":"                if(in.equals(\"todo\")) {","lastModifiedDate":"2026-01-21T16:10:36","isFullCredit":false},{"lineNumber":30,"author":{"gitId":"altelm"},"content":"                    temptask\u003d new ToDo(name);","lastModifiedDate":"2026-01-21T16:10:36","isFullCredit":false},{"lineNumber":31,"author":{"gitId":"altelm"},"content":"                } else if (in.equals(\"deadline\")) {","lastModifiedDate":"2026-01-21T16:10:36","isFullCredit":false},{"lineNumber":32,"author":{"gitId":"altelm"},"content":"                    temptask \u003d new Deadline(name.split(\"/\"));","lastModifiedDate":"2026-01-21T16:10:36","isFullCredit":false},{"lineNumber":33,"author":{"gitId":"altelm"},"content":"                } else if (in.equals(\"event\")) {","lastModifiedDate":"2026-01-21T16:10:36","isFullCredit":false},{"lineNumber":34,"author":{"gitId":"altelm"},"content":"                    temptask \u003d new Event(name.split(\"/\"));","lastModifiedDate":"2026-01-21T16:10:36","isFullCredit":false},{"lineNumber":35,"author":{"gitId":"altelm"},"content":"                }","lastModifiedDate":"2026-01-21T14:53:43","isFullCredit":false},{"lineNumber":36,"author":{"gitId":"altelm"},"content":"                list.add(temptask);","lastModifiedDate":"2026-01-21T16:10:36","isFullCredit":false},{"lineNumber":37,"author":{"gitId":"altelm"},"content":"                System.out.println(\"Task added.\\n\" + temptask + \"\\nNow there are \" + list.size() + \" task(s) in list\");","lastModifiedDate":"2026-01-21T16:10:36","isFullCredit":false},{"lineNumber":38,"author":{"gitId":"altelm"},"content":"            }","lastModifiedDate":"2026-01-21T16:10:36","isFullCredit":false},{"lineNumber":39,"author":{"gitId":"altelm"},"content":"","lastModifiedDate":"2026-01-21T16:10:36","isFullCredit":false},{"lineNumber":40,"author":{"gitId":"altelm"},"content":"","lastModifiedDate":"2026-01-21T14:53:43","isFullCredit":false},{"lineNumber":41,"author":{"gitId":"altelm"},"content":"            in \u003d scanner.next();","lastModifiedDate":"2026-01-21T16:10:36","isFullCredit":false},{"lineNumber":42,"author":{"gitId":"altelm"},"content":"        }","lastModifiedDate":"2026-01-21T14:37:44","isFullCredit":false},{"lineNumber":43,"author":{"gitId":"altelm"},"content":"        System.out.println(\"Bye. Hope to see you again\\n\");","lastModifiedDate":"2026-01-21T14:11:16","isFullCredit":false},{"lineNumber":44,"author":{"gitId":"altelm"},"content":"","lastModifiedDate":"2026-01-21T14:11:16","isFullCredit":false},{"lineNumber":45,"author":{"gitId":"altelm"},"content":"    }","lastModifiedDate":"2026-01-21T14:11:16","isFullCredit":false},{"lineNumber":46,"author":{"gitId":"altelm"},"content":"}","lastModifiedDate":"2026-01-21T14:11:16","isFullCredit":false}],"authorContributionMap":{"altelm":46}},{"path":"src/main/java/Event.java","fileType":"java","lines":[{"lineNumber":1,"author":{"gitId":"altelm"},"content":"public class Event extends Task{","lastModifiedDate":"2026-01-21T16:10:36","isFullCredit":false},{"lineNumber":2,"author":{"gitId":"altelm"},"content":"","lastModifiedDate":"2026-01-21T16:10:36","isFullCredit":false},{"lineNumber":3,"author":{"gitId":"altelm"},"content":"    private String start;","lastModifiedDate":"2026-01-21T16:10:36","isFullCredit":false},{"lineNumber":4,"author":{"gitId":"altelm"},"content":"    private String end;","lastModifiedDate":"2026-01-21T16:10:36","isFullCredit":false},{"lineNumber":5,"author":{"gitId":"altelm"},"content":"    public Event(String[] info) {","lastModifiedDate":"2026-01-21T16:10:36","isFullCredit":false},{"lineNumber":6,"author":{"gitId":"altelm"},"content":"        super(\"E\",  info[0]);","lastModifiedDate":"2026-01-21T16:10:36","isFullCredit":false},{"lineNumber":7,"author":{"gitId":"altelm"},"content":"        this.start \u003d info[1].split(\" \")[1] + \" \" + info[1].split(\" \")[2];","lastModifiedDate":"2026-01-21T16:10:36","isFullCredit":false},{"lineNumber":8,"author":{"gitId":"altelm"},"content":"        this.end \u003d info[2].split(\" \")[1];","lastModifiedDate":"2026-01-21T16:10:36","isFullCredit":false},{"lineNumber":9,"author":{"gitId":"altelm"},"content":"    }","lastModifiedDate":"2026-01-21T16:10:36","isFullCredit":false},{"lineNumber":10,"author":{"gitId":"altelm"},"content":"","lastModifiedDate":"2026-01-21T16:10:36","isFullCredit":false},{"lineNumber":11,"author":{"gitId":"altelm"},"content":"    @Override","lastModifiedDate":"2026-01-21T16:10:36","isFullCredit":false},{"lineNumber":12,"author":{"gitId":"altelm"},"content":"    public String toString() {","lastModifiedDate":"2026-01-21T16:10:36","isFullCredit":false},{"lineNumber":13,"author":{"gitId":"altelm"},"content":"        return super.toString() + \"(from: \" + this.start + \" to: \" + this.end + \")\";","lastModifiedDate":"2026-01-21T16:10:36","isFullCredit":false},{"lineNumber":14,"author":{"gitId":"altelm"},"content":"    }","lastModifiedDate":"2026-01-21T16:10:36","isFullCredit":false},{"lineNumber":15,"author":{"gitId":"altelm"},"content":"}","lastModifiedDate":"2026-01-21T16:10:36","isFullCredit":false}],"authorContributionMap":{"altelm":15}},{"path":"src/main/java/Task.java","fileType":"java","lines":[{"lineNumber":1,"author":{"gitId":"altelm"},"content":"public class Task {","lastModifiedDate":"2026-01-21T15:22:01","isFullCredit":false},{"lineNumber":2,"author":{"gitId":"altelm"},"content":"","lastModifiedDate":"2026-01-21T15:22:01","isFullCredit":false},{"lineNumber":3,"author":{"gitId":"altelm"},"content":"    private String name;","lastModifiedDate":"2026-01-21T15:22:01","isFullCredit":false},{"lineNumber":4,"author":{"gitId":"altelm"},"content":"    private String done;","lastModifiedDate":"2026-01-21T15:22:01","isFullCredit":false},{"lineNumber":5,"author":{"gitId":"altelm"},"content":"    private String type;","lastModifiedDate":"2026-01-21T16:10:36","isFullCredit":false},{"lineNumber":6,"author":{"gitId":"altelm"},"content":"","lastModifiedDate":"2026-01-21T15:22:01","isFullCredit":false},{"lineNumber":7,"author":{"gitId":"altelm"},"content":"","lastModifiedDate":"2026-01-21T16:10:36","isFullCredit":false},{"lineNumber":8,"author":{"gitId":"altelm"},"content":"    public Task(String type, String name) {","lastModifiedDate":"2026-01-21T16:10:36","isFullCredit":false},{"lineNumber":9,"author":{"gitId":"altelm"},"content":"        this.name \u003d name;","lastModifiedDate":"2026-01-21T15:22:01","isFullCredit":false},{"lineNumber":10,"author":{"gitId":"altelm"},"content":"        this.done \u003d \"\";","lastModifiedDate":"2026-01-21T16:10:36","isFullCredit":false},{"lineNumber":11,"author":{"gitId":"altelm"},"content":"        this.type \u003d type;","lastModifiedDate":"2026-01-21T16:10:36","isFullCredit":false},{"lineNumber":12,"author":{"gitId":"altelm"},"content":"    }","lastModifiedDate":"2026-01-21T15:22:01","isFullCredit":false},{"lineNumber":13,"author":{"gitId":"altelm"},"content":"","lastModifiedDate":"2026-01-21T15:22:01","isFullCredit":false},{"lineNumber":14,"author":{"gitId":"altelm"},"content":"    public void setDone(String done) {","lastModifiedDate":"2026-01-21T15:22:01","isFullCredit":false},{"lineNumber":15,"author":{"gitId":"altelm"},"content":"        this.done \u003d done;","lastModifiedDate":"2026-01-21T15:22:01","isFullCredit":false},{"lineNumber":16,"author":{"gitId":"altelm"},"content":"    }","lastModifiedDate":"2026-01-21T15:22:01","isFullCredit":false},{"lineNumber":17,"author":{"gitId":"altelm"},"content":"","lastModifiedDate":"2026-01-21T15:22:01","isFullCredit":false},{"lineNumber":18,"author":{"gitId":"altelm"},"content":"    public String getName(){","lastModifiedDate":"2026-01-21T15:22:01","isFullCredit":false},{"lineNumber":19,"author":{"gitId":"altelm"},"content":"        return this.name;","lastModifiedDate":"2026-01-21T15:22:01","isFullCredit":false},{"lineNumber":20,"author":{"gitId":"altelm"},"content":"    }","lastModifiedDate":"2026-01-21T15:22:01","isFullCredit":false},{"lineNumber":21,"author":{"gitId":"altelm"},"content":"","lastModifiedDate":"2026-01-21T15:22:01","isFullCredit":false},{"lineNumber":22,"author":{"gitId":"altelm"},"content":"    public String getDone() {","lastModifiedDate":"2026-01-21T15:22:01","isFullCredit":false},{"lineNumber":23,"author":{"gitId":"altelm"},"content":"        return this.done;","lastModifiedDate":"2026-01-21T15:22:01","isFullCredit":false},{"lineNumber":24,"author":{"gitId":"altelm"},"content":"    }","lastModifiedDate":"2026-01-21T15:22:01","isFullCredit":false},{"lineNumber":25,"author":{"gitId":"altelm"},"content":"","lastModifiedDate":"2026-01-21T16:10:36","isFullCredit":false},{"lineNumber":26,"author":{"gitId":"altelm"},"content":"    @Override","lastModifiedDate":"2026-01-21T16:10:36","isFullCredit":false},{"lineNumber":27,"author":{"gitId":"altelm"},"content":"    public String toString() {","lastModifiedDate":"2026-01-21T16:10:36","isFullCredit":false},{"lineNumber":28,"author":{"gitId":"altelm"},"content":"        return \"[\" + this.type + \"][\" + this.done + \"] \" + this.name;","lastModifiedDate":"2026-01-21T16:10:36","isFullCredit":false},{"lineNumber":29,"author":{"gitId":"altelm"},"content":"    }","lastModifiedDate":"2026-01-21T16:10:36","isFullCredit":false},{"lineNumber":30,"author":{"gitId":"altelm"},"content":"}","lastModifiedDate":"2026-01-21T15:22:01","isFullCredit":false}],"authorContributionMap":{"altelm":30}},{"path":"src/main/java/ToDo.java","fileType":"java","lines":[{"lineNumber":1,"author":{"gitId":"altelm"},"content":"public class ToDo extends Task{","lastModifiedDate":"2026-01-21T16:10:36","isFullCredit":false},{"lineNumber":2,"author":{"gitId":"altelm"},"content":"","lastModifiedDate":"2026-01-21T16:10:36","isFullCredit":false},{"lineNumber":3,"author":{"gitId":"altelm"},"content":"","lastModifiedDate":"2026-01-21T16:10:36","isFullCredit":false},{"lineNumber":4,"author":{"gitId":"altelm"},"content":"    public ToDo(String name) {","lastModifiedDate":"2026-01-21T16:10:36","isFullCredit":false},{"lineNumber":5,"author":{"gitId":"altelm"},"content":"        super(\"T\", name);","lastModifiedDate":"2026-01-21T16:10:36","isFullCredit":false},{"lineNumber":6,"author":{"gitId":"altelm"},"content":"    }","lastModifiedDate":"2026-01-21T16:10:36","isFullCredit":false},{"lineNumber":7,"author":{"gitId":"altelm"},"content":"}","lastModifiedDate":"2026-01-21T16:10:36","isFullCredit":false}],"authorContributionMap":{"altelm":7}}]
