{"authorDailyContributionsMap":{"TrumanTong8":[{"date":"2026-01-23T00:00:00","commitResults":[{"hash":"908f9dc8f8ce32a460c55e6128e4f21da7910f05","isMergeCommit":false,"messageTitle":"Level-0","messageBody":"","tags":["Level-0"],"fileTypesAndContributionMap":{"java":{"insertions":11,"deletions":10}}},{"hash":"5f329e47899d47335e82e67ef0c10c48833835df","isMergeCommit":false,"messageTitle":"Level 1","messageBody":"","tags":["Level-1"],"fileTypesAndContributionMap":{"java":{"insertions":21,"deletions":2}}},{"hash":"fc9fd6b136c0ba8e446e6e29d2effa149bc87ee5","isMergeCommit":false,"messageTitle":"Add Mark as Done","messageBody":"","tags":["Level-3","Level-2"],"fileTypesAndContributionMap":{"java":{"insertions":80,"deletions":3}}},{"hash":"7d63b8268c98f88419c6f4b2f624a82ab285b044","isMergeCommit":false,"messageTitle":"Add ToDos,Events,Deadlines","messageBody":"","tags":["Level-4"],"fileTypesAndContributionMap":{"java":{"insertions":71,"deletions":5}}}]},{"date":"2026-01-26T00:00:00","commitResults":[{"hash":"b57f89cd97de06f0bc62891e912b1c6a4712bfe2","isMergeCommit":false,"messageTitle":"Add TextUiTexting","messageBody":"","tags":["A-TextUITesting"],"fileTypesAndContributionMap":{"txt":{"insertions":1,"deletions":0},"sh":{"insertions":1,"deletions":1}}},{"hash":"e6e926c5455d43b6425eafeb18a58f4b6d252411","isMergeCommit":false,"messageTitle":"Add Error Handling","messageBody":"","tags":["Level-5"],"fileTypesAndContributionMap":{"java":{"insertions":76,"deletions":42}}},{"hash":"7428ec4eed5bf9d099fbfab6e69007dfc6e73018","isMergeCommit":false,"messageTitle":"Add Delete","messageBody":"","tags":["Level-6"],"fileTypesAndContributionMap":{"java":{"insertions":25,"deletions":1}}}]},{"date":"2026-01-31T00:00:00","commitResults":[{"hash":"7772bb11ada0b36e03c8b61501d3ca4bc379cac5","isMergeCommit":false,"messageTitle":"Add Save feature","messageBody":"","fileTypesAndContributionMap":{"txt":{"insertions":0,"deletions":0},"java":{"insertions":137,"deletions":18}}},{"hash":"f58fceb65cffe1aa9a8cfa2926ac6871694379fc","isMergeCommit":true,"messageTitle":"Merge branch \u0027branch-Level-7\u0027","messageBody":"","tags":["Level-7"],"fileTypesAndContributionMap":{}},{"hash":"72e80bb6808c7ab0383c16297c990556038e0751","isMergeCommit":false,"messageTitle":"Add date feature for deadline task","messageBody":"","fileTypesAndContributionMap":{"java":{"insertions":45,"deletions":7}}},{"hash":"023aaf7f83015ba54d80750df18b0fd65073af3c","isMergeCommit":true,"messageTitle":"Merge branch \u0027branch-Level8\u0027","messageBody":"","tags":["Level-8"],"fileTypesAndContributionMap":{}}]},{"date":"2026-02-01T00:00:00","commitResults":[{"hash":"3fbc94e9e22bedac871c73f18f349ce9ac58e856","isMergeCommit":false,"messageTitle":"Add More-OOP","messageBody":"","fileTypesAndContributionMap":{"java":{"insertions":240,"deletions":119}}},{"hash":"62fdd04bd9ae96763977feabbde439cf403a618c","isMergeCommit":true,"messageTitle":"Merge brach \u0027branch-A-MoreOOP\u0027","messageBody":"","tags":["A-MoreOOP"],"fileTypesAndContributionMap":{}},{"hash":"1d101263fb15c1a70d89cb7871f79d9efb903483","isMergeCommit":false,"messageTitle":"Add A-Packages","messageBody":"","tags":["A-Packages"],"fileTypesAndContributionMap":{"java":{"insertions":24,"deletions":0}}},{"hash":"fe868759dfd7be9a7fc9a475834c2e166371f52b","isMergeCommit":true,"messageTitle":"Merge brach \u0027add-gradle-support\u0027","messageBody":"","tags":["A-Gradle"],"fileTypesAndContributionMap":{}}]}]},"authorFileTypeContributionMap":{"TrumanTong8":{"java":533,"md":0,"fxml":0,"sh":1,"bat":0,"gradle":0,"txt":1}},"authorContributionVariance":{"TrumanTong8":8980.806},"authorDisplayNameMap":{"TrumanTong8":"CS2103T-W12-4 TRUM..HENG"}}
