{"authorDailyContributionsMap":{"TrumanTong8":[{"date":"2026-01-23T00:00:00","commitResults":[{"hash":"908f9dc8f8ce32a460c55e6128e4f21da7910f05","isMergeCommit":false,"messageTitle":"Level-0","messageBody":"","tags":["Level-0"],"fileTypesAndContributionMap":{"java":{"insertions":11,"deletions":10}}},{"hash":"5f329e47899d47335e82e67ef0c10c48833835df","isMergeCommit":false,"messageTitle":"Level 1","messageBody":"","tags":["Level-1"],"fileTypesAndContributionMap":{"java":{"insertions":21,"deletions":2}}},{"hash":"fc9fd6b136c0ba8e446e6e29d2effa149bc87ee5","isMergeCommit":false,"messageTitle":"Add Mark as Done","messageBody":"","tags":["Level-3"],"fileTypesAndContributionMap":{"java":{"insertions":80,"deletions":3}}},{"hash":"7d63b8268c98f88419c6f4b2f624a82ab285b044","isMergeCommit":false,"messageTitle":"Add ToDos,Events,Deadlines","messageBody":"","tags":["Level-4"],"fileTypesAndContributionMap":{"java":{"insertions":71,"deletions":5}}}]}]},"authorFileTypeContributionMap":{"TrumanTong8":{"java":173,"md":0,"fxml":0,"sh":0,"bat":0,"gradle":0,"txt":0}},"authorContributionVariance":{"TrumanTong8":2564.1155},"authorDisplayNameMap":{"TrumanTong8":"CS2103T-W12-4 TRUM..HENG"}}
