{"authorDailyContributionsMap":{"WANG-YIDA":[{"date":"2026-01-23T00:00:00","commitResults":[{"hash":"57f3c95778ceae5fbd2bfaf4cca1903eedd27662","isMergeCommit":false,"messageTitle":"Rename chatbot name from Duke to Paradox and update related references; Complete Level-0 tasks","messageBody":"Implement an initial skeletal version of the chatbot Paradox that simply greets the user and exits.\n","tags":["Level-0"],"fileTypesAndContributionMap":{"java":{"insertions":8,"deletions":10},"bat":{"insertions":1,"deletions":1},"sh":{"insertions":1,"deletions":1},"md":{"insertions":1,"deletions":1}}},{"hash":"e495f0d7e406e52fee2bddc4342471b9bec36579","isMergeCommit":false,"messageTitle":"Implement echo functionality for user input and improve welcome/exit messages","messageBody":"exit the program only when user type \"bye\"\n","tags":["Level-1"],"fileTypesAndContributionMap":{"java":{"insertions":22,"deletions":4}}},{"hash":"e5da3bc29a1d22c9727d9ed6cbdfc6b5f4b9e8b0","isMergeCommit":false,"messageTitle":"Add task list functionality with add and list commands","messageBody":"","tags":["Level-2"],"fileTypesAndContributionMap":{"java":{"insertions":38,"deletions":8}}},{"hash":"80ff20f10eacfeeefa1f3eda008f398dc65fba18","isMergeCommit":false,"messageTitle":"Add Task and TaskList classes; implement mark and unmark commands for tasks","messageBody":"","tags":["Level-3"],"fileTypesAndContributionMap":{"java":{"insertions":106,"deletions":24}}}]}]},"authorFileTypeContributionMap":{"WANG-YIDA":{"java":138,"md":1,"fxml":0,"sh":1,"bat":1,"gradle":0,"txt":0}},"authorContributionVariance":{"WANG-YIDA":3178.0623},"authorDisplayNameMap":{"WANG-YIDA":"WANG..YIDA"}}
