{"authorDailyContributionsMap":{"WANG-YIDA":[{"date":"2026-01-23T00:00:00","commitResults":[{"hash":"57f3c95778ceae5fbd2bfaf4cca1903eedd27662","isMergeCommit":false,"messageTitle":"Rename chatbot name from Duke to Paradox and update related references; Complete Level-0 tasks","messageBody":"Implement an initial skeletal version of the chatbot Paradox that simply greets the user and exits.\n","tags":["Level-0"],"fileTypesAndContributionMap":{"java":{"insertions":8,"deletions":10},"bat":{"insertions":1,"deletions":1},"sh":{"insertions":1,"deletions":1},"md":{"insertions":1,"deletions":1}}},{"hash":"e495f0d7e406e52fee2bddc4342471b9bec36579","isMergeCommit":false,"messageTitle":"Implement echo functionality for user input and improve welcome/exit messages","messageBody":"exit the program only when user type \"bye\"\n","tags":["Level-1"],"fileTypesAndContributionMap":{"java":{"insertions":22,"deletions":4}}},{"hash":"e5da3bc29a1d22c9727d9ed6cbdfc6b5f4b9e8b0","isMergeCommit":false,"messageTitle":"Add task list functionality with add and list commands","messageBody":"","tags":["Level-2"],"fileTypesAndContributionMap":{"java":{"insertions":38,"deletions":8}}},{"hash":"80ff20f10eacfeeefa1f3eda008f398dc65fba18","isMergeCommit":false,"messageTitle":"Add Task and TaskList classes; implement mark and unmark commands for tasks","messageBody":"","tags":["Level-3"],"fileTypesAndContributionMap":{"java":{"insertions":106,"deletions":24}}}]},{"date":"2026-01-24T00:00:00","commitResults":[{"hash":"f52031cf555d852512a3dd6f5b38ca28c9e6ecbe","isMergeCommit":false,"messageTitle":"Add support for todo, deadline, and event tasks with corresponding classes and command handling","messageBody":"","tags":["Level-4","A-Enums"],"fileTypesAndContributionMap":{"java":{"insertions":106,"deletions":15}}},{"hash":"219e44ba1bd1d9ed1934d06dc052e4ed88836e34","isMergeCommit":false,"messageTitle":"Update UI output formatting and input handling; add sample input and expected output files","messageBody":"Test using the I/O redirection technique\n","tags":["A-TextUiTesting"],"fileTypesAndContributionMap":{"txt":{"insertions":9,"deletions":0},"java":{"insertions":15,"deletions":15}}}]}]},"authorFileTypeContributionMap":{"WANG-YIDA":{"java":229,"md":1,"fxml":0,"sh":1,"bat":1,"gradle":0,"txt":9}},"authorContributionVariance":{"WANG-YIDA":4210.2344},"authorDisplayNameMap":{"WANG-YIDA":"CS2103T-T12-4 WANG..YIDA"}}
