{"authorDailyContributionsMap":{"nywled":[{"date":"2026-01-22T00:00:00","commitResults":[{"hash":"67a510f5548dc5a1a68a8bce519d7bf28e1a2546","isMergeCommit":false,"messageTitle":"Renamed chatbot and ammended greetings","messageBody":"","tags":["Level-0"],"fileTypesAndContributionMap":{"java":{"insertions":21,"deletions":10}}},{"hash":"cfd538964f0666d5a7076813fb9e3414a6f9a69b","isMergeCommit":false,"messageTitle":"Echo user commands","messageBody":"","tags":["Level-1"],"fileTypesAndContributionMap":{"java":{"insertions":54,"deletions":5}}},{"hash":"8c17cc4c0548c042235d2a0ed047f0bd19c6e76d","isMergeCommit":false,"messageTitle":"Add add and list functions","messageBody":"","tags":["Level-2"],"fileTypesAndContributionMap":{"java":{"insertions":62,"deletions":6}}},{"hash":"ae431b8973a4b4ea227a5adbcf0512863a929896","isMergeCommit":false,"messageTitle":"Rename and modify Todo.java to Task.java","messageBody":"Modify Storage.java to follow Task.java\n","fileTypesAndContributionMap":{"java":{"insertions":35,"deletions":6}}}]},{"date":"2026-01-23T00:00:00","commitResults":[{"hash":"a4beb0aaa1b526196a1d92c265b9287ef6af878e","isMergeCommit":false,"messageTitle":"Add task complete/incomplete function","messageBody":"","tags":["Level-3"],"fileTypesAndContributionMap":{"java":{"insertions":138,"deletions":33}}},{"hash":"cfc323257758d5bde2728d50860a9de2df9e4e1c","isMergeCommit":false,"messageTitle":"Add ToDo, Event, Deadline Tasks","messageBody":"Add subclasses of Tasks\n\nCreate Tasks Package\n","tags":["Level-4"],"fileTypesAndContributionMap":{"java":{"insertions":166,"deletions":57}}},{"hash":"4830743c1f03e679ce7bc098b445a06c2aac1fc8","isMergeCommit":false,"messageTitle":"Modify runtest.bat to include new directory","messageBody":"","fileTypesAndContributionMap":{"bat":{"insertions":2,"deletions":2}}},{"hash":"a5d987e233bc9da7156654983778f041b70ee892","isMergeCommit":false,"messageTitle":"Automated Text UI Testing","messageBody":"","fileTypesAndContributionMap":{"txt":{"insertions":15,"deletions":0}}},{"hash":"2d3baf664fcc3d704f868cd1baf7f2e627ec56fe","isMergeCommit":false,"messageTitle":"Modify Scanner Class to work with UI Testing","messageBody":"","tags":["A-TextUiTesting"],"fileTypesAndContributionMap":{"java":{"insertions":1,"deletions":1}}},{"hash":"d1258e88a1f6fee6944cfaaed97e6fac820d3605","isMergeCommit":false,"messageTitle":"Add exceptions handling","messageBody":"","tags":["Level-5"],"fileTypesAndContributionMap":{"java":{"insertions":103,"deletions":64}}},{"hash":"b6c28cb3d54abf34aeb6a73ad10d3cabc6685848","isMergeCommit":false,"messageTitle":"Add delete task function","messageBody":"","tags":["Level-6"],"fileTypesAndContributionMap":{"java":{"insertions":33,"deletions":2}}},{"hash":"cf107246f36df47b1e0a2200818a4789e1610305","isMergeCommit":false,"messageTitle":"Add Javadocs to exception classes","messageBody":"","fileTypesAndContributionMap":{"java":{"insertions":11,"deletions":1}}}]},{"date":"2026-01-29T00:00:00","commitResults":[{"hash":"98c0be73892952631da6f4b34d422325c3c6e6ae","isMergeCommit":false,"messageTitle":"Storage: Add class to storage parser method","messageBody":"","fileTypesAndContributionMap":{"java":{"insertions":25,"deletions":3}}},{"hash":"32a9a97b243362c7a9f671ec57cc21a413efa410","isMergeCommit":false,"messageTitle":"Storage: Add new constructor for parsing in Storage.java","messageBody":"","fileTypesAndContributionMap":{"java":{"insertions":23,"deletions":7}}},{"hash":"e2edb5776fd605e12dcb53dab10dc5cc58fae93c","isMergeCommit":false,"messageTitle":"Storage: Refactor Storage.java to TaskManager.java","messageBody":"","fileTypesAndContributionMap":{"java":{"insertions":38,"deletions":29}}},{"hash":"05b697e4ee4fb803c2f81591e748b9d54b0e801b","isMergeCommit":false,"messageTitle":"Storage: Add exception handling","messageBody":"","fileTypesAndContributionMap":{"java":{"insertions":14,"deletions":2}}},{"hash":"0478f0b24563117cb0d522ade39abeb2aa641176","isMergeCommit":false,"messageTitle":"Storage: Add save function","messageBody":"","fileTypesAndContributionMap":{"java":{"insertions":185,"deletions":30}}},{"hash":"07ac1780bbe01bd4dd2100649039f9bdc90565c7","isMergeCommit":true,"messageTitle":"Merge branch \u0027branch-Level-7\u0027","messageBody":"","tags":["Level-7"],"fileTypesAndContributionMap":{}},{"hash":"b40d47e7c86e83a295682338d812042fd25eef49","isMergeCommit":false,"messageTitle":"Add date and time representation","messageBody":"","fileTypesAndContributionMap":{"java":{"insertions":148,"deletions":21}}},{"hash":"db3228469e872053e5c5edf842b96dea98b1c790","isMergeCommit":true,"messageTitle":"Merge branch \u0027branch-Level-8\u0027","messageBody":"","tags":["Level-8"],"fileTypesAndContributionMap":{}},{"hash":"dcd441e4276b0bfaaa79479d0fb34ffa53987f21","isMergeCommit":false,"messageTitle":"Refactor: Add new Command classes","messageBody":"","fileTypesAndContributionMap":{"java":{"insertions":239,"deletions":0}}}]},{"date":"2026-01-30T00:00:00","commitResults":[{"hash":"de42e4826c90b7217d6e262595d559f501c6c88c","isMergeCommit":true,"messageTitle":"Merge branch \u0027refactor-command\u0027 into refactor-parser","messageBody":"","fileTypesAndContributionMap":{}},{"hash":"5f969f7fa6aa9f67fba1018c7aa17a587b0cbf83","isMergeCommit":false,"messageTitle":"Move TaskManager.java and Ui.java to momo","messageBody":"","fileTypesAndContributionMap":{"java":{"insertions":5,"deletions":0}}},{"hash":"a680fbc34e5fba215b4246eee28f98bcb9a8707c","isMergeCommit":false,"messageTitle":"Refactor: Update parser.java","messageBody":"","fileTypesAndContributionMap":{"java":{"insertions":105,"deletions":178}}},{"hash":"eb69291236a04de9e507778e0c58f224e1671a96","isMergeCommit":true,"messageTitle":"Merge branch \u0027refactor-parser\u0027","messageBody":"","tags":["A-MoreOOP"],"fileTypesAndContributionMap":{}},{"hash":"4b4bc1de61c1ad635dd414393a13d91d2a3f3dac","isMergeCommit":false,"messageTitle":"Rename Commands folder to command","messageBody":"","fileTypesAndContributionMap":{"java":{"insertions":0,"deletions":0}}},{"hash":"3801a302f429a9ebaa54926b8616dc600fe20601","isMergeCommit":false,"messageTitle":"Rename command folder to commands","messageBody":"","fileTypesAndContributionMap":{"java":{"insertions":0,"deletions":0}}},{"hash":"a01e03072209febd36e040d49f6c6fbb1db1b5f1","isMergeCommit":false,"messageTitle":"Repackage all files","messageBody":"","tags":["A-Packages"],"fileTypesAndContributionMap":{"java":{"insertions":103,"deletions":103}}},{"hash":"473b9092cf695e682b9fa03608287853da3d83ba","isMergeCommit":true,"messageTitle":"Merge branch \u0027add-gradle-support\u0027","messageBody":"","fileTypesAndContributionMap":{}},{"hash":"72df2be6ae028fabaaf66db0b0c24f321ed352f7","isMergeCommit":false,"messageTitle":"Update gradle configurations","messageBody":"","fileTypesAndContributionMap":{"gradle":{"insertions":12,"deletions":2}}}]},{"date":"2026-02-03T00:00:00","commitResults":[{"hash":"66d61ccd105dfa6221ba28d969c46602d01a40c9","isMergeCommit":false,"messageTitle":"Modify build.gradle configuration","messageBody":"","fileTypesAndContributionMap":{"gradle":{"insertions":2,"deletions":1}}},{"hash":"83ef2b5d2f94960387de6a203c38e679e48488a1","isMergeCommit":false,"messageTitle":"Test: Add JUnit test for Parser class","messageBody":"","fileTypesAndContributionMap":{"java":{"insertions":270,"deletions":0}}},{"hash":"99623a72f956056d1b68fd0f5b8d9ca21159ba0e","isMergeCommit":false,"messageTitle":"Test: Modify class to include JUnit testing","messageBody":"","fileTypesAndContributionMap":{"java":{"insertions":24,"deletions":13}}},{"hash":"0a2597e1d5642adb418313713ef85ea038ee2fd8","isMergeCommit":false,"messageTitle":"Test: Add JUnit test for TaskManager class","messageBody":"","tags":["A-Jar","A-JUnit"],"fileTypesAndContributionMap":{"java":{"insertions":57,"deletions":0}}},{"hash":"344e8ccc5781e0fd3de623b9fc5728340ff6dded","isMergeCommit":false,"messageTitle":"JavaDoc: Add JavaDocs and head comments","messageBody":"","fileTypesAndContributionMap":{"java":{"insertions":109,"deletions":5}}},{"hash":"e4f8e56e9d54c63b2b9b85f12664cfc172743b3d","isMergeCommit":false,"messageTitle":"Remove unnecessary constructors","messageBody":"","fileTypesAndContributionMap":{"java":{"insertions":0,"deletions":20}}},{"hash":"fc9dae401b43d37a0b443550825a7c6b253205b0","isMergeCommit":false,"messageTitle":"Update code to follow coding standard","messageBody":"","fileTypesAndContributionMap":{"java":{"insertions":123,"deletions":143}}}]},{"date":"2026-02-04T00:00:00","commitResults":[{"hash":"22188495b429d10ea71eeecbf9c12262e732cacf","isMergeCommit":false,"messageTitle":"Add search function","messageBody":"","fileTypesAndContributionMap":{"java":{"insertions":108,"deletions":14}}},{"hash":"f3a727e2d0a37d16a59fee019c9656c2f4eecd90","isMergeCommit":false,"messageTitle":"JavaDoc: Add JavaDocs and header comments","messageBody":"","fileTypesAndContributionMap":{"java":{"insertions":570,"deletions":177}}},{"hash":"f26d08d192cacd67299ca29575a7053f8b672b6d","isMergeCommit":false,"messageTitle":"Update configurations","messageBody":"","fileTypesAndContributionMap":{"gradle":{"insertions":2,"deletions":2}}},{"hash":"42a5afe4bf072d5039e1ebb15393a9d368b4f81f","isMergeCommit":true,"messageTitle":"Merge branch \u0027branch-A-JavaDoc\u0027","messageBody":"","tags":["A-JavaDoc"],"fileTypesAndContributionMap":{}},{"hash":"c7c56ea316ac454173a7279b59f791efaf73ce7c","isMergeCommit":true,"messageTitle":"Merge branch \u0027branch-A-CodingStandard\u0027","messageBody":"","tags":["A-CodingStandard"],"fileTypesAndContributionMap":{}},{"hash":"e738a685604385c6421656dd346fbdfc5b8f4689","isMergeCommit":true,"messageTitle":"Merge branch \u0027branch-Level-9\u0027","messageBody":"","tags":["Level-9"],"fileTypesAndContributionMap":{}}]},{"date":"2026-02-10T00:00:00","commitResults":[{"hash":"7bb9c51f1fb9e3b814d3a48a470d14d66f5fdf75","isMergeCommit":false,"messageTitle":"Modify build.gradle","messageBody":"","fileTypesAndContributionMap":{"gradle":{"insertions":16,"deletions":0}}},{"hash":"db12545dcc82b1f702bd0877a8870f9f8384827e","isMergeCommit":false,"messageTitle":"Add Launcher.java","messageBody":"","fileTypesAndContributionMap":{"gradle":{"insertions":1,"deletions":1},"java":{"insertions":13,"deletions":0}}},{"hash":"73dc3f6b3b1ea1639f05ad94cc801587537d6316","isMergeCommit":false,"messageTitle":"Add GUI styling","messageBody":"","fileTypesAndContributionMap":{"fxml":{"insertions":35,"deletions":0}}},{"hash":"bf5d18de084adac655defcfe7f5b2c454d3f64d7","isMergeCommit":false,"messageTitle":"Add GUI function","messageBody":"","fileTypesAndContributionMap":{"java":{"insertions":152,"deletions":0}}}]},{"date":"2026-02-11T00:00:00","commitResults":[{"hash":"7276a5df7337ef13f9555a5ac94ff86fe6559ee0","isMergeCommit":false,"messageTitle":"Add resources","messageBody":"","fileTypesAndContributionMap":{"fxml":{"insertions":1,"deletions":1}}},{"hash":"9e3cab2e659644fa723d35860d6d9678b49ee0ed","isMergeCommit":false,"messageTitle":"Rename function","messageBody":"","fileTypesAndContributionMap":{"java":{"insertions":1,"deletions":1}}},{"hash":"d3d88c543269a494dba5a7cba92de9127c5930f5","isMergeCommit":false,"messageTitle":"Update Ui class function name","messageBody":"","fileTypesAndContributionMap":{"java":{"insertions":4,"deletions":4}}},{"hash":"70ed44905bf847378e5bf3b335662aa8b6586f04","isMergeCommit":false,"messageTitle":"Create new Gui class","messageBody":"","fileTypesAndContributionMap":{"java":{"insertions":95,"deletions":0}}},{"hash":"c5a1c7283d40acbf6b730cc7864a33996ea0b7c4","isMergeCommit":false,"messageTitle":"Add getResponse function for GUI use","messageBody":"","fileTypesAndContributionMap":{"java":{"insertions":49,"deletions":2}}},{"hash":"f4a0d9c540b12f9d6d5a55f51ac07dedb5206da9","isMergeCommit":false,"messageTitle":"Modify launch class","messageBody":"","fileTypesAndContributionMap":{"java":{"insertions":2,"deletions":1}}},{"hash":"fa43643cccdc5760d155270cbc256e3900682e5a","isMergeCommit":false,"messageTitle":"Add force window close","messageBody":"","fileTypesAndContributionMap":{"java":{"insertions":9,"deletions":2}}},{"hash":"7a160d70b3fcc09c628117fbfd1816e04c4cb92f","isMergeCommit":false,"messageTitle":"Add JavaDocs","messageBody":"","fileTypesAndContributionMap":{"java":{"insertions":136,"deletions":12}}},{"hash":"e41e468573c4566d4e184cfe7bef3bb63e74f24d","isMergeCommit":true,"messageTitle":"Merge branch \u0027branch-Level-10\u0027","messageBody":"","tags":["Level-10"],"fileTypesAndContributionMap":{}}]},{"date":"2026-02-13T00:00:00","commitResults":[{"hash":"efc6a81f4167e1ee6c8521ea84819c5bdaac20c5","isMergeCommit":false,"messageTitle":"Add assertions","messageBody":"The current implementation does not enforce internal\ninvariants within the Task hierarchy.\n\nThe violation allows objects to potentially exist in\ninvalid states.\n\nAdd assertions in Task, Deadline, and Event constructors\nto enforce non-null and non-blank titles,\nnon-null date time fields, and valid event time ordering.\n","fileTypesAndContributionMap":{"java":{"insertions":8,"deletions":0}}}]},{"date":"2026-02-16T00:00:00","commitResults":[{"hash":"ec47865af4575f668a72da826d8c00ef1f0b94d4","isMergeCommit":false,"messageTitle":"Refactor multiple methods and variables.","messageBody":"Extract command-specific logic into smaller private methods\nto improve readability and maintainability.\n\nStandardize validation and delimiter handling for todo,\ndeadline, and event parsing.\n\nRefactor hard-coded values into named constants.\n\nNo functional changes; refactor improves structure,\nclarity, and separation of responsibilities.\n","tags":["A-FullCommitMessage"],"fileTypesAndContributionMap":{"java":{"insertions":263,"deletions":147}}},{"hash":"d10ce7e89c5da54d5c0dabccc3b4600a51c34082","isMergeCommit":false,"messageTitle":"Refactor FindCommand.java to use streams","messageBody":"FindCommand currently uses an index-based\nloop to collect matching tasks.\n\nManual iteration makes the filtering logic\nmore verbose than necessary.\n\nReplace loop with Stream API for filtering\nand collecting matching tasks.\n\nExpose an unmodifiable task list from\nTaskManager to preserve encapsulation.\n\nNo change in behaviour.\n","fileTypesAndContributionMap":{"java":{"insertions":14,"deletions":9}}}]},{"date":"2026-02-17T00:00:00","commitResults":[{"hash":"f08465af07ed3090c8b1278b31adc427f5d845cf","isMergeCommit":true,"messageTitle":"Merge pull request #2 from nywled/branch-A-Assertions","messageBody":"Add assertions","tags":["A-Assertions"],"fileTypesAndContributionMap":{}},{"hash":"49f830e48e85ea99d77cd7c0132ec9b9c39ad8fe","isMergeCommit":true,"messageTitle":"Merge pull request #3 from nywled/branch-A-CodeQuality","messageBody":"Refactor multiple methods and variables.","tags":["A-CodeQuality"],"fileTypesAndContributionMap":{}},{"hash":"befd9ec51f6d9e2d9d2db8c6571c05ed05555aa3","isMergeCommit":true,"messageTitle":"Merge pull request #4 from nywled/branch-A-Streams","messageBody":"Refactor FindCommand.java to use streams","tags":["A-Streams"],"fileTypesAndContributionMap":{}}]}]},"authorFileTypeContributionMap":{"nywled":{"java":2413,"md":0,"fxml":35,"sh":0,"bat":2,"gradle":29,"txt":15}},"authorContributionVariance":{"nywled":60204.3},"authorDisplayNameMap":{"nywled":"CS2103-F08-4 HO Z..LWYN"}}
