[{"path":"README.md","fileType":"md","lines":[{"lineNumber":1,"author":{"gitId":"YingWen178"},"content":"# JoJo project template","lastModifiedDate":"2026-01-22T01:01:09","isFullCredit":false},{"lineNumber":2,"author":{"gitId":"-"},"content":"","lastModifiedDate":"2020-05-25T00:03:55","isFullCredit":false},{"lineNumber":3,"author":{"gitId":"-"},"content":"This is a project template for a greenfield Java project. It\u0027s named after the Java mascot _Duke_. Given below are instructions on how to use it.","lastModifiedDate":"2020-05-25T00:03:55","isFullCredit":false},{"lineNumber":4,"author":{"gitId":"-"},"content":"","lastModifiedDate":"2020-05-25T00:03:55","isFullCredit":false},{"lineNumber":5,"author":{"gitId":"-"},"content":"## Setting up in Intellij","lastModifiedDate":"2020-05-25T00:03:55","isFullCredit":false},{"lineNumber":6,"author":{"gitId":"-"},"content":"","lastModifiedDate":"2020-05-25T00:03:55","isFullCredit":false},{"lineNumber":7,"author":{"gitId":"-"},"content":"Prerequisites: JDK 17, update Intellij to the most recent version.","lastModifiedDate":"2024-07-11T16:50:14","isFullCredit":false},{"lineNumber":8,"author":{"gitId":"-"},"content":"","lastModifiedDate":"2020-05-25T00:03:55","isFullCredit":false},{"lineNumber":9,"author":{"gitId":"-"},"content":"1. Open Intellij (if you are not in the welcome screen, click `File` \u003e `Close Project` to close the existing project first)","lastModifiedDate":"2021-01-17T12:25:53","isFullCredit":false},{"lineNumber":10,"author":{"gitId":"-"},"content":"1. Open the project into Intellij as follows:","lastModifiedDate":"2021-01-17T12:25:53","isFullCredit":false},{"lineNumber":11,"author":{"gitId":"-"},"content":"   1. Click `Open`.","lastModifiedDate":"2021-01-17T12:25:53","isFullCredit":false},{"lineNumber":12,"author":{"gitId":"-"},"content":"   1. Select the project directory, and click `OK`.","lastModifiedDate":"2021-01-17T12:25:53","isFullCredit":false},{"lineNumber":13,"author":{"gitId":"-"},"content":"   1. If there are any further prompts, accept the defaults.","lastModifiedDate":"2020-05-25T00:03:55","isFullCredit":false},{"lineNumber":14,"author":{"gitId":"-"},"content":"1. Configure the project to use **JDK 17** (not other versions) as explained in [here](https://www.jetbrains.com/help/idea/sdk.html#set-up-jdk).\u003cbr\u003e","lastModifiedDate":"2024-07-11T16:50:14","isFullCredit":false},{"lineNumber":15,"author":{"gitId":"-"},"content":"   In the same dialog, set the **Project language level** field to the `SDK default` option.","lastModifiedDate":"2021-07-29T20:29:39","isFullCredit":false},{"lineNumber":16,"author":{"gitId":"YingWen178"},"content":"1. After that, locate the `src/main/java/JoJo.java` file, right-click it, and choose `Run JoJo.main()` (if the code editor is showing compile errors, try restarting the IDE). If the setup is correct, you should see something like the below as the output:","lastModifiedDate":"2026-01-22T01:01:09","isFullCredit":false},{"lineNumber":17,"author":{"gitId":"-"},"content":"   ```","lastModifiedDate":"2020-05-25T00:03:55","isFullCredit":false},{"lineNumber":18,"author":{"gitId":"-"},"content":"   Hello from","lastModifiedDate":"2020-05-25T00:03:55","isFullCredit":false},{"lineNumber":19,"author":{"gitId":"-"},"content":"    ____        _        ","lastModifiedDate":"2020-05-25T00:03:55","isFullCredit":false},{"lineNumber":20,"author":{"gitId":"-"},"content":"   |  _ \\ _   _| | _____ ","lastModifiedDate":"2020-05-25T00:03:55","isFullCredit":false},{"lineNumber":21,"author":{"gitId":"-"},"content":"   | | | | | | | |/ / _ \\","lastModifiedDate":"2020-05-25T00:03:55","isFullCredit":false},{"lineNumber":22,"author":{"gitId":"-"},"content":"   | |_| | |_| |   \u003c  __/","lastModifiedDate":"2020-05-25T00:03:55","isFullCredit":false},{"lineNumber":23,"author":{"gitId":"-"},"content":"   |____/ \\__,_|_|\\_\\___|","lastModifiedDate":"2020-05-25T00:03:55","isFullCredit":false},{"lineNumber":24,"author":{"gitId":"-"},"content":"   ```","lastModifiedDate":"2020-05-25T00:03:55","isFullCredit":false},{"lineNumber":25,"author":{"gitId":"-"},"content":"","lastModifiedDate":"2025-01-04T21:44:28","isFullCredit":false},{"lineNumber":26,"author":{"gitId":"-"},"content":"**Warning:** Keep the `src\\main\\java` folder as the root folder for Java files (i.e., don\u0027t rename those folders or move Java files to another folder outside of this folder path), as this is the default location some tools (e.g., Gradle) expect to find Java files.","lastModifiedDate":"2025-01-04T21:44:28","isFullCredit":false}],"authorContributionMap":{"YingWen178":2,"-":24}},{"path":"docs/README.md","fileType":"md","lines":[{"lineNumber":1,"author":{"gitId":"YingWen178"},"content":"# JoJo User Guide","lastModifiedDate":"2026-01-22T01:01:09","isFullCredit":false},{"lineNumber":2,"author":{"gitId":"-"},"content":"","lastModifiedDate":"2019-07-29T17:14:46","isFullCredit":false},{"lineNumber":3,"author":{"gitId":"-"},"content":"// Update the title above to match the actual product name","lastModifiedDate":"2024-01-07T18:33:52","isFullCredit":false},{"lineNumber":4,"author":{"gitId":"-"},"content":"","lastModifiedDate":"2019-07-29T17:14:46","isFullCredit":false},{"lineNumber":5,"author":{"gitId":"-"},"content":"// Product screenshot goes here","lastModifiedDate":"2024-01-07T18:33:52","isFullCredit":false},{"lineNumber":6,"author":{"gitId":"-"},"content":"","lastModifiedDate":"2021-07-17T16:49:07","isFullCredit":false},{"lineNumber":7,"author":{"gitId":"-"},"content":"// Product intro goes here","lastModifiedDate":"2024-01-07T18:33:52","isFullCredit":false},{"lineNumber":8,"author":{"gitId":"-"},"content":"","lastModifiedDate":"2021-07-17T16:49:07","isFullCredit":false},{"lineNumber":9,"author":{"gitId":"-"},"content":"## Adding deadlines","lastModifiedDate":"2024-01-07T18:33:52","isFullCredit":false},{"lineNumber":10,"author":{"gitId":"-"},"content":"","lastModifiedDate":"2021-07-17T16:49:07","isFullCredit":false},{"lineNumber":11,"author":{"gitId":"-"},"content":"// Describe the action and its outcome.","lastModifiedDate":"2024-01-07T18:33:52","isFullCredit":false},{"lineNumber":12,"author":{"gitId":"-"},"content":"","lastModifiedDate":"2019-07-29T17:14:46","isFullCredit":false},{"lineNumber":13,"author":{"gitId":"-"},"content":"// Give examples of usage","lastModifiedDate":"2024-01-07T18:33:52","isFullCredit":false},{"lineNumber":14,"author":{"gitId":"-"},"content":"","lastModifiedDate":"2019-07-29T17:14:46","isFullCredit":false},{"lineNumber":15,"author":{"gitId":"-"},"content":"Example: `keyword (optional arguments)`","lastModifiedDate":"2024-01-07T18:33:52","isFullCredit":false},{"lineNumber":16,"author":{"gitId":"-"},"content":"","lastModifiedDate":"2019-07-29T17:14:46","isFullCredit":false},{"lineNumber":17,"author":{"gitId":"-"},"content":"// A description of the expected outcome goes here","lastModifiedDate":"2024-01-07T18:33:52","isFullCredit":false},{"lineNumber":18,"author":{"gitId":"-"},"content":"","lastModifiedDate":"2019-07-29T17:14:46","isFullCredit":false},{"lineNumber":19,"author":{"gitId":"-"},"content":"```","lastModifiedDate":"2024-01-07T18:33:52","isFullCredit":false},{"lineNumber":20,"author":{"gitId":"-"},"content":"expected output","lastModifiedDate":"2024-01-07T18:33:52","isFullCredit":false},{"lineNumber":21,"author":{"gitId":"-"},"content":"```","lastModifiedDate":"2024-01-07T18:33:52","isFullCredit":false},{"lineNumber":22,"author":{"gitId":"-"},"content":"","lastModifiedDate":"2019-07-29T17:14:46","isFullCredit":false},{"lineNumber":23,"author":{"gitId":"-"},"content":"## Feature ABC","lastModifiedDate":"2024-01-07T18:33:52","isFullCredit":false},{"lineNumber":24,"author":{"gitId":"-"},"content":"","lastModifiedDate":"2019-07-29T17:14:46","isFullCredit":false},{"lineNumber":25,"author":{"gitId":"-"},"content":"// Feature details","lastModifiedDate":"2024-01-07T18:33:52","isFullCredit":false},{"lineNumber":26,"author":{"gitId":"-"},"content":"","lastModifiedDate":"2019-07-29T17:14:46","isFullCredit":false},{"lineNumber":27,"author":{"gitId":"-"},"content":"","lastModifiedDate":"2021-07-17T16:49:07","isFullCredit":false},{"lineNumber":28,"author":{"gitId":"-"},"content":"## Feature XYZ","lastModifiedDate":"2024-01-07T18:33:52","isFullCredit":false},{"lineNumber":29,"author":{"gitId":"-"},"content":"","lastModifiedDate":"2024-01-07T18:33:52","isFullCredit":false},{"lineNumber":30,"author":{"gitId":"-"},"content":"// Feature details","lastModifiedDate":"2024-01-07T18:33:52","isFullCredit":false}],"authorContributionMap":{"YingWen178":1,"-":29}},{"path":"src/main/java/Deadline.java","fileType":"java","lines":[{"lineNumber":1,"author":{"gitId":"YingWen178"},"content":"import java.time.LocalDate;","lastModifiedDate":"2026-01-24T17:57:29","isFullCredit":false},{"lineNumber":2,"author":{"gitId":"YingWen178"},"content":"import java.time.format.DateTimeFormatter;","lastModifiedDate":"2026-01-24T17:57:29","isFullCredit":false},{"lineNumber":3,"author":{"gitId":"YingWen178"},"content":"","lastModifiedDate":"2026-01-24T17:57:29","isFullCredit":false},{"lineNumber":4,"author":{"gitId":"YingWen178"},"content":"public class Deadline extends Task {","lastModifiedDate":"2026-01-22T16:54:50","isFullCredit":false},{"lineNumber":5,"author":{"gitId":"YingWen178"},"content":"","lastModifiedDate":"2026-01-22T16:54:50","isFullCredit":false},{"lineNumber":6,"author":{"gitId":"YingWen178"},"content":"    protected LocalDate by;","lastModifiedDate":"2026-01-24T17:57:29","isFullCredit":false},{"lineNumber":7,"author":{"gitId":"YingWen178"},"content":"","lastModifiedDate":"2026-01-22T16:54:50","isFullCredit":false},{"lineNumber":8,"author":{"gitId":"YingWen178"},"content":"    public Deadline(String description, String by) {","lastModifiedDate":"2026-01-22T16:54:50","isFullCredit":false},{"lineNumber":9,"author":{"gitId":"YingWen178"},"content":"        super(description);","lastModifiedDate":"2026-01-22T16:54:50","isFullCredit":false},{"lineNumber":10,"author":{"gitId":"YingWen178"},"content":"        this.by \u003d LocalDate.parse(by);","lastModifiedDate":"2026-01-24T17:57:29","isFullCredit":false},{"lineNumber":11,"author":{"gitId":"YingWen178"},"content":"    }","lastModifiedDate":"2026-01-22T16:54:50","isFullCredit":false},{"lineNumber":12,"author":{"gitId":"YingWen178"},"content":"","lastModifiedDate":"2026-01-22T16:54:50","isFullCredit":false},{"lineNumber":13,"author":{"gitId":"YingWen178"},"content":"    @Override","lastModifiedDate":"2026-01-22T16:54:50","isFullCredit":false},{"lineNumber":14,"author":{"gitId":"YingWen178"},"content":"    public String toString() {","lastModifiedDate":"2026-01-22T16:54:50","isFullCredit":false},{"lineNumber":15,"author":{"gitId":"YingWen178"},"content":"        return \"[D]\" + super.toString() + \" (by: \" + by.format(DateTimeFormatter.ofPattern(\"MMM d yyyy\")) + \")\";","lastModifiedDate":"2026-01-24T17:57:29","isFullCredit":false},{"lineNumber":16,"author":{"gitId":"YingWen178"},"content":"    }","lastModifiedDate":"2026-01-22T16:54:50","isFullCredit":false},{"lineNumber":17,"author":{"gitId":"YingWen178"},"content":"","lastModifiedDate":"2026-01-24T16:50:32","isFullCredit":false},{"lineNumber":18,"author":{"gitId":"YingWen178"},"content":"    @Override","lastModifiedDate":"2026-01-24T16:50:32","isFullCredit":false},{"lineNumber":19,"author":{"gitId":"YingWen178"},"content":"    public String toSaveString() {","lastModifiedDate":"2026-01-24T16:50:32","isFullCredit":false},{"lineNumber":20,"author":{"gitId":"YingWen178"},"content":"        return \"D | \" + super.toSaveString() + \" | \" + by;","lastModifiedDate":"2026-01-24T16:50:32","isFullCredit":false},{"lineNumber":21,"author":{"gitId":"YingWen178"},"content":"    }","lastModifiedDate":"2026-01-24T16:50:32","isFullCredit":false},{"lineNumber":22,"author":{"gitId":"YingWen178"},"content":"}","lastModifiedDate":"2026-01-22T16:54:50","isFullCredit":false}],"authorContributionMap":{"YingWen178":22}},{"path":"src/main/java/Event.java","fileType":"java","lines":[{"lineNumber":1,"author":{"gitId":"YingWen178"},"content":"public class Event extends Task {","lastModifiedDate":"2026-01-22T16:54:50","isFullCredit":false},{"lineNumber":2,"author":{"gitId":"YingWen178"},"content":"    protected String from;","lastModifiedDate":"2026-01-22T16:54:50","isFullCredit":false},{"lineNumber":3,"author":{"gitId":"YingWen178"},"content":"    protected String to;","lastModifiedDate":"2026-01-22T16:54:50","isFullCredit":false},{"lineNumber":4,"author":{"gitId":"YingWen178"},"content":"","lastModifiedDate":"2026-01-22T16:54:50","isFullCredit":false},{"lineNumber":5,"author":{"gitId":"YingWen178"},"content":"    public Event(String description, String from, String to) {","lastModifiedDate":"2026-01-22T16:54:50","isFullCredit":false},{"lineNumber":6,"author":{"gitId":"YingWen178"},"content":"        super(description);","lastModifiedDate":"2026-01-22T16:54:50","isFullCredit":false},{"lineNumber":7,"author":{"gitId":"YingWen178"},"content":"        this.from \u003d from;","lastModifiedDate":"2026-01-22T16:54:50","isFullCredit":false},{"lineNumber":8,"author":{"gitId":"YingWen178"},"content":"        this.to \u003d to;","lastModifiedDate":"2026-01-22T16:54:50","isFullCredit":false},{"lineNumber":9,"author":{"gitId":"YingWen178"},"content":"    }","lastModifiedDate":"2026-01-22T16:54:50","isFullCredit":false},{"lineNumber":10,"author":{"gitId":"YingWen178"},"content":"","lastModifiedDate":"2026-01-22T16:54:50","isFullCredit":false},{"lineNumber":11,"author":{"gitId":"YingWen178"},"content":"    @Override","lastModifiedDate":"2026-01-22T16:54:50","isFullCredit":false},{"lineNumber":12,"author":{"gitId":"YingWen178"},"content":"    public String toString() {","lastModifiedDate":"2026-01-22T16:54:50","isFullCredit":false},{"lineNumber":13,"author":{"gitId":"YingWen178"},"content":"        return \"[E]\" + super.toString() + \" (from: \" + from + \" to: \" + to + \")\";","lastModifiedDate":"2026-01-22T16:54:50","isFullCredit":false},{"lineNumber":14,"author":{"gitId":"YingWen178"},"content":"    }","lastModifiedDate":"2026-01-22T16:54:50","isFullCredit":false},{"lineNumber":15,"author":{"gitId":"YingWen178"},"content":"","lastModifiedDate":"2026-01-24T16:50:32","isFullCredit":false},{"lineNumber":16,"author":{"gitId":"YingWen178"},"content":"    @Override","lastModifiedDate":"2026-01-24T16:50:32","isFullCredit":false},{"lineNumber":17,"author":{"gitId":"YingWen178"},"content":"    public String toSaveString() {","lastModifiedDate":"2026-01-24T16:50:32","isFullCredit":false},{"lineNumber":18,"author":{"gitId":"YingWen178"},"content":"        return \"E | \" + super.toSaveString() + \" | \" + from + \" | \" + to;","lastModifiedDate":"2026-01-24T16:50:32","isFullCredit":false},{"lineNumber":19,"author":{"gitId":"YingWen178"},"content":"    }","lastModifiedDate":"2026-01-24T16:50:32","isFullCredit":false},{"lineNumber":20,"author":{"gitId":"YingWen178"},"content":"}","lastModifiedDate":"2026-01-22T16:54:50","isFullCredit":false}],"authorContributionMap":{"YingWen178":20}},{"path":"src/main/java/JoJo.java","fileType":"java","lines":[{"lineNumber":1,"author":{"gitId":"YingWen178"},"content":"import java.io.File;","lastModifiedDate":"2026-01-24T16:50:32","isFullCredit":false},{"lineNumber":2,"author":{"gitId":"YingWen178"},"content":"import java.util.Scanner;","lastModifiedDate":"2026-01-22T01:12:51","isFullCredit":false},{"lineNumber":3,"author":{"gitId":"YingWen178"},"content":"import java.util.ArrayList;","lastModifiedDate":"2026-01-22T01:19:50","isFullCredit":false},{"lineNumber":4,"author":{"gitId":"YingWen178"},"content":"import java.io.FileWriter;","lastModifiedDate":"2026-01-24T16:50:32","isFullCredit":false},{"lineNumber":5,"author":{"gitId":"YingWen178"},"content":"import java.io.IOException;","lastModifiedDate":"2026-01-24T16:50:32","isFullCredit":false},{"lineNumber":6,"author":{"gitId":"YingWen178"},"content":"public class JoJo {","lastModifiedDate":"2026-01-22T01:01:09","isFullCredit":false},{"lineNumber":7,"author":{"gitId":"YingWen178"},"content":"    private static final String FILE_PATH \u003d \"jojo.txt\";","lastModifiedDate":"2026-01-24T16:50:32","isFullCredit":false},{"lineNumber":8,"author":{"gitId":"YingWen178"},"content":"","lastModifiedDate":"2026-01-24T16:50:32","isFullCredit":false},{"lineNumber":9,"author":{"gitId":"YingWen178"},"content":"    private static void writeToFile(ArrayList\u003cTask\u003e list) {","lastModifiedDate":"2026-01-24T16:50:32","isFullCredit":false},{"lineNumber":10,"author":{"gitId":"YingWen178"},"content":"        try {","lastModifiedDate":"2026-01-24T16:50:32","isFullCredit":false},{"lineNumber":11,"author":{"gitId":"YingWen178"},"content":"            FileWriter fw \u003d new FileWriter(FILE_PATH);","lastModifiedDate":"2026-01-24T16:50:32","isFullCredit":false},{"lineNumber":12,"author":{"gitId":"YingWen178"},"content":"            for (Task t : list) {","lastModifiedDate":"2026-01-24T16:50:32","isFullCredit":false},{"lineNumber":13,"author":{"gitId":"YingWen178"},"content":"                fw.write(t.toSaveString() + System.lineSeparator());","lastModifiedDate":"2026-01-24T16:50:32","isFullCredit":false},{"lineNumber":14,"author":{"gitId":"YingWen178"},"content":"            }","lastModifiedDate":"2026-01-24T16:50:32","isFullCredit":false},{"lineNumber":15,"author":{"gitId":"YingWen178"},"content":"            fw.close();","lastModifiedDate":"2026-01-24T16:50:32","isFullCredit":false},{"lineNumber":16,"author":{"gitId":"YingWen178"},"content":"        } catch (IOException e) {","lastModifiedDate":"2026-01-24T16:50:32","isFullCredit":false},{"lineNumber":17,"author":{"gitId":"YingWen178"},"content":"            System.out.println(\" Error saving to file: \" + e.getMessage());","lastModifiedDate":"2026-01-24T16:50:32","isFullCredit":false},{"lineNumber":18,"author":{"gitId":"YingWen178"},"content":"        }","lastModifiedDate":"2026-01-24T16:50:32","isFullCredit":false},{"lineNumber":19,"author":{"gitId":"YingWen178"},"content":"    }","lastModifiedDate":"2026-01-24T16:50:32","isFullCredit":false},{"lineNumber":20,"author":{"gitId":"YingWen178"},"content":"","lastModifiedDate":"2026-01-24T16:50:32","isFullCredit":false},{"lineNumber":21,"author":{"gitId":"YingWen178"},"content":"    private static Task parseTask(String line) {","lastModifiedDate":"2026-01-24T16:50:32","isFullCredit":false},{"lineNumber":22,"author":{"gitId":"YingWen178"},"content":"        String[] parts \u003d line.split(\" \\\\| \");","lastModifiedDate":"2026-01-24T16:50:32","isFullCredit":false},{"lineNumber":23,"author":{"gitId":"YingWen178"},"content":"        String type \u003d parts[0];","lastModifiedDate":"2026-01-24T16:50:32","isFullCredit":false},{"lineNumber":24,"author":{"gitId":"YingWen178"},"content":"        boolean isDone \u003d parts[1].equals(\"1\");","lastModifiedDate":"2026-01-24T16:50:32","isFullCredit":false},{"lineNumber":25,"author":{"gitId":"YingWen178"},"content":"        String description \u003d parts[2];","lastModifiedDate":"2026-01-24T16:50:32","isFullCredit":false},{"lineNumber":26,"author":{"gitId":"YingWen178"},"content":"","lastModifiedDate":"2026-01-24T16:50:32","isFullCredit":false},{"lineNumber":27,"author":{"gitId":"YingWen178"},"content":"        Task task;","lastModifiedDate":"2026-01-24T16:50:32","isFullCredit":false},{"lineNumber":28,"author":{"gitId":"YingWen178"},"content":"        switch (type) {","lastModifiedDate":"2026-01-24T16:50:32","isFullCredit":false},{"lineNumber":29,"author":{"gitId":"YingWen178"},"content":"            case \"T\":","lastModifiedDate":"2026-01-24T16:50:32","isFullCredit":false},{"lineNumber":30,"author":{"gitId":"YingWen178"},"content":"                task \u003d new Todo(description);","lastModifiedDate":"2026-01-24T16:50:32","isFullCredit":false},{"lineNumber":31,"author":{"gitId":"YingWen178"},"content":"                break;","lastModifiedDate":"2026-01-24T16:50:32","isFullCredit":false},{"lineNumber":32,"author":{"gitId":"YingWen178"},"content":"            case \"D\":","lastModifiedDate":"2026-01-24T16:50:32","isFullCredit":false},{"lineNumber":33,"author":{"gitId":"YingWen178"},"content":"                task \u003d new Deadline(description, parts[3]);","lastModifiedDate":"2026-01-24T16:50:32","isFullCredit":false},{"lineNumber":34,"author":{"gitId":"YingWen178"},"content":"                break;","lastModifiedDate":"2026-01-24T16:50:32","isFullCredit":false},{"lineNumber":35,"author":{"gitId":"YingWen178"},"content":"            case \"E\":","lastModifiedDate":"2026-01-24T16:50:32","isFullCredit":false},{"lineNumber":36,"author":{"gitId":"YingWen178"},"content":"                task \u003d new Event(description, parts[3], parts[4]);","lastModifiedDate":"2026-01-24T16:50:32","isFullCredit":false},{"lineNumber":37,"author":{"gitId":"YingWen178"},"content":"                break;","lastModifiedDate":"2026-01-24T16:50:32","isFullCredit":false},{"lineNumber":38,"author":{"gitId":"YingWen178"},"content":"            default:","lastModifiedDate":"2026-01-24T16:50:32","isFullCredit":false},{"lineNumber":39,"author":{"gitId":"YingWen178"},"content":"                return null;","lastModifiedDate":"2026-01-24T16:50:32","isFullCredit":false},{"lineNumber":40,"author":{"gitId":"YingWen178"},"content":"        }","lastModifiedDate":"2026-01-24T16:50:32","isFullCredit":false},{"lineNumber":41,"author":{"gitId":"YingWen178"},"content":"","lastModifiedDate":"2026-01-24T16:50:32","isFullCredit":false},{"lineNumber":42,"author":{"gitId":"YingWen178"},"content":"        if (isDone) {","lastModifiedDate":"2026-01-24T16:50:32","isFullCredit":false},{"lineNumber":43,"author":{"gitId":"YingWen178"},"content":"            task.markAsDone();","lastModifiedDate":"2026-01-24T16:50:32","isFullCredit":false},{"lineNumber":44,"author":{"gitId":"YingWen178"},"content":"        }","lastModifiedDate":"2026-01-24T16:50:32","isFullCredit":false},{"lineNumber":45,"author":{"gitId":"YingWen178"},"content":"        return task;","lastModifiedDate":"2026-01-24T16:50:32","isFullCredit":false},{"lineNumber":46,"author":{"gitId":"YingWen178"},"content":"    }","lastModifiedDate":"2026-01-24T16:50:32","isFullCredit":false},{"lineNumber":47,"author":{"gitId":"YingWen178"},"content":"","lastModifiedDate":"2026-01-24T16:50:32","isFullCredit":false},{"lineNumber":48,"author":{"gitId":"YingWen178"},"content":"    public static void main(String[] args) {","lastModifiedDate":"2026-01-22T01:01:09","isFullCredit":false},{"lineNumber":49,"author":{"gitId":"YingWen178"},"content":"        String horizontalLine \u003d \"____________________________________________________________\";","lastModifiedDate":"2026-01-22T01:01:09","isFullCredit":false},{"lineNumber":50,"author":{"gitId":"YingWen178"},"content":"","lastModifiedDate":"2026-01-22T01:01:09","isFullCredit":false},{"lineNumber":51,"author":{"gitId":"YingWen178"},"content":"        ArrayList\u003cTask\u003e list \u003d new ArrayList\u003c\u003e();","lastModifiedDate":"2026-01-22T02:11:04","isFullCredit":false},{"lineNumber":52,"author":{"gitId":"YingWen178"},"content":"","lastModifiedDate":"2026-01-22T01:19:50","isFullCredit":false},{"lineNumber":53,"author":{"gitId":"YingWen178"},"content":"        File file \u003d new File(FILE_PATH);","lastModifiedDate":"2026-01-24T16:50:32","isFullCredit":false},{"lineNumber":54,"author":{"gitId":"YingWen178"},"content":"        try {","lastModifiedDate":"2026-01-24T16:50:32","isFullCredit":false},{"lineNumber":55,"author":{"gitId":"YingWen178"},"content":"            if (file.createNewFile()) {","lastModifiedDate":"2026-01-24T16:50:32","isFullCredit":false},{"lineNumber":56,"author":{"gitId":"YingWen178"},"content":"                System.out.println(horizontalLine);","lastModifiedDate":"2026-01-24T16:50:32","isFullCredit":false},{"lineNumber":57,"author":{"gitId":"YingWen178"},"content":"                System.out.println(\" No file found. Created new file: jojo.txt\");","lastModifiedDate":"2026-01-24T16:50:32","isFullCredit":false},{"lineNumber":58,"author":{"gitId":"YingWen178"},"content":"            } else {","lastModifiedDate":"2026-01-24T16:50:32","isFullCredit":false},{"lineNumber":59,"author":{"gitId":"YingWen178"},"content":"                Scanner fileScanner \u003d new Scanner(file);","lastModifiedDate":"2026-01-24T16:50:32","isFullCredit":false},{"lineNumber":60,"author":{"gitId":"YingWen178"},"content":"                while (fileScanner.hasNextLine()) {","lastModifiedDate":"2026-01-24T16:50:32","isFullCredit":false},{"lineNumber":61,"author":{"gitId":"YingWen178"},"content":"                    String line \u003d fileScanner.nextLine();","lastModifiedDate":"2026-01-24T16:50:32","isFullCredit":false},{"lineNumber":62,"author":{"gitId":"YingWen178"},"content":"                    if (!line.trim().isEmpty()) {","lastModifiedDate":"2026-01-24T16:50:32","isFullCredit":false},{"lineNumber":63,"author":{"gitId":"YingWen178"},"content":"                        list.add(parseTask(line));","lastModifiedDate":"2026-01-24T16:50:32","isFullCredit":false},{"lineNumber":64,"author":{"gitId":"YingWen178"},"content":"                    }","lastModifiedDate":"2026-01-24T16:50:32","isFullCredit":false},{"lineNumber":65,"author":{"gitId":"YingWen178"},"content":"                }","lastModifiedDate":"2026-01-24T16:50:32","isFullCredit":false},{"lineNumber":66,"author":{"gitId":"YingWen178"},"content":"                fileScanner.close();","lastModifiedDate":"2026-01-24T16:50:32","isFullCredit":false},{"lineNumber":67,"author":{"gitId":"YingWen178"},"content":"            }","lastModifiedDate":"2026-01-24T16:50:32","isFullCredit":false},{"lineNumber":68,"author":{"gitId":"YingWen178"},"content":"        } catch (IOException e) {","lastModifiedDate":"2026-01-24T16:50:32","isFullCredit":false},{"lineNumber":69,"author":{"gitId":"YingWen178"},"content":"            System.out.println(\" Error reading data file: \" + e.getMessage());","lastModifiedDate":"2026-01-24T16:50:32","isFullCredit":false},{"lineNumber":70,"author":{"gitId":"YingWen178"},"content":"        }","lastModifiedDate":"2026-01-24T16:50:32","isFullCredit":false},{"lineNumber":71,"author":{"gitId":"YingWen178"},"content":"","lastModifiedDate":"2026-01-24T16:50:32","isFullCredit":false},{"lineNumber":72,"author":{"gitId":"YingWen178"},"content":"        System.out.println(horizontalLine);","lastModifiedDate":"2026-01-22T01:01:09","isFullCredit":false},{"lineNumber":73,"author":{"gitId":"YingWen178"},"content":"        System.out.println(\" Hello! I\u0027m JoJo\");","lastModifiedDate":"2026-01-22T01:12:51","isFullCredit":false},{"lineNumber":74,"author":{"gitId":"YingWen178"},"content":"        System.out.println(\" What can I do for you?\");","lastModifiedDate":"2026-01-22T01:01:09","isFullCredit":false},{"lineNumber":75,"author":{"gitId":"YingWen178"},"content":"        System.out.println(horizontalLine);","lastModifiedDate":"2026-01-22T01:01:09","isFullCredit":false},{"lineNumber":76,"author":{"gitId":"YingWen178"},"content":"","lastModifiedDate":"2026-01-22T01:01:09","isFullCredit":false},{"lineNumber":77,"author":{"gitId":"YingWen178"},"content":"        Scanner scanner \u003d new Scanner(System.in);","lastModifiedDate":"2026-01-22T01:12:51","isFullCredit":false},{"lineNumber":78,"author":{"gitId":"YingWen178"},"content":"        while (true) {","lastModifiedDate":"2026-01-22T01:12:51","isFullCredit":false},{"lineNumber":79,"author":{"gitId":"YingWen178"},"content":"            String input \u003d scanner.nextLine();","lastModifiedDate":"2026-01-22T01:12:51","isFullCredit":false},{"lineNumber":80,"author":{"gitId":"YingWen178"},"content":"","lastModifiedDate":"2026-01-22T01:12:51","isFullCredit":false},{"lineNumber":81,"author":{"gitId":"YingWen178"},"content":"            taskEnum task;","lastModifiedDate":"2026-01-23T15:26:25","isFullCredit":false},{"lineNumber":82,"author":{"gitId":"YingWen178"},"content":"            try {","lastModifiedDate":"2026-01-23T15:26:25","isFullCredit":false},{"lineNumber":83,"author":{"gitId":"YingWen178"},"content":"                task \u003d taskEnum.valueOf(input.split(\" \")[0].toUpperCase());","lastModifiedDate":"2026-01-23T15:26:25","isFullCredit":false},{"lineNumber":84,"author":{"gitId":"YingWen178"},"content":"            } catch (Exception e) {","lastModifiedDate":"2026-01-23T15:26:25","isFullCredit":false},{"lineNumber":85,"author":{"gitId":"YingWen178"},"content":"                task \u003d taskEnum.UNKNOWN;","lastModifiedDate":"2026-01-23T15:26:25","isFullCredit":false},{"lineNumber":86,"author":{"gitId":"YingWen178"},"content":"            }","lastModifiedDate":"2026-01-23T15:26:25","isFullCredit":false},{"lineNumber":87,"author":{"gitId":"YingWen178"},"content":"","lastModifiedDate":"2026-01-23T15:26:25","isFullCredit":false},{"lineNumber":88,"author":{"gitId":"YingWen178"},"content":"            if (task \u003d\u003d taskEnum.BYE) {","lastModifiedDate":"2026-01-23T15:26:25","isFullCredit":false},{"lineNumber":89,"author":{"gitId":"YingWen178"},"content":"                break;","lastModifiedDate":"2026-01-22T01:12:51","isFullCredit":false},{"lineNumber":90,"author":{"gitId":"YingWen178"},"content":"            }","lastModifiedDate":"2026-01-22T01:12:51","isFullCredit":false},{"lineNumber":91,"author":{"gitId":"YingWen178"},"content":"","lastModifiedDate":"2026-01-23T15:26:25","isFullCredit":false},{"lineNumber":92,"author":{"gitId":"YingWen178"},"content":"            try {","lastModifiedDate":"2026-01-22T18:23:12","isFullCredit":false},{"lineNumber":93,"author":{"gitId":"YingWen178"},"content":"                switch (task) {","lastModifiedDate":"2026-01-23T15:26:25","isFullCredit":false},{"lineNumber":94,"author":{"gitId":"YingWen178"},"content":"                    case LIST:","lastModifiedDate":"2026-01-23T15:26:25","isFullCredit":false},{"lineNumber":95,"author":{"gitId":"YingWen178"},"content":"                        System.out.println(horizontalLine);","lastModifiedDate":"2026-01-22T01:19:50","isFullCredit":false},{"lineNumber":96,"author":{"gitId":"YingWen178"},"content":"                        System.out.println(\" Here are the tasks in your list:\");","lastModifiedDate":"2026-01-22T02:11:04","isFullCredit":false},{"lineNumber":97,"author":{"gitId":"YingWen178"},"content":"                        for (int i \u003d 0; i \u003c list.size(); i++) {","lastModifiedDate":"2026-01-22T01:19:50","isFullCredit":false},{"lineNumber":98,"author":{"gitId":"YingWen178"},"content":"                            System.out.println(\" \" + (i + 1) + \". \" + list.get(i));","lastModifiedDate":"2026-01-22T01:19:50","isFullCredit":false},{"lineNumber":99,"author":{"gitId":"YingWen178"},"content":"                        }","lastModifiedDate":"2026-01-22T01:19:50","isFullCredit":false},{"lineNumber":100,"author":{"gitId":"YingWen178"},"content":"                        break;","lastModifiedDate":"2026-01-23T15:26:25","isFullCredit":false},{"lineNumber":101,"author":{"gitId":"YingWen178"},"content":"","lastModifiedDate":"2026-01-23T15:26:25","isFullCredit":false},{"lineNumber":102,"author":{"gitId":"YingWen178"},"content":"                    case MARK:","lastModifiedDate":"2026-01-23T15:26:25","isFullCredit":false},{"lineNumber":103,"author":{"gitId":"YingWen178"},"content":"                        int indexMark \u003d Integer.parseInt(input.substring(5)) - 1;","lastModifiedDate":"2026-01-23T15:26:25","isFullCredit":false},{"lineNumber":104,"author":{"gitId":"YingWen178"},"content":"                        list.get(indexMark).markAsDone();","lastModifiedDate":"2026-01-23T15:26:25","isFullCredit":false},{"lineNumber":105,"author":{"gitId":"YingWen178"},"content":"                        System.out.println(horizontalLine);","lastModifiedDate":"2026-01-22T02:11:04","isFullCredit":false},{"lineNumber":106,"author":{"gitId":"YingWen178"},"content":"                        System.out.println(\" Nice! I\u0027ve marked this task as done:\");","lastModifiedDate":"2026-01-22T02:11:04","isFullCredit":false},{"lineNumber":107,"author":{"gitId":"YingWen178"},"content":"                        System.out.println(\"   \" + list.get(indexMark));","lastModifiedDate":"2026-01-23T15:26:25","isFullCredit":false},{"lineNumber":108,"author":{"gitId":"YingWen178"},"content":"                        writeToFile(list);","lastModifiedDate":"2026-01-24T16:50:32","isFullCredit":false},{"lineNumber":109,"author":{"gitId":"YingWen178"},"content":"                        break;","lastModifiedDate":"2026-01-23T15:26:25","isFullCredit":false},{"lineNumber":110,"author":{"gitId":"YingWen178"},"content":"","lastModifiedDate":"2026-01-23T15:26:25","isFullCredit":false},{"lineNumber":111,"author":{"gitId":"YingWen178"},"content":"                    case UNMARK:","lastModifiedDate":"2026-01-23T15:26:25","isFullCredit":false},{"lineNumber":112,"author":{"gitId":"YingWen178"},"content":"                        int indexUnmark \u003d Integer.parseInt(input.substring(7)) - 1;","lastModifiedDate":"2026-01-23T15:26:25","isFullCredit":false},{"lineNumber":113,"author":{"gitId":"YingWen178"},"content":"                        list.get(indexUnmark).unmark();","lastModifiedDate":"2026-01-23T15:26:25","isFullCredit":false},{"lineNumber":114,"author":{"gitId":"YingWen178"},"content":"                        System.out.println(horizontalLine);","lastModifiedDate":"2026-01-22T02:11:04","isFullCredit":false},{"lineNumber":115,"author":{"gitId":"YingWen178"},"content":"                        System.out.println(\" OK, I\u0027ve marked this task as not done yet:\");","lastModifiedDate":"2026-01-22T02:11:04","isFullCredit":false},{"lineNumber":116,"author":{"gitId":"YingWen178"},"content":"                        System.out.println(\"   \" + list.get(indexUnmark));","lastModifiedDate":"2026-01-23T15:26:25","isFullCredit":false},{"lineNumber":117,"author":{"gitId":"YingWen178"},"content":"                        writeToFile(list);","lastModifiedDate":"2026-01-24T16:50:32","isFullCredit":false},{"lineNumber":118,"author":{"gitId":"YingWen178"},"content":"                        break;","lastModifiedDate":"2026-01-23T15:26:25","isFullCredit":false},{"lineNumber":119,"author":{"gitId":"YingWen178"},"content":"","lastModifiedDate":"2026-01-23T15:26:25","isFullCredit":false},{"lineNumber":120,"author":{"gitId":"YingWen178"},"content":"                    case DEADLINE:","lastModifiedDate":"2026-01-23T15:26:25","isFullCredit":false},{"lineNumber":121,"author":{"gitId":"YingWen178"},"content":"                        if (input.trim().length() \u003c\u003d 8) {","lastModifiedDate":"2026-01-22T18:23:12","isFullCredit":false},{"lineNumber":122,"author":{"gitId":"YingWen178"},"content":"                            throw new JoJoException(\" OOPS!!! The description of a deadline cannot be empty, add a space after todo follow by the task and deadline.\");","lastModifiedDate":"2026-01-22T18:23:12","isFullCredit":false},{"lineNumber":123,"author":{"gitId":"YingWen178"},"content":"                        }","lastModifiedDate":"2026-01-22T18:23:12","isFullCredit":false},{"lineNumber":124,"author":{"gitId":"YingWen178"},"content":"                        if (!input.startsWith(\"deadline \")) {","lastModifiedDate":"2026-01-22T18:23:12","isFullCredit":false},{"lineNumber":125,"author":{"gitId":"YingWen178"},"content":"                            throw new JoJoException(\" OOPS!!! Please add a space after \u0027deadline\u0027 follow by the task and deadline.\");","lastModifiedDate":"2026-01-22T18:23:12","isFullCredit":false},{"lineNumber":126,"author":{"gitId":"YingWen178"},"content":"                        }","lastModifiedDate":"2026-01-22T18:23:12","isFullCredit":false},{"lineNumber":127,"author":{"gitId":"YingWen178"},"content":"                        String[] deadlineStr \u003d input.substring(9).split(\" /by \");","lastModifiedDate":"2026-01-23T15:26:25","isFullCredit":false},{"lineNumber":128,"author":{"gitId":"YingWen178"},"content":"                        Deadline d \u003d new Deadline(deadlineStr[0], deadlineStr[1]);","lastModifiedDate":"2026-01-23T15:26:25","isFullCredit":false},{"lineNumber":129,"author":{"gitId":"YingWen178"},"content":"                        list.add(d);","lastModifiedDate":"2026-01-22T16:54:50","isFullCredit":false},{"lineNumber":130,"author":{"gitId":"YingWen178"},"content":"                        System.out.println(horizontalLine);","lastModifiedDate":"2026-01-22T16:54:50","isFullCredit":false},{"lineNumber":131,"author":{"gitId":"YingWen178"},"content":"                        System.out.println(\" Got it. I\u0027ve added this task:\\n   \" + d);","lastModifiedDate":"2026-01-22T16:54:50","isFullCredit":false},{"lineNumber":132,"author":{"gitId":"YingWen178"},"content":"                        System.out.println(\" Now you have \" + list.size() + \" tasks in the list.\");","lastModifiedDate":"2026-01-22T16:54:50","isFullCredit":false},{"lineNumber":133,"author":{"gitId":"YingWen178"},"content":"                        writeToFile(list);","lastModifiedDate":"2026-01-24T16:50:32","isFullCredit":false},{"lineNumber":134,"author":{"gitId":"YingWen178"},"content":"                        break;","lastModifiedDate":"2026-01-23T15:26:25","isFullCredit":false},{"lineNumber":135,"author":{"gitId":"YingWen178"},"content":"","lastModifiedDate":"2026-01-23T15:26:25","isFullCredit":false},{"lineNumber":136,"author":{"gitId":"YingWen178"},"content":"                    case TODO:","lastModifiedDate":"2026-01-23T15:26:25","isFullCredit":false},{"lineNumber":137,"author":{"gitId":"YingWen178"},"content":"                        if (input.trim().length() \u003c\u003d 4) {","lastModifiedDate":"2026-01-22T18:23:12","isFullCredit":false},{"lineNumber":138,"author":{"gitId":"YingWen178"},"content":"                            throw new JoJoException(\" OOPS!!! The description of a todo cannot be empty, add a space after todo follow by the task.\");","lastModifiedDate":"2026-01-22T18:23:12","isFullCredit":false},{"lineNumber":139,"author":{"gitId":"YingWen178"},"content":"                        }","lastModifiedDate":"2026-01-22T18:23:12","isFullCredit":false},{"lineNumber":140,"author":{"gitId":"YingWen178"},"content":"                        if (!input.startsWith(\"todo \")) {","lastModifiedDate":"2026-01-22T18:23:12","isFullCredit":false},{"lineNumber":141,"author":{"gitId":"YingWen178"},"content":"                            throw new JoJoException(\" OOPS!!! Please add a space after \u0027todo\u0027 follow by the task.\");","lastModifiedDate":"2026-01-22T18:23:12","isFullCredit":false},{"lineNumber":142,"author":{"gitId":"YingWen178"},"content":"                        }","lastModifiedDate":"2026-01-22T18:23:12","isFullCredit":false},{"lineNumber":143,"author":{"gitId":"YingWen178"},"content":"                        String todoStr \u003d input.substring(5);","lastModifiedDate":"2026-01-23T15:26:25","isFullCredit":false},{"lineNumber":144,"author":{"gitId":"YingWen178"},"content":"                        Todo t \u003d new Todo(todoStr);","lastModifiedDate":"2026-01-23T15:26:25","isFullCredit":false},{"lineNumber":145,"author":{"gitId":"YingWen178"},"content":"                        list.add(t);","lastModifiedDate":"2026-01-22T16:54:50","isFullCredit":false},{"lineNumber":146,"author":{"gitId":"YingWen178"},"content":"                        System.out.println(horizontalLine);","lastModifiedDate":"2026-01-22T16:54:50","isFullCredit":false},{"lineNumber":147,"author":{"gitId":"YingWen178"},"content":"                        System.out.println(\" Got it. I\u0027ve added this task:\\n   \" + t);","lastModifiedDate":"2026-01-22T16:54:50","isFullCredit":false},{"lineNumber":148,"author":{"gitId":"YingWen178"},"content":"                        System.out.println(\" Now you have \" + list.size() + \" tasks in the list.\");","lastModifiedDate":"2026-01-22T16:54:50","isFullCredit":false},{"lineNumber":149,"author":{"gitId":"YingWen178"},"content":"                        writeToFile(list);","lastModifiedDate":"2026-01-24T16:50:32","isFullCredit":false},{"lineNumber":150,"author":{"gitId":"YingWen178"},"content":"                        break;","lastModifiedDate":"2026-01-23T15:26:25","isFullCredit":false},{"lineNumber":151,"author":{"gitId":"YingWen178"},"content":"","lastModifiedDate":"2026-01-22T16:54:50","isFullCredit":false},{"lineNumber":152,"author":{"gitId":"YingWen178"},"content":"                    case EVENT:","lastModifiedDate":"2026-01-23T15:26:25","isFullCredit":false},{"lineNumber":153,"author":{"gitId":"YingWen178"},"content":"                        if (input.trim().length() \u003c\u003d 5) {","lastModifiedDate":"2026-01-22T18:23:12","isFullCredit":false},{"lineNumber":154,"author":{"gitId":"YingWen178"},"content":"                            throw new JoJoException(\" OOPS!!! The description of a event cannot be empty, add a space after event follow by the task and start and end date/time.\");","lastModifiedDate":"2026-01-22T18:23:12","isFullCredit":false},{"lineNumber":155,"author":{"gitId":"YingWen178"},"content":"                        }","lastModifiedDate":"2026-01-22T18:23:12","isFullCredit":false},{"lineNumber":156,"author":{"gitId":"YingWen178"},"content":"                        if (!input.startsWith(\"event \")) {","lastModifiedDate":"2026-01-22T18:23:12","isFullCredit":false},{"lineNumber":157,"author":{"gitId":"YingWen178"},"content":"                            throw new JoJoException(\" OOPS!!! Please add a space after \u0027event\u0027 follow by the task and start and end date/time.\");","lastModifiedDate":"2026-01-22T18:23:12","isFullCredit":false},{"lineNumber":158,"author":{"gitId":"YingWen178"},"content":"                        }","lastModifiedDate":"2026-01-22T18:23:12","isFullCredit":false},{"lineNumber":159,"author":{"gitId":"YingWen178"},"content":"                        String[] eventStr \u003d input.substring(6).split(\" /from \");","lastModifiedDate":"2026-01-23T15:26:25","isFullCredit":false},{"lineNumber":160,"author":{"gitId":"YingWen178"},"content":"                        String[] timeStr \u003d eventStr[1].split(\" /to \");","lastModifiedDate":"2026-01-23T15:26:25","isFullCredit":false},{"lineNumber":161,"author":{"gitId":"YingWen178"},"content":"                        Event e \u003d new Event(eventStr[0], timeStr[0], timeStr[1]);","lastModifiedDate":"2026-01-23T15:26:25","isFullCredit":false},{"lineNumber":162,"author":{"gitId":"YingWen178"},"content":"                        list.add(e);","lastModifiedDate":"2026-01-22T16:54:50","isFullCredit":false},{"lineNumber":163,"author":{"gitId":"YingWen178"},"content":"                        System.out.println(\" Got it. I\u0027ve added this task:\\n   \" + e);","lastModifiedDate":"2026-01-22T16:54:50","isFullCredit":false},{"lineNumber":164,"author":{"gitId":"YingWen178"},"content":"                        System.out.println(\" Now you have \" + list.size() + \" tasks in the list.\");","lastModifiedDate":"2026-01-22T16:54:50","isFullCredit":false},{"lineNumber":165,"author":{"gitId":"YingWen178"},"content":"                        writeToFile(list);","lastModifiedDate":"2026-01-24T16:50:32","isFullCredit":false},{"lineNumber":166,"author":{"gitId":"YingWen178"},"content":"                        break;","lastModifiedDate":"2026-01-23T15:26:25","isFullCredit":false},{"lineNumber":167,"author":{"gitId":"YingWen178"},"content":"","lastModifiedDate":"2026-01-23T15:26:25","isFullCredit":false},{"lineNumber":168,"author":{"gitId":"YingWen178"},"content":"                    case DELETE:","lastModifiedDate":"2026-01-23T15:26:25","isFullCredit":false},{"lineNumber":169,"author":{"gitId":"YingWen178"},"content":"                        if (input.trim().length() \u003c\u003d 6) {","lastModifiedDate":"2026-01-22T18:34:38","isFullCredit":false},{"lineNumber":170,"author":{"gitId":"YingWen178"},"content":"                            throw new JoJoException(\" OOPS!!! Add a task number after \u0027delete\u0027.\");","lastModifiedDate":"2026-01-22T18:34:38","isFullCredit":false},{"lineNumber":171,"author":{"gitId":"YingWen178"},"content":"                        }","lastModifiedDate":"2026-01-22T18:34:38","isFullCredit":false},{"lineNumber":172,"author":{"gitId":"YingWen178"},"content":"                        if (!input.startsWith(\"delete \")) {","lastModifiedDate":"2026-01-22T18:34:38","isFullCredit":false},{"lineNumber":173,"author":{"gitId":"YingWen178"},"content":"                            throw new JoJoException(\" OOPS!!! Please add a space after \u0027delete\u0027 follow by the task to delete.\");","lastModifiedDate":"2026-01-22T18:34:38","isFullCredit":false},{"lineNumber":174,"author":{"gitId":"YingWen178"},"content":"                        }","lastModifiedDate":"2026-01-22T18:34:38","isFullCredit":false},{"lineNumber":175,"author":{"gitId":"YingWen178"},"content":"                        int indexDelete \u003d Integer.parseInt(input.substring(7)) - 1;","lastModifiedDate":"2026-01-23T15:26:25","isFullCredit":false},{"lineNumber":176,"author":{"gitId":"YingWen178"},"content":"                        Task removedTask \u003d list.remove(indexDelete);","lastModifiedDate":"2026-01-23T15:26:25","isFullCredit":false},{"lineNumber":177,"author":{"gitId":"YingWen178"},"content":"                        System.out.println(\" Noted. I\u0027ve removed this task:\");","lastModifiedDate":"2026-01-22T18:34:38","isFullCredit":false},{"lineNumber":178,"author":{"gitId":"YingWen178"},"content":"                        System.out.println(\"   \" + removedTask);","lastModifiedDate":"2026-01-22T18:34:38","isFullCredit":false},{"lineNumber":179,"author":{"gitId":"YingWen178"},"content":"                        System.out.println(\" Now you have \" + list.size() + \" tasks in the list.\");","lastModifiedDate":"2026-01-22T18:34:38","isFullCredit":false},{"lineNumber":180,"author":{"gitId":"YingWen178"},"content":"                        writeToFile(list);","lastModifiedDate":"2026-01-24T16:50:32","isFullCredit":false},{"lineNumber":181,"author":{"gitId":"YingWen178"},"content":"                        break;","lastModifiedDate":"2026-01-23T15:26:25","isFullCredit":false},{"lineNumber":182,"author":{"gitId":"YingWen178"},"content":"","lastModifiedDate":"2026-01-23T15:26:25","isFullCredit":false},{"lineNumber":183,"author":{"gitId":"YingWen178"},"content":"                    case UNKNOWN:","lastModifiedDate":"2026-01-23T15:26:25","isFullCredit":false},{"lineNumber":184,"author":{"gitId":"YingWen178"},"content":"                    default:","lastModifiedDate":"2026-01-23T15:26:25","isFullCredit":false},{"lineNumber":185,"author":{"gitId":"YingWen178"},"content":"                        throw new JoJoException(\" OOPS!!! I\u0027m sorry, but I don\u0027t know what that means :-( you can list or create/edit/delete a task instead\");","lastModifiedDate":"2026-01-22T18:34:38","isFullCredit":false},{"lineNumber":186,"author":{"gitId":"YingWen178"},"content":"                }","lastModifiedDate":"2026-01-22T18:23:12","isFullCredit":false},{"lineNumber":187,"author":{"gitId":"YingWen178"},"content":"            }","lastModifiedDate":"2026-01-22T18:23:12","isFullCredit":false},{"lineNumber":188,"author":{"gitId":"YingWen178"},"content":"            catch (JoJoException e) {","lastModifiedDate":"2026-01-22T18:23:12","isFullCredit":false},{"lineNumber":189,"author":{"gitId":"YingWen178"},"content":"                System.out.println(horizontalLine);","lastModifiedDate":"2026-01-22T18:23:12","isFullCredit":false},{"lineNumber":190,"author":{"gitId":"YingWen178"},"content":"                System.out.println(e.getMessage());","lastModifiedDate":"2026-01-22T18:23:12","isFullCredit":false},{"lineNumber":191,"author":{"gitId":"YingWen178"},"content":"            }","lastModifiedDate":"2026-01-22T18:23:12","isFullCredit":false},{"lineNumber":192,"author":{"gitId":"YingWen178"},"content":"            catch (IndexOutOfBoundsException e) {","lastModifiedDate":"2026-01-22T18:23:12","isFullCredit":false},{"lineNumber":193,"author":{"gitId":"YingWen178"},"content":"                System.out.println(horizontalLine);","lastModifiedDate":"2026-01-22T01:19:50","isFullCredit":false},{"lineNumber":194,"author":{"gitId":"YingWen178"},"content":"                System.out.println(\" OOPS!!! That task number doesn\u0027t exist.\");","lastModifiedDate":"2026-01-22T18:23:12","isFullCredit":false},{"lineNumber":195,"author":{"gitId":"YingWen178"},"content":"            }","lastModifiedDate":"2026-01-22T01:19:50","isFullCredit":false},{"lineNumber":196,"author":{"gitId":"YingWen178"},"content":"            catch (NumberFormatException e) {","lastModifiedDate":"2026-01-22T18:23:12","isFullCredit":false},{"lineNumber":197,"author":{"gitId":"YingWen178"},"content":"                System.out.println(horizontalLine);","lastModifiedDate":"2026-01-22T18:23:12","isFullCredit":false},{"lineNumber":198,"author":{"gitId":"YingWen178"},"content":"                System.out.println(\" OOPS!!! Please provide a valid task number.\");","lastModifiedDate":"2026-01-22T18:23:12","isFullCredit":false},{"lineNumber":199,"author":{"gitId":"YingWen178"},"content":"            }","lastModifiedDate":"2026-01-22T18:23:12","isFullCredit":false},{"lineNumber":200,"author":{"gitId":"YingWen178"},"content":"","lastModifiedDate":"2026-01-22T18:23:12","isFullCredit":false},{"lineNumber":201,"author":{"gitId":"YingWen178"},"content":"","lastModifiedDate":"2026-01-22T01:12:51","isFullCredit":false},{"lineNumber":202,"author":{"gitId":"YingWen178"},"content":"            System.out.println(horizontalLine);","lastModifiedDate":"2026-01-22T01:12:51","isFullCredit":false},{"lineNumber":203,"author":{"gitId":"YingWen178"},"content":"        }","lastModifiedDate":"2026-01-22T01:12:51","isFullCredit":false},{"lineNumber":204,"author":{"gitId":"YingWen178"},"content":"","lastModifiedDate":"2026-01-22T01:12:51","isFullCredit":false},{"lineNumber":205,"author":{"gitId":"YingWen178"},"content":"        System.out.println(horizontalLine);","lastModifiedDate":"2026-01-22T01:12:51","isFullCredit":false},{"lineNumber":206,"author":{"gitId":"YingWen178"},"content":"        System.out.println(\" Bye. Hope to see you again soon!\");","lastModifiedDate":"2026-01-22T01:01:09","isFullCredit":false},{"lineNumber":207,"author":{"gitId":"YingWen178"},"content":"        System.out.println(horizontalLine);","lastModifiedDate":"2026-01-22T01:01:09","isFullCredit":false},{"lineNumber":208,"author":{"gitId":"YingWen178"},"content":"    }","lastModifiedDate":"2026-01-22T01:01:09","isFullCredit":false},{"lineNumber":209,"author":{"gitId":"YingWen178"},"content":"}","lastModifiedDate":"2026-01-22T01:01:09","isFullCredit":false}],"authorContributionMap":{"YingWen178":209}},{"path":"src/main/java/JoJoException.java","fileType":"java","lines":[{"lineNumber":1,"author":{"gitId":"YingWen178"},"content":"public class JoJoException extends Exception {","lastModifiedDate":"2026-01-22T18:23:12","isFullCredit":false},{"lineNumber":2,"author":{"gitId":"YingWen178"},"content":"    public JoJoException(String message) {","lastModifiedDate":"2026-01-22T18:23:12","isFullCredit":false},{"lineNumber":3,"author":{"gitId":"YingWen178"},"content":"        super(message);","lastModifiedDate":"2026-01-22T18:23:12","isFullCredit":false},{"lineNumber":4,"author":{"gitId":"YingWen178"},"content":"    }","lastModifiedDate":"2026-01-22T18:23:12","isFullCredit":false},{"lineNumber":5,"author":{"gitId":"YingWen178"},"content":"}","lastModifiedDate":"2026-01-22T18:23:12","isFullCredit":false}],"authorContributionMap":{"YingWen178":5}},{"path":"src/main/java/Task.java","fileType":"java","lines":[{"lineNumber":1,"author":{"gitId":"YingWen178"},"content":"public class Task {","lastModifiedDate":"2026-01-22T02:11:04","isFullCredit":false},{"lineNumber":2,"author":{"gitId":"YingWen178"},"content":"    protected String description;","lastModifiedDate":"2026-01-22T02:11:04","isFullCredit":false},{"lineNumber":3,"author":{"gitId":"YingWen178"},"content":"    protected boolean isDone;","lastModifiedDate":"2026-01-22T02:11:04","isFullCredit":false},{"lineNumber":4,"author":{"gitId":"YingWen178"},"content":"","lastModifiedDate":"2026-01-22T02:11:04","isFullCredit":false},{"lineNumber":5,"author":{"gitId":"YingWen178"},"content":"    public Task(String description) {","lastModifiedDate":"2026-01-22T02:11:04","isFullCredit":false},{"lineNumber":6,"author":{"gitId":"YingWen178"},"content":"        this.description \u003d description;","lastModifiedDate":"2026-01-22T02:11:04","isFullCredit":false},{"lineNumber":7,"author":{"gitId":"YingWen178"},"content":"        this.isDone \u003d false;","lastModifiedDate":"2026-01-22T02:11:04","isFullCredit":false},{"lineNumber":8,"author":{"gitId":"YingWen178"},"content":"    }","lastModifiedDate":"2026-01-22T02:11:04","isFullCredit":false},{"lineNumber":9,"author":{"gitId":"YingWen178"},"content":"","lastModifiedDate":"2026-01-22T02:11:04","isFullCredit":false},{"lineNumber":10,"author":{"gitId":"YingWen178"},"content":"    public String getStatusIcon() {","lastModifiedDate":"2026-01-22T02:11:04","isFullCredit":false},{"lineNumber":11,"author":{"gitId":"YingWen178"},"content":"        return (isDone ? \"X\" : \" \"); // mark done task with X","lastModifiedDate":"2026-01-22T02:11:04","isFullCredit":false},{"lineNumber":12,"author":{"gitId":"YingWen178"},"content":"    }","lastModifiedDate":"2026-01-22T02:11:04","isFullCredit":false},{"lineNumber":13,"author":{"gitId":"YingWen178"},"content":"","lastModifiedDate":"2026-01-22T02:11:04","isFullCredit":false},{"lineNumber":14,"author":{"gitId":"YingWen178"},"content":"    public void markAsDone() {","lastModifiedDate":"2026-01-22T02:11:04","isFullCredit":false},{"lineNumber":15,"author":{"gitId":"YingWen178"},"content":"        this.isDone \u003d true;","lastModifiedDate":"2026-01-22T02:11:04","isFullCredit":false},{"lineNumber":16,"author":{"gitId":"YingWen178"},"content":"    }","lastModifiedDate":"2026-01-22T02:11:04","isFullCredit":false},{"lineNumber":17,"author":{"gitId":"YingWen178"},"content":"","lastModifiedDate":"2026-01-22T02:11:04","isFullCredit":false},{"lineNumber":18,"author":{"gitId":"YingWen178"},"content":"    public void unmark() {","lastModifiedDate":"2026-01-22T02:11:04","isFullCredit":false},{"lineNumber":19,"author":{"gitId":"YingWen178"},"content":"        this.isDone \u003d false;","lastModifiedDate":"2026-01-22T02:11:04","isFullCredit":false},{"lineNumber":20,"author":{"gitId":"YingWen178"},"content":"    }","lastModifiedDate":"2026-01-22T02:11:04","isFullCredit":false},{"lineNumber":21,"author":{"gitId":"YingWen178"},"content":"","lastModifiedDate":"2026-01-22T02:11:04","isFullCredit":false},{"lineNumber":22,"author":{"gitId":"YingWen178"},"content":"    @Override","lastModifiedDate":"2026-01-22T02:11:04","isFullCredit":false},{"lineNumber":23,"author":{"gitId":"YingWen178"},"content":"    public String toString() {","lastModifiedDate":"2026-01-22T02:11:04","isFullCredit":false},{"lineNumber":24,"author":{"gitId":"YingWen178"},"content":"        return \"[\" + getStatusIcon() + \"] \" + description;","lastModifiedDate":"2026-01-22T02:11:04","isFullCredit":false},{"lineNumber":25,"author":{"gitId":"YingWen178"},"content":"    }","lastModifiedDate":"2026-01-22T02:11:04","isFullCredit":false},{"lineNumber":26,"author":{"gitId":"YingWen178"},"content":"","lastModifiedDate":"2026-01-24T16:50:32","isFullCredit":false},{"lineNumber":27,"author":{"gitId":"YingWen178"},"content":"    public String toSaveString() {","lastModifiedDate":"2026-01-24T16:50:32","isFullCredit":false},{"lineNumber":28,"author":{"gitId":"YingWen178"},"content":"        return (isDone ? \"1\" : \"0\") + \" | \" + description;","lastModifiedDate":"2026-01-24T16:50:32","isFullCredit":false},{"lineNumber":29,"author":{"gitId":"YingWen178"},"content":"    }","lastModifiedDate":"2026-01-24T16:50:32","isFullCredit":false},{"lineNumber":30,"author":{"gitId":"YingWen178"},"content":"}","lastModifiedDate":"2026-01-22T02:11:04","isFullCredit":false}],"authorContributionMap":{"YingWen178":30}},{"path":"src/main/java/Todo.java","fileType":"java","lines":[{"lineNumber":1,"author":{"gitId":"YingWen178"},"content":"public class Todo extends Task {","lastModifiedDate":"2026-01-22T16:54:50","isFullCredit":false},{"lineNumber":2,"author":{"gitId":"YingWen178"},"content":"    public Todo(String description){","lastModifiedDate":"2026-01-22T16:54:50","isFullCredit":false},{"lineNumber":3,"author":{"gitId":"YingWen178"},"content":"        super(description);","lastModifiedDate":"2026-01-22T16:54:50","isFullCredit":false},{"lineNumber":4,"author":{"gitId":"YingWen178"},"content":"    }","lastModifiedDate":"2026-01-22T16:54:50","isFullCredit":false},{"lineNumber":5,"author":{"gitId":"YingWen178"},"content":"","lastModifiedDate":"2026-01-22T16:54:50","isFullCredit":false},{"lineNumber":6,"author":{"gitId":"YingWen178"},"content":"    @Override","lastModifiedDate":"2026-01-22T16:54:50","isFullCredit":false},{"lineNumber":7,"author":{"gitId":"YingWen178"},"content":"    public String toString(){","lastModifiedDate":"2026-01-22T16:54:50","isFullCredit":false},{"lineNumber":8,"author":{"gitId":"YingWen178"},"content":"        return \"[T]\" + super.toString();","lastModifiedDate":"2026-01-22T16:54:50","isFullCredit":false},{"lineNumber":9,"author":{"gitId":"YingWen178"},"content":"    }","lastModifiedDate":"2026-01-22T16:54:50","isFullCredit":false},{"lineNumber":10,"author":{"gitId":"YingWen178"},"content":"","lastModifiedDate":"2026-01-24T16:50:32","isFullCredit":false},{"lineNumber":11,"author":{"gitId":"YingWen178"},"content":"    @Override","lastModifiedDate":"2026-01-24T16:50:32","isFullCredit":false},{"lineNumber":12,"author":{"gitId":"YingWen178"},"content":"    public String toSaveString() {","lastModifiedDate":"2026-01-24T16:50:32","isFullCredit":false},{"lineNumber":13,"author":{"gitId":"YingWen178"},"content":"        return \"T | \" + super.toSaveString();","lastModifiedDate":"2026-01-24T16:50:32","isFullCredit":false},{"lineNumber":14,"author":{"gitId":"YingWen178"},"content":"    }","lastModifiedDate":"2026-01-24T16:50:32","isFullCredit":false},{"lineNumber":15,"author":{"gitId":"YingWen178"},"content":"}","lastModifiedDate":"2026-01-22T16:54:50","isFullCredit":false}],"authorContributionMap":{"YingWen178":15}},{"path":"src/main/java/taskEnum.java","fileType":"java","lines":[{"lineNumber":1,"author":{"gitId":"YingWen178"},"content":"public enum taskEnum {","lastModifiedDate":"2026-01-23T15:26:25","isFullCredit":false},{"lineNumber":2,"author":{"gitId":"YingWen178"},"content":"    TODO, DEADLINE, EVENT, BYE, LIST, MARK, UNMARK, DELETE, UNKNOWN","lastModifiedDate":"2026-01-23T15:26:25","isFullCredit":false},{"lineNumber":3,"author":{"gitId":"YingWen178"},"content":"}","lastModifiedDate":"2026-01-23T15:26:25","isFullCredit":false}],"authorContributionMap":{"YingWen178":3}},{"path":"text-ui-test/input.txt","fileType":"txt","lines":[{"lineNumber":1,"author":{"gitId":"YingWen178"},"content":"todo read book","lastModifiedDate":"2026-01-22T17:37:41","isFullCredit":false},{"lineNumber":2,"author":{"gitId":"YingWen178"},"content":"deadline return book /by Sunday","lastModifiedDate":"2026-01-22T17:37:41","isFullCredit":false},{"lineNumber":3,"author":{"gitId":"YingWen178"},"content":"event project meeting /from Mon 2pm /to 4pm","lastModifiedDate":"2026-01-22T17:37:41","isFullCredit":false},{"lineNumber":4,"author":{"gitId":"YingWen178"},"content":"list","lastModifiedDate":"2026-01-22T17:37:41","isFullCredit":false},{"lineNumber":5,"author":{"gitId":"YingWen178"},"content":"mark 1","lastModifiedDate":"2026-01-22T17:37:41","isFullCredit":false},{"lineNumber":6,"author":{"gitId":"YingWen178"},"content":"mark 2","lastModifiedDate":"2026-01-22T17:37:41","isFullCredit":false},{"lineNumber":7,"author":{"gitId":"YingWen178"},"content":"unmark 1","lastModifiedDate":"2026-01-22T17:37:41","isFullCredit":false},{"lineNumber":8,"author":{"gitId":"YingWen178"},"content":"list","lastModifiedDate":"2026-01-22T17:37:41","isFullCredit":false},{"lineNumber":9,"author":{"gitId":"YingWen178"},"content":"bye","lastModifiedDate":"2026-01-22T17:37:41","isFullCredit":false}],"authorContributionMap":{"YingWen178":9}},{"path":"text-ui-test/runtest.bat","fileType":"bat","lines":[{"lineNumber":1,"author":{"gitId":"-"},"content":"@ECHO OFF","lastModifiedDate":"2020-05-25T00:03:55","isFullCredit":false},{"lineNumber":2,"author":{"gitId":"-"},"content":"","lastModifiedDate":"2020-05-25T00:03:55","isFullCredit":false},{"lineNumber":3,"author":{"gitId":"-"},"content":"REM create bin directory if it doesn\u0027t exist","lastModifiedDate":"2020-05-25T00:03:55","isFullCredit":false},{"lineNumber":4,"author":{"gitId":"-"},"content":"if not exist ..\\bin mkdir ..\\bin","lastModifiedDate":"2020-05-25T00:03:55","isFullCredit":false},{"lineNumber":5,"author":{"gitId":"-"},"content":"","lastModifiedDate":"2020-05-25T00:03:55","isFullCredit":false},{"lineNumber":6,"author":{"gitId":"-"},"content":"REM delete output from previous run","lastModifiedDate":"2020-05-25T00:03:55","isFullCredit":false},{"lineNumber":7,"author":{"gitId":"-"},"content":"if exist ACTUAL.TXT del ACTUAL.TXT","lastModifiedDate":"2020-08-25T17:23:26","isFullCredit":false},{"lineNumber":8,"author":{"gitId":"-"},"content":"","lastModifiedDate":"2020-05-25T00:03:55","isFullCredit":false},{"lineNumber":9,"author":{"gitId":"-"},"content":"REM compile the code into the bin folder","lastModifiedDate":"2020-05-25T00:03:55","isFullCredit":false},{"lineNumber":10,"author":{"gitId":"-"},"content":"javac  -cp ..\\src\\main\\java -Xlint:none -d ..\\bin ..\\src\\main\\java\\*.java","lastModifiedDate":"2020-08-25T17:23:26","isFullCredit":false},{"lineNumber":11,"author":{"gitId":"-"},"content":"IF ERRORLEVEL 1 (","lastModifiedDate":"2020-05-25T00:03:55","isFullCredit":false},{"lineNumber":12,"author":{"gitId":"-"},"content":"    echo ********** BUILD FAILURE **********","lastModifiedDate":"2020-05-25T00:03:55","isFullCredit":false},{"lineNumber":13,"author":{"gitId":"-"},"content":"    exit /b 1","lastModifiedDate":"2020-05-25T00:03:55","isFullCredit":false},{"lineNumber":14,"author":{"gitId":"-"},"content":")","lastModifiedDate":"2020-05-25T00:03:55","isFullCredit":false},{"lineNumber":15,"author":{"gitId":"-"},"content":"REM no error here, errorlevel \u003d\u003d 0","lastModifiedDate":"2020-05-25T00:03:55","isFullCredit":false},{"lineNumber":16,"author":{"gitId":"-"},"content":"","lastModifiedDate":"2020-05-25T00:03:55","isFullCredit":false},{"lineNumber":17,"author":{"gitId":"-"},"content":"REM run the program, feed commands from input.txt file and redirect the output to the ACTUAL.TXT","lastModifiedDate":"2020-05-25T00:03:55","isFullCredit":false},{"lineNumber":18,"author":{"gitId":"YingWen178"},"content":"java -classpath ..\\bin JoJo \u003c input.txt \u003e ACTUAL.TXT","lastModifiedDate":"2026-01-22T01:01:09","isFullCredit":false},{"lineNumber":19,"author":{"gitId":"-"},"content":"","lastModifiedDate":"2020-05-25T00:03:55","isFullCredit":false},{"lineNumber":20,"author":{"gitId":"-"},"content":"REM compare the output to the expected output","lastModifiedDate":"2020-05-25T00:03:55","isFullCredit":false},{"lineNumber":21,"author":{"gitId":"-"},"content":"FC ACTUAL.TXT EXPECTED.TXT","lastModifiedDate":"2020-05-25T00:03:55","isFullCredit":false}],"authorContributionMap":{"YingWen178":1,"-":20}},{"path":"text-ui-test/runtest.sh","fileType":"sh","lines":[{"lineNumber":1,"author":{"gitId":"-"},"content":"#!/usr/bin/env bash","lastModifiedDate":"2020-05-25T00:03:55","isFullCredit":false},{"lineNumber":2,"author":{"gitId":"-"},"content":"","lastModifiedDate":"2020-05-25T00:03:55","isFullCredit":false},{"lineNumber":3,"author":{"gitId":"-"},"content":"# create bin directory if it doesn\u0027t exist","lastModifiedDate":"2020-05-25T00:03:55","isFullCredit":false},{"lineNumber":4,"author":{"gitId":"-"},"content":"if [ ! -d \"../bin\" ]","lastModifiedDate":"2020-05-25T00:03:55","isFullCredit":false},{"lineNumber":5,"author":{"gitId":"-"},"content":"then","lastModifiedDate":"2020-05-25T00:03:55","isFullCredit":false},{"lineNumber":6,"author":{"gitId":"-"},"content":"    mkdir ../bin","lastModifiedDate":"2020-05-25T00:03:55","isFullCredit":false},{"lineNumber":7,"author":{"gitId":"-"},"content":"fi","lastModifiedDate":"2020-05-25T00:03:55","isFullCredit":false},{"lineNumber":8,"author":{"gitId":"-"},"content":"","lastModifiedDate":"2020-05-25T00:03:55","isFullCredit":false},{"lineNumber":9,"author":{"gitId":"-"},"content":"# delete output from previous run","lastModifiedDate":"2020-05-25T00:03:55","isFullCredit":false},{"lineNumber":10,"author":{"gitId":"-"},"content":"if [ -e \"./ACTUAL.TXT\" ]","lastModifiedDate":"2020-05-25T00:03:55","isFullCredit":false},{"lineNumber":11,"author":{"gitId":"-"},"content":"then","lastModifiedDate":"2020-05-25T00:03:55","isFullCredit":false},{"lineNumber":12,"author":{"gitId":"-"},"content":"    rm ACTUAL.TXT","lastModifiedDate":"2020-05-25T00:03:55","isFullCredit":false},{"lineNumber":13,"author":{"gitId":"-"},"content":"fi","lastModifiedDate":"2020-05-25T00:03:55","isFullCredit":false},{"lineNumber":14,"author":{"gitId":"-"},"content":"","lastModifiedDate":"2020-05-25T00:03:55","isFullCredit":false},{"lineNumber":15,"author":{"gitId":"-"},"content":"# compile the code into the bin folder, terminates if error occurred","lastModifiedDate":"2020-05-25T00:03:55","isFullCredit":false},{"lineNumber":16,"author":{"gitId":"-"},"content":"if ! javac -cp ../src/main/java -Xlint:none -d ../bin ../src/main/java/*.java","lastModifiedDate":"2020-08-25T17:23:26","isFullCredit":false},{"lineNumber":17,"author":{"gitId":"-"},"content":"then","lastModifiedDate":"2020-05-25T00:03:55","isFullCredit":false},{"lineNumber":18,"author":{"gitId":"-"},"content":"    echo \"********** BUILD FAILURE **********\"","lastModifiedDate":"2020-05-25T00:03:55","isFullCredit":false},{"lineNumber":19,"author":{"gitId":"-"},"content":"    exit 1","lastModifiedDate":"2020-05-25T00:03:55","isFullCredit":false},{"lineNumber":20,"author":{"gitId":"-"},"content":"fi","lastModifiedDate":"2020-05-25T00:03:55","isFullCredit":false},{"lineNumber":21,"author":{"gitId":"-"},"content":"","lastModifiedDate":"2020-05-25T00:03:55","isFullCredit":false},{"lineNumber":22,"author":{"gitId":"-"},"content":"# run the program, feed commands from input.txt file and redirect the output to the ACTUAL.TXT","lastModifiedDate":"2020-05-25T00:03:55","isFullCredit":false},{"lineNumber":23,"author":{"gitId":"YingWen178"},"content":"java -classpath ../bin JoJo \u003c input.txt \u003e ACTUAL.TXT","lastModifiedDate":"2026-01-22T17:37:41","isFullCredit":false},{"lineNumber":24,"author":{"gitId":"-"},"content":"","lastModifiedDate":"2020-05-25T00:03:55","isFullCredit":false},{"lineNumber":25,"author":{"gitId":"-"},"content":"# convert to UNIX format","lastModifiedDate":"2020-05-25T00:03:55","isFullCredit":false},{"lineNumber":26,"author":{"gitId":"-"},"content":"cp EXPECTED.TXT EXPECTED-UNIX.TXT","lastModifiedDate":"2020-05-25T00:03:55","isFullCredit":false},{"lineNumber":27,"author":{"gitId":"-"},"content":"dos2unix ACTUAL.TXT EXPECTED-UNIX.TXT","lastModifiedDate":"2020-05-25T00:03:55","isFullCredit":false},{"lineNumber":28,"author":{"gitId":"-"},"content":"","lastModifiedDate":"2020-05-25T00:03:55","isFullCredit":false},{"lineNumber":29,"author":{"gitId":"-"},"content":"# compare the output to the expected output","lastModifiedDate":"2020-05-25T00:03:55","isFullCredit":false},{"lineNumber":30,"author":{"gitId":"-"},"content":"diff ACTUAL.TXT EXPECTED-UNIX.TXT","lastModifiedDate":"2020-05-25T00:03:55","isFullCredit":false},{"lineNumber":31,"author":{"gitId":"-"},"content":"if [ $? -eq 0 ]","lastModifiedDate":"2020-05-25T00:03:55","isFullCredit":false},{"lineNumber":32,"author":{"gitId":"-"},"content":"then","lastModifiedDate":"2020-05-25T00:03:55","isFullCredit":false},{"lineNumber":33,"author":{"gitId":"-"},"content":"    echo \"Test result: PASSED\"","lastModifiedDate":"2020-05-25T00:03:55","isFullCredit":false},{"lineNumber":34,"author":{"gitId":"-"},"content":"    exit 0","lastModifiedDate":"2020-05-25T00:03:55","isFullCredit":false},{"lineNumber":35,"author":{"gitId":"-"},"content":"else","lastModifiedDate":"2020-05-25T00:03:55","isFullCredit":false},{"lineNumber":36,"author":{"gitId":"-"},"content":"    echo \"Test result: FAILED\"","lastModifiedDate":"2020-05-25T00:03:55","isFullCredit":false},{"lineNumber":37,"author":{"gitId":"-"},"content":"    exit 1","lastModifiedDate":"2020-05-25T00:03:55","isFullCredit":false},{"lineNumber":38,"author":{"gitId":"-"},"content":"fi","lastModifiedDate":"2020-05-25T00:03:55","isFullCredit":false}],"authorContributionMap":{"YingWen178":1,"-":37}}]
