{"authorDailyContributionsMap":{"Haofeng125":[{"date":"2026-01-21T00:00:00","commitResults":[{"hash":"91182fa0ae66b587b850f6aaed0d7ed1dbf21505","isMergeCommit":false,"messageTitle":"Rename main class, add greatings","messageBody":"","tags":["Level-0"],"fileTypesAndContributionMap":{"java":{"insertions":10,"deletions":10}}},{"hash":"a83fb0843eb1435b2c837987408c97c53dd387e4","isMergeCommit":false,"messageTitle":"Add support for echo, personalized my chatbox","messageBody":"","tags":["Level-1"],"fileTypesAndContributionMap":{"java":{"insertions":24,"deletions":6}}},{"hash":"78111ff4c87202a5c35b6b2e9fa8e3a6d5c0a33f","isMergeCommit":false,"messageTitle":"Add the ability to store whatever text entered by the user and display them back to the user when requested.","messageBody":"","tags":["Level-2"],"fileTypesAndContributionMap":{"java":{"insertions":9,"deletions":2}}},{"hash":"9a6c74e27d84f048b1f929bb26e37b50eef18733","isMergeCommit":false,"messageTitle":"Add the ability to mark tasks as done. Optionally, add the ability to change the status back to not done.","messageBody":"","tags":["Level-3"],"fileTypesAndContributionMap":{"java":{"insertions":66,"deletions":3}}}]},{"date":"2026-01-22T00:00:00","commitResults":[{"hash":"5b6f67e70e0fe0738c57d973e055de741f4e149c","isMergeCommit":false,"messageTitle":"Add support for tracking three types of tasks: Todos, Deadlines, and Events. Add a class TaskList and three classes Todo, Deadline, and Event all extending class Task","messageBody":"","tags":["Level-4"],"fileTypesAndContributionMap":{"txt":{"insertions":9,"deletions":0},"java":{"insertions":146,"deletions":18},"sh":{"insertions":1,"deletions":1}}},{"hash":"72a164bb457d177512170f893d7a8ca479a1be8a","isMergeCommit":false,"messageTitle":"Teach the chatbot to deal with errors such as incorrect inputs entered by the user. I handle these 3 exceptions: 1.\"UnknownCommandException\": when the user enters a command that can not be identified 2.\"EmptyDescriptionException\": when the user only enters a task but without descriptions 3.\"InvalidFormatException\": when the user enters both task and its descriptions but the descriptions are not following the format requirement","messageBody":"","tags":["Level-5"],"fileTypesAndContributionMap":{"txt":{"insertions":9,"deletions":2},"java":{"insertions":133,"deletions":82},"sh":{"insertions":3,"deletions":2},"md":{"insertions":1,"deletions":1}}},{"hash":"7aa6cad38699898bdd7b02e3d0cc63c21d9a8385","isMergeCommit":false,"messageTitle":"Add support for deleting tasks from the list.","messageBody":"","tags":["Level-6"],"fileTypesAndContributionMap":{"txt":{"insertions":5,"deletions":0},"java":{"insertions":25,"deletions":4}}}]},{"date":"2026-01-23T00:00:00","commitResults":[{"hash":"77ce500b231b37cec8c00c0c5d4aa6de3a118482","isMergeCommit":false,"messageTitle":"Add comments for classes and functions","messageBody":"","fileTypesAndContributionMap":{"java":{"insertions":41,"deletions":2}}},{"hash":"8dfe9fb002cd75792867539c223c2c4f127661d1","isMergeCommit":false,"messageTitle":"Test using the I/O redirection technique Update input.txt and EXPECTE.TXT accordingly","messageBody":"","tags":["A-TextUiTesting"],"fileTypesAndContributionMap":{"txt":{"insertions":14,"deletions":10}}}]},{"date":"2026-01-27T00:00:00","commitResults":[{"hash":"7969b4f8caa86e05a0de247fca917ce3d30fd038","isMergeCommit":false,"messageTitle":"Add Storage class for task persistence","messageBody":"The current taskList cannot be saved to hard drive.\n\nA class Storage is being created to help saving and loading taskList to and from disk drive. Relative classes including Task and its subclasses, and James are all updated.\n","fileTypesAndContributionMap":{"txt":{"insertions":0,"deletions":0},"java":{"insertions":103,"deletions":2},"sh":{"insertions":14,"deletions":17}}},{"hash":"0edc42c0781f22ed0ca62b88281588523f4ad295","isMergeCommit":true,"messageTitle":"Merge branch \u0027branch-Level-7\u0027","messageBody":"","tags":["Level-7"],"fileTypesAndContributionMap":{}}]}]},"authorFileTypeContributionMap":{"Haofeng125":{"java":438,"md":1,"fxml":0,"sh":14,"bat":0,"gradle":0,"txt":25}},"authorContributionVariance":{"Haofeng125":10717.744},"authorDisplayNameMap":{"Haofeng125":"CS2103T-T16-3 SONG..FENG"}}
