[{"path":"README.md","fileType":"md","lines":[{"lineNumber":1,"author":{"gitId":"Melvilleleesy"},"content":"# IDKName","lastModifiedDate":"2026-01-31T19:09:23","isFullCredit":false},{"lineNumber":2,"author":{"gitId":"-"},"content":"","lastModifiedDate":"2020-05-25T00:03:55","isFullCredit":false},{"lineNumber":3,"author":{"gitId":"Melvilleleesy"},"content":"---","lastModifiedDate":"2026-01-31T19:09:23","isFullCredit":false},{"lineNumber":4,"author":{"gitId":"Melvilleleesy"},"content":"## 🤖 Chatbot Overview","lastModifiedDate":"2026-01-31T19:09:23","isFullCredit":false},{"lineNumber":5,"author":{"gitId":"-"},"content":"","lastModifiedDate":"2020-05-25T00:03:55","isFullCredit":false},{"lineNumber":6,"author":{"gitId":"Melvilleleesy"},"content":"- IDKName Chatbot is a JavaFX desktop app for managing tasks with simple commands.","lastModifiedDate":"2026-01-31T19:09:23","isFullCredit":false},{"lineNumber":7,"author":{"gitId":"-"},"content":"","lastModifiedDate":"2020-05-25T00:03:55","isFullCredit":false},{"lineNumber":8,"author":{"gitId":"Melvilleleesy"},"content":"- It features a retro game-inspired interface and a task manager backend.","lastModifiedDate":"2026-01-31T19:09:23","isFullCredit":false},{"lineNumber":9,"author":{"gitId":"-"},"content":"","lastModifiedDate":"2020-05-25T00:03:55","isFullCredit":false},{"lineNumber":10,"author":{"gitId":"Melvilleleesy"},"content":"- Users type commands in the input box, and the bot replies in the main chat area with feedback, errors, or the task list.","lastModifiedDate":"2026-01-31T19:09:23","isFullCredit":false},{"lineNumber":11,"author":{"gitId":"Melvilleleesy"},"content":"","lastModifiedDate":"2026-01-31T19:09:23","isFullCredit":false},{"lineNumber":12,"author":{"gitId":"Melvilleleesy"},"content":"---","lastModifiedDate":"2026-01-31T19:09:23","isFullCredit":false},{"lineNumber":13,"author":{"gitId":"Melvilleleesy"},"content":"","lastModifiedDate":"2026-01-31T19:09:23","isFullCredit":false},{"lineNumber":14,"author":{"gitId":"Melvilleleesy"},"content":"## 🚀 Features","lastModifiedDate":"2026-01-31T19:09:23","isFullCredit":false},{"lineNumber":15,"author":{"gitId":"Melvilleleesy"},"content":"- Java 17 support","lastModifiedDate":"2026-01-31T19:09:23","isFullCredit":false},{"lineNumber":16,"author":{"gitId":"Melvilleleesy"},"content":"- Pre-configured project structure (`src/main/java`, `src/test/java`)","lastModifiedDate":"2026-01-31T19:09:23","isFullCredit":false},{"lineNumber":17,"author":{"gitId":"Melvilleleesy"},"content":"- Sample tests included","lastModifiedDate":"2026-01-31T19:09:23","isFullCredit":false},{"lineNumber":18,"author":{"gitId":"Melvilleleesy"},"content":"- Checkstyle for code quality","lastModifiedDate":"2026-01-31T19:09:23","isFullCredit":false},{"lineNumber":19,"author":{"gitId":"Melvilleleesy"},"content":"- Gradle build system","lastModifiedDate":"2026-01-31T19:09:23","isFullCredit":false},{"lineNumber":20,"author":{"gitId":"Melvilleleesy"},"content":"- Simple UI implemented with JavaFX","lastModifiedDate":"2026-01-31T19:09:23","isFullCredit":false},{"lineNumber":21,"author":{"gitId":"Melvilleleesy"},"content":"","lastModifiedDate":"2026-01-31T19:09:23","isFullCredit":false},{"lineNumber":22,"author":{"gitId":"Melvilleleesy"},"content":"---","lastModifiedDate":"2026-01-31T19:09:23","isFullCredit":false},{"lineNumber":23,"author":{"gitId":"Melvilleleesy"},"content":"","lastModifiedDate":"2026-01-31T19:09:23","isFullCredit":false},{"lineNumber":24,"author":{"gitId":"Melvilleleesy"},"content":"## 🛠️ Setting Up in IntelliJ","lastModifiedDate":"2026-01-31T19:09:23","isFullCredit":false},{"lineNumber":25,"author":{"gitId":"Melvilleleesy"},"content":"","lastModifiedDate":"2026-01-31T19:09:23","isFullCredit":false},{"lineNumber":26,"author":{"gitId":"Melvilleleesy"},"content":"### Prerequisites","lastModifiedDate":"2026-01-31T19:09:23","isFullCredit":false},{"lineNumber":27,"author":{"gitId":"Melvilleleesy"},"content":"- [JDK 17](https://adoptium.net/) installed","lastModifiedDate":"2026-01-31T19:09:23","isFullCredit":false},{"lineNumber":28,"author":{"gitId":"Melvilleleesy"},"content":"- IntelliJ IDEA (latest version recommended)","lastModifiedDate":"2026-01-31T19:09:23","isFullCredit":false},{"lineNumber":29,"author":{"gitId":"Melvilleleesy"},"content":"","lastModifiedDate":"2026-01-31T19:09:23","isFullCredit":false},{"lineNumber":30,"author":{"gitId":"Melvilleleesy"},"content":"### Steps","lastModifiedDate":"2026-01-31T19:09:23","isFullCredit":false},{"lineNumber":31,"author":{"gitId":"Melvilleleesy"},"content":"1. Open IntelliJ (if you have a project open, click **File \u003e Close Project** first).","lastModifiedDate":"2026-01-31T19:09:23","isFullCredit":false},{"lineNumber":32,"author":{"gitId":"Melvilleleesy"},"content":"2. Open this project:","lastModifiedDate":"2026-01-31T19:09:23","isFullCredit":false},{"lineNumber":33,"author":{"gitId":"Melvilleleesy"},"content":"   - Click **Open**.","lastModifiedDate":"2026-01-31T19:09:23","isFullCredit":false},{"lineNumber":34,"author":{"gitId":"Melvilleleesy"},"content":"   - Select the project directory.","lastModifiedDate":"2026-01-31T19:09:23","isFullCredit":false},{"lineNumber":35,"author":{"gitId":"Melvilleleesy"},"content":"   - Click **OK** and accept defaults for any further prompts.","lastModifiedDate":"2026-01-31T19:09:23","isFullCredit":false},{"lineNumber":36,"author":{"gitId":"Melvilleleesy"},"content":"3. Configure the project to use **JDK 17**:","lastModifiedDate":"2026-01-31T19:09:23","isFullCredit":false},{"lineNumber":37,"author":{"gitId":"Melvilleleesy"},"content":"   - Go to **File \u003e Project Structure \u003e Project**.","lastModifiedDate":"2026-01-31T19:09:23","isFullCredit":false},{"lineNumber":38,"author":{"gitId":"Melvilleleesy"},"content":"   - Set **Project SDK** to JDK 17.","lastModifiedDate":"2026-01-31T19:09:23","isFullCredit":false},{"lineNumber":39,"author":{"gitId":"Melvilleleesy"},"content":"   - Set **Project language level** to **SDK default**.","lastModifiedDate":"2026-01-31T19:09:23","isFullCredit":false},{"lineNumber":40,"author":{"gitId":"Melvilleleesy"},"content":"4. Run the main class:","lastModifiedDate":"2026-01-31T19:09:23","isFullCredit":false},{"lineNumber":41,"author":{"gitId":"Melvilleleesy"},"content":"   - Navigate to `src/main/java/idkname/IDKName.java`.","lastModifiedDate":"2026-01-31T19:09:23","isFullCredit":false},{"lineNumber":42,"author":{"gitId":"Melvilleleesy"},"content":"   - Right-click it and choose **Run \u0027IDKName.main()\u0027**.","lastModifiedDate":"2026-01-31T19:09:23","isFullCredit":false},{"lineNumber":43,"author":{"gitId":"Melvilleleesy"},"content":"","lastModifiedDate":"2026-01-31T19:09:23","isFullCredit":false},{"lineNumber":44,"author":{"gitId":"Melvilleleesy"},"content":"If setup is correct, you can move on to the chatbot!","lastModifiedDate":"2026-01-31T19:09:23","isFullCredit":false},{"lineNumber":45,"author":{"gitId":"Melvilleleesy"},"content":"","lastModifiedDate":"2026-01-31T19:09:23","isFullCredit":false},{"lineNumber":46,"author":{"gitId":"Melvilleleesy"},"content":"","lastModifiedDate":"2026-01-31T19:09:23","isFullCredit":false},{"lineNumber":47,"author":{"gitId":"Melvilleleesy"},"content":"## 📖 Command Descriptions","lastModifiedDate":"2026-01-31T19:09:23","isFullCredit":false},{"lineNumber":48,"author":{"gitId":"-"},"content":"```","lastModifiedDate":"2020-05-25T00:03:55","isFullCredit":false},{"lineNumber":49,"author":{"gitId":"Melvilleleesy"},"content":"1. list","lastModifiedDate":"2026-01-31T19:09:23","isFullCredit":false},{"lineNumber":50,"author":{"gitId":"Melvilleleesy"},"content":"Shows all tasks currently in your task list, along with their type and completion status.","lastModifiedDate":"2026-01-31T19:09:23","isFullCredit":false},{"lineNumber":51,"author":{"gitId":"Melvilleleesy"},"content":"","lastModifiedDate":"2026-01-31T19:09:23","isFullCredit":false},{"lineNumber":52,"author":{"gitId":"Melvilleleesy"},"content":"2. bye","lastModifiedDate":"2026-01-31T19:09:23","isFullCredit":false},{"lineNumber":53,"author":{"gitId":"Melvilleleesy"},"content":"Exits the chatbot gracefully and saves all tasks to file.","lastModifiedDate":"2026-01-31T19:09:23","isFullCredit":false},{"lineNumber":54,"author":{"gitId":"Melvilleleesy"},"content":"","lastModifiedDate":"2026-01-31T19:09:23","isFullCredit":false},{"lineNumber":55,"author":{"gitId":"Melvilleleesy"},"content":"3. mark \u003ctask-id\u003e","lastModifiedDate":"2026-01-31T19:09:23","isFullCredit":false},{"lineNumber":56,"author":{"gitId":"Melvilleleesy"},"content":"Marks the task with the given ID as completed.","lastModifiedDate":"2026-01-31T19:09:23","isFullCredit":false},{"lineNumber":57,"author":{"gitId":"Melvilleleesy"},"content":"","lastModifiedDate":"2026-01-31T19:09:23","isFullCredit":false},{"lineNumber":58,"author":{"gitId":"Melvilleleesy"},"content":"4. unmark \u003ctask-id\u003e","lastModifiedDate":"2026-01-31T19:09:23","isFullCredit":false},{"lineNumber":59,"author":{"gitId":"Melvilleleesy"},"content":"Unmarks the task with the given ID (sets it back to not done).","lastModifiedDate":"2026-01-31T19:09:23","isFullCredit":false},{"lineNumber":60,"author":{"gitId":"Melvilleleesy"},"content":"","lastModifiedDate":"2026-01-31T19:09:23","isFullCredit":false},{"lineNumber":61,"author":{"gitId":"Melvilleleesy"},"content":"5. find \u003ckeyword\u003e","lastModifiedDate":"2026-01-31T19:09:23","isFullCredit":false},{"lineNumber":62,"author":{"gitId":"Melvilleleesy"},"content":"Searches the task list for tasks containing the keyword in their description.","lastModifiedDate":"2026-01-31T19:09:23","isFullCredit":false},{"lineNumber":63,"author":{"gitId":"Melvilleleesy"},"content":"","lastModifiedDate":"2026-01-31T19:09:23","isFullCredit":false},{"lineNumber":64,"author":{"gitId":"Melvilleleesy"},"content":"6. todo \u003cdescription\u003e","lastModifiedDate":"2026-01-31T19:09:23","isFullCredit":false},{"lineNumber":65,"author":{"gitId":"Melvilleleesy"},"content":"Creates a simple todo task with the given description.","lastModifiedDate":"2026-01-31T19:09:23","isFullCredit":false},{"lineNumber":66,"author":{"gitId":"Melvilleleesy"},"content":"","lastModifiedDate":"2026-01-31T19:09:23","isFullCredit":false},{"lineNumber":67,"author":{"gitId":"Melvilleleesy"},"content":"7. deadline \u003cdescription\u003e / yyyy-MM-dd","lastModifiedDate":"2026-01-31T19:09:23","isFullCredit":false},{"lineNumber":68,"author":{"gitId":"Melvilleleesy"},"content":"Creates a deadline task with the given description and a due date.","lastModifiedDate":"2026-01-31T19:09:23","isFullCredit":false},{"lineNumber":69,"author":{"gitId":"Melvilleleesy"},"content":"","lastModifiedDate":"2026-01-31T19:09:23","isFullCredit":false},{"lineNumber":70,"author":{"gitId":"Melvilleleesy"},"content":"8. event \u003cdescription\u003e / yyyy-MM-dd\u0027T\u0027HH:mm:ss / yyyy-MM-dd\u0027T\u0027HH:mm:ss","lastModifiedDate":"2026-01-31T19:09:23","isFullCredit":false},{"lineNumber":71,"author":{"gitId":"Melvilleleesy"},"content":"Creates an event task scheduled between a start and end date/time","lastModifiedDate":"2026-01-31T19:09:23","isFullCredit":false},{"lineNumber":72,"author":{"gitId":"Melvilleleesy"},"content":"","lastModifiedDate":"2026-01-31T19:09:23","isFullCredit":false},{"lineNumber":73,"author":{"gitId":"Melvilleleesy"},"content":"9. sort","lastModifiedDate":"2026-01-31T19:09:23","isFullCredit":false},{"lineNumber":74,"author":{"gitId":"Melvilleleesy"},"content":"Sorts all tasks in the list by type (Todos, Deadlines, Events).","lastModifiedDate":"2026-01-31T19:09:23","isFullCredit":false},{"lineNumber":75,"author":{"gitId":"Melvilleleesy"},"content":"","lastModifiedDate":"2026-01-31T19:09:23","isFullCredit":false},{"lineNumber":76,"author":{"gitId":"Melvilleleesy"},"content":"10. sort \u003cevent, deadline, todo\u003e","lastModifiedDate":"2026-01-31T19:09:23","isFullCredit":false},{"lineNumber":77,"author":{"gitId":"Melvilleleesy"},"content":"Sorts and displays tasks filtered by the given type.","lastModifiedDate":"2026-01-31T19:09:23","isFullCredit":false},{"lineNumber":78,"author":{"gitId":"Melvilleleesy"},"content":"","lastModifiedDate":"2026-01-31T19:09:23","isFullCredit":false},{"lineNumber":79,"author":{"gitId":"Melvilleleesy"},"content":"11. help","lastModifiedDate":"2026-01-31T19:09:23","isFullCredit":false},{"lineNumber":80,"author":{"gitId":"Melvilleleesy"},"content":"If you need any help for the instructions!","lastModifiedDate":"2026-01-31T19:09:23","isFullCredit":false},{"lineNumber":81,"author":{"gitId":"-"},"content":"```","lastModifiedDate":"2020-05-25T00:03:55","isFullCredit":false},{"lineNumber":82,"author":{"gitId":"Melvilleleesy"},"content":"- Eg. Usage","lastModifiedDate":"2026-01-31T19:09:23","isFullCredit":false},{"lineNumber":83,"author":{"gitId":"Melvilleleesy"},"content":"    ```bash","lastModifiedDate":"2026-01-31T19:09:23","isFullCredit":false},{"lineNumber":84,"author":{"gitId":"Melvilleleesy"},"content":"    todo Read book","lastModifiedDate":"2026-01-31T19:09:23","isFullCredit":false},{"lineNumber":85,"author":{"gitId":"Melvilleleesy"},"content":"    deadline Submit report / 2025-09-30","lastModifiedDate":"2026-01-31T19:09:23","isFullCredit":false},{"lineNumber":86,"author":{"gitId":"Melvilleleesy"},"content":"    event Team meeting / 2025-09-15T14:00:00 / 2025-09-15T15:00:00","lastModifiedDate":"2026-01-31T19:09:23","isFullCredit":false},{"lineNumber":87,"author":{"gitId":"Melvilleleesy"},"content":"---","lastModifiedDate":"2026-01-31T19:09:23","isFullCredit":false},{"lineNumber":88,"author":{"gitId":"Melvilleleesy"},"content":"","lastModifiedDate":"2026-01-31T19:09:23","isFullCredit":false},{"lineNumber":89,"author":{"gitId":"Melvilleleesy"},"content":"## 📦 Building","lastModifiedDate":"2026-01-31T19:09:23","isFullCredit":false},{"lineNumber":90,"author":{"gitId":"Melvilleleesy"},"content":"","lastModifiedDate":"2026-01-31T19:09:23","isFullCredit":false},{"lineNumber":91,"author":{"gitId":"Melvilleleesy"},"content":"This project uses **Gradle** as its build tool.","lastModifiedDate":"2026-01-31T19:09:23","isFullCredit":false},{"lineNumber":92,"author":{"gitId":"Melvilleleesy"},"content":"","lastModifiedDate":"2026-01-31T19:09:23","isFullCredit":false},{"lineNumber":93,"author":{"gitId":"Melvilleleesy"},"content":"- To build:","lastModifiedDate":"2026-01-31T19:09:23","isFullCredit":false},{"lineNumber":94,"author":{"gitId":"Melvilleleesy"},"content":"    ```bash","lastModifiedDate":"2026-01-31T19:09:23","isFullCredit":false},{"lineNumber":95,"author":{"gitId":"Melvilleleesy"},"content":"    ./gradlew build","lastModifiedDate":"2026-01-31T19:09:23","isFullCredit":false},{"lineNumber":96,"author":{"gitId":"-"},"content":"","lastModifiedDate":"2025-01-04T21:44:28","isFullCredit":false},{"lineNumber":97,"author":{"gitId":"Melvilleleesy"},"content":"- To run tests:","lastModifiedDate":"2026-01-31T19:09:23","isFullCredit":false},{"lineNumber":98,"author":{"gitId":"Melvilleleesy"},"content":"    ```bash","lastModifiedDate":"2026-01-31T19:09:23","isFullCredit":false},{"lineNumber":99,"author":{"gitId":"Melvilleleesy"},"content":"    ./gradlew test","lastModifiedDate":"2026-01-31T19:09:23","isFullCredit":false}],"authorContributionMap":{"Melvilleleesy":92,"-":7}},{"path":"docs/README.md","fileType":"md","lines":[{"lineNumber":1,"author":{"gitId":"Melvilleleesy"},"content":"# IDKName","lastModifiedDate":"2026-01-31T19:09:23","isFullCredit":false},{"lineNumber":2,"author":{"gitId":"-"},"content":"","lastModifiedDate":"2019-07-29T17:14:46","isFullCredit":false},{"lineNumber":3,"author":{"gitId":"Melvilleleesy"},"content":"---","lastModifiedDate":"2026-01-31T19:09:23","isFullCredit":false},{"lineNumber":4,"author":{"gitId":"Melvilleleesy"},"content":"## 🤖 Chatbot Overview","lastModifiedDate":"2026-01-31T19:09:23","isFullCredit":false},{"lineNumber":5,"author":{"gitId":"-"},"content":"","lastModifiedDate":"2019-07-29T17:14:46","isFullCredit":false},{"lineNumber":6,"author":{"gitId":"Melvilleleesy"},"content":"- IDKName Chatbot is a JavaFX desktop app for managing tasks with simple commands.","lastModifiedDate":"2026-01-31T19:09:23","isFullCredit":false},{"lineNumber":7,"author":{"gitId":"-"},"content":"","lastModifiedDate":"2021-07-17T16:49:07","isFullCredit":false},{"lineNumber":8,"author":{"gitId":"Melvilleleesy"},"content":"- It features a retro game-inspired interface and a task manager backend.","lastModifiedDate":"2026-01-31T19:09:23","isFullCredit":false},{"lineNumber":9,"author":{"gitId":"-"},"content":"","lastModifiedDate":"2021-07-17T16:49:07","isFullCredit":false},{"lineNumber":10,"author":{"gitId":"Melvilleleesy"},"content":"- Users type commands in the input box, and the bot replies in the main chat area with feedback, errors, or the task list.","lastModifiedDate":"2026-01-31T19:09:23","isFullCredit":false},{"lineNumber":11,"author":{"gitId":"-"},"content":"","lastModifiedDate":"2021-07-17T16:49:07","isFullCredit":false},{"lineNumber":12,"author":{"gitId":"Melvilleleesy"},"content":"---","lastModifiedDate":"2026-01-31T19:09:23","isFullCredit":false},{"lineNumber":13,"author":{"gitId":"-"},"content":"","lastModifiedDate":"2019-07-29T17:14:46","isFullCredit":false},{"lineNumber":14,"author":{"gitId":"Melvilleleesy"},"content":"## 🚀 Features","lastModifiedDate":"2026-01-31T19:09:23","isFullCredit":false},{"lineNumber":15,"author":{"gitId":"Melvilleleesy"},"content":"- Java 17 support","lastModifiedDate":"2026-01-31T19:09:23","isFullCredit":false},{"lineNumber":16,"author":{"gitId":"Melvilleleesy"},"content":"- Pre-configured project structure (`src/main/java`, `src/test/java`)","lastModifiedDate":"2026-01-31T19:09:23","isFullCredit":false},{"lineNumber":17,"author":{"gitId":"Melvilleleesy"},"content":"- Sample tests included","lastModifiedDate":"2026-01-31T19:09:23","isFullCredit":false},{"lineNumber":18,"author":{"gitId":"Melvilleleesy"},"content":"- Checkstyle for code quality","lastModifiedDate":"2026-01-31T19:09:23","isFullCredit":false},{"lineNumber":19,"author":{"gitId":"Melvilleleesy"},"content":"- Gradle build system","lastModifiedDate":"2026-01-31T19:09:23","isFullCredit":false},{"lineNumber":20,"author":{"gitId":"Melvilleleesy"},"content":"- Simple UI implemented with JavaFX","lastModifiedDate":"2026-01-31T19:09:23","isFullCredit":false},{"lineNumber":21,"author":{"gitId":"-"},"content":"","lastModifiedDate":"2019-07-29T17:14:46","isFullCredit":false},{"lineNumber":22,"author":{"gitId":"Melvilleleesy"},"content":"---","lastModifiedDate":"2026-01-31T19:09:23","isFullCredit":false},{"lineNumber":23,"author":{"gitId":"-"},"content":"","lastModifiedDate":"2019-07-29T17:14:46","isFullCredit":false},{"lineNumber":24,"author":{"gitId":"Melvilleleesy"},"content":"## 🛠️ Setting Up in IntelliJ","lastModifiedDate":"2026-01-31T19:09:23","isFullCredit":false},{"lineNumber":25,"author":{"gitId":"-"},"content":"","lastModifiedDate":"2019-07-29T17:14:46","isFullCredit":false},{"lineNumber":26,"author":{"gitId":"Melvilleleesy"},"content":"### Prerequisites","lastModifiedDate":"2026-01-31T19:09:23","isFullCredit":false},{"lineNumber":27,"author":{"gitId":"Melvilleleesy"},"content":"- [JDK 17](https://adoptium.net/) installed","lastModifiedDate":"2026-01-31T19:09:23","isFullCredit":false},{"lineNumber":28,"author":{"gitId":"Melvilleleesy"},"content":"- IntelliJ IDEA (latest version recommended)","lastModifiedDate":"2026-01-31T19:09:23","isFullCredit":false},{"lineNumber":29,"author":{"gitId":"Melvilleleesy"},"content":"","lastModifiedDate":"2026-01-31T19:09:23","isFullCredit":false},{"lineNumber":30,"author":{"gitId":"Melvilleleesy"},"content":"### Steps","lastModifiedDate":"2026-01-31T19:09:23","isFullCredit":false},{"lineNumber":31,"author":{"gitId":"Melvilleleesy"},"content":"1. Open IntelliJ (if you have a project open, click **File \u003e Close Project** first).","lastModifiedDate":"2026-01-31T19:09:23","isFullCredit":false},{"lineNumber":32,"author":{"gitId":"Melvilleleesy"},"content":"2. Open this project:","lastModifiedDate":"2026-01-31T19:09:23","isFullCredit":false},{"lineNumber":33,"author":{"gitId":"Melvilleleesy"},"content":"    - Click **Open**.","lastModifiedDate":"2026-01-31T19:09:23","isFullCredit":false},{"lineNumber":34,"author":{"gitId":"Melvilleleesy"},"content":"    - Select the project directory.","lastModifiedDate":"2026-01-31T19:09:23","isFullCredit":false},{"lineNumber":35,"author":{"gitId":"Melvilleleesy"},"content":"    - Click **OK** and accept defaults for any further prompts.","lastModifiedDate":"2026-01-31T19:09:23","isFullCredit":false},{"lineNumber":36,"author":{"gitId":"Melvilleleesy"},"content":"3. Configure the project to use **JDK 17**:","lastModifiedDate":"2026-01-31T19:09:23","isFullCredit":false},{"lineNumber":37,"author":{"gitId":"Melvilleleesy"},"content":"    - Go to **File \u003e Project Structure \u003e Project**.","lastModifiedDate":"2026-01-31T19:09:23","isFullCredit":false},{"lineNumber":38,"author":{"gitId":"Melvilleleesy"},"content":"    - Set **Project SDK** to JDK 17.","lastModifiedDate":"2026-01-31T19:09:23","isFullCredit":false},{"lineNumber":39,"author":{"gitId":"Melvilleleesy"},"content":"    - Set **Project language level** to **SDK default**.","lastModifiedDate":"2026-01-31T19:09:23","isFullCredit":false},{"lineNumber":40,"author":{"gitId":"Melvilleleesy"},"content":"4. Run the main class:","lastModifiedDate":"2026-01-31T19:09:23","isFullCredit":false},{"lineNumber":41,"author":{"gitId":"Melvilleleesy"},"content":"    - Navigate to `src/main/java/idkname/IDKName.java`.","lastModifiedDate":"2026-01-31T19:09:23","isFullCredit":false},{"lineNumber":42,"author":{"gitId":"Melvilleleesy"},"content":"    - Right-click it and choose **Run \u0027IDKName.main()\u0027**.","lastModifiedDate":"2026-01-31T19:09:23","isFullCredit":false},{"lineNumber":43,"author":{"gitId":"Melvilleleesy"},"content":"","lastModifiedDate":"2026-01-31T19:09:23","isFullCredit":false},{"lineNumber":44,"author":{"gitId":"Melvilleleesy"},"content":"If setup is correct, you can move on to the chatbot!","lastModifiedDate":"2026-01-31T19:09:23","isFullCredit":false},{"lineNumber":45,"author":{"gitId":"Melvilleleesy"},"content":"","lastModifiedDate":"2026-01-31T19:09:23","isFullCredit":false},{"lineNumber":46,"author":{"gitId":"Melvilleleesy"},"content":"","lastModifiedDate":"2026-01-31T19:09:23","isFullCredit":false},{"lineNumber":47,"author":{"gitId":"Melvilleleesy"},"content":"## 📖 Command Descriptions","lastModifiedDate":"2026-01-31T19:09:23","isFullCredit":false},{"lineNumber":48,"author":{"gitId":"-"},"content":"```","lastModifiedDate":"2024-01-07T18:33:52","isFullCredit":false},{"lineNumber":49,"author":{"gitId":"Melvilleleesy"},"content":"1. list","lastModifiedDate":"2026-01-31T19:09:23","isFullCredit":false},{"lineNumber":50,"author":{"gitId":"Melvilleleesy"},"content":"Shows all tasks currently in your task list, along with their type and completion status.","lastModifiedDate":"2026-01-31T19:09:23","isFullCredit":false},{"lineNumber":51,"author":{"gitId":"Melvilleleesy"},"content":"","lastModifiedDate":"2026-01-31T19:09:23","isFullCredit":false},{"lineNumber":52,"author":{"gitId":"Melvilleleesy"},"content":"2. bye","lastModifiedDate":"2026-01-31T19:09:23","isFullCredit":false},{"lineNumber":53,"author":{"gitId":"Melvilleleesy"},"content":"Exits the chatbot gracefully and saves all tasks to file.","lastModifiedDate":"2026-01-31T19:09:23","isFullCredit":false},{"lineNumber":54,"author":{"gitId":"Melvilleleesy"},"content":"","lastModifiedDate":"2026-01-31T19:09:23","isFullCredit":false},{"lineNumber":55,"author":{"gitId":"Melvilleleesy"},"content":"3. mark \u003ctask-id\u003e","lastModifiedDate":"2026-01-31T19:09:23","isFullCredit":false},{"lineNumber":56,"author":{"gitId":"Melvilleleesy"},"content":"Marks the task with the given ID as completed.","lastModifiedDate":"2026-01-31T19:09:23","isFullCredit":false},{"lineNumber":57,"author":{"gitId":"Melvilleleesy"},"content":"","lastModifiedDate":"2026-01-31T19:09:23","isFullCredit":false},{"lineNumber":58,"author":{"gitId":"Melvilleleesy"},"content":"4. unmark \u003ctask-id\u003e","lastModifiedDate":"2026-01-31T19:09:23","isFullCredit":false},{"lineNumber":59,"author":{"gitId":"Melvilleleesy"},"content":"Unmarks the task with the given ID (sets it back to not done).","lastModifiedDate":"2026-01-31T19:09:23","isFullCredit":false},{"lineNumber":60,"author":{"gitId":"-"},"content":"","lastModifiedDate":"2019-07-29T17:14:46","isFullCredit":false},{"lineNumber":61,"author":{"gitId":"Melvilleleesy"},"content":"5. find \u003ckeyword\u003e","lastModifiedDate":"2026-01-31T19:09:23","isFullCredit":false},{"lineNumber":62,"author":{"gitId":"Melvilleleesy"},"content":"Searches the task list for tasks containing the keyword in their description.","lastModifiedDate":"2026-01-31T19:09:23","isFullCredit":false},{"lineNumber":63,"author":{"gitId":"Melvilleleesy"},"content":"","lastModifiedDate":"2026-01-31T19:09:23","isFullCredit":false},{"lineNumber":64,"author":{"gitId":"Melvilleleesy"},"content":"6. todo \u003cdescription\u003e","lastModifiedDate":"2026-01-31T19:09:23","isFullCredit":false},{"lineNumber":65,"author":{"gitId":"Melvilleleesy"},"content":"Creates a simple todo task with the given description.","lastModifiedDate":"2026-01-31T19:09:23","isFullCredit":false},{"lineNumber":66,"author":{"gitId":"Melvilleleesy"},"content":"","lastModifiedDate":"2026-01-31T19:09:23","isFullCredit":false},{"lineNumber":67,"author":{"gitId":"Melvilleleesy"},"content":"7. deadline \u003cdescription\u003e / yyyy-MM-dd","lastModifiedDate":"2026-01-31T19:09:23","isFullCredit":false},{"lineNumber":68,"author":{"gitId":"Melvilleleesy"},"content":"Creates a deadline task with the given description and a due date.","lastModifiedDate":"2026-01-31T19:09:23","isFullCredit":false},{"lineNumber":69,"author":{"gitId":"Melvilleleesy"},"content":"","lastModifiedDate":"2026-01-31T19:09:23","isFullCredit":false},{"lineNumber":70,"author":{"gitId":"Melvilleleesy"},"content":"8. event \u003cdescription\u003e / yyyy-MM-dd\u0027T\u0027HH:mm:ss / yyyy-MM-dd\u0027T\u0027HH:mm:ss","lastModifiedDate":"2026-01-31T19:09:23","isFullCredit":false},{"lineNumber":71,"author":{"gitId":"Melvilleleesy"},"content":"Creates an event task scheduled between a start and end date/time","lastModifiedDate":"2026-01-31T19:09:23","isFullCredit":false},{"lineNumber":72,"author":{"gitId":"Melvilleleesy"},"content":"","lastModifiedDate":"2026-01-31T19:09:23","isFullCredit":false},{"lineNumber":73,"author":{"gitId":"Melvilleleesy"},"content":"9. sort","lastModifiedDate":"2026-01-31T19:09:23","isFullCredit":false},{"lineNumber":74,"author":{"gitId":"Melvilleleesy"},"content":"Sorts all tasks in the list by type (Todos, Deadlines, Events).","lastModifiedDate":"2026-01-31T19:09:23","isFullCredit":false},{"lineNumber":75,"author":{"gitId":"Melvilleleesy"},"content":"","lastModifiedDate":"2026-01-31T19:09:23","isFullCredit":false},{"lineNumber":76,"author":{"gitId":"Melvilleleesy"},"content":"10. sort \u003cevent, deadline, todo\u003e","lastModifiedDate":"2026-01-31T19:09:23","isFullCredit":false},{"lineNumber":77,"author":{"gitId":"Melvilleleesy"},"content":"Sorts and displays tasks filtered by the given type.","lastModifiedDate":"2026-01-31T19:09:23","isFullCredit":false},{"lineNumber":78,"author":{"gitId":"Melvilleleesy"},"content":"","lastModifiedDate":"2026-01-31T19:09:23","isFullCredit":false},{"lineNumber":79,"author":{"gitId":"Melvilleleesy"},"content":"11. help","lastModifiedDate":"2026-01-31T19:09:23","isFullCredit":false},{"lineNumber":80,"author":{"gitId":"Melvilleleesy"},"content":"If you need any help for the instructions!","lastModifiedDate":"2026-01-31T19:09:23","isFullCredit":false},{"lineNumber":81,"author":{"gitId":"Melvilleleesy"},"content":"```","lastModifiedDate":"2026-01-31T19:09:23","isFullCredit":false},{"lineNumber":82,"author":{"gitId":"Melvilleleesy"},"content":"- Eg. Usage","lastModifiedDate":"2026-01-31T19:09:23","isFullCredit":false},{"lineNumber":83,"author":{"gitId":"Melvilleleesy"},"content":"    ```bash","lastModifiedDate":"2026-01-31T19:09:23","isFullCredit":false},{"lineNumber":84,"author":{"gitId":"Melvilleleesy"},"content":"    todo Read book","lastModifiedDate":"2026-01-31T19:09:23","isFullCredit":false},{"lineNumber":85,"author":{"gitId":"Melvilleleesy"},"content":"    deadline Submit report / 2025-09-30","lastModifiedDate":"2026-01-31T19:09:23","isFullCredit":false},{"lineNumber":86,"author":{"gitId":"Melvilleleesy"},"content":"    event Team meeting / 2025-09-15T14:00:00 / 2025-09-15T15:00:00","lastModifiedDate":"2026-01-31T19:09:23","isFullCredit":false},{"lineNumber":87,"author":{"gitId":"Melvilleleesy"},"content":"---","lastModifiedDate":"2026-01-31T19:09:23","isFullCredit":false},{"lineNumber":88,"author":{"gitId":"-"},"content":"","lastModifiedDate":"2019-07-29T17:14:46","isFullCredit":false},{"lineNumber":89,"author":{"gitId":"Melvilleleesy"},"content":"## 📦 Building","lastModifiedDate":"2026-01-31T19:09:23","isFullCredit":false},{"lineNumber":90,"author":{"gitId":"-"},"content":"","lastModifiedDate":"2019-07-29T17:14:46","isFullCredit":false},{"lineNumber":91,"author":{"gitId":"Melvilleleesy"},"content":"This project uses **Gradle** as its build tool.","lastModifiedDate":"2026-01-31T19:09:23","isFullCredit":false},{"lineNumber":92,"author":{"gitId":"-"},"content":"","lastModifiedDate":"2021-07-17T16:49:07","isFullCredit":false},{"lineNumber":93,"author":{"gitId":"Melvilleleesy"},"content":"- To build:","lastModifiedDate":"2026-01-31T19:09:23","isFullCredit":false},{"lineNumber":94,"author":{"gitId":"Melvilleleesy"},"content":"    ```bash","lastModifiedDate":"2026-01-31T19:09:23","isFullCredit":false},{"lineNumber":95,"author":{"gitId":"Melvilleleesy"},"content":"    ./gradlew build","lastModifiedDate":"2026-01-31T19:09:23","isFullCredit":false},{"lineNumber":96,"author":{"gitId":"-"},"content":"","lastModifiedDate":"2024-01-07T18:33:52","isFullCredit":false},{"lineNumber":97,"author":{"gitId":"Melvilleleesy"},"content":"- To run tests:","lastModifiedDate":"2026-01-31T19:09:23","isFullCredit":false},{"lineNumber":98,"author":{"gitId":"Melvilleleesy"},"content":"    ```bash","lastModifiedDate":"2026-01-31T19:09:23","isFullCredit":false},{"lineNumber":99,"author":{"gitId":"Melvilleleesy"},"content":"    ./gradlew test","lastModifiedDate":"2026-01-31T19:09:23","isFullCredit":false}],"authorContributionMap":{"Melvilleleesy":84,"-":15}},{"path":"src/main/java/idkname/main/IdKName.java","fileType":"java","lines":[{"lineNumber":1,"author":{"gitId":"Melvilleleesy"},"content":"package idkname.main;","lastModifiedDate":"2026-01-31T19:34:23","isFullCredit":false},{"lineNumber":2,"author":{"gitId":"-"},"content":"","lastModifiedDate":"2025-08-24T23:49:36","isFullCredit":false},{"lineNumber":3,"author":{"gitId":"-"},"content":"import java.io.FileNotFoundException;","lastModifiedDate":"2025-08-24T23:49:36","isFullCredit":false},{"lineNumber":4,"author":{"gitId":"-"},"content":"import java.io.IOException;","lastModifiedDate":"2025-08-24T23:49:36","isFullCredit":false},{"lineNumber":5,"author":{"gitId":"-"},"content":"import java.time.format.DateTimeParseException;","lastModifiedDate":"2025-08-24T23:49:36","isFullCredit":false},{"lineNumber":6,"author":{"gitId":"-"},"content":"","lastModifiedDate":"2025-08-24T23:49:36","isFullCredit":false},{"lineNumber":7,"author":{"gitId":"-"},"content":"import idkname.utility.Command;","lastModifiedDate":"2025-09-12T15:10:45","isFullCredit":false},{"lineNumber":8,"author":{"gitId":"-"},"content":"import idkname.utility.Storage;","lastModifiedDate":"2025-08-24T23:49:36","isFullCredit":false},{"lineNumber":9,"author":{"gitId":"-"},"content":"import idkname.utility.TaskList;","lastModifiedDate":"2025-08-24T23:49:36","isFullCredit":false},{"lineNumber":10,"author":{"gitId":"-"},"content":"","lastModifiedDate":"2025-08-24T23:49:36","isFullCredit":false},{"lineNumber":11,"author":{"gitId":"-"},"content":"/**","lastModifiedDate":"2025-08-24T23:49:36","isFullCredit":false},{"lineNumber":12,"author":{"gitId":"-"},"content":" * Main entry point for the IDKName task management application.","lastModifiedDate":"2025-08-24T23:49:36","isFullCredit":false},{"lineNumber":13,"author":{"gitId":"-"},"content":" * \u003cp\u003e","lastModifiedDate":"2025-08-24T23:49:36","isFullCredit":false},{"lineNumber":14,"author":{"gitId":"-"},"content":" * This class coordinates between the user interface ({@link Command}),","lastModifiedDate":"2025-09-04T18:00:17","isFullCredit":false},{"lineNumber":15,"author":{"gitId":"-"},"content":" * the task list ({@link TaskList}), and the storage system ({@link Storage}).","lastModifiedDate":"2025-08-24T23:49:36","isFullCredit":false},{"lineNumber":16,"author":{"gitId":"-"},"content":" * It handles initialization, running the user interaction loop,","lastModifiedDate":"2025-08-24T23:49:36","isFullCredit":false},{"lineNumber":17,"author":{"gitId":"-"},"content":" * and saving/loading tasks from persistent storage.","lastModifiedDate":"2025-08-24T23:49:36","isFullCredit":false},{"lineNumber":18,"author":{"gitId":"-"},"content":" */","lastModifiedDate":"2025-08-24T23:49:36","isFullCredit":false},{"lineNumber":19,"author":{"gitId":"-"},"content":"public class IdKName {","lastModifiedDate":"2025-08-24T23:49:36","isFullCredit":false},{"lineNumber":20,"author":{"gitId":"-"},"content":"    private final TaskList list;","lastModifiedDate":"2025-08-24T23:49:36","isFullCredit":false},{"lineNumber":21,"author":{"gitId":"-"},"content":"    private final Storage storage;","lastModifiedDate":"2025-08-24T23:49:36","isFullCredit":false},{"lineNumber":22,"author":{"gitId":"-"},"content":"    private final Command command;","lastModifiedDate":"2025-09-05T19:12:45","isFullCredit":false},{"lineNumber":23,"author":{"gitId":"-"},"content":"","lastModifiedDate":"2025-08-24T23:49:36","isFullCredit":false},{"lineNumber":24,"author":{"gitId":"-"},"content":"    /**","lastModifiedDate":"2025-08-24T23:49:36","isFullCredit":false},{"lineNumber":25,"author":{"gitId":"-"},"content":"     * Constructs a new instance of the IDKName application.","lastModifiedDate":"2025-08-24T23:49:36","isFullCredit":false},{"lineNumber":26,"author":{"gitId":"-"},"content":"     * Initializes the task list, UI, and storage, and attempts","lastModifiedDate":"2025-08-24T23:49:36","isFullCredit":false},{"lineNumber":27,"author":{"gitId":"-"},"content":"     * to load tasks from the given file path.","lastModifiedDate":"2025-08-24T23:49:36","isFullCredit":false},{"lineNumber":28,"author":{"gitId":"-"},"content":"     *","lastModifiedDate":"2025-08-24T23:49:36","isFullCredit":false},{"lineNumber":29,"author":{"gitId":"-"},"content":"     * @param filePath the path to the storage file for saving and loading tasks","lastModifiedDate":"2025-08-24T23:49:36","isFullCredit":false},{"lineNumber":30,"author":{"gitId":"-"},"content":"     */","lastModifiedDate":"2025-08-24T23:49:36","isFullCredit":false},{"lineNumber":31,"author":{"gitId":"-"},"content":"    public IdKName(String filePath) {","lastModifiedDate":"2025-08-24T23:49:36","isFullCredit":false},{"lineNumber":32,"author":{"gitId":"-"},"content":"        assert filePath !\u003d null : \"filePath must not be null\";","lastModifiedDate":"2025-09-04T18:56:21","isFullCredit":false},{"lineNumber":33,"author":{"gitId":"-"},"content":"","lastModifiedDate":"2025-09-04T18:56:21","isFullCredit":false},{"lineNumber":34,"author":{"gitId":"-"},"content":"        this.list \u003d new TaskList();","lastModifiedDate":"2025-08-24T23:49:36","isFullCredit":false},{"lineNumber":35,"author":{"gitId":"-"},"content":"        this.command \u003d new Command(\"IDKName\", this.list);","lastModifiedDate":"2025-09-05T19:12:45","isFullCredit":false},{"lineNumber":36,"author":{"gitId":"-"},"content":"        this.storage \u003d new Storage(this.list, filePath);","lastModifiedDate":"2025-08-24T23:49:36","isFullCredit":false},{"lineNumber":37,"author":{"gitId":"-"},"content":"","lastModifiedDate":"2025-09-04T18:56:21","isFullCredit":false},{"lineNumber":38,"author":{"gitId":"-"},"content":"        try {","lastModifiedDate":"2025-08-24T23:49:36","isFullCredit":false},{"lineNumber":39,"author":{"gitId":"-"},"content":"            this.storage.load();","lastModifiedDate":"2025-08-24T23:49:36","isFullCredit":false},{"lineNumber":40,"author":{"gitId":"-"},"content":"        } catch (FileNotFoundException e) {","lastModifiedDate":"2025-08-24T23:49:36","isFullCredit":false},{"lineNumber":41,"author":{"gitId":"-"},"content":"            command.showFileLoadingError();","lastModifiedDate":"2025-09-05T19:12:45","isFullCredit":false},{"lineNumber":42,"author":{"gitId":"-"},"content":"        } catch (DateTimeParseException e) {","lastModifiedDate":"2025-08-24T23:49:36","isFullCredit":false},{"lineNumber":43,"author":{"gitId":"-"},"content":"            command.showDateTimeError();","lastModifiedDate":"2025-09-05T19:12:45","isFullCredit":false},{"lineNumber":44,"author":{"gitId":"-"},"content":"        }","lastModifiedDate":"2025-08-24T23:49:36","isFullCredit":false},{"lineNumber":45,"author":{"gitId":"-"},"content":"    }","lastModifiedDate":"2025-08-24T23:49:36","isFullCredit":false},{"lineNumber":46,"author":{"gitId":"-"},"content":"","lastModifiedDate":"2025-08-24T23:49:36","isFullCredit":false},{"lineNumber":47,"author":{"gitId":"-"},"content":"    /**","lastModifiedDate":"2025-08-24T23:49:36","isFullCredit":false},{"lineNumber":48,"author":{"gitId":"-"},"content":"     * Returns the initial greeting message shown to the user when the application starts.","lastModifiedDate":"2025-08-28T13:32:14","isFullCredit":false},{"lineNumber":49,"author":{"gitId":"-"},"content":"     *","lastModifiedDate":"2025-08-28T13:32:14","isFullCredit":false},{"lineNumber":50,"author":{"gitId":"-"},"content":"     * @return the greeting message","lastModifiedDate":"2025-08-28T13:32:14","isFullCredit":false},{"lineNumber":51,"author":{"gitId":"-"},"content":"     */","lastModifiedDate":"2025-08-24T23:49:36","isFullCredit":false},{"lineNumber":52,"author":{"gitId":"-"},"content":"    public String getGreeting() {","lastModifiedDate":"2025-08-28T13:32:14","isFullCredit":false},{"lineNumber":53,"author":{"gitId":"-"},"content":"        System.out.println(\"greeting works\");","lastModifiedDate":"2025-09-04T23:32:39","isFullCredit":false},{"lineNumber":54,"author":{"gitId":"-"},"content":"        return command.greetings();","lastModifiedDate":"2025-09-05T19:12:45","isFullCredit":false},{"lineNumber":55,"author":{"gitId":"-"},"content":"    }","lastModifiedDate":"2025-08-28T13:32:14","isFullCredit":false},{"lineNumber":56,"author":{"gitId":"-"},"content":"","lastModifiedDate":"2025-08-27T13:34:14","isFullCredit":false},{"lineNumber":57,"author":{"gitId":"-"},"content":"    /**","lastModifiedDate":"2025-08-28T13:32:14","isFullCredit":false},{"lineNumber":58,"author":{"gitId":"-"},"content":"     * Returns the farewell message shown to the user when the application exits.","lastModifiedDate":"2025-08-28T13:32:14","isFullCredit":false},{"lineNumber":59,"author":{"gitId":"-"},"content":"     *","lastModifiedDate":"2025-08-28T13:32:14","isFullCredit":false},{"lineNumber":60,"author":{"gitId":"-"},"content":"     * @return the goodbye message","lastModifiedDate":"2025-08-28T13:32:14","isFullCredit":false},{"lineNumber":61,"author":{"gitId":"-"},"content":"     */","lastModifiedDate":"2025-08-28T13:32:14","isFullCredit":false},{"lineNumber":62,"author":{"gitId":"-"},"content":"    public String getGoodbye() {","lastModifiedDate":"2025-08-28T13:32:14","isFullCredit":false},{"lineNumber":63,"author":{"gitId":"-"},"content":"        System.out.println(\"goodbye works\");","lastModifiedDate":"2025-09-04T23:32:39","isFullCredit":false},{"lineNumber":64,"author":{"gitId":"-"},"content":"        return command.goodbye();","lastModifiedDate":"2025-09-05T19:12:45","isFullCredit":false},{"lineNumber":65,"author":{"gitId":"-"},"content":"    }","lastModifiedDate":"2025-08-28T13:32:14","isFullCredit":false},{"lineNumber":66,"author":{"gitId":"-"},"content":"","lastModifiedDate":"2025-08-27T13:34:14","isFullCredit":false},{"lineNumber":67,"author":{"gitId":"-"},"content":"    /**","lastModifiedDate":"2025-08-28T13:32:14","isFullCredit":false},{"lineNumber":68,"author":{"gitId":"-"},"content":"     * Persists the current state of the application before exit.","lastModifiedDate":"2025-08-28T13:32:14","isFullCredit":false},{"lineNumber":69,"author":{"gitId":"-"},"content":"     *","lastModifiedDate":"2025-08-28T13:32:14","isFullCredit":false},{"lineNumber":70,"author":{"gitId":"-"},"content":"     * @throws IOException if an error occurs while saving data to storage","lastModifiedDate":"2025-08-28T13:32:14","isFullCredit":false},{"lineNumber":71,"author":{"gitId":"-"},"content":"     */","lastModifiedDate":"2025-08-28T13:32:14","isFullCredit":false},{"lineNumber":72,"author":{"gitId":"-"},"content":"    public void persistOnExit() throws IOException {","lastModifiedDate":"2025-08-28T13:32:14","isFullCredit":false},{"lineNumber":73,"author":{"gitId":"-"},"content":"        System.out.println(\"save works\");","lastModifiedDate":"2025-09-04T23:32:39","isFullCredit":false},{"lineNumber":74,"author":{"gitId":"-"},"content":"        storage.save();","lastModifiedDate":"2025-08-28T13:32:14","isFullCredit":false},{"lineNumber":75,"author":{"gitId":"-"},"content":"    }","lastModifiedDate":"2025-08-28T13:32:14","isFullCredit":false},{"lineNumber":76,"author":{"gitId":"-"},"content":"","lastModifiedDate":"2025-08-27T13:34:14","isFullCredit":false},{"lineNumber":77,"author":{"gitId":"-"},"content":"    /**","lastModifiedDate":"2025-08-28T13:32:14","isFullCredit":false},{"lineNumber":78,"author":{"gitId":"-"},"content":"     * Generates a response for the given user input.","lastModifiedDate":"2025-08-28T13:32:14","isFullCredit":false},{"lineNumber":79,"author":{"gitId":"-"},"content":"     *","lastModifiedDate":"2025-08-28T13:32:14","isFullCredit":false},{"lineNumber":80,"author":{"gitId":"-"},"content":"     * @param input the raw user input string","lastModifiedDate":"2025-08-28T13:32:14","isFullCredit":false},{"lineNumber":81,"author":{"gitId":"-"},"content":"     * @return the application\u0027s response to the input","lastModifiedDate":"2025-08-28T13:32:14","isFullCredit":false},{"lineNumber":82,"author":{"gitId":"-"},"content":"     */","lastModifiedDate":"2025-08-28T13:32:14","isFullCredit":false},{"lineNumber":83,"author":{"gitId":"-"},"content":"    public String getResponse(String input) {","lastModifiedDate":"2025-08-27T13:34:14","isFullCredit":false},{"lineNumber":84,"author":{"gitId":"-"},"content":"        return command.getResponse(input);","lastModifiedDate":"2025-09-05T19:12:45","isFullCredit":false},{"lineNumber":85,"author":{"gitId":"-"},"content":"    }","lastModifiedDate":"2025-08-24T23:49:36","isFullCredit":false},{"lineNumber":86,"author":{"gitId":"-"},"content":"}","lastModifiedDate":"2025-08-24T23:49:36","isFullCredit":false}],"authorContributionMap":{"Melvilleleesy":1,"-":85}},{"path":"src/main/java/idkname/main/Launcher.java","fileType":"java","lines":[{"lineNumber":1,"author":{"gitId":"Melvilleleesy"},"content":"package idkname.main;","lastModifiedDate":"2026-01-31T19:34:23","isFullCredit":false},{"lineNumber":2,"author":{"gitId":"-"},"content":"","lastModifiedDate":"2025-08-27T13:34:14","isFullCredit":false},{"lineNumber":3,"author":{"gitId":"-"},"content":"import javafx.application.Application;","lastModifiedDate":"2025-08-27T13:34:14","isFullCredit":false},{"lineNumber":4,"author":{"gitId":"-"},"content":"","lastModifiedDate":"2025-08-27T13:34:14","isFullCredit":false},{"lineNumber":5,"author":{"gitId":"-"},"content":"/**","lastModifiedDate":"2025-08-27T13:34:14","isFullCredit":false},{"lineNumber":6,"author":{"gitId":"-"},"content":" * A launcher class to workaround classpath issues.","lastModifiedDate":"2025-08-27T13:34:14","isFullCredit":false},{"lineNumber":7,"author":{"gitId":"-"},"content":" */","lastModifiedDate":"2025-08-27T13:34:14","isFullCredit":false},{"lineNumber":8,"author":{"gitId":"-"},"content":"public class Launcher {","lastModifiedDate":"2025-08-27T13:34:14","isFullCredit":false},{"lineNumber":9,"author":{"gitId":"-"},"content":"    public static void main(String[] args) {","lastModifiedDate":"2025-08-27T13:34:14","isFullCredit":false},{"lineNumber":10,"author":{"gitId":"-"},"content":"        Application.launch(Main.class, args);","lastModifiedDate":"2025-08-27T13:34:14","isFullCredit":false},{"lineNumber":11,"author":{"gitId":"-"},"content":"    }","lastModifiedDate":"2025-08-27T13:34:14","isFullCredit":false},{"lineNumber":12,"author":{"gitId":"-"},"content":"}","lastModifiedDate":"2025-08-27T13:34:14","isFullCredit":false}],"authorContributionMap":{"Melvilleleesy":1,"-":11}},{"path":"src/main/java/idkname/main/Main.java","fileType":"java","lines":[{"lineNumber":1,"author":{"gitId":"Melvilleleesy"},"content":"package idkname.main;","lastModifiedDate":"2026-01-31T19:34:23","isFullCredit":false},{"lineNumber":2,"author":{"gitId":"-"},"content":"","lastModifiedDate":"2025-08-24T15:22:59","isFullCredit":false},{"lineNumber":3,"author":{"gitId":"-"},"content":"import java.io.IOException;","lastModifiedDate":"2025-08-27T13:34:14","isFullCredit":false},{"lineNumber":4,"author":{"gitId":"-"},"content":"import java.util.Objects;","lastModifiedDate":"2025-09-12T15:10:45","isFullCredit":false},{"lineNumber":5,"author":{"gitId":"-"},"content":"","lastModifiedDate":"2025-08-27T13:34:14","isFullCredit":false},{"lineNumber":6,"author":{"gitId":"-"},"content":"import idkname.ui.MainWindow;","lastModifiedDate":"2025-09-04T18:00:17","isFullCredit":false},{"lineNumber":7,"author":{"gitId":"-"},"content":"import javafx.application.Application;","lastModifiedDate":"2025-08-27T13:34:14","isFullCredit":false},{"lineNumber":8,"author":{"gitId":"-"},"content":"import javafx.fxml.FXMLLoader;","lastModifiedDate":"2025-08-27T13:34:14","isFullCredit":false},{"lineNumber":9,"author":{"gitId":"-"},"content":"import javafx.scene.Scene;","lastModifiedDate":"2025-08-27T13:34:14","isFullCredit":false},{"lineNumber":10,"author":{"gitId":"-"},"content":"import javafx.scene.text.Font;","lastModifiedDate":"2025-09-12T15:10:45","isFullCredit":false},{"lineNumber":11,"author":{"gitId":"-"},"content":"import javafx.stage.Stage;","lastModifiedDate":"2025-08-27T13:34:14","isFullCredit":false},{"lineNumber":12,"author":{"gitId":"-"},"content":"","lastModifiedDate":"2025-08-27T13:34:14","isFullCredit":false},{"lineNumber":13,"author":{"gitId":"Melvilleleesy"},"content":"import idkname.ui.MainWindow;","lastModifiedDate":"2026-01-31T19:34:23","isFullCredit":false},{"lineNumber":14,"author":{"gitId":"Melvilleleesy"},"content":"","lastModifiedDate":"2026-01-31T19:34:23","isFullCredit":false},{"lineNumber":15,"author":{"gitId":"-"},"content":"","lastModifiedDate":"2025-08-27T13:34:14","isFullCredit":false},{"lineNumber":16,"author":{"gitId":"-"},"content":"/**","lastModifiedDate":"2025-08-24T23:49:36","isFullCredit":false},{"lineNumber":17,"author":{"gitId":"-"},"content":" * Entry point for the IDKName chatbot application.","lastModifiedDate":"2025-08-24T23:49:36","isFullCredit":false},{"lineNumber":18,"author":{"gitId":"-"},"content":" * \u003cp\u003e","lastModifiedDate":"2025-08-24T23:49:36","isFullCredit":false},{"lineNumber":19,"author":{"gitId":"-"},"content":" * This class initializes the chatbot with a storage file path","lastModifiedDate":"2025-08-24T23:49:36","isFullCredit":false},{"lineNumber":20,"author":{"gitId":"-"},"content":" * and starts the application loop.","lastModifiedDate":"2025-08-24T23:49:36","isFullCredit":false},{"lineNumber":21,"author":{"gitId":"-"},"content":" */","lastModifiedDate":"2025-08-24T23:49:36","isFullCredit":false},{"lineNumber":22,"author":{"gitId":"-"},"content":"public class Main extends Application {","lastModifiedDate":"2025-08-27T13:34:14","isFullCredit":false},{"lineNumber":23,"author":{"gitId":"-"},"content":"    private static final String DEFAULT_FILE_PATH \u003d \"./data/IDKName.txt\";","lastModifiedDate":"2025-08-27T13:34:14","isFullCredit":false},{"lineNumber":24,"author":{"gitId":"-"},"content":"    private IdKName chatbot \u003d new IdKName(DEFAULT_FILE_PATH);","lastModifiedDate":"2025-08-27T13:34:14","isFullCredit":false},{"lineNumber":25,"author":{"gitId":"-"},"content":"    /**","lastModifiedDate":"2025-08-24T23:49:36","isFullCredit":false},{"lineNumber":26,"author":{"gitId":"-"},"content":"     * Starts the IDKName chatbot application.","lastModifiedDate":"2025-08-24T23:49:36","isFullCredit":false},{"lineNumber":27,"author":{"gitId":"-"},"content":"     * \u003cp\u003e","lastModifiedDate":"2025-08-24T23:49:36","isFullCredit":false},{"lineNumber":28,"author":{"gitId":"-"},"content":"     * The chatbot loads tasks from \u003ccode\u003e./data/IDKName.txt\u003c/code\u003e","lastModifiedDate":"2025-08-24T23:49:36","isFullCredit":false},{"lineNumber":29,"author":{"gitId":"-"},"content":"     * if available, and begins interacting with the user.","lastModifiedDate":"2025-08-24T23:49:36","isFullCredit":false},{"lineNumber":30,"author":{"gitId":"-"},"content":"     *","lastModifiedDate":"2025-08-24T23:49:36","isFullCredit":false},{"lineNumber":31,"author":{"gitId":"-"},"content":"     * @param stage stage to build gui","lastModifiedDate":"2025-08-27T13:34:14","isFullCredit":false},{"lineNumber":32,"author":{"gitId":"-"},"content":"     */","lastModifiedDate":"2025-08-24T23:49:36","isFullCredit":false},{"lineNumber":33,"author":{"gitId":"-"},"content":"    @Override","lastModifiedDate":"2025-08-27T13:34:14","isFullCredit":false},{"lineNumber":34,"author":{"gitId":"-"},"content":"    public void start(Stage stage) {","lastModifiedDate":"2025-08-27T13:34:14","isFullCredit":false},{"lineNumber":35,"author":{"gitId":"-"},"content":"        try {","lastModifiedDate":"2025-08-27T13:34:14","isFullCredit":false},{"lineNumber":36,"author":{"gitId":"-"},"content":"            Font.loadFont(getClass().getResourceAsStream(\"/fonts/Pokemon_FireRedLeafGreen.ttf\"), 14);","lastModifiedDate":"2025-09-13T18:07:22","isFullCredit":false},{"lineNumber":37,"author":{"gitId":"-"},"content":"            FXMLLoader loader \u003d new FXMLLoader(Main.class.getResource(\"/view/MainWindow.fxml\"));","lastModifiedDate":"2025-09-13T18:07:22","isFullCredit":false},{"lineNumber":38,"author":{"gitId":"-"},"content":"            Scene scene \u003d new Scene(loader.load());","lastModifiedDate":"2025-09-13T18:07:22","isFullCredit":false},{"lineNumber":39,"author":{"gitId":"-"},"content":"            scene.getStylesheets().add(getClass().getResource(\"/styles.css\").toExternalForm());","lastModifiedDate":"2025-09-13T18:07:22","isFullCredit":false},{"lineNumber":40,"author":{"gitId":"-"},"content":"","lastModifiedDate":"2025-09-04T18:56:21","isFullCredit":false},{"lineNumber":41,"author":{"gitId":"-"},"content":"            stage.setScene(scene);","lastModifiedDate":"2025-08-27T13:34:14","isFullCredit":false},{"lineNumber":42,"author":{"gitId":"-"},"content":"            stage.setTitle(\"IdKName\");","lastModifiedDate":"2025-09-12T15:10:45","isFullCredit":false},{"lineNumber":43,"author":{"gitId":"-"},"content":"            MainWindow controller \u003d loader.getController();","lastModifiedDate":"2025-09-13T18:07:22","isFullCredit":false},{"lineNumber":44,"author":{"gitId":"-"},"content":"            controller.setDuke(chatbot);","lastModifiedDate":"2025-08-28T13:32:14","isFullCredit":false},{"lineNumber":45,"author":{"gitId":"-"},"content":"","lastModifiedDate":"2025-08-27T13:34:14","isFullCredit":false},{"lineNumber":46,"author":{"gitId":"-"},"content":"            stage.setOnShown(e -\u003e controller.appendBot(Objects","lastModifiedDate":"2025-09-13T18:07:22","isFullCredit":false},{"lineNumber":47,"author":{"gitId":"-"},"content":"                    .requireNonNullElse(chatbot.getGreeting(), \"Hello! I\u0027m IdKName\\nWhat can I do for you!\")","lastModifiedDate":"2025-09-13T18:07:22","isFullCredit":false},{"lineNumber":48,"author":{"gitId":"-"},"content":"            ));","lastModifiedDate":"2025-09-13T18:07:22","isFullCredit":false},{"lineNumber":49,"author":{"gitId":"-"},"content":"","lastModifiedDate":"2025-08-27T13:34:14","isFullCredit":false},{"lineNumber":50,"author":{"gitId":"-"},"content":"            stage.setOnCloseRequest(e -\u003e {","lastModifiedDate":"2025-08-27T13:34:14","isFullCredit":false},{"lineNumber":51,"author":{"gitId":"-"},"content":"                try {","lastModifiedDate":"2025-08-27T13:34:14","isFullCredit":false},{"lineNumber":52,"author":{"gitId":"-"},"content":"                    controller.appendBot(Objects.requireNonNullElse(chatbot.getGoodbye(),","lastModifiedDate":"2025-09-13T18:07:22","isFullCredit":false},{"lineNumber":53,"author":{"gitId":"-"},"content":"                            \"Bye. Hope to see you again soon!\"));","lastModifiedDate":"2025-09-13T18:07:22","isFullCredit":false},{"lineNumber":54,"author":{"gitId":"-"},"content":"                    chatbot.persistOnExit();","lastModifiedDate":"2025-08-27T13:34:14","isFullCredit":false},{"lineNumber":55,"author":{"gitId":"-"},"content":"                } catch (Exception ex) {","lastModifiedDate":"2025-08-27T13:34:14","isFullCredit":false},{"lineNumber":56,"author":{"gitId":"-"},"content":"                    controller.appendBot(\"Error saving: \" + ex.getMessage());","lastModifiedDate":"2025-08-27T13:34:14","isFullCredit":false},{"lineNumber":57,"author":{"gitId":"-"},"content":"                }","lastModifiedDate":"2025-08-27T13:34:14","isFullCredit":false},{"lineNumber":58,"author":{"gitId":"-"},"content":"            });","lastModifiedDate":"2025-08-27T13:34:14","isFullCredit":false},{"lineNumber":59,"author":{"gitId":"-"},"content":"            stage.show();","lastModifiedDate":"2025-08-27T13:34:14","isFullCredit":false},{"lineNumber":60,"author":{"gitId":"-"},"content":"        } catch (IOException e) {","lastModifiedDate":"2025-08-27T13:34:14","isFullCredit":false},{"lineNumber":61,"author":{"gitId":"-"},"content":"            e.printStackTrace();","lastModifiedDate":"2025-08-27T13:34:14","isFullCredit":false},{"lineNumber":62,"author":{"gitId":"-"},"content":"        }","lastModifiedDate":"2025-08-27T13:34:14","isFullCredit":false},{"lineNumber":63,"author":{"gitId":"-"},"content":"    }","lastModifiedDate":"2025-08-20T19:16:02","isFullCredit":false},{"lineNumber":64,"author":{"gitId":"-"},"content":"}","lastModifiedDate":"2025-08-20T19:16:02","isFullCredit":false}],"authorContributionMap":{"Melvilleleesy":3,"-":61}},{"path":"src/main/java/idkname/ui/DialogBox.java","fileType":"java","lines":[{"lineNumber":1,"author":{"gitId":"Melvilleleesy"},"content":"package idkname.ui;","lastModifiedDate":"2026-01-31T19:34:23","isFullCredit":false},{"lineNumber":2,"author":{"gitId":"-"},"content":"","lastModifiedDate":"2025-08-27T13:34:14","isFullCredit":false},{"lineNumber":3,"author":{"gitId":"-"},"content":"import java.io.IOException;","lastModifiedDate":"2025-08-27T13:34:14","isFullCredit":false},{"lineNumber":4,"author":{"gitId":"-"},"content":"import java.util.Collections;","lastModifiedDate":"2025-08-27T13:34:14","isFullCredit":false},{"lineNumber":5,"author":{"gitId":"-"},"content":"","lastModifiedDate":"2025-08-27T13:34:14","isFullCredit":false},{"lineNumber":6,"author":{"gitId":"-"},"content":"import javafx.collections.FXCollections;","lastModifiedDate":"2025-08-27T13:34:14","isFullCredit":false},{"lineNumber":7,"author":{"gitId":"-"},"content":"import javafx.collections.ObservableList;","lastModifiedDate":"2025-08-27T13:34:14","isFullCredit":false},{"lineNumber":8,"author":{"gitId":"-"},"content":"import javafx.fxml.FXML;","lastModifiedDate":"2025-08-27T13:34:14","isFullCredit":false},{"lineNumber":9,"author":{"gitId":"-"},"content":"import javafx.fxml.FXMLLoader;","lastModifiedDate":"2025-08-27T13:34:14","isFullCredit":false},{"lineNumber":10,"author":{"gitId":"-"},"content":"import javafx.geometry.Pos;","lastModifiedDate":"2025-08-27T13:34:14","isFullCredit":false},{"lineNumber":11,"author":{"gitId":"-"},"content":"import javafx.scene.Node;","lastModifiedDate":"2025-08-27T13:34:14","isFullCredit":false},{"lineNumber":12,"author":{"gitId":"-"},"content":"import javafx.scene.control.Label;","lastModifiedDate":"2025-08-27T13:34:14","isFullCredit":false},{"lineNumber":13,"author":{"gitId":"-"},"content":"import javafx.scene.image.Image;","lastModifiedDate":"2025-08-27T13:34:14","isFullCredit":false},{"lineNumber":14,"author":{"gitId":"-"},"content":"import javafx.scene.image.ImageView;","lastModifiedDate":"2025-08-27T13:34:14","isFullCredit":false},{"lineNumber":15,"author":{"gitId":"-"},"content":"import javafx.scene.layout.HBox;","lastModifiedDate":"2025-08-27T13:34:14","isFullCredit":false},{"lineNumber":16,"author":{"gitId":"-"},"content":"","lastModifiedDate":"2025-08-27T13:34:14","isFullCredit":false},{"lineNumber":17,"author":{"gitId":"-"},"content":"/**","lastModifiedDate":"2025-08-27T13:34:14","isFullCredit":false},{"lineNumber":18,"author":{"gitId":"-"},"content":" * Represents a dialog box consisting of an ImageView to represent the speaker\u0027s face","lastModifiedDate":"2025-08-27T13:34:14","isFullCredit":false},{"lineNumber":19,"author":{"gitId":"-"},"content":" * and a label containing text from the speaker.","lastModifiedDate":"2025-08-27T13:34:14","isFullCredit":false},{"lineNumber":20,"author":{"gitId":"-"},"content":" */","lastModifiedDate":"2025-08-27T13:34:14","isFullCredit":false},{"lineNumber":21,"author":{"gitId":"-"},"content":"public class DialogBox extends HBox {","lastModifiedDate":"2025-08-27T13:34:14","isFullCredit":false},{"lineNumber":22,"author":{"gitId":"-"},"content":"    @FXML","lastModifiedDate":"2025-08-27T13:34:14","isFullCredit":false},{"lineNumber":23,"author":{"gitId":"-"},"content":"    private Label dialog;","lastModifiedDate":"2025-08-27T13:34:14","isFullCredit":false},{"lineNumber":24,"author":{"gitId":"-"},"content":"    @FXML","lastModifiedDate":"2025-08-27T13:34:14","isFullCredit":false},{"lineNumber":25,"author":{"gitId":"-"},"content":"    private ImageView displayPicture;","lastModifiedDate":"2025-08-27T13:34:14","isFullCredit":false},{"lineNumber":26,"author":{"gitId":"-"},"content":"","lastModifiedDate":"2025-08-27T13:34:14","isFullCredit":false},{"lineNumber":27,"author":{"gitId":"-"},"content":"    /**","lastModifiedDate":"2025-09-04T18:00:17","isFullCredit":false},{"lineNumber":28,"author":{"gitId":"-"},"content":"     * Constructs a dialog box with the given text and display image.","lastModifiedDate":"2025-09-04T18:00:17","isFullCredit":false},{"lineNumber":29,"author":{"gitId":"-"},"content":"     *","lastModifiedDate":"2025-09-04T18:00:17","isFullCredit":false},{"lineNumber":30,"author":{"gitId":"-"},"content":"     * @param text dialog text","lastModifiedDate":"2025-09-04T18:00:17","isFullCredit":false},{"lineNumber":31,"author":{"gitId":"-"},"content":"     * @param img  speaker image","lastModifiedDate":"2025-09-04T18:00:17","isFullCredit":false},{"lineNumber":32,"author":{"gitId":"-"},"content":"     */","lastModifiedDate":"2025-09-04T18:00:17","isFullCredit":false},{"lineNumber":33,"author":{"gitId":"-"},"content":"    private DialogBox(String text, Image img) {","lastModifiedDate":"2025-08-27T13:34:14","isFullCredit":false},{"lineNumber":34,"author":{"gitId":"-"},"content":"        try {","lastModifiedDate":"2025-08-27T13:34:14","isFullCredit":false},{"lineNumber":35,"author":{"gitId":"-"},"content":"            FXMLLoader fxmlLoader \u003d new FXMLLoader(MainWindow.class.getResource(\"/view/DialogBox.fxml\"));","lastModifiedDate":"2025-08-27T13:34:14","isFullCredit":false},{"lineNumber":36,"author":{"gitId":"-"},"content":"            fxmlLoader.setController(this);","lastModifiedDate":"2025-08-27T13:34:14","isFullCredit":false},{"lineNumber":37,"author":{"gitId":"-"},"content":"            fxmlLoader.setRoot(this);","lastModifiedDate":"2025-08-27T13:34:14","isFullCredit":false},{"lineNumber":38,"author":{"gitId":"-"},"content":"            fxmlLoader.load();","lastModifiedDate":"2025-08-27T13:34:14","isFullCredit":false},{"lineNumber":39,"author":{"gitId":"-"},"content":"        } catch (IOException e) {","lastModifiedDate":"2025-08-27T13:34:14","isFullCredit":false},{"lineNumber":40,"author":{"gitId":"-"},"content":"            e.printStackTrace();","lastModifiedDate":"2025-08-27T13:34:14","isFullCredit":false},{"lineNumber":41,"author":{"gitId":"-"},"content":"        }","lastModifiedDate":"2025-08-27T13:34:14","isFullCredit":false},{"lineNumber":42,"author":{"gitId":"-"},"content":"","lastModifiedDate":"2025-08-27T13:34:14","isFullCredit":false},{"lineNumber":43,"author":{"gitId":"-"},"content":"        assert dialog !\u003d null : \"FXML did not inject Label \u0027dialog\u0027\";","lastModifiedDate":"2025-09-04T18:56:21","isFullCredit":false},{"lineNumber":44,"author":{"gitId":"-"},"content":"        assert displayPicture !\u003d null : \"FXML did not inject ImageView \u0027displayPicture\u0027\";","lastModifiedDate":"2025-09-04T18:56:21","isFullCredit":false},{"lineNumber":45,"author":{"gitId":"-"},"content":"","lastModifiedDate":"2025-09-04T18:56:21","isFullCredit":false},{"lineNumber":46,"author":{"gitId":"-"},"content":"        dialog.setText(text);","lastModifiedDate":"2025-08-27T13:34:14","isFullCredit":false},{"lineNumber":47,"author":{"gitId":"-"},"content":"        displayPicture.setImage(img);","lastModifiedDate":"2025-08-27T13:34:14","isFullCredit":false},{"lineNumber":48,"author":{"gitId":"-"},"content":"    }","lastModifiedDate":"2025-08-27T13:34:14","isFullCredit":false},{"lineNumber":49,"author":{"gitId":"-"},"content":"","lastModifiedDate":"2025-08-27T13:34:14","isFullCredit":false},{"lineNumber":50,"author":{"gitId":"-"},"content":"    /**","lastModifiedDate":"2025-08-27T13:34:14","isFullCredit":false},{"lineNumber":51,"author":{"gitId":"-"},"content":"     * Flips the dialog box such that the ImageView is on the left and text on the right.","lastModifiedDate":"2025-08-27T13:34:14","isFullCredit":false},{"lineNumber":52,"author":{"gitId":"-"},"content":"     */","lastModifiedDate":"2025-08-27T13:34:14","isFullCredit":false},{"lineNumber":53,"author":{"gitId":"-"},"content":"    private void flip() {","lastModifiedDate":"2025-08-27T13:34:14","isFullCredit":false},{"lineNumber":54,"author":{"gitId":"-"},"content":"        ObservableList\u003cNode\u003e tmp \u003d FXCollections.observableArrayList(this.getChildren());","lastModifiedDate":"2025-08-27T13:34:14","isFullCredit":false},{"lineNumber":55,"author":{"gitId":"-"},"content":"        Collections.reverse(tmp);","lastModifiedDate":"2025-08-27T13:34:14","isFullCredit":false},{"lineNumber":56,"author":{"gitId":"-"},"content":"","lastModifiedDate":"2025-09-04T18:56:21","isFullCredit":false},{"lineNumber":57,"author":{"gitId":"-"},"content":"        assert tmp.size() \u003d\u003d getChildren().size() : \"flip must not change child count\";","lastModifiedDate":"2025-09-04T18:56:21","isFullCredit":false},{"lineNumber":58,"author":{"gitId":"-"},"content":"","lastModifiedDate":"2025-09-04T18:56:21","isFullCredit":false},{"lineNumber":59,"author":{"gitId":"-"},"content":"        getChildren().setAll(tmp);","lastModifiedDate":"2025-08-27T13:34:14","isFullCredit":false},{"lineNumber":60,"author":{"gitId":"-"},"content":"        setAlignment(Pos.TOP_LEFT);","lastModifiedDate":"2025-08-27T13:34:14","isFullCredit":false},{"lineNumber":61,"author":{"gitId":"-"},"content":"    }","lastModifiedDate":"2025-08-27T13:34:14","isFullCredit":false},{"lineNumber":62,"author":{"gitId":"-"},"content":"","lastModifiedDate":"2025-08-27T13:34:14","isFullCredit":false},{"lineNumber":63,"author":{"gitId":"-"},"content":"    /**","lastModifiedDate":"2025-09-04T18:00:17","isFullCredit":false},{"lineNumber":64,"author":{"gitId":"-"},"content":"     * Creates a dialog box representing the user.","lastModifiedDate":"2025-09-04T18:00:17","isFullCredit":false},{"lineNumber":65,"author":{"gitId":"-"},"content":"     *","lastModifiedDate":"2025-09-04T18:00:17","isFullCredit":false},{"lineNumber":66,"author":{"gitId":"-"},"content":"     * @param text dialog text","lastModifiedDate":"2025-09-04T18:00:17","isFullCredit":false},{"lineNumber":67,"author":{"gitId":"-"},"content":"     * @param img  user image","lastModifiedDate":"2025-09-04T18:00:17","isFullCredit":false},{"lineNumber":68,"author":{"gitId":"-"},"content":"     * @return a dialog box with text on the left and image on the right","lastModifiedDate":"2025-09-04T18:00:17","isFullCredit":false},{"lineNumber":69,"author":{"gitId":"-"},"content":"     */","lastModifiedDate":"2025-09-04T18:00:17","isFullCredit":false},{"lineNumber":70,"author":{"gitId":"-"},"content":"    public static DialogBox getUserDialog(String text, Image img) {","lastModifiedDate":"2025-08-27T13:34:14","isFullCredit":false},{"lineNumber":71,"author":{"gitId":"-"},"content":"        return new DialogBox(text, img);","lastModifiedDate":"2025-08-27T13:34:14","isFullCredit":false},{"lineNumber":72,"author":{"gitId":"-"},"content":"    }","lastModifiedDate":"2025-08-27T13:34:14","isFullCredit":false},{"lineNumber":73,"author":{"gitId":"-"},"content":"","lastModifiedDate":"2025-08-27T13:34:14","isFullCredit":false},{"lineNumber":74,"author":{"gitId":"-"},"content":"    /**","lastModifiedDate":"2025-09-04T18:00:17","isFullCredit":false},{"lineNumber":75,"author":{"gitId":"-"},"content":"     * Creates a dialog box representing the bot (Duke).","lastModifiedDate":"2025-09-04T18:00:17","isFullCredit":false},{"lineNumber":76,"author":{"gitId":"-"},"content":"     * The dialog box is flipped so that the image appears on the left.","lastModifiedDate":"2025-09-04T18:00:17","isFullCredit":false},{"lineNumber":77,"author":{"gitId":"-"},"content":"     *","lastModifiedDate":"2025-09-04T18:00:17","isFullCredit":false},{"lineNumber":78,"author":{"gitId":"-"},"content":"     * @param text dialog text","lastModifiedDate":"2025-09-04T18:00:17","isFullCredit":false},{"lineNumber":79,"author":{"gitId":"-"},"content":"     * @param img  bot image","lastModifiedDate":"2025-09-04T18:00:17","isFullCredit":false},{"lineNumber":80,"author":{"gitId":"-"},"content":"     * @return a dialog box with image on the left and text on the right","lastModifiedDate":"2025-09-04T18:00:17","isFullCredit":false},{"lineNumber":81,"author":{"gitId":"-"},"content":"     */","lastModifiedDate":"2025-09-04T18:00:17","isFullCredit":false},{"lineNumber":82,"author":{"gitId":"-"},"content":"    public static DialogBox getDukeDialog(String text, Image img) {","lastModifiedDate":"2025-08-27T13:34:14","isFullCredit":false},{"lineNumber":83,"author":{"gitId":"-"},"content":"        var db \u003d new DialogBox(text, img);","lastModifiedDate":"2025-08-27T13:34:14","isFullCredit":false},{"lineNumber":84,"author":{"gitId":"-"},"content":"        db.flip();","lastModifiedDate":"2025-08-27T13:34:14","isFullCredit":false},{"lineNumber":85,"author":{"gitId":"-"},"content":"        return db;","lastModifiedDate":"2025-08-27T13:34:14","isFullCredit":false},{"lineNumber":86,"author":{"gitId":"-"},"content":"    }","lastModifiedDate":"2025-08-27T13:34:14","isFullCredit":false},{"lineNumber":87,"author":{"gitId":"-"},"content":"}","lastModifiedDate":"2025-08-27T13:34:14","isFullCredit":false}],"authorContributionMap":{"Melvilleleesy":1,"-":86}},{"path":"src/main/java/idkname/ui/MainWindow.java","fileType":"java","lines":[{"lineNumber":1,"author":{"gitId":"Melvilleleesy"},"content":"package idkname.ui;","lastModifiedDate":"2026-01-31T19:34:23","isFullCredit":false},{"lineNumber":2,"author":{"gitId":"-"},"content":"","lastModifiedDate":"2025-08-27T13:34:14","isFullCredit":false},{"lineNumber":3,"author":{"gitId":"-"},"content":"import java.io.IOException;","lastModifiedDate":"2025-09-12T15:10:45","isFullCredit":false},{"lineNumber":4,"author":{"gitId":"-"},"content":"","lastModifiedDate":"2025-09-12T15:10:45","isFullCredit":false},{"lineNumber":5,"author":{"gitId":"Melvilleleesy"},"content":"import idkname.main.IdKName;","lastModifiedDate":"2026-01-31T19:34:23","isFullCredit":false},{"lineNumber":6,"author":{"gitId":"-"},"content":"import javafx.fxml.FXML;","lastModifiedDate":"2025-08-27T13:34:14","isFullCredit":false},{"lineNumber":7,"author":{"gitId":"-"},"content":"import javafx.scene.control.Button;","lastModifiedDate":"2025-08-27T13:34:14","isFullCredit":false},{"lineNumber":8,"author":{"gitId":"-"},"content":"import javafx.scene.control.ScrollPane;","lastModifiedDate":"2025-08-27T13:34:14","isFullCredit":false},{"lineNumber":9,"author":{"gitId":"-"},"content":"import javafx.scene.control.TextField;","lastModifiedDate":"2025-08-27T13:34:14","isFullCredit":false},{"lineNumber":10,"author":{"gitId":"-"},"content":"import javafx.scene.image.Image;","lastModifiedDate":"2025-08-27T13:34:14","isFullCredit":false},{"lineNumber":11,"author":{"gitId":"-"},"content":"import javafx.scene.layout.AnchorPane;","lastModifiedDate":"2025-08-27T13:34:14","isFullCredit":false},{"lineNumber":12,"author":{"gitId":"-"},"content":"import javafx.scene.layout.VBox;","lastModifiedDate":"2025-08-27T13:34:14","isFullCredit":false},{"lineNumber":13,"author":{"gitId":"-"},"content":"import javafx.stage.Stage;","lastModifiedDate":"2025-08-27T13:34:14","isFullCredit":false},{"lineNumber":14,"author":{"gitId":"-"},"content":"","lastModifiedDate":"2025-08-27T13:34:14","isFullCredit":false},{"lineNumber":15,"author":{"gitId":"-"},"content":"","lastModifiedDate":"2025-09-04T23:32:39","isFullCredit":false},{"lineNumber":16,"author":{"gitId":"-"},"content":"/**","lastModifiedDate":"2025-08-27T13:34:14","isFullCredit":false},{"lineNumber":17,"author":{"gitId":"-"},"content":" * Controller for the main GUI.","lastModifiedDate":"2025-08-27T13:34:14","isFullCredit":false},{"lineNumber":18,"author":{"gitId":"-"},"content":" */","lastModifiedDate":"2025-08-27T13:34:14","isFullCredit":false},{"lineNumber":19,"author":{"gitId":"-"},"content":"public class MainWindow extends AnchorPane {","lastModifiedDate":"2025-08-27T13:34:14","isFullCredit":false},{"lineNumber":20,"author":{"gitId":"-"},"content":"    @FXML","lastModifiedDate":"2025-08-27T13:34:14","isFullCredit":false},{"lineNumber":21,"author":{"gitId":"-"},"content":"    private ScrollPane scrollPane;","lastModifiedDate":"2025-08-27T13:34:14","isFullCredit":false},{"lineNumber":22,"author":{"gitId":"-"},"content":"    @FXML","lastModifiedDate":"2025-08-27T13:34:14","isFullCredit":false},{"lineNumber":23,"author":{"gitId":"-"},"content":"    private VBox dialogContainer;","lastModifiedDate":"2025-08-27T13:34:14","isFullCredit":false},{"lineNumber":24,"author":{"gitId":"-"},"content":"    @FXML","lastModifiedDate":"2025-08-27T13:34:14","isFullCredit":false},{"lineNumber":25,"author":{"gitId":"-"},"content":"    private TextField userInput;","lastModifiedDate":"2025-08-27T13:34:14","isFullCredit":false},{"lineNumber":26,"author":{"gitId":"-"},"content":"    @FXML","lastModifiedDate":"2025-08-27T13:34:14","isFullCredit":false},{"lineNumber":27,"author":{"gitId":"-"},"content":"    private Button sendButton;","lastModifiedDate":"2025-08-27T13:34:14","isFullCredit":false},{"lineNumber":28,"author":{"gitId":"-"},"content":"","lastModifiedDate":"2025-08-27T13:34:14","isFullCredit":false},{"lineNumber":29,"author":{"gitId":"-"},"content":"    private IdKName duke;","lastModifiedDate":"2025-08-27T13:34:14","isFullCredit":false},{"lineNumber":30,"author":{"gitId":"-"},"content":"","lastModifiedDate":"2025-08-27T13:34:14","isFullCredit":false},{"lineNumber":31,"author":{"gitId":"-"},"content":"    private Image userImage \u003d new Image(this.getClass().getResourceAsStream(\"/images/DaUser.png\"));","lastModifiedDate":"2025-08-27T13:34:14","isFullCredit":false},{"lineNumber":32,"author":{"gitId":"-"},"content":"    private Image dukeImage \u003d new Image(this.getClass().getResourceAsStream(\"/images/DaDuke.png\"));","lastModifiedDate":"2025-08-27T13:34:14","isFullCredit":false},{"lineNumber":33,"author":{"gitId":"-"},"content":"","lastModifiedDate":"2025-08-27T13:34:14","isFullCredit":false},{"lineNumber":34,"author":{"gitId":"-"},"content":"    /**","lastModifiedDate":"2025-09-04T18:00:17","isFullCredit":false},{"lineNumber":35,"author":{"gitId":"-"},"content":"     * Initializes the main window.","lastModifiedDate":"2025-09-04T18:00:17","isFullCredit":false},{"lineNumber":36,"author":{"gitId":"-"},"content":"     * Ensures the scroll pane auto-scrolls to the bottom when new dialogs are added.","lastModifiedDate":"2025-09-04T18:00:17","isFullCredit":false},{"lineNumber":37,"author":{"gitId":"-"},"content":"     */","lastModifiedDate":"2025-09-04T18:00:17","isFullCredit":false},{"lineNumber":38,"author":{"gitId":"-"},"content":"    @FXML","lastModifiedDate":"2025-08-27T13:34:14","isFullCredit":false},{"lineNumber":39,"author":{"gitId":"-"},"content":"    public void initialize() {","lastModifiedDate":"2025-08-27T13:34:14","isFullCredit":false},{"lineNumber":40,"author":{"gitId":"-"},"content":"        assert scrollPane !\u003d null : \"FXML \u0027scrollPane\u0027 not injected\";","lastModifiedDate":"2025-09-04T18:56:21","isFullCredit":false},{"lineNumber":41,"author":{"gitId":"-"},"content":"        assert dialogContainer !\u003d null : \"FXML \u0027dialogContainer\u0027 not injected\";","lastModifiedDate":"2025-09-04T18:56:21","isFullCredit":false},{"lineNumber":42,"author":{"gitId":"-"},"content":"        assert userInput !\u003d null : \"FXML \u0027userInput\u0027 not injected\";","lastModifiedDate":"2025-09-04T18:56:21","isFullCredit":false},{"lineNumber":43,"author":{"gitId":"-"},"content":"        assert sendButton !\u003d null : \"FXML \u0027sendButton\u0027 not injected\";","lastModifiedDate":"2025-09-04T18:56:21","isFullCredit":false},{"lineNumber":44,"author":{"gitId":"-"},"content":"","lastModifiedDate":"2025-09-04T18:56:21","isFullCredit":false},{"lineNumber":45,"author":{"gitId":"-"},"content":"        scrollPane.vvalueProperty().bind(dialogContainer.heightProperty());","lastModifiedDate":"2025-08-27T13:34:14","isFullCredit":false},{"lineNumber":46,"author":{"gitId":"-"},"content":"    }","lastModifiedDate":"2025-08-27T13:34:14","isFullCredit":false},{"lineNumber":47,"author":{"gitId":"-"},"content":"","lastModifiedDate":"2025-08-27T13:34:14","isFullCredit":false},{"lineNumber":48,"author":{"gitId":"-"},"content":"    /** Injects the Duke instance */","lastModifiedDate":"2025-08-27T13:34:14","isFullCredit":false},{"lineNumber":49,"author":{"gitId":"-"},"content":"    public void setDuke(IdKName d) {","lastModifiedDate":"2025-08-27T13:34:14","isFullCredit":false},{"lineNumber":50,"author":{"gitId":"-"},"content":"        assert d !\u003d null : \"Injected Duke instance must not be null\";","lastModifiedDate":"2025-09-04T18:56:21","isFullCredit":false},{"lineNumber":51,"author":{"gitId":"-"},"content":"        duke \u003d d;","lastModifiedDate":"2025-08-27T13:34:14","isFullCredit":false},{"lineNumber":52,"author":{"gitId":"-"},"content":"    }","lastModifiedDate":"2025-08-27T13:34:14","isFullCredit":false},{"lineNumber":53,"author":{"gitId":"-"},"content":"","lastModifiedDate":"2025-08-27T13:34:14","isFullCredit":false},{"lineNumber":54,"author":{"gitId":"-"},"content":"    /**","lastModifiedDate":"2025-08-27T13:34:14","isFullCredit":false},{"lineNumber":55,"author":{"gitId":"-"},"content":"     * Creates two dialog boxes, one echoing user input and the other containing Duke\u0027s reply and then appends them to","lastModifiedDate":"2025-08-27T13:34:14","isFullCredit":false},{"lineNumber":56,"author":{"gitId":"-"},"content":"     * the dialog container. Clears the user input after processing.","lastModifiedDate":"2025-08-27T13:34:14","isFullCredit":false},{"lineNumber":57,"author":{"gitId":"-"},"content":"     */","lastModifiedDate":"2025-08-27T13:34:14","isFullCredit":false},{"lineNumber":58,"author":{"gitId":"-"},"content":"    @FXML","lastModifiedDate":"2025-08-27T13:34:14","isFullCredit":false},{"lineNumber":59,"author":{"gitId":"-"},"content":"    private void handleUserInput() {","lastModifiedDate":"2025-08-27T13:34:14","isFullCredit":false},{"lineNumber":60,"author":{"gitId":"-"},"content":"        assert duke !\u003d null : \"Duke instance not set; call setDuke() before use\";","lastModifiedDate":"2025-09-04T18:56:21","isFullCredit":false},{"lineNumber":61,"author":{"gitId":"-"},"content":"        assert dialogContainer !\u003d null : \"dialogContainer not available\";","lastModifiedDate":"2025-09-04T18:56:21","isFullCredit":false},{"lineNumber":62,"author":{"gitId":"-"},"content":"","lastModifiedDate":"2025-09-04T18:56:21","isFullCredit":false},{"lineNumber":63,"author":{"gitId":"-"},"content":"        String input \u003d userInput.getText();","lastModifiedDate":"2025-08-27T13:34:14","isFullCredit":false},{"lineNumber":64,"author":{"gitId":"-"},"content":"        if (input \u003d\u003d null || input.isBlank()) {","lastModifiedDate":"2025-09-12T15:10:45","isFullCredit":false},{"lineNumber":65,"author":{"gitId":"-"},"content":"            return;","lastModifiedDate":"2025-09-12T15:10:45","isFullCredit":false},{"lineNumber":66,"author":{"gitId":"-"},"content":"        }","lastModifiedDate":"2025-09-12T15:10:45","isFullCredit":false},{"lineNumber":67,"author":{"gitId":"-"},"content":"        String response \u003d duke.getResponse(input);","lastModifiedDate":"2025-08-27T13:34:14","isFullCredit":false},{"lineNumber":68,"author":{"gitId":"-"},"content":"        dialogContainer.getChildren().addAll(","lastModifiedDate":"2025-08-27T13:34:14","isFullCredit":false},{"lineNumber":69,"author":{"gitId":"-"},"content":"                DialogBox.getUserDialog(input, userImage),","lastModifiedDate":"2025-08-27T13:34:14","isFullCredit":false},{"lineNumber":70,"author":{"gitId":"-"},"content":"                DialogBox.getDukeDialog(response, dukeImage)","lastModifiedDate":"2025-08-27T13:34:14","isFullCredit":false},{"lineNumber":71,"author":{"gitId":"-"},"content":"        );","lastModifiedDate":"2025-08-27T13:34:14","isFullCredit":false},{"lineNumber":72,"author":{"gitId":"-"},"content":"        userInput.clear();","lastModifiedDate":"2025-08-27T13:34:14","isFullCredit":false},{"lineNumber":73,"author":{"gitId":"-"},"content":"        if (input.trim().equalsIgnoreCase(\"bye\")) {","lastModifiedDate":"2025-08-27T13:34:14","isFullCredit":false},{"lineNumber":74,"author":{"gitId":"-"},"content":"            // Save before closing","lastModifiedDate":"2025-09-04T23:32:39","isFullCredit":false},{"lineNumber":75,"author":{"gitId":"-"},"content":"            try {","lastModifiedDate":"2025-09-04T23:32:39","isFullCredit":false},{"lineNumber":76,"author":{"gitId":"-"},"content":"                duke.persistOnExit(); // Save the data","lastModifiedDate":"2025-09-04T23:32:39","isFullCredit":false},{"lineNumber":77,"author":{"gitId":"-"},"content":"            } catch (IOException e) {","lastModifiedDate":"2025-09-04T23:32:39","isFullCredit":false},{"lineNumber":78,"author":{"gitId":"-"},"content":"                dialogContainer.getChildren().add(","lastModifiedDate":"2025-08-27T13:34:14","isFullCredit":false},{"lineNumber":79,"author":{"gitId":"-"},"content":"                        DialogBox.getDukeDialog(\"Error saving: \" + e.getMessage(), dukeImage)","lastModifiedDate":"2025-09-04T23:32:39","isFullCredit":false},{"lineNumber":80,"author":{"gitId":"-"},"content":"                );","lastModifiedDate":"2025-08-27T13:34:14","isFullCredit":false},{"lineNumber":81,"author":{"gitId":"-"},"content":"            }","lastModifiedDate":"2025-08-27T13:34:14","isFullCredit":false},{"lineNumber":82,"author":{"gitId":"-"},"content":"","lastModifiedDate":"2025-08-27T13:34:14","isFullCredit":false},{"lineNumber":83,"author":{"gitId":"-"},"content":"            // Then close the window","lastModifiedDate":"2025-09-04T23:32:39","isFullCredit":false},{"lineNumber":84,"author":{"gitId":"-"},"content":"            Stage stage \u003d (Stage) dialogContainer.getScene().getWindow();","lastModifiedDate":"2025-08-27T13:34:14","isFullCredit":false},{"lineNumber":85,"author":{"gitId":"-"},"content":"            stage.close();","lastModifiedDate":"2025-08-27T13:34:14","isFullCredit":false},{"lineNumber":86,"author":{"gitId":"-"},"content":"        }","lastModifiedDate":"2025-08-27T13:34:14","isFullCredit":false},{"lineNumber":87,"author":{"gitId":"-"},"content":"    }","lastModifiedDate":"2025-08-27T13:34:14","isFullCredit":false},{"lineNumber":88,"author":{"gitId":"-"},"content":"","lastModifiedDate":"2025-08-27T13:34:14","isFullCredit":false},{"lineNumber":89,"author":{"gitId":"-"},"content":"    /**","lastModifiedDate":"2025-08-28T13:32:14","isFullCredit":false},{"lineNumber":90,"author":{"gitId":"-"},"content":"     * Appends a dialog box containing the bot\u0027s response text","lastModifiedDate":"2025-08-28T13:32:14","isFullCredit":false},{"lineNumber":91,"author":{"gitId":"-"},"content":"     * to the dialog container in the UI.","lastModifiedDate":"2025-08-28T13:32:14","isFullCredit":false},{"lineNumber":92,"author":{"gitId":"-"},"content":"     *","lastModifiedDate":"2025-08-28T13:32:14","isFullCredit":false},{"lineNumber":93,"author":{"gitId":"-"},"content":"     * @param text the response text to be displayed in the dialog box","lastModifiedDate":"2025-08-28T13:32:14","isFullCredit":false},{"lineNumber":94,"author":{"gitId":"-"},"content":"     */","lastModifiedDate":"2025-08-28T13:32:14","isFullCredit":false},{"lineNumber":95,"author":{"gitId":"-"},"content":"    public void appendBot(String text) {","lastModifiedDate":"2025-08-27T13:34:14","isFullCredit":false},{"lineNumber":96,"author":{"gitId":"-"},"content":"        assert duke !\u003d null : \"Duke instance not set; call setDuke() before use\";","lastModifiedDate":"2025-09-04T18:56:21","isFullCredit":false},{"lineNumber":97,"author":{"gitId":"-"},"content":"        assert dialogContainer !\u003d null : \"dialogContainer not available\";","lastModifiedDate":"2025-09-04T18:56:21","isFullCredit":false},{"lineNumber":98,"author":{"gitId":"-"},"content":"","lastModifiedDate":"2025-09-04T18:56:21","isFullCredit":false},{"lineNumber":99,"author":{"gitId":"-"},"content":"        dialogContainer.getChildren().add(","lastModifiedDate":"2025-08-27T13:34:14","isFullCredit":false},{"lineNumber":100,"author":{"gitId":"-"},"content":"                DialogBox.getDukeDialog(text, dukeImage)","lastModifiedDate":"2025-08-27T13:34:14","isFullCredit":false},{"lineNumber":101,"author":{"gitId":"-"},"content":"        );","lastModifiedDate":"2025-08-27T13:34:14","isFullCredit":false},{"lineNumber":102,"author":{"gitId":"-"},"content":"    }","lastModifiedDate":"2025-08-27T13:34:14","isFullCredit":false},{"lineNumber":103,"author":{"gitId":"-"},"content":"}","lastModifiedDate":"2025-08-27T13:34:14","isFullCredit":false}],"authorContributionMap":{"Melvilleleesy":2,"-":101}}]
