{"authorDailyContributionsMap":{"Melvilleleesy":[{"date":"2026-01-14T00:00:00","commitResults":[{"hash":"2348c5a9bf92c89e892371fb8c4d57de793c8f45","isMergeCommit":false,"messageTitle":"Level 0: Rename, Greet, Exit","messageBody":"","fileTypesAndContributionMap":{"java":{"insertions":22,"deletions":10},"bat":{"insertions":1,"deletions":1},"md":{"insertions":2,"deletions":2}}},{"hash":"d35d8913c5a99232fd6736bb21ab8c57b284978f","isMergeCommit":false,"messageTitle":"Level 1: Echo","messageBody":"","fileTypesAndContributionMap":{"java":{"insertions":27,"deletions":4}}},{"hash":"f0c0906aadf1ed4ee2f90910be55166db5221770","isMergeCommit":false,"messageTitle":"Level 2: Add, List","messageBody":"","tags":["Level-2"],"fileTypesAndContributionMap":{"java":{"insertions":19,"deletions":3}}},{"hash":"b5f5c54369d384155c5689de55003cf4d6ca3d6e","isMergeCommit":false,"messageTitle":"Level 3: Mark as Done","messageBody":"","fileTypesAndContributionMap":{"java":{"insertions":67,"deletions":14}}},{"hash":"eee6ccae53e2b0daf7f607172d084523005876d5","isMergeCommit":false,"messageTitle":"Level 4: ToDos, Events, Deadlines","messageBody":"","fileTypesAndContributionMap":{"java":{"insertions":83,"deletions":15}}},{"hash":"f0465a2aa1bd7d586d0a2cf30afa75ca4407ba71","isMergeCommit":false,"messageTitle":"Level 4.1: Added a main class","messageBody":"","fileTypesAndContributionMap":{"java":{"insertions":11,"deletions":6},"bat":{"insertions":1,"deletions":1}}},{"hash":"f0c69d86ff307288a3aec8fb68c65590745f5748","isMergeCommit":false,"messageTitle":"Level 4.2: A-TextUiTesting","messageBody":"","fileTypesAndContributionMap":{"txt":{"insertions":8,"deletions":0},"bat":{"insertions":2,"deletions":2}}},{"hash":"ccc3b59d19f9ac3fbcd2ca78dfe427d57909dfe2","isMergeCommit":false,"messageTitle":"Level 5: Handle Errors","messageBody":"","fileTypesAndContributionMap":{"java":{"insertions":47,"deletions":30}}},{"hash":"52ad47f7443063136a7e426b78be62db73017de6","isMergeCommit":false,"messageTitle":"Level 6: Delete","messageBody":"","fileTypesAndContributionMap":{"java":{"insertions":31,"deletions":25}}},{"hash":"8c7ab35d3bac52e6a6a7b60c9b499fc9aab88d19","isMergeCommit":false,"messageTitle":"Level 6.1: Update and cleaned code","messageBody":"","fileTypesAndContributionMap":{"java":{"insertions":84,"deletions":82}}}]}]},"authorFileTypeContributionMap":{"Melvilleleesy":{"java":0,"md":0,"fxml":0,"sh":0,"bat":0,"gradle":0,"txt":0}},"authorContributionVariance":{"Melvilleleesy":50000.0},"authorDisplayNameMap":{"Melvilleleesy":"MELV..YUAN"}}
