{"authorDailyContributionsMap":{"evananann":[{"date":"2026-01-22T00:00:00","commitResults":[{"hash":"b7e03c215ed6bf003db02da49d1b6c91a45d2d18","isMergeCommit":false,"messageTitle":"Level-0 done","messageBody":"","tags":["Level-0"],"fileTypesAndContributionMap":{"java":{"insertions":0,"deletions":0}}},{"hash":"358c4bc016df9aad7d0dc0f8a49ec63e14f07326","isMergeCommit":false,"messageTitle":"a","messageBody":"modified:   src/main/java/DOG.java\n","fileTypesAndContributionMap":{"java":{"insertions":10,"deletions":7}}},{"hash":"a3dd4a8cec8a33e84e1d8370e12680a9e5f9311c","isMergeCommit":false,"messageTitle":"Level-1 done","messageBody":"","tags":["Level-1"],"fileTypesAndContributionMap":{"java":{"insertions":20,"deletions":1}}}]},{"date":"2026-01-23T00:00:00","commitResults":[{"hash":"00a730484c7255ab0c0813ffd95cfea08f03b37f","isMergeCommit":false,"messageTitle":"Implement Level-2: Add, List","messageBody":"","tags":["Level-2"],"fileTypesAndContributionMap":{"java":{"insertions":24,"deletions":13}}},{"hash":"3002605bbf84f48a1d2666ee7be0e439ca4cf23c","isMergeCommit":false,"messageTitle":"Implement Level-3: Mark as Done","messageBody":"","tags":["Level-3"],"fileTypesAndContributionMap":{"java":{"insertions":0,"deletions":0}}},{"hash":"99b22ed2e9f3472f691d9649c5471104f3df38bf","isMergeCommit":false,"messageTitle":"Implement Level-4: ToDos, Events, Deadlines","messageBody":"","tags":["Level-4"],"fileTypesAndContributionMap":{"java":{"insertions":0,"deletions":0}}},{"hash":"616b2006dd8ae2b6ca2440b8b64499316b079fed","isMergeCommit":false,"messageTitle":"Implement A-TextUiTesting","messageBody":"","tags":["A-TextUiTesting"],"fileTypesAndContributionMap":{"txt":{"insertions":18,"deletions":0},"java":{"insertions":97,"deletions":22},"bat":{"insertions":1,"deletions":1},"sh":{"insertions":1,"deletions":1}}},{"hash":"46e29094e64aefe51394a8affe1ad318a6bc8ff2","isMergeCommit":false,"messageTitle":"Implement Level-5: Handle Errors","messageBody":"","tags":["Level-5"],"fileTypesAndContributionMap":{"java":{"insertions":40,"deletions":34}}},{"hash":"07e3c0ca5e50b4be64c604c6452286eeeeafb7bb","isMergeCommit":false,"messageTitle":"Implement Level-6: Delete","messageBody":"","tags":["Level-6"],"fileTypesAndContributionMap":{"java":{"insertions":52,"deletions":37}}}]},{"date":"2026-01-30T00:00:00","commitResults":[{"hash":"91c554b2148eb64bf65b9338dc0c25c2f710c057","isMergeCommit":false,"messageTitle":"Implement Level-7: Save","messageBody":"","fileTypesAndContributionMap":{"txt":{"insertions":1,"deletions":0},"java":{"insertions":85,"deletions":3}}},{"hash":"87d2852ee23b713ec2353f604162fbee2b868604","isMergeCommit":true,"messageTitle":"Merge branch \u0027branch-Level-7\u0027","messageBody":"","tags":["Level-7"],"fileTypesAndContributionMap":{}},{"hash":"a62d0be9af63af88e873cd09c3f1f2930dfcde40","isMergeCommit":false,"messageTitle":"Implement Level-8: Dates and Times","messageBody":"","fileTypesAndContributionMap":{"java":{"insertions":23,"deletions":7}}},{"hash":"685fc80ac4301377e8ada227318022f766221e00","isMergeCommit":true,"messageTitle":"Merge branch \u0027branch-Level-8\u0027","messageBody":"","tags":["Level-8"],"fileTypesAndContributionMap":{}}]},{"date":"2026-02-01T00:00:00","commitResults":[{"hash":"83d158ae9dad219f25cbcd0a5beec6d64d5b9465","isMergeCommit":false,"messageTitle":"Implement: A-MoreOOP","messageBody":"","tags":["A-MoreOOP"],"fileTypesAndContributionMap":{"java":{"insertions":335,"deletions":131}}},{"hash":"8a737793b3410533a4f0af75c9acfdf436587917","isMergeCommit":false,"messageTitle":"Implement A-Packages","messageBody":"","tags":["A-Packages"],"fileTypesAndContributionMap":{"txt":{"insertions":12,"deletions":0},"java":{"insertions":17,"deletions":3}}},{"hash":"aeb4d13a9099b0d58adf8d7f5c28501ed9905a64","isMergeCommit":true,"messageTitle":"Merge branch \u0027add-gradle-support\u0027","messageBody":"","fileTypesAndContributionMap":{}},{"hash":"4e577de24ee85445c9e1f50c8e71bfca523680f3","isMergeCommit":false,"messageTitle":"Implement: A-Gradle","messageBody":"","tags":["A-Gradle"],"fileTypesAndContributionMap":{"gradle":{"insertions":2,"deletions":2},"txt":{"insertions":1,"deletions":0}}},{"hash":"7a8ab74505ed667523f2306b96208b57dbb9abf3","isMergeCommit":false,"messageTitle":"Implement: A-JUnit","messageBody":"","tags":["Level-9","A-Jar","A-JUnit"],"fileTypesAndContributionMap":{"java":{"insertions":16,"deletions":0}}}]},{"date":"2026-02-02T00:00:00","commitResults":[{"hash":"482bf095d21bab34f2115279354d816b915504ad","isMergeCommit":false,"messageTitle":"Added JavaDoc comments","messageBody":"","fileTypesAndContributionMap":{"txt":{"insertions":0,"deletions":1},"java":{"insertions":167,"deletions":8}}},{"hash":"f125f1e13c29fdb9982ed8be3ef45f2e4402ae31","isMergeCommit":false,"messageTitle":"Add JavaDoc comments","messageBody":"","fileTypesAndContributionMap":{"txt":{"insertions":0,"deletions":1},"java":{"insertions":167,"deletions":8}}},{"hash":"ce9cf40f10f359bf68559aa3e8b55f44e7f44870","isMergeCommit":false,"messageTitle":"Implement Level-9","messageBody":"","fileTypesAndContributionMap":{"java":{"insertions":15,"deletions":0}}},{"hash":"32e7238ac34780a515ffc7f709dea0fe9b7ba1d3","isMergeCommit":false,"messageTitle":"Implement Level-9","messageBody":"","fileTypesAndContributionMap":{"gradle":{"insertions":1,"deletions":1},"java":{"insertions":29,"deletions":13}}},{"hash":"b7bfb6a445c24302654f8017e85d6a90a897b2ae","isMergeCommit":true,"messageTitle":"Merge branch-A-JavaDoc","messageBody":"","tags":["A-JavaDoc","A-CodingStandard"],"fileTypesAndContributionMap":{}},{"hash":"5dfe737856aeccfa93a6883a2d6c7e6d8f5cc2e8","isMergeCommit":false,"messageTitle":"Fix file renaming bugs","messageBody":"","fileTypesAndContributionMap":{"txt":{"insertions":5,"deletions":0},"java":{"insertions":98,"deletions":8}}},{"hash":"35cbd6f34b8c43addf823012758ba71687edf70f","isMergeCommit":false,"messageTitle":"Implement Level-9","messageBody":"","fileTypesAndContributionMap":{"java":{"insertions":5,"deletions":5}}},{"hash":"04265e9f811fcdb8000fa5e3d20a6130b2d2c515","isMergeCommit":true,"messageTitle":"Merge branch-Level-9","messageBody":"","fileTypesAndContributionMap":{}},{"hash":"fe3cfb58d816b60ac3a4925fad678555114d721b","isMergeCommit":false,"messageTitle":"Adjust A-CodingStandard","messageBody":"","fileTypesAndContributionMap":{"java":{"insertions":5,"deletions":5}}},{"hash":"161a6e561a14d2b487ccd0cd861c08fa129b3e88","isMergeCommit":true,"messageTitle":"Merge branch-A-CodingStandard","messageBody":"","fileTypesAndContributionMap":{}}]},{"date":"2026-02-03T00:00:00","commitResults":[{"hash":"df68267d390cfac24121b00e3782541be18c8095","isMergeCommit":true,"messageTitle":"Merge branch-A-JavaDoc","messageBody":"","fileTypesAndContributionMap":{}},{"hash":"bb1bd9a6181081a30b0bb87c46cb75e1b49baaf7","isMergeCommit":false,"messageTitle":"A-Checkstyle@","messageBody":"","tags":["A-CheckStyle"],"fileTypesAndContributionMap":{"gradle":{"insertions":5,"deletions":0},"java":{"insertions":27,"deletions":6}}}]},{"date":"2026-02-04T00:00:00","commitResults":[{"hash":"7e7a06e0440c7874b606ed22567c1406bd72a60d","isMergeCommit":false,"messageTitle":"Implement Level-10","messageBody":"","tags":["Level-10"],"fileTypesAndContributionMap":{"gradle":{"insertions":15,"deletions":1},"txt":{"insertions":1,"deletions":8},"fxml":{"insertions":44,"deletions":0},"java":{"insertions":211,"deletions":0}}}]},{"date":"2026-02-13T00:00:00","commitResults":[{"hash":"bf9368a93ce5f09bf169a43f4c67199600229e61","isMergeCommit":false,"messageTitle":"Add assertions for internal invariants","messageBody":"Add assertion checks in Parser/TaskList/Storage to document developer assumptions and catch inconsistent states early\n","tags":["A-FullCommitMessage","A-Assertions"],"fileTypesAndContributionMap":{"txt":{"insertions":2,"deletions":1},"java":{"insertions":18,"deletions":0}}},{"hash":"03a442a32121c9a533ff58ccd4c789b39b0db3ad","isMergeCommit":false,"messageTitle":"Improve code quality in classes","messageBody":"Refactored long methods and reduce method redundancies to enhance readability and maintainability\n","tags":["A-CodeQuality"],"fileTypesAndContributionMap":{"gradle":{"insertions":1,"deletions":0},"java":{"insertions":181,"deletions":163}}},{"hash":"2247d98ee95fd8ff04782a3c5321f36d7b6a7f71","isMergeCommit":true,"messageTitle":"Merge pull request #1 from evananann/branch-A-Assertions","messageBody":"Add assertions for internal invariants","fileTypesAndContributionMap":{}},{"hash":"238ce61c7894bfa6e068d7f9010e9e104b934e6b","isMergeCommit":true,"messageTitle":"Merge master into branch-A-CodeQuality and resolve conflicts","messageBody":"","fileTypesAndContributionMap":{}},{"hash":"a7c3bddd534dbc88a1cd598831e25c50f68ec685","isMergeCommit":true,"messageTitle":"Merge pull request #2 from evananann/branch-A-CodeQuality","messageBody":"Improve code quality in classes","fileTypesAndContributionMap":{}}]},{"date":"2026-02-20T00:00:00","commitResults":[{"hash":"b290005c37bef07ee58f32efcaa05e2571815290","isMergeCommit":false,"messageTitle":"Add support for tagging tasks","messageBody":"Users can now add tags to their tasks to help with their categorisation purposes\n","tags":["BCD-Extension"],"fileTypesAndContributionMap":{"java":{"insertions":103,"deletions":36}}}]}]},"authorFileTypeContributionMap":{"evananann":{"java":1001,"md":0,"fxml":44,"sh":1,"bat":1,"gradle":22,"txt":33}},"authorContributionVariance":{"evananann":18515.814},"authorDisplayNameMap":{"evananann":"CS2103T-T17-2 NG X..EVAN"}}
