{"authorDailyContributionsMap":{"Jaejun02":[{"date":"2026-01-18T00:00:00","commitResults":[{"hash":"70d1b0eef64b6b962a1ad5107932a233d7a4770f","isMergeCommit":false,"messageTitle":"refactor: Rename Duke to Elyra (code, docs, scripts)","messageBody":"","fileTypesAndContributionMap":{"java":{"insertions":1,"deletions":1},"bat":{"insertions":1,"deletions":1},"sh":{"insertions":1,"deletions":1},"md":{"insertions":3,"deletions":3}}}]},{"date":"2026-01-20T00:00:00","commitResults":[{"hash":"83144c451ef0a09c91f21e0e8056e2d6419cf912","isMergeCommit":false,"messageTitle":"feat: Implement initial chatbot greeting and exit flow","messageBody":"","tags":["Level-0"],"fileTypesAndContributionMap":{"java":{"insertions":21,"deletions":6}}},{"hash":"5cd5b932d2bbd95898c6cf3b9e1e98de2b58d769","isMergeCommit":false,"messageTitle":"feat: Add Ui class for formatting chatbot messages","messageBody":"","fileTypesAndContributionMap":{"java":{"insertions":36,"deletions":0}}},{"hash":"bb6e8934f4cb5a759fb8cf2de1ba51871f408fe4","isMergeCommit":false,"messageTitle":"feat: Implement echo user input and exit command function in chatbot","messageBody":"","tags":["Level-1"],"fileTypesAndContributionMap":{"java":{"insertions":15,"deletions":8}}},{"hash":"2339b52689aac04a834cd873ae22a8a81fe7c2c4","isMergeCommit":false,"messageTitle":"feat: Implement user inputs saving and listing function in chatbot","messageBody":"","fileTypesAndContributionMap":{"java":{"insertions":10,"deletions":1}}},{"hash":"1ebc2158e729e9b3841eec93ef904538a8a20495","isMergeCommit":false,"messageTitle":"refactor: Implement execute method to handle different commands","messageBody":"","tags":["Level-2","A-Enums"],"fileTypesAndContributionMap":{"java":{"insertions":34,"deletions":10}}}]},{"date":"2026-01-21T00:00:00","commitResults":[{"hash":"1b9871682c8d743b2b7cc98cdc6b40e7bb4c162c","isMergeCommit":false,"messageTitle":"refactor: Completely delegate output formatting to Ui class","messageBody":"","fileTypesAndContributionMap":{"java":{"insertions":19,"deletions":10}}},{"hash":"31ece5f6c3619b12384a8df4c42788abaabac4e4","isMergeCommit":false,"messageTitle":"feat: Add dedicated Task and TaskList class and replace userInputs","messageBody":"","fileTypesAndContributionMap":{"java":{"insertions":55,"deletions":12}}},{"hash":"4ac8e01f6e536071481badc542fb3c69b761f181","isMergeCommit":false,"messageTitle":"feat: Added mark and unmark command and Parser class for command parsing","messageBody":"","tags":["Level-3"],"fileTypesAndContributionMap":{"java":{"insertions":133,"deletions":6}}}]},{"date":"2026-01-22T00:00:00","commitResults":[{"hash":"44b06254bbc045be9d166358ea9186eebdc7c0d8","isMergeCommit":false,"messageTitle":"refactor: for markTask and unmarkTask to use getTask for index validation","messageBody":"","fileTypesAndContributionMap":{"java":{"insertions":4,"deletions":6}}},{"hash":"ada331a2ae9ce768f618a38e05b4e31d4cb59c5b","isMergeCommit":false,"messageTitle":"refactor: Replace generic command wrapper with executable command classes","messageBody":"","fileTypesAndContributionMap":{"java":{"insertions":80,"deletions":59}}},{"hash":"02a61fbcaf92b0bc1af239f7e5913838f1d74d9a","isMergeCommit":false,"messageTitle":"feat: Add in new types of tasks - ToDo, Deadline, Event","messageBody":"","fileTypesAndContributionMap":{"java":{"insertions":135,"deletions":8}}},{"hash":"7bff5fe1f6b8d1ae5013f5323bc16dbbaefc1f1d","isMergeCommit":false,"messageTitle":"refactor: Enhance the add confirmation message of Ui","messageBody":"","tags":["Level-4"],"fileTypesAndContributionMap":{"java":{"insertions":7,"deletions":5}}},{"hash":"a320f54006442b0686199e75026a5fc9285999bb","isMergeCommit":false,"messageTitle":"refactor: Reorganize project structure into domain-based packages","messageBody":"","fileTypesAndContributionMap":{"java":{"insertions":78,"deletions":3}}},{"hash":"f35aba6678fd9a25e0c15d4da768c0412e270aaa","isMergeCommit":false,"messageTitle":"test: Add input and EXPECTED file for semi-automated test for all commands","messageBody":"","tags":["A-TextUiTesting"],"fileTypesAndContributionMap":{"txt":{"insertions":11,"deletions":0}}},{"hash":"46f6b43b36d4d09e3f80ae0ceab027890beef08d","isMergeCommit":false,"messageTitle":"refactor: Delete unused self-defined exception classes","messageBody":"","fileTypesAndContributionMap":{"java":{"insertions":0,"deletions":14}}},{"hash":"b61375b303da609460191aac852a89dd56ebe4f0","isMergeCommit":false,"messageTitle":"feat: Add error handling mechanism","messageBody":"","tags":["Level-5"],"fileTypesAndContributionMap":{"java":{"insertions":31,"deletions":30}}},{"hash":"19ca456b6e5be0afce0e442916e6c71f0c38286d","isMergeCommit":false,"messageTitle":"test: Add in test cases for error handling","messageBody":"","fileTypesAndContributionMap":{"txt":{"insertions":11,"deletions":1}}},{"hash":"44a9fbfd3b9dcee550bb95b0de4373273d7e5977","isMergeCommit":false,"messageTitle":"feat: Add delete command and its exception handling","messageBody":"","tags":["Level-6"],"fileTypesAndContributionMap":{"java":{"insertions":48,"deletions":0}}},{"hash":"5398b43f2965dce8172a6d4586a111b20f68872e","isMergeCommit":false,"messageTitle":"refactor: Add ui package for consistency","messageBody":"","fileTypesAndContributionMap":{"java":{"insertions":3,"deletions":2}}},{"hash":"915f25ceb319f6802a62fc9338824e7254dc9ec9","isMergeCommit":false,"messageTitle":"test: Add tests for delete command and its exception","messageBody":"","fileTypesAndContributionMap":{"txt":{"insertions":3,"deletions":0}}}]},{"date":"2026-01-27T00:00:00","commitResults":[{"hash":"bfd7fa53b806f22e953792866b091f90c90d090c","isMergeCommit":false,"messageTitle":"refactor: Combine Elyra and elyra.Chatbot into one class","messageBody":"","fileTypesAndContributionMap":{"java":{"insertions":6,"deletions":14},"bat":{"insertions":2,"deletions":2}}},{"hash":"1a6af2096308c732b46e2b9a30b5c0f2cd4648df","isMergeCommit":false,"messageTitle":"feat: Add load tasks from hardware support for Elyra","messageBody":"","fileTypesAndContributionMap":{"java":{"insertions":147,"deletions":4}}}]},{"date":"2026-01-28T00:00:00","commitResults":[{"hash":"9afb99200815f34346069479c8c5f7b3b704f0ec","isMergeCommit":false,"messageTitle":"feat: Add save tasks to hardware support for Elyra","messageBody":"","fileTypesAndContributionMap":{"java":{"insertions":56,"deletions":2}}},{"hash":"2011d103e65cf09c6fd6fbbc61f3cf30f7738b15","isMergeCommit":false,"messageTitle":"feat: Add protection against user inputting delimiter used by Storage","messageBody":"","fileTypesAndContributionMap":{"java":{"insertions":11,"deletions":0}}},{"hash":"4f80d82ddfe6ad450963aa78bf722ddefa120efc","isMergeCommit":true,"messageTitle":"Merge branch \u0027branch-Level-7\u0027","messageBody":"","tags":["Level-7"],"fileTypesAndContributionMap":{}}]}]},"authorFileTypeContributionMap":{"Jaejun02":{"java":739,"md":3,"fxml":0,"sh":1,"bat":2,"gradle":0,"txt":24}},"authorContributionVariance":{"Jaejun02":16629.746},"authorDisplayNameMap":{"Jaejun02":"SHIM..EJUN"}}
