[{"path":"docs/README.md","fileType":"md","lines":[{"lineNumber":1,"author":{"gitId":"David-The-Programmer"},"content":"# Atom User Guide","lastModifiedDate":"2026-01-17T13:37:24","isFullCredit":false},{"lineNumber":2,"author":{"gitId":"-"},"content":"","lastModifiedDate":"2019-07-29T17:14:46","isFullCredit":false},{"lineNumber":3,"author":{"gitId":"-"},"content":"// Update the title above to match the actual product name","lastModifiedDate":"2024-01-07T18:33:52","isFullCredit":false},{"lineNumber":4,"author":{"gitId":"-"},"content":"","lastModifiedDate":"2019-07-29T17:14:46","isFullCredit":false},{"lineNumber":5,"author":{"gitId":"-"},"content":"// Product screenshot goes here","lastModifiedDate":"2024-01-07T18:33:52","isFullCredit":false},{"lineNumber":6,"author":{"gitId":"-"},"content":"","lastModifiedDate":"2021-07-17T16:49:07","isFullCredit":false},{"lineNumber":7,"author":{"gitId":"-"},"content":"// Product intro goes here","lastModifiedDate":"2024-01-07T18:33:52","isFullCredit":false},{"lineNumber":8,"author":{"gitId":"-"},"content":"","lastModifiedDate":"2021-07-17T16:49:07","isFullCredit":false},{"lineNumber":9,"author":{"gitId":"-"},"content":"## Adding deadlines","lastModifiedDate":"2024-01-07T18:33:52","isFullCredit":false},{"lineNumber":10,"author":{"gitId":"-"},"content":"","lastModifiedDate":"2021-07-17T16:49:07","isFullCredit":false},{"lineNumber":11,"author":{"gitId":"-"},"content":"// Describe the action and its outcome.","lastModifiedDate":"2024-01-07T18:33:52","isFullCredit":false},{"lineNumber":12,"author":{"gitId":"-"},"content":"","lastModifiedDate":"2019-07-29T17:14:46","isFullCredit":false},{"lineNumber":13,"author":{"gitId":"-"},"content":"// Give examples of usage","lastModifiedDate":"2024-01-07T18:33:52","isFullCredit":false},{"lineNumber":14,"author":{"gitId":"-"},"content":"","lastModifiedDate":"2019-07-29T17:14:46","isFullCredit":false},{"lineNumber":15,"author":{"gitId":"-"},"content":"Example: `keyword (optional arguments)`","lastModifiedDate":"2024-01-07T18:33:52","isFullCredit":false},{"lineNumber":16,"author":{"gitId":"-"},"content":"","lastModifiedDate":"2019-07-29T17:14:46","isFullCredit":false},{"lineNumber":17,"author":{"gitId":"-"},"content":"// A description of the expected outcome goes here","lastModifiedDate":"2024-01-07T18:33:52","isFullCredit":false},{"lineNumber":18,"author":{"gitId":"-"},"content":"","lastModifiedDate":"2019-07-29T17:14:46","isFullCredit":false},{"lineNumber":19,"author":{"gitId":"-"},"content":"```","lastModifiedDate":"2024-01-07T18:33:52","isFullCredit":false},{"lineNumber":20,"author":{"gitId":"-"},"content":"expected output","lastModifiedDate":"2024-01-07T18:33:52","isFullCredit":false},{"lineNumber":21,"author":{"gitId":"-"},"content":"```","lastModifiedDate":"2024-01-07T18:33:52","isFullCredit":false},{"lineNumber":22,"author":{"gitId":"-"},"content":"","lastModifiedDate":"2019-07-29T17:14:46","isFullCredit":false},{"lineNumber":23,"author":{"gitId":"-"},"content":"## Feature ABC","lastModifiedDate":"2024-01-07T18:33:52","isFullCredit":false},{"lineNumber":24,"author":{"gitId":"-"},"content":"","lastModifiedDate":"2019-07-29T17:14:46","isFullCredit":false},{"lineNumber":25,"author":{"gitId":"-"},"content":"// Feature details","lastModifiedDate":"2024-01-07T18:33:52","isFullCredit":false},{"lineNumber":26,"author":{"gitId":"-"},"content":"","lastModifiedDate":"2019-07-29T17:14:46","isFullCredit":false},{"lineNumber":27,"author":{"gitId":"-"},"content":"","lastModifiedDate":"2021-07-17T16:49:07","isFullCredit":false},{"lineNumber":28,"author":{"gitId":"-"},"content":"## Feature XYZ","lastModifiedDate":"2024-01-07T18:33:52","isFullCredit":false},{"lineNumber":29,"author":{"gitId":"-"},"content":"","lastModifiedDate":"2024-01-07T18:33:52","isFullCredit":false},{"lineNumber":30,"author":{"gitId":"-"},"content":"// Feature details","lastModifiedDate":"2024-01-07T18:33:52","isFullCredit":false}],"authorContributionMap":{"David-The-Programmer":1,"-":29}},{"path":"src/main/java/Atom.java","fileType":"java","lines":[{"lineNumber":1,"author":{"gitId":"David-The-Programmer"},"content":"import java.util.Scanner;","lastModifiedDate":"2026-01-17T14:02:00","isFullCredit":false},{"lineNumber":2,"author":{"gitId":"David-The-Programmer"},"content":"import java.util.ArrayList;","lastModifiedDate":"2026-01-17T14:22:22","isFullCredit":false},{"lineNumber":3,"author":{"gitId":"David-The-Programmer"},"content":"","lastModifiedDate":"2026-01-17T14:02:00","isFullCredit":false},{"lineNumber":4,"author":{"gitId":"David-The-Programmer"},"content":"public class Atom {","lastModifiedDate":"2026-01-17T13:37:24","isFullCredit":false},{"lineNumber":5,"author":{"gitId":"David-The-Programmer"},"content":"    public static void main(String[] args) {","lastModifiedDate":"2026-01-17T13:37:24","isFullCredit":false},{"lineNumber":6,"author":{"gitId":"David-The-Programmer"},"content":"        Scanner scanner \u003d new Scanner(System.in);","lastModifiedDate":"2026-01-17T14:02:00","isFullCredit":false},{"lineNumber":7,"author":{"gitId":"David-The-Programmer"},"content":"        String logo \u003d \"          :::        :::::::::::    ::::::::          :::   ::: \\n\" +","lastModifiedDate":"2026-01-21T15:10:49","isFullCredit":false},{"lineNumber":8,"author":{"gitId":"David-The-Programmer"},"content":"                \"       :+: :+:          :+:       :+:    :+:        :+:+: :+:+: \\n\" +","lastModifiedDate":"2026-01-17T13:37:24","isFullCredit":false},{"lineNumber":9,"author":{"gitId":"David-The-Programmer"},"content":"                \"     +:+   +:+         +:+       +:+    +:+       +:+ +:+:+ +:+ \\n\" +","lastModifiedDate":"2026-01-17T13:37:24","isFullCredit":false},{"lineNumber":10,"author":{"gitId":"David-The-Programmer"},"content":"                \"   +#++:++#++:        +#+       +#+    +:+       +#+  +:+  +#+  \\n\" +","lastModifiedDate":"2026-01-17T13:37:24","isFullCredit":false},{"lineNumber":11,"author":{"gitId":"David-The-Programmer"},"content":"                \"  +#+     +#+        +#+       +#+    +#+       +#+       +#+   \\n\" +","lastModifiedDate":"2026-01-17T13:37:24","isFullCredit":false},{"lineNumber":12,"author":{"gitId":"David-The-Programmer"},"content":"                \" #+#     #+# #+#    #+# #+#   #+#    #+# #+#   #+#       #+# #+#\\n\" +","lastModifiedDate":"2026-01-17T13:37:24","isFullCredit":false},{"lineNumber":13,"author":{"gitId":"David-The-Programmer"},"content":"                \"###     ### ###    ### ###    ########  ###   ###       ###  ###\\n\";","lastModifiedDate":"2026-01-17T13:37:24","isFullCredit":false},{"lineNumber":14,"author":{"gitId":"David-The-Programmer"},"content":"        System.out.println(logo);","lastModifiedDate":"2026-01-17T13:37:24","isFullCredit":false},{"lineNumber":15,"author":{"gitId":"David-The-Programmer"},"content":"        System.out.println(\"Hello, I am an Assistive Task Organisation Manager, or A.T.O.M.\");","lastModifiedDate":"2026-01-17T13:37:24","isFullCredit":false},{"lineNumber":16,"author":{"gitId":"David-The-Programmer"},"content":"        System.out.println(\"How can I help you?\");","lastModifiedDate":"2026-01-19T16:21:41","isFullCredit":false},{"lineNumber":17,"author":{"gitId":"David-The-Programmer"},"content":"        ArrayList\u003cTask\u003e tasks \u003d new ArrayList\u003c\u003e();","lastModifiedDate":"2026-01-17T15:44:30","isFullCredit":false},{"lineNumber":18,"author":{"gitId":"David-The-Programmer"},"content":"        while (true) {","lastModifiedDate":"2026-01-17T14:02:00","isFullCredit":false},{"lineNumber":19,"author":{"gitId":"David-The-Programmer"},"content":"            try {","lastModifiedDate":"2026-01-21T15:10:49","isFullCredit":false},{"lineNumber":20,"author":{"gitId":"David-The-Programmer"},"content":"                System.out.print(\"\\n\u003e \");","lastModifiedDate":"2026-01-19T16:21:41","isFullCredit":false},{"lineNumber":21,"author":{"gitId":"David-The-Programmer"},"content":"                String userInput \u003d scanner.nextLine();","lastModifiedDate":"2026-01-17T14:02:00","isFullCredit":false},{"lineNumber":22,"author":{"gitId":"David-The-Programmer"},"content":"                System.out.println();","lastModifiedDate":"2026-01-19T16:21:41","isFullCredit":false},{"lineNumber":23,"author":{"gitId":"David-The-Programmer"},"content":"                if (userInput.equals(\"bye\")) {","lastModifiedDate":"2026-01-17T14:02:00","isFullCredit":false},{"lineNumber":24,"author":{"gitId":"David-The-Programmer"},"content":"                    System.out.println(\"Goodbye! Exiting...\");","lastModifiedDate":"2026-01-17T13:37:24","isFullCredit":false},{"lineNumber":25,"author":{"gitId":"David-The-Programmer"},"content":"                    break;","lastModifiedDate":"2026-01-17T14:02:00","isFullCredit":false},{"lineNumber":26,"author":{"gitId":"David-The-Programmer"},"content":"                }","lastModifiedDate":"2026-01-17T14:02:00","isFullCredit":false},{"lineNumber":27,"author":{"gitId":"David-The-Programmer"},"content":"                if (userInput.equals(\"list\")) {","lastModifiedDate":"2026-01-17T14:22:22","isFullCredit":false},{"lineNumber":28,"author":{"gitId":"David-The-Programmer"},"content":"                    for (int i \u003d 0; i \u003c tasks.size(); i++) {","lastModifiedDate":"2026-01-17T14:22:22","isFullCredit":false},{"lineNumber":29,"author":{"gitId":"David-The-Programmer"},"content":"                        System.out.println((i + 1) + \". \" + tasks.get(i));","lastModifiedDate":"2026-01-17T14:22:22","isFullCredit":false},{"lineNumber":30,"author":{"gitId":"David-The-Programmer"},"content":"                    }","lastModifiedDate":"2026-01-17T14:22:22","isFullCredit":false},{"lineNumber":31,"author":{"gitId":"David-The-Programmer"},"content":"                    continue;","lastModifiedDate":"2026-01-17T14:22:22","isFullCredit":false},{"lineNumber":32,"author":{"gitId":"David-The-Programmer"},"content":"                }","lastModifiedDate":"2026-01-17T14:22:22","isFullCredit":false},{"lineNumber":33,"author":{"gitId":"David-The-Programmer"},"content":"                String[] subcommands \u003d userInput.split(\" \", 2);","lastModifiedDate":"2026-01-17T16:47:53","isFullCredit":false},{"lineNumber":34,"author":{"gitId":"David-The-Programmer"},"content":"                if (subcommands[0].equals(\"delete\")) {","lastModifiedDate":"2026-01-22T11:01:26","isFullCredit":false},{"lineNumber":35,"author":{"gitId":"David-The-Programmer"},"content":"                    if (subcommands.length \u003c 2) {","lastModifiedDate":"2026-01-22T11:01:26","isFullCredit":false},{"lineNumber":36,"author":{"gitId":"David-The-Programmer"},"content":"                        String remedy \u003d \"Please follow the following format for the \u0027delete\u0027 command:\\n\\n\" +","lastModifiedDate":"2026-01-22T11:01:26","isFullCredit":false},{"lineNumber":37,"author":{"gitId":"David-The-Programmer"},"content":"                                \"    delete \u003cnumber\u003e\\n\\n\" +","lastModifiedDate":"2026-01-22T11:01:26","isFullCredit":false},{"lineNumber":38,"author":{"gitId":"David-The-Programmer"},"content":"                                \"Please try again.\";","lastModifiedDate":"2026-01-22T11:01:26","isFullCredit":false},{"lineNumber":39,"author":{"gitId":"David-The-Programmer"},"content":"                        throw new InvalidDeleteCommandException(\"\u0027delete\u0027 command is missing a number\", null, remedy);","lastModifiedDate":"2026-01-22T11:01:26","isFullCredit":false},{"lineNumber":40,"author":{"gitId":"David-The-Programmer"},"content":"                    }","lastModifiedDate":"2026-01-22T11:01:26","isFullCredit":false},{"lineNumber":41,"author":{"gitId":"David-The-Programmer"},"content":"                    int taskId \u003d -1;","lastModifiedDate":"2026-01-22T11:01:26","isFullCredit":false},{"lineNumber":42,"author":{"gitId":"David-The-Programmer"},"content":"                    try {","lastModifiedDate":"2026-01-22T11:01:26","isFullCredit":false},{"lineNumber":43,"author":{"gitId":"David-The-Programmer"},"content":"                        taskId \u003d Integer.parseInt(subcommands[1]);","lastModifiedDate":"2026-01-22T11:01:26","isFullCredit":false},{"lineNumber":44,"author":{"gitId":"David-The-Programmer"},"content":"                    } catch (Exception exception) {","lastModifiedDate":"2026-01-22T11:01:26","isFullCredit":false},{"lineNumber":45,"author":{"gitId":"David-The-Programmer"},"content":"                        String remedy \u003d \"Please follow the following format for the \u0027delete\u0027 command:\\n\\n\" +","lastModifiedDate":"2026-01-22T11:01:26","isFullCredit":false},{"lineNumber":46,"author":{"gitId":"David-The-Programmer"},"content":"                                \"    delete \u003cnumber\u003e\\n\\n\" +","lastModifiedDate":"2026-01-22T11:01:26","isFullCredit":false},{"lineNumber":47,"author":{"gitId":"David-The-Programmer"},"content":"                                \"Please try again.\";","lastModifiedDate":"2026-01-22T11:01:26","isFullCredit":false},{"lineNumber":48,"author":{"gitId":"David-The-Programmer"},"content":"                        throw new InvalidDeleteCommandException(\"\u0027\" + subcommands[1] + \"\u0027\" + \" is not a number\",","lastModifiedDate":"2026-01-22T11:01:26","isFullCredit":false},{"lineNumber":49,"author":{"gitId":"David-The-Programmer"},"content":"                                exception, remedy);","lastModifiedDate":"2026-01-22T11:01:26","isFullCredit":false},{"lineNumber":50,"author":{"gitId":"David-The-Programmer"},"content":"                    }","lastModifiedDate":"2026-01-22T11:01:26","isFullCredit":false},{"lineNumber":51,"author":{"gitId":"David-The-Programmer"},"content":"                    if (taskId - 1 \u003c 0 || taskId - 1 \u003e\u003d tasks.size()) {","lastModifiedDate":"2026-01-22T11:01:26","isFullCredit":false},{"lineNumber":52,"author":{"gitId":"David-The-Programmer"},"content":"                        String remedy \u003d \"If you are unsure of the number of the task you want to delete,\\n\" +","lastModifiedDate":"2026-01-22T11:01:26","isFullCredit":false},{"lineNumber":53,"author":{"gitId":"David-The-Programmer"},"content":"                                \"type \u0027list\u0027 to show all tasks and corresponding task number.\\n\" +","lastModifiedDate":"2026-01-22T11:01:26","isFullCredit":false},{"lineNumber":54,"author":{"gitId":"David-The-Programmer"},"content":"                                \"Please try again.\";","lastModifiedDate":"2026-01-22T11:01:26","isFullCredit":false},{"lineNumber":55,"author":{"gitId":"David-The-Programmer"},"content":"                        throw new InvalidMarkCommandException(\"task \" + taskId + \" does not exist.\", null, remedy);","lastModifiedDate":"2026-01-22T11:01:26","isFullCredit":false},{"lineNumber":56,"author":{"gitId":"David-The-Programmer"},"content":"                    } else {","lastModifiedDate":"2026-01-22T11:01:26","isFullCredit":false},{"lineNumber":57,"author":{"gitId":"David-The-Programmer"},"content":"                        System.out.println(\"Understood. This task is deleted:\");","lastModifiedDate":"2026-01-22T11:01:26","isFullCredit":false},{"lineNumber":58,"author":{"gitId":"David-The-Programmer"},"content":"                        System.out.println(tasks.get(taskId - 1));","lastModifiedDate":"2026-01-22T11:01:26","isFullCredit":false},{"lineNumber":59,"author":{"gitId":"David-The-Programmer"},"content":"                        tasks.remove(taskId - 1);","lastModifiedDate":"2026-01-22T11:01:26","isFullCredit":false},{"lineNumber":60,"author":{"gitId":"David-The-Programmer"},"content":"                    }","lastModifiedDate":"2026-01-22T11:01:26","isFullCredit":false},{"lineNumber":61,"author":{"gitId":"David-The-Programmer"},"content":"                    continue;","lastModifiedDate":"2026-01-22T11:01:26","isFullCredit":false},{"lineNumber":62,"author":{"gitId":"David-The-Programmer"},"content":"                }","lastModifiedDate":"2026-01-22T11:01:26","isFullCredit":false},{"lineNumber":63,"author":{"gitId":"David-The-Programmer"},"content":"                if (subcommands[0].equals(\"mark\")) {","lastModifiedDate":"2026-01-17T15:44:30","isFullCredit":false},{"lineNumber":64,"author":{"gitId":"David-The-Programmer"},"content":"                    if (subcommands.length \u003c 2) {","lastModifiedDate":"2026-01-21T15:10:49","isFullCredit":false},{"lineNumber":65,"author":{"gitId":"David-The-Programmer"},"content":"                        String remedy \u003d \"Please follow the following format for the \u0027mark\u0027 command:\\n\\n\" +","lastModifiedDate":"2026-01-21T15:10:49","isFullCredit":false},{"lineNumber":66,"author":{"gitId":"David-The-Programmer"},"content":"                                \"    mark \u003cnumber\u003e\\n\\n\" +","lastModifiedDate":"2026-01-21T15:10:49","isFullCredit":false},{"lineNumber":67,"author":{"gitId":"David-The-Programmer"},"content":"                                \"Please try again.\";","lastModifiedDate":"2026-01-21T15:10:49","isFullCredit":false},{"lineNumber":68,"author":{"gitId":"David-The-Programmer"},"content":"                        throw new InvalidMarkCommandException(\"\u0027mark\u0027 command is missing a number\", null, remedy);","lastModifiedDate":"2026-01-21T15:10:49","isFullCredit":false},{"lineNumber":69,"author":{"gitId":"David-The-Programmer"},"content":"                    }","lastModifiedDate":"2026-01-21T15:10:49","isFullCredit":false},{"lineNumber":70,"author":{"gitId":"David-The-Programmer"},"content":"                    int taskId \u003d -1;","lastModifiedDate":"2026-01-21T15:10:49","isFullCredit":false},{"lineNumber":71,"author":{"gitId":"David-The-Programmer"},"content":"                    try {","lastModifiedDate":"2026-01-21T15:10:49","isFullCredit":false},{"lineNumber":72,"author":{"gitId":"David-The-Programmer"},"content":"                        taskId \u003d Integer.parseInt(subcommands[1]);","lastModifiedDate":"2026-01-21T15:10:49","isFullCredit":false},{"lineNumber":73,"author":{"gitId":"David-The-Programmer"},"content":"                    } catch (Exception exception) {","lastModifiedDate":"2026-01-21T15:10:49","isFullCredit":false},{"lineNumber":74,"author":{"gitId":"David-The-Programmer"},"content":"                        String remedy \u003d \"Please follow the following format for the \u0027mark\u0027 command:\\n\\n\" +","lastModifiedDate":"2026-01-21T15:10:49","isFullCredit":false},{"lineNumber":75,"author":{"gitId":"David-The-Programmer"},"content":"                                \"    mark \u003cnumber\u003e\\n\\n\" +","lastModifiedDate":"2026-01-21T15:10:49","isFullCredit":false},{"lineNumber":76,"author":{"gitId":"David-The-Programmer"},"content":"                                \"Please try again.\";","lastModifiedDate":"2026-01-21T15:10:49","isFullCredit":false},{"lineNumber":77,"author":{"gitId":"David-The-Programmer"},"content":"                        throw new InvalidMarkCommandException(\"\u0027\" + subcommands[1] + \"\u0027\" + \" is not a number\",","lastModifiedDate":"2026-01-21T23:37:20","isFullCredit":false},{"lineNumber":78,"author":{"gitId":"David-The-Programmer"},"content":"                                exception, remedy);","lastModifiedDate":"2026-01-21T23:37:20","isFullCredit":false},{"lineNumber":79,"author":{"gitId":"David-The-Programmer"},"content":"                    }","lastModifiedDate":"2026-01-21T15:10:49","isFullCredit":false},{"lineNumber":80,"author":{"gitId":"David-The-Programmer"},"content":"                    if (taskId - 1 \u003c 0 || taskId - 1 \u003e\u003d tasks.size()) {","lastModifiedDate":"2026-01-17T15:44:30","isFullCredit":false},{"lineNumber":81,"author":{"gitId":"David-The-Programmer"},"content":"                        String remedy \u003d \"If you are unsure of the number of the task you want to mark as complete,\\n\" +","lastModifiedDate":"2026-01-21T15:10:49","isFullCredit":false},{"lineNumber":82,"author":{"gitId":"David-The-Programmer"},"content":"                                \"type \u0027list\u0027 to show all tasks and corresponding task number.\\n\" +","lastModifiedDate":"2026-01-21T15:10:49","isFullCredit":false},{"lineNumber":83,"author":{"gitId":"David-The-Programmer"},"content":"                                \"Please try again.\";","lastModifiedDate":"2026-01-21T15:10:49","isFullCredit":false},{"lineNumber":84,"author":{"gitId":"David-The-Programmer"},"content":"                        throw new InvalidMarkCommandException(\"task \" + taskId + \" does not exist.\", null, remedy);","lastModifiedDate":"2026-01-21T15:10:49","isFullCredit":false},{"lineNumber":85,"author":{"gitId":"David-The-Programmer"},"content":"                    } else {","lastModifiedDate":"2026-01-17T15:44:30","isFullCredit":false},{"lineNumber":86,"author":{"gitId":"David-The-Programmer"},"content":"                        tasks.get(taskId - 1).markAsComplete();","lastModifiedDate":"2026-01-17T15:44:30","isFullCredit":false},{"lineNumber":87,"author":{"gitId":"David-The-Programmer"},"content":"                        System.out.println(\"Great Job! This task is marked as complete:\");","lastModifiedDate":"2026-01-17T15:44:30","isFullCredit":false},{"lineNumber":88,"author":{"gitId":"David-The-Programmer"},"content":"                        System.out.println(tasks.get(taskId - 1));","lastModifiedDate":"2026-01-17T15:44:30","isFullCredit":false},{"lineNumber":89,"author":{"gitId":"David-The-Programmer"},"content":"                    }","lastModifiedDate":"2026-01-17T15:44:30","isFullCredit":false},{"lineNumber":90,"author":{"gitId":"David-The-Programmer"},"content":"                    continue;","lastModifiedDate":"2026-01-17T15:44:30","isFullCredit":false},{"lineNumber":91,"author":{"gitId":"David-The-Programmer"},"content":"                }","lastModifiedDate":"2026-01-17T15:44:30","isFullCredit":false},{"lineNumber":92,"author":{"gitId":"David-The-Programmer"},"content":"                if (subcommands[0].equals(\"unmark\")) {","lastModifiedDate":"2026-01-17T15:44:30","isFullCredit":false},{"lineNumber":93,"author":{"gitId":"David-The-Programmer"},"content":"                    if (subcommands.length \u003c 2) {","lastModifiedDate":"2026-01-21T15:40:53","isFullCredit":false},{"lineNumber":94,"author":{"gitId":"David-The-Programmer"},"content":"                        String remedy \u003d \"Please follow the following format for the \u0027unmark\u0027 command:\\n\\n\" +","lastModifiedDate":"2026-01-21T15:40:53","isFullCredit":false},{"lineNumber":95,"author":{"gitId":"David-The-Programmer"},"content":"                                \"    unmark \u003cnumber\u003e\\n\\n\" +","lastModifiedDate":"2026-01-21T15:40:53","isFullCredit":false},{"lineNumber":96,"author":{"gitId":"David-The-Programmer"},"content":"                                \"Please try again.\";","lastModifiedDate":"2026-01-21T15:40:53","isFullCredit":false},{"lineNumber":97,"author":{"gitId":"David-The-Programmer"},"content":"                        throw new InvalidUnmarkCommandException(\"\u0027unmark\u0027 command is missing a number\", null, remedy);","lastModifiedDate":"2026-01-21T15:40:53","isFullCredit":false},{"lineNumber":98,"author":{"gitId":"David-The-Programmer"},"content":"                    }","lastModifiedDate":"2026-01-21T15:40:53","isFullCredit":false},{"lineNumber":99,"author":{"gitId":"David-The-Programmer"},"content":"                    int taskId \u003d -1;","lastModifiedDate":"2026-01-21T15:40:53","isFullCredit":false},{"lineNumber":100,"author":{"gitId":"David-The-Programmer"},"content":"                    try {","lastModifiedDate":"2026-01-21T15:40:53","isFullCredit":false},{"lineNumber":101,"author":{"gitId":"David-The-Programmer"},"content":"                        taskId \u003d Integer.parseInt(subcommands[1]);","lastModifiedDate":"2026-01-21T15:40:53","isFullCredit":false},{"lineNumber":102,"author":{"gitId":"David-The-Programmer"},"content":"                    } catch (Exception exception) {","lastModifiedDate":"2026-01-21T15:40:53","isFullCredit":false},{"lineNumber":103,"author":{"gitId":"David-The-Programmer"},"content":"                        String remedy \u003d \"Please follow the following format for the \u0027unmark\u0027 command:\\n\\n\" +","lastModifiedDate":"2026-01-21T15:40:53","isFullCredit":false},{"lineNumber":104,"author":{"gitId":"David-The-Programmer"},"content":"                                \"    unmark \u003cnumber\u003e\\n\\n\" +","lastModifiedDate":"2026-01-21T15:40:53","isFullCredit":false},{"lineNumber":105,"author":{"gitId":"David-The-Programmer"},"content":"                                \"Please try again.\";","lastModifiedDate":"2026-01-21T15:40:53","isFullCredit":false},{"lineNumber":106,"author":{"gitId":"David-The-Programmer"},"content":"                        throw new InvalidUnmarkCommandException(\"\u0027\" + subcommands[1] + \"\u0027\" + \" is not a number\",","lastModifiedDate":"2026-01-21T23:37:20","isFullCredit":false},{"lineNumber":107,"author":{"gitId":"David-The-Programmer"},"content":"                                exception, remedy);","lastModifiedDate":"2026-01-21T23:37:20","isFullCredit":false},{"lineNumber":108,"author":{"gitId":"David-The-Programmer"},"content":"                    }","lastModifiedDate":"2026-01-21T15:40:53","isFullCredit":false},{"lineNumber":109,"author":{"gitId":"David-The-Programmer"},"content":"                    if (taskId - 1 \u003c 0 || taskId - 1 \u003e\u003d tasks.size()) {","lastModifiedDate":"2026-01-17T15:44:30","isFullCredit":false},{"lineNumber":110,"author":{"gitId":"David-The-Programmer"},"content":"                        String remedy \u003d \"If you are unsure of the number of the task you want to mark as incomplete,\\n\"","lastModifiedDate":"2026-01-21T23:37:20","isFullCredit":false},{"lineNumber":111,"author":{"gitId":"David-The-Programmer"},"content":"                                +","lastModifiedDate":"2026-01-21T23:37:20","isFullCredit":false},{"lineNumber":112,"author":{"gitId":"David-The-Programmer"},"content":"                                \"type \u0027list\u0027 to show all tasks and corresponding task number.\\n\" +","lastModifiedDate":"2026-01-21T15:40:53","isFullCredit":false},{"lineNumber":113,"author":{"gitId":"David-The-Programmer"},"content":"                                \"Please try again.\";","lastModifiedDate":"2026-01-21T15:40:53","isFullCredit":false},{"lineNumber":114,"author":{"gitId":"David-The-Programmer"},"content":"                        throw new InvalidUnmarkCommandException(\"task \" + taskId + \" does not exist.\", null, remedy);","lastModifiedDate":"2026-01-21T15:40:53","isFullCredit":false},{"lineNumber":115,"author":{"gitId":"David-The-Programmer"},"content":"                    } else {","lastModifiedDate":"2026-01-17T15:44:30","isFullCredit":false},{"lineNumber":116,"author":{"gitId":"David-The-Programmer"},"content":"                        tasks.get(taskId - 1).markAsComplete();","lastModifiedDate":"2026-01-21T15:40:53","isFullCredit":false},{"lineNumber":117,"author":{"gitId":"David-The-Programmer"},"content":"                        System.out.println(\"Alright, This task is marked as incomplete:\");","lastModifiedDate":"2026-01-21T15:40:53","isFullCredit":false},{"lineNumber":118,"author":{"gitId":"David-The-Programmer"},"content":"                        System.out.println(tasks.get(taskId - 1));","lastModifiedDate":"2026-01-17T15:44:30","isFullCredit":false},{"lineNumber":119,"author":{"gitId":"David-The-Programmer"},"content":"                    }","lastModifiedDate":"2026-01-17T15:44:30","isFullCredit":false},{"lineNumber":120,"author":{"gitId":"David-The-Programmer"},"content":"                    continue;","lastModifiedDate":"2026-01-17T15:44:30","isFullCredit":false},{"lineNumber":121,"author":{"gitId":"David-The-Programmer"},"content":"                }","lastModifiedDate":"2026-01-17T15:44:30","isFullCredit":false},{"lineNumber":122,"author":{"gitId":"David-The-Programmer"},"content":"                if (subcommands[0].equals(\"todo\")) {","lastModifiedDate":"2026-01-17T16:47:53","isFullCredit":false},{"lineNumber":123,"author":{"gitId":"David-The-Programmer"},"content":"                    if (subcommands.length \u003c 2) {","lastModifiedDate":"2026-01-21T16:33:40","isFullCredit":false},{"lineNumber":124,"author":{"gitId":"David-The-Programmer"},"content":"                        String remedy \u003d \"Please follow the following format for the \u0027todo\u0027 command:\\n\\n\" +","lastModifiedDate":"2026-01-21T16:33:40","isFullCredit":false},{"lineNumber":125,"author":{"gitId":"David-The-Programmer"},"content":"                                \"    todo \u003cdescription\u003e\\n\\n\" +","lastModifiedDate":"2026-01-21T16:33:40","isFullCredit":false},{"lineNumber":126,"author":{"gitId":"David-The-Programmer"},"content":"                                \"Please try again.\";","lastModifiedDate":"2026-01-21T16:33:40","isFullCredit":false},{"lineNumber":127,"author":{"gitId":"David-The-Programmer"},"content":"                        throw new InvalidTodoCommandException(\"\u0027todo\u0027 command is missing a description\", null, remedy);","lastModifiedDate":"2026-01-21T16:33:40","isFullCredit":false},{"lineNumber":128,"author":{"gitId":"David-The-Programmer"},"content":"                    }","lastModifiedDate":"2026-01-21T16:33:40","isFullCredit":false},{"lineNumber":129,"author":{"gitId":"David-The-Programmer"},"content":"                    subcommands[1] \u003d subcommands[1].trim();","lastModifiedDate":"2026-01-21T16:33:40","isFullCredit":false},{"lineNumber":130,"author":{"gitId":"David-The-Programmer"},"content":"                    if (subcommands[1].equals(\"\")) {","lastModifiedDate":"2026-01-21T16:33:40","isFullCredit":false},{"lineNumber":131,"author":{"gitId":"David-The-Programmer"},"content":"                        String remedy \u003d \"Please follow the following format for the \u0027todo\u0027 command:\\n\\n\" +","lastModifiedDate":"2026-01-21T16:33:40","isFullCredit":false},{"lineNumber":132,"author":{"gitId":"David-The-Programmer"},"content":"                                \"    todo \u003cdescription\u003e\\n\\n\" +","lastModifiedDate":"2026-01-21T16:33:40","isFullCredit":false},{"lineNumber":133,"author":{"gitId":"David-The-Programmer"},"content":"                                \"Please try again.\";","lastModifiedDate":"2026-01-21T16:33:40","isFullCredit":false},{"lineNumber":134,"author":{"gitId":"David-The-Programmer"},"content":"                        throw new InvalidTodoCommandException(\"\u0027todo\u0027 command is missing a description\", null, remedy);","lastModifiedDate":"2026-01-21T16:33:40","isFullCredit":false},{"lineNumber":135,"author":{"gitId":"David-The-Programmer"},"content":"                    }","lastModifiedDate":"2026-01-21T16:33:40","isFullCredit":false},{"lineNumber":136,"author":{"gitId":"David-The-Programmer"},"content":"                    tasks.add(new ToDo(subcommands[1]));","lastModifiedDate":"2026-01-17T16:47:53","isFullCredit":false},{"lineNumber":137,"author":{"gitId":"David-The-Programmer"},"content":"                    System.out.println(\"Noted. The following task has been added: \");","lastModifiedDate":"2026-01-17T16:47:53","isFullCredit":false},{"lineNumber":138,"author":{"gitId":"David-The-Programmer"},"content":"                    System.out.println(tasks.get(tasks.size() - 1));","lastModifiedDate":"2026-01-17T16:47:53","isFullCredit":false},{"lineNumber":139,"author":{"gitId":"David-The-Programmer"},"content":"                    System.out.println(\"So, in total, you have \" + tasks.size() + \" task(s) remaining\");","lastModifiedDate":"2026-01-17T16:47:53","isFullCredit":false},{"lineNumber":140,"author":{"gitId":"David-The-Programmer"},"content":"                    continue;","lastModifiedDate":"2026-01-18T00:34:25","isFullCredit":false},{"lineNumber":141,"author":{"gitId":"David-The-Programmer"},"content":"                }","lastModifiedDate":"2026-01-17T16:47:53","isFullCredit":false},{"lineNumber":142,"author":{"gitId":"David-The-Programmer"},"content":"                if (subcommands[0].equals(\"deadline\")) {","lastModifiedDate":"2026-01-17T18:40:32","isFullCredit":false},{"lineNumber":143,"author":{"gitId":"David-The-Programmer"},"content":"                    if (subcommands.length \u003c 2) {","lastModifiedDate":"2026-01-21T23:37:20","isFullCredit":false},{"lineNumber":144,"author":{"gitId":"David-The-Programmer"},"content":"                        String remedy \u003d \"Please follow the following format for the \u0027deadline\u0027 command:\\n\\n\" +","lastModifiedDate":"2026-01-21T23:37:20","isFullCredit":false},{"lineNumber":145,"author":{"gitId":"David-The-Programmer"},"content":"                                \"    deadline \u003cdescription\u003e /by \u003cdate and/or time\u003e\\n\\n\" +","lastModifiedDate":"2026-01-21T23:37:20","isFullCredit":false},{"lineNumber":146,"author":{"gitId":"David-The-Programmer"},"content":"                                \"Please try again.\";","lastModifiedDate":"2026-01-21T23:37:20","isFullCredit":false},{"lineNumber":147,"author":{"gitId":"David-The-Programmer"},"content":"                        throw new InvalidDeadlineCommandException(\"\u0027deadline\u0027 command has an invalid format\", null,","lastModifiedDate":"2026-01-21T23:37:20","isFullCredit":false},{"lineNumber":148,"author":{"gitId":"David-The-Programmer"},"content":"                                remedy);","lastModifiedDate":"2026-01-21T23:37:20","isFullCredit":false},{"lineNumber":149,"author":{"gitId":"David-The-Programmer"},"content":"                    }","lastModifiedDate":"2026-01-21T23:37:20","isFullCredit":false},{"lineNumber":150,"author":{"gitId":"David-The-Programmer"},"content":"                    subcommands[1] \u003d subcommands[1].trim();","lastModifiedDate":"2026-01-21T23:37:20","isFullCredit":false},{"lineNumber":151,"author":{"gitId":"David-The-Programmer"},"content":"                    if (subcommands[1].equals(\"\")) {","lastModifiedDate":"2026-01-21T23:37:20","isFullCredit":false},{"lineNumber":152,"author":{"gitId":"David-The-Programmer"},"content":"                        String remedy \u003d \"Please follow the following format for the \u0027deadline\u0027 command:\\n\\n\" +","lastModifiedDate":"2026-01-21T23:37:20","isFullCredit":false},{"lineNumber":153,"author":{"gitId":"David-The-Programmer"},"content":"                                \"    deadline \u003cdescription\u003e /by \u003cdate and/or time\u003e\\n\\n\" +","lastModifiedDate":"2026-01-21T23:37:20","isFullCredit":false},{"lineNumber":154,"author":{"gitId":"David-The-Programmer"},"content":"                                \"Please try again.\";","lastModifiedDate":"2026-01-21T23:37:20","isFullCredit":false},{"lineNumber":155,"author":{"gitId":"David-The-Programmer"},"content":"                        throw new InvalidDeadlineCommandException(\"\u0027deadline\u0027 command has an invalid format\", null,","lastModifiedDate":"2026-01-21T23:37:20","isFullCredit":false},{"lineNumber":156,"author":{"gitId":"David-The-Programmer"},"content":"                                remedy);","lastModifiedDate":"2026-01-21T23:37:20","isFullCredit":false},{"lineNumber":157,"author":{"gitId":"David-The-Programmer"},"content":"                    }","lastModifiedDate":"2026-01-21T23:37:20","isFullCredit":false},{"lineNumber":158,"author":{"gitId":"David-The-Programmer"},"content":"                    String[] details \u003d subcommands[1].split(\"/by\");","lastModifiedDate":"2026-01-17T18:40:32","isFullCredit":false},{"lineNumber":159,"author":{"gitId":"David-The-Programmer"},"content":"                    if (details.length \u003c 2) {","lastModifiedDate":"2026-01-21T23:37:20","isFullCredit":false},{"lineNumber":160,"author":{"gitId":"David-The-Programmer"},"content":"                        String remedy \u003d \"Please follow the following format for the \u0027deadline\u0027 command:\\n\\n\" +","lastModifiedDate":"2026-01-21T23:37:20","isFullCredit":false},{"lineNumber":161,"author":{"gitId":"David-The-Programmer"},"content":"                                \"    deadline \u003cdescription\u003e /by \u003cdate and/or time\u003e\\n\\n\" +","lastModifiedDate":"2026-01-21T23:37:20","isFullCredit":false},{"lineNumber":162,"author":{"gitId":"David-The-Programmer"},"content":"                                \"Please try again.\";","lastModifiedDate":"2026-01-21T23:37:20","isFullCredit":false},{"lineNumber":163,"author":{"gitId":"David-The-Programmer"},"content":"                        throw new InvalidDeadlineCommandException(\"\u0027deadline\u0027 command has an invalid format\", null,","lastModifiedDate":"2026-01-21T23:37:20","isFullCredit":false},{"lineNumber":164,"author":{"gitId":"David-The-Programmer"},"content":"                                remedy);","lastModifiedDate":"2026-01-21T23:37:20","isFullCredit":false},{"lineNumber":165,"author":{"gitId":"David-The-Programmer"},"content":"                    }","lastModifiedDate":"2026-01-21T23:37:20","isFullCredit":false},{"lineNumber":166,"author":{"gitId":"David-The-Programmer"},"content":"                    for (int i \u003d 0; i \u003c details.length; i++) {","lastModifiedDate":"2026-01-21T23:37:20","isFullCredit":false},{"lineNumber":167,"author":{"gitId":"David-The-Programmer"},"content":"                        details[i] \u003d details[i].trim();","lastModifiedDate":"2026-01-21T23:37:20","isFullCredit":false},{"lineNumber":168,"author":{"gitId":"David-The-Programmer"},"content":"                        if (details[i].equals(\"\")) {","lastModifiedDate":"2026-01-21T23:37:20","isFullCredit":false},{"lineNumber":169,"author":{"gitId":"David-The-Programmer"},"content":"                            String remedy \u003d \"Please follow the following format for the \u0027deadline\u0027 command:\\n\\n\" +","lastModifiedDate":"2026-01-21T23:37:20","isFullCredit":false},{"lineNumber":170,"author":{"gitId":"David-The-Programmer"},"content":"                                    \"    deadline \u003cdescription\u003e /by \u003cdate and/or time\u003e\\n\\n\" +","lastModifiedDate":"2026-01-21T23:37:20","isFullCredit":false},{"lineNumber":171,"author":{"gitId":"David-The-Programmer"},"content":"                                    \"Please try again.\";","lastModifiedDate":"2026-01-21T23:37:20","isFullCredit":false},{"lineNumber":172,"author":{"gitId":"David-The-Programmer"},"content":"                            throw new InvalidDeadlineCommandException(\"\u0027deadline\u0027 command has an invalid format\", null,","lastModifiedDate":"2026-01-21T23:37:20","isFullCredit":false},{"lineNumber":173,"author":{"gitId":"David-The-Programmer"},"content":"                                    remedy);","lastModifiedDate":"2026-01-21T23:37:20","isFullCredit":false},{"lineNumber":174,"author":{"gitId":"David-The-Programmer"},"content":"                        }","lastModifiedDate":"2026-01-21T23:37:20","isFullCredit":false},{"lineNumber":175,"author":{"gitId":"David-The-Programmer"},"content":"                    }","lastModifiedDate":"2026-01-21T23:37:20","isFullCredit":false},{"lineNumber":176,"author":{"gitId":"David-The-Programmer"},"content":"                    tasks.add(new Deadline(details[0], details[1]));","lastModifiedDate":"2026-01-17T18:40:32","isFullCredit":false},{"lineNumber":177,"author":{"gitId":"David-The-Programmer"},"content":"                    System.out.println(\"Noted. The following task has been added: \");","lastModifiedDate":"2026-01-17T18:40:32","isFullCredit":false},{"lineNumber":178,"author":{"gitId":"David-The-Programmer"},"content":"                    System.out.println(tasks.get(tasks.size() - 1));","lastModifiedDate":"2026-01-17T18:40:32","isFullCredit":false},{"lineNumber":179,"author":{"gitId":"David-The-Programmer"},"content":"                    System.out.println(\"So, in total, you have \" + tasks.size() + \" task(s) remaining\");","lastModifiedDate":"2026-01-17T18:40:32","isFullCredit":false},{"lineNumber":180,"author":{"gitId":"David-The-Programmer"},"content":"                    continue;","lastModifiedDate":"2026-01-18T00:34:25","isFullCredit":false},{"lineNumber":181,"author":{"gitId":"David-The-Programmer"},"content":"                }","lastModifiedDate":"2026-01-18T00:34:25","isFullCredit":false},{"lineNumber":182,"author":{"gitId":"David-The-Programmer"},"content":"                if (subcommands[0].equals(\"event\")) {","lastModifiedDate":"2026-01-18T00:34:25","isFullCredit":false},{"lineNumber":183,"author":{"gitId":"David-The-Programmer"},"content":"                    if (subcommands.length \u003c 2) {","lastModifiedDate":"2026-01-22T00:56:00","isFullCredit":false},{"lineNumber":184,"author":{"gitId":"David-The-Programmer"},"content":"                        String remedy \u003d \"Please follow the following format for the \u0027event\u0027 command:\\n\\n\" +","lastModifiedDate":"2026-01-22T00:56:00","isFullCredit":false},{"lineNumber":185,"author":{"gitId":"David-The-Programmer"},"content":"                                \"    event \u003cdescription\u003e /from \u003cdate and/or time\u003e /to \u003cdate and/or time\u003e\\n\\n\" +","lastModifiedDate":"2026-01-22T00:56:00","isFullCredit":false},{"lineNumber":186,"author":{"gitId":"David-The-Programmer"},"content":"                                \"Please try again.\";","lastModifiedDate":"2026-01-22T00:56:00","isFullCredit":false},{"lineNumber":187,"author":{"gitId":"David-The-Programmer"},"content":"                        throw new InvalidEventCommandException(\"\u0027event\u0027 command has an invalid format\", null,","lastModifiedDate":"2026-01-22T00:56:00","isFullCredit":false},{"lineNumber":188,"author":{"gitId":"David-The-Programmer"},"content":"                                remedy);","lastModifiedDate":"2026-01-22T00:56:00","isFullCredit":false},{"lineNumber":189,"author":{"gitId":"David-The-Programmer"},"content":"                    }","lastModifiedDate":"2026-01-22T00:56:00","isFullCredit":false},{"lineNumber":190,"author":{"gitId":"David-The-Programmer"},"content":"                    String description \u003d subcommands[1].trim();","lastModifiedDate":"2026-01-22T00:56:00","isFullCredit":false},{"lineNumber":191,"author":{"gitId":"David-The-Programmer"},"content":"                    if(description.equals(\"\")) {","lastModifiedDate":"2026-01-22T00:56:00","isFullCredit":false},{"lineNumber":192,"author":{"gitId":"David-The-Programmer"},"content":"                        String remedy \u003d \"Please follow the following format for the \u0027event\u0027 command:\\n\\n\" +","lastModifiedDate":"2026-01-22T00:56:00","isFullCredit":false},{"lineNumber":193,"author":{"gitId":"David-The-Programmer"},"content":"                                \"    event \u003cdescription\u003e /from \u003cdate and/or time\u003e /to \u003cdate and/or time\u003e\\n\\n\" +","lastModifiedDate":"2026-01-22T00:56:00","isFullCredit":false},{"lineNumber":194,"author":{"gitId":"David-The-Programmer"},"content":"                                \"Please try again.\";","lastModifiedDate":"2026-01-22T00:56:00","isFullCredit":false},{"lineNumber":195,"author":{"gitId":"David-The-Programmer"},"content":"                        throw new InvalidEventCommandException(\"\u0027event\u0027 command has an invalid format: missing description\", null,","lastModifiedDate":"2026-01-22T00:56:00","isFullCredit":false},{"lineNumber":196,"author":{"gitId":"David-The-Programmer"},"content":"                                remedy);","lastModifiedDate":"2026-01-22T00:56:00","isFullCredit":false},{"lineNumber":197,"author":{"gitId":"David-The-Programmer"},"content":"                    }","lastModifiedDate":"2026-01-22T00:56:00","isFullCredit":false},{"lineNumber":198,"author":{"gitId":"David-The-Programmer"},"content":"                    int idxOfFrom \u003d subcommands[1].indexOf(\"/from\");","lastModifiedDate":"2026-01-18T00:34:25","isFullCredit":false},{"lineNumber":199,"author":{"gitId":"David-The-Programmer"},"content":"                    if(idxOfFrom \u003d\u003d -1) {","lastModifiedDate":"2026-01-22T00:56:00","isFullCredit":false},{"lineNumber":200,"author":{"gitId":"David-The-Programmer"},"content":"                        String remedy \u003d \"Please follow the following format for the \u0027event\u0027 command:\\n\\n\" +","lastModifiedDate":"2026-01-22T00:56:00","isFullCredit":false},{"lineNumber":201,"author":{"gitId":"David-The-Programmer"},"content":"                                \"    event \u003cdescription\u003e /from \u003cdate and/or time\u003e /to \u003cdate and/or time\u003e\\n\\n\" +","lastModifiedDate":"2026-01-22T00:56:00","isFullCredit":false},{"lineNumber":202,"author":{"gitId":"David-The-Programmer"},"content":"                                \"Please try again.\";","lastModifiedDate":"2026-01-22T00:56:00","isFullCredit":false},{"lineNumber":203,"author":{"gitId":"David-The-Programmer"},"content":"                        throw new InvalidEventCommandException(\"\u0027event\u0027 command has an invalid format: missing /from\", null,","lastModifiedDate":"2026-01-22T00:56:00","isFullCredit":false},{"lineNumber":204,"author":{"gitId":"David-The-Programmer"},"content":"                                remedy);","lastModifiedDate":"2026-01-22T00:56:00","isFullCredit":false},{"lineNumber":205,"author":{"gitId":"David-The-Programmer"},"content":"                    }","lastModifiedDate":"2026-01-22T00:56:00","isFullCredit":false},{"lineNumber":206,"author":{"gitId":"David-The-Programmer"},"content":"                    int idxOfTo \u003d subcommands[1].indexOf(\"/to\");","lastModifiedDate":"2026-01-18T00:34:25","isFullCredit":false},{"lineNumber":207,"author":{"gitId":"David-The-Programmer"},"content":"                    if(idxOfTo \u003d\u003d -1) {","lastModifiedDate":"2026-01-22T00:56:00","isFullCredit":false},{"lineNumber":208,"author":{"gitId":"David-The-Programmer"},"content":"                        String remedy \u003d \"Please follow the following format for the \u0027event\u0027 command:\\n\\n\" +","lastModifiedDate":"2026-01-22T00:56:00","isFullCredit":false},{"lineNumber":209,"author":{"gitId":"David-The-Programmer"},"content":"                                \"    event \u003cdescription\u003e /from \u003cdate and/or time\u003e /to \u003cdate and/or time\u003e\\n\\n\" +","lastModifiedDate":"2026-01-22T00:56:00","isFullCredit":false},{"lineNumber":210,"author":{"gitId":"David-The-Programmer"},"content":"                                \"Please try again.\";","lastModifiedDate":"2026-01-22T00:56:00","isFullCredit":false},{"lineNumber":211,"author":{"gitId":"David-The-Programmer"},"content":"                        throw new InvalidEventCommandException(\"\u0027event\u0027 command has an invalid format: missing /to\", null,","lastModifiedDate":"2026-01-22T00:56:00","isFullCredit":false},{"lineNumber":212,"author":{"gitId":"David-The-Programmer"},"content":"                                remedy);","lastModifiedDate":"2026-01-22T00:56:00","isFullCredit":false},{"lineNumber":213,"author":{"gitId":"David-The-Programmer"},"content":"                    }","lastModifiedDate":"2026-01-22T00:56:00","isFullCredit":false},{"lineNumber":214,"author":{"gitId":"David-The-Programmer"},"content":"                    description \u003d subcommands[1].substring(0, idxOfFrom).trim();","lastModifiedDate":"2026-01-22T00:56:00","isFullCredit":false},{"lineNumber":215,"author":{"gitId":"David-The-Programmer"},"content":"                    if(description.equals(\"\")) {","lastModifiedDate":"2026-01-22T00:56:00","isFullCredit":false},{"lineNumber":216,"author":{"gitId":"David-The-Programmer"},"content":"                        String remedy \u003d \"Please follow the following format for the \u0027event\u0027 command:\\n\\n\" +","lastModifiedDate":"2026-01-22T00:56:00","isFullCredit":false},{"lineNumber":217,"author":{"gitId":"David-The-Programmer"},"content":"                                \"    event \u003cdescription\u003e /from \u003cdate and/or time\u003e /to \u003cdate and/or time\u003e\\n\\n\" +","lastModifiedDate":"2026-01-22T00:56:00","isFullCredit":false},{"lineNumber":218,"author":{"gitId":"David-The-Programmer"},"content":"                                \"Please try again.\";","lastModifiedDate":"2026-01-22T00:56:00","isFullCredit":false},{"lineNumber":219,"author":{"gitId":"David-The-Programmer"},"content":"                        throw new InvalidEventCommandException(\"\u0027event\u0027 command has an invalid format: missing description\", null,","lastModifiedDate":"2026-01-22T00:56:00","isFullCredit":false},{"lineNumber":220,"author":{"gitId":"David-The-Programmer"},"content":"                                remedy);","lastModifiedDate":"2026-01-22T00:56:00","isFullCredit":false},{"lineNumber":221,"author":{"gitId":"David-The-Programmer"},"content":"                    }","lastModifiedDate":"2026-01-22T00:56:00","isFullCredit":false},{"lineNumber":222,"author":{"gitId":"David-The-Programmer"},"content":"                    String fromDateTime \u003d subcommands[1].substring(idxOfFrom + 5, idxOfTo).trim();","lastModifiedDate":"2026-01-18T00:34:25","isFullCredit":false},{"lineNumber":223,"author":{"gitId":"David-The-Programmer"},"content":"                    if(fromDateTime.equals(\"\")) {","lastModifiedDate":"2026-01-22T00:56:00","isFullCredit":false},{"lineNumber":224,"author":{"gitId":"David-The-Programmer"},"content":"                        String remedy \u003d \"Please follow the following format for the \u0027event\u0027 command:\\n\\n\" +","lastModifiedDate":"2026-01-22T00:56:00","isFullCredit":false},{"lineNumber":225,"author":{"gitId":"David-The-Programmer"},"content":"                                \"    event \u003cdescription\u003e /from \u003cdate and/or time\u003e /to \u003cdate and/or time\u003e\\n\\n\" +","lastModifiedDate":"2026-01-22T00:56:00","isFullCredit":false},{"lineNumber":226,"author":{"gitId":"David-The-Programmer"},"content":"                                \"Please try again.\";","lastModifiedDate":"2026-01-22T00:56:00","isFullCredit":false},{"lineNumber":227,"author":{"gitId":"David-The-Programmer"},"content":"                        throw new InvalidEventCommandException(\"\u0027event\u0027 command has an invalid format: missing /from\", null,","lastModifiedDate":"2026-01-22T00:56:00","isFullCredit":false},{"lineNumber":228,"author":{"gitId":"David-The-Programmer"},"content":"                                remedy);","lastModifiedDate":"2026-01-22T00:56:00","isFullCredit":false},{"lineNumber":229,"author":{"gitId":"David-The-Programmer"},"content":"                    }","lastModifiedDate":"2026-01-22T00:56:00","isFullCredit":false},{"lineNumber":230,"author":{"gitId":"David-The-Programmer"},"content":"                    String toDateTime \u003d subcommands[1].substring(idxOfTo + 3).trim();","lastModifiedDate":"2026-01-18T00:34:25","isFullCredit":false},{"lineNumber":231,"author":{"gitId":"David-The-Programmer"},"content":"                    if(toDateTime.equals(\"\")) {","lastModifiedDate":"2026-01-22T00:56:00","isFullCredit":false},{"lineNumber":232,"author":{"gitId":"David-The-Programmer"},"content":"                        String remedy \u003d \"Please follow the following format for the \u0027event\u0027 command:\\n\\n\" +","lastModifiedDate":"2026-01-22T00:56:00","isFullCredit":false},{"lineNumber":233,"author":{"gitId":"David-The-Programmer"},"content":"                                \"    event \u003cdescription\u003e /from \u003cdate and/or time\u003e /to \u003cdate and/or time\u003e\\n\\n\" +","lastModifiedDate":"2026-01-22T00:56:00","isFullCredit":false},{"lineNumber":234,"author":{"gitId":"David-The-Programmer"},"content":"                                \"Please try again.\";","lastModifiedDate":"2026-01-22T00:56:00","isFullCredit":false},{"lineNumber":235,"author":{"gitId":"David-The-Programmer"},"content":"                        throw new InvalidEventCommandException(\"\u0027event\u0027 command has an invalid format: missing /to\", null,","lastModifiedDate":"2026-01-22T00:56:00","isFullCredit":false},{"lineNumber":236,"author":{"gitId":"David-The-Programmer"},"content":"                                remedy);","lastModifiedDate":"2026-01-22T00:56:00","isFullCredit":false},{"lineNumber":237,"author":{"gitId":"David-The-Programmer"},"content":"                    }","lastModifiedDate":"2026-01-22T00:56:00","isFullCredit":false},{"lineNumber":238,"author":{"gitId":"David-The-Programmer"},"content":"                    tasks.add(new Event(description, fromDateTime, toDateTime));","lastModifiedDate":"2026-01-18T00:34:25","isFullCredit":false},{"lineNumber":239,"author":{"gitId":"David-The-Programmer"},"content":"                    System.out.println(\"Noted. The following task has been added: \");","lastModifiedDate":"2026-01-18T00:34:25","isFullCredit":false},{"lineNumber":240,"author":{"gitId":"David-The-Programmer"},"content":"                    System.out.println(tasks.get(tasks.size() - 1));","lastModifiedDate":"2026-01-18T00:34:25","isFullCredit":false},{"lineNumber":241,"author":{"gitId":"David-The-Programmer"},"content":"                    System.out.println(\"So, in total, you have \" + tasks.size() + \" task(s) remaining\");","lastModifiedDate":"2026-01-18T00:34:25","isFullCredit":false},{"lineNumber":242,"author":{"gitId":"David-The-Programmer"},"content":"                    continue;","lastModifiedDate":"2026-01-18T00:34:25","isFullCredit":false},{"lineNumber":243,"author":{"gitId":"David-The-Programmer"},"content":"                }","lastModifiedDate":"2026-01-17T18:40:32","isFullCredit":false},{"lineNumber":244,"author":{"gitId":"David-The-Programmer"},"content":"                String remedy \u003d \"The following are the only valid commands:\\n\\n\" +","lastModifiedDate":"2026-01-21T15:10:49","isFullCredit":false},{"lineNumber":245,"author":{"gitId":"David-The-Programmer"},"content":"                        \"   todo \u003cdescription\u003e\\n\\n\" +","lastModifiedDate":"2026-01-21T15:10:49","isFullCredit":false},{"lineNumber":246,"author":{"gitId":"David-The-Programmer"},"content":"                        \"   deadline \u003cdescription\u003e /by \u003cdate and/or time of deadline\u003e\\n\\n\" +","lastModifiedDate":"2026-01-21T15:10:49","isFullCredit":false},{"lineNumber":247,"author":{"gitId":"David-The-Programmer"},"content":"                        \"   event \u003cdescription\u003e /from \u003cdate and/or time that event starts\u003e /to \u003cdate and/or time that event ends\u003e\\n\\n\"","lastModifiedDate":"2026-01-21T23:37:20","isFullCredit":false},{"lineNumber":248,"author":{"gitId":"David-The-Programmer"},"content":"                        +","lastModifiedDate":"2026-01-21T23:37:20","isFullCredit":false},{"lineNumber":249,"author":{"gitId":"David-The-Programmer"},"content":"                        \"   list\\n\\n\" +","lastModifiedDate":"2026-01-21T15:10:49","isFullCredit":false},{"lineNumber":250,"author":{"gitId":"David-The-Programmer"},"content":"                        \"   mark \u003ctask number shown after entering the list command\u003e\\n\\n\" +","lastModifiedDate":"2026-01-21T15:10:49","isFullCredit":false},{"lineNumber":251,"author":{"gitId":"David-The-Programmer"},"content":"                        \"   unmark \u003ctask number shown after entering the list command\u003e\\n\\n\" +","lastModifiedDate":"2026-01-21T15:10:49","isFullCredit":false},{"lineNumber":252,"author":{"gitId":"David-The-Programmer"},"content":"                        \"   bye\\n\\n\" +","lastModifiedDate":"2026-01-21T15:10:49","isFullCredit":false},{"lineNumber":253,"author":{"gitId":"David-The-Programmer"},"content":"                        \"Please try again.\";","lastModifiedDate":"2026-01-21T15:10:49","isFullCredit":false},{"lineNumber":254,"author":{"gitId":"David-The-Programmer"},"content":"                throw new UnknownCommandException(\"Unknown command \u0027\" + subcommands[0] + \"\u0027 is given.\", null, remedy);","lastModifiedDate":"2026-01-21T15:10:49","isFullCredit":false},{"lineNumber":255,"author":{"gitId":"David-The-Programmer"},"content":"","lastModifiedDate":"2026-01-21T15:10:49","isFullCredit":false},{"lineNumber":256,"author":{"gitId":"David-The-Programmer"},"content":"            } catch (AtomException exception) {","lastModifiedDate":"2026-01-21T15:10:49","isFullCredit":false},{"lineNumber":257,"author":{"gitId":"David-The-Programmer"},"content":"                System.out.println(exception.getMessage() + \"\\n\");","lastModifiedDate":"2026-01-21T15:10:49","isFullCredit":false},{"lineNumber":258,"author":{"gitId":"David-The-Programmer"},"content":"                System.out.println(exception.getRemedy());","lastModifiedDate":"2026-01-21T15:10:49","isFullCredit":false},{"lineNumber":259,"author":{"gitId":"David-The-Programmer"},"content":"            }","lastModifiedDate":"2026-01-21T15:10:49","isFullCredit":false},{"lineNumber":260,"author":{"gitId":"David-The-Programmer"},"content":"        }","lastModifiedDate":"2026-01-17T14:02:00","isFullCredit":false},{"lineNumber":261,"author":{"gitId":"David-The-Programmer"},"content":"    }","lastModifiedDate":"2026-01-17T13:37:24","isFullCredit":false},{"lineNumber":262,"author":{"gitId":"David-The-Programmer"},"content":"}","lastModifiedDate":"2026-01-17T13:37:24","isFullCredit":false}],"authorContributionMap":{"David-The-Programmer":262}},{"path":"src/main/java/AtomException.java","fileType":"java","lines":[{"lineNumber":1,"author":{"gitId":"David-The-Programmer"},"content":"public class AtomException extends RuntimeException {","lastModifiedDate":"2026-01-21T15:10:49","isFullCredit":false},{"lineNumber":2,"author":{"gitId":"David-The-Programmer"},"content":"    private String remedy;","lastModifiedDate":"2026-01-21T15:10:49","isFullCredit":false},{"lineNumber":3,"author":{"gitId":"David-The-Programmer"},"content":"","lastModifiedDate":"2026-01-21T15:10:49","isFullCredit":false},{"lineNumber":4,"author":{"gitId":"David-The-Programmer"},"content":"    public AtomException(String message, Throwable cause, String remedy) {","lastModifiedDate":"2026-01-21T15:10:49","isFullCredit":false},{"lineNumber":5,"author":{"gitId":"David-The-Programmer"},"content":"        super(message, cause);","lastModifiedDate":"2026-01-21T15:10:49","isFullCredit":false},{"lineNumber":6,"author":{"gitId":"David-The-Programmer"},"content":"        this.remedy \u003d remedy;","lastModifiedDate":"2026-01-21T15:10:49","isFullCredit":false},{"lineNumber":7,"author":{"gitId":"David-The-Programmer"},"content":"    }","lastModifiedDate":"2026-01-21T15:10:49","isFullCredit":false},{"lineNumber":8,"author":{"gitId":"David-The-Programmer"},"content":"","lastModifiedDate":"2026-01-21T15:10:49","isFullCredit":false},{"lineNumber":9,"author":{"gitId":"David-The-Programmer"},"content":"    public String getRemedy() {","lastModifiedDate":"2026-01-21T15:10:49","isFullCredit":false},{"lineNumber":10,"author":{"gitId":"David-The-Programmer"},"content":"        return this.remedy;","lastModifiedDate":"2026-01-21T15:10:49","isFullCredit":false},{"lineNumber":11,"author":{"gitId":"David-The-Programmer"},"content":"    }","lastModifiedDate":"2026-01-21T15:10:49","isFullCredit":false},{"lineNumber":12,"author":{"gitId":"David-The-Programmer"},"content":"}","lastModifiedDate":"2026-01-21T15:10:49","isFullCredit":false}],"authorContributionMap":{"David-The-Programmer":12}},{"path":"src/main/java/Deadline.java","fileType":"java","lines":[{"lineNumber":1,"author":{"gitId":"David-The-Programmer"},"content":"public class Deadline extends Task {","lastModifiedDate":"2026-01-17T18:40:32","isFullCredit":false},{"lineNumber":2,"author":{"gitId":"David-The-Programmer"},"content":"    private String by;","lastModifiedDate":"2026-01-17T18:40:32","isFullCredit":false},{"lineNumber":3,"author":{"gitId":"David-The-Programmer"},"content":"","lastModifiedDate":"2026-01-17T18:40:32","isFullCredit":false},{"lineNumber":4,"author":{"gitId":"David-The-Programmer"},"content":"    public Deadline(String description, String by) {","lastModifiedDate":"2026-01-17T18:40:32","isFullCredit":false},{"lineNumber":5,"author":{"gitId":"David-The-Programmer"},"content":"        super(description);","lastModifiedDate":"2026-01-17T18:40:32","isFullCredit":false},{"lineNumber":6,"author":{"gitId":"David-The-Programmer"},"content":"        this.by \u003d by;","lastModifiedDate":"2026-01-17T18:40:32","isFullCredit":false},{"lineNumber":7,"author":{"gitId":"David-The-Programmer"},"content":"    }","lastModifiedDate":"2026-01-17T18:40:32","isFullCredit":false},{"lineNumber":8,"author":{"gitId":"David-The-Programmer"},"content":"","lastModifiedDate":"2026-01-17T18:40:32","isFullCredit":false},{"lineNumber":9,"author":{"gitId":"David-The-Programmer"},"content":"    @Override","lastModifiedDate":"2026-01-17T18:40:32","isFullCredit":false},{"lineNumber":10,"author":{"gitId":"David-The-Programmer"},"content":"    public String toString() {","lastModifiedDate":"2026-01-17T18:40:32","isFullCredit":false},{"lineNumber":11,"author":{"gitId":"David-The-Programmer"},"content":"        return \"[D]\" + super.toString() + \" (by: \" + this.by + \")\";","lastModifiedDate":"2026-01-17T18:40:32","isFullCredit":false},{"lineNumber":12,"author":{"gitId":"David-The-Programmer"},"content":"    }","lastModifiedDate":"2026-01-17T18:40:32","isFullCredit":false},{"lineNumber":13,"author":{"gitId":"David-The-Programmer"},"content":"}","lastModifiedDate":"2026-01-17T18:40:32","isFullCredit":false}],"authorContributionMap":{"David-The-Programmer":13}},{"path":"src/main/java/Event.java","fileType":"java","lines":[{"lineNumber":1,"author":{"gitId":"David-The-Programmer"},"content":"public class Event extends Task {","lastModifiedDate":"2026-01-18T00:34:25","isFullCredit":false},{"lineNumber":2,"author":{"gitId":"David-The-Programmer"},"content":"    private String from;","lastModifiedDate":"2026-01-18T00:34:25","isFullCredit":false},{"lineNumber":3,"author":{"gitId":"David-The-Programmer"},"content":"    private String to;","lastModifiedDate":"2026-01-18T00:34:25","isFullCredit":false},{"lineNumber":4,"author":{"gitId":"David-The-Programmer"},"content":"","lastModifiedDate":"2026-01-18T00:34:25","isFullCredit":false},{"lineNumber":5,"author":{"gitId":"David-The-Programmer"},"content":"    public Event(String description, String from, String to) {","lastModifiedDate":"2026-01-18T00:34:25","isFullCredit":false},{"lineNumber":6,"author":{"gitId":"David-The-Programmer"},"content":"        super(description);","lastModifiedDate":"2026-01-18T00:34:25","isFullCredit":false},{"lineNumber":7,"author":{"gitId":"David-The-Programmer"},"content":"        this.from \u003d from;","lastModifiedDate":"2026-01-18T00:34:25","isFullCredit":false},{"lineNumber":8,"author":{"gitId":"David-The-Programmer"},"content":"        this.to \u003d to;","lastModifiedDate":"2026-01-18T00:34:25","isFullCredit":false},{"lineNumber":9,"author":{"gitId":"David-The-Programmer"},"content":"    }","lastModifiedDate":"2026-01-18T00:34:25","isFullCredit":false},{"lineNumber":10,"author":{"gitId":"David-The-Programmer"},"content":"","lastModifiedDate":"2026-01-18T00:34:25","isFullCredit":false},{"lineNumber":11,"author":{"gitId":"David-The-Programmer"},"content":"    @Override","lastModifiedDate":"2026-01-18T00:34:25","isFullCredit":false},{"lineNumber":12,"author":{"gitId":"David-The-Programmer"},"content":"    public String toString() {","lastModifiedDate":"2026-01-18T00:34:25","isFullCredit":false},{"lineNumber":13,"author":{"gitId":"David-The-Programmer"},"content":"        return \"[E]\" + super.toString() + \" (from: \" + this.from + \" to: \" + this.to + \")\";","lastModifiedDate":"2026-01-18T00:34:25","isFullCredit":false},{"lineNumber":14,"author":{"gitId":"David-The-Programmer"},"content":"    }","lastModifiedDate":"2026-01-18T00:34:25","isFullCredit":false},{"lineNumber":15,"author":{"gitId":"David-The-Programmer"},"content":"}","lastModifiedDate":"2026-01-18T00:34:25","isFullCredit":false}],"authorContributionMap":{"David-The-Programmer":15}},{"path":"src/main/java/InvalidDeadlineCommandException.java","fileType":"java","lines":[{"lineNumber":1,"author":{"gitId":"David-The-Programmer"},"content":"public class InvalidDeadlineCommandException extends AtomException {","lastModifiedDate":"2026-01-21T23:37:20","isFullCredit":false},{"lineNumber":2,"author":{"gitId":"David-The-Programmer"},"content":"","lastModifiedDate":"2026-01-21T23:37:20","isFullCredit":false},{"lineNumber":3,"author":{"gitId":"David-The-Programmer"},"content":"    public InvalidDeadlineCommandException(String message, Throwable cause, String remedy) {","lastModifiedDate":"2026-01-21T23:37:20","isFullCredit":false},{"lineNumber":4,"author":{"gitId":"David-The-Programmer"},"content":"        super(message, cause, remedy);","lastModifiedDate":"2026-01-21T23:37:20","isFullCredit":false},{"lineNumber":5,"author":{"gitId":"David-The-Programmer"},"content":"    }","lastModifiedDate":"2026-01-21T23:37:20","isFullCredit":false},{"lineNumber":6,"author":{"gitId":"David-The-Programmer"},"content":"}","lastModifiedDate":"2026-01-21T23:37:20","isFullCredit":false}],"authorContributionMap":{"David-The-Programmer":6}},{"path":"src/main/java/InvalidDeleteCommandException.java","fileType":"java","lines":[{"lineNumber":1,"author":{"gitId":"David-The-Programmer"},"content":"public class InvalidDeleteCommandException extends AtomException {","lastModifiedDate":"2026-01-22T11:01:26","isFullCredit":false},{"lineNumber":2,"author":{"gitId":"David-The-Programmer"},"content":"","lastModifiedDate":"2026-01-22T11:01:26","isFullCredit":false},{"lineNumber":3,"author":{"gitId":"David-The-Programmer"},"content":"    public InvalidDeleteCommandException(String message, Throwable cause, String remedy) {","lastModifiedDate":"2026-01-22T11:01:26","isFullCredit":false},{"lineNumber":4,"author":{"gitId":"David-The-Programmer"},"content":"        super(message, cause, remedy);","lastModifiedDate":"2026-01-22T11:01:26","isFullCredit":false},{"lineNumber":5,"author":{"gitId":"David-The-Programmer"},"content":"    }","lastModifiedDate":"2026-01-22T11:01:26","isFullCredit":false},{"lineNumber":6,"author":{"gitId":"David-The-Programmer"},"content":"}","lastModifiedDate":"2026-01-22T11:01:26","isFullCredit":false}],"authorContributionMap":{"David-The-Programmer":6}},{"path":"src/main/java/InvalidEventCommandException.java","fileType":"java","lines":[{"lineNumber":1,"author":{"gitId":"David-The-Programmer"},"content":"public class InvalidEventCommandException extends AtomException {","lastModifiedDate":"2026-01-22T00:56:00","isFullCredit":false},{"lineNumber":2,"author":{"gitId":"David-The-Programmer"},"content":"","lastModifiedDate":"2026-01-22T00:56:00","isFullCredit":false},{"lineNumber":3,"author":{"gitId":"David-The-Programmer"},"content":"    public InvalidEventCommandException(String message, Throwable cause, String remedy) {","lastModifiedDate":"2026-01-22T00:56:00","isFullCredit":false},{"lineNumber":4,"author":{"gitId":"David-The-Programmer"},"content":"        super(message, cause, remedy);","lastModifiedDate":"2026-01-22T00:56:00","isFullCredit":false},{"lineNumber":5,"author":{"gitId":"David-The-Programmer"},"content":"    }","lastModifiedDate":"2026-01-22T00:56:00","isFullCredit":false},{"lineNumber":6,"author":{"gitId":"David-The-Programmer"},"content":"}","lastModifiedDate":"2026-01-22T00:56:00","isFullCredit":false}],"authorContributionMap":{"David-The-Programmer":6}},{"path":"src/main/java/InvalidMarkCommandException.java","fileType":"java","lines":[{"lineNumber":1,"author":{"gitId":"David-The-Programmer"},"content":"public class InvalidMarkCommandException extends AtomException {","lastModifiedDate":"2026-01-21T15:10:49","isFullCredit":false},{"lineNumber":2,"author":{"gitId":"David-The-Programmer"},"content":"","lastModifiedDate":"2026-01-21T15:10:49","isFullCredit":false},{"lineNumber":3,"author":{"gitId":"David-The-Programmer"},"content":"    public InvalidMarkCommandException(String message, Throwable cause, String remedy) {","lastModifiedDate":"2026-01-21T15:10:49","isFullCredit":false},{"lineNumber":4,"author":{"gitId":"David-The-Programmer"},"content":"        super(message, cause, remedy);","lastModifiedDate":"2026-01-21T15:10:49","isFullCredit":false},{"lineNumber":5,"author":{"gitId":"David-The-Programmer"},"content":"    }","lastModifiedDate":"2026-01-21T15:10:49","isFullCredit":false},{"lineNumber":6,"author":{"gitId":"David-The-Programmer"},"content":"}","lastModifiedDate":"2026-01-21T15:10:49","isFullCredit":false}],"authorContributionMap":{"David-The-Programmer":6}},{"path":"src/main/java/InvalidTodoCommandException.java","fileType":"java","lines":[{"lineNumber":1,"author":{"gitId":"David-The-Programmer"},"content":"public class InvalidTodoCommandException extends AtomException {","lastModifiedDate":"2026-01-21T16:33:40","isFullCredit":false},{"lineNumber":2,"author":{"gitId":"David-The-Programmer"},"content":"","lastModifiedDate":"2026-01-21T16:33:40","isFullCredit":false},{"lineNumber":3,"author":{"gitId":"David-The-Programmer"},"content":"    public InvalidTodoCommandException(String message, Throwable cause, String remedy) {","lastModifiedDate":"2026-01-21T16:33:40","isFullCredit":false},{"lineNumber":4,"author":{"gitId":"David-The-Programmer"},"content":"        super(message, cause, remedy);","lastModifiedDate":"2026-01-21T16:33:40","isFullCredit":false},{"lineNumber":5,"author":{"gitId":"David-The-Programmer"},"content":"    }","lastModifiedDate":"2026-01-21T16:33:40","isFullCredit":false},{"lineNumber":6,"author":{"gitId":"David-The-Programmer"},"content":"}","lastModifiedDate":"2026-01-21T16:33:40","isFullCredit":false}],"authorContributionMap":{"David-The-Programmer":6}},{"path":"src/main/java/InvalidUnmarkCommandException.java","fileType":"java","lines":[{"lineNumber":1,"author":{"gitId":"David-The-Programmer"},"content":"public class InvalidUnmarkCommandException extends AtomException {","lastModifiedDate":"2026-01-21T15:40:53","isFullCredit":false},{"lineNumber":2,"author":{"gitId":"David-The-Programmer"},"content":"","lastModifiedDate":"2026-01-21T15:40:53","isFullCredit":false},{"lineNumber":3,"author":{"gitId":"David-The-Programmer"},"content":"    public InvalidUnmarkCommandException(String message, Throwable cause, String remedy) {","lastModifiedDate":"2026-01-21T15:40:53","isFullCredit":false},{"lineNumber":4,"author":{"gitId":"David-The-Programmer"},"content":"        super(message, cause, remedy);","lastModifiedDate":"2026-01-21T15:40:53","isFullCredit":false},{"lineNumber":5,"author":{"gitId":"David-The-Programmer"},"content":"    }","lastModifiedDate":"2026-01-21T15:40:53","isFullCredit":false},{"lineNumber":6,"author":{"gitId":"David-The-Programmer"},"content":"}","lastModifiedDate":"2026-01-21T15:40:53","isFullCredit":false}],"authorContributionMap":{"David-The-Programmer":6}},{"path":"src/main/java/Task.java","fileType":"java","lines":[{"lineNumber":1,"author":{"gitId":"David-The-Programmer"},"content":"public class Task {","lastModifiedDate":"2026-01-17T15:44:30","isFullCredit":false},{"lineNumber":2,"author":{"gitId":"David-The-Programmer"},"content":"    private String description;","lastModifiedDate":"2026-01-17T15:44:30","isFullCredit":false},{"lineNumber":3,"author":{"gitId":"David-The-Programmer"},"content":"    private Boolean isCompleted;","lastModifiedDate":"2026-01-17T15:44:30","isFullCredit":false},{"lineNumber":4,"author":{"gitId":"David-The-Programmer"},"content":"","lastModifiedDate":"2026-01-17T15:44:30","isFullCredit":false},{"lineNumber":5,"author":{"gitId":"David-The-Programmer"},"content":"    public Task(String description) {","lastModifiedDate":"2026-01-17T15:44:30","isFullCredit":false},{"lineNumber":6,"author":{"gitId":"David-The-Programmer"},"content":"        this.description \u003d description;","lastModifiedDate":"2026-01-17T15:44:30","isFullCredit":false},{"lineNumber":7,"author":{"gitId":"David-The-Programmer"},"content":"        this.isCompleted \u003d false;","lastModifiedDate":"2026-01-17T15:44:30","isFullCredit":false},{"lineNumber":8,"author":{"gitId":"David-The-Programmer"},"content":"    }","lastModifiedDate":"2026-01-17T15:44:30","isFullCredit":false},{"lineNumber":9,"author":{"gitId":"David-The-Programmer"},"content":"","lastModifiedDate":"2026-01-17T15:44:30","isFullCredit":false},{"lineNumber":10,"author":{"gitId":"David-The-Programmer"},"content":"    public void markAsComplete() {","lastModifiedDate":"2026-01-17T15:44:30","isFullCredit":false},{"lineNumber":11,"author":{"gitId":"David-The-Programmer"},"content":"        this.isCompleted \u003d true;","lastModifiedDate":"2026-01-17T15:44:30","isFullCredit":false},{"lineNumber":12,"author":{"gitId":"David-The-Programmer"},"content":"    }","lastModifiedDate":"2026-01-17T15:44:30","isFullCredit":false},{"lineNumber":13,"author":{"gitId":"David-The-Programmer"},"content":"","lastModifiedDate":"2026-01-17T15:44:30","isFullCredit":false},{"lineNumber":14,"author":{"gitId":"David-The-Programmer"},"content":"    public void markAsIncomplete() {","lastModifiedDate":"2026-01-17T15:44:30","isFullCredit":false},{"lineNumber":15,"author":{"gitId":"David-The-Programmer"},"content":"        this.isCompleted \u003d false;","lastModifiedDate":"2026-01-17T15:44:30","isFullCredit":false},{"lineNumber":16,"author":{"gitId":"David-The-Programmer"},"content":"    }","lastModifiedDate":"2026-01-17T15:44:30","isFullCredit":false},{"lineNumber":17,"author":{"gitId":"David-The-Programmer"},"content":"","lastModifiedDate":"2026-01-17T15:44:30","isFullCredit":false},{"lineNumber":18,"author":{"gitId":"David-The-Programmer"},"content":"    @Override","lastModifiedDate":"2026-01-17T15:44:30","isFullCredit":false},{"lineNumber":19,"author":{"gitId":"David-The-Programmer"},"content":"    public String toString() {","lastModifiedDate":"2026-01-17T15:44:30","isFullCredit":false},{"lineNumber":20,"author":{"gitId":"David-The-Programmer"},"content":"        if(this.isCompleted) {","lastModifiedDate":"2026-01-17T15:44:30","isFullCredit":false},{"lineNumber":21,"author":{"gitId":"David-The-Programmer"},"content":"            return \"[X] \" + this.description;","lastModifiedDate":"2026-01-17T15:44:30","isFullCredit":false},{"lineNumber":22,"author":{"gitId":"David-The-Programmer"},"content":"        }","lastModifiedDate":"2026-01-17T15:44:30","isFullCredit":false},{"lineNumber":23,"author":{"gitId":"David-The-Programmer"},"content":"        return \"[ ] \" + this.description;","lastModifiedDate":"2026-01-17T15:44:30","isFullCredit":false},{"lineNumber":24,"author":{"gitId":"David-The-Programmer"},"content":"    }","lastModifiedDate":"2026-01-17T15:44:30","isFullCredit":false},{"lineNumber":25,"author":{"gitId":"David-The-Programmer"},"content":"}","lastModifiedDate":"2026-01-17T15:44:30","isFullCredit":false}],"authorContributionMap":{"David-The-Programmer":25}},{"path":"src/main/java/ToDo.java","fileType":"java","lines":[{"lineNumber":1,"author":{"gitId":"David-The-Programmer"},"content":"public class ToDo extends Task {","lastModifiedDate":"2026-01-17T16:47:53","isFullCredit":false},{"lineNumber":2,"author":{"gitId":"David-The-Programmer"},"content":"    public ToDo(String description) {","lastModifiedDate":"2026-01-17T16:47:53","isFullCredit":false},{"lineNumber":3,"author":{"gitId":"David-The-Programmer"},"content":"        super(description);","lastModifiedDate":"2026-01-17T16:47:53","isFullCredit":false},{"lineNumber":4,"author":{"gitId":"David-The-Programmer"},"content":"    }","lastModifiedDate":"2026-01-17T16:47:53","isFullCredit":false},{"lineNumber":5,"author":{"gitId":"David-The-Programmer"},"content":"","lastModifiedDate":"2026-01-17T16:47:53","isFullCredit":false},{"lineNumber":6,"author":{"gitId":"David-The-Programmer"},"content":"    @Override","lastModifiedDate":"2026-01-17T16:47:53","isFullCredit":false},{"lineNumber":7,"author":{"gitId":"David-The-Programmer"},"content":"    public String toString() {","lastModifiedDate":"2026-01-17T16:47:53","isFullCredit":false},{"lineNumber":8,"author":{"gitId":"David-The-Programmer"},"content":"        return \"[T]\" + super.toString();","lastModifiedDate":"2026-01-17T16:47:53","isFullCredit":false},{"lineNumber":9,"author":{"gitId":"David-The-Programmer"},"content":"    }","lastModifiedDate":"2026-01-17T16:47:53","isFullCredit":false},{"lineNumber":10,"author":{"gitId":"David-The-Programmer"},"content":"}","lastModifiedDate":"2026-01-17T16:47:53","isFullCredit":false}],"authorContributionMap":{"David-The-Programmer":10}},{"path":"src/main/java/UnknownCommandException.java","fileType":"java","lines":[{"lineNumber":1,"author":{"gitId":"David-The-Programmer"},"content":"public class UnknownCommandException extends AtomException {","lastModifiedDate":"2026-01-21T15:10:49","isFullCredit":false},{"lineNumber":2,"author":{"gitId":"David-The-Programmer"},"content":"","lastModifiedDate":"2026-01-21T15:10:49","isFullCredit":false},{"lineNumber":3,"author":{"gitId":"David-The-Programmer"},"content":"    public UnknownCommandException(String message, Throwable cause, String remedy) {","lastModifiedDate":"2026-01-21T15:10:49","isFullCredit":false},{"lineNumber":4,"author":{"gitId":"David-The-Programmer"},"content":"        super(message, cause, remedy);","lastModifiedDate":"2026-01-21T15:10:49","isFullCredit":false},{"lineNumber":5,"author":{"gitId":"David-The-Programmer"},"content":"    }","lastModifiedDate":"2026-01-21T15:10:49","isFullCredit":false},{"lineNumber":6,"author":{"gitId":"David-The-Programmer"},"content":"}","lastModifiedDate":"2026-01-21T15:10:49","isFullCredit":false}],"authorContributionMap":{"David-The-Programmer":6}},{"path":"text-ui-test/input.txt","fileType":"txt","lines":[{"lineNumber":1,"author":{"gitId":"David-The-Programmer"},"content":"todo hello world","lastModifiedDate":"2026-01-19T16:21:41","isFullCredit":false},{"lineNumber":2,"author":{"gitId":"David-The-Programmer"},"content":"deadline cs2103 assignment /by 18/07/26 10:00","lastModifiedDate":"2026-01-19T16:21:41","isFullCredit":false},{"lineNumber":3,"author":{"gitId":"David-The-Programmer"},"content":"event Chinese New Year /from 18 Feb 2026 /to 19 Feb 2026","lastModifiedDate":"2026-01-19T16:21:41","isFullCredit":false},{"lineNumber":4,"author":{"gitId":"David-The-Programmer"},"content":"mark 2","lastModifiedDate":"2026-01-19T16:21:41","isFullCredit":false},{"lineNumber":5,"author":{"gitId":"David-The-Programmer"},"content":"list","lastModifiedDate":"2026-01-19T16:21:41","isFullCredit":false},{"lineNumber":6,"author":{"gitId":"David-The-Programmer"},"content":"unmark 2","lastModifiedDate":"2026-01-19T16:21:41","isFullCredit":false},{"lineNumber":7,"author":{"gitId":"David-The-Programmer"},"content":"","lastModifiedDate":"2026-01-21T15:10:49","isFullCredit":false},{"lineNumber":8,"author":{"gitId":"David-The-Programmer"},"content":"ufnuenif","lastModifiedDate":"2026-01-21T15:10:49","isFullCredit":false},{"lineNumber":9,"author":{"gitId":"David-The-Programmer"},"content":"mark","lastModifiedDate":"2026-01-21T15:10:49","isFullCredit":false},{"lineNumber":10,"author":{"gitId":"David-The-Programmer"},"content":"mark 5o","lastModifiedDate":"2026-01-21T15:10:49","isFullCredit":false},{"lineNumber":11,"author":{"gitId":"David-The-Programmer"},"content":"mark 4","lastModifiedDate":"2026-01-21T15:40:53","isFullCredit":false},{"lineNumber":12,"author":{"gitId":"David-The-Programmer"},"content":"unmark","lastModifiedDate":"2026-01-21T15:40:53","isFullCredit":false},{"lineNumber":13,"author":{"gitId":"David-The-Programmer"},"content":"unmark s0","lastModifiedDate":"2026-01-21T15:40:53","isFullCredit":false},{"lineNumber":14,"author":{"gitId":"David-The-Programmer"},"content":"unmark 0","lastModifiedDate":"2026-01-21T15:40:53","isFullCredit":false},{"lineNumber":15,"author":{"gitId":"David-The-Programmer"},"content":"todo","lastModifiedDate":"2026-01-21T16:33:40","isFullCredit":false},{"lineNumber":16,"author":{"gitId":"David-The-Programmer"},"content":"todo ","lastModifiedDate":"2026-01-21T16:33:40","isFullCredit":false},{"lineNumber":17,"author":{"gitId":"David-The-Programmer"},"content":"deadline","lastModifiedDate":"2026-01-21T23:37:20","isFullCredit":false},{"lineNumber":18,"author":{"gitId":"David-The-Programmer"},"content":"deadline ","lastModifiedDate":"2026-01-21T23:37:20","isFullCredit":false},{"lineNumber":19,"author":{"gitId":"David-The-Programmer"},"content":"deadline /by","lastModifiedDate":"2026-01-21T23:37:20","isFullCredit":false},{"lineNumber":20,"author":{"gitId":"David-The-Programmer"},"content":"deadline /by 2026","lastModifiedDate":"2026-01-21T23:37:20","isFullCredit":false},{"lineNumber":21,"author":{"gitId":"David-The-Programmer"},"content":"deadline goodbye /by 1234","lastModifiedDate":"2026-01-21T23:37:20","isFullCredit":false},{"lineNumber":22,"author":{"gitId":"David-The-Programmer"},"content":"event","lastModifiedDate":"2026-01-22T00:56:00","isFullCredit":false},{"lineNumber":23,"author":{"gitId":"David-The-Programmer"},"content":"event ","lastModifiedDate":"2026-01-22T00:56:00","isFullCredit":false},{"lineNumber":24,"author":{"gitId":"David-The-Programmer"},"content":"event dinner","lastModifiedDate":"2026-01-22T00:56:00","isFullCredit":false},{"lineNumber":25,"author":{"gitId":"David-The-Programmer"},"content":"event dinner /from","lastModifiedDate":"2026-01-22T00:56:00","isFullCredit":false},{"lineNumber":26,"author":{"gitId":"David-The-Programmer"},"content":"event dinner /from /to","lastModifiedDate":"2026-01-22T00:56:00","isFullCredit":false},{"lineNumber":27,"author":{"gitId":"David-The-Programmer"},"content":"event dinner /from 1234 /to","lastModifiedDate":"2026-01-22T00:56:00","isFullCredit":false},{"lineNumber":28,"author":{"gitId":"David-The-Programmer"},"content":"event dinner /from /to 1300","lastModifiedDate":"2026-01-22T00:56:00","isFullCredit":false},{"lineNumber":29,"author":{"gitId":"David-The-Programmer"},"content":"event /from","lastModifiedDate":"2026-01-22T00:56:00","isFullCredit":false},{"lineNumber":30,"author":{"gitId":"David-The-Programmer"},"content":"event /to","lastModifiedDate":"2026-01-22T00:56:00","isFullCredit":false},{"lineNumber":31,"author":{"gitId":"David-The-Programmer"},"content":"event /from /to","lastModifiedDate":"2026-01-22T00:56:00","isFullCredit":false},{"lineNumber":32,"author":{"gitId":"David-The-Programmer"},"content":"list","lastModifiedDate":"2026-01-22T11:01:26","isFullCredit":false},{"lineNumber":33,"author":{"gitId":"David-The-Programmer"},"content":"delete","lastModifiedDate":"2026-01-22T11:01:26","isFullCredit":false},{"lineNumber":34,"author":{"gitId":"David-The-Programmer"},"content":"delete 1","lastModifiedDate":"2026-01-22T11:01:26","isFullCredit":false},{"lineNumber":35,"author":{"gitId":"David-The-Programmer"},"content":"list","lastModifiedDate":"2026-01-22T11:01:26","isFullCredit":false},{"lineNumber":36,"author":{"gitId":"David-The-Programmer"},"content":"bye","lastModifiedDate":"2026-01-19T16:21:41","isFullCredit":false}],"authorContributionMap":{"David-The-Programmer":36}},{"path":"text-ui-test/runtest.sh","fileType":"sh","lines":[{"lineNumber":1,"author":{"gitId":"-"},"content":"#!/usr/bin/env bash","lastModifiedDate":"2020-05-25T00:03:55","isFullCredit":false},{"lineNumber":2,"author":{"gitId":"-"},"content":"","lastModifiedDate":"2020-05-25T00:03:55","isFullCredit":false},{"lineNumber":3,"author":{"gitId":"-"},"content":"# create bin directory if it doesn\u0027t exist","lastModifiedDate":"2020-05-25T00:03:55","isFullCredit":false},{"lineNumber":4,"author":{"gitId":"-"},"content":"if [ ! -d \"../bin\" ]","lastModifiedDate":"2020-05-25T00:03:55","isFullCredit":false},{"lineNumber":5,"author":{"gitId":"-"},"content":"then","lastModifiedDate":"2020-05-25T00:03:55","isFullCredit":false},{"lineNumber":6,"author":{"gitId":"-"},"content":"    mkdir ../bin","lastModifiedDate":"2020-05-25T00:03:55","isFullCredit":false},{"lineNumber":7,"author":{"gitId":"-"},"content":"fi","lastModifiedDate":"2020-05-25T00:03:55","isFullCredit":false},{"lineNumber":8,"author":{"gitId":"-"},"content":"","lastModifiedDate":"2020-05-25T00:03:55","isFullCredit":false},{"lineNumber":9,"author":{"gitId":"-"},"content":"# delete output from previous run","lastModifiedDate":"2020-05-25T00:03:55","isFullCredit":false},{"lineNumber":10,"author":{"gitId":"-"},"content":"if [ -e \"./ACTUAL.TXT\" ]","lastModifiedDate":"2020-05-25T00:03:55","isFullCredit":false},{"lineNumber":11,"author":{"gitId":"-"},"content":"then","lastModifiedDate":"2020-05-25T00:03:55","isFullCredit":false},{"lineNumber":12,"author":{"gitId":"-"},"content":"    rm ACTUAL.TXT","lastModifiedDate":"2020-05-25T00:03:55","isFullCredit":false},{"lineNumber":13,"author":{"gitId":"-"},"content":"fi","lastModifiedDate":"2020-05-25T00:03:55","isFullCredit":false},{"lineNumber":14,"author":{"gitId":"-"},"content":"","lastModifiedDate":"2020-05-25T00:03:55","isFullCredit":false},{"lineNumber":15,"author":{"gitId":"-"},"content":"# compile the code into the bin folder, terminates if error occurred","lastModifiedDate":"2020-05-25T00:03:55","isFullCredit":false},{"lineNumber":16,"author":{"gitId":"-"},"content":"if ! javac -cp ../src/main/java -Xlint:none -d ../bin ../src/main/java/*.java","lastModifiedDate":"2020-08-25T17:23:26","isFullCredit":false},{"lineNumber":17,"author":{"gitId":"-"},"content":"then","lastModifiedDate":"2020-05-25T00:03:55","isFullCredit":false},{"lineNumber":18,"author":{"gitId":"-"},"content":"    echo \"********** BUILD FAILURE **********\"","lastModifiedDate":"2020-05-25T00:03:55","isFullCredit":false},{"lineNumber":19,"author":{"gitId":"-"},"content":"    exit 1","lastModifiedDate":"2020-05-25T00:03:55","isFullCredit":false},{"lineNumber":20,"author":{"gitId":"-"},"content":"fi","lastModifiedDate":"2020-05-25T00:03:55","isFullCredit":false},{"lineNumber":21,"author":{"gitId":"-"},"content":"","lastModifiedDate":"2020-05-25T00:03:55","isFullCredit":false},{"lineNumber":22,"author":{"gitId":"-"},"content":"# run the program, feed commands from input.txt file and redirect the output to the ACTUAL.TXT","lastModifiedDate":"2020-05-25T00:03:55","isFullCredit":false},{"lineNumber":23,"author":{"gitId":"David-The-Programmer"},"content":"java -classpath ../bin Atom \u003c input.txt \u003e ACTUAL.TXT","lastModifiedDate":"2026-01-19T16:21:41","isFullCredit":false},{"lineNumber":24,"author":{"gitId":"-"},"content":"","lastModifiedDate":"2020-05-25T00:03:55","isFullCredit":false},{"lineNumber":25,"author":{"gitId":"-"},"content":"# convert to UNIX format","lastModifiedDate":"2020-05-25T00:03:55","isFullCredit":false},{"lineNumber":26,"author":{"gitId":"-"},"content":"cp EXPECTED.TXT EXPECTED-UNIX.TXT","lastModifiedDate":"2020-05-25T00:03:55","isFullCredit":false},{"lineNumber":27,"author":{"gitId":"-"},"content":"dos2unix ACTUAL.TXT EXPECTED-UNIX.TXT","lastModifiedDate":"2020-05-25T00:03:55","isFullCredit":false},{"lineNumber":28,"author":{"gitId":"-"},"content":"","lastModifiedDate":"2020-05-25T00:03:55","isFullCredit":false},{"lineNumber":29,"author":{"gitId":"-"},"content":"# compare the output to the expected output","lastModifiedDate":"2020-05-25T00:03:55","isFullCredit":false},{"lineNumber":30,"author":{"gitId":"-"},"content":"diff ACTUAL.TXT EXPECTED-UNIX.TXT","lastModifiedDate":"2020-05-25T00:03:55","isFullCredit":false},{"lineNumber":31,"author":{"gitId":"-"},"content":"if [ $? -eq 0 ]","lastModifiedDate":"2020-05-25T00:03:55","isFullCredit":false},{"lineNumber":32,"author":{"gitId":"-"},"content":"then","lastModifiedDate":"2020-05-25T00:03:55","isFullCredit":false},{"lineNumber":33,"author":{"gitId":"-"},"content":"    echo \"Test result: PASSED\"","lastModifiedDate":"2020-05-25T00:03:55","isFullCredit":false},{"lineNumber":34,"author":{"gitId":"-"},"content":"    exit 0","lastModifiedDate":"2020-05-25T00:03:55","isFullCredit":false},{"lineNumber":35,"author":{"gitId":"-"},"content":"else","lastModifiedDate":"2020-05-25T00:03:55","isFullCredit":false},{"lineNumber":36,"author":{"gitId":"-"},"content":"    echo \"Test result: FAILED\"","lastModifiedDate":"2020-05-25T00:03:55","isFullCredit":false},{"lineNumber":37,"author":{"gitId":"-"},"content":"    exit 1","lastModifiedDate":"2020-05-25T00:03:55","isFullCredit":false},{"lineNumber":38,"author":{"gitId":"-"},"content":"fi","lastModifiedDate":"2020-05-25T00:03:55","isFullCredit":false}],"authorContributionMap":{"David-The-Programmer":1,"-":37}}]
