{"authorDailyContributionsMap":{"David-The-Programmer":[{"date":"2026-01-17T00:00:00","commitResults":[{"hash":"558660f0c2fd036e80804427bbd4bd3c250e40aa","isMergeCommit":false,"messageTitle":"Complete Level 0: Rename, Greet, Exit","messageBody":"","tags":["Level-0"],"fileTypesAndContributionMap":{"java":{"insertions":16,"deletions":10},"md":{"insertions":1,"deletions":1}}},{"hash":"602b8a8802e36f521deddd599bbd1e964eec9391","isMergeCommit":false,"messageTitle":"Complete Level-1 Echo","messageBody":"","tags":["Level-1"],"fileTypesAndContributionMap":{"java":{"insertions":12,"deletions":1}}},{"hash":"17bd24c72332b28f183c8a983cedf88b39c05152","isMergeCommit":false,"messageTitle":"Complete Level-2 Add,List","messageBody":"","tags":["Level-2"],"fileTypesAndContributionMap":{"java":{"insertions":10,"deletions":1}}},{"hash":"506b6e63f1ba48fbe76843d56cfb8f3527dadd84","isMergeCommit":false,"messageTitle":"Complete Level-3 Mark as Done","messageBody":"","tags":["Level-3"],"fileTypesAndContributionMap":{"java":{"insertions":50,"deletions":2}}},{"hash":"99f41f2086beb83df5a97b9a71df15193c5d7ebc","isMergeCommit":false,"messageTitle":"Complete Level-4 ToDos","messageBody":"","fileTypesAndContributionMap":{"java":{"insertions":20,"deletions":3}}},{"hash":"d8a1d69dbec562cec4bea312ce3635afa1d16eaa","isMergeCommit":false,"messageTitle":"Complete Level-4 Deadlines","messageBody":"","fileTypesAndContributionMap":{"java":{"insertions":20,"deletions":0}}}]},{"date":"2026-01-18T00:00:00","commitResults":[{"hash":"91f2f5088a69877d1ada78ca1fe1d1c7d8df33ce","isMergeCommit":false,"messageTitle":"Complete Level-4 Events","messageBody":"","tags":["Level-4"],"fileTypesAndContributionMap":{"java":{"insertions":30,"deletions":3}}}]},{"date":"2026-01-19T00:00:00","commitResults":[{"hash":"abd09d921ac7ed574c1be36b3c33e9e3dbf2a57d","isMergeCommit":false,"messageTitle":"Add UI tests for current commands","messageBody":"","tags":["A-TextUiTesting"],"fileTypesAndContributionMap":{"txt":{"insertions":7,"deletions":0},"java":{"insertions":3,"deletions":3},"sh":{"insertions":1,"deletions":1}}}]},{"date":"2026-01-21T00:00:00","commitResults":[{"hash":"321851d17e8a22cea7981a2608d3d8595a6c8274","isMergeCommit":false,"messageTitle":"Complete error handling for unknown commands and mark command","messageBody":"","fileTypesAndContributionMap":{"txt":{"insertions":4,"deletions":0},"java":{"insertions":124,"deletions":68}}},{"hash":"c611ba6b03af9100cb1846aaa8bfe7d5e21985b9","isMergeCommit":false,"messageTitle":"Complete error handling for unmark command","messageBody":"","fileTypesAndContributionMap":{"txt":{"insertions":4,"deletions":0},"java":{"insertions":27,"deletions":4}}},{"hash":"2945c8ac8f883b9eefb8d94b34fb3301b48cd94a","isMergeCommit":false,"messageTitle":"Complete error handling for todo command","messageBody":"","fileTypesAndContributionMap":{"txt":{"insertions":2,"deletions":0},"java":{"insertions":23,"deletions":4}}},{"hash":"0dc591c491c974675461531fe17daffa2fd1cf7e","isMergeCommit":false,"messageTitle":"Complete error handling for deadline command","messageBody":"","fileTypesAndContributionMap":{"txt":{"insertions":5,"deletions":0},"java":{"insertions":77,"deletions":35}}}]},{"date":"2026-01-22T00:00:00","commitResults":[{"hash":"661c39fa8c1d40bafa0d953a37f1eb0e052e7508","isMergeCommit":false,"messageTitle":"Complete error handling for event command","messageBody":"","tags":["Level-5"],"fileTypesAndContributionMap":{"txt":{"insertions":10,"deletions":0},"java":{"insertions":57,"deletions":1}}},{"hash":"334556dbc4f59f5ffea23f9f7ad17539122b1daf","isMergeCommit":false,"messageTitle":"Complete delete command","messageBody":"","tags":["Level-6"],"fileTypesAndContributionMap":{"txt":{"insertions":4,"deletions":0},"java":{"insertions":35,"deletions":0}}}]},{"date":"2026-01-28T00:00:00","commitResults":[{"hash":"955d1b9d649d62509f0f18ad99c7c7a02cac239a","isMergeCommit":false,"messageTitle":"Complete writing tasks to disk","messageBody":"","fileTypesAndContributionMap":{"java":{"insertions":299,"deletions":129}}}]},{"date":"2026-01-29T00:00:00","commitResults":[{"hash":"22a94c47c11047ee987b07659359aaafae75e13a","isMergeCommit":false,"messageTitle":"Complete reading tasks from file","messageBody":"","fileTypesAndContributionMap":{"java":{"insertions":172,"deletions":21}}},{"hash":"adec8f35dc0f899211eec0f6e190c38df6d10362","isMergeCommit":true,"messageTitle":"Merge branch \u0027branch-Level-7\u0027","messageBody":"","tags":["Level-7"],"fileTypesAndContributionMap":{}}]},{"date":"2026-01-30T00:00:00","commitResults":[{"hash":"77eae0fa478bff4e16a9c4fc955b934724c4e154","isMergeCommit":false,"messageTitle":"Complete acceptance of datetime inputs","messageBody":"","fileTypesAndContributionMap":{"java":{"insertions":180,"deletions":32}}},{"hash":"94f9e8d7eda0452f2667fce174a0c62e480c6dc9","isMergeCommit":true,"messageTitle":"Merge branch \u0027branch-Level-8\u0027","messageBody":"","tags":["Level-8"],"fileTypesAndContributionMap":{}}]},{"date":"2026-02-01T00:00:00","commitResults":[{"hash":"4cd13c25248a35a196a3393e4a3b4645f00c5ff6","isMergeCommit":false,"messageTitle":"Refactor storage class and add task service class","messageBody":"","fileTypesAndContributionMap":{"java":{"insertions":211,"deletions":101}}}]},{"date":"2026-02-03T00:00:00","commitResults":[{"hash":"ed7fb267ed96fba348a2d44124925ae8a15cb223","isMergeCommit":false,"messageTitle":"Complete parser and UI classes","messageBody":"","fileTypesAndContributionMap":{"txt":{"insertions":33,"deletions":24},"java":{"insertions":615,"deletions":331}}},{"hash":"5279bb30b4aa26bde171cdab301b5292e4e84d18","isMergeCommit":true,"messageTitle":"Merge branch \u0027branch-A-MoreOOP\u0027","messageBody":"","tags":["A-MoreOOP"],"fileTypesAndContributionMap":{}},{"hash":"4f5f5593481603c970983bb94316bf6075d574bf","isMergeCommit":false,"messageTitle":"Complete organisation of classes into packages","messageBody":"","fileTypesAndContributionMap":{"java":{"insertions":164,"deletions":16}}},{"hash":"380b73a6a05554062b450f95a92ba52b3d05df23","isMergeCommit":true,"messageTitle":"Merge branch \u0027branch-A-Packages\u0027","messageBody":"","tags":["A-Packages"],"fileTypesAndContributionMap":{}}]},{"date":"2026-02-04T00:00:00","commitResults":[{"hash":"b7a9f26ab25ffa54dda39632ceb774810676db80","isMergeCommit":true,"messageTitle":"Merge branch \u0027add-gradle-support\u0027","messageBody":"","fileTypesAndContributionMap":{}},{"hash":"c6b7fba1b5156db28c442061586f6dc0189cdd10","isMergeCommit":false,"messageTitle":"Complete gradle build and run","messageBody":"","tags":["A-Gradle"],"fileTypesAndContributionMap":{"gradle":{"insertions":8,"deletions":2}}},{"hash":"fb05a56bd7c9e65d33cc25d3b4b51baec31d64c6","isMergeCommit":false,"messageTitle":"Complete unit tests for task serialiser","messageBody":"","fileTypesAndContributionMap":{"java":{"insertions":153,"deletions":0}}},{"hash":"708f82478899778bcc21305111467616e28a9786","isMergeCommit":false,"messageTitle":"Complete unit tests for deserialiser","messageBody":"","fileTypesAndContributionMap":{"java":{"insertions":160,"deletions":0}}},{"hash":"474d52e49b41d079dd738d4fab205cbbcd1974df","isMergeCommit":false,"messageTitle":"Complete unit tests for parser","messageBody":"","fileTypesAndContributionMap":{"java":{"insertions":169,"deletions":1}}},{"hash":"5d7a6ae1c6657833e117977daf7360d0d03e3bbd","isMergeCommit":true,"messageTitle":"Merge branch \u0027branch-A-JUnit\u0027","messageBody":"","tags":["A-Jar","A-JUnit"],"fileTypesAndContributionMap":{}},{"hash":"e453e78f22dc91a3b48b122f3bf4ef29b6e37cee","isMergeCommit":false,"messageTitle":"Complete fix of import checkstyle errors","messageBody":"","fileTypesAndContributionMap":{"java":{"insertions":49,"deletions":46}}},{"hash":"0fccaaa2df04212cb39f1ef828fab8fd8e6024be","isMergeCommit":false,"messageTitle":"Complete addition of JavaDoc comments","messageBody":"","fileTypesAndContributionMap":{"java":{"insertions":623,"deletions":12}}},{"hash":"baea5911121f74bc320dac0512a8d3cceaa3fa54","isMergeCommit":false,"messageTitle":"Complete find command","messageBody":"","fileTypesAndContributionMap":{"java":{"insertions":99,"deletions":1}}},{"hash":"3981eafd89843e514fa9bfcfa2bb24f768300fa7","isMergeCommit":true,"messageTitle":"Merge branch \u0027branch-A-JavaDoc\u0027","messageBody":"","tags":["A-JavaDoc"],"fileTypesAndContributionMap":{}},{"hash":"d57e2114ebbed11dfaaa075702e3f4beeed9ad22","isMergeCommit":true,"messageTitle":"Fix merge conflicts","messageBody":"","tags":["A-CodingStandard"],"fileTypesAndContributionMap":{}},{"hash":"99750deef0f1cd13d98f3d2fe61c1e16b3c5e843","isMergeCommit":true,"messageTitle":"Resolve merge conflict","messageBody":"","fileTypesAndContributionMap":{}},{"hash":"354bd55c5edfbf78520dddb678b65e6f4aad8e5a","isMergeCommit":false,"messageTitle":"Resolve checkstyle errors","messageBody":"","tags":["Level-9"],"fileTypesAndContributionMap":{"java":{"insertions":37,"deletions":36}}}]}]},"authorFileTypeContributionMap":{"David-The-Programmer":{"java":2593,"md":1,"fxml":0,"sh":1,"bat":0,"gradle":8,"txt":45}},"authorContributionVariance":{"David-The-Programmer":117389.32},"authorDisplayNameMap":{"David-The-Programmer":"CS2103-F13-4 DAVI..UHUI"}}
