{"authorDailyContributionsMap":{"AK-matrix":[{"date":"2026-01-20T00:00:00","commitResults":[{"hash":"710ea5ac1c5a609dc283640592c2b2b59ce613db","isMergeCommit":false,"messageTitle":"AK.java: Add AK class with greet and exit commands","messageBody":"Introduce the AK class as a central entry point for basic user interaction.\\n\\nImplement greet and exit commands to handle initial greeting and clean application termination.\n","tags":["Level-0"],"fileTypesAndContributionMap":{"java":{"insertions":25,"deletions":10},"bat":{"insertions":1,"deletions":1},"sh":{"insertions":1,"deletions":1},"md":{"insertions":4,"deletions":4}}},{"hash":"59089719989b515ef3337751b740baff1f2d7855","isMergeCommit":false,"messageTitle":"AK: Implement echo feature","messageBody":"Implement a REPL loop to echo user commands entered via standard input.\\nDetect \u0027bye\u0027 command to terminate the application.\n","tags":["Level-1"],"fileTypesAndContributionMap":{"txt":{"insertions":7,"deletions":0},"java":{"insertions":58,"deletions":13},"bat":{"insertions":1,"deletions":1}}},{"hash":"8c1f5dbe65f17748b39c4ab43cb2c8aa9776e758","isMergeCommit":false,"messageTitle":"AK: Add task list functionality","messageBody":"Add ability to store and list tasks using a fixed-size array.\\nSupport \u0027list\u0027 to view tasks and \u0027bye\u0027 to exit.\n","tags":["Level-2"],"fileTypesAndContributionMap":{"java":{"insertions":27,"deletions":6}}},{"hash":"89e12366bff87b9afe943adbc118164fcb6216de","isMergeCommit":false,"messageTitle":"AK: Add Mark as Done functionality","messageBody":"Introduce Task class to represent tasks with completion status.\\nImplement \u0027mark\u0027 and \u0027unmark\u0027 commands to toggle task status.\\nUpdate \u0027list\u0027 command to display task status icons ([X] or [ ]).\\nRefactor main loop to handle command parsing with arguments.\n","tags":["Level-3"],"fileTypesAndContributionMap":{"java":{"insertions":116,"deletions":11}}},{"hash":"3416b4ecbbdeff4baf599679c590d539264f7579","isMergeCommit":false,"messageTitle":"AK: Add Todo, Deadline, and Event task types","messageBody":"Introduce specific task types inheriting from Task class.\\nSupport \u0027todo\u0027, \u0027deadline\u0027, and \u0027event\u0027 commands.\\nUpdate parsing logic to handle /by, /from, and /to delimiters.\\nRefactor addTask to accept Task objects and confirm addition.\n","tags":["Level-4"],"fileTypesAndContributionMap":{"java":{"insertions":126,"deletions":8}}},{"hash":"09898f3abe025c4d0ba0c788e83f047703dcd78b","isMergeCommit":false,"messageTitle":"Testing: Add I/O redirection","messageBody":"Create input.txt and EXPECTED.TXT in text-ui-test directory\\nto enable regression testing using I/O redirection.\n","tags":["A-TextUiTesting"],"fileTypesAndContributionMap":{"txt":{"insertions":72,"deletions":6}}},{"hash":"a5aa0a4c770e1abc024cb83591a7d368fd1a60d1","isMergeCommit":false,"messageTitle":"AK: Add error handling and AkException class","messageBody":"Implement AkException class to handle chatbot-specific errors.\\nRefactor processCommand to throw AkException for invalid inputs.\\nCatch AkException in main loop and display OOPS!!! error messages.\\nHandle cases: empty descriptions, invalid formats, unknown commands.\n","tags":["Level-5"],"fileTypesAndContributionMap":{"txt":{"insertions":51,"deletions":0},"java":{"insertions":103,"deletions":54}}},{"hash":"4645cebe8bc50135242b18e26c98949550d8a3e0","isMergeCommit":false,"messageTitle":"AK: Add delete command and use ArrayList","messageBody":"Refactor task storage from fixed-size array to ArrayList.\\nImplement \u0027delete\u0027 command to remove tasks from the list.\\nUpdate add, list, mark, and unmark logic to work with ArrayList.\\nAdd error handling for invalid delete index.\\nUpdate regression tests to include delete scenarios.\n","tags":["Level-6"],"fileTypesAndContributionMap":{"txt":{"insertions":24,"deletions":50},"java":{"insertions":44,"deletions":15}}},{"hash":"45c64d5e6a32faa0ca7d8ed0525492d7b99fdee3","isMergeCommit":false,"messageTitle":"AK: Use Command Enum and update AI.md","messageBody":"Refactor command processing logic to use Java Enums.\\nReplace string literal commands with switch-case on Command enum.\\nAdd detailed AI tool usage logs and observations to AI.md.\n","tags":["A-Enums"],"fileTypesAndContributionMap":{"java":{"insertions":76,"deletions":67},"md":{"insertions":21,"deletions":0}}}]},{"date":"2026-01-28T00:00:00","commitResults":[{"hash":"48d1cdcfa0eb51bd7cc61a81d53cce0aec6bbb24","isMergeCommit":false,"messageTitle":"AK: Add Save/Load feature","messageBody":"Implement Storage class to handle\\nfile I/O operations.\\nIntegrate Storage into AK.java to\\nload tasks on startup and save on\\nmodification.\\nUpdate Task classes to include\\ntoFileString() method for\\nformatting data.\n","fileTypesAndContributionMap":{"txt":{"insertions":3,"deletions":0},"java":{"insertions":156,"deletions":8},"bat":{"insertions":2,"deletions":0}}},{"hash":"c116b8739b72d97a823c7f12b6a91bebce1a24cc","isMergeCommit":true,"messageTitle":"Merge branch-Level-7 (Level 7 Save)","messageBody":"","tags":["Level-7"],"fileTypesAndContributionMap":{}},{"hash":"533812aee7044ce3ae5437c46e3280f813e15661","isMergeCommit":false,"messageTitle":"AK: Add DateTime support to Deadline and Event","messageBody":"Upgrade Deadline and Event classes\\nto use LocalDateTime.\\nSupport input format yyyy-MM-dd\\nHHmm (e.g., 2019-12-01 1800).\\nDisplay dates with time in format\\nMMM d yyyy, h:mm a.\n","fileTypesAndContributionMap":{"txt":{"insertions":24,"deletions":14},"java":{"insertions":43,"deletions":23}}},{"hash":"074f0e3782b4a2080d8d2f5dd3a2fa4fdb3964a9","isMergeCommit":true,"messageTitle":"Merge branch \u0027branch-Level-8\u0027","messageBody":"","tags":["Level-8"],"fileTypesAndContributionMap":{}},{"hash":"e8ed30f121b60e852daeffe57962fa70b84c23e6","isMergeCommit":false,"messageTitle":"AK: precise OOP refactoring","messageBody":"Refactor monolithic AK class into\\nspecialized classes: Ui, Storage,\\nTaskList, Parser.\\nImplement Command Pattern with\\nabstract Command class and concrete\\nsubclasses (AddCommand,\\nDeleteCommand, ExitCommand, etc.).\\nDecouple user interaction, logic,\\nand storage.\n","fileTypesAndContributionMap":{"txt":{"insertions":2,"deletions":2},"java":{"insertions":457,"deletions":241}}},{"hash":"950ee91d8072880b6074f91cd02a824ab3a34f21","isMergeCommit":true,"messageTitle":"Merge branch \u0027branch-A-MoreOOP\u0027","messageBody":"","tags":["A-MoreOOP"],"fileTypesAndContributionMap":{}},{"hash":"ba27f14e036cf49b9ebf4f5a7c6e820e3de9030d","isMergeCommit":false,"messageTitle":"AK: Reorganize classes into packages","messageBody":"Structure classes into logical\\npackages under the ak.* namespace:\\n- ak.ui\\n- ak.task\\n- ak.command\\n- ak.storage\\n- ak.parser\\n- ak.exception\\nUpdate Runtest.bat to support\\npackaged compilation.\n","fileTypesAndContributionMap":{"txt":{"insertions":19,"deletions":2},"java":{"insertions":135,"deletions":5},"bat":{"insertions":3,"deletions":2}}},{"hash":"c6a7a28f75b575e3cb30c6adea64436d95082d41","isMergeCommit":true,"messageTitle":"Merge branch \u0027branch-A-Packages\u0027","messageBody":"","tags":["A-Packages"],"fileTypesAndContributionMap":{}},{"hash":"2741bc671440f48e2defae9ad2cceccda488b0bc","isMergeCommit":true,"messageTitle":"Merge remote-tracking branch \u0027origin/add-gradle-support\u0027","messageBody":"","fileTypesAndContributionMap":{}}]},{"date":"2026-01-29T00:00:00","commitResults":[{"hash":"eeb80c6b08185e50a8093c30fd908e3269472294","isMergeCommit":false,"messageTitle":"AK: Configure Gradle","messageBody":"- Updated build.gradle:\\n    - Set main class to ak.AK.\\n    - Renamed output jar to ak.jar.\\n    - Configured Java toolchain to\\nstrictly use Java 17.\n","tags":["A-Gradle"],"fileTypesAndContributionMap":{"gradle":{"insertions":8,"deletions":2},"txt":{"insertions":85,"deletions":1},"bat":{"insertions":3,"deletions":8}}},{"hash":"022a0b29ce42f431a0d6d8fe9a1ae6da4bc3b8ac","isMergeCommit":false,"messageTitle":"Implement JUnit Tests (A-JUnit)","messageBody":"- Added JUnit 5 test classes:\\n    - [ParserTest]\\n    - [DeadlineTest]\\n    - [TodoTest]\\n- Fixed test expectations to match\\nstrict exception output and date\\nformatting.\n","tags":["A-Jar","A-JUnit"],"fileTypesAndContributionMap":{"txt":{"insertions":0,"deletions":84},"java":{"insertions":90,"deletions":0}}},{"hash":"cdee9b5fab319303d89bd4e8db1723b4e8ff1dd2","isMergeCommit":false,"messageTitle":"Add JavaDoc Comments (A-JavaDoc)","messageBody":"- Updated Javadoc for\\nUi.showWelcome() for better\\nclarity in addition to pre-existing\\njavadoc comments\n","fileTypesAndContributionMap":{"java":{"insertions":1,"deletions":1}}},{"hash":"99d8d59d7aef156d7f64b4937fcca7d9956504e4","isMergeCommit":true,"messageTitle":"Merge branch \u0027branch-A-JavaDoc\u0027","messageBody":"","tags":["A-JavaDoc"],"fileTypesAndContributionMap":{}},{"hash":"456901efbe29efafb4221ab70d991a790d02c5f8","isMergeCommit":false,"messageTitle":"Configure VS Code Coding Standards","messageBody":"- Created .vscode/settings.json to\\nenforce project coding standards\\nlocally.\n","fileTypesAndContributionMap":{"java":{"insertions":1,"deletions":1}}},{"hash":"917b1af4afdb4b546e6d6e9f429ed5e6abe73afc","isMergeCommit":true,"messageTitle":"Merge branch \u0027branch-A-CodingStandard\u0027","messageBody":"","tags":["A-CodingStandard"],"fileTypesAndContributionMap":{}},{"hash":"2b5ff72e47b6ae64f7bb83f66724db5160970016","isMergeCommit":false,"messageTitle":"Implement Find Feature (Level 9)","messageBody":"- Added FindCommand to allow users to\\nsearch for tasks by keyword.\\n- Updated TaskList to include\\nfind(keyword) method for filtering\\ntasks.\\n- Updated Parser to support the find\\ncommand.\\n- Updated Ui to display found tasks.\n","fileTypesAndContributionMap":{"java":{"insertions":102,"deletions":0},"md":{"insertions":0,"deletions":30}}},{"hash":"8fbd714357f054f6e2fbed90ffde6430696b7e03","isMergeCommit":true,"messageTitle":"Merge branch \u0027branch-Level-9\u0027","messageBody":"","tags":["Level-9"],"fileTypesAndContributionMap":{}}]},{"date":"2026-02-03T00:00:00","commitResults":[{"hash":"febce6bb6beb34791bc5ae5605b405e8ce6ee1bd","isMergeCommit":false,"messageTitle":"Integrate Checkstyle and enforce coding standards","messageBody":"- Configure Gradle to use\\nCheckstyle plugin with provided\\nrules.\\n- Remove unused imports in\\nFindCommand and DeadlineTest.\\n- Fix indentation in Storage.java\\nto comply with Checkstyle (16\\nspaces for case).\n","fileTypesAndContributionMap":{"gradle":{"insertions":5,"deletions":0},"txt":{"insertions":5,"deletions":1},"java":{"insertions":59,"deletions":54}}},{"hash":"b302874f7b3722d5e9dbfd9b7fea8141d1cf1b08","isMergeCommit":true,"messageTitle":"Merge branch \u0027branch-A-CheckStyle\u0027","messageBody":"","tags":["A-CheckStyle"],"fileTypesAndContributionMap":{}}]},{"date":"2026-02-04T00:00:00","commitResults":[{"hash":"012aada830201ede03adae350d021dc43e051dea","isMergeCommit":false,"messageTitle":"GUI: Implement JavaFX interface","messageBody":"Add FXML layouts and controllers\\n(MainWindow, DialogBox) for chat\\nUI.\\n- Refactor AK/Ui classes to support\\nGUI response capturing.\\n- Implement smart avatar cropping\\n(top-square) and circular clipping.\n","fileTypesAndContributionMap":{"gradle":{"insertions":16,"deletions":1},"txt":{"insertions":1,"deletions":2},"fxml":{"insertions":36,"deletions":0},"java":{"insertions":251,"deletions":22}}},{"hash":"b69ac06ac0646963de9715692034ca6254766ce1","isMergeCommit":true,"messageTitle":"Merge branch \u0027branch-Level-10\u0027","messageBody":"","tags":["Level-10"],"fileTypesAndContributionMap":{}},{"hash":"a1b38d7dc05f4b2c4beebc45e35f5938694371b0","isMergeCommit":false,"messageTitle":"Refactor Ui to use varargs","messageBody":"- Update printOutput to accept\nvariable arguments (String ...).\n- Allow multiple messages to be\nprinted in a single shell.\n","fileTypesAndContributionMap":{"java":{"insertions":9,"deletions":5}}},{"hash":"431f5e0886c4cfe50bec852f37102c445701ddfb","isMergeCommit":true,"messageTitle":"Merge branch \u0027branch-A-Varargs\u0027","messageBody":"","tags":["A-Varargs"],"fileTypesAndContributionMap":{}}]},{"date":"2026-02-05T00:00:00","commitResults":[{"hash":"83078f3c8045c6a77daf4d33d3b510032b6902d0","isMergeCommit":false,"messageTitle":"GUI: Polish visuals with Royal Crimson and Gold accents","messageBody":"- Refine background and sizing logic in\\nDialogBox.java.\\n- Fix coding standard violations.\n","fileTypesAndContributionMap":{"txt":{"insertions":10,"deletions":5},"fxml":{"insertions":1,"deletions":1},"java":{"insertions":18,"deletions":2}}}]},{"date":"2026-02-07T00:00:00","commitResults":[{"hash":"a62769bb4aa7c310ef986d844dfcc9bb83e4bf39","isMergeCommit":false,"messageTitle":"Parser class: Extract constants for command strings","messageBody":"The Parser class uses magic strings for command keywords and\nerror messages. This makes the code harder to maintain and\nprone to errors if the strings involve typos.\n\nIt also leads to long line lengths that violate the 120-character\nlimit.\n\nLet\u0027s extract these strings into named constants. This improves\nreadability and ensures that command keywords are defined in\na single place.\nIt also ensures that long error messages are wrapped correctly.\n","fileTypesAndContributionMap":{"java":{"insertions":28,"deletions":17},"md":{"insertions":508,"deletions":0}}},{"hash":"a2e31c7678f9eee29408cdea40e5aa4a70cc37f3","isMergeCommit":false,"messageTitle":"Classes: Add assertions to document assumptions","messageBody":"Several classes rely on implicit assumptions about\nthe program state.\nFor example, Storage assumes the file path is valid,\nand TaskList assumes indices are within bounds.\n\nJava Assertions are a good way to document these\nimportant assumptions explicitly in the code.\n\nLet\u0027s add assertions to Storage, TaskList, and Ui to\nverify:\n- File path is not null/empty (Storage)\n- Task index is within bounds (TaskList)\n- Scanner is initialized (Ui)\n","fileTypesAndContributionMap":{"java":{"insertions":3,"deletions":0}}},{"hash":"6a1969cf026eef43832fd805a48fdc39e693fc2f","isMergeCommit":false,"messageTitle":"TaskList class: Use Streams for filtering","messageBody":"TaskList currently uses an explicit loop to find\nmatching tasks.\n\nUsing Streams allows for a more declarative approach\nto filtering. This makes the code more concise and\nreadable compared to the imperative loop style.\n\nLet\u0027s refactor the find method to use Java Streams.\n","fileTypesAndContributionMap":{"txt":{"insertions":2,"deletions":10},"java":{"insertions":2,"deletions":7}}},{"hash":"232dd1653c844a29608c250c23411573ad45a6a3","isMergeCommit":true,"messageTitle":"Merge pull request #3 from AK-matrix/branch-A-Streams","messageBody":"TaskList class: Use Streams for filtering","tags":["A-Streams"],"fileTypesAndContributionMap":{}},{"hash":"95ec245474299a710e17930bb3d6317b3ff6829f","isMergeCommit":true,"messageTitle":"Merge branch \u0027master\u0027 into branch-A-CodeQuality","messageBody":"","fileTypesAndContributionMap":{}},{"hash":"4dd3963bdd519f200836d61f18c46af208a50f84","isMergeCommit":true,"messageTitle":"Merge branch \u0027master\u0027 into branch-A-Assertions","messageBody":"","fileTypesAndContributionMap":{}},{"hash":"099c49d0f3c5fb578d5ce4106fe3e4d7a67667e5","isMergeCommit":true,"messageTitle":"Merge pull request #1 from AK-matrix/branch-A-Assertions","messageBody":"Branch A-Assertions","tags":["A-Assertions"],"fileTypesAndContributionMap":{}},{"hash":"e4593cf8a8230dfeeec96bbc3762020f01c4e601","isMergeCommit":true,"messageTitle":"Merge branch \u0027master\u0027 into branch-A-CodeQuality","messageBody":"","fileTypesAndContributionMap":{}},{"hash":"d167d2ba352542f95660a85c893ffda7dd16dd45","isMergeCommit":true,"messageTitle":"Merge pull request #2 from AK-matrix/branch-A-CodeQuality","messageBody":"Parser class: Extract constants for command strings","tags":["A-CodeQuality"],"fileTypesAndContributionMap":{}},{"hash":"2095769646e910704fe5bd5c0aa7da079be7f3a9","isMergeCommit":false,"messageTitle":"Add User Guide","messageBody":"Add a User Guide to the project documentation.\n\nThis documentation provides instructions on how to use the\nchatbot.\n\nIt includes details on features like adding tasks, deleting\ntasks, and finding tasks.\nThis helps new users understand how to interact with the\napplication.\n","fileTypesAndContributionMap":{"md":{"insertions":89,"deletions":0}}},{"hash":"521bf1a9d9bff8bda21430064c5a52457344d422","isMergeCommit":true,"messageTitle":"Merge branch \u0027branch-Extension\u0027","messageBody":"","tags":["BCD-Extension"],"fileTypesAndContributionMap":{}},{"hash":"22f5144e16c4c8a7929143fa3657d2a074c191f7","isMergeCommit":false,"messageTitle":"Docs: Refine a professional Game of Thrones themed User Guide","messageBody":"","fileTypesAndContributionMap":{"md":{"insertions":75,"deletions":57}}},{"hash":"830849589dc3fd6348f9882f44eaf1d60d2901bf","isMergeCommit":false,"messageTitle":"Docs: Add download link","messageBody":"","fileTypesAndContributionMap":{"md":{"insertions":3,"deletions":2}}}]},{"date":"2026-02-08T00:00:00","commitResults":[{"hash":"8f755b4b510bffd23a0f7e339eb8be7119ebbab3","isMergeCommit":false,"messageTitle":"Fix text-ui-test bugs","messageBody":"","fileTypesAndContributionMap":{"txt":{"insertions":0,"deletions":2},"java":{"insertions":6,"deletions":19},"bat":{"insertions":4,"deletions":3}}},{"hash":"af91c4ae9439ccd2bba64f99591c2d8706ccb342","isMergeCommit":false,"messageTitle":"Fix machine-dependant date format issues","messageBody":"","fileTypesAndContributionMap":{"txt":{"insertions":9,"deletions":10},"java":{"insertions":18,"deletions":15}}},{"hash":"2d5c0749e331799f8fea7eab12fa1f0114bc6f9c","isMergeCommit":false,"messageTitle":"Fix runtest.sh to reflect updated test behaviour","messageBody":"","fileTypesAndContributionMap":{"sh":{"insertions":11,"deletions":2}}},{"hash":"3b8b41d9498ef2b09b45a4b18c62a55f4a58f146","isMergeCommit":false,"messageTitle":"Fix rebase conflicts","messageBody":"","fileTypesAndContributionMap":{"bat":{"insertions":1,"deletions":1},"sh":{"insertions":5,"deletions":6}}},{"hash":"b42a6b160e44d2452a9722ee4531572b39e1aa66","isMergeCommit":false,"messageTitle":"Add newline in expected test case file","messageBody":"","fileTypesAndContributionMap":{}},{"hash":"5d370e4ac07492f1add61916a73124dd47f26904","isMergeCommit":false,"messageTitle":"Fix OS wide encoding issues","messageBody":"","fileTypesAndContributionMap":{}},{"hash":"9ce04555a74712195901ef965a8f8ca0dec5a7a6","isMergeCommit":false,"messageTitle":"Fix cross-OS issues related to test files","messageBody":"","fileTypesAndContributionMap":{"txt":{"insertions":1,"deletions":0}}}]}]},"authorFileTypeContributionMap":{"AK-matrix":{"java":1360,"md":626,"fxml":36,"sh":14,"bat":7,"gradle":28,"txt":126}},"authorContributionVariance":{"AK-matrix":89169.79},"authorDisplayNameMap":{"AK-matrix":"CS2103T-T17-4 KAMA..TOSH"}}
