{"authorDailyContributionsMap":{"AK-matrix":[{"date":"2026-01-20T00:00:00","commitResults":[{"hash":"710ea5ac1c5a609dc283640592c2b2b59ce613db","isMergeCommit":false,"messageTitle":"AK.java: Add AK class with greet and exit commands","messageBody":"Introduce the AK class as a central entry point for basic user interaction.\\n\\nImplement greet and exit commands to handle initial greeting and clean application termination.\n","tags":["Level-0"],"fileTypesAndContributionMap":{"java":{"insertions":25,"deletions":10},"bat":{"insertions":1,"deletions":1},"sh":{"insertions":1,"deletions":1},"md":{"insertions":4,"deletions":4}}},{"hash":"59089719989b515ef3337751b740baff1f2d7855","isMergeCommit":false,"messageTitle":"AK: Implement echo feature","messageBody":"Implement a REPL loop to echo user commands entered via standard input.\\nDetect \u0027bye\u0027 command to terminate the application.\n","tags":["Level-1"],"fileTypesAndContributionMap":{"txt":{"insertions":7,"deletions":0},"java":{"insertions":58,"deletions":13},"bat":{"insertions":1,"deletions":1}}},{"hash":"8c1f5dbe65f17748b39c4ab43cb2c8aa9776e758","isMergeCommit":false,"messageTitle":"AK: Add task list functionality","messageBody":"Add ability to store and list tasks using a fixed-size array.\\nSupport \u0027list\u0027 to view tasks and \u0027bye\u0027 to exit.\n","tags":["Level-2"],"fileTypesAndContributionMap":{"java":{"insertions":27,"deletions":6}}},{"hash":"89e12366bff87b9afe943adbc118164fcb6216de","isMergeCommit":false,"messageTitle":"AK: Add Mark as Done functionality","messageBody":"Introduce Task class to represent tasks with completion status.\\nImplement \u0027mark\u0027 and \u0027unmark\u0027 commands to toggle task status.\\nUpdate \u0027list\u0027 command to display task status icons ([X] or [ ]).\\nRefactor main loop to handle command parsing with arguments.\n","tags":["Level-3"],"fileTypesAndContributionMap":{"java":{"insertions":116,"deletions":11}}},{"hash":"3416b4ecbbdeff4baf599679c590d539264f7579","isMergeCommit":false,"messageTitle":"AK: Add Todo, Deadline, and Event task types","messageBody":"Introduce specific task types inheriting from Task class.\\nSupport \u0027todo\u0027, \u0027deadline\u0027, and \u0027event\u0027 commands.\\nUpdate parsing logic to handle /by, /from, and /to delimiters.\\nRefactor addTask to accept Task objects and confirm addition.\n","tags":["Level-4"],"fileTypesAndContributionMap":{"java":{"insertions":126,"deletions":8}}},{"hash":"09898f3abe025c4d0ba0c788e83f047703dcd78b","isMergeCommit":false,"messageTitle":"Testing: Add I/O redirection","messageBody":"Create input.txt and EXPECTED.TXT in text-ui-test directory\\nto enable regression testing using I/O redirection.\n","tags":["A-TextUiTesting"],"fileTypesAndContributionMap":{"txt":{"insertions":72,"deletions":6}}},{"hash":"a5aa0a4c770e1abc024cb83591a7d368fd1a60d1","isMergeCommit":false,"messageTitle":"AK: Add error handling and AkException class","messageBody":"Implement AkException class to handle chatbot-specific errors.\\nRefactor processCommand to throw AkException for invalid inputs.\\nCatch AkException in main loop and display OOPS!!! error messages.\\nHandle cases: empty descriptions, invalid formats, unknown commands.\n","tags":["Level-5"],"fileTypesAndContributionMap":{"txt":{"insertions":51,"deletions":0},"java":{"insertions":103,"deletions":54}}},{"hash":"4645cebe8bc50135242b18e26c98949550d8a3e0","isMergeCommit":false,"messageTitle":"AK: Add delete command and use ArrayList","messageBody":"Refactor task storage from fixed-size array to ArrayList.\\nImplement \u0027delete\u0027 command to remove tasks from the list.\\nUpdate add, list, mark, and unmark logic to work with ArrayList.\\nAdd error handling for invalid delete index.\\nUpdate regression tests to include delete scenarios.\n","tags":["Level-6"],"fileTypesAndContributionMap":{"txt":{"insertions":24,"deletions":50},"java":{"insertions":44,"deletions":15}}},{"hash":"45c64d5e6a32faa0ca7d8ed0525492d7b99fdee3","isMergeCommit":false,"messageTitle":"AK: Use Command Enum and update AI.md","messageBody":"Refactor command processing logic to use Java Enums.\\nReplace string literal commands with switch-case on Command enum.\\nAdd detailed AI tool usage logs and observations to AI.md.\n","tags":["A-Enums"],"fileTypesAndContributionMap":{"java":{"insertions":76,"deletions":67},"md":{"insertions":21,"deletions":0}}}]}]},"authorFileTypeContributionMap":{"AK-matrix":{"java":401,"md":25,"fxml":0,"sh":1,"bat":1,"gradle":0,"txt":97}},"authorContributionVariance":{"AK-matrix":77001.22},"authorDisplayNameMap":{"AK-matrix":"CS2103T-T17-4 KAMA..TOSH"}}
