{"authorDailyContributionsMap":{"mingjelly":[{"date":"2026-01-23T00:00:00","commitResults":[{"hash":"fc1a575e0b2c402c0b40ee5f3f9c25e6046a6433","isMergeCommit":false,"messageTitle":"\"Completed Level 0\"","messageBody":"","tags":["Level-0"],"fileTypesAndContributionMap":{"java":{"insertions":7,"deletions":10}}},{"hash":"628d038e3d41601804346d36a17e0e80e1e8d9ac","isMergeCommit":false,"messageTitle":"\"Completed Level 1\"","messageBody":"","tags":["Level-1"],"fileTypesAndContributionMap":{"java":{"insertions":16,"deletions":0}}},{"hash":"1019ad039c239c9f701cd94ae8e96726d7e4879f","isMergeCommit":false,"messageTitle":"Add command list functionality","messageBody":"","tags":["Level-2"],"fileTypesAndContributionMap":{"java":{"insertions":15,"deletions":1}}}]},{"date":"2026-01-24T00:00:00","commitResults":[{"hash":"4855a97b09a32beff78b26041368dfd8738c967d","isMergeCommit":false,"messageTitle":"Add mark as done and undone","messageBody":"","tags":["Level-3"],"fileTypesAndContributionMap":{"java":{"insertions":62,"deletions":10}}},{"hash":"c124e8d24f52989c25358df2f256bb5b5edd122d","isMergeCommit":false,"messageTitle":"Add 3 specific task types: Todo, Event, Deadline","messageBody":"","tags":["Level-4"],"fileTypesAndContributionMap":{"java":{"insertions":83,"deletions":4}}},{"hash":"aa7d917ccb343e11ad469ebb05dd6139040f8c46","isMergeCommit":false,"messageTitle":"Add automated io testing","messageBody":"","tags":["A-TextUiTesting"],"fileTypesAndContributionMap":{"txt":{"insertions":6,"deletions":0},"bat":{"insertions":18,"deletions":8}}},{"hash":"8bc4cb7d7656baf722ab52bcfbf73bb7b97ddc7a","isMergeCommit":false,"messageTitle":"Add new jellicentexception","messageBody":"","tags":["Level-5"],"fileTypesAndContributionMap":{"txt":{"insertions":13,"deletions":0},"java":{"insertions":124,"deletions":65},"bat":{"insertions":2,"deletions":2}}},{"hash":"55083d15b30f8d482222bf63579ed14c1d639ef1","isMergeCommit":false,"messageTitle":"Add ability to delete tasks","messageBody":"","tags":["Level-6"],"fileTypesAndContributionMap":{"txt":{"insertions":13,"deletions":0},"java":{"insertions":54,"deletions":32},"bat":{"insertions":1,"deletions":1}}},{"hash":"bc395c3579133d69c99d7106ab0ab885b8434324","isMergeCommit":false,"messageTitle":"Change commands to enums","messageBody":"","tags":["A-Enums"],"fileTypesAndContributionMap":{"txt":{"insertions":1,"deletions":0},"java":{"insertions":31,"deletions":14}}}]},{"date":"2026-01-26T00:00:00","commitResults":[{"hash":"cb2209b2848f0b0ffd1ce8557231f4eea8148750","isMergeCommit":false,"messageTitle":"Add save and load data capability","messageBody":"","fileTypesAndContributionMap":{"txt":{"insertions":0,"deletions":0},"java":{"insertions":82,"deletions":6}}},{"hash":"333f6b2b7f12f92db8d1f7bee7257826a45b82ad","isMergeCommit":false,"messageTitle":"Modify run.bat to work well with files","messageBody":"","fileTypesAndContributionMap":{"txt":{"insertions":26,"deletions":0},"bat":{"insertions":5,"deletions":9}}},{"hash":"972fbb6468df4e8402b991b1bc78e9c31d57c95b","isMergeCommit":false,"messageTitle":"Add helper addTask to enhance readability","messageBody":"","fileTypesAndContributionMap":{"java":{"insertions":22,"deletions":33}}},{"hash":"868474706d0c299345f2a7f87dd165a755f13dbb","isMergeCommit":true,"messageTitle":"Merge branch \u0027branch-Level-7\u0027","messageBody":"","tags":["Level-7"],"fileTypesAndContributionMap":{}},{"hash":"fbd209267ab2b89ef157b9f99b960ccede74abf5","isMergeCommit":false,"messageTitle":"Add datetime input handling","messageBody":"","fileTypesAndContributionMap":{"txt":{"insertions":34,"deletions":43},"java":{"insertions":82,"deletions":18},"bat":{"insertions":1,"deletions":1}}},{"hash":"150d84a20b5911213f4d3f0a34b2738a697e1477","isMergeCommit":false,"messageTitle":"Add enhanced for and switch","messageBody":"","fileTypesAndContributionMap":{"java":{"insertions":8,"deletions":8}}},{"hash":"dbee87a602f6b9bcb190fbf99c467fe45e99d089","isMergeCommit":false,"messageTitle":"Edit text files to correct format","messageBody":"","fileTypesAndContributionMap":{"txt":{"insertions":3,"deletions":3}}},{"hash":"5bd1ddc0f94d2e4b0c9dec807e1f0d7f58d13317","isMergeCommit":true,"messageTitle":"Merge branch \u0027branch-Level-8\u0027","messageBody":"","tags":["Level-8"],"fileTypesAndContributionMap":{}},{"hash":"6445239647088f564a40430902599f3a9765d948","isMergeCommit":false,"messageTitle":"Create new TaskList class","messageBody":"","fileTypesAndContributionMap":{"txt":{"insertions":6,"deletions":0},"java":{"insertions":78,"deletions":28}}},{"hash":"3c61b98abee90991a2dac71504ba2925e0f7e162","isMergeCommit":false,"messageTitle":"Clear unused fields and variables","messageBody":"","fileTypesAndContributionMap":{"java":{"insertions":1,"deletions":4}}},{"hash":"a51b9cd8f294e3f2b400551b8324176c2925caa2","isMergeCommit":false,"messageTitle":"Add ui class","messageBody":"","fileTypesAndContributionMap":{"txt":{"insertions":3,"deletions":0},"java":{"insertions":73,"deletions":24}}},{"hash":"a8a1e6cc518fea29ce5257c5853ad02548f7a0b8","isMergeCommit":false,"messageTitle":"Add storage class","messageBody":"","fileTypesAndContributionMap":{"txt":{"insertions":4,"deletions":0},"java":{"insertions":75,"deletions":58}}},{"hash":"cee59567140794fb88cc43547ece5d56838c6436","isMergeCommit":false,"messageTitle":"Fix missing delete ui","messageBody":"","fileTypesAndContributionMap":{"java":{"insertions":8,"deletions":4}}}]},{"date":"2026-01-27T00:00:00","commitResults":[{"hash":"7883d107d3f10e5ebae31bd1bc3e6b09da5d0e97","isMergeCommit":false,"messageTitle":"Add more classes to improve structure","messageBody":"","fileTypesAndContributionMap":{"txt":{"insertions":14,"deletions":0},"java":{"insertions":324,"deletions":180}}},{"hash":"6390bc82917c50a8a068cd76d07e8cc888e1423f","isMergeCommit":false,"messageTitle":"Remove redundant JellicentException","messageBody":"","fileTypesAndContributionMap":{"java":{"insertions":0,"deletions":5}}},{"hash":"1ce3ab0a168443d1eb75c7a5fa2cd2284a56388e","isMergeCommit":false,"messageTitle":"Remove redundant code to improve readability","messageBody":"","fileTypesAndContributionMap":{"java":{"insertions":3,"deletions":23}}},{"hash":"2984b8f1cebed014e22f839768c0260404887386","isMergeCommit":true,"messageTitle":"Merge branch \u0027branch-A-MoreOOP\u0027","messageBody":"","tags":["A-More-OOP"],"fileTypesAndContributionMap":{}},{"hash":"26e22408e80ab43c1fb5b4db9586a5c581ae2166","isMergeCommit":false,"messageTitle":"Repackage classes","messageBody":"","fileTypesAndContributionMap":{"txt":{"insertions":6,"deletions":0},"java":{"insertions":109,"deletions":4}}},{"hash":"6ac1584ada1f074e8d0fb524611aeb2a398a74d3","isMergeCommit":false,"messageTitle":"Fix bugs due to new outputs and locations","messageBody":"","fileTypesAndContributionMap":{"txt":{"insertions":0,"deletions":40},"java":{"insertions":21,"deletions":17},"bat":{"insertions":43,"deletions":10}}},{"hash":"3f372436f770cbeb744defa9c05f723165d69421","isMergeCommit":true,"messageTitle":"Merge branch \u0027branch-A-Packages\u0027","messageBody":"","tags":["A-Packages"],"fileTypesAndContributionMap":{}}]}]},"authorFileTypeContributionMap":{"mingjelly":{"java":740,"md":0,"fxml":0,"sh":0,"bat":47,"gradle":0,"txt":43}},"authorContributionVariance":{"mingjelly":66197.67},"authorDisplayNameMap":{"mingjelly":"YAP ..YANG"}}
