{"authorDailyContributionsMap":{"synh":[{"date":"2026-01-29T00:00:00","commitResults":[{"hash":"29fb2eb48ce38328521cbd2e7b6e0b9e9c18a09c","isMergeCommit":false,"messageTitle":"Rename main class","messageBody":"","fileTypesAndContributionMap":{"java":{"insertions":1,"deletions":1}}},{"hash":"8622191ea99c0e7125e6a93b97d9f2922a119035","isMergeCommit":false,"messageTitle":"Add greeting","messageBody":"","tags":["Level-0"],"fileTypesAndContributionMap":{"java":{"insertions":4,"deletions":7}}},{"hash":"74ad84668ea9ef8e7cf0f59f14780c7a1275bf2d","isMergeCommit":false,"messageTitle":"Add support for echo","messageBody":"","tags":["Level-1"],"fileTypesAndContributionMap":{"java":{"insertions":12,"deletions":0}}},{"hash":"e7fda2a5878923eb92e89eface4a9030813f2538","isMergeCommit":false,"messageTitle":"Add support for list","messageBody":"","tags":["Level-2"],"fileTypesAndContributionMap":{"java":{"insertions":16,"deletions":2}}},{"hash":"1caccd7b9e1ef29006a9327ef99c90dd06f697d2","isMergeCommit":false,"messageTitle":"Add Task class","messageBody":"","fileTypesAndContributionMap":{"java":{"insertions":40,"deletions":0}}},{"hash":"55bb09b5b4c1df1bdfd52fa548f05fc8ed002876","isMergeCommit":false,"messageTitle":"Add support for marking as done/undone","messageBody":"","tags":["Level-3"],"fileTypesAndContributionMap":{"java":{"insertions":29,"deletions":8}}},{"hash":"204aaf6bb86e4a0d5d0264164593acfb7b56c26c","isMergeCommit":false,"messageTitle":"Task.java: Change access modifier from protected to private","messageBody":"","fileTypesAndContributionMap":{"java":{"insertions":3,"deletions":3}}},{"hash":"d7e0d3cf84b7f4ca96d555e4c3519b908a6b235a","isMergeCommit":false,"messageTitle":"Task.java: Add abstract method for subclass task tracking","messageBody":"","fileTypesAndContributionMap":{"java":{"insertions":6,"deletions":0}}},{"hash":"fab8b27f7d3f993ab89bca54d4b1fe6ea6c89556","isMergeCommit":false,"messageTitle":"Task.java: Add toString() method","messageBody":"","fileTypesAndContributionMap":{"java":{"insertions":10,"deletions":3}}},{"hash":"f5a51158913f2f73f907307fdada16e805a61f2d","isMergeCommit":false,"messageTitle":"Task.java: Refactor for consistency","messageBody":"","fileTypesAndContributionMap":{"java":{"insertions":1,"deletions":1}}},{"hash":"9340b5b9c5af17b90d9cd32c5aad377700e20a9b","isMergeCommit":false,"messageTitle":"Add ToDo class","messageBody":"","fileTypesAndContributionMap":{"java":{"insertions":15,"deletions":0}}},{"hash":"209fb0cdc18262060704d7484e4958ccf2ba4340","isMergeCommit":false,"messageTitle":"Add Deadline class","messageBody":"","fileTypesAndContributionMap":{"java":{"insertions":19,"deletions":0}}},{"hash":"a361ee9c73fe963654991f43e16fb071f50b9160","isMergeCommit":false,"messageTitle":"Add Event class","messageBody":"","fileTypesAndContributionMap":{"java":{"insertions":22,"deletions":0}}},{"hash":"1bf5b53a6b4b36cb5c5e5e89eb054e39f2054ec2","isMergeCommit":false,"messageTitle":"Refactor subclasses to make use of Task.java toString()","messageBody":"","fileTypesAndContributionMap":{"java":{"insertions":4,"deletions":5}}},{"hash":"844d0567d4ae7629b119a784709ee393c685a70a","isMergeCommit":false,"messageTitle":"Sage.java: Add support for different task types","messageBody":"","tags":["Level-4"],"fileTypesAndContributionMap":{"java":{"insertions":22,"deletions":3}}}]},{"date":"2026-01-30T00:00:00","commitResults":[{"hash":"38448bee968a27c3a5803057dec4225707f7c66b","isMergeCommit":false,"messageTitle":"Increase clarity of Sage outputs","messageBody":"","fileTypesAndContributionMap":{"java":{"insertions":10,"deletions":3}}},{"hash":"6345744d625fc0ba92ac9d67415c9344175632c9","isMergeCommit":false,"messageTitle":"Add support for automated UI testing","messageBody":"","tags":["A-TextUiTesting"],"fileTypesAndContributionMap":{"txt":{"insertions":28,"deletions":0},"bat":{"insertions":2,"deletions":2}}}]},{"date":"2026-02-03T00:00:00","commitResults":[{"hash":"cb91c386c5b9718a89ac14d9584bee3d3ff2b795","isMergeCommit":false,"messageTitle":"Add SageException class","messageBody":"","fileTypesAndContributionMap":{"java":{"insertions":29,"deletions":0}}},{"hash":"7800d01907443d0c2c8aef81e022d6c79f0f18fc","isMergeCommit":false,"messageTitle":"Refactor exception handling to use SageException.java","messageBody":"","tags":["Level-5"],"fileTypesAndContributionMap":{"txt":{"insertions":3,"deletions":0},"java":{"insertions":70,"deletions":52}}}]},{"date":"2026-02-04T00:00:00","commitResults":[{"hash":"de82588427c35b65564db2ab917a31e825dc4a36","isMergeCommit":false,"messageTitle":"Add support for deletion","messageBody":"","tags":["Level-6"],"fileTypesAndContributionMap":{"java":{"insertions":18,"deletions":1}}}]}]},"authorFileTypeContributionMap":{"synh":{"java":250,"md":0,"fxml":0,"sh":0,"bat":2,"gradle":0,"txt":31}},"authorContributionVariance":{"synh":2763.089},"authorDisplayNameMap":{"synh":"CS2103T-W12-3 QUEK.. HUI"}}
