[{"path":"src/main/java/ChatterBox.java","fileType":"java","lines":[{"lineNumber":1,"author":{"gitId":"TMinZhe"},"content":"import java.util.ArrayList;","lastModifiedDate":"2026-01-22T16:08:23","isFullCredit":false},{"lineNumber":2,"author":{"gitId":"TMinZhe"},"content":"import java.util.Scanner;","lastModifiedDate":"2026-01-26T23:02:26","isFullCredit":false},{"lineNumber":3,"author":{"gitId":"TMinZhe"},"content":"","lastModifiedDate":"2026-01-24T00:34:09","isFullCredit":false},{"lineNumber":4,"author":{"gitId":"TMinZhe"},"content":"public class ChatterBox {","lastModifiedDate":"2026-01-21T23:23:00","isFullCredit":false},{"lineNumber":5,"author":{"gitId":"TMinZhe"},"content":"","lastModifiedDate":"2026-01-23T21:15:02","isFullCredit":false},{"lineNumber":6,"author":{"gitId":"TMinZhe"},"content":"    public static void main(String[] args) {","lastModifiedDate":"2026-01-21T23:23:00","isFullCredit":false},{"lineNumber":7,"author":{"gitId":"TMinZhe"},"content":"        String botName \u003d \"ChatterBox\";","lastModifiedDate":"2026-01-21T23:23:00","isFullCredit":false},{"lineNumber":8,"author":{"gitId":"TMinZhe"},"content":"        boolean chatting \u003d true;","lastModifiedDate":"2026-01-22T15:49:25","isFullCredit":false},{"lineNumber":9,"author":{"gitId":"TMinZhe"},"content":"","lastModifiedDate":"2026-01-22T16:08:23","isFullCredit":false},{"lineNumber":10,"author":{"gitId":"TMinZhe"},"content":"        ArrayList\u003cTask\u003e tasks \u003d new ArrayList\u003cTask\u003e();","lastModifiedDate":"2026-01-23T21:15:02","isFullCredit":false},{"lineNumber":11,"author":{"gitId":"TMinZhe"},"content":"","lastModifiedDate":"2026-01-23T21:15:02","isFullCredit":false},{"lineNumber":12,"author":{"gitId":"TMinZhe"},"content":"        System.out.println(\"        Hello! I\u0027m \" + botName);","lastModifiedDate":"2026-01-21T23:23:00","isFullCredit":false},{"lineNumber":13,"author":{"gitId":"TMinZhe"},"content":"        System.out.println(\"        What can I do for you?\");","lastModifiedDate":"2026-01-21T23:23:00","isFullCredit":false},{"lineNumber":14,"author":{"gitId":"TMinZhe"},"content":"","lastModifiedDate":"2026-01-22T16:08:23","isFullCredit":false},{"lineNumber":15,"author":{"gitId":"TMinZhe"},"content":"        Scanner scanner \u003d new Scanner(System.in);","lastModifiedDate":"2026-01-26T23:02:26","isFullCredit":false},{"lineNumber":16,"author":{"gitId":"TMinZhe"},"content":"        while (chatting) {","lastModifiedDate":"2026-01-22T15:49:25","isFullCredit":false},{"lineNumber":17,"author":{"gitId":"TMinZhe"},"content":"            try {","lastModifiedDate":"2026-01-26T23:16:58","isFullCredit":false},{"lineNumber":18,"author":{"gitId":"TMinZhe"},"content":"                if (scanner.hasNextLine()) { // Add this check","lastModifiedDate":"2026-01-26T23:02:26","isFullCredit":false},{"lineNumber":19,"author":{"gitId":"TMinZhe"},"content":"                    String userInput \u003d scanner.nextLine();","lastModifiedDate":"2026-01-26T23:02:26","isFullCredit":false},{"lineNumber":20,"author":{"gitId":"TMinZhe"},"content":"                    if (userInput.equalsIgnoreCase(\"bye\")) {","lastModifiedDate":"2026-01-22T15:49:25","isFullCredit":false},{"lineNumber":21,"author":{"gitId":"TMinZhe"},"content":"                        chatting \u003d false;","lastModifiedDate":"2026-01-22T15:49:25","isFullCredit":false},{"lineNumber":22,"author":{"gitId":"TMinZhe"},"content":"                        break;","lastModifiedDate":"2026-01-22T15:49:25","isFullCredit":false},{"lineNumber":23,"author":{"gitId":"TMinZhe"},"content":"","lastModifiedDate":"2026-01-26T23:16:58","isFullCredit":false},{"lineNumber":24,"author":{"gitId":"TMinZhe"},"content":"                    } else if (userInput.equalsIgnoreCase(\"list\")) {","lastModifiedDate":"2026-01-22T16:08:23","isFullCredit":false},{"lineNumber":25,"author":{"gitId":"TMinZhe"},"content":"                        for (int i \u003d 0; i \u003c tasks.size(); i++) {","lastModifiedDate":"2026-01-23T21:15:02","isFullCredit":false},{"lineNumber":26,"author":{"gitId":"TMinZhe"},"content":"                            System.out.println(\"        \" + (i + 1) + \".\" + tasks.get(i));","lastModifiedDate":"2026-01-23T21:15:02","isFullCredit":false},{"lineNumber":27,"author":{"gitId":"TMinZhe"},"content":"                        }","lastModifiedDate":"2026-01-22T16:08:23","isFullCredit":false},{"lineNumber":28,"author":{"gitId":"TMinZhe"},"content":"","lastModifiedDate":"2026-01-23T21:15:02","isFullCredit":false},{"lineNumber":29,"author":{"gitId":"TMinZhe"},"content":"                    } else if (userInput.startsWith(\"mark\")) {","lastModifiedDate":"2026-01-23T21:15:02","isFullCredit":false},{"lineNumber":30,"author":{"gitId":"TMinZhe"},"content":"                        String[] parts \u003d userInput.split(\" \");","lastModifiedDate":"2026-01-23T21:15:02","isFullCredit":false},{"lineNumber":31,"author":{"gitId":"TMinZhe"},"content":"                        int taskNumber \u003d Integer.parseInt(parts[1]) - 1;// generated by github copilot to get the","lastModifiedDate":"2026-01-26T23:16:58","isFullCredit":false},{"lineNumber":32,"author":{"gitId":"TMinZhe"},"content":"                                                                        // taskNumber","lastModifiedDate":"2026-01-26T23:16:58","isFullCredit":false},{"lineNumber":33,"author":{"gitId":"TMinZhe"},"content":"                        Task index \u003d tasks.get(taskNumber);","lastModifiedDate":"2026-01-23T21:15:02","isFullCredit":false},{"lineNumber":34,"author":{"gitId":"TMinZhe"},"content":"                        index.markAsDone();","lastModifiedDate":"2026-01-23T21:15:02","isFullCredit":false},{"lineNumber":35,"author":{"gitId":"TMinZhe"},"content":"                        System.out.println(\"        Nice! I\u0027ve marked this task as done:\");","lastModifiedDate":"2026-01-23T21:15:02","isFullCredit":false},{"lineNumber":36,"author":{"gitId":"TMinZhe"},"content":"                        System.out.println(\"          \" + tasks.get(taskNumber).toString());","lastModifiedDate":"2026-01-23T21:15:02","isFullCredit":false},{"lineNumber":37,"author":{"gitId":"TMinZhe"},"content":"","lastModifiedDate":"2026-01-23T21:15:02","isFullCredit":false},{"lineNumber":38,"author":{"gitId":"TMinZhe"},"content":"                    } else if (userInput.startsWith(\"unmark\")) {","lastModifiedDate":"2026-01-23T21:15:02","isFullCredit":false},{"lineNumber":39,"author":{"gitId":"TMinZhe"},"content":"                        String[] parts \u003d userInput.split(\" \");","lastModifiedDate":"2026-01-23T21:15:02","isFullCredit":false},{"lineNumber":40,"author":{"gitId":"TMinZhe"},"content":"                        int taskNumber \u003d Integer.parseInt(parts[1]) - 1; // generated by github copilot to get the","lastModifiedDate":"2026-01-26T23:02:26","isFullCredit":false},{"lineNumber":41,"author":{"gitId":"TMinZhe"},"content":"                                                                         // taskNumber","lastModifiedDate":"2026-01-26T23:02:26","isFullCredit":false},{"lineNumber":42,"author":{"gitId":"TMinZhe"},"content":"                        Task index \u003d tasks.get(taskNumber);","lastModifiedDate":"2026-01-23T21:15:02","isFullCredit":false},{"lineNumber":43,"author":{"gitId":"TMinZhe"},"content":"                        index.markAsNotDone();","lastModifiedDate":"2026-01-23T21:15:02","isFullCredit":false},{"lineNumber":44,"author":{"gitId":"TMinZhe"},"content":"                        System.out.println(\"        OK, I\u0027ve marked this task as not done yet:\");","lastModifiedDate":"2026-01-23T21:15:02","isFullCredit":false},{"lineNumber":45,"author":{"gitId":"TMinZhe"},"content":"                        System.out.println(\"          \" + tasks.get(taskNumber).toString());","lastModifiedDate":"2026-01-23T21:15:02","isFullCredit":false},{"lineNumber":46,"author":{"gitId":"TMinZhe"},"content":"","lastModifiedDate":"2026-01-23T21:15:02","isFullCredit":false},{"lineNumber":47,"author":{"gitId":"TMinZhe"},"content":"                    } else if (userInput.startsWith(\"delete\")) {","lastModifiedDate":"2026-01-26T23:50:18","isFullCredit":false},{"lineNumber":48,"author":{"gitId":"TMinZhe"},"content":"                        String[] parts \u003d userInput.split(\" \");","lastModifiedDate":"2026-01-26T23:50:18","isFullCredit":false},{"lineNumber":49,"author":{"gitId":"TMinZhe"},"content":"                        int taskNumber \u003d Integer.parseInt(parts[1]) - 1;","lastModifiedDate":"2026-01-26T23:50:18","isFullCredit":false},{"lineNumber":50,"author":{"gitId":"TMinZhe"},"content":"                        if (userInput.length() \u003c\u003d 6 || userInput.substring(7).trim().isEmpty()) {","lastModifiedDate":"2026-01-26T23:50:18","isFullCredit":false},{"lineNumber":51,"author":{"gitId":"TMinZhe"},"content":"                            throw new ChatterBoxException(\"     OOPS!!! The delete cannot be empty.\");","lastModifiedDate":"2026-01-26T23:50:18","isFullCredit":false},{"lineNumber":52,"author":{"gitId":"TMinZhe"},"content":"                        }","lastModifiedDate":"2026-01-26T23:50:18","isFullCredit":false},{"lineNumber":53,"author":{"gitId":"TMinZhe"},"content":"                        Task removedTask \u003d tasks.remove(taskNumber);","lastModifiedDate":"2026-01-26T23:50:18","isFullCredit":false},{"lineNumber":54,"author":{"gitId":"TMinZhe"},"content":"                        System.out.println(\"        Noted. I\u0027ve removed this task:\");","lastModifiedDate":"2026-01-26T23:50:18","isFullCredit":false},{"lineNumber":55,"author":{"gitId":"TMinZhe"},"content":"                        System.out.println(\"          \" + removedTask.toString());","lastModifiedDate":"2026-01-26T23:50:18","isFullCredit":false},{"lineNumber":56,"author":{"gitId":"TMinZhe"},"content":"                        System.out.println(\"        Now you have \" + tasks.size() + \" tasks in the list.\");","lastModifiedDate":"2026-01-26T23:50:18","isFullCredit":false},{"lineNumber":57,"author":{"gitId":"TMinZhe"},"content":"                    } else if (userInput.startsWith(\"todo\")) {","lastModifiedDate":"2026-01-24T00:34:09","isFullCredit":false},{"lineNumber":58,"author":{"gitId":"TMinZhe"},"content":"                        String task \u003d userInput.substring(userInput.indexOf(\" \") + 1); // generated by github copilot to","lastModifiedDate":"2026-01-26T23:16:58","isFullCredit":false},{"lineNumber":59,"author":{"gitId":"TMinZhe"},"content":"                                                                                       // get","lastModifiedDate":"2026-01-26T23:16:58","isFullCredit":false},{"lineNumber":60,"author":{"gitId":"TMinZhe"},"content":"                                                                                       // the","lastModifiedDate":"2026-01-26T23:02:26","isFullCredit":false},{"lineNumber":61,"author":{"gitId":"TMinZhe"},"content":"                                                                                       // task description","lastModifiedDate":"2026-01-24T00:34:09","isFullCredit":false},{"lineNumber":62,"author":{"gitId":"TMinZhe"},"content":"                        if (userInput.length() \u003c\u003d 4 || userInput.substring(5).trim().isEmpty()) { // generated by github","lastModifiedDate":"2026-01-26T23:16:58","isFullCredit":false},{"lineNumber":63,"author":{"gitId":"TMinZhe"},"content":"                                                                                                  // copilot to","lastModifiedDate":"2026-01-26T23:16:58","isFullCredit":false},{"lineNumber":64,"author":{"gitId":"TMinZhe"},"content":"                                                                                                  // check if","lastModifiedDate":"2026-01-26T23:16:58","isFullCredit":false},{"lineNumber":65,"author":{"gitId":"TMinZhe"},"content":"                                                                                                  // the","lastModifiedDate":"2026-01-26T23:16:58","isFullCredit":false},{"lineNumber":66,"author":{"gitId":"TMinZhe"},"content":"                                                                                                  // description","lastModifiedDate":"2026-01-26T23:16:58","isFullCredit":false},{"lineNumber":67,"author":{"gitId":"TMinZhe"},"content":"                                                                                                  // is empty","lastModifiedDate":"2026-01-26T23:16:58","isFullCredit":false},{"lineNumber":68,"author":{"gitId":"TMinZhe"},"content":"                            throw new ChatterBoxException(\"     OOPS!!! The description of a todo cannot be empty.\");","lastModifiedDate":"2026-01-26T23:16:58","isFullCredit":false},{"lineNumber":69,"author":{"gitId":"TMinZhe"},"content":"                        }","lastModifiedDate":"2026-01-26T23:16:58","isFullCredit":false},{"lineNumber":70,"author":{"gitId":"TMinZhe"},"content":"                        ToDos newToDo \u003d new ToDos(task);","lastModifiedDate":"2026-01-24T00:34:09","isFullCredit":false},{"lineNumber":71,"author":{"gitId":"TMinZhe"},"content":"                        tasks.add(newToDo);","lastModifiedDate":"2026-01-24T00:34:09","isFullCredit":false},{"lineNumber":72,"author":{"gitId":"TMinZhe"},"content":"                        System.out.println(\"        Got it. I\u0027ve added this task:\");","lastModifiedDate":"2026-01-24T00:34:09","isFullCredit":false},{"lineNumber":73,"author":{"gitId":"TMinZhe"},"content":"                        System.out.println(\"          \" + newToDo.toString());","lastModifiedDate":"2026-01-24T00:34:09","isFullCredit":false},{"lineNumber":74,"author":{"gitId":"TMinZhe"},"content":"                        System.out.println(\"        Now you have \" + tasks.size() + \" tasks in the list.\");","lastModifiedDate":"2026-01-24T00:34:09","isFullCredit":false},{"lineNumber":75,"author":{"gitId":"TMinZhe"},"content":"                    } else if (userInput.startsWith(\"deadline\")) {","lastModifiedDate":"2026-01-24T00:34:09","isFullCredit":false},{"lineNumber":76,"author":{"gitId":"TMinZhe"},"content":"                        if (userInput.length() \u003c\u003d 8 || userInput.substring(9).trim().isEmpty()) {","lastModifiedDate":"2026-01-26T23:16:58","isFullCredit":false},{"lineNumber":77,"author":{"gitId":"TMinZhe"},"content":"                            throw new ChatterBoxException(","lastModifiedDate":"2026-01-26T23:16:58","isFullCredit":false},{"lineNumber":78,"author":{"gitId":"TMinZhe"},"content":"                                    \"     OOPS!!! The description of a deadline cannot be empty.\");","lastModifiedDate":"2026-01-26T23:16:58","isFullCredit":false},{"lineNumber":79,"author":{"gitId":"TMinZhe"},"content":"                        }","lastModifiedDate":"2026-01-26T23:16:58","isFullCredit":false},{"lineNumber":80,"author":{"gitId":"TMinZhe"},"content":"                        String[] parts \u003d userInput.split(\"/by\", 2);","lastModifiedDate":"2026-01-24T00:34:09","isFullCredit":false},{"lineNumber":81,"author":{"gitId":"TMinZhe"},"content":"                        String firstPart \u003d parts[0].trim();","lastModifiedDate":"2026-01-24T00:34:09","isFullCredit":false},{"lineNumber":82,"author":{"gitId":"TMinZhe"},"content":"                        String task \u003d firstPart.substring(firstPart.indexOf(\" \") + 1);","lastModifiedDate":"2026-01-24T00:34:09","isFullCredit":false},{"lineNumber":83,"author":{"gitId":"TMinZhe"},"content":"                        // System.err.println(task);","lastModifiedDate":"2026-01-24T00:34:09","isFullCredit":false},{"lineNumber":84,"author":{"gitId":"TMinZhe"},"content":"                        String deadline \u003d parts[1].trim();","lastModifiedDate":"2026-01-24T00:34:09","isFullCredit":false},{"lineNumber":85,"author":{"gitId":"TMinZhe"},"content":"","lastModifiedDate":"2026-01-24T00:34:09","isFullCredit":false},{"lineNumber":86,"author":{"gitId":"TMinZhe"},"content":"                        Deadline newDeadline \u003d new Deadline(task, deadline);","lastModifiedDate":"2026-01-24T00:34:09","isFullCredit":false},{"lineNumber":87,"author":{"gitId":"TMinZhe"},"content":"                        tasks.add(newDeadline);","lastModifiedDate":"2026-01-24T00:34:09","isFullCredit":false},{"lineNumber":88,"author":{"gitId":"TMinZhe"},"content":"                        System.out.println(\"        Got it. I\u0027ve added this task:\");","lastModifiedDate":"2026-01-24T00:34:09","isFullCredit":false},{"lineNumber":89,"author":{"gitId":"TMinZhe"},"content":"                        System.out.println(\"          \" + newDeadline.toString());","lastModifiedDate":"2026-01-24T00:34:09","isFullCredit":false},{"lineNumber":90,"author":{"gitId":"TMinZhe"},"content":"                        System.out.println(\"        Now you have \" + tasks.size() + \" tasks in the list.\");","lastModifiedDate":"2026-01-24T00:34:09","isFullCredit":false},{"lineNumber":91,"author":{"gitId":"TMinZhe"},"content":"                    } else if (userInput.startsWith(\"event\")) {","lastModifiedDate":"2026-01-24T00:34:09","isFullCredit":false},{"lineNumber":92,"author":{"gitId":"TMinZhe"},"content":"                        if (userInput.length() \u003c\u003d 5 || userInput.substring(6).trim().isEmpty()) {","lastModifiedDate":"2026-01-26T23:16:58","isFullCredit":false},{"lineNumber":93,"author":{"gitId":"TMinZhe"},"content":"                            throw new ChatterBoxException(\"     OOPS!!! The description of an event cannot be empty.\");","lastModifiedDate":"2026-01-26T23:16:58","isFullCredit":false},{"lineNumber":94,"author":{"gitId":"TMinZhe"},"content":"                        }","lastModifiedDate":"2026-01-26T23:16:58","isFullCredit":false},{"lineNumber":95,"author":{"gitId":"TMinZhe"},"content":"                        String[] parts \u003d userInput.split(\"/to\", 2); // generated by github copilot to get the task","lastModifiedDate":"2026-01-26T23:02:26","isFullCredit":false},{"lineNumber":96,"author":{"gitId":"TMinZhe"},"content":"                                                                    // description","lastModifiedDate":"2026-01-26T23:02:26","isFullCredit":false},{"lineNumber":97,"author":{"gitId":"TMinZhe"},"content":"                        String firstPart \u003d parts[0].trim(); // generated by github copilot to get the task description","lastModifiedDate":"2026-01-24T00:34:09","isFullCredit":false},{"lineNumber":98,"author":{"gitId":"TMinZhe"},"content":"                        String taskAndAt \u003d firstPart.substring(firstPart.indexOf(\" \") + 1); // generated by github","lastModifiedDate":"2026-01-26T23:16:58","isFullCredit":false},{"lineNumber":99,"author":{"gitId":"TMinZhe"},"content":"                                                                                            // copilot","lastModifiedDate":"2026-01-26T23:16:58","isFullCredit":false},{"lineNumber":100,"author":{"gitId":"TMinZhe"},"content":"                                                                                            // to","lastModifiedDate":"2026-01-26T23:02:26","isFullCredit":false},{"lineNumber":101,"author":{"gitId":"TMinZhe"},"content":"                                                                                            // get the task description","lastModifiedDate":"2026-01-24T00:34:09","isFullCredit":false},{"lineNumber":102,"author":{"gitId":"TMinZhe"},"content":"                        String[] taskParts \u003d taskAndAt.split(\"/from\", 4); // generated by github copilot to get the task","lastModifiedDate":"2026-01-24T00:34:09","isFullCredit":false},{"lineNumber":103,"author":{"gitId":"TMinZhe"},"content":"                                                                          // description","lastModifiedDate":"2026-01-24T00:34:09","isFullCredit":false},{"lineNumber":104,"author":{"gitId":"TMinZhe"},"content":"                        String task \u003d taskParts[0].trim(); // generated by github copilot to get the task description","lastModifiedDate":"2026-01-24T00:34:09","isFullCredit":false},{"lineNumber":105,"author":{"gitId":"TMinZhe"},"content":"                        String at \u003d taskParts[1].trim(); // generated by github copilot to get the task description","lastModifiedDate":"2026-01-24T00:34:09","isFullCredit":false},{"lineNumber":106,"author":{"gitId":"TMinZhe"},"content":"                        String to \u003d parts[1].trim(); // generated by github copilot to get the task description","lastModifiedDate":"2026-01-24T00:34:09","isFullCredit":false},{"lineNumber":107,"author":{"gitId":"TMinZhe"},"content":"","lastModifiedDate":"2026-01-24T00:34:09","isFullCredit":false},{"lineNumber":108,"author":{"gitId":"TMinZhe"},"content":"                        Events newEvent \u003d new Events(task, at, to);","lastModifiedDate":"2026-01-24T00:34:09","isFullCredit":false},{"lineNumber":109,"author":{"gitId":"TMinZhe"},"content":"                        tasks.add(newEvent);","lastModifiedDate":"2026-01-24T00:34:09","isFullCredit":false},{"lineNumber":110,"author":{"gitId":"TMinZhe"},"content":"                        System.out.println(\"        Got it. I\u0027ve added this task:\");","lastModifiedDate":"2026-01-24T00:34:09","isFullCredit":false},{"lineNumber":111,"author":{"gitId":"TMinZhe"},"content":"                        System.out.println(\"          \" + newEvent.toString());","lastModifiedDate":"2026-01-24T00:34:09","isFullCredit":false},{"lineNumber":112,"author":{"gitId":"TMinZhe"},"content":"                        System.out.println(\"        Now you have \" + tasks.size() + \" tasks in the list.\");","lastModifiedDate":"2026-01-24T00:34:09","isFullCredit":false},{"lineNumber":113,"author":{"gitId":"TMinZhe"},"content":"                    }","lastModifiedDate":"2026-01-24T00:34:09","isFullCredit":false},{"lineNumber":114,"author":{"gitId":"TMinZhe"},"content":"","lastModifiedDate":"2026-01-24T00:34:09","isFullCredit":false},{"lineNumber":115,"author":{"gitId":"TMinZhe"},"content":"                    else {","lastModifiedDate":"2026-01-24T00:34:09","isFullCredit":false},{"lineNumber":116,"author":{"gitId":"TMinZhe"},"content":"                        Task newTask \u003d new Task(userInput);","lastModifiedDate":"2026-01-23T21:15:02","isFullCredit":false},{"lineNumber":117,"author":{"gitId":"TMinZhe"},"content":"                        tasks.add(newTask);","lastModifiedDate":"2026-01-23T21:15:02","isFullCredit":false},{"lineNumber":118,"author":{"gitId":"TMinZhe"},"content":"                        System.out.println(\"        added: \" + userInput);","lastModifiedDate":"2026-01-22T16:08:23","isFullCredit":false},{"lineNumber":119,"author":{"gitId":"TMinZhe"},"content":"                    }","lastModifiedDate":"2026-01-22T15:49:25","isFullCredit":false},{"lineNumber":120,"author":{"gitId":"TMinZhe"},"content":"                } else {","lastModifiedDate":"2026-01-26T23:02:26","isFullCredit":false},{"lineNumber":121,"author":{"gitId":"TMinZhe"},"content":"                    chatting \u003d false;","lastModifiedDate":"2026-01-26T23:02:26","isFullCredit":false},{"lineNumber":122,"author":{"gitId":"TMinZhe"},"content":"                }","lastModifiedDate":"2026-01-26T23:02:26","isFullCredit":false},{"lineNumber":123,"author":{"gitId":"TMinZhe"},"content":"            } catch (ChatterBoxException e) {","lastModifiedDate":"2026-01-26T23:16:58","isFullCredit":false},{"lineNumber":124,"author":{"gitId":"TMinZhe"},"content":"                System.out.println(e.getMessage());","lastModifiedDate":"2026-01-26T23:16:58","isFullCredit":false},{"lineNumber":125,"author":{"gitId":"TMinZhe"},"content":"            }","lastModifiedDate":"2026-01-26T23:16:58","isFullCredit":false},{"lineNumber":126,"author":{"gitId":"TMinZhe"},"content":"        }","lastModifiedDate":"2026-01-22T15:49:25","isFullCredit":false},{"lineNumber":127,"author":{"gitId":"TMinZhe"},"content":"        System.out.println(\"        Bye. Hope to see you again soon!\");","lastModifiedDate":"2026-01-21T23:23:00","isFullCredit":false},{"lineNumber":128,"author":{"gitId":"TMinZhe"},"content":"        scanner.close();","lastModifiedDate":"2026-01-26T23:16:58","isFullCredit":false},{"lineNumber":129,"author":{"gitId":"TMinZhe"},"content":"    }","lastModifiedDate":"2026-01-21T23:23:00","isFullCredit":false},{"lineNumber":130,"author":{"gitId":"TMinZhe"},"content":"}","lastModifiedDate":"2026-01-21T23:23:00","isFullCredit":false}],"authorContributionMap":{"TMinZhe":130}},{"path":"src/main/java/ChatterBoxException.java","fileType":"java","lines":[{"lineNumber":1,"author":{"gitId":"TMinZhe"},"content":"public class ChatterBoxException extends Exception {","lastModifiedDate":"2026-01-26T23:16:58","isFullCredit":false},{"lineNumber":2,"author":{"gitId":"TMinZhe"},"content":"    public ChatterBoxException(String message) {","lastModifiedDate":"2026-01-26T23:16:58","isFullCredit":false},{"lineNumber":3,"author":{"gitId":"TMinZhe"},"content":"        super(message);","lastModifiedDate":"2026-01-26T23:16:58","isFullCredit":false},{"lineNumber":4,"author":{"gitId":"TMinZhe"},"content":"    }","lastModifiedDate":"2026-01-26T23:16:58","isFullCredit":false},{"lineNumber":5,"author":{"gitId":"TMinZhe"},"content":"","lastModifiedDate":"2026-01-26T23:16:58","isFullCredit":false},{"lineNumber":6,"author":{"gitId":"TMinZhe"},"content":"}","lastModifiedDate":"2026-01-26T23:16:58","isFullCredit":false}],"authorContributionMap":{"TMinZhe":6}},{"path":"src/main/java/Deadline.java","fileType":"java","lines":[{"lineNumber":1,"author":{"gitId":"TMinZhe"},"content":"public class Deadline extends Task {","lastModifiedDate":"2026-01-26T23:02:26","isFullCredit":false},{"lineNumber":2,"author":{"gitId":"TMinZhe"},"content":"    protected String by;","lastModifiedDate":"2026-01-26T23:02:26","isFullCredit":false},{"lineNumber":3,"author":{"gitId":"TMinZhe"},"content":"","lastModifiedDate":"2026-01-26T23:02:26","isFullCredit":false},{"lineNumber":4,"author":{"gitId":"TMinZhe"},"content":"    public Deadline(String description, String by) {","lastModifiedDate":"2026-01-26T23:02:26","isFullCredit":false},{"lineNumber":5,"author":{"gitId":"TMinZhe"},"content":"        super(description);","lastModifiedDate":"2026-01-26T23:02:26","isFullCredit":false},{"lineNumber":6,"author":{"gitId":"TMinZhe"},"content":"        this.by \u003d by;","lastModifiedDate":"2026-01-26T23:02:26","isFullCredit":false},{"lineNumber":7,"author":{"gitId":"TMinZhe"},"content":"    }","lastModifiedDate":"2026-01-26T23:02:26","isFullCredit":false},{"lineNumber":8,"author":{"gitId":"TMinZhe"},"content":"","lastModifiedDate":"2026-01-26T23:02:26","isFullCredit":false},{"lineNumber":9,"author":{"gitId":"TMinZhe"},"content":"    @Override","lastModifiedDate":"2026-01-26T23:02:26","isFullCredit":false},{"lineNumber":10,"author":{"gitId":"TMinZhe"},"content":"    public String toString() {","lastModifiedDate":"2026-01-26T23:02:26","isFullCredit":false},{"lineNumber":11,"author":{"gitId":"TMinZhe"},"content":"        return \"[D]\" + super.toString() + \" (by: \" + by + \")\";","lastModifiedDate":"2026-01-26T23:02:26","isFullCredit":false},{"lineNumber":12,"author":{"gitId":"TMinZhe"},"content":"    }","lastModifiedDate":"2026-01-26T23:02:26","isFullCredit":false},{"lineNumber":13,"author":{"gitId":"TMinZhe"},"content":"}","lastModifiedDate":"2026-01-26T23:02:26","isFullCredit":false}],"authorContributionMap":{"TMinZhe":13}},{"path":"src/main/java/Events.java","fileType":"java","lines":[{"lineNumber":1,"author":{"gitId":"TMinZhe"},"content":"public class Events extends Task {","lastModifiedDate":"2026-01-26T23:02:26","isFullCredit":false},{"lineNumber":2,"author":{"gitId":"TMinZhe"},"content":"    protected String at;","lastModifiedDate":"2026-01-26T23:02:26","isFullCredit":false},{"lineNumber":3,"author":{"gitId":"TMinZhe"},"content":"    protected String to;","lastModifiedDate":"2026-01-26T23:02:26","isFullCredit":false},{"lineNumber":4,"author":{"gitId":"TMinZhe"},"content":"","lastModifiedDate":"2026-01-26T23:02:26","isFullCredit":false},{"lineNumber":5,"author":{"gitId":"TMinZhe"},"content":"    public Events(String description, String at, String to) {","lastModifiedDate":"2026-01-26T23:02:26","isFullCredit":false},{"lineNumber":6,"author":{"gitId":"TMinZhe"},"content":"        super(description);","lastModifiedDate":"2026-01-26T23:02:26","isFullCredit":false},{"lineNumber":7,"author":{"gitId":"TMinZhe"},"content":"        this.at \u003d at;","lastModifiedDate":"2026-01-26T23:02:26","isFullCredit":false},{"lineNumber":8,"author":{"gitId":"TMinZhe"},"content":"        this.to \u003d to;","lastModifiedDate":"2026-01-26T23:02:26","isFullCredit":false},{"lineNumber":9,"author":{"gitId":"TMinZhe"},"content":"    }","lastModifiedDate":"2026-01-26T23:02:26","isFullCredit":false},{"lineNumber":10,"author":{"gitId":"TMinZhe"},"content":"","lastModifiedDate":"2026-01-26T23:02:26","isFullCredit":false},{"lineNumber":11,"author":{"gitId":"TMinZhe"},"content":"    @Override","lastModifiedDate":"2026-01-26T23:02:26","isFullCredit":false},{"lineNumber":12,"author":{"gitId":"TMinZhe"},"content":"    public String toString() {","lastModifiedDate":"2026-01-26T23:02:26","isFullCredit":false},{"lineNumber":13,"author":{"gitId":"TMinZhe"},"content":"        return \"[E]\" + super.toString() + \" (from: \" + at + \" to: \" + to + \")\";","lastModifiedDate":"2026-01-26T23:02:26","isFullCredit":false},{"lineNumber":14,"author":{"gitId":"TMinZhe"},"content":"    }","lastModifiedDate":"2026-01-26T23:02:26","isFullCredit":false},{"lineNumber":15,"author":{"gitId":"TMinZhe"},"content":"}","lastModifiedDate":"2026-01-26T23:02:26","isFullCredit":false}],"authorContributionMap":{"TMinZhe":15}},{"path":"src/main/java/Task.java","fileType":"java","lines":[{"lineNumber":1,"author":{"gitId":"TMinZhe"},"content":"public class Task {","lastModifiedDate":"2026-01-26T23:02:26","isFullCredit":false},{"lineNumber":2,"author":{"gitId":"TMinZhe"},"content":"    protected String description;","lastModifiedDate":"2026-01-26T23:02:26","isFullCredit":false},{"lineNumber":3,"author":{"gitId":"TMinZhe"},"content":"    protected boolean isDone;","lastModifiedDate":"2026-01-26T23:02:26","isFullCredit":false},{"lineNumber":4,"author":{"gitId":"TMinZhe"},"content":"","lastModifiedDate":"2026-01-26T23:02:26","isFullCredit":false},{"lineNumber":5,"author":{"gitId":"TMinZhe"},"content":"    public Task(String description) {","lastModifiedDate":"2026-01-26T23:02:26","isFullCredit":false},{"lineNumber":6,"author":{"gitId":"TMinZhe"},"content":"        this.description \u003d description;","lastModifiedDate":"2026-01-26T23:02:26","isFullCredit":false},{"lineNumber":7,"author":{"gitId":"TMinZhe"},"content":"        this.isDone \u003d false;","lastModifiedDate":"2026-01-26T23:02:26","isFullCredit":false},{"lineNumber":8,"author":{"gitId":"TMinZhe"},"content":"    }","lastModifiedDate":"2026-01-26T23:02:26","isFullCredit":false},{"lineNumber":9,"author":{"gitId":"TMinZhe"},"content":"","lastModifiedDate":"2026-01-26T23:02:26","isFullCredit":false},{"lineNumber":10,"author":{"gitId":"TMinZhe"},"content":"    public String getStatusIcon() {","lastModifiedDate":"2026-01-26T23:02:26","isFullCredit":false},{"lineNumber":11,"author":{"gitId":"TMinZhe"},"content":"        return (isDone ? \"[X]\" : \"[ ]\");","lastModifiedDate":"2026-01-26T23:02:26","isFullCredit":false},{"lineNumber":12,"author":{"gitId":"TMinZhe"},"content":"    }","lastModifiedDate":"2026-01-26T23:02:26","isFullCredit":false},{"lineNumber":13,"author":{"gitId":"TMinZhe"},"content":"","lastModifiedDate":"2026-01-26T23:02:26","isFullCredit":false},{"lineNumber":14,"author":{"gitId":"TMinZhe"},"content":"    public void markAsDone() {","lastModifiedDate":"2026-01-26T23:02:26","isFullCredit":false},{"lineNumber":15,"author":{"gitId":"TMinZhe"},"content":"        this.isDone \u003d true;","lastModifiedDate":"2026-01-26T23:02:26","isFullCredit":false},{"lineNumber":16,"author":{"gitId":"TMinZhe"},"content":"    }","lastModifiedDate":"2026-01-26T23:02:26","isFullCredit":false},{"lineNumber":17,"author":{"gitId":"TMinZhe"},"content":"","lastModifiedDate":"2026-01-26T23:02:26","isFullCredit":false},{"lineNumber":18,"author":{"gitId":"TMinZhe"},"content":"    public void markAsNotDone() {","lastModifiedDate":"2026-01-26T23:02:26","isFullCredit":false},{"lineNumber":19,"author":{"gitId":"TMinZhe"},"content":"        this.isDone \u003d false;","lastModifiedDate":"2026-01-26T23:02:26","isFullCredit":false},{"lineNumber":20,"author":{"gitId":"TMinZhe"},"content":"    }","lastModifiedDate":"2026-01-26T23:02:26","isFullCredit":false},{"lineNumber":21,"author":{"gitId":"TMinZhe"},"content":"","lastModifiedDate":"2026-01-26T23:02:26","isFullCredit":false},{"lineNumber":22,"author":{"gitId":"TMinZhe"},"content":"    public String toString() {","lastModifiedDate":"2026-01-26T23:02:26","isFullCredit":false},{"lineNumber":23,"author":{"gitId":"TMinZhe"},"content":"        return getStatusIcon() + \" \" + description;","lastModifiedDate":"2026-01-26T23:02:26","isFullCredit":false},{"lineNumber":24,"author":{"gitId":"TMinZhe"},"content":"    }","lastModifiedDate":"2026-01-26T23:02:26","isFullCredit":false},{"lineNumber":25,"author":{"gitId":"TMinZhe"},"content":"}","lastModifiedDate":"2026-01-26T23:02:26","isFullCredit":false}],"authorContributionMap":{"TMinZhe":25}},{"path":"src/main/java/ToDos.java","fileType":"java","lines":[{"lineNumber":1,"author":{"gitId":"TMinZhe"},"content":"public class ToDos extends Task {","lastModifiedDate":"2026-01-26T23:02:26","isFullCredit":false},{"lineNumber":2,"author":{"gitId":"TMinZhe"},"content":"    public ToDos(String description) {","lastModifiedDate":"2026-01-26T23:02:26","isFullCredit":false},{"lineNumber":3,"author":{"gitId":"TMinZhe"},"content":"        super(description);","lastModifiedDate":"2026-01-26T23:02:26","isFullCredit":false},{"lineNumber":4,"author":{"gitId":"TMinZhe"},"content":"    }","lastModifiedDate":"2026-01-26T23:02:26","isFullCredit":false},{"lineNumber":5,"author":{"gitId":"TMinZhe"},"content":"","lastModifiedDate":"2026-01-26T23:02:26","isFullCredit":false},{"lineNumber":6,"author":{"gitId":"TMinZhe"},"content":"    @Override","lastModifiedDate":"2026-01-26T23:02:26","isFullCredit":false},{"lineNumber":7,"author":{"gitId":"TMinZhe"},"content":"    public String toString() {","lastModifiedDate":"2026-01-26T23:02:26","isFullCredit":false},{"lineNumber":8,"author":{"gitId":"TMinZhe"},"content":"        return \"[T]\" + super.toString();","lastModifiedDate":"2026-01-26T23:02:26","isFullCredit":false},{"lineNumber":9,"author":{"gitId":"TMinZhe"},"content":"    }","lastModifiedDate":"2026-01-26T23:02:26","isFullCredit":false},{"lineNumber":10,"author":{"gitId":"TMinZhe"},"content":"}","lastModifiedDate":"2026-01-26T23:02:26","isFullCredit":false}],"authorContributionMap":{"TMinZhe":10}},{"path":"text-ui-test/input.txt","fileType":"txt","lines":[{"lineNumber":1,"author":{"gitId":"TMinZhe"},"content":"todo read book","lastModifiedDate":"2026-01-26T23:02:26","isFullCredit":false},{"lineNumber":2,"author":{"gitId":"TMinZhe"},"content":"deadline return book /by Sunday","lastModifiedDate":"2026-01-26T23:02:26","isFullCredit":false},{"lineNumber":3,"author":{"gitId":"TMinZhe"},"content":"event project meeting /from Mon 2pm /to 4pm","lastModifiedDate":"2026-01-26T23:02:26","isFullCredit":false},{"lineNumber":4,"author":{"gitId":"TMinZhe"},"content":"list","lastModifiedDate":"2026-01-26T23:02:26","isFullCredit":false},{"lineNumber":5,"author":{"gitId":"TMinZhe"},"content":"mark 1","lastModifiedDate":"2026-01-26T23:02:26","isFullCredit":false},{"lineNumber":6,"author":{"gitId":"TMinZhe"},"content":"unmark 1","lastModifiedDate":"2026-01-26T23:02:26","isFullCredit":false},{"lineNumber":7,"author":{"gitId":"TMinZhe"},"content":"list","lastModifiedDate":"2026-01-26T23:02:26","isFullCredit":false},{"lineNumber":8,"author":{"gitId":"TMinZhe"},"content":"bye","lastModifiedDate":"2026-01-26T23:02:26","isFullCredit":false}],"authorContributionMap":{"TMinZhe":8}},{"path":"text-ui-test/runtest.bat","fileType":"bat","lines":[{"lineNumber":1,"author":{"gitId":"-"},"content":"@ECHO OFF","lastModifiedDate":"2020-05-25T00:03:55","isFullCredit":false},{"lineNumber":2,"author":{"gitId":"-"},"content":"","lastModifiedDate":"2020-05-25T00:03:55","isFullCredit":false},{"lineNumber":3,"author":{"gitId":"-"},"content":"REM create bin directory if it doesn\u0027t exist","lastModifiedDate":"2020-05-25T00:03:55","isFullCredit":false},{"lineNumber":4,"author":{"gitId":"-"},"content":"if not exist ..\\bin mkdir ..\\bin","lastModifiedDate":"2020-05-25T00:03:55","isFullCredit":false},{"lineNumber":5,"author":{"gitId":"-"},"content":"","lastModifiedDate":"2020-05-25T00:03:55","isFullCredit":false},{"lineNumber":6,"author":{"gitId":"-"},"content":"REM delete output from previous run","lastModifiedDate":"2020-05-25T00:03:55","isFullCredit":false},{"lineNumber":7,"author":{"gitId":"-"},"content":"if exist ACTUAL.TXT del ACTUAL.TXT","lastModifiedDate":"2020-08-25T17:23:26","isFullCredit":false},{"lineNumber":8,"author":{"gitId":"-"},"content":"","lastModifiedDate":"2020-05-25T00:03:55","isFullCredit":false},{"lineNumber":9,"author":{"gitId":"-"},"content":"REM compile the code into the bin folder","lastModifiedDate":"2020-05-25T00:03:55","isFullCredit":false},{"lineNumber":10,"author":{"gitId":"-"},"content":"javac  -cp ..\\src\\main\\java -Xlint:none -d ..\\bin ..\\src\\main\\java\\*.java","lastModifiedDate":"2020-08-25T17:23:26","isFullCredit":false},{"lineNumber":11,"author":{"gitId":"-"},"content":"IF ERRORLEVEL 1 (","lastModifiedDate":"2020-05-25T00:03:55","isFullCredit":false},{"lineNumber":12,"author":{"gitId":"-"},"content":"    echo ********** BUILD FAILURE **********","lastModifiedDate":"2020-05-25T00:03:55","isFullCredit":false},{"lineNumber":13,"author":{"gitId":"-"},"content":"    exit /b 1","lastModifiedDate":"2020-05-25T00:03:55","isFullCredit":false},{"lineNumber":14,"author":{"gitId":"-"},"content":")","lastModifiedDate":"2020-05-25T00:03:55","isFullCredit":false},{"lineNumber":15,"author":{"gitId":"-"},"content":"REM no error here, errorlevel \u003d\u003d 0","lastModifiedDate":"2020-05-25T00:03:55","isFullCredit":false},{"lineNumber":16,"author":{"gitId":"-"},"content":"","lastModifiedDate":"2020-05-25T00:03:55","isFullCredit":false},{"lineNumber":17,"author":{"gitId":"-"},"content":"REM run the program, feed commands from input.txt file and redirect the output to the ACTUAL.TXT","lastModifiedDate":"2020-05-25T00:03:55","isFullCredit":false},{"lineNumber":18,"author":{"gitId":"TMinZhe"},"content":"java -classpath ..\\bin ChatterBox \u003c input.txt \u003e ACTUAL.TXT","lastModifiedDate":"2026-01-26T23:02:26","isFullCredit":false},{"lineNumber":19,"author":{"gitId":"-"},"content":"","lastModifiedDate":"2020-05-25T00:03:55","isFullCredit":false},{"lineNumber":20,"author":{"gitId":"-"},"content":"REM compare the output to the expected output","lastModifiedDate":"2020-05-25T00:03:55","isFullCredit":false},{"lineNumber":21,"author":{"gitId":"-"},"content":"FC ACTUAL.TXT EXPECTED.TXT","lastModifiedDate":"2020-05-25T00:03:55","isFullCredit":false}],"authorContributionMap":{"TMinZhe":1,"-":20}}]
