{"authorDailyContributionsMap":{"hqzell":[{"date":"2026-01-22T00:00:00","commitResults":[{"hash":"15b37740a4dc9340d0d5979ee7719c61ad0baf3b","isMergeCommit":false,"messageTitle":"Level-0","messageBody":"","tags":["Level-0"],"fileTypesAndContributionMap":{"java":{"insertions":13,"deletions":10}}},{"hash":"f6a914999d30136bf8bcd3ea3ee253168fc21929","isMergeCommit":false,"messageTitle":"Added user response","messageBody":"","tags":["Level-1"],"fileTypesAndContributionMap":{"java":{"insertions":26,"deletions":9}}},{"hash":"343bea0c1daea4b4bd094286bb0155aa85768af1","isMergeCommit":false,"messageTitle":"Added list","messageBody":"","tags":["Level-2"],"fileTypesAndContributionMap":{"java":{"insertions":16,"deletions":4}}},{"hash":"cef1750ca03b4c9e624ddde679fd44b919963d2f","isMergeCommit":false,"messageTitle":"Added Task class, marking tasks","messageBody":"","tags":["Level-3"],"fileTypesAndContributionMap":{"java":{"insertions":57,"deletions":10}}}]},{"date":"2026-01-23T00:00:00","commitResults":[{"hash":"a4dc060b709b3ee81e3a0b6f5b934943da9516d2","isMergeCommit":false,"messageTitle":"Added todo, deadline, event and personality","messageBody":"","tags":["Level-4","A-TextUiTesting"],"fileTypesAndContributionMap":{"java":{"insertions":115,"deletions":47}}}]},{"date":"2026-01-28T00:00:00","commitResults":[{"hash":"719b1eee613da246353d2cc7b2ecb225a7f8c9b5","isMergeCommit":false,"messageTitle":"Auto-testing added","messageBody":"","fileTypesAndContributionMap":{"txt":{"insertions":6,"deletions":0},"sh":{"insertions":1,"deletions":1}}},{"hash":"17f0081370923b250bebafb0d659c63d9d00aba6","isMergeCommit":false,"messageTitle":"Handled errors","messageBody":"","tags":["Level-5"],"fileTypesAndContributionMap":{"java":{"insertions":58,"deletions":30}}}]},{"date":"2026-01-29T00:00:00","commitResults":[{"hash":"e76ea9eda99aabf695e6462e5957f058f77cf9f8","isMergeCommit":false,"messageTitle":"Add deletion of tasks","messageBody":"","fileTypesAndContributionMap":{"java":{"insertions":21,"deletions":10}}}]},{"date":"2026-02-05T00:00:00","commitResults":[{"hash":"720bca3318146c036ff31d7ed6294eb52df89e91","isMergeCommit":false,"messageTitle":"Add delete feature, abstract helper functi ons out, and add descriptive Javadoc","messageBody":"","tags":["Level-6"],"fileTypesAndContributionMap":{"txt":{"insertions":1,"deletions":0},"java":{"insertions":184,"deletions":93}}}]},{"date":"2026-02-12T00:00:00","commitResults":[{"hash":"02e7158ba34367b524e7de83f41690a5ce24e636","isMergeCommit":false,"messageTitle":"Save data in hard disk","messageBody":"","fileTypesAndContributionMap":{"txt":{"insertions":9,"deletions":0},"java":{"insertions":134,"deletions":3}}},{"hash":"c2640402b3fb5c94be7143ff3b062c40331ce7af","isMergeCommit":true,"messageTitle":"Re-add Cha class","messageBody":"","fileTypesAndContributionMap":{}},{"hash":"487ffd6388f8de4884c4aa7494a812d4bd638fda","isMergeCommit":false,"messageTitle":"Save tasks to hard disk","messageBody":"","tags":["Level-7"],"fileTypesAndContributionMap":{"java":{"insertions":104,"deletions":219}}},{"hash":"6ff3ce52d8a743c9d426d4196d5b2c2ef04564ec","isMergeCommit":false,"messageTitle":"Add dates and times for deadline task","messageBody":"","tags":["Level-8"],"fileTypesAndContributionMap":{"txt":{"insertions":1,"deletions":1},"java":{"insertions":130,"deletions":50}}}]},{"date":"2026-02-19T00:00:00","commitResults":[{"hash":"ead59ae4b0cae3731df18b6d35c85fb401f4b04c","isMergeCommit":false,"messageTitle":"Add OOP to support TaskList","messageBody":"","fileTypesAndContributionMap":{"java":{"insertions":72,"deletions":20}}}]},{"date":"2026-02-20T00:00:00","commitResults":[{"hash":"a4e5ee844a73f354262e3c6b4a5cada9d6900618","isMergeCommit":false,"messageTitle":"Add OOP using Ui and Parser classes","messageBody":"","tags":["A-MoreOOP"],"fileTypesAndContributionMap":{"java":{"insertions":173,"deletions":145}}},{"hash":"6c2eacd386375a5db4e30a6361783d81a2a3171d","isMergeCommit":false,"messageTitle":"Add cha package and cha.tasks package under source root folder","messageBody":"","tags":["A-Packages"],"fileTypesAndContributionMap":{"txt":{"insertions":6,"deletions":7},"java":{"insertions":37,"deletions":1},"sh":{"insertions":1,"deletions":1}}},{"hash":"5c16cddad20b77054b81fc8b998fac1df9a9a824","isMergeCommit":true,"messageTitle":"Merge remote-tracking branch \u0027origin/add-gradle-support\u0027","messageBody":"","fileTypesAndContributionMap":{}},{"hash":"bd6bf2974ead15701f36fccb0fc04789caa51352","isMergeCommit":false,"messageTitle":"Add gradle support and configure checkstyle","messageBody":"","tags":["A-Gradle"],"fileTypesAndContributionMap":{"gradle":{"insertions":8,"deletions":2},"txt":{"insertions":1,"deletions":6}}},{"hash":"064f2e0423b499b280dc390abb9d4fec7b9646b2","isMergeCommit":false,"messageTitle":"Add JUnit testing for Deadline and TaskList classes","messageBody":"","tags":["A-Junit","A-Jar","A-JUnit"],"fileTypesAndContributionMap":{"gradle":{"insertions":1,"deletions":0},"java":{"insertions":111,"deletions":0}}}]}]},"authorFileTypeContributionMap":{"hqzell":{"java":660,"md":0,"fxml":0,"sh":2,"bat":0,"gradle":9,"txt":10}},"authorContributionVariance":{"hqzell":16932.805},"authorDisplayNameMap":{"hqzell":"CS2103T-T10-2 LOW ..AZEL"}}
