{"authorDailyContributionsMap":{"Avishi-Gupta":[{"date":"2026-01-23T00:00:00","commitResults":[{"hash":"92f705de79622a8c982c5a7f1e4be1fff7afb5f8","isMergeCommit":false,"messageTitle":"Level-0 complete","messageBody":"","fileTypesAndContributionMap":{"java":{"insertions":5,"deletions":10}}}]}]},"authorFileTypeContributionMap":{"Avishi-Gupta":{"java":5,"md":0,"fxml":0,"sh":0,"bat":0,"gradle":0,"txt":0}},"authorContributionVariance":{"Avishi-Gupta":14.0},"authorDisplayNameMap":{"Avishi-Gupta":"GUPT..ISHI"}}
