{"authorDailyContributionsMap":{"Annazx":[{"date":"2026-01-15T00:00:00","commitResults":[{"hash":"dde795f496d1c8717fe56e16277479fa6aa52146","isMergeCommit":false,"messageTitle":"renamed bot","messageBody":"","tags":["Level-0"],"fileTypesAndContributionMap":{"java":{"insertions":8,"deletions":10},"bat":{"insertions":1,"deletions":1},"md":{"insertions":3,"deletions":3}}},{"hash":"4265799b78f355e1f50a717c8687562cea10b102","isMergeCommit":false,"messageTitle":"bot echoes user input and exits on command bye","messageBody":"","tags":["Level-1"],"fileTypesAndContributionMap":{"java":{"insertions":12,"deletions":0}}},{"hash":"d9c4b9104566caf30b3a42e6055dde3dafa78d8f","isMergeCommit":false,"messageTitle":"Changed boolean variable name to sound like a boolean","messageBody":"","fileTypesAndContributionMap":{"java":{"insertions":3,"deletions":3}}}]},{"date":"2026-01-16T00:00:00","commitResults":[{"hash":"54bf5b63cea31852c03ae4baf243f0cd4ed034d5","isMergeCommit":false,"messageTitle":"Added the ability to store tasks entered by user and store them back to the user in list format when requested","messageBody":"","tags":["Level-2"],"fileTypesAndContributionMap":{"java":{"insertions":18,"deletions":6}}}]},{"date":"2026-01-18T00:00:00","commitResults":[{"hash":"d41971dac544f07259c2d48ee0c4edb23c2286a5","isMergeCommit":false,"messageTitle":"Added the ability to mark tasks as done or undone","messageBody":"","tags":["Level-3"],"fileTypesAndContributionMap":{"java":{"insertions":41,"deletions":3}}},{"hash":"88449972495ae81eadd08840be78f84468a06447","isMergeCommit":false,"messageTitle":"Added support for Todos, Deadlines, and Events","messageBody":"","fileTypesAndContributionMap":{"java":{"insertions":87,"deletions":22}}},{"hash":"0f676df8bbec8d9de2434eabca234cd4005c153e","isMergeCommit":false,"messageTitle":"Fixed bug in determining event type","messageBody":"","fileTypesAndContributionMap":{"java":{"insertions":37,"deletions":21}}},{"hash":"7c27cf7a14412692fc6aaaa20479cb43d8e0875c","isMergeCommit":false,"messageTitle":"Fixed message user gets after adding task","messageBody":"","tags":["Level-4"],"fileTypesAndContributionMap":{"java":{"insertions":4,"deletions":1}}}]},{"date":"2026-01-20T00:00:00","commitResults":[{"hash":"933d469d7707fc979a212fab94e6f0805574371b","isMergeCommit":false,"messageTitle":"Added testcases and fixed small bug","messageBody":"","tags":["A-TextUiTesting"],"fileTypesAndContributionMap":{"txt":{"insertions":17,"deletions":0}}},{"hash":"791e01ec7802e3f5a1ae56406171266651dc0692","isMergeCommit":false,"messageTitle":"Added error handling","messageBody":"","tags":["Level-5"],"fileTypesAndContributionMap":{"txt":{"insertions":12,"deletions":0},"java":{"insertions":4,"deletions":0}}},{"hash":"a400bac6e28818908d861381fb8003a3ff6e9e3d","isMergeCommit":false,"messageTitle":"Fixed bug releted to mark, unmark, and delete","messageBody":"","tags":["Level-6"],"fileTypesAndContributionMap":{"java":{"insertions":81,"deletions":30}}}]},{"date":"2026-01-22T00:00:00","commitResults":[{"hash":"3750cf08b2664b5c8d9aaaccb9578e8c6e282db2","isMergeCommit":false,"messageTitle":"Change access modifier to private","messageBody":"","fileTypesAndContributionMap":{"java":{"insertions":1,"deletions":1}}},{"hash":"c82988ed2aaf1dd5ab31d7d77261786983de3f4d","isMergeCommit":false,"messageTitle":"Break code into multiple functions","messageBody":"","fileTypesAndContributionMap":{"java":{"insertions":70,"deletions":53}}},{"hash":"ae60b1dc0c4188f70e0a0d33dd92d2808e323b23","isMergeCommit":false,"messageTitle":"Change all instances of println to print","messageBody":"","fileTypesAndContributionMap":{"java":{"insertions":9,"deletions":9}}},{"hash":"8206045d6c14227897233be0be31193d1caa267d","isMergeCommit":false,"messageTitle":"Remove unecessary comment","messageBody":"","fileTypesAndContributionMap":{"java":{"insertions":0,"deletions":1}}}]},{"date":"2026-01-23T00:00:00","commitResults":[{"hash":"2c295277b507f5ea592fdca0130ae508748592b4","isMergeCommit":false,"messageTitle":"Add ability to save data","messageBody":"","fileTypesAndContributionMap":{"java":{"insertions":105,"deletions":4}}},{"hash":"c1275c2831b003f755a59f2fc0ddcc11e6837c38","isMergeCommit":false,"messageTitle":"Refactor code to decrease repition","messageBody":"","fileTypesAndContributionMap":{"java":{"insertions":13,"deletions":24}}},{"hash":"d79493f9945c36405db6f7b468edb124d895ca03","isMergeCommit":false,"messageTitle":"Remove message","messageBody":"","fileTypesAndContributionMap":{"java":{"insertions":1,"deletions":3}}},{"hash":"cfe5faefed3c8284db234c5bf6011b894548ddb7","isMergeCommit":false,"messageTitle":"Add ability to update list","messageBody":"","fileTypesAndContributionMap":{"java":{"insertions":17,"deletions":0}}},{"hash":"c352d7ce19bad268eaac73c2ba513aff26cb66be","isMergeCommit":false,"messageTitle":"Change try to try with resources to prevent resource leak","messageBody":"","fileTypesAndContributionMap":{"java":{"insertions":1,"deletions":2}}},{"hash":"be884f35e9834b9df5cf7b36dfce98298de1e8ef","isMergeCommit":false,"messageTitle":"Add data folder","messageBody":"","fileTypesAndContributionMap":{"txt":{"insertions":1,"deletions":0}}},{"hash":"f0e14ca7f2ac64eec2b699334e226fa178d84a43","isMergeCommit":true,"messageTitle":"Merge branch \u0027branch-Level-7\u0027 Add persistent task storage with auto-save and load on startup","messageBody":"","tags":["Level-7"],"fileTypesAndContributionMap":{}}]},{"date":"2026-01-26T00:00:00","commitResults":[{"hash":"d0e95de70db37e38c2d4a30381ac5fc6d958dba2","isMergeCommit":false,"messageTitle":"Parse and store deadlines and events using localDateTime","messageBody":"","fileTypesAndContributionMap":{"txt":{"insertions":4,"deletions":1},"java":{"insertions":43,"deletions":19}}},{"hash":"a0d947c318f09a745a7581c36e966af1f7115836","isMergeCommit":false,"messageTitle":"Remove comment","messageBody":"","fileTypesAndContributionMap":{"java":{"insertions":0,"deletions":1}}},{"hash":"0734cd60cc2eeee307f74803e0c9a24a8ce4e5fd","isMergeCommit":true,"messageTitle":"Parse and store dates and times in todos","messageBody":"","tags":["Level-8"],"fileTypesAndContributionMap":{}},{"hash":"6060bf0aaf42c301975fac9fe1e06c8dc5fc3c68","isMergeCommit":false,"messageTitle":"Add TaskList class","messageBody":"","fileTypesAndContributionMap":{"txt":{"insertions":3,"deletions":3},"java":{"insertions":82,"deletions":26}}},{"hash":"97a29292c65069a35b37570a8b02601b2ed4758f","isMergeCommit":false,"messageTitle":"Add storage class","messageBody":"","fileTypesAndContributionMap":{"txt":{"insertions":5,"deletions":4},"java":{"insertions":106,"deletions":74}}},{"hash":"306a51de98d0155f981ca7c6a8024c8f2e4ad0c2","isMergeCommit":false,"messageTitle":"Fix date formatting bug","messageBody":"","fileTypesAndContributionMap":{"txt":{"insertions":3,"deletions":0},"java":{"insertions":120,"deletions":104}}},{"hash":"3cbe5b569d09c1ec029df45ce12538ee5553c8c9","isMergeCommit":false,"messageTitle":"Add Ui class","messageBody":"","fileTypesAndContributionMap":{"java":{"insertions":4,"deletions":0}}},{"hash":"f8a6ab76842bdc3fa8bd14633b9b305782b034ef","isMergeCommit":false,"messageTitle":"Fix bug","messageBody":"","tags":["A-MoreOOP"],"fileTypesAndContributionMap":{"txt":{"insertions":1,"deletions":0},"java":{"insertions":64,"deletions":42}}},{"hash":"db7318bad3a569838b2f705b5d510d7c8ed6664c","isMergeCommit":false,"messageTitle":"Put all classes in one package","messageBody":"","tags":["A-Packages"],"fileTypesAndContributionMap":{"txt":{"insertions":2,"deletions":9},"java":{"insertions":17,"deletions":10}}},{"hash":"38bf634d2ca4408a54c6b47b91205aabc60fdb32","isMergeCommit":true,"messageTitle":"Merge branch \u0027add-gradle-support\u0027 into HEAD","messageBody":"","tags":["A-Gradle"],"fileTypesAndContributionMap":{}}]},{"date":"2026-01-27T00:00:00","commitResults":[{"hash":"00fc5720d8ed2a6cfce039bba1e754c81b9c6878","isMergeCommit":false,"messageTitle":"Create test folder","messageBody":"","fileTypesAndContributionMap":{"java":{"insertions":5,"deletions":0}}},{"hash":"0a388c4dcdbe26ad8c207052c399d3f206b546b6","isMergeCommit":false,"messageTitle":"Add TodoTest","messageBody":"","fileTypesAndContributionMap":{"java":{"insertions":50,"deletions":1}}},{"hash":"4ba3cda8415d9b9a07fdd9599dd91bd0513d1c69","isMergeCommit":false,"messageTitle":"Fix parsing bug","messageBody":"","fileTypesAndContributionMap":{"txt":{"insertions":1,"deletions":0},"java":{"insertions":45,"deletions":6}}}]},{"date":"2026-01-28T00:00:00","commitResults":[{"hash":"5f9237748e6cdc34e9d5a49211aa3cf83803d046","isMergeCommit":false,"messageTitle":"Add parser test","messageBody":"","tags":["A-JUnit"],"fileTypesAndContributionMap":{"java":{"insertions":13,"deletions":7}}},{"hash":"0972be552d382343c0bc712ba84a205735c92cd6","isMergeCommit":false,"messageTitle":"Fix ui bug","messageBody":"","fileTypesAndContributionMap":{"gradle":{"insertions":2,"deletions":2},"java":{"insertions":1,"deletions":1}}},{"hash":"c65386c1ef82a9695d9b699b1b599e2b1f5b3a3d","isMergeCommit":false,"messageTitle":"Fix bye message","messageBody":"","fileTypesAndContributionMap":{"java":{"insertions":1,"deletions":1}}},{"hash":"8967865313b40671a77c65d1c15548b2b3af83b3","isMergeCommit":false,"messageTitle":"Create data directory if it does not already exist","messageBody":"","fileTypesAndContributionMap":{"java":{"insertions":10,"deletions":2}}},{"hash":"5c25b24cbddbb510b32ac74c5484368507e96185","isMergeCommit":false,"messageTitle":"Fix event bug","messageBody":"","tags":["A-Jar"],"fileTypesAndContributionMap":{"txt":{"insertions":3,"deletions":3},"java":{"insertions":1,"deletions":1}}}]},{"date":"2026-01-29T00:00:00","commitResults":[{"hash":"65138659964338827ef7e631c3fcbbd582aafb8c","isMergeCommit":false,"messageTitle":"Add delete","messageBody":"","fileTypesAndContributionMap":{"txt":{"insertions":2,"deletions":0},"java":{"insertions":67,"deletions":3}}}]}]},"authorFileTypeContributionMap":{"Annazx":{"java":660,"md":3,"fxml":0,"sh":0,"bat":1,"gradle":2,"txt":34}},"authorContributionVariance":{"Annazx":26499.678},"authorDisplayNameMap":{"Annazx":"CS2103-T11-2 ANNA..N XI"}}
