{"authorDailyContributionsMap":{"Kemango":[{"date":"2026-01-21T00:00:00","commitResults":[{"hash":"b1bd71e8068d7635a7a2b3324581f6311ca0d190","isMergeCommit":false,"messageTitle":"Level 0: Rename, Greet, Exit","messageBody":"","tags":["Level-0"],"fileTypesAndContributionMap":{"java":{"insertions":9,"deletions":10}}},{"hash":"63471bbcba8b55e1624faed3d88623f4d29da9b0","isMergeCommit":false,"messageTitle":"Level-1: Echo","messageBody":"","tags":["Level-1"],"fileTypesAndContributionMap":{"java":{"insertions":13,"deletions":2}}},{"hash":"2daacc134151d0ec88b0021a1b1ea958a203fa6c","isMergeCommit":false,"messageTitle":"Level-2: Add,List","messageBody":"","fileTypesAndContributionMap":{"java":{"insertions":12,"deletions":2}}},{"hash":"3b1062c77b88890e005d641ef6a8ee59c6a47270","isMergeCommit":false,"messageTitle":"Level-2: Add,List (make it neater)","messageBody":"","tags":["Level-2"],"fileTypesAndContributionMap":{"java":{"insertions":2,"deletions":2}}},{"hash":"f054fedfa9e619e737327f7616c2ebbefe188156","isMergeCommit":false,"messageTitle":"Level-3: Mark as Done (edit list)","messageBody":"","fileTypesAndContributionMap":{"java":{"insertions":29,"deletions":4}}},{"hash":"dce75e13014830526a00a4441e3cf269f53ded1e","isMergeCommit":false,"messageTitle":"Level-3: Mark as Done","messageBody":"","tags":["Level-3"],"fileTypesAndContributionMap":{"java":{"insertions":26,"deletions":2}}},{"hash":"e2e0c8afbd3e2f6a9b14aba8ca7013fceb0e6080","isMergeCommit":false,"messageTitle":"Level-4: ToDos","messageBody":"","fileTypesAndContributionMap":{"java":{"insertions":28,"deletions":5}}},{"hash":"ecb606873405b590822cf22f4db0c5987f339694","isMergeCommit":false,"messageTitle":"Level-4: ToDos, Events, Deadlines","messageBody":"","tags":["Level-4"],"fileTypesAndContributionMap":{"java":{"insertions":54,"deletions":5}}},{"hash":"fd388447cbfadc7f89f8564768c489c12fe98b05","isMergeCommit":false,"messageTitle":"A-TextUiTesting: Automated Text UI Testing","messageBody":"","tags":["A-TextUiTesting"],"fileTypesAndContributionMap":{"txt":{"insertions":8,"deletions":0},"sh":{"insertions":1,"deletions":1}}},{"hash":"eac792c86062462476e1c44652c4938c70968a80","isMergeCommit":false,"messageTitle":"Level-5: Handle Errors","messageBody":"","tags":["Level-5"],"fileTypesAndContributionMap":{"java":{"insertions":97,"deletions":56}}},{"hash":"da2a87b533315efaa94313c68f932f786f967867","isMergeCommit":false,"messageTitle":"Level-6: Delete","messageBody":"","tags":["Level-6"],"fileTypesAndContributionMap":{"txt":{"insertions":3,"deletions":0},"java":{"insertions":16,"deletions":2}}}]}]},"authorFileTypeContributionMap":{"Kemango":{"java":206,"md":0,"fxml":0,"sh":1,"bat":0,"gradle":0,"txt":11}},"authorContributionVariance":{"Kemango":10744.6875},"authorDisplayNameMap":{"Kemango":"GUO ..MING"}}
