{"authorDailyContributionsMap":{"jacksoncddd":[{"date":"2026-01-25T00:00:00","commitResults":[{"hash":"9df8513b6095c48599760ba0e829e9622c3a1e04","isMergeCommit":false,"messageTitle":"rename, greet, exit","messageBody":"","tags":["Level-0"],"fileTypesAndContributionMap":{"java":{"insertions":9,"deletions":10}}}]},{"date":"2026-01-26T00:00:00","commitResults":[{"hash":"c91b233c980a869cd81d221732332215bb098ced","isMergeCommit":false,"messageTitle":"echo","messageBody":"","tags":["Level-1"],"fileTypesAndContributionMap":{"java":{"insertions":16,"deletions":1}}},{"hash":"0b0f01755226190f175f205b6590fb6c27d0bc0b","isMergeCommit":false,"messageTitle":"add, list","messageBody":"","tags":["Level-2"],"fileTypesAndContributionMap":{"java":{"insertions":10,"deletions":3}}},{"hash":"06e66457ac6f06a45f24c62f93685a4eb0df1aa1","isMergeCommit":false,"messageTitle":"mark as done","messageBody":"","tags":["Level-3"],"fileTypesAndContributionMap":{"java":{"insertions":58,"deletions":13}}}]},{"date":"2026-01-28T00:00:00","commitResults":[{"hash":"e1a7b96bac08629e2e801b36a0f54f0c725caf4c","isMergeCommit":false,"messageTitle":"feat:todos, events, deadlines","messageBody":"","tags":["Level-4"],"fileTypesAndContributionMap":{"java":{"insertions":48,"deletions":6}}},{"hash":"4814c9e5d1b70512f547bac884b566bc4e0b4c65","isMergeCommit":false,"messageTitle":"test: A-TextUiTesting","messageBody":"","tags":["A-TextUiTesting"],"fileTypesAndContributionMap":{"txt":{"insertions":2,"deletions":0},"java":{"insertions":12,"deletions":5},"bat":{"insertions":1,"deletions":1}}},{"hash":"4858475a1de04bd6ee0138ad3b041026ab684847","isMergeCommit":false,"messageTitle":"feat: exceptions","messageBody":"","tags":["Level-5"],"fileTypesAndContributionMap":{"java":{"insertions":29,"deletions":0}}},{"hash":"4cf60fb7c5084d728bd146349a445123c2d7fc49","isMergeCommit":false,"messageTitle":"feat: delete task","messageBody":"","tags":["Level-6"],"fileTypesAndContributionMap":{"java":{"insertions":6,"deletions":7}}}]},{"date":"2026-02-03T00:00:00","commitResults":[{"hash":"08190e4d7a37d3eed8fc3c45a8787bcaabe4d89c","isMergeCommit":false,"messageTitle":"Exception features","messageBody":"","fileTypesAndContributionMap":{"java":{"insertions":136,"deletions":26}}},{"hash":"bef0cd162178e1192f8bedf9c9c5b534a0d9c71e","isMergeCommit":false,"messageTitle":"minor changes","messageBody":"","fileTypesAndContributionMap":{"java":{"insertions":49,"deletions":57}}}]},{"date":"2026-02-04T00:00:00","commitResults":[{"hash":"1a82c95202cff76ccbcfb16bab85e807db699394","isMergeCommit":false,"messageTitle":"Add Storage Class to store local copy of inputs","messageBody":"","tags":["Level-7"],"fileTypesAndContributionMap":{"txt":{"insertions":2,"deletions":0},"java":{"insertions":178,"deletions":47}}}]},{"date":"2026-02-06T00:00:00","commitResults":[{"hash":"52745d69e61a738a7e9e44beb3c852f8d1996290","isMergeCommit":false,"messageTitle":"Update Task","messageBody":"","fileTypesAndContributionMap":{"java":{"insertions":165,"deletions":13}}}]},{"date":"2026-02-07T00:00:00","commitResults":[{"hash":"db7a11ba39d024b8581490b5f4be942921565fa6","isMergeCommit":false,"messageTitle":"Update Task to use LocalDateTime","messageBody":"","fileTypesAndContributionMap":{"txt":{"insertions":3,"deletions":1},"java":{"insertions":45,"deletions":33}}},{"hash":"a1b36c7ca725db10ef18b135742273b0bab6f73a","isMergeCommit":true,"messageTitle":"Merge: Update Task to use LocalDateTime","messageBody":"","tags":["Level-8"],"fileTypesAndContributionMap":{}}]},{"date":"2026-02-08T00:00:00","commitResults":[{"hash":"da33674c2861226eb4186e7234c3bffbb6bd6cb3","isMergeCommit":false,"messageTitle":"Refactor files into individual classes","messageBody":"","fileTypesAndContributionMap":{"txt":{"insertions":3,"deletions":3},"java":{"insertions":459,"deletions":190}}},{"hash":"ce30b56e5efec1a2c74cbee7fdac630d7a3a95c8","isMergeCommit":true,"messageTitle":"Merge branch \u0027A-MoreOOP\u0027","messageBody":"","tags":["A-MoreOOP"],"fileTypesAndContributionMap":{}}]}]},"authorFileTypeContributionMap":{"jacksoncddd":{"java":819,"md":0,"fxml":0,"sh":0,"bat":1,"gradle":0,"txt":6}},"authorContributionVariance":{"jacksoncddd":17017.209},"authorDisplayNameMap":{"jacksoncddd":"CS2103-F13-3 CHIA..DONG"}}
