{"authorDailyContributionsMap":{"JIMAI1228":[{"date":"2026-01-25T00:00:00","commitResults":[{"hash":"ab7c5779bef8446bfa42fdaa409e8bf9529ffcc9","isMergeCommit":false,"messageTitle":"Level-0","messageBody":"","tags":["Level-0"],"fileTypesAndContributionMap":{"java":{"insertions":17,"deletions":10}}}]},{"date":"2026-01-26T00:00:00","commitResults":[{"hash":"18bbdd44d88ee5e0d0723e4f74d63ee2c11e17e3","isMergeCommit":false,"messageTitle":"Level-1","messageBody":"","tags":["Level-1"],"fileTypesAndContributionMap":{"java":{"insertions":14,"deletions":1}}},{"hash":"58a40b1ef2d17721244e33c0931ae1fa7be5dc3d","isMergeCommit":false,"messageTitle":"Level-2","messageBody":"","tags":["Level-2"],"fileTypesAndContributionMap":{"java":{"insertions":14,"deletions":1}}},{"hash":"fb1c92545ce7d14a0f0600845924423e3ff6c4d8","isMergeCommit":false,"messageTitle":"Level-3","messageBody":"","tags":["Level-3"],"fileTypesAndContributionMap":{"java":{"insertions":50,"deletions":6}}}]},{"date":"2026-01-27T00:00:00","commitResults":[{"hash":"246df9182f04917ee5be2296e7e99a757d2d9889","isMergeCommit":false,"messageTitle":"Level-4","messageBody":"","tags":["Level-4"],"fileTypesAndContributionMap":{"java":{"insertions":84,"deletions":2}}},{"hash":"64c37c79a768281b2132f775702715258f449622","isMergeCommit":false,"messageTitle":"A-TextUiTesting","messageBody":"","tags":["A-TextUiTesting"],"fileTypesAndContributionMap":{"txt":{"insertions":5,"deletions":0},"sh":{"insertions":2,"deletions":2}}},{"hash":"3d7eed5f88f6ecd531611a78ffd4884e39def6e5","isMergeCommit":false,"messageTitle":"Level-5","messageBody":"","tags":["Level-5"],"fileTypesAndContributionMap":{"java":{"insertions":92,"deletions":60}}},{"hash":"9347afe6c222ef21ddd120646d265c24dc99c548","isMergeCommit":false,"messageTitle":"Level-6","messageBody":"","tags":["Level-6"],"fileTypesAndContributionMap":{"java":{"insertions":32,"deletions":12}}}]},{"date":"2026-01-30T00:00:00","commitResults":[{"hash":"c71338d25781480ba575d7de9aceeedab20a3e8b","isMergeCommit":false,"messageTitle":"A-Enums","messageBody":"","tags":["A-Enums"],"fileTypesAndContributionMap":{"java":{"insertions":25,"deletions":5}}}]},{"date":"2026-02-01T00:00:00","commitResults":[{"hash":"9c305b019e5c13327c58377cbc3662b1fce6dd31","isMergeCommit":false,"messageTitle":"Add storage to load and save tasks","messageBody":"","fileTypesAndContributionMap":{"java":{"insertions":82,"deletions":1}}},{"hash":"60f735d710fd48e1cbb2de579ece9b0fa71fb180","isMergeCommit":false,"messageTitle":"Load tasks on startup and save after changes","messageBody":"","fileTypesAndContributionMap":{"java":{"insertions":15,"deletions":13}}},{"hash":"6728c3b5019a1eea7d1f842b0b85cada4fdb3505","isMergeCommit":false,"messageTitle":"Debug and test.","messageBody":"","fileTypesAndContributionMap":{"txt":{"insertions":2,"deletions":0},"java":{"insertions":5,"deletions":5}}},{"hash":"3d9bfd3640e103090819222562f14ee965d465c2","isMergeCommit":true,"messageTitle":"Merge branch \u0027branch-level-7\u0027","messageBody":"","tags":["Level-7"],"fileTypesAndContributionMap":{}}]},{"date":"2026-02-03T00:00:00","commitResults":[{"hash":"4e7dfc77520aff57ea7c95f03b6f1142bed8c237","isMergeCommit":false,"messageTitle":"Add DateTime support to Deadline","messageBody":"","fileTypesAndContributionMap":{"java":{"insertions":19,"deletions":6}}},{"hash":"86caad59aa7f9fdc27f65941050e8abddd1505fa","isMergeCommit":false,"messageTitle":"Support LocalDataTime for Event and add \u0027on D/MM/YYYY\u0027 command","messageBody":"","fileTypesAndContributionMap":{"java":{"insertions":79,"deletions":12}}},{"hash":"b930577635c2eb86298e7dc86a0a878168ea9e8f","isMergeCommit":true,"messageTitle":"Merge branch \u0027branch-level-8-stretch\u0027 into branch-level-8","messageBody":"","fileTypesAndContributionMap":{}},{"hash":"2347e942f5ede240175722a49f129b96c1e2114e","isMergeCommit":true,"messageTitle":"Merge branch \u0027branch-level-8\u0027","messageBody":"","tags":["Level-8"],"fileTypesAndContributionMap":{}}]},{"date":"2026-02-04T00:00:00","commitResults":[{"hash":"6f5a5127c76c52fbb4c06f3c816ff9b829c42b5a","isMergeCommit":false,"messageTitle":"Extract Ui class and debug Storage class","messageBody":"","fileTypesAndContributionMap":{"txt":{"insertions":3,"deletions":2},"java":{"insertions":58,"deletions":35}}},{"hash":"d0fcbcfb9ccd8204adc4b05f140d09f2a911adb9","isMergeCommit":false,"messageTitle":"Extract TaskList class","messageBody":"","fileTypesAndContributionMap":{"java":{"insertions":2,"deletions":0}}},{"hash":"c16caca239cc0dea23337ddbad6dae42bcbe25df","isMergeCommit":false,"messageTitle":"Extract TaskList class","messageBody":"","fileTypesAndContributionMap":{"java":{"insertions":43,"deletions":9}}},{"hash":"fbc8a38ebec938a6204dda91e8b3a2b1ba8386b4","isMergeCommit":false,"messageTitle":"Extract Parser class, achieve stretch goal and ensure no exception","messageBody":"","fileTypesAndContributionMap":{"txt":{"insertions":1,"deletions":1},"java":{"insertions":303,"deletions":155}}},{"hash":"f570dc6ce9b0a844b1836244ff03e323fe1417b5","isMergeCommit":false,"messageTitle":"Simply improve storage class","messageBody":"","fileTypesAndContributionMap":{"java":{"insertions":2,"deletions":2}}},{"hash":"a95be31e44801ba87ca093a98a8e18f07d058fe5","isMergeCommit":true,"messageTitle":"Merge branch \u0027branch-a-moreoop\u0027","messageBody":"","tags":["A-MoreOOP"],"fileTypesAndContributionMap":{}},{"hash":"326eafac59e0c765fdeb39c710d8f30e2f98c2d6","isMergeCommit":false,"messageTitle":"A-Packages submission","messageBody":"","tags":["A-Packages"],"fileTypesAndContributionMap":{"java":{"insertions":70,"deletions":29}}},{"hash":"03925e30c66913f967c6934cf51b3b973b79d435","isMergeCommit":true,"messageTitle":"Merge remote-tracking branch \u0027origin/add-gradle-support\u0027","messageBody":"","tags":["A-Gradle"],"fileTypesAndContributionMap":{}}]},{"date":"2026-02-05T00:00:00","commitResults":[{"hash":"d14a30c269f009abc887daa297d0d1331b3ab067","isMergeCommit":false,"messageTitle":"Add JUnit tests","messageBody":"","fileTypesAndContributionMap":{"gradle":{"insertions":1,"deletions":1},"txt":{"insertions":1,"deletions":3},"java":{"insertions":53,"deletions":0}}},{"hash":"bb07d923af66177cb6346964a53a8026b4203e4d","isMergeCommit":true,"messageTitle":"Merge branch \u0027branch-A-JUnit\u0027","messageBody":"","tags":["A-Jar","A-JUnit"],"fileTypesAndContributionMap":{}},{"hash":"9a538396fe3c0fd8ab4fde0d2dae4bb2478e4301","isMergeCommit":false,"messageTitle":"Add JavaDoc for TaskList","messageBody":"","tags":["A-JavaDoc"],"fileTypesAndContributionMap":{"java":{"insertions":213,"deletions":0}}},{"hash":"e7458034b492f4b6770e337f32b080247d598534","isMergeCommit":false,"messageTitle":"ensure codes in standard","messageBody":"","tags":["A-CodingStandard"],"fileTypesAndContributionMap":{"java":{"insertions":19,"deletions":11}}},{"hash":"88cf65253b104b9118136842a16b1382c664c1f8","isMergeCommit":false,"messageTitle":"Add find command","messageBody":"","tags":["Level-9"],"fileTypesAndContributionMap":{"java":{"insertions":34,"deletions":0}}},{"hash":"8053ed08193ff6fe82a6ca24cd2decdf9e6ed93f","isMergeCommit":true,"messageTitle":"Merge branch \u0027branch-A-CodingStandard\u0027","messageBody":"","fileTypesAndContributionMap":{}},{"hash":"255bc718223d3e3d4002acaed675fc0f61a4c0ae","isMergeCommit":true,"messageTitle":"Merge branch \u0027branch-Level-9\u0027","messageBody":"","fileTypesAndContributionMap":{}}]}]},"authorFileTypeContributionMap":{"JIMAI1228":{"java":940,"md":0,"fxml":0,"sh":2,"bat":0,"gradle":1,"txt":6}},"authorContributionVariance":{"JIMAI1228":22866.533},"authorDisplayNameMap":{"JIMAI1228":"CS2103T-W08-4 ZHOU..GBIN"}}
