[{"path":"AI.md","fileType":"md","lines":[{"lineNumber":1,"author":{"gitId":"oolimry"},"content":"# AI Declaration","lastModifiedDate":"2026-01-23T13:29:18","isFullCredit":false},{"lineNumber":2,"author":{"gitId":"oolimry"},"content":"","lastModifiedDate":"2026-01-23T13:29:18","isFullCredit":false},{"lineNumber":3,"author":{"gitId":"oolimry"},"content":"1. AI was used to generate boilerplate code for Java NIO file input and output: https://gemini.google.com/share/0e6e69e36981","lastModifiedDate":"2026-01-23T13:29:18","isFullCredit":false}],"authorContributionMap":{"oolimry":3}},{"path":"src/main/java/Command.java","fileType":"java","lines":[{"lineNumber":1,"author":{"gitId":"oolimry"},"content":"import java.util.HashMap;","lastModifiedDate":"2026-01-23T12:57:57","isFullCredit":false},{"lineNumber":2,"author":{"gitId":"oolimry"},"content":"","lastModifiedDate":"2026-01-23T12:57:57","isFullCredit":false},{"lineNumber":3,"author":{"gitId":"oolimry"},"content":"public class Command extends HashMap\u003cString, String\u003e {","lastModifiedDate":"2026-01-23T12:57:57","isFullCredit":false},{"lineNumber":4,"author":{"gitId":"oolimry"},"content":"    public Command (String input) {","lastModifiedDate":"2026-01-23T12:57:57","isFullCredit":false},{"lineNumber":5,"author":{"gitId":"oolimry"},"content":"        String[] segments \u003d input.split(\"/\");","lastModifiedDate":"2026-01-23T12:57:57","isFullCredit":false},{"lineNumber":6,"author":{"gitId":"oolimry"},"content":"","lastModifiedDate":"2026-01-23T12:57:57","isFullCredit":false},{"lineNumber":7,"author":{"gitId":"oolimry"},"content":"        for(String segment : segments){","lastModifiedDate":"2026-01-23T12:57:57","isFullCredit":false},{"lineNumber":8,"author":{"gitId":"oolimry"},"content":"            String[] tokens \u003d segment.split(\"\\\\s+\");","lastModifiedDate":"2026-01-23T12:57:57","isFullCredit":false},{"lineNumber":9,"author":{"gitId":"oolimry"},"content":"            String param \u003d tokens[0];","lastModifiedDate":"2026-01-23T12:57:57","isFullCredit":false},{"lineNumber":10,"author":{"gitId":"oolimry"},"content":"            String value \u003d \"\";","lastModifiedDate":"2026-01-23T12:57:57","isFullCredit":false},{"lineNumber":11,"author":{"gitId":"oolimry"},"content":"            for (int i \u003d 1; i \u003c tokens.length; i++) {","lastModifiedDate":"2026-01-23T12:57:57","isFullCredit":false},{"lineNumber":12,"author":{"gitId":"oolimry"},"content":"                if (i !\u003d 1)","lastModifiedDate":"2026-01-23T12:57:57","isFullCredit":false},{"lineNumber":13,"author":{"gitId":"oolimry"},"content":"                    value +\u003d \" \"; ","lastModifiedDate":"2026-01-23T12:57:57","isFullCredit":false},{"lineNumber":14,"author":{"gitId":"oolimry"},"content":"                value +\u003d tokens[i];","lastModifiedDate":"2026-01-23T12:57:57","isFullCredit":false},{"lineNumber":15,"author":{"gitId":"oolimry"},"content":"            }","lastModifiedDate":"2026-01-23T12:57:57","isFullCredit":false},{"lineNumber":16,"author":{"gitId":"oolimry"},"content":"","lastModifiedDate":"2026-01-23T12:57:57","isFullCredit":false},{"lineNumber":17,"author":{"gitId":"oolimry"},"content":"            if (segment \u003d\u003d segments[0]) {","lastModifiedDate":"2026-01-23T12:57:57","isFullCredit":false},{"lineNumber":18,"author":{"gitId":"oolimry"},"content":"                this.put(\"commandType\", param);","lastModifiedDate":"2026-01-23T12:57:57","isFullCredit":false},{"lineNumber":19,"author":{"gitId":"oolimry"},"content":"                this.put(\"commandValue\", value);","lastModifiedDate":"2026-01-23T12:57:57","isFullCredit":false},{"lineNumber":20,"author":{"gitId":"oolimry"},"content":"            }","lastModifiedDate":"2026-01-23T12:57:57","isFullCredit":false},{"lineNumber":21,"author":{"gitId":"oolimry"},"content":"            ","lastModifiedDate":"2026-01-23T12:57:57","isFullCredit":false},{"lineNumber":22,"author":{"gitId":"oolimry"},"content":"            else {","lastModifiedDate":"2026-01-23T12:57:57","isFullCredit":false},{"lineNumber":23,"author":{"gitId":"oolimry"},"content":"                this.put(param, value);","lastModifiedDate":"2026-01-23T12:57:57","isFullCredit":false},{"lineNumber":24,"author":{"gitId":"oolimry"},"content":"            }","lastModifiedDate":"2026-01-23T12:57:57","isFullCredit":false},{"lineNumber":25,"author":{"gitId":"oolimry"},"content":"        }","lastModifiedDate":"2026-01-23T12:57:57","isFullCredit":false},{"lineNumber":26,"author":{"gitId":"oolimry"},"content":"","lastModifiedDate":"2026-01-23T12:57:57","isFullCredit":false},{"lineNumber":27,"author":{"gitId":"oolimry"},"content":"","lastModifiedDate":"2026-01-23T12:57:57","isFullCredit":false},{"lineNumber":28,"author":{"gitId":"oolimry"},"content":"    } ","lastModifiedDate":"2026-01-23T12:57:57","isFullCredit":false},{"lineNumber":29,"author":{"gitId":"oolimry"},"content":"}","lastModifiedDate":"2026-01-23T12:57:57","isFullCredit":false}],"authorContributionMap":{"oolimry":29}},{"path":"src/main/java/Constants.java","fileType":"java","lines":[{"lineNumber":1,"author":{"gitId":"oolimry"},"content":"public class Constants {","lastModifiedDate":"2026-01-24T10:44:38","isFullCredit":false},{"lineNumber":2,"author":{"gitId":"oolimry"},"content":"    static final String OUTPUT_DATE_FORMAT \u003d \"MMM d yyyy\";","lastModifiedDate":"2026-01-24T10:44:38","isFullCredit":false},{"lineNumber":3,"author":{"gitId":"oolimry"},"content":"    static final String SAVE_DATE_FORMAT \u003d \"yyyy-MM-dd\";","lastModifiedDate":"2026-01-24T10:44:38","isFullCredit":false},{"lineNumber":4,"author":{"gitId":"oolimry"},"content":"}","lastModifiedDate":"2026-01-24T10:44:38","isFullCredit":false}],"authorContributionMap":{"oolimry":4}},{"path":"src/main/java/DeadlineTask.java","fileType":"java","lines":[{"lineNumber":1,"author":{"gitId":"oolimry"},"content":"import java.time.LocalDate;","lastModifiedDate":"2026-01-24T10:43:13","isFullCredit":false},{"lineNumber":2,"author":{"gitId":"oolimry"},"content":"import java.time.format.DateTimeFormatter;","lastModifiedDate":"2026-01-24T10:43:13","isFullCredit":false},{"lineNumber":3,"author":{"gitId":"oolimry"},"content":"","lastModifiedDate":"2026-01-24T10:43:13","isFullCredit":false},{"lineNumber":4,"author":{"gitId":"oolimry"},"content":"public class DeadlineTask extends Task {","lastModifiedDate":"2026-01-19T12:56:50","isFullCredit":false},{"lineNumber":5,"author":{"gitId":"oolimry"},"content":"","lastModifiedDate":"2026-01-19T12:56:50","isFullCredit":false},{"lineNumber":6,"author":{"gitId":"oolimry"},"content":"    private LocalDate deadline;","lastModifiedDate":"2026-01-24T10:43:13","isFullCredit":false},{"lineNumber":7,"author":{"gitId":"oolimry"},"content":"","lastModifiedDate":"2026-01-19T12:56:50","isFullCredit":false},{"lineNumber":8,"author":{"gitId":"oolimry"},"content":"    public DeadlineTask(String description, LocalDate deadline) {","lastModifiedDate":"2026-01-24T10:43:13","isFullCredit":false},{"lineNumber":9,"author":{"gitId":"oolimry"},"content":"        super(description);","lastModifiedDate":"2026-01-19T12:56:50","isFullCredit":false},{"lineNumber":10,"author":{"gitId":"oolimry"},"content":"        this.deadline \u003d deadline;","lastModifiedDate":"2026-01-19T12:56:50","isFullCredit":false},{"lineNumber":11,"author":{"gitId":"oolimry"},"content":"    }","lastModifiedDate":"2026-01-19T12:56:50","isFullCredit":false},{"lineNumber":12,"author":{"gitId":"oolimry"},"content":"","lastModifiedDate":"2026-01-19T12:56:50","isFullCredit":false},{"lineNumber":13,"author":{"gitId":"oolimry"},"content":"    @Override","lastModifiedDate":"2026-01-19T12:56:50","isFullCredit":false},{"lineNumber":14,"author":{"gitId":"oolimry"},"content":"    public String toString() {","lastModifiedDate":"2026-01-19T12:56:50","isFullCredit":false},{"lineNumber":15,"author":{"gitId":"oolimry"},"content":"        return \"[D]\" + super.toString() +","lastModifiedDate":"2026-01-24T10:43:13","isFullCredit":false},{"lineNumber":16,"author":{"gitId":"oolimry"},"content":"                \" (by: \" + deadline.format(DateTimeFormatter.ofPattern(Constants.OUTPUT_DATE_FORMAT)) + \")\";","lastModifiedDate":"2026-01-24T10:43:13","isFullCredit":false},{"lineNumber":17,"author":{"gitId":"oolimry"},"content":"    }","lastModifiedDate":"2026-01-19T12:56:50","isFullCredit":false},{"lineNumber":18,"author":{"gitId":"oolimry"},"content":"","lastModifiedDate":"2026-01-23T12:44:34","isFullCredit":false},{"lineNumber":19,"author":{"gitId":"oolimry"},"content":"    @Override","lastModifiedDate":"2026-01-23T12:44:34","isFullCredit":false},{"lineNumber":20,"author":{"gitId":"oolimry"},"content":"    public String toSaveFormat() {","lastModifiedDate":"2026-01-23T12:44:34","isFullCredit":false},{"lineNumber":21,"author":{"gitId":"oolimry"},"content":"        String res \u003d \"deadline \" + description +","lastModifiedDate":"2026-01-24T10:43:13","isFullCredit":false},{"lineNumber":22,"author":{"gitId":"oolimry"},"content":"                \" /by \" + deadline.format(DateTimeFormatter.ofPattern(Constants.SAVE_DATE_FORMAT));","lastModifiedDate":"2026-01-24T10:43:13","isFullCredit":false},{"lineNumber":23,"author":{"gitId":"oolimry"},"content":"        if (this.isDone) {","lastModifiedDate":"2026-01-23T12:44:34","isFullCredit":false},{"lineNumber":24,"author":{"gitId":"oolimry"},"content":"            res +\u003d \" /marked 1\";","lastModifiedDate":"2026-01-23T12:44:34","isFullCredit":false},{"lineNumber":25,"author":{"gitId":"oolimry"},"content":"        }","lastModifiedDate":"2026-01-23T12:44:34","isFullCredit":false},{"lineNumber":26,"author":{"gitId":"oolimry"},"content":"        return res;","lastModifiedDate":"2026-01-23T12:44:34","isFullCredit":false},{"lineNumber":27,"author":{"gitId":"oolimry"},"content":"    }","lastModifiedDate":"2026-01-23T12:44:34","isFullCredit":false},{"lineNumber":28,"author":{"gitId":"oolimry"},"content":"}","lastModifiedDate":"2026-01-19T12:56:50","isFullCredit":false}],"authorContributionMap":{"oolimry":28}},{"path":"src/main/java/Ducky.java","fileType":"java","lines":[{"lineNumber":1,"author":{"gitId":"oolimry"},"content":"import java.util.Scanner; ","lastModifiedDate":"2026-01-16T19:50:12","isFullCredit":false},{"lineNumber":2,"author":{"gitId":"oolimry"},"content":"import java.util.ArrayList;","lastModifiedDate":"2026-01-23T13:21:25","isFullCredit":false},{"lineNumber":3,"author":{"gitId":"oolimry"},"content":"import java.time.LocalDate;","lastModifiedDate":"2026-01-24T10:43:13","isFullCredit":false},{"lineNumber":4,"author":{"gitId":"oolimry"},"content":"import java.time.format.DateTimeParseException;","lastModifiedDate":"2026-01-24T10:43:13","isFullCredit":false},{"lineNumber":5,"author":{"gitId":"oolimry"},"content":"","lastModifiedDate":"2026-01-16T19:50:12","isFullCredit":false},{"lineNumber":6,"author":{"gitId":"oolimry"},"content":"public class Ducky {","lastModifiedDate":"2026-01-15T22:14:30","isFullCredit":false},{"lineNumber":7,"author":{"gitId":"oolimry"},"content":"","lastModifiedDate":"2026-01-23T12:44:34","isFullCredit":false},{"lineNumber":8,"author":{"gitId":"oolimry"},"content":"    public static void main(String[] args) {","lastModifiedDate":"2026-01-15T22:14:30","isFullCredit":false},{"lineNumber":9,"author":{"gitId":"oolimry"},"content":"        SaveManager saveManager \u003d new SaveManager();","lastModifiedDate":"2026-01-23T12:44:34","isFullCredit":false},{"lineNumber":10,"author":{"gitId":"oolimry"},"content":"        TaskList tasks \u003d new TaskList();","lastModifiedDate":"2026-01-23T12:57:57","isFullCredit":false},{"lineNumber":11,"author":{"gitId":"oolimry"},"content":"","lastModifiedDate":"2026-01-16T21:22:58","isFullCredit":false},{"lineNumber":12,"author":{"gitId":"oolimry"},"content":"        ArrayList\u003cCommand\u003e loadedTaskCommands \u003d saveManager.readAllLines();","lastModifiedDate":"2026-01-23T13:21:25","isFullCredit":false},{"lineNumber":13,"author":{"gitId":"oolimry"},"content":"","lastModifiedDate":"2026-01-23T13:21:25","isFullCredit":false},{"lineNumber":14,"author":{"gitId":"oolimry"},"content":"        System.out.println(\"Hi! My name is Ducky!\");","lastModifiedDate":"2026-01-15T22:14:30","isFullCredit":false},{"lineNumber":15,"author":{"gitId":"oolimry"},"content":"        System.out.println(\"I add tasks wow\");","lastModifiedDate":"2026-01-16T21:22:58","isFullCredit":false},{"lineNumber":16,"author":{"gitId":"oolimry"},"content":"","lastModifiedDate":"2026-01-16T19:50:12","isFullCredit":false},{"lineNumber":17,"author":{"gitId":"oolimry"},"content":"        if (loadedTaskCommands.size() \u003e 0){","lastModifiedDate":"2026-01-23T13:21:25","isFullCredit":false},{"lineNumber":18,"author":{"gitId":"oolimry"},"content":"            System.out.println(\"The following tasks were saved the last time: \");","lastModifiedDate":"2026-01-23T13:21:25","isFullCredit":false},{"lineNumber":19,"author":{"gitId":"oolimry"},"content":"","lastModifiedDate":"2026-01-23T13:21:25","isFullCredit":false},{"lineNumber":20,"author":{"gitId":"oolimry"},"content":"            loadedTaskCommands.forEach((command) -\u003e {","lastModifiedDate":"2026-01-23T13:21:25","isFullCredit":false},{"lineNumber":21,"author":{"gitId":"oolimry"},"content":"                runCommand(command, saveManager, tasks);","lastModifiedDate":"2026-01-23T13:21:25","isFullCredit":false},{"lineNumber":22,"author":{"gitId":"oolimry"},"content":"            });","lastModifiedDate":"2026-01-23T13:21:25","isFullCredit":false},{"lineNumber":23,"author":{"gitId":"oolimry"},"content":"","lastModifiedDate":"2026-01-23T13:21:25","isFullCredit":false},{"lineNumber":24,"author":{"gitId":"oolimry"},"content":"            System.out.println(\"Tasks Loaded!\\n\");","lastModifiedDate":"2026-01-23T13:21:25","isFullCredit":false},{"lineNumber":25,"author":{"gitId":"oolimry"},"content":"        }","lastModifiedDate":"2026-01-23T13:21:25","isFullCredit":false},{"lineNumber":26,"author":{"gitId":"oolimry"},"content":"","lastModifiedDate":"2026-01-23T13:21:25","isFullCredit":false},{"lineNumber":27,"author":{"gitId":"oolimry"},"content":"","lastModifiedDate":"2026-01-23T13:21:25","isFullCredit":false},{"lineNumber":28,"author":{"gitId":"oolimry"},"content":"        while (true) {","lastModifiedDate":"2026-01-16T19:50:12","isFullCredit":false},{"lineNumber":29,"author":{"gitId":"oolimry"},"content":"            Scanner scanner \u003d new Scanner(System.in);","lastModifiedDate":"2026-01-16T19:50:12","isFullCredit":false},{"lineNumber":30,"author":{"gitId":"oolimry"},"content":"            String userInput \u003d scanner.nextLine();","lastModifiedDate":"2026-01-16T19:50:12","isFullCredit":false},{"lineNumber":31,"author":{"gitId":"oolimry"},"content":"","lastModifiedDate":"2026-01-16T19:50:12","isFullCredit":false},{"lineNumber":32,"author":{"gitId":"oolimry"},"content":"            if (userInput.equals(\"bye\")) {","lastModifiedDate":"2026-01-23T13:21:25","isFullCredit":false},{"lineNumber":33,"author":{"gitId":"oolimry"},"content":"                return;","lastModifiedDate":"2026-01-23T13:21:25","isFullCredit":false},{"lineNumber":34,"author":{"gitId":"oolimry"},"content":"            }","lastModifiedDate":"2026-01-23T13:21:25","isFullCredit":false},{"lineNumber":35,"author":{"gitId":"oolimry"},"content":"","lastModifiedDate":"2026-01-23T13:21:25","isFullCredit":false},{"lineNumber":36,"author":{"gitId":"oolimry"},"content":"            Command command \u003d new Command(userInput);","lastModifiedDate":"2026-01-23T12:57:57","isFullCredit":false},{"lineNumber":37,"author":{"gitId":"oolimry"},"content":"           ","lastModifiedDate":"2026-01-23T12:57:57","isFullCredit":false},{"lineNumber":38,"author":{"gitId":"oolimry"},"content":"            runCommand(command, saveManager, tasks);","lastModifiedDate":"2026-01-23T13:21:25","isFullCredit":false},{"lineNumber":39,"author":{"gitId":"oolimry"},"content":"        }","lastModifiedDate":"2026-01-23T13:21:25","isFullCredit":false},{"lineNumber":40,"author":{"gitId":"oolimry"},"content":"    }","lastModifiedDate":"2026-01-23T13:21:25","isFullCredit":false},{"lineNumber":41,"author":{"gitId":"oolimry"},"content":"","lastModifiedDate":"2026-01-23T13:21:25","isFullCredit":false},{"lineNumber":42,"author":{"gitId":"oolimry"},"content":"    private static void runCommand (Command command, SaveManager saveManager, TaskList tasks) {","lastModifiedDate":"2026-01-23T13:21:25","isFullCredit":false},{"lineNumber":43,"author":{"gitId":"oolimry"},"content":"        String mainCommand \u003d command.get(\"commandType\");","lastModifiedDate":"2026-01-23T12:57:57","isFullCredit":false},{"lineNumber":44,"author":{"gitId":"oolimry"},"content":"        String commandValue \u003d command.get(\"commandValue\");","lastModifiedDate":"2026-01-23T12:57:57","isFullCredit":false},{"lineNumber":45,"author":{"gitId":"oolimry"},"content":"","lastModifiedDate":"2026-01-23T12:57:57","isFullCredit":false},{"lineNumber":46,"author":{"gitId":"oolimry"},"content":"        if (mainCommand.equals(\"list\")) {","lastModifiedDate":"2026-01-23T13:21:25","isFullCredit":false},{"lineNumber":47,"author":{"gitId":"oolimry"},"content":"            for (int i \u003d 0; i \u003c tasks.size(); i++) {","lastModifiedDate":"2026-01-16T21:22:58","isFullCredit":false},{"lineNumber":48,"author":{"gitId":"oolimry"},"content":"                System.out.println(","lastModifiedDate":"2026-01-16T21:22:58","isFullCredit":false},{"lineNumber":49,"author":{"gitId":"oolimry"},"content":"                    String.valueOf(i+1) + \": \" + tasks.get(i).toString()","lastModifiedDate":"2026-01-17T15:28:40","isFullCredit":false},{"lineNumber":50,"author":{"gitId":"oolimry"},"content":"                );","lastModifiedDate":"2026-01-16T21:22:58","isFullCredit":false},{"lineNumber":51,"author":{"gitId":"oolimry"},"content":"            }","lastModifiedDate":"2026-01-16T21:22:58","isFullCredit":false},{"lineNumber":52,"author":{"gitId":"oolimry"},"content":"        }","lastModifiedDate":"2026-01-16T21:22:58","isFullCredit":false},{"lineNumber":53,"author":{"gitId":"oolimry"},"content":"","lastModifiedDate":"2026-01-17T15:28:40","isFullCredit":false},{"lineNumber":54,"author":{"gitId":"oolimry"},"content":"        else if (mainCommand.equals(\"mark\")) {","lastModifiedDate":"2026-01-17T15:28:40","isFullCredit":false},{"lineNumber":55,"author":{"gitId":"oolimry"},"content":"            try {","lastModifiedDate":"2026-01-21T14:02:05","isFullCredit":false},{"lineNumber":56,"author":{"gitId":"oolimry"},"content":"                int taskNumber \u003d Integer.parseInt(commandValue);","lastModifiedDate":"2026-01-19T12:56:50","isFullCredit":false},{"lineNumber":57,"author":{"gitId":"oolimry"},"content":"","lastModifiedDate":"2026-01-17T15:28:40","isFullCredit":false},{"lineNumber":58,"author":{"gitId":"oolimry"},"content":"                tasks.get(taskNumber - 1).markAsDone();","lastModifiedDate":"2026-01-17T15:28:40","isFullCredit":false},{"lineNumber":59,"author":{"gitId":"oolimry"},"content":"","lastModifiedDate":"2026-01-17T15:28:40","isFullCredit":false},{"lineNumber":60,"author":{"gitId":"oolimry"},"content":"                System.out.println(\"Quack! I\u0027ve marked task \" + taskNumber + \" \\\"\" ","lastModifiedDate":"2026-01-17T15:28:40","isFullCredit":false},{"lineNumber":61,"author":{"gitId":"oolimry"},"content":"                    + tasks.get(taskNumber - 1).getDescription() + \"\\\" as done\");","lastModifiedDate":"2026-01-17T15:28:40","isFullCredit":false},{"lineNumber":62,"author":{"gitId":"oolimry"},"content":"            }","lastModifiedDate":"2026-01-17T15:28:40","isFullCredit":false},{"lineNumber":63,"author":{"gitId":"oolimry"},"content":"            catch (NumberFormatException e) {","lastModifiedDate":"2026-01-21T14:02:05","isFullCredit":false},{"lineNumber":64,"author":{"gitId":"oolimry"},"content":"                System.out.println(commandValue + \" is not number.\\n\" + ","lastModifiedDate":"2026-01-21T14:02:05","isFullCredit":false},{"lineNumber":65,"author":{"gitId":"oolimry"},"content":"                    \"Please input a task index between 1 and \" + String.valueOf(tasks.size()));","lastModifiedDate":"2026-01-21T14:02:05","isFullCredit":false},{"lineNumber":66,"author":{"gitId":"oolimry"},"content":"            }","lastModifiedDate":"2026-01-21T14:02:05","isFullCredit":false},{"lineNumber":67,"author":{"gitId":"oolimry"},"content":"            catch (IndexOutOfBoundsException e) {","lastModifiedDate":"2026-01-21T14:02:05","isFullCredit":false},{"lineNumber":68,"author":{"gitId":"oolimry"},"content":"                System.out.println(commandValue + \" is out of bounds.\\n\" + ","lastModifiedDate":"2026-01-21T14:02:05","isFullCredit":false},{"lineNumber":69,"author":{"gitId":"oolimry"},"content":"                    \"Please input a task index between 1 and \" + String.valueOf(tasks.size()));","lastModifiedDate":"2026-01-21T14:02:05","isFullCredit":false},{"lineNumber":70,"author":{"gitId":"oolimry"},"content":"            }","lastModifiedDate":"2026-01-21T14:02:05","isFullCredit":false},{"lineNumber":71,"author":{"gitId":"oolimry"},"content":"","lastModifiedDate":"2026-01-23T12:44:34","isFullCredit":false},{"lineNumber":72,"author":{"gitId":"oolimry"},"content":"            saveManager.saveAllTasks(tasks);","lastModifiedDate":"2026-01-23T12:44:34","isFullCredit":false},{"lineNumber":73,"author":{"gitId":"oolimry"},"content":"        }","lastModifiedDate":"2026-01-21T14:02:05","isFullCredit":false},{"lineNumber":74,"author":{"gitId":"oolimry"},"content":"","lastModifiedDate":"2026-01-17T15:28:40","isFullCredit":false},{"lineNumber":75,"author":{"gitId":"oolimry"},"content":"        else if (mainCommand.equals(\"unmark\")) {","lastModifiedDate":"2026-01-17T15:28:40","isFullCredit":false},{"lineNumber":76,"author":{"gitId":"oolimry"},"content":"            try {","lastModifiedDate":"2026-01-21T14:02:05","isFullCredit":false},{"lineNumber":77,"author":{"gitId":"oolimry"},"content":"                int taskNumber \u003d Integer.parseInt(commandValue);","lastModifiedDate":"2026-01-19T12:56:50","isFullCredit":false},{"lineNumber":78,"author":{"gitId":"oolimry"},"content":"","lastModifiedDate":"2026-01-17T15:28:40","isFullCredit":false},{"lineNumber":79,"author":{"gitId":"oolimry"},"content":"                tasks.get(taskNumber - 1).ummarkAsDone();","lastModifiedDate":"2026-01-17T15:28:40","isFullCredit":false},{"lineNumber":80,"author":{"gitId":"oolimry"},"content":"","lastModifiedDate":"2026-01-17T15:28:40","isFullCredit":false},{"lineNumber":81,"author":{"gitId":"oolimry"},"content":"                System.out.println(\"Quack. I\u0027ve set task \" + taskNumber + \" \\\"\" ","lastModifiedDate":"2026-01-17T15:28:40","isFullCredit":false},{"lineNumber":82,"author":{"gitId":"oolimry"},"content":"                    + tasks.get(taskNumber - 1).getDescription() + \"\\\" as not done\");","lastModifiedDate":"2026-01-17T15:28:40","isFullCredit":false},{"lineNumber":83,"author":{"gitId":"oolimry"},"content":"            }","lastModifiedDate":"2026-01-17T15:28:40","isFullCredit":false},{"lineNumber":84,"author":{"gitId":"oolimry"},"content":"            catch (NumberFormatException e) {","lastModifiedDate":"2026-01-21T14:02:05","isFullCredit":false},{"lineNumber":85,"author":{"gitId":"oolimry"},"content":"                System.out.println(commandValue + \" is not number.\\n\" + ","lastModifiedDate":"2026-01-21T14:02:05","isFullCredit":false},{"lineNumber":86,"author":{"gitId":"oolimry"},"content":"                    \"Please input a task index between 1 and \" + String.valueOf(tasks.size()));","lastModifiedDate":"2026-01-21T14:02:05","isFullCredit":false},{"lineNumber":87,"author":{"gitId":"oolimry"},"content":"            }","lastModifiedDate":"2026-01-21T14:02:05","isFullCredit":false},{"lineNumber":88,"author":{"gitId":"oolimry"},"content":"            catch (IndexOutOfBoundsException e) {","lastModifiedDate":"2026-01-21T14:02:05","isFullCredit":false},{"lineNumber":89,"author":{"gitId":"oolimry"},"content":"                System.out.println(commandValue + \" is out of bounds.\\n\" + ","lastModifiedDate":"2026-01-21T14:02:05","isFullCredit":false},{"lineNumber":90,"author":{"gitId":"oolimry"},"content":"                    \"Please input a task index between 1 and \" + String.valueOf(tasks.size()));","lastModifiedDate":"2026-01-21T14:02:05","isFullCredit":false},{"lineNumber":91,"author":{"gitId":"oolimry"},"content":"            }","lastModifiedDate":"2026-01-21T14:02:05","isFullCredit":false},{"lineNumber":92,"author":{"gitId":"oolimry"},"content":"","lastModifiedDate":"2026-01-23T12:44:34","isFullCredit":false},{"lineNumber":93,"author":{"gitId":"oolimry"},"content":"            saveManager.saveAllTasks(tasks);","lastModifiedDate":"2026-01-23T12:44:34","isFullCredit":false},{"lineNumber":94,"author":{"gitId":"oolimry"},"content":"        }","lastModifiedDate":"2026-01-21T14:02:05","isFullCredit":false},{"lineNumber":95,"author":{"gitId":"oolimry"},"content":"","lastModifiedDate":"2026-01-17T15:28:40","isFullCredit":false},{"lineNumber":96,"author":{"gitId":"oolimry"},"content":"        else if (mainCommand.equals(\"delete\")) {","lastModifiedDate":"2026-01-21T20:29:23","isFullCredit":false},{"lineNumber":97,"author":{"gitId":"oolimry"},"content":"            try {","lastModifiedDate":"2026-01-21T20:29:23","isFullCredit":false},{"lineNumber":98,"author":{"gitId":"oolimry"},"content":"                int taskNumber \u003d Integer.parseInt(commandValue);","lastModifiedDate":"2026-01-21T20:29:23","isFullCredit":false},{"lineNumber":99,"author":{"gitId":"oolimry"},"content":"","lastModifiedDate":"2026-01-21T20:29:23","isFullCredit":false},{"lineNumber":100,"author":{"gitId":"oolimry"},"content":"                Task taskRemoved \u003d tasks.remove(taskNumber - 1);","lastModifiedDate":"2026-01-21T20:29:23","isFullCredit":false},{"lineNumber":101,"author":{"gitId":"oolimry"},"content":"               ","lastModifiedDate":"2026-01-21T20:29:23","isFullCredit":false},{"lineNumber":102,"author":{"gitId":"oolimry"},"content":"                System.out.println(\"Quack! I\u0027ve deleted task \" + taskNumber + \" \\\"\" ","lastModifiedDate":"2026-01-21T20:29:23","isFullCredit":false},{"lineNumber":103,"author":{"gitId":"oolimry"},"content":"                    + taskRemoved.getDescription() + \"\\\"\");","lastModifiedDate":"2026-01-21T20:29:23","isFullCredit":false},{"lineNumber":104,"author":{"gitId":"oolimry"},"content":"            }","lastModifiedDate":"2026-01-21T20:29:23","isFullCredit":false},{"lineNumber":105,"author":{"gitId":"oolimry"},"content":"            catch (NumberFormatException e) {","lastModifiedDate":"2026-01-21T20:29:23","isFullCredit":false},{"lineNumber":106,"author":{"gitId":"oolimry"},"content":"                System.out.println(commandValue + \" is not number.\\n\" + ","lastModifiedDate":"2026-01-21T20:29:23","isFullCredit":false},{"lineNumber":107,"author":{"gitId":"oolimry"},"content":"                    \"Please input a task index between 1 and \" + String.valueOf(tasks.size()));","lastModifiedDate":"2026-01-21T20:29:23","isFullCredit":false},{"lineNumber":108,"author":{"gitId":"oolimry"},"content":"            }","lastModifiedDate":"2026-01-21T20:29:23","isFullCredit":false},{"lineNumber":109,"author":{"gitId":"oolimry"},"content":"            catch (IndexOutOfBoundsException e) {","lastModifiedDate":"2026-01-21T20:29:23","isFullCredit":false},{"lineNumber":110,"author":{"gitId":"oolimry"},"content":"                System.out.println(commandValue + \" is out of bounds.\\n\" + ","lastModifiedDate":"2026-01-21T20:29:23","isFullCredit":false},{"lineNumber":111,"author":{"gitId":"oolimry"},"content":"                    \"Please input a task index between 1 and \" + String.valueOf(tasks.size()));","lastModifiedDate":"2026-01-21T20:29:23","isFullCredit":false},{"lineNumber":112,"author":{"gitId":"oolimry"},"content":"            }","lastModifiedDate":"2026-01-21T20:29:23","isFullCredit":false},{"lineNumber":113,"author":{"gitId":"oolimry"},"content":"","lastModifiedDate":"2026-01-23T12:44:34","isFullCredit":false},{"lineNumber":114,"author":{"gitId":"oolimry"},"content":"            saveManager.saveAllTasks(tasks);","lastModifiedDate":"2026-01-23T12:44:34","isFullCredit":false},{"lineNumber":115,"author":{"gitId":"oolimry"},"content":"        }","lastModifiedDate":"2026-01-21T20:29:23","isFullCredit":false},{"lineNumber":116,"author":{"gitId":"oolimry"},"content":"","lastModifiedDate":"2026-01-21T20:29:23","isFullCredit":false},{"lineNumber":117,"author":{"gitId":"oolimry"},"content":"        else if (mainCommand.equals(\"todo\")) {","lastModifiedDate":"2026-01-19T12:56:50","isFullCredit":false},{"lineNumber":118,"author":{"gitId":"oolimry"},"content":"            ToDoTask newTask \u003d new ToDoTask(commandValue);","lastModifiedDate":"2026-01-19T12:56:50","isFullCredit":false},{"lineNumber":119,"author":{"gitId":"oolimry"},"content":"            tasks.add(newTask);","lastModifiedDate":"2026-01-19T12:56:50","isFullCredit":false},{"lineNumber":120,"author":{"gitId":"oolimry"},"content":"","lastModifiedDate":"2026-01-19T12:56:50","isFullCredit":false},{"lineNumber":121,"author":{"gitId":"oolimry"},"content":"            if (command.get(\"marked\") !\u003d null) {","lastModifiedDate":"2026-01-23T13:21:25","isFullCredit":false},{"lineNumber":122,"author":{"gitId":"oolimry"},"content":"                newTask.isDone \u003d true;","lastModifiedDate":"2026-01-23T13:21:25","isFullCredit":false},{"lineNumber":123,"author":{"gitId":"oolimry"},"content":"            }","lastModifiedDate":"2026-01-23T13:21:25","isFullCredit":false},{"lineNumber":124,"author":{"gitId":"oolimry"},"content":"","lastModifiedDate":"2026-01-23T13:21:25","isFullCredit":false},{"lineNumber":125,"author":{"gitId":"oolimry"},"content":"            System.out.println(\"Added todo: \" + newTask);","lastModifiedDate":"2026-01-19T12:56:50","isFullCredit":false},{"lineNumber":126,"author":{"gitId":"oolimry"},"content":"","lastModifiedDate":"2026-01-23T12:44:34","isFullCredit":false},{"lineNumber":127,"author":{"gitId":"oolimry"},"content":"            saveManager.saveAllTasks(tasks);","lastModifiedDate":"2026-01-23T12:44:34","isFullCredit":false},{"lineNumber":128,"author":{"gitId":"oolimry"},"content":"        }","lastModifiedDate":"2026-01-19T12:56:50","isFullCredit":false},{"lineNumber":129,"author":{"gitId":"oolimry"},"content":"","lastModifiedDate":"2026-01-19T12:56:50","isFullCredit":false},{"lineNumber":130,"author":{"gitId":"oolimry"},"content":"        else if (mainCommand.equals(\"deadline\")) {","lastModifiedDate":"2026-01-19T12:56:50","isFullCredit":false},{"lineNumber":131,"author":{"gitId":"oolimry"},"content":"            try {","lastModifiedDate":"2026-01-24T10:43:13","isFullCredit":false},{"lineNumber":132,"author":{"gitId":"oolimry"},"content":"                LocalDate deadline \u003d LocalDate.parse(command.get(\"by\"));","lastModifiedDate":"2026-01-24T10:43:13","isFullCredit":false},{"lineNumber":133,"author":{"gitId":"oolimry"},"content":"","lastModifiedDate":"2026-01-21T14:02:05","isFullCredit":false},{"lineNumber":134,"author":{"gitId":"oolimry"},"content":"                if (deadline \u003d\u003d null) {","lastModifiedDate":"2026-01-21T14:02:05","isFullCredit":false},{"lineNumber":135,"author":{"gitId":"oolimry"},"content":"                    System.out.println(\"Please follow the format\");","lastModifiedDate":"2026-01-21T14:02:05","isFullCredit":false},{"lineNumber":136,"author":{"gitId":"oolimry"},"content":"                    System.out.println(\"deadline \u003ctaskname\u003e /by \u003ctime\u003e\");","lastModifiedDate":"2026-01-21T14:02:05","isFullCredit":false},{"lineNumber":137,"author":{"gitId":"oolimry"},"content":"                    return;","lastModifiedDate":"2026-01-23T13:21:25","isFullCredit":false},{"lineNumber":138,"author":{"gitId":"oolimry"},"content":"                }","lastModifiedDate":"2026-01-21T14:02:05","isFullCredit":false},{"lineNumber":139,"author":{"gitId":"oolimry"},"content":"","lastModifiedDate":"2026-01-21T14:02:05","isFullCredit":false},{"lineNumber":140,"author":{"gitId":"oolimry"},"content":"                DeadlineTask newTask \u003d new DeadlineTask(commandValue, deadline);","lastModifiedDate":"2026-01-19T12:56:50","isFullCredit":false},{"lineNumber":141,"author":{"gitId":"oolimry"},"content":"","lastModifiedDate":"2026-01-23T13:21:25","isFullCredit":false},{"lineNumber":142,"author":{"gitId":"oolimry"},"content":"                if (command.get(\"marked\") !\u003d null) {","lastModifiedDate":"2026-01-23T13:21:25","isFullCredit":false},{"lineNumber":143,"author":{"gitId":"oolimry"},"content":"                    newTask.isDone \u003d true;","lastModifiedDate":"2026-01-23T13:21:25","isFullCredit":false},{"lineNumber":144,"author":{"gitId":"oolimry"},"content":"                }","lastModifiedDate":"2026-01-23T13:21:25","isFullCredit":false},{"lineNumber":145,"author":{"gitId":"oolimry"},"content":"","lastModifiedDate":"2026-01-23T13:21:25","isFullCredit":false},{"lineNumber":146,"author":{"gitId":"oolimry"},"content":"                tasks.add(newTask);","lastModifiedDate":"2026-01-19T12:56:50","isFullCredit":false},{"lineNumber":147,"author":{"gitId":"oolimry"},"content":"","lastModifiedDate":"2026-01-19T12:56:50","isFullCredit":false},{"lineNumber":148,"author":{"gitId":"oolimry"},"content":"                System.out.println(\"Added deadline: \" + newTask);","lastModifiedDate":"2026-01-19T12:56:50","isFullCredit":false},{"lineNumber":149,"author":{"gitId":"oolimry"},"content":"","lastModifiedDate":"2026-01-23T12:44:34","isFullCredit":false},{"lineNumber":150,"author":{"gitId":"oolimry"},"content":"                saveManager.saveAllTasks(tasks);","lastModifiedDate":"2026-01-23T12:44:34","isFullCredit":false},{"lineNumber":151,"author":{"gitId":"oolimry"},"content":"            }","lastModifiedDate":"2026-01-19T12:56:50","isFullCredit":false},{"lineNumber":152,"author":{"gitId":"oolimry"},"content":"            catch (DateTimeParseException e) {","lastModifiedDate":"2026-01-24T10:43:13","isFullCredit":false},{"lineNumber":153,"author":{"gitId":"oolimry"},"content":"                System.out.println(\"Date Format Error! Please enter deadline in the format of \" +","lastModifiedDate":"2026-01-24T10:43:13","isFullCredit":false},{"lineNumber":154,"author":{"gitId":"oolimry"},"content":"                        Constants.SAVE_DATE_FORMAT);","lastModifiedDate":"2026-01-24T10:43:13","isFullCredit":false},{"lineNumber":155,"author":{"gitId":"oolimry"},"content":"            }","lastModifiedDate":"2026-01-24T10:43:13","isFullCredit":false},{"lineNumber":156,"author":{"gitId":"oolimry"},"content":"        }","lastModifiedDate":"2026-01-24T10:43:13","isFullCredit":false},{"lineNumber":157,"author":{"gitId":"oolimry"},"content":"","lastModifiedDate":"2026-01-19T12:56:50","isFullCredit":false},{"lineNumber":158,"author":{"gitId":"oolimry"},"content":"        else if (mainCommand.equals(\"event\")) {","lastModifiedDate":"2026-01-19T12:56:50","isFullCredit":false},{"lineNumber":159,"author":{"gitId":"oolimry"},"content":"            LocalDate from \u003d LocalDate.parse(command.get(\"from\"));","lastModifiedDate":"2026-01-24T10:43:13","isFullCredit":false},{"lineNumber":160,"author":{"gitId":"oolimry"},"content":"            LocalDate to \u003d LocalDate.parse(command.get(\"to\"));","lastModifiedDate":"2026-01-24T10:43:13","isFullCredit":false},{"lineNumber":161,"author":{"gitId":"oolimry"},"content":"","lastModifiedDate":"2026-01-21T14:02:05","isFullCredit":false},{"lineNumber":162,"author":{"gitId":"oolimry"},"content":"            ","lastModifiedDate":"2026-01-23T13:21:25","isFullCredit":false},{"lineNumber":163,"author":{"gitId":"oolimry"},"content":"            if (from \u003d\u003d null || to \u003d\u003d null) {","lastModifiedDate":"2026-01-21T14:02:05","isFullCredit":false},{"lineNumber":164,"author":{"gitId":"oolimry"},"content":"                System.out.println(\"Please follow the format\");","lastModifiedDate":"2026-01-21T14:02:05","isFullCredit":false},{"lineNumber":165,"author":{"gitId":"oolimry"},"content":"                System.out.println(\"event \u003ctaskname\u003e /from \u003ctime\u003e /to \u003ctime\u003e\");","lastModifiedDate":"2026-01-21T14:02:05","isFullCredit":false},{"lineNumber":166,"author":{"gitId":"oolimry"},"content":"                return;","lastModifiedDate":"2026-01-23T13:21:25","isFullCredit":false},{"lineNumber":167,"author":{"gitId":"oolimry"},"content":"            }","lastModifiedDate":"2026-01-21T14:02:05","isFullCredit":false},{"lineNumber":168,"author":{"gitId":"oolimry"},"content":"","lastModifiedDate":"2026-01-21T14:02:05","isFullCredit":false},{"lineNumber":169,"author":{"gitId":"oolimry"},"content":"            EventTask newTask \u003d new EventTask(commandValue, from, to);","lastModifiedDate":"2026-01-19T12:56:50","isFullCredit":false},{"lineNumber":170,"author":{"gitId":"oolimry"},"content":"","lastModifiedDate":"2026-01-23T13:21:25","isFullCredit":false},{"lineNumber":171,"author":{"gitId":"oolimry"},"content":"            if (command.get(\"marked\") !\u003d null) {","lastModifiedDate":"2026-01-23T13:21:25","isFullCredit":false},{"lineNumber":172,"author":{"gitId":"oolimry"},"content":"                newTask.isDone \u003d true;","lastModifiedDate":"2026-01-23T13:21:25","isFullCredit":false},{"lineNumber":173,"author":{"gitId":"oolimry"},"content":"            }","lastModifiedDate":"2026-01-23T13:21:25","isFullCredit":false},{"lineNumber":174,"author":{"gitId":"oolimry"},"content":"","lastModifiedDate":"2026-01-23T13:21:25","isFullCredit":false},{"lineNumber":175,"author":{"gitId":"oolimry"},"content":"            tasks.add(newTask);","lastModifiedDate":"2026-01-19T12:56:50","isFullCredit":false},{"lineNumber":176,"author":{"gitId":"oolimry"},"content":"","lastModifiedDate":"2026-01-19T12:56:50","isFullCredit":false},{"lineNumber":177,"author":{"gitId":"oolimry"},"content":"            System.out.println(\"Added event: \" + newTask);","lastModifiedDate":"2026-01-19T12:56:50","isFullCredit":false},{"lineNumber":178,"author":{"gitId":"oolimry"},"content":"","lastModifiedDate":"2026-01-23T12:44:34","isFullCredit":false},{"lineNumber":179,"author":{"gitId":"oolimry"},"content":"            saveManager.saveAllTasks(tasks);","lastModifiedDate":"2026-01-23T12:44:34","isFullCredit":false},{"lineNumber":180,"author":{"gitId":"oolimry"},"content":"        }","lastModifiedDate":"2026-01-19T12:56:50","isFullCredit":false},{"lineNumber":181,"author":{"gitId":"oolimry"},"content":"","lastModifiedDate":"2026-01-19T12:56:50","isFullCredit":false},{"lineNumber":182,"author":{"gitId":"oolimry"},"content":"","lastModifiedDate":"2026-01-19T12:56:50","isFullCredit":false},{"lineNumber":183,"author":{"gitId":"oolimry"},"content":"        else {","lastModifiedDate":"2026-01-16T19:50:12","isFullCredit":false},{"lineNumber":184,"author":{"gitId":"oolimry"},"content":"            System.out.println(\"Command not found!\");","lastModifiedDate":"2026-01-19T12:56:50","isFullCredit":false},{"lineNumber":185,"author":{"gitId":"oolimry"},"content":"        }","lastModifiedDate":"2026-01-19T12:56:50","isFullCredit":false},{"lineNumber":186,"author":{"gitId":"oolimry"},"content":"    }","lastModifiedDate":"2026-01-19T12:56:50","isFullCredit":false},{"lineNumber":187,"author":{"gitId":"oolimry"},"content":"}","lastModifiedDate":"2026-01-19T12:56:50","isFullCredit":false}],"authorContributionMap":{"oolimry":187}},{"path":"src/main/java/EventTask.java","fileType":"java","lines":[{"lineNumber":1,"author":{"gitId":"oolimry"},"content":"import java.time.LocalDate;","lastModifiedDate":"2026-01-24T10:43:13","isFullCredit":false},{"lineNumber":2,"author":{"gitId":"oolimry"},"content":"import java.time.format.DateTimeFormatter;","lastModifiedDate":"2026-01-24T10:43:13","isFullCredit":false},{"lineNumber":3,"author":{"gitId":"oolimry"},"content":"","lastModifiedDate":"2026-01-24T10:43:13","isFullCredit":false},{"lineNumber":4,"author":{"gitId":"oolimry"},"content":"public class EventTask extends Task {","lastModifiedDate":"2026-01-19T12:56:50","isFullCredit":false},{"lineNumber":5,"author":{"gitId":"oolimry"},"content":"","lastModifiedDate":"2026-01-19T12:56:50","isFullCredit":false},{"lineNumber":6,"author":{"gitId":"oolimry"},"content":"    private LocalDate from;","lastModifiedDate":"2026-01-24T10:43:13","isFullCredit":false},{"lineNumber":7,"author":{"gitId":"oolimry"},"content":"    private LocalDate to;","lastModifiedDate":"2026-01-24T10:43:13","isFullCredit":false},{"lineNumber":8,"author":{"gitId":"oolimry"},"content":"","lastModifiedDate":"2026-01-19T12:56:50","isFullCredit":false},{"lineNumber":9,"author":{"gitId":"oolimry"},"content":"    public EventTask(String description, LocalDate from, LocalDate to) {","lastModifiedDate":"2026-01-24T10:43:13","isFullCredit":false},{"lineNumber":10,"author":{"gitId":"oolimry"},"content":"        super(description);","lastModifiedDate":"2026-01-19T12:56:50","isFullCredit":false},{"lineNumber":11,"author":{"gitId":"oolimry"},"content":"        this.from \u003d from;","lastModifiedDate":"2026-01-19T12:56:50","isFullCredit":false},{"lineNumber":12,"author":{"gitId":"oolimry"},"content":"        this.to \u003d to;","lastModifiedDate":"2026-01-19T12:56:50","isFullCredit":false},{"lineNumber":13,"author":{"gitId":"oolimry"},"content":"    }","lastModifiedDate":"2026-01-19T12:56:50","isFullCredit":false},{"lineNumber":14,"author":{"gitId":"oolimry"},"content":"","lastModifiedDate":"2026-01-19T12:56:50","isFullCredit":false},{"lineNumber":15,"author":{"gitId":"oolimry"},"content":"    @Override","lastModifiedDate":"2026-01-19T12:56:50","isFullCredit":false},{"lineNumber":16,"author":{"gitId":"oolimry"},"content":"    public String toString() {","lastModifiedDate":"2026-01-19T12:56:50","isFullCredit":false},{"lineNumber":17,"author":{"gitId":"oolimry"},"content":"        return \"[E]\" + super.toString() +","lastModifiedDate":"2026-01-19T12:56:50","isFullCredit":false},{"lineNumber":18,"author":{"gitId":"oolimry"},"content":"                \" (from: \" + from.format(DateTimeFormatter.ofPattern(Constants.OUTPUT_DATE_FORMAT)) +","lastModifiedDate":"2026-01-24T10:43:13","isFullCredit":false},{"lineNumber":19,"author":{"gitId":"oolimry"},"content":"                \" to: \" + to.format(DateTimeFormatter.ofPattern(Constants.OUTPUT_DATE_FORMAT)) + \")\";","lastModifiedDate":"2026-01-24T10:43:13","isFullCredit":false},{"lineNumber":20,"author":{"gitId":"oolimry"},"content":"    }","lastModifiedDate":"2026-01-19T12:56:50","isFullCredit":false},{"lineNumber":21,"author":{"gitId":"oolimry"},"content":"","lastModifiedDate":"2026-01-23T12:44:34","isFullCredit":false},{"lineNumber":22,"author":{"gitId":"oolimry"},"content":"    @Override","lastModifiedDate":"2026-01-23T12:44:34","isFullCredit":false},{"lineNumber":23,"author":{"gitId":"oolimry"},"content":"    public String toSaveFormat() {","lastModifiedDate":"2026-01-23T12:44:34","isFullCredit":false},{"lineNumber":24,"author":{"gitId":"oolimry"},"content":"        String res \u003d \"event \" + description +","lastModifiedDate":"2026-01-24T10:43:13","isFullCredit":false},{"lineNumber":25,"author":{"gitId":"oolimry"},"content":"                \" /from \" + from.format(DateTimeFormatter.ofPattern(Constants.SAVE_DATE_FORMAT)) +","lastModifiedDate":"2026-01-24T10:43:13","isFullCredit":false},{"lineNumber":26,"author":{"gitId":"oolimry"},"content":"                \" /to \" + to.format(DateTimeFormatter.ofPattern(Constants.SAVE_DATE_FORMAT));","lastModifiedDate":"2026-01-24T10:43:13","isFullCredit":false},{"lineNumber":27,"author":{"gitId":"oolimry"},"content":"        if (this.isDone) {","lastModifiedDate":"2026-01-23T12:44:34","isFullCredit":false},{"lineNumber":28,"author":{"gitId":"oolimry"},"content":"            res +\u003d \" /marked 1\";","lastModifiedDate":"2026-01-23T12:44:34","isFullCredit":false},{"lineNumber":29,"author":{"gitId":"oolimry"},"content":"        }","lastModifiedDate":"2026-01-23T12:44:34","isFullCredit":false},{"lineNumber":30,"author":{"gitId":"oolimry"},"content":"        return res;","lastModifiedDate":"2026-01-23T12:44:34","isFullCredit":false},{"lineNumber":31,"author":{"gitId":"oolimry"},"content":"    }","lastModifiedDate":"2026-01-23T12:44:34","isFullCredit":false},{"lineNumber":32,"author":{"gitId":"oolimry"},"content":"}","lastModifiedDate":"2026-01-19T12:56:50","isFullCredit":false}],"authorContributionMap":{"oolimry":32}},{"path":"src/main/java/SaveManager.java","fileType":"java","lines":[{"lineNumber":1,"author":{"gitId":"oolimry"},"content":"import java.io.IOException;","lastModifiedDate":"2026-01-23T12:44:34","isFullCredit":false},{"lineNumber":2,"author":{"gitId":"oolimry"},"content":"import java.nio.file.Files;","lastModifiedDate":"2026-01-23T12:44:34","isFullCredit":false},{"lineNumber":3,"author":{"gitId":"oolimry"},"content":"import java.nio.file.Path;","lastModifiedDate":"2026-01-23T12:44:34","isFullCredit":false},{"lineNumber":4,"author":{"gitId":"oolimry"},"content":"import java.nio.file.Paths;","lastModifiedDate":"2026-01-23T12:44:34","isFullCredit":false},{"lineNumber":5,"author":{"gitId":"oolimry"},"content":"import java.nio.file.StandardOpenOption;","lastModifiedDate":"2026-01-23T12:44:34","isFullCredit":false},{"lineNumber":6,"author":{"gitId":"oolimry"},"content":"import java.util.ArrayList;","lastModifiedDate":"2026-01-23T12:44:34","isFullCredit":false},{"lineNumber":7,"author":{"gitId":"oolimry"},"content":"import java.util.List;","lastModifiedDate":"2026-01-23T12:44:34","isFullCredit":false},{"lineNumber":8,"author":{"gitId":"oolimry"},"content":"","lastModifiedDate":"2026-01-23T12:44:34","isFullCredit":false},{"lineNumber":9,"author":{"gitId":"oolimry"},"content":"public class SaveManager {","lastModifiedDate":"2026-01-23T12:44:34","isFullCredit":false},{"lineNumber":10,"author":{"gitId":"oolimry"},"content":"    Path directoryPath;","lastModifiedDate":"2026-01-23T12:44:34","isFullCredit":false},{"lineNumber":11,"author":{"gitId":"oolimry"},"content":"    Path filePath;","lastModifiedDate":"2026-01-23T12:44:34","isFullCredit":false},{"lineNumber":12,"author":{"gitId":"oolimry"},"content":"","lastModifiedDate":"2026-01-23T12:44:34","isFullCredit":false},{"lineNumber":13,"author":{"gitId":"oolimry"},"content":"    public SaveManager() {","lastModifiedDate":"2026-01-23T12:44:34","isFullCredit":false},{"lineNumber":14,"author":{"gitId":"oolimry"},"content":"        String home \u003d System.getProperty(\"user.home\");","lastModifiedDate":"2026-01-23T12:44:34","isFullCredit":false},{"lineNumber":15,"author":{"gitId":"oolimry"},"content":"        directoryPath \u003d Paths.get(home, \"cs2103t\", \"ducky\");","lastModifiedDate":"2026-01-23T12:44:34","isFullCredit":false},{"lineNumber":16,"author":{"gitId":"oolimry"},"content":"        filePath \u003d directoryPath.resolve(\"data.txt\");","lastModifiedDate":"2026-01-23T12:44:34","isFullCredit":false},{"lineNumber":17,"author":{"gitId":"oolimry"},"content":"","lastModifiedDate":"2026-01-23T12:44:34","isFullCredit":false},{"lineNumber":18,"author":{"gitId":"oolimry"},"content":"        try {","lastModifiedDate":"2026-01-23T12:44:34","isFullCredit":false},{"lineNumber":19,"author":{"gitId":"oolimry"},"content":"","lastModifiedDate":"2026-01-23T12:44:34","isFullCredit":false},{"lineNumber":20,"author":{"gitId":"oolimry"},"content":"            if (Files.notExists(directoryPath)) {","lastModifiedDate":"2026-01-23T12:44:34","isFullCredit":false},{"lineNumber":21,"author":{"gitId":"oolimry"},"content":"                Files.createDirectories(directoryPath);","lastModifiedDate":"2026-01-23T12:44:34","isFullCredit":false},{"lineNumber":22,"author":{"gitId":"oolimry"},"content":"                System.out.println(\"Directory created: \" + directoryPath);","lastModifiedDate":"2026-01-23T12:44:34","isFullCredit":false},{"lineNumber":23,"author":{"gitId":"oolimry"},"content":"            }","lastModifiedDate":"2026-01-23T12:44:34","isFullCredit":false},{"lineNumber":24,"author":{"gitId":"oolimry"},"content":"","lastModifiedDate":"2026-01-23T12:44:34","isFullCredit":false},{"lineNumber":25,"author":{"gitId":"oolimry"},"content":"        } catch (IOException e) {","lastModifiedDate":"2026-01-23T12:44:34","isFullCredit":false},{"lineNumber":26,"author":{"gitId":"oolimry"},"content":"","lastModifiedDate":"2026-01-23T12:44:34","isFullCredit":false},{"lineNumber":27,"author":{"gitId":"oolimry"},"content":"            System.err.println(\"An error occurred: \" + e.getMessage());","lastModifiedDate":"2026-01-23T12:44:34","isFullCredit":false},{"lineNumber":28,"author":{"gitId":"oolimry"},"content":"            e.printStackTrace();","lastModifiedDate":"2026-01-23T12:44:34","isFullCredit":false},{"lineNumber":29,"author":{"gitId":"oolimry"},"content":"","lastModifiedDate":"2026-01-23T12:44:34","isFullCredit":false},{"lineNumber":30,"author":{"gitId":"oolimry"},"content":"        }","lastModifiedDate":"2026-01-23T12:44:34","isFullCredit":false},{"lineNumber":31,"author":{"gitId":"oolimry"},"content":"    }","lastModifiedDate":"2026-01-23T12:44:34","isFullCredit":false},{"lineNumber":32,"author":{"gitId":"oolimry"},"content":"","lastModifiedDate":"2026-01-23T12:44:34","isFullCredit":false},{"lineNumber":33,"author":{"gitId":"oolimry"},"content":"    public void saveAllTasks(TaskList tasks) {","lastModifiedDate":"2026-01-23T12:57:57","isFullCredit":false},{"lineNumber":34,"author":{"gitId":"oolimry"},"content":"        try {","lastModifiedDate":"2026-01-23T12:44:34","isFullCredit":false},{"lineNumber":35,"author":{"gitId":"oolimry"},"content":"            String content \u003d \"\";","lastModifiedDate":"2026-01-23T12:44:34","isFullCredit":false},{"lineNumber":36,"author":{"gitId":"oolimry"},"content":"","lastModifiedDate":"2026-01-23T12:44:34","isFullCredit":false},{"lineNumber":37,"author":{"gitId":"oolimry"},"content":"            for (int i \u003d 0; i \u003c tasks.size(); i +\u003d 1) {","lastModifiedDate":"2026-01-23T12:44:34","isFullCredit":false},{"lineNumber":38,"author":{"gitId":"oolimry"},"content":"                Task task \u003d tasks.get(i);","lastModifiedDate":"2026-01-23T12:44:34","isFullCredit":false},{"lineNumber":39,"author":{"gitId":"oolimry"},"content":"                content +\u003d task.toSaveFormat() + \"\\n\";","lastModifiedDate":"2026-01-23T12:44:34","isFullCredit":false},{"lineNumber":40,"author":{"gitId":"oolimry"},"content":"            }","lastModifiedDate":"2026-01-23T12:44:34","isFullCredit":false},{"lineNumber":41,"author":{"gitId":"oolimry"},"content":"","lastModifiedDate":"2026-01-23T12:44:34","isFullCredit":false},{"lineNumber":42,"author":{"gitId":"oolimry"},"content":"            Files.writeString(filePath, content, ","lastModifiedDate":"2026-01-23T12:44:34","isFullCredit":false},{"lineNumber":43,"author":{"gitId":"oolimry"},"content":"                    StandardOpenOption.CREATE, ","lastModifiedDate":"2026-01-23T12:44:34","isFullCredit":false},{"lineNumber":44,"author":{"gitId":"oolimry"},"content":"                    StandardOpenOption.TRUNCATE_EXISTING);","lastModifiedDate":"2026-01-23T12:44:34","isFullCredit":false},{"lineNumber":45,"author":{"gitId":"oolimry"},"content":"","lastModifiedDate":"2026-01-23T12:44:34","isFullCredit":false},{"lineNumber":46,"author":{"gitId":"oolimry"},"content":"        } catch (IOException e) {","lastModifiedDate":"2026-01-23T12:44:34","isFullCredit":false},{"lineNumber":47,"author":{"gitId":"oolimry"},"content":"","lastModifiedDate":"2026-01-23T12:44:34","isFullCredit":false},{"lineNumber":48,"author":{"gitId":"oolimry"},"content":"            System.err.println(\"An error occurred: \" + e.getMessage());","lastModifiedDate":"2026-01-23T12:44:34","isFullCredit":false},{"lineNumber":49,"author":{"gitId":"oolimry"},"content":"            e.printStackTrace();","lastModifiedDate":"2026-01-23T12:44:34","isFullCredit":false},{"lineNumber":50,"author":{"gitId":"oolimry"},"content":"","lastModifiedDate":"2026-01-23T12:44:34","isFullCredit":false},{"lineNumber":51,"author":{"gitId":"oolimry"},"content":"        }","lastModifiedDate":"2026-01-23T12:44:34","isFullCredit":false},{"lineNumber":52,"author":{"gitId":"oolimry"},"content":"    }","lastModifiedDate":"2026-01-23T12:44:34","isFullCredit":false},{"lineNumber":53,"author":{"gitId":"oolimry"},"content":"","lastModifiedDate":"2026-01-23T12:44:34","isFullCredit":false},{"lineNumber":54,"author":{"gitId":"oolimry"},"content":"    public ArrayList\u003cCommand\u003e readAllLines() {","lastModifiedDate":"2026-01-23T13:21:25","isFullCredit":false},{"lineNumber":55,"author":{"gitId":"oolimry"},"content":"        ArrayList\u003cCommand\u003e commands \u003d new ArrayList\u003cCommand\u003e();","lastModifiedDate":"2026-01-23T13:21:25","isFullCredit":false},{"lineNumber":56,"author":{"gitId":"oolimry"},"content":"","lastModifiedDate":"2026-01-23T13:21:25","isFullCredit":false},{"lineNumber":57,"author":{"gitId":"oolimry"},"content":"        try {","lastModifiedDate":"2026-01-23T13:21:25","isFullCredit":false},{"lineNumber":58,"author":{"gitId":"oolimry"},"content":"            List\u003cString\u003e lines \u003d Files.readAllLines(filePath);        ","lastModifiedDate":"2026-01-23T13:21:25","isFullCredit":false},{"lineNumber":59,"author":{"gitId":"oolimry"},"content":"            lines.forEach((line) -\u003e {","lastModifiedDate":"2026-01-23T13:21:25","isFullCredit":false},{"lineNumber":60,"author":{"gitId":"oolimry"},"content":"                commands.add(new Command(line));","lastModifiedDate":"2026-01-23T13:21:25","isFullCredit":false},{"lineNumber":61,"author":{"gitId":"oolimry"},"content":"            });","lastModifiedDate":"2026-01-23T13:21:25","isFullCredit":false},{"lineNumber":62,"author":{"gitId":"oolimry"},"content":"        } catch (IOException e) {","lastModifiedDate":"2026-01-23T13:21:25","isFullCredit":false},{"lineNumber":63,"author":{"gitId":"oolimry"},"content":"","lastModifiedDate":"2026-01-23T13:21:25","isFullCredit":false},{"lineNumber":64,"author":{"gitId":"oolimry"},"content":"            System.err.println(\"An error occurred: \" + e.getMessage());","lastModifiedDate":"2026-01-23T13:21:25","isFullCredit":false},{"lineNumber":65,"author":{"gitId":"oolimry"},"content":"            e.printStackTrace();","lastModifiedDate":"2026-01-23T13:21:25","isFullCredit":false},{"lineNumber":66,"author":{"gitId":"oolimry"},"content":"","lastModifiedDate":"2026-01-23T13:21:25","isFullCredit":false},{"lineNumber":67,"author":{"gitId":"oolimry"},"content":"        }","lastModifiedDate":"2026-01-23T13:21:25","isFullCredit":false},{"lineNumber":68,"author":{"gitId":"oolimry"},"content":"        ","lastModifiedDate":"2026-01-23T13:21:25","isFullCredit":false},{"lineNumber":69,"author":{"gitId":"oolimry"},"content":"        return commands;","lastModifiedDate":"2026-01-23T13:21:25","isFullCredit":false},{"lineNumber":70,"author":{"gitId":"oolimry"},"content":"    }","lastModifiedDate":"2026-01-23T12:44:34","isFullCredit":false},{"lineNumber":71,"author":{"gitId":"oolimry"},"content":"}","lastModifiedDate":"2026-01-23T12:44:34","isFullCredit":false}],"authorContributionMap":{"oolimry":71}},{"path":"src/main/java/Task.java","fileType":"java","lines":[{"lineNumber":1,"author":{"gitId":"oolimry"},"content":"public class Task {","lastModifiedDate":"2026-01-16T21:22:58","isFullCredit":false},{"lineNumber":2,"author":{"gitId":"oolimry"},"content":"    protected String description;","lastModifiedDate":"2026-01-16T21:22:58","isFullCredit":false},{"lineNumber":3,"author":{"gitId":"oolimry"},"content":"    protected boolean isDone;","lastModifiedDate":"2026-01-16T21:22:58","isFullCredit":false},{"lineNumber":4,"author":{"gitId":"oolimry"},"content":"","lastModifiedDate":"2026-01-16T21:22:58","isFullCredit":false},{"lineNumber":5,"author":{"gitId":"oolimry"},"content":"    public Task(String description) {","lastModifiedDate":"2026-01-16T21:22:58","isFullCredit":false},{"lineNumber":6,"author":{"gitId":"oolimry"},"content":"        this.description \u003d description;","lastModifiedDate":"2026-01-16T21:22:58","isFullCredit":false},{"lineNumber":7,"author":{"gitId":"oolimry"},"content":"        this.isDone \u003d false;","lastModifiedDate":"2026-01-16T21:22:58","isFullCredit":false},{"lineNumber":8,"author":{"gitId":"oolimry"},"content":"    }","lastModifiedDate":"2026-01-16T21:22:58","isFullCredit":false},{"lineNumber":9,"author":{"gitId":"oolimry"},"content":"","lastModifiedDate":"2026-01-16T21:22:58","isFullCredit":false},{"lineNumber":10,"author":{"gitId":"oolimry"},"content":"    public String getDescription() {","lastModifiedDate":"2026-01-16T21:22:58","isFullCredit":false},{"lineNumber":11,"author":{"gitId":"oolimry"},"content":"        return this.description;","lastModifiedDate":"2026-01-16T21:22:58","isFullCredit":false},{"lineNumber":12,"author":{"gitId":"oolimry"},"content":"    }","lastModifiedDate":"2026-01-16T21:22:58","isFullCredit":false},{"lineNumber":13,"author":{"gitId":"oolimry"},"content":"","lastModifiedDate":"2026-01-16T21:22:58","isFullCredit":false},{"lineNumber":14,"author":{"gitId":"oolimry"},"content":"    public void markAsDone() {","lastModifiedDate":"2026-01-17T15:28:40","isFullCredit":false},{"lineNumber":15,"author":{"gitId":"oolimry"},"content":"        this.isDone \u003d true;","lastModifiedDate":"2026-01-17T15:28:40","isFullCredit":false},{"lineNumber":16,"author":{"gitId":"oolimry"},"content":"    }","lastModifiedDate":"2026-01-17T15:28:40","isFullCredit":false},{"lineNumber":17,"author":{"gitId":"oolimry"},"content":"","lastModifiedDate":"2026-01-17T15:28:40","isFullCredit":false},{"lineNumber":18,"author":{"gitId":"oolimry"},"content":"    public void ummarkAsDone() {","lastModifiedDate":"2026-01-17T15:28:40","isFullCredit":false},{"lineNumber":19,"author":{"gitId":"oolimry"},"content":"        this.isDone \u003d false;","lastModifiedDate":"2026-01-17T15:28:40","isFullCredit":false},{"lineNumber":20,"author":{"gitId":"oolimry"},"content":"    }","lastModifiedDate":"2026-01-17T15:28:40","isFullCredit":false},{"lineNumber":21,"author":{"gitId":"oolimry"},"content":"","lastModifiedDate":"2026-01-17T15:28:40","isFullCredit":false},{"lineNumber":22,"author":{"gitId":"oolimry"},"content":"    public String getStatusIcon() {","lastModifiedDate":"2026-01-16T21:22:58","isFullCredit":false},{"lineNumber":23,"author":{"gitId":"oolimry"},"content":"        return (isDone ? \"X\" : \" \"); // mark done task with X","lastModifiedDate":"2026-01-16T21:22:58","isFullCredit":false},{"lineNumber":24,"author":{"gitId":"oolimry"},"content":"    }","lastModifiedDate":"2026-01-16T21:22:58","isFullCredit":false},{"lineNumber":25,"author":{"gitId":"oolimry"},"content":"","lastModifiedDate":"2026-01-17T15:28:40","isFullCredit":false},{"lineNumber":26,"author":{"gitId":"oolimry"},"content":"    @Override","lastModifiedDate":"2026-01-17T15:28:40","isFullCredit":false},{"lineNumber":27,"author":{"gitId":"oolimry"},"content":"    public String toString() {","lastModifiedDate":"2026-01-17T15:28:40","isFullCredit":false},{"lineNumber":28,"author":{"gitId":"oolimry"},"content":"        return \"[\" + getStatusIcon() + \"] \" + this.description;","lastModifiedDate":"2026-01-17T15:28:40","isFullCredit":false},{"lineNumber":29,"author":{"gitId":"oolimry"},"content":"    }","lastModifiedDate":"2026-01-17T15:28:40","isFullCredit":false},{"lineNumber":30,"author":{"gitId":"oolimry"},"content":"","lastModifiedDate":"2026-01-23T12:44:34","isFullCredit":false},{"lineNumber":31,"author":{"gitId":"oolimry"},"content":"    public String toSaveFormat() {","lastModifiedDate":"2026-01-23T12:44:34","isFullCredit":false},{"lineNumber":32,"author":{"gitId":"oolimry"},"content":"        assert(false);","lastModifiedDate":"2026-01-23T12:44:34","isFullCredit":false},{"lineNumber":33,"author":{"gitId":"oolimry"},"content":"        return \"placeholder\";","lastModifiedDate":"2026-01-23T12:44:34","isFullCredit":false},{"lineNumber":34,"author":{"gitId":"oolimry"},"content":"    }","lastModifiedDate":"2026-01-23T12:44:34","isFullCredit":false},{"lineNumber":35,"author":{"gitId":"oolimry"},"content":"}","lastModifiedDate":"2026-01-16T21:22:58","isFullCredit":false}],"authorContributionMap":{"oolimry":35}},{"path":"src/main/java/TaskList.java","fileType":"java","lines":[{"lineNumber":1,"author":{"gitId":"oolimry"},"content":"import java.util.ArrayList;","lastModifiedDate":"2026-01-23T12:57:57","isFullCredit":false},{"lineNumber":2,"author":{"gitId":"oolimry"},"content":"","lastModifiedDate":"2026-01-23T12:57:57","isFullCredit":false},{"lineNumber":3,"author":{"gitId":"oolimry"},"content":"class TaskList extends ArrayList\u003cTask\u003e {","lastModifiedDate":"2026-01-23T12:57:57","isFullCredit":false},{"lineNumber":4,"author":{"gitId":"oolimry"},"content":"    ","lastModifiedDate":"2026-01-23T12:57:57","isFullCredit":false},{"lineNumber":5,"author":{"gitId":"oolimry"},"content":"}","lastModifiedDate":"2026-01-23T12:57:57","isFullCredit":false}],"authorContributionMap":{"oolimry":5}},{"path":"src/main/java/ToDoTask.java","fileType":"java","lines":[{"lineNumber":1,"author":{"gitId":"oolimry"},"content":"public class ToDoTask extends Task {","lastModifiedDate":"2026-01-19T12:56:50","isFullCredit":false},{"lineNumber":2,"author":{"gitId":"oolimry"},"content":"","lastModifiedDate":"2026-01-19T12:56:50","isFullCredit":false},{"lineNumber":3,"author":{"gitId":"oolimry"},"content":"    public ToDoTask(String description) {","lastModifiedDate":"2026-01-19T12:56:50","isFullCredit":false},{"lineNumber":4,"author":{"gitId":"oolimry"},"content":"        super(description);","lastModifiedDate":"2026-01-19T12:56:50","isFullCredit":false},{"lineNumber":5,"author":{"gitId":"oolimry"},"content":"    }","lastModifiedDate":"2026-01-19T12:56:50","isFullCredit":false},{"lineNumber":6,"author":{"gitId":"oolimry"},"content":"","lastModifiedDate":"2026-01-19T12:56:50","isFullCredit":false},{"lineNumber":7,"author":{"gitId":"oolimry"},"content":"    @Override","lastModifiedDate":"2026-01-19T12:56:50","isFullCredit":false},{"lineNumber":8,"author":{"gitId":"oolimry"},"content":"    public String toString() {","lastModifiedDate":"2026-01-19T12:56:50","isFullCredit":false},{"lineNumber":9,"author":{"gitId":"oolimry"},"content":"        return \"[T]\" + super.toString();","lastModifiedDate":"2026-01-19T12:56:50","isFullCredit":false},{"lineNumber":10,"author":{"gitId":"oolimry"},"content":"    }","lastModifiedDate":"2026-01-19T12:56:50","isFullCredit":false},{"lineNumber":11,"author":{"gitId":"oolimry"},"content":"","lastModifiedDate":"2026-01-23T12:44:34","isFullCredit":false},{"lineNumber":12,"author":{"gitId":"oolimry"},"content":"    @Override","lastModifiedDate":"2026-01-23T12:44:34","isFullCredit":false},{"lineNumber":13,"author":{"gitId":"oolimry"},"content":"    public String toSaveFormat() {","lastModifiedDate":"2026-01-23T12:44:34","isFullCredit":false},{"lineNumber":14,"author":{"gitId":"oolimry"},"content":"        String res \u003d \"todo \" + description;","lastModifiedDate":"2026-01-23T12:44:34","isFullCredit":false},{"lineNumber":15,"author":{"gitId":"oolimry"},"content":"        if (this.isDone) {","lastModifiedDate":"2026-01-23T12:44:34","isFullCredit":false},{"lineNumber":16,"author":{"gitId":"oolimry"},"content":"            res +\u003d \" /marked 1\";","lastModifiedDate":"2026-01-23T12:44:34","isFullCredit":false},{"lineNumber":17,"author":{"gitId":"oolimry"},"content":"        }","lastModifiedDate":"2026-01-23T12:44:34","isFullCredit":false},{"lineNumber":18,"author":{"gitId":"oolimry"},"content":"        return res;","lastModifiedDate":"2026-01-23T12:44:34","isFullCredit":false},{"lineNumber":19,"author":{"gitId":"oolimry"},"content":"    }","lastModifiedDate":"2026-01-23T12:44:34","isFullCredit":false},{"lineNumber":20,"author":{"gitId":"oolimry"},"content":"}","lastModifiedDate":"2026-01-19T12:56:50","isFullCredit":false}],"authorContributionMap":{"oolimry":20}},{"path":"text-ui-test/input.txt","fileType":"txt","lines":[{"lineNumber":1,"author":{"gitId":"oolimry"},"content":"todo do cs2103t shit","lastModifiedDate":"2026-01-23T10:08:37","isFullCredit":false},{"lineNumber":2,"author":{"gitId":"oolimry"},"content":"list","lastModifiedDate":"2026-01-23T10:08:37","isFullCredit":false},{"lineNumber":3,"author":{"gitId":"oolimry"},"content":"mark 1","lastModifiedDate":"2026-01-23T10:08:37","isFullCredit":false},{"lineNumber":4,"author":{"gitId":"oolimry"},"content":"list","lastModifiedDate":"2026-01-23T10:08:37","isFullCredit":false},{"lineNumber":5,"author":{"gitId":"oolimry"},"content":"unmark 1","lastModifiedDate":"2026-01-23T10:08:37","isFullCredit":false}],"authorContributionMap":{"oolimry":5}},{"path":"text-ui-test/runtest.bat","fileType":"bat","lines":[{"lineNumber":1,"author":{"gitId":"-"},"content":"@ECHO OFF","lastModifiedDate":"2020-05-25T00:03:55","isFullCredit":false},{"lineNumber":2,"author":{"gitId":"-"},"content":"","lastModifiedDate":"2020-05-25T00:03:55","isFullCredit":false},{"lineNumber":3,"author":{"gitId":"-"},"content":"REM create bin directory if it doesn\u0027t exist","lastModifiedDate":"2020-05-25T00:03:55","isFullCredit":false},{"lineNumber":4,"author":{"gitId":"-"},"content":"if not exist ..\\bin mkdir ..\\bin","lastModifiedDate":"2020-05-25T00:03:55","isFullCredit":false},{"lineNumber":5,"author":{"gitId":"-"},"content":"","lastModifiedDate":"2020-05-25T00:03:55","isFullCredit":false},{"lineNumber":6,"author":{"gitId":"-"},"content":"REM delete output from previous run","lastModifiedDate":"2020-05-25T00:03:55","isFullCredit":false},{"lineNumber":7,"author":{"gitId":"-"},"content":"if exist ACTUAL.TXT del ACTUAL.TXT","lastModifiedDate":"2020-08-25T17:23:26","isFullCredit":false},{"lineNumber":8,"author":{"gitId":"-"},"content":"","lastModifiedDate":"2020-05-25T00:03:55","isFullCredit":false},{"lineNumber":9,"author":{"gitId":"-"},"content":"REM compile the code into the bin folder","lastModifiedDate":"2020-05-25T00:03:55","isFullCredit":false},{"lineNumber":10,"author":{"gitId":"-"},"content":"javac  -cp ..\\src\\main\\java -Xlint:none -d ..\\bin ..\\src\\main\\java\\*.java","lastModifiedDate":"2020-08-25T17:23:26","isFullCredit":false},{"lineNumber":11,"author":{"gitId":"-"},"content":"IF ERRORLEVEL 1 (","lastModifiedDate":"2020-05-25T00:03:55","isFullCredit":false},{"lineNumber":12,"author":{"gitId":"-"},"content":"    echo ********** BUILD FAILURE **********","lastModifiedDate":"2020-05-25T00:03:55","isFullCredit":false},{"lineNumber":13,"author":{"gitId":"-"},"content":"    exit /b 1","lastModifiedDate":"2020-05-25T00:03:55","isFullCredit":false},{"lineNumber":14,"author":{"gitId":"-"},"content":")","lastModifiedDate":"2020-05-25T00:03:55","isFullCredit":false},{"lineNumber":15,"author":{"gitId":"-"},"content":"REM no error here, errorlevel \u003d\u003d 0","lastModifiedDate":"2020-05-25T00:03:55","isFullCredit":false},{"lineNumber":16,"author":{"gitId":"-"},"content":"","lastModifiedDate":"2020-05-25T00:03:55","isFullCredit":false},{"lineNumber":17,"author":{"gitId":"-"},"content":"REM run the program, feed commands from input.txt file and redirect the output to the ACTUAL.TXT","lastModifiedDate":"2020-05-25T00:03:55","isFullCredit":false},{"lineNumber":18,"author":{"gitId":"oolimry"},"content":"java -classpath ..\\bin Ducky \u003c input.txt \u003e ACTUAL.TXT","lastModifiedDate":"2026-01-23T10:08:37","isFullCredit":false},{"lineNumber":19,"author":{"gitId":"-"},"content":"","lastModifiedDate":"2020-05-25T00:03:55","isFullCredit":false},{"lineNumber":20,"author":{"gitId":"-"},"content":"REM compare the output to the expected output","lastModifiedDate":"2020-05-25T00:03:55","isFullCredit":false},{"lineNumber":21,"author":{"gitId":"-"},"content":"FC ACTUAL.TXT EXPECTED.TXT","lastModifiedDate":"2020-05-25T00:03:55","isFullCredit":false}],"authorContributionMap":{"oolimry":1,"-":20}}]
