{"authorDailyContributionsMap":{"oolimry":[{"date":"2026-01-15T00:00:00","commitResults":[{"hash":"2127aec05685eae9427c8254ef2faf38e9e9b178","isMergeCommit":false,"messageTitle":"Changed the name to Ducky and added placeholder text","messageBody":"","tags":["level0"],"fileTypesAndContributionMap":{"java":{"insertions":6,"deletions":10}}}]},{"date":"2026-01-16T00:00:00","commitResults":[{"hash":"9bedf74dddb1526ba31e03deea89325cb44c4cd6","isMergeCommit":false,"messageTitle":"added input functionality and now just echoes the input","messageBody":"","fileTypesAndContributionMap":{"java":{"insertions":16,"deletions":1}}},{"hash":"f778834802b6f0189e483242105af7880015b328","isMergeCommit":false,"messageTitle":"added ability to create and list tasks","messageBody":"","fileTypesAndContributionMap":{"java":{"insertions":31,"deletions":2}}}]},{"date":"2026-01-17T00:00:00","commitResults":[{"hash":"c2085540114743263350db6a20412137823e1b81","isMergeCommit":false,"messageTitle":"add ability to mark \u0026 unmark tasks","messageBody":"","fileTypesAndContributionMap":{"java":{"insertions":40,"deletions":2}}}]},{"date":"2026-01-19T00:00:00","commitResults":[{"hash":"e8cae2a27072c1c546777eff899ec0588d60a55c","isMergeCommit":false,"messageTitle":"add 3 types of task: todo, deadline, event. added a string parser for more complex input parsing in the future","messageBody":"","fileTypesAndContributionMap":{"java":{"insertions":105,"deletions":9}}}]},{"date":"2026-01-21T00:00:00","commitResults":[{"hash":"b18cab11bbcc27032fdd969257220af3c950a644","isMergeCommit":false,"messageTitle":"added error messages for the errors where mark/unmark is out of bounds or not a number, and when other commands don\u0027t follow the format","messageBody":"","fileTypesAndContributionMap":{"java":{"insertions":42,"deletions":8}}},{"hash":"a6664155b25eacb72ac2bd2f66dde33bd6affcaf","isMergeCommit":false,"messageTitle":"added ability to delete","messageBody":"","fileTypesAndContributionMap":{"java":{"insertions":19,"deletions":0}}}]}]},"authorFileTypeContributionMap":{"oolimry":{"java":237,"md":0,"fxml":0,"sh":0,"bat":0,"gradle":0,"txt":0}},"authorContributionVariance":{"oolimry":1212.5444},"authorDisplayNameMap":{"oolimry":"LIM ..YUAN"}}
