{"authorDailyContributionsMap":{"SirFirelordPanda":[{"date":"2026-01-21T00:00:00","commitResults":[{"hash":"a9c74c1cb7a95d96463d58106f79bd29bc5e83e4","isMergeCommit":false,"messageTitle":"Renamed Duke to Misora, added greeting and exit","messageBody":"","tags":["Level-0"],"fileTypesAndContributionMap":{"java":{"insertions":22,"deletions":10}}},{"hash":"f1b0a589e7693ed0e9fc3b0cd4b8ee2c61b67667","isMergeCommit":false,"messageTitle":"Echo function : chatbot echoes wtv is said by user","messageBody":"chatbot terminates when bye is typed in case-insensitive\n","tags":["Level-1"],"fileTypesAndContributionMap":{"java":{"insertions":21,"deletions":2}}},{"hash":"8269aba72ff3c594f09ad167397528250d3642cf","isMergeCommit":false,"messageTitle":"Add \u0026 List function","messageBody":"Text entered by the user will be added to an array and displayed back to\nthe user when requested\n","tags":["Level-2"],"fileTypesAndContributionMap":{"java":{"insertions":11,"deletions":1}}}]},{"date":"2026-01-22T00:00:00","commitResults":[{"hash":"21b752d2437c8022ebabb7a7c7d5a99b5e950a9e","isMergeCommit":false,"messageTitle":"Mark as done","messageBody":"Added Task Class\nAdded the ability to mark and unmark tasks as done.\nAdded try and catch errors for mark and unmark so that the chatbot\ndoesnt terminate on invalid numebrs given after mark or unmark\n","tags":["Level-3"],"fileTypesAndContributionMap":{"java":{"insertions":71,"deletions":8}}},{"hash":"55cb15e7b42470c038bd23d1f1ad74fe0360a92f","isMergeCommit":false,"messageTitle":"ToDos, Events, Deadlines","messageBody":"Added three new classes accordingly\nAdded the new adding of the three classes and deleted the original\naddition of the normal tasks\nMade Tasks abstract\n","tags":["Level-4"],"fileTypesAndContributionMap":{"java":{"insertions":99,"deletions":15}}},{"hash":"3d73163dd8aea633e8e8becb500700b114aaf621","isMergeCommit":false,"messageTitle":"Automated Text UI Testing","messageBody":"Added automated Text UI Testing\nJust run the runtest.bat file\nChange Expected and Input as the project evolves please\n","tags":["A-TextUITesting"],"fileTypesAndContributionMap":{"txt":{"insertions":13,"deletions":0},"java":{"insertions":3,"deletions":3},"bat":{"insertions":1,"deletions":1},"sh":{"insertions":1,"deletions":1}}},{"hash":"2776531a0d08b0ebcc88b2f9a091ec0cdbcde41a","isMergeCommit":false,"messageTitle":"Error-Handling","messageBody":"Incorrect inputs will now trigger error messages with the correct\ninstructions\n","tags":["Level-5"],"fileTypesAndContributionMap":{"txt":{"insertions":15,"deletions":0},"java":{"insertions":119,"deletions":46}}},{"hash":"db6fefb94c2187828e7ffd47ad528b87920a8938","isMergeCommit":false,"messageTitle":"Delete","messageBody":"Made the listofTasks into an ArrayList\nAdded the function to delete tasks\nChanged the error handling of mark and unmark and delete\nto be more in line with each other\n","tags":["Level-6"],"fileTypesAndContributionMap":{"txt":{"insertions":7,"deletions":1},"java":{"insertions":52,"deletions":56}}}]},{"date":"2026-01-29T00:00:00","commitResults":[{"hash":"389acf054ae479f1c7940dc8f3503d62d43fe8f5","isMergeCommit":false,"messageTitle":"Added saving","messageBody":"Added saving of newly created tasks to the saved docs of tasks\nAdded initialisation of the docs containing saved tasks\n","fileTypesAndContributionMap":{"txt":{"insertions":0,"deletions":0},"java":{"insertions":248,"deletions":135}}},{"hash":"471648d27e63537e17c0bbde50e08d954cc69f1f","isMergeCommit":true,"messageTitle":"Merge branch \u0027add-gradle-support\u0027 into branch-level-7","messageBody":"","tags":["A-Gradle"],"fileTypesAndContributionMap":{}},{"hash":"5c7561ca1c64fcc58c0fc80188fb40645c0c2169","isMergeCommit":false,"messageTitle":"Added save feature","messageBody":"Added the save feature to data/misora.txt.\nChanged logic of how tasks are handled.\nAdded reinitialisation of list upon startup.\n","fileTypesAndContributionMap":{"txt":{"insertions":3,"deletions":0},"java":{"insertions":235,"deletions":139}}},{"hash":"ee73e8ca3ef8c5340aad146affb438ae7995df8e","isMergeCommit":true,"messageTitle":"Merge branch \u0027branch-level-7\u0027","messageBody":"Level 7 has been completed\n","tags":["Level-7"],"fileTypesAndContributionMap":{}}]},{"date":"2026-01-30T00:00:00","commitResults":[{"hash":"b96c1b8b7b5f015076088242d24c27c3ac7a96da","isMergeCommit":false,"messageTitle":"Added working date time protocols","messageBody":"Added working date and time handling\nAdded list clear which clears the current list and saved list\nAdded a command to get all tasks on a date\nIm pretty sure some OOP shit is not optimal will work on it\n","fileTypesAndContributionMap":{"txt":{"insertions":3,"deletions":3},"java":{"insertions":165,"deletions":24}}},{"hash":"1398db0e9462f66c5ac670e3ff111f006a7bc62a","isMergeCommit":true,"messageTitle":"Merge branch \u0027branch-Level-8\u0027","messageBody":"","tags":["Level-8"],"fileTypesAndContributionMap":{}}]},{"date":"2026-01-31T00:00:00","commitResults":[{"hash":"06f50863dfebd533cc6303c9f540ccf7a5d43bc6","isMergeCommit":false,"messageTitle":"Made codebase more in line with OOP standards","messageBody":"Added parser class\nAdded Commands class\nAdded Storage class\nAdded TaskList class\nAdded Ui Class\nRedid entire codebase for OOP\nAdded more Exceptions\nChanged how tasks work\n","fileTypesAndContributionMap":{"txt":{"insertions":11,"deletions":3},"java":{"insertions":770,"deletions":365}}},{"hash":"60ec4f7980aef7011d66ef57a2b9c5cbffb2db5c","isMergeCommit":true,"messageTitle":"Merge branch \u0027branch-A-MoreOOP\u0027","messageBody":"","tags":["A-MoreOOP"],"fileTypesAndContributionMap":{}},{"hash":"569cfb57b44fd9128d93c578de50fd341c787472","isMergeCommit":false,"messageTitle":"Rearranged files into correct packages","messageBody":"Also fixed a bug with tasklist showlist\n","fileTypesAndContributionMap":{"java":{"insertions":90,"deletions":111}}},{"hash":"0d419699f382edbbe63a049b28a017c645a6beb7","isMergeCommit":true,"messageTitle":"Merge branch \u0027branch-A-Packages\u0027","messageBody":"","tags":["A-Packages"],"fileTypesAndContributionMap":{}}]},{"date":"2026-02-01T00:00:00","commitResults":[{"hash":"d3ab6dc99d33ddcc6aaae015a1f80e825a6353f6","isMergeCommit":false,"messageTitle":"Added J-Unit support","messageBody":"Added J-unit tests\nFixed exit command logic to close the scanners before exiting\n","fileTypesAndContributionMap":{"txt":{"insertions":2,"deletions":1},"java":{"insertions":1717,"deletions":10}}},{"hash":"b33b3e3c12bc751fefb8ef6a5110334daa5c55cb","isMergeCommit":false,"messageTitle":"Fixed exit tests","messageBody":"Added more test cases for the exit procedure\n","fileTypesAndContributionMap":{"txt":{"insertions":0,"deletions":0},"java":{"insertions":67,"deletions":5}}},{"hash":"88a9dd216521d6c12d152b33928a9385174d40ca","isMergeCommit":true,"messageTitle":"Merge branch \u0027branch-A-JUnit\u0027","messageBody":"","tags":["A-JUnit"],"fileTypesAndContributionMap":{}}]}]},"authorFileTypeContributionMap":{"SirFirelordPanda":{"java":2770,"md":0,"fxml":0,"sh":1,"bat":1,"gradle":0,"txt":46}},"authorContributionVariance":{"SirFirelordPanda":209875.86},"authorDisplayNameMap":{"SirFirelordPanda":"CS2103T-T16-2 MUHA..ALIM"}}
