{"authorDailyContributionsMap":{"alexgeraldhandoko":[{"date":"2026-01-24T00:00:00","commitResults":[{"hash":"643651e6dfe00c9f06dcb49dbbe363c005f7a9a9","isMergeCommit":false,"messageTitle":"Modify chatbot name, create default greeting \u0026 farewell message","messageBody":"The chatbot had a generic name\n\nA generic name makes the chatbot less memorable\nand engaging\n\nModifying its name gives more personality to\nthe chatbot\n\nLet\u0027s\n* implement a default greet and farewell function\n* give the chatbot a unique name\n\nAbstracting the default greet and farewell messages\nallows the main function to follow SLAP principle\n","fileTypesAndContributionMap":{"java":{"insertions":21,"deletions":10}}},{"hash":"a7ddba604f5daee10ca70972b36a0bacd76bfb3d","isMergeCommit":false,"messageTitle":"Add AI.md file","messageBody":"","fileTypesAndContributionMap":{"md":{"insertions":4,"deletions":0}}},{"hash":"937790bb45acd4dfa4f6402d6dc1ae3c5e4079db","isMergeCommit":false,"messageTitle":"Implement echo functionality","messageBody":"Dippy did not have any interactive functionality.\n\nA chatbot without any interaction with the user\nprovides very little value.\n\nLet\u0027s\n* display instructions after the greeting message\n* collect user input from standard input\n* allow user to type (nearly) anything and control\n  where their input ends\n* echo the user input back to standard output\n\nUser needs clear instructions to know how to interact\nwith the chatbot.\nThe user input can consist of multiple lines, since a\nchatbot that can only accepts one line at a time is\nunlikely to be appealing to users.\nEchoing user input to standard output shows that the\nchatbot is able to collect and parse user input\ncorrectly.\n","fileTypesAndContributionMap":{"java":{"insertions":88,"deletions":9}}},{"hash":"626c93b6ea2109cfbd2aba384be03f36ec34fac7","isMergeCommit":false,"messageTitle":"Added ASCII art to greeting message","messageBody":"","fileTypesAndContributionMap":{"java":{"insertions":10,"deletions":1}}},{"hash":"49c360f69e587d805a1a2272ecb68f5ae47fa55a","isMergeCommit":false,"messageTitle":"Implement list feature","messageBody":"Dippy is only able to echo back user input.\n\nEchoing back user input does not provide much\nvalue for users.\n\nLet\u0027s\n* allow users to add items to a list\n* allow users to view the items they have added\n  to the list\n\nThe list is declared in the scope of the execute()\nfunction because in the future, different execute\nfunctions may require different data structures\n","fileTypesAndContributionMap":{"java":{"insertions":55,"deletions":7},"md":{"insertions":9,"deletions":1}}},{"hash":"c8303c8682ac51b54bb726e1b54f23a5c6bfcb2a","isMergeCommit":false,"messageTitle":"Mark tasks as done","messageBody":"Dippy can only record items that the user provided.\n\nIt would provide more value if the items represent\nsomething that the user would want to keep track of\nand modify the behaviour of\n\nLet\u0027s\n* represent Tasks as the items\n* lets the user add Tasks, mark Tasks as done, and\n  view Tasks\n\nTasks are declared as a separate class to utilise\nencapsulation to represent a Task with its attributes\nand methods\n","fileTypesAndContributionMap":{"java":{"insertions":53,"deletions":4}}}]},{"date":"2026-01-25T00:00:00","commitResults":[{"hash":"9eb9dcb2f57d9b2b03f51299c20e596eaa091c19","isMergeCommit":false,"messageTitle":"Implement various types of Tasks","messageBody":"Dippy can only handle one type of simple\ntasks without much attributes assigned to\nthem.\n\nDippy should be able to manage different\ntypes of tasks with different attributes to\nbe more helpful.\n\nLet\u0027s\n* implement deadline task with a deadline date\n* implement event task with a start and end\n  date\n* lets users customise the dates of the tasks\n  that they create\n\nInheritance is used because different types of\ntasks still have common attributes. Moreover,\nchanges to Task class will also ripple down to\nchildren classes for convenience.\n","fileTypesAndContributionMap":{"java":{"insertions":197,"deletions":51}}},{"hash":"11d9a5c6e5d51171bf3a2fb5b976db08cc6daf23","isMergeCommit":false,"messageTitle":"Added automated text UI testing","messageBody":"","fileTypesAndContributionMap":{"txt":{"insertions":115,"deletions":0},"bat":{"insertions":21,"deletions":0},"sh":{"insertions":38,"deletions":0}}},{"hash":"2198071be6189074666889beab2d8764ca0bec64","isMergeCommit":false,"messageTitle":"Implement basic error handling","messageBody":"Dippy currently does not generate feedback to users if the user gives invalid input.\n\nThis makes Dippy confusing to use for users.\n\nLet\u0027s\n\n* implement error handling for empty todo description\n* implement error handling for unknown commands\n\nAll exceptions related to Dippy are subclasses of DippyException, so that they inherit\nthe behaviours and properties of DippyException.\n\nInherited subclasses generate more specific error messages so that they are as\ninformative to the user as possible, so that Dippy guides the user on how to\ninteract with Dippy correctly.\n","fileTypesAndContributionMap":{"txt":{"insertions":58,"deletions":0},"java":{"insertions":22,"deletions":0},"sh":{"insertions":38,"deletions":0}}},{"hash":"24977a8bcba4a055a47ec2811909f6c9e21f3a74","isMergeCommit":false,"messageTitle":"Implement the ability to delete tasks","messageBody":"Dippy could accumulate tasks, but could not remove tasks.\n\nIn order to improve task management, deleting tasks is\nan essential feature.\n\nLet\u0027s\n* allow for a \u0027delete\u0027 command to delete the task at the\n  index specified by the user\n\nUsing an ArrayList allowed for automatic array resizing\nwhile still enabling random access, making for an efficient\ndelete operation.\n","fileTypesAndContributionMap":{"txt":{"insertions":87,"deletions":0},"java":{"insertions":31,"deletions":3},"bat":{"insertions":0,"deletions":21},"sh":{"insertions":4,"deletions":4},"md":{"insertions":6,"deletions":1}}}]},{"date":"2026-01-30T00:00:00","commitResults":[{"hash":"8113f7e0463e1c626dbc4ffeb090a246e6da62f9","isMergeCommit":false,"messageTitle":"Save user entries on disk","messageBody":"Dippy did not have persistent record of user entries.\n\nThis did not allow user to close and open Dippy with\nmemory of the previous entries.\n\nLet\u0027s\n* make space locally for users to save their tasks\n* save and load from this space to Dippy\n\nUsing polymorphism to convert tasks into their\nrespective save formats reduce code complexity.\n","fileTypesAndContributionMap":{"java":{"insertions":124,"deletions":7}}},{"hash":"6b2cbd9b512f47af2f7bd1d038e2b7d6e373233e","isMergeCommit":true,"messageTitle":"Merge branch \u0027branch-Level-7\u0027","messageBody":"","tags":["Level-7"],"fileTypesAndContributionMap":{}},{"hash":"3412c2695ab92b41f72771081378f131b316c0ad","isMergeCommit":false,"messageTitle":"Standardise date format for Deadline tasks","messageBody":"Dippy takes in any String as a valid deadline date for\ndeadline tasks.\n\nThis allows for non-valid dates to be accepted.\n\nLet\u0027s\n* enforce a strict date format for user input into deadline\n  tasks\n* implement parsing of user date input and printing of the\n  date into a readable format\n\nCreating a dedicated parser may be useful in the future when\nmore types of user inputs need to be parsed as well. It is also\ngood OOP design.\n","fileTypesAndContributionMap":{"java":{"insertions":19,"deletions":7}}},{"hash":"c133e8500bb4eaeaa109a9292bb6a2355c919896","isMergeCommit":true,"messageTitle":"Merge branch \u0027branch-Level-8\u0027","messageBody":"","fileTypesAndContributionMap":{}},{"hash":"bfafee6e7319528729b8db49fafeeda2c003a042","isMergeCommit":false,"messageTitle":"Refactored code into different classes","messageBody":"","fileTypesAndContributionMap":{"java":{"insertions":308,"deletions":291}}},{"hash":"f9d04ad69867d32d79b595fc066a4dafe817e9cf","isMergeCommit":true,"messageTitle":"Merge branch \u0027branch-A-MoreOOP\u0027","messageBody":"","tags":["A-MoreOOP"],"fileTypesAndContributionMap":{}},{"hash":"b8c425f26ab996697c599d897e0e2918ef677301","isMergeCommit":false,"messageTitle":"Divide classes into packages","messageBody":"","fileTypesAndContributionMap":{"java":{"insertions":48,"deletions":9}}},{"hash":"f605893db025b5b258125c933038b455c3f51cb7","isMergeCommit":true,"messageTitle":"Merge branch \u0027branch-A-Packages\u0027","messageBody":"","tags":["A-Packages"],"fileTypesAndContributionMap":{}},{"hash":"0f30a8771653b7b80a242a6ff0dab8425751ddde","isMergeCommit":true,"messageTitle":"Merge branch \u0027add-gradle-support\u0027","messageBody":"","fileTypesAndContributionMap":{}},{"hash":"be98cad85c6c914e2de6c2885d33ee43889e7f65","isMergeCommit":false,"messageTitle":"Automate project builds using Gradle","messageBody":"","tags":["A-Gradle"],"fileTypesAndContributionMap":{"gradle":{"insertions":1,"deletions":1}}},{"hash":"f3afcbe2cc43ec0faca81a5d22bd41dc5997d245","isMergeCommit":false,"messageTitle":"Add JUnit tests for Task and Ui","messageBody":"","fileTypesAndContributionMap":{"java":{"insertions":55,"deletions":1}}},{"hash":"988c022369225a81817d2087e4820892f58cbb02","isMergeCommit":true,"messageTitle":"Merge branch \u0027branch-A-JUnit\u0027","messageBody":"","tags":["A-JUnit"],"fileTypesAndContributionMap":{}},{"hash":"96084f7616922f6d90bd766aa446487e4fdbf497","isMergeCommit":false,"messageTitle":"Add all jar files to gitignore","messageBody":"","tags":["A-Jar"],"fileTypesAndContributionMap":{"gradle":{"insertions":2,"deletions":1}}}]},{"date":"2026-01-31T00:00:00","commitResults":[{"hash":"8dd1536380d8c0453bb5f5c3abb0a0f58bf2bc4b","isMergeCommit":false,"messageTitle":"Add JavaDoc Comments","messageBody":"","fileTypesAndContributionMap":{"java":{"insertions":82,"deletions":0}}}]},{"date":"2026-02-01T00:00:00","commitResults":[{"hash":"cfa63e8328e448be91082697054bfc3857486df9","isMergeCommit":false,"messageTitle":"Implement find/search task feature","messageBody":"Dippy does not provide the feature to find tasks\ncontaining keywords.\n\nThis makes using Dippy overwhelming if there are\nmany tasks or if there are specific tasks that\nthe user wants to focus on.\n\nLet\u0027s\n* implement search feature for tasks with a certain\n  keyword\n* display those tasks to the screen\n\nAdding the findTask function to the TaskList class\nfollows the existing OOP design.\n","fileTypesAndContributionMap":{"java":{"insertions":18,"deletions":2}}},{"hash":"a667b3583436195bcafb871c3385f472a9b456a9","isMergeCommit":false,"messageTitle":"Tweak the code to comply with a coding standard","messageBody":"","fileTypesAndContributionMap":{"java":{"insertions":40,"deletions":38}}},{"hash":"871490da6b0413497f4f7849cd761c516494fc30","isMergeCommit":true,"messageTitle":"Merge branch \u0027branch-A-JavaDoc\u0027","messageBody":"","tags":["A-JavaDoc"],"fileTypesAndContributionMap":{}},{"hash":"532c81a1253698342d56b3d33e881f03cbd5bc3f","isMergeCommit":true,"messageTitle":"Merge branch \u0027branch-A-CodingStandard\u0027","messageBody":"","tags":["A-CodingStandard"],"fileTypesAndContributionMap":{}},{"hash":"39fa3bd934bacfa2d858aa638fe17802bda7141c","isMergeCommit":true,"messageTitle":"Merge branch \u0027branch-Level-9\u0027","messageBody":"","fileTypesAndContributionMap":{}},{"hash":"41e898f44105b6390fcbdb43657313b859ee7f01","isMergeCommit":false,"messageTitle":"Fix event name not showing in the list bug","messageBody":"","fileTypesAndContributionMap":{"java":{"insertions":18,"deletions":2}}}]}]},"authorFileTypeContributionMap":{"alexgeraldhandoko":{"java":757,"md":17,"fxml":0,"sh":42,"bat":0,"gradle":3,"txt":260}},"authorContributionVariance":{"alexgeraldhandoko":48766.938},"authorDisplayNameMap":{"alexgeraldhandoko":"CS2103T-W14-4 ALEX..RALD"}}
