{"authorDailyContributionsMap":{"CH144":[{"date":"2026-01-16T00:00:00","commitResults":[{"hash":"f5b6d5069390bc9d36bb9fbbba2429ac9364858a","isMergeCommit":false,"messageTitle":"Rename Duke.java to JohnDoe.java","messageBody":"","tags":["Level-0"],"fileTypesAndContributionMap":{"java":{"insertions":7,"deletions":10}}},{"hash":"f80f6b5c29fd78e4ee6aea8d1b9fd394f0e46c26","isMergeCommit":false,"messageTitle":"Add Echo feature to JohnDoe.java","messageBody":"","tags":["Level-1"],"fileTypesAndContributionMap":{"java":{"insertions":15,"deletions":0}}},{"hash":"3b10b317b203b3889da41f29dbbc2c131c2f9720","isMergeCommit":false,"messageTitle":"Add Add feature to JohnDoe.java","messageBody":"","fileTypesAndContributionMap":{"java":{"insertions":11,"deletions":4}}},{"hash":"da37055dbc9b945eb2442882f5c772dc54adb337","isMergeCommit":false,"messageTitle":"Add List feature to JohnDoe.java","messageBody":"","tags":["Level-2"],"fileTypesAndContributionMap":{"java":{"insertions":9,"deletions":5}}},{"hash":"9f009de56de0df45ec6e7f68a371bc2a0322fff3","isMergeCommit":false,"messageTitle":"Add Task.java","messageBody":"","fileTypesAndContributionMap":{"java":{"insertions":24,"deletions":0}}}]},{"date":"2026-01-17T00:00:00","commitResults":[{"hash":"7bb170069d1fdde316728fd9a965aeab3d72ccb3","isMergeCommit":false,"messageTitle":"Change JohnDoe.java to work using Task.java","messageBody":"","fileTypesAndContributionMap":{"java":{"insertions":20,"deletions":11}}},{"hash":"6d107425d5c5d7054f20713b3eaeb2eb2fa8990d","isMergeCommit":false,"messageTitle":"Add Mark and Unmark feature in JohnDoe.java","messageBody":"","tags":["Level-3"],"fileTypesAndContributionMap":{"java":{"insertions":38,"deletions":5}}},{"hash":"98a48710d44639b630f520a9ec74e0caa85abccc","isMergeCommit":false,"messageTitle":"Add Todo.java","messageBody":"","fileTypesAndContributionMap":{"java":{"insertions":10,"deletions":0}}},{"hash":"3052380ee32b3c35b3b7e8ac725404a2e8d9b3db","isMergeCommit":false,"messageTitle":"Change JohnDoe.java to work using Todo.java","messageBody":"","fileTypesAndContributionMap":{"java":{"insertions":10,"deletions":5}}},{"hash":"0be1d90eeb88a5d5e5a9a340b6e564d8d151a884","isMergeCommit":false,"messageTitle":"Add Deadline.java","messageBody":"","fileTypesAndContributionMap":{"java":{"insertions":15,"deletions":0}}},{"hash":"a9999ac766cf43bd133a7371a1dac070936a0385","isMergeCommit":false,"messageTitle":"Add Event.java","messageBody":"","fileTypesAndContributionMap":{"java":{"insertions":18,"deletions":0}}},{"hash":"81d035bc004c8034be1577da3cbe3d874e4338c9","isMergeCommit":false,"messageTitle":"Change JohnDoe.java to work using Deadline.java and Event.java","messageBody":"","tags":["Level-4"],"fileTypesAndContributionMap":{"java":{"insertions":36,"deletions":10}}},{"hash":"b409e0e765c8bc6f59bced886dd04a4020e4f16d","isMergeCommit":false,"messageTitle":"Clean up methods in JohnDoe.java","messageBody":"","fileTypesAndContributionMap":{"java":{"insertions":67,"deletions":56}}},{"hash":"38c290eea4c19a485f61859e338464d1545172e6","isMergeCommit":false,"messageTitle":"runtest.sh: Change Duke to JohnDoe","messageBody":"","fileTypesAndContributionMap":{"sh":{"insertions":2,"deletions":2}}},{"hash":"a5c7525c6f263b6f51b0d4880cb15f395bc7b2fc","isMergeCommit":false,"messageTitle":"Test UI using IO redirection","messageBody":"","tags":["A-TextUiTesting"],"fileTypesAndContributionMap":{"txt":{"insertions":9,"deletions":0}}},{"hash":"dcc5823ef6d8340a115ee56f07e76f0385ac8d90","isMergeCommit":false,"messageTitle":"Add exception support for mark and unmark features in JohnDoe.java","messageBody":"","fileTypesAndContributionMap":{"java":{"insertions":55,"deletions":29}}},{"hash":"58c01ad4e2bfe890bc0f445676115d8e187b1f6c","isMergeCommit":false,"messageTitle":"Move ui implementation to Ui.java","messageBody":"","fileTypesAndContributionMap":{"java":{"insertions":64,"deletions":0}}}]},{"date":"2026-01-18T00:00:00","commitResults":[{"hash":"cf9554d09a080d24007a7256207cd815374e508f","isMergeCommit":false,"messageTitle":"Move tasklist implementation to Tasklist.java","messageBody":"","fileTypesAndContributionMap":{"java":{"insertions":160,"deletions":0}}},{"hash":"c9baa84e01f81d1d407509be716ec7a089df72ab","isMergeCommit":false,"messageTitle":"Move parsing implementation to Parser.java","messageBody":"","fileTypesAndContributionMap":{"java":{"insertions":64,"deletions":0}}},{"hash":"6c492c625ddb0a0addffcd96d3d2915869bd3f04","isMergeCommit":false,"messageTitle":"Modify JohnDoe.java to work using Parser.java, Tasklist.java and Ui.java","messageBody":"","tags":["Level-5"],"fileTypesAndContributionMap":{"java":{"insertions":5,"deletions":130}}},{"hash":"2f5a4ba587c14efffd6fa538cac7724a1058eca9","isMergeCommit":false,"messageTitle":"Rename Tasklist class to TaskList","messageBody":"","fileTypesAndContributionMap":{"java":{"insertions":4,"deletions":4}}},{"hash":"81347c995b1b2a0bee895c4dd8f2e443f02a8ffb","isMergeCommit":false,"messageTitle":"Add delete feature to Ui.java, Parser.java and TaskList.java","messageBody":"","tags":["Level-6"],"fileTypesAndContributionMap":{"java":{"insertions":33,"deletions":0}}}]},{"date":"2026-01-19T00:00:00","commitResults":[{"hash":"194834edd1736e96cc9aafae4f74ef8455304ed4","isMergeCommit":false,"messageTitle":"Add Command.java with ten child classes","messageBody":"","fileTypesAndContributionMap":{"java":{"insertions":263,"deletions":0}}},{"hash":"dd2b638435a1331b325c877f3ac759f6a983817c","isMergeCommit":false,"messageTitle":"Move scanner implementation to Ui.java","messageBody":"","fileTypesAndContributionMap":{"java":{"insertions":21,"deletions":12}}},{"hash":"e49a756bbf5818c4a9fe2479f40defc62d014bb0","isMergeCommit":false,"messageTitle":"Simplify TaskList.java","messageBody":"","fileTypesAndContributionMap":{"java":{"insertions":20,"deletions":147}}},{"hash":"bcfcb2e4ced61647187e9cd4f2a981d197a17841","isMergeCommit":false,"messageTitle":"Modify parse to return Command","messageBody":"","fileTypesAndContributionMap":{"java":{"insertions":18,"deletions":36}}},{"hash":"cb0be667b0bd54856e390069cdb59c27f5518682","isMergeCommit":false,"messageTitle":"Modify JohnDoe.java to work with Command child classes","messageBody":"","fileTypesAndContributionMap":{"java":{"insertions":25,"deletions":11}}},{"hash":"e8ce8d41baf10584f52f69e289d699c39fd68e23","isMergeCommit":false,"messageTitle":"Add printError and printSuccess to Ui.java","messageBody":"","fileTypesAndContributionMap":{"java":{"insertions":8,"deletions":0}}},{"hash":"2b760d7dc8cd1f969fc05c86c2f7e128cf2becc8","isMergeCommit":false,"messageTitle":"Change error printing from System.out.printf to Ui.java: printError","messageBody":"","fileTypesAndContributionMap":{"java":{"insertions":2,"deletions":2}}},{"hash":"b0c42799bd4e08e9d7f0da5a2238649e57d13e97","isMergeCommit":false,"messageTitle":"Change success printing from System.out.printf to Ui.java: printSuccess","messageBody":"","fileTypesAndContributionMap":{"java":{"insertions":17,"deletions":16}}},{"hash":"f155b9bebcdbbe0f5402f26f02390f2d58da6f8b","isMergeCommit":false,"messageTitle":"Update method calls to TaskList in Commands due to now using Ui for outputs","messageBody":"","fileTypesAndContributionMap":{"java":{"insertions":7,"deletions":7}}}]}]},"authorFileTypeContributionMap":{"CH144":{"java":556,"md":0,"fxml":0,"sh":1,"bat":0,"gradle":0,"txt":9}},"authorContributionVariance":{"CH144":48569.11},"authorDisplayNameMap":{"CH144":"ONG .. HOW"}}
