[{"path":"src/main/java/Ketchup.java","fileType":"java","lines":[{"lineNumber":1,"author":{"gitId":"legendgirlie47"},"content":"import java.util.Scanner;","lastModifiedDate":"2026-01-22T15:34:26","isFullCredit":false},{"lineNumber":2,"author":{"gitId":"legendgirlie47"},"content":"","lastModifiedDate":"2026-01-22T15:34:26","isFullCredit":false},{"lineNumber":3,"author":{"gitId":"legendgirlie47"},"content":"public class Ketchup {","lastModifiedDate":"2026-01-22T14:34:45","isFullCredit":false},{"lineNumber":4,"author":{"gitId":"legendgirlie47"},"content":"    public static void main(String[] args) {","lastModifiedDate":"2026-01-22T14:34:45","isFullCredit":false},{"lineNumber":5,"author":{"gitId":"legendgirlie47"},"content":"        String hello \u003d \"Hello! I\u0027m Ketchup\\nWhat can I do for you?\\n\";","lastModifiedDate":"2026-01-22T15:34:26","isFullCredit":false},{"lineNumber":6,"author":{"gitId":"legendgirlie47"},"content":"        String goodbye \u003d \"Bye. Hope to see you again soon!\";","lastModifiedDate":"2026-01-22T15:34:26","isFullCredit":false},{"lineNumber":7,"author":{"gitId":"legendgirlie47"},"content":"        System.out.println(hello);","lastModifiedDate":"2026-01-22T15:34:26","isFullCredit":false},{"lineNumber":8,"author":{"gitId":"legendgirlie47"},"content":"","lastModifiedDate":"2026-01-22T15:34:26","isFullCredit":false},{"lineNumber":9,"author":{"gitId":"legendgirlie47"},"content":"        Scanner sc \u003d new Scanner(System.in);","lastModifiedDate":"2026-01-22T15:34:26","isFullCredit":false},{"lineNumber":10,"author":{"gitId":"legendgirlie47"},"content":"        String[] tasks \u003d new String[100];","lastModifiedDate":"2026-01-22T18:06:47","isFullCredit":false},{"lineNumber":11,"author":{"gitId":"legendgirlie47"},"content":"        int taskCount \u003d 0;","lastModifiedDate":"2026-01-22T18:06:47","isFullCredit":false},{"lineNumber":12,"author":{"gitId":"legendgirlie47"},"content":"        boolean[] isDone \u003d new boolean[100];","lastModifiedDate":"2026-01-23T01:52:26","isFullCredit":false},{"lineNumber":13,"author":{"gitId":"legendgirlie47"},"content":"","lastModifiedDate":"2026-01-22T15:34:26","isFullCredit":false},{"lineNumber":14,"author":{"gitId":"legendgirlie47"},"content":"        while (true) {","lastModifiedDate":"2026-01-22T15:34:26","isFullCredit":false},{"lineNumber":15,"author":{"gitId":"legendgirlie47"},"content":"            String input \u003d sc.nextLine();","lastModifiedDate":"2026-01-22T15:34:26","isFullCredit":false},{"lineNumber":16,"author":{"gitId":"legendgirlie47"},"content":"            if (input.equalsIgnoreCase(\"bye\")) {","lastModifiedDate":"2026-01-22T15:34:26","isFullCredit":false},{"lineNumber":17,"author":{"gitId":"legendgirlie47"},"content":"                System.out.println(goodbye);","lastModifiedDate":"2026-01-22T15:34:26","isFullCredit":false},{"lineNumber":18,"author":{"gitId":"legendgirlie47"},"content":"                break;","lastModifiedDate":"2026-01-22T15:34:26","isFullCredit":false},{"lineNumber":19,"author":{"gitId":"legendgirlie47"},"content":"            }","lastModifiedDate":"2026-01-22T15:34:26","isFullCredit":false},{"lineNumber":20,"author":{"gitId":"legendgirlie47"},"content":"            if (input.startsWith(\"mark\")) {","lastModifiedDate":"2026-01-23T01:52:26","isFullCredit":false},{"lineNumber":21,"author":{"gitId":"legendgirlie47"},"content":"                int idx \u003d input.charAt(5) - \u00270\u0027;","lastModifiedDate":"2026-01-23T01:52:26","isFullCredit":false},{"lineNumber":22,"author":{"gitId":"legendgirlie47"},"content":"                System.out.println(idx);","lastModifiedDate":"2026-01-23T01:52:26","isFullCredit":false},{"lineNumber":23,"author":{"gitId":"legendgirlie47"},"content":"                isDone[idx-1] \u003d true;","lastModifiedDate":"2026-01-23T01:52:26","isFullCredit":false},{"lineNumber":24,"author":{"gitId":"legendgirlie47"},"content":"                System.out.println(\"Marked task: \" + \"\u0027\" + tasks[idx-1] + \"\u0027\" + \" as done! :D\");","lastModifiedDate":"2026-01-23T01:52:26","isFullCredit":false},{"lineNumber":25,"author":{"gitId":"legendgirlie47"},"content":"                continue;","lastModifiedDate":"2026-01-23T01:52:26","isFullCredit":false},{"lineNumber":26,"author":{"gitId":"legendgirlie47"},"content":"            }","lastModifiedDate":"2026-01-23T01:52:26","isFullCredit":false},{"lineNumber":27,"author":{"gitId":"legendgirlie47"},"content":"","lastModifiedDate":"2026-01-23T01:52:26","isFullCredit":false},{"lineNumber":28,"author":{"gitId":"legendgirlie47"},"content":"            if (input.startsWith(\"unmark\")) {","lastModifiedDate":"2026-01-23T01:52:26","isFullCredit":false},{"lineNumber":29,"author":{"gitId":"legendgirlie47"},"content":"                int idx \u003d input.charAt(7) - \u00270\u0027;","lastModifiedDate":"2026-01-23T01:52:26","isFullCredit":false},{"lineNumber":30,"author":{"gitId":"legendgirlie47"},"content":"                System.out.println(idx);","lastModifiedDate":"2026-01-23T01:52:26","isFullCredit":false},{"lineNumber":31,"author":{"gitId":"legendgirlie47"},"content":"                isDone[idx-1] \u003d true;","lastModifiedDate":"2026-01-23T01:52:26","isFullCredit":false},{"lineNumber":32,"author":{"gitId":"legendgirlie47"},"content":"                System.out.println(\"Unmarked task: \" + \"\u0027\" + tasks[idx-1] + \"\u0027\" + \" as done :(\");","lastModifiedDate":"2026-01-23T01:52:26","isFullCredit":false},{"lineNumber":33,"author":{"gitId":"legendgirlie47"},"content":"                continue;","lastModifiedDate":"2026-01-23T01:52:26","isFullCredit":false},{"lineNumber":34,"author":{"gitId":"legendgirlie47"},"content":"            }","lastModifiedDate":"2026-01-23T01:52:26","isFullCredit":false},{"lineNumber":35,"author":{"gitId":"legendgirlie47"},"content":"","lastModifiedDate":"2026-01-22T18:06:47","isFullCredit":false},{"lineNumber":36,"author":{"gitId":"legendgirlie47"},"content":"            if (input.equalsIgnoreCase(\"list\")) {","lastModifiedDate":"2026-01-22T18:06:47","isFullCredit":false},{"lineNumber":37,"author":{"gitId":"legendgirlie47"},"content":"                if (taskCount \u003d\u003d 0) {","lastModifiedDate":"2026-01-22T18:06:47","isFullCredit":false},{"lineNumber":38,"author":{"gitId":"legendgirlie47"},"content":"                    System.out.println(\"No tasks in your list.\");","lastModifiedDate":"2026-01-22T18:06:47","isFullCredit":false},{"lineNumber":39,"author":{"gitId":"legendgirlie47"},"content":"                } else {","lastModifiedDate":"2026-01-22T18:06:47","isFullCredit":false},{"lineNumber":40,"author":{"gitId":"legendgirlie47"},"content":"                    for (int i \u003d0; i \u003c taskCount; i++) {","lastModifiedDate":"2026-01-22T18:06:47","isFullCredit":false},{"lineNumber":41,"author":{"gitId":"legendgirlie47"},"content":"                        String done \u003d \"[ ]\";","lastModifiedDate":"2026-01-23T01:52:26","isFullCredit":false},{"lineNumber":42,"author":{"gitId":"legendgirlie47"},"content":"                        if(isDone[i]) {","lastModifiedDate":"2026-01-23T01:52:26","isFullCredit":false},{"lineNumber":43,"author":{"gitId":"legendgirlie47"},"content":"                            done \u003d \"[X]\";","lastModifiedDate":"2026-01-23T01:52:26","isFullCredit":false},{"lineNumber":44,"author":{"gitId":"legendgirlie47"},"content":"                        }","lastModifiedDate":"2026-01-23T01:52:26","isFullCredit":false},{"lineNumber":45,"author":{"gitId":"legendgirlie47"},"content":"                        System.out.println(done + \" \" + (i+1)+\". \"+ tasks[i]);","lastModifiedDate":"2026-01-23T01:52:26","isFullCredit":false},{"lineNumber":46,"author":{"gitId":"legendgirlie47"},"content":"                    }","lastModifiedDate":"2026-01-22T15:34:26","isFullCredit":false},{"lineNumber":47,"author":{"gitId":"legendgirlie47"},"content":"","lastModifiedDate":"2026-01-22T15:34:26","isFullCredit":false},{"lineNumber":48,"author":{"gitId":"legendgirlie47"},"content":"                }","lastModifiedDate":"2026-01-22T14:34:45","isFullCredit":false},{"lineNumber":49,"author":{"gitId":"legendgirlie47"},"content":"            } else {","lastModifiedDate":"2026-01-22T18:06:47","isFullCredit":false},{"lineNumber":50,"author":{"gitId":"legendgirlie47"},"content":"                tasks[taskCount] \u003d input;","lastModifiedDate":"2026-01-22T18:06:47","isFullCredit":false},{"lineNumber":51,"author":{"gitId":"legendgirlie47"},"content":"                isDone[taskCount] \u003d false;","lastModifiedDate":"2026-01-23T01:52:26","isFullCredit":false},{"lineNumber":52,"author":{"gitId":"legendgirlie47"},"content":"                taskCount++;","lastModifiedDate":"2026-01-22T18:06:47","isFullCredit":false},{"lineNumber":53,"author":{"gitId":"legendgirlie47"},"content":"                System.out.println(\"added: \" + input);","lastModifiedDate":"2026-01-22T18:06:47","isFullCredit":false},{"lineNumber":54,"author":{"gitId":"legendgirlie47"},"content":"            }","lastModifiedDate":"2026-01-22T18:06:47","isFullCredit":false},{"lineNumber":55,"author":{"gitId":"legendgirlie47"},"content":"        }","lastModifiedDate":"2026-01-22T18:06:47","isFullCredit":false},{"lineNumber":56,"author":{"gitId":"legendgirlie47"},"content":"    }","lastModifiedDate":"2026-01-22T18:06:47","isFullCredit":false},{"lineNumber":57,"author":{"gitId":"legendgirlie47"},"content":"}","lastModifiedDate":"2026-01-22T14:34:45","isFullCredit":false}],"authorContributionMap":{"legendgirlie47":57}}]
