{"authorDailyContributionsMap":{"legendgirlie47":[{"date":"2026-01-22T00:00:00","commitResults":[{"hash":"3fb07ecbc3cfc63acbf4ef1d53f7595f214d9cfd","isMergeCommit":false,"messageTitle":"Renamed main class, edited to greet and exit.","messageBody":"","tags":["Level-0"],"fileTypesAndContributionMap":{"java":{"insertions":6,"deletions":10}}},{"hash":"757719b5edf8a3213688a471e62b7da48abf03a6","isMergeCommit":false,"messageTitle":"Set up echo.","messageBody":"","tags":["Level-1"],"fileTypesAndContributionMap":{"java":{"insertions":18,"deletions":2}}},{"hash":"06d53cc777026564c391cd0efba8f5e229c55282","isMergeCommit":false,"messageTitle":"Added list.","messageBody":"","tags":["Level-2"],"fileTypesAndContributionMap":{"java":{"insertions":16,"deletions":2}}}]},{"date":"2026-01-23T00:00:00","commitResults":[{"hash":"d691bde8a1f08c42d13f23ce32122269526d3825","isMergeCommit":false,"messageTitle":"Added feature to mark and unmark as done.","messageBody":"","tags":["Level-3"],"fileTypesAndContributionMap":{"java":{"insertions":22,"deletions":1}}},{"hash":"ea7dfe3a58e84cd126d6feff5cd45da3ca681d52","isMergeCommit":false,"messageTitle":"Added Task class and Event, ToDo and Deadline subclasses.","messageBody":"","tags":["Level-4"],"fileTypesAndContributionMap":{"java":{"insertions":106,"deletions":15}}},{"hash":"8d95faf2b8a79614dcbf133b6711fdfd45cf2682","isMergeCommit":false,"messageTitle":"Added automated text UI testing.","messageBody":"","tags":["A-TextUiTesting"],"fileTypesAndContributionMap":{"txt":{"insertions":9,"deletions":0},"bat":{"insertions":1,"deletions":1},"sh":{"insertions":1,"deletions":1}}},{"hash":"876a0e3e8988646304cd74bfafe0b7ebcd570cec","isMergeCommit":false,"messageTitle":"Added error handling.","messageBody":"","tags":["Level-5"],"fileTypesAndContributionMap":{"java":{"insertions":62,"deletions":27}}},{"hash":"cf7b186edfb0df193bb3dca7fdf0244da88c858e","isMergeCommit":false,"messageTitle":"Added delete task function.","messageBody":"","tags":["Level-6"],"fileTypesAndContributionMap":{"java":{"insertions":15,"deletions":0}}}]}]},"authorFileTypeContributionMap":{"legendgirlie47":{"java":198,"md":0,"fxml":0,"sh":1,"bat":1,"gradle":0,"txt":9}},"authorContributionVariance":{"legendgirlie47":4294.8},"authorDisplayNameMap":{"legendgirlie47":"CS2103T-W12-4 HONG..ANYU"}}
