{"authorDailyContributionsMap":{"tehmiw":[{"date":"2026-01-23T00:00:00","commitResults":[{"hash":"c6dcc390d4a5f4982ffd60b1540728392529e095","isMergeCommit":false,"messageTitle":"level 0","messageBody":"","fileTypesAndContributionMap":{"java":{"insertions":8,"deletions":10}}},{"hash":"db3a6afc608c8a6f6a7be6d5a2289f666c8e29d6","isMergeCommit":false,"messageTitle":"Level-0","messageBody":"","tags":["Level-0"],"fileTypesAndContributionMap":{"java":{"insertions":1,"deletions":1}}},{"hash":"c9c77487af3656d6cf47f524c6c14ba51c35fbf1","isMergeCommit":false,"messageTitle":"Level-1","messageBody":"","fileTypesAndContributionMap":{"java":{"insertions":11,"deletions":2}}},{"hash":"e6b74484851fb45555de42b5375f0aae34865416","isMergeCommit":false,"messageTitle":"Level-1","messageBody":"","tags":["Level-1"],"fileTypesAndContributionMap":{"java":{"insertions":1,"deletions":0}}},{"hash":"4345506c4dfd0cb66f61895ddb84ea9685a898ad","isMergeCommit":false,"messageTitle":"Level-2","messageBody":"","tags":["Level-2"],"fileTypesAndContributionMap":{"java":{"insertions":23,"deletions":1}}},{"hash":"d9cd38f705dcda3fa29a88fffac8eff1c7a572c9","isMergeCommit":false,"messageTitle":"Level-3","messageBody":"","fileTypesAndContributionMap":{"java":{"insertions":38,"deletions":2}}},{"hash":"4f6ddf569807fab1cb9842859a37c60c9fef26d3","isMergeCommit":false,"messageTitle":"Level-3","messageBody":"","tags":["Level-3"],"fileTypesAndContributionMap":{"java":{"insertions":5,"deletions":9}}},{"hash":"45537e35f8a2d9d32a1cdef32e3eabdcbffb089e","isMergeCommit":false,"messageTitle":"Level-4","messageBody":"","fileTypesAndContributionMap":{"txt":{"insertions":9,"deletions":0},"java":{"insertions":12,"deletions":0},"sh":{"insertions":1,"deletions":1}}},{"hash":"ecf39b74b551b47948cd325586c229ffaaeede49","isMergeCommit":false,"messageTitle":"A-TextUiTesting","messageBody":"","tags":["Level-4","A-TextUiTesting"],"fileTypesAndContributionMap":{"java":{"insertions":77,"deletions":18}}},{"hash":"c08ca24da5f201740feae8343f609932937b6807","isMergeCommit":false,"messageTitle":"Level-5","messageBody":"","fileTypesAndContributionMap":{"txt":{"insertions":3,"deletions":0},"java":{"insertions":9,"deletions":0}}},{"hash":"f1f9c67d09b9239bbdb9f506eb7ab821db8fce26","isMergeCommit":false,"messageTitle":"Level-5","messageBody":"","tags":["Level-5"],"fileTypesAndContributionMap":{"java":{"insertions":106,"deletions":71}}},{"hash":"b1a3324fd34340083a1ea9855fecddc35927129d","isMergeCommit":false,"messageTitle":"Level-6","messageBody":"","tags":["Level-6","A-Enums"],"fileTypesAndContributionMap":{"txt":{"insertions":2,"deletions":0}}}]},{"date":"2026-01-30T00:00:00","commitResults":[{"hash":"8a5be54bfa8a9fbe7a9d1c60f38f98f1b660ae3a","isMergeCommit":false,"messageTitle":"Level-7","messageBody":"","fileTypesAndContributionMap":{"java":{"insertions":146,"deletions":0}}},{"hash":"5707ea6c1dc0dd40deec85f46ed4a41eae63a01a","isMergeCommit":true,"messageTitle":"Merge branch \u0027branch-Level-7\u0027","messageBody":"","tags":["Level-7"],"fileTypesAndContributionMap":{}},{"hash":"1af339c81cb1f55f15d7534bf01b86a823eebeff","isMergeCommit":false,"messageTitle":"Level-8","messageBody":"","fileTypesAndContributionMap":{"txt":{"insertions":2,"deletions":2},"java":{"insertions":44,"deletions":7}}},{"hash":"965b2356aea51bb1227670811b7a2aab62cb3b88","isMergeCommit":true,"messageTitle":"Merge branch \u0027branch-Level-8\u0027","messageBody":"","tags":["Level-8"],"fileTypesAndContributionMap":{}},{"hash":"b808e524103c7bd29cec1d511fdeadd17d8beec5","isMergeCommit":false,"messageTitle":"Restructure to follow OOP","messageBody":"","tags":["A-MoreOOP"],"fileTypesAndContributionMap":{"java":{"insertions":200,"deletions":116}}},{"hash":"98a58b5b1528a2207a61cb1dd7eaadea8c3f6963","isMergeCommit":false,"messageTitle":"Put in package","messageBody":"","tags":["A-Packages"],"fileTypesAndContributionMap":{"txt":{"insertions":1,"deletions":1},"java":{"insertions":23,"deletions":2},"sh":{"insertions":2,"deletions":2}}},{"hash":"ce08891a8ce04d96275dc4f400072e0abea8993a","isMergeCommit":true,"messageTitle":"Merge branch \u0027add-gradle-support\u0027","messageBody":"","tags":["A-Gradle"],"fileTypesAndContributionMap":{}}]},{"date":"2026-01-31T00:00:00","commitResults":[{"hash":"35493d27285de1093b4d26bdb4a26e8e900c7944","isMergeCommit":false,"messageTitle":"Set up gradle and add Junit","messageBody":"","tags":["A-Junit","A-JUnit"],"fileTypesAndContributionMap":{"java":{"insertions":93,"deletions":17}}},{"hash":"bae727c70671e2c8272368df344bed9d1fe6d2f8","isMergeCommit":false,"messageTitle":"update gitignore and gradle","messageBody":"","tags":["A-Jar"],"fileTypesAndContributionMap":{"gradle":{"insertions":9,"deletions":0}}},{"hash":"c45b8e1f2f1dc6a971ed10d23804294666fecd78","isMergeCommit":false,"messageTitle":"add comments","messageBody":"","tags":["A-JavaDoc","A-CodingStandard"],"fileTypesAndContributionMap":{"java":{"insertions":126,"deletions":0}}},{"hash":"63f139d1cd4e66acabff28df9acbf900bfac1fdf","isMergeCommit":false,"messageTitle":"add Level-9","messageBody":"","fileTypesAndContributionMap":{"sh":{"insertions":2,"deletions":2}}},{"hash":"c4658b11bc3ed1b7e447c24436d98fee6c82e7c0","isMergeCommit":false,"messageTitle":"add Level-9 in branch-Level-9","messageBody":"","tags":["Level-9"],"fileTypesAndContributionMap":{"java":{"insertions":23,"deletions":0}}}]},{"date":"2026-02-06T00:00:00","commitResults":[{"hash":"1668b22bd9cb0667a82fbed2b965f14d41ee146a","isMergeCommit":false,"messageTitle":"add Level-10","messageBody":"","fileTypesAndContributionMap":{"gradle":{"insertions":19,"deletions":3},"fxml":{"insertions":66,"deletions":0},"java":{"insertions":299,"deletions":0}}},{"hash":"528d1f0eda6c910915f32860ab0ffda3f3669fc8","isMergeCommit":false,"messageTitle":"adjust name and welcome message","messageBody":"","fileTypesAndContributionMap":{"java":{"insertions":2,"deletions":2}}},{"hash":"57e3e88368dcc20dbd549e59719c2753dac96d01","isMergeCommit":true,"messageTitle":"Merge branch \u0027branch-Level-10\u0027","messageBody":"","tags":["Level-10"],"fileTypesAndContributionMap":{}}]},{"date":"2026-02-13T00:00:00","commitResults":[{"hash":"5cefd6ba0b37565fc8122375a33af523fab1d395","isMergeCommit":false,"messageTitle":"Add A-Assertions","messageBody":"There are parts in the code where calling a method should return\nsomething that should not be null, or change something of which we can\ncheck the status of.\n\nBy making use of assert, we are able to check if there are any errors\nmade by the programmer that cause buggy behaviour at certain lines that\nact as \u0027breakpoints\u0027. In this case, those assert statements were used.\n","tags":["A-FullCommitMessage"],"fileTypesAndContributionMap":{"java":{"insertions":22,"deletions":0}}},{"hash":"2dc370ce9c7e6d20e6059c5fb9ed34b665626617","isMergeCommit":false,"messageTitle":"Adjust code quality","messageBody":"","fileTypesAndContributionMap":{"java":{"insertions":7,"deletions":86}}},{"hash":"d564d67c9d312eeafee11d0599da1e0e13090073","isMergeCommit":true,"messageTitle":"Merge pull request #1 from tehmiw/branch-A-Assertions","messageBody":"Add A-Assertions","tags":["A-Assertions"],"fileTypesAndContributionMap":{}},{"hash":"94503e0fcd86fe2a824cc269af670249a5c0b511","isMergeCommit":true,"messageTitle":"Merge branch \u0027master\u0027 into branch-A-CodeQuality","messageBody":"","fileTypesAndContributionMap":{}},{"hash":"3d4661a53cbeeb9b7aabce05f3f51401ed71cea4","isMergeCommit":true,"messageTitle":"Merge pull request #2 from tehmiw/branch-A-CodeQuality","messageBody":"Adjust code quality","tags":["A-CodeQuality"],"fileTypesAndContributionMap":{}},{"hash":"8568859e9376c1a733e15e24206dfebea97a9c05","isMergeCommit":false,"messageTitle":"Add update command for fields","messageBody":"","tags":["C-Update","BCD-Extension"],"fileTypesAndContributionMap":{"java":{"insertions":71,"deletions":0}}}]},{"date":"2026-02-18T00:00:00","commitResults":[{"hash":"a775021bff1b3b190f0af8f9d17e15ef1c04e098","isMergeCommit":false,"messageTitle":"Add help message reformatted with AI","messageBody":"","tags":["A-AiAssisted"],"fileTypesAndContributionMap":{"java":{"insertions":39,"deletions":1}}}]},{"date":"2026-02-19T00:00:00","commitResults":[{"hash":"884aa7157ec6119a0fb5fa0ba2b65de267db2a62","isMergeCommit":false,"messageTitle":"Add javadoc comments and edit welcome message","messageBody":"","fileTypesAndContributionMap":{"java":{"insertions":262,"deletions":94}}}]}]},"authorFileTypeContributionMap":{"tehmiw":{"java":1208,"md":0,"fxml":66,"sh":2,"bat":0,"gradle":28,"txt":14}},"authorContributionVariance":{"tehmiw":17872.205},"authorDisplayNameMap":{"tehmiw":"CS2103T-W13-4 TEH .. WEI"}}
