{"authorDailyContributionsMap":{"tehmiw":[{"date":"2026-01-23T00:00:00","commitResults":[{"hash":"c6dcc390d4a5f4982ffd60b1540728392529e095","isMergeCommit":false,"messageTitle":"level 0","messageBody":"","fileTypesAndContributionMap":{"java":{"insertions":8,"deletions":10}}},{"hash":"db3a6afc608c8a6f6a7be6d5a2289f666c8e29d6","isMergeCommit":false,"messageTitle":"Level-0","messageBody":"","tags":["Level-0"],"fileTypesAndContributionMap":{"java":{"insertions":1,"deletions":1}}},{"hash":"c9c77487af3656d6cf47f524c6c14ba51c35fbf1","isMergeCommit":false,"messageTitle":"Level-1","messageBody":"","fileTypesAndContributionMap":{"java":{"insertions":11,"deletions":2}}},{"hash":"e6b74484851fb45555de42b5375f0aae34865416","isMergeCommit":false,"messageTitle":"Level-1","messageBody":"","tags":["Level-1"],"fileTypesAndContributionMap":{"java":{"insertions":1,"deletions":0}}},{"hash":"4345506c4dfd0cb66f61895ddb84ea9685a898ad","isMergeCommit":false,"messageTitle":"Level-2","messageBody":"","tags":["Level-2"],"fileTypesAndContributionMap":{"java":{"insertions":23,"deletions":1}}},{"hash":"d9cd38f705dcda3fa29a88fffac8eff1c7a572c9","isMergeCommit":false,"messageTitle":"Level-3","messageBody":"","fileTypesAndContributionMap":{"java":{"insertions":38,"deletions":2}}},{"hash":"4f6ddf569807fab1cb9842859a37c60c9fef26d3","isMergeCommit":false,"messageTitle":"Level-3","messageBody":"","tags":["Level-3"],"fileTypesAndContributionMap":{"java":{"insertions":5,"deletions":9}}},{"hash":"45537e35f8a2d9d32a1cdef32e3eabdcbffb089e","isMergeCommit":false,"messageTitle":"Level-4","messageBody":"","fileTypesAndContributionMap":{"txt":{"insertions":9,"deletions":0},"java":{"insertions":12,"deletions":0},"sh":{"insertions":1,"deletions":1}}},{"hash":"ecf39b74b551b47948cd325586c229ffaaeede49","isMergeCommit":false,"messageTitle":"A-TextUiTesting","messageBody":"","tags":["Level-4","A-TextUiTesting"],"fileTypesAndContributionMap":{"java":{"insertions":77,"deletions":18}}},{"hash":"c08ca24da5f201740feae8343f609932937b6807","isMergeCommit":false,"messageTitle":"Level-5","messageBody":"","fileTypesAndContributionMap":{"txt":{"insertions":3,"deletions":0},"java":{"insertions":9,"deletions":0}}},{"hash":"f1f9c67d09b9239bbdb9f506eb7ab821db8fce26","isMergeCommit":false,"messageTitle":"Level-5","messageBody":"","tags":["Level-5"],"fileTypesAndContributionMap":{"java":{"insertions":106,"deletions":71}}},{"hash":"b1a3324fd34340083a1ea9855fecddc35927129d","isMergeCommit":false,"messageTitle":"Level-6","messageBody":"","tags":["Level-6","A-Enums"],"fileTypesAndContributionMap":{"txt":{"insertions":2,"deletions":0}}}]}]},"authorFileTypeContributionMap":{"tehmiw":{"java":187,"md":0,"fxml":0,"sh":1,"bat":0,"gradle":0,"txt":14}},"authorContributionVariance":{"tehmiw":11028.328},"authorDisplayNameMap":{"tehmiw":"CS2103T-W13-4 TEH .. WEI"}}
