{"authorDailyContributionsMap":{"kimyungju":[{"date":"2026-01-22T00:00:00","commitResults":[{"hash":"ec5c5f53b30aaa4e537c182331c2c39cd51f6ab0","isMergeCommit":false,"messageTitle":"Complete Level-0: rename Duke to Haru with greeting logo","messageBody":"","tags":["Level-0"],"fileTypesAndContributionMap":{"java":{"insertions":15,"deletions":0}}},{"hash":"e0ccc6459c99226831331f7e13b0c802924852ea","isMergeCommit":false,"messageTitle":"Implement Level-1 echo","messageBody":"","tags":["Level-1"],"fileTypesAndContributionMap":{"java":{"insertions":15,"deletions":1}}},{"hash":"b671da5f2ee0c605cf5afc94aca4695110862d6d","isMergeCommit":false,"messageTitle":"Implement Level-2 add and list","messageBody":"","tags":["Level-2"],"fileTypesAndContributionMap":{"java":{"insertions":13,"deletions":2}}}]},{"date":"2026-01-23T00:00:00","commitResults":[{"hash":"a269f815a012356182d1a8837d1ed2e34698a35b","isMergeCommit":false,"messageTitle":"Implement Level-3 mark and unmark","messageBody":"","tags":["Level-3"],"fileTypesAndContributionMap":{"java":{"insertions":48,"deletions":5}}},{"hash":"562f067aef2e1826026642678b5265373c522be3","isMergeCommit":false,"messageTitle":"Level-4: add todo, deadline, and event task types","messageBody":"","tags":["Level-4"],"fileTypesAndContributionMap":{"java":{"insertions":86,"deletions":56}}},{"hash":"0fb70176ec7e34cb05b00964c3ded36882599d3f","isMergeCommit":false,"messageTitle":"Implement and pass A-TextUiTesting","messageBody":"","tags":["A-TextUiTesting"],"fileTypesAndContributionMap":{"txt":{"insertions":7,"deletions":0},"sh":{"insertions":1,"deletions":1}}},{"hash":"6433c017ac6f901e807ddb47eacc58de09dc443e","isMergeCommit":false,"messageTitle":"Implement Level-5: Handle Errors","messageBody":"","tags":["Level-5"],"fileTypesAndContributionMap":{"java":{"insertions":86,"deletions":34}}},{"hash":"64593702107895819ea4833476fd1cf618f11ff6","isMergeCommit":false,"messageTitle":"Implement Level-6: Delete and ArrayList","messageBody":"","tags":["Level-6"],"fileTypesAndContributionMap":{"java":{"insertions":53,"deletions":59}}},{"hash":"a0a7c1b43591cc4ce98681944823f536710e63f9","isMergeCommit":false,"messageTitle":"Implement A-Enums: Refactor command handling","messageBody":"","tags":["A-Enums"],"fileTypesAndContributionMap":{"java":{"insertions":67,"deletions":29}}}]},{"date":"2026-01-30T00:00:00","commitResults":[{"hash":"3934e43a605716b23bfa5c23c79cd72e184a4901","isMergeCommit":false,"messageTitle":"Refactor: move all classes into haru package","messageBody":"","fileTypesAndContributionMap":{"java":{"insertions":21,"deletions":7},"bat":{"insertions":2,"deletions":2},"sh":{"insertions":2,"deletions":2}}},{"hash":"45ce062659cbea4ea1860f6e032f77f30ccb2d81","isMergeCommit":false,"messageTitle":"Level-7: add file storage for tasks","messageBody":"","fileTypesAndContributionMap":{"txt":{"insertions":3,"deletions":0},"java":{"insertions":119,"deletions":0}}},{"hash":"ba9d6bb6e3fe83b1ee0e2dc86e376db663feeac4","isMergeCommit":true,"messageTitle":"Merge branch \u0027branch-Level-7\u0027","messageBody":"","tags":["Level-7"],"fileTypesAndContributionMap":{}},{"hash":"9dd8106a69979f44cd78ee2689a281456a77f8a3","isMergeCommit":false,"messageTitle":"Level-8: parse and format dates","messageBody":"","fileTypesAndContributionMap":{"java":{"insertions":146,"deletions":16}}},{"hash":"fcd9d37adff055cc6680245a3f4e7b540a9eef28","isMergeCommit":true,"messageTitle":"Merge branch \u0027branch-Level-8\u0027","messageBody":"","tags":["Level-8"],"fileTypesAndContributionMap":{}}]},{"date":"2026-01-31T00:00:00","commitResults":[{"hash":"a5050e481f0dd205f3b9c16b5b8ed94361033500","isMergeCommit":false,"messageTitle":"Refactor Haru to use OOP structure","messageBody":"","fileTypesAndContributionMap":{"txt":{"insertions":0,"deletions":2},"java":{"insertions":236,"deletions":113}}},{"hash":"39cc00bf7f179e26b9fda8208d74252dc809ed29","isMergeCommit":true,"messageTitle":"Merge branch \u0027branch-A-MoreOOP\u0027","messageBody":"","tags":["A-MoreOOP"],"fileTypesAndContributionMap":{}}]}]},"authorFileTypeContributionMap":{"kimyungju":{"java":593,"md":0,"fxml":0,"sh":2,"bat":2,"gradle":0,"txt":8}},"authorContributionVariance":{"kimyungju":19257.17},"authorDisplayNameMap":{"kimyungju":"CS2103T-T17-3 KIM ..NGJU"}}
