[{"path":"README.md","fileType":"md","lines":[{"lineNumber":1,"author":{"gitId":"ghyyuan"},"content":"# Memo project template","lastModifiedDate":"2026-01-21T14:04:39","isFullCredit":false},{"lineNumber":2,"author":{"gitId":"-"},"content":"","lastModifiedDate":"2020-05-25T00:03:55","isFullCredit":false},{"lineNumber":3,"author":{"gitId":"-"},"content":"This is a project template for a greenfield Java project. It\u0027s named after the Java mascot _Duke_. Given below are instructions on how to use it.","lastModifiedDate":"2020-05-25T00:03:55","isFullCredit":false},{"lineNumber":4,"author":{"gitId":"-"},"content":"","lastModifiedDate":"2020-05-25T00:03:55","isFullCredit":false},{"lineNumber":5,"author":{"gitId":"-"},"content":"## Setting up in Intellij","lastModifiedDate":"2020-05-25T00:03:55","isFullCredit":false},{"lineNumber":6,"author":{"gitId":"-"},"content":"","lastModifiedDate":"2020-05-25T00:03:55","isFullCredit":false},{"lineNumber":7,"author":{"gitId":"-"},"content":"Prerequisites: JDK 17, update Intellij to the most recent version.","lastModifiedDate":"2024-07-11T16:50:14","isFullCredit":false},{"lineNumber":8,"author":{"gitId":"-"},"content":"","lastModifiedDate":"2020-05-25T00:03:55","isFullCredit":false},{"lineNumber":9,"author":{"gitId":"-"},"content":"1. Open Intellij (if you are not in the welcome screen, click `File` \u003e `Close Project` to close the existing project first)","lastModifiedDate":"2021-01-17T12:25:53","isFullCredit":false},{"lineNumber":10,"author":{"gitId":"-"},"content":"1. Open the project into Intellij as follows:","lastModifiedDate":"2021-01-17T12:25:53","isFullCredit":false},{"lineNumber":11,"author":{"gitId":"-"},"content":"   1. Click `Open`.","lastModifiedDate":"2021-01-17T12:25:53","isFullCredit":false},{"lineNumber":12,"author":{"gitId":"-"},"content":"   1. Select the project directory, and click `OK`.","lastModifiedDate":"2021-01-17T12:25:53","isFullCredit":false},{"lineNumber":13,"author":{"gitId":"-"},"content":"   1. If there are any further prompts, accept the defaults.","lastModifiedDate":"2020-05-25T00:03:55","isFullCredit":false},{"lineNumber":14,"author":{"gitId":"-"},"content":"1. Configure the project to use **JDK 17** (not other versions) as explained in [here](https://www.jetbrains.com/help/idea/sdk.html#set-up-jdk).\u003cbr\u003e","lastModifiedDate":"2024-07-11T16:50:14","isFullCredit":false},{"lineNumber":15,"author":{"gitId":"-"},"content":"   In the same dialog, set the **Project language level** field to the `SDK default` option.","lastModifiedDate":"2021-07-29T20:29:39","isFullCredit":false},{"lineNumber":16,"author":{"gitId":"ghyyuan"},"content":"1. After that, locate the `src/main/java/Memo.java` file, right-click it, and choose `Run Memo.main()` (if the code editor is showing compile errors, try restarting the IDE). If the setup is correct, you should see something like the below as the output:","lastModifiedDate":"2026-01-21T14:04:39","isFullCredit":false},{"lineNumber":17,"author":{"gitId":"-"},"content":"   ```","lastModifiedDate":"2020-05-25T00:03:55","isFullCredit":false},{"lineNumber":18,"author":{"gitId":"-"},"content":"   Hello from","lastModifiedDate":"2020-05-25T00:03:55","isFullCredit":false},{"lineNumber":19,"author":{"gitId":"-"},"content":"    ____        _        ","lastModifiedDate":"2020-05-25T00:03:55","isFullCredit":false},{"lineNumber":20,"author":{"gitId":"-"},"content":"   |  _ \\ _   _| | _____ ","lastModifiedDate":"2020-05-25T00:03:55","isFullCredit":false},{"lineNumber":21,"author":{"gitId":"-"},"content":"   | | | | | | | |/ / _ \\","lastModifiedDate":"2020-05-25T00:03:55","isFullCredit":false},{"lineNumber":22,"author":{"gitId":"-"},"content":"   | |_| | |_| |   \u003c  __/","lastModifiedDate":"2020-05-25T00:03:55","isFullCredit":false},{"lineNumber":23,"author":{"gitId":"-"},"content":"   |____/ \\__,_|_|\\_\\___|","lastModifiedDate":"2020-05-25T00:03:55","isFullCredit":false},{"lineNumber":24,"author":{"gitId":"-"},"content":"   ```","lastModifiedDate":"2020-05-25T00:03:55","isFullCredit":false},{"lineNumber":25,"author":{"gitId":"-"},"content":"","lastModifiedDate":"2025-01-04T21:44:28","isFullCredit":false},{"lineNumber":26,"author":{"gitId":"-"},"content":"**Warning:** Keep the `src\\main\\java` folder as the root folder for Java files (i.e., don\u0027t rename those folders or move Java files to another folder outside of this folder path), as this is the default location some tools (e.g., Gradle) expect to find Java files.","lastModifiedDate":"2025-01-04T21:44:28","isFullCredit":false}],"authorContributionMap":{"ghyyuan":2,"-":24}},{"path":"docs/README.md","fileType":"md","lines":[{"lineNumber":1,"author":{"gitId":"ghyyuan"},"content":"# Memo User Guide","lastModifiedDate":"2026-01-21T14:04:39","isFullCredit":false},{"lineNumber":2,"author":{"gitId":"-"},"content":"","lastModifiedDate":"2019-07-29T17:14:46","isFullCredit":false},{"lineNumber":3,"author":{"gitId":"-"},"content":"// Update the title above to match the actual product name","lastModifiedDate":"2024-01-07T18:33:52","isFullCredit":false},{"lineNumber":4,"author":{"gitId":"-"},"content":"","lastModifiedDate":"2019-07-29T17:14:46","isFullCredit":false},{"lineNumber":5,"author":{"gitId":"-"},"content":"// Product screenshot goes here","lastModifiedDate":"2024-01-07T18:33:52","isFullCredit":false},{"lineNumber":6,"author":{"gitId":"-"},"content":"","lastModifiedDate":"2021-07-17T16:49:07","isFullCredit":false},{"lineNumber":7,"author":{"gitId":"-"},"content":"// Product intro goes here","lastModifiedDate":"2024-01-07T18:33:52","isFullCredit":false},{"lineNumber":8,"author":{"gitId":"-"},"content":"","lastModifiedDate":"2021-07-17T16:49:07","isFullCredit":false},{"lineNumber":9,"author":{"gitId":"-"},"content":"## Adding deadlines","lastModifiedDate":"2024-01-07T18:33:52","isFullCredit":false},{"lineNumber":10,"author":{"gitId":"-"},"content":"","lastModifiedDate":"2021-07-17T16:49:07","isFullCredit":false},{"lineNumber":11,"author":{"gitId":"-"},"content":"// Describe the action and its outcome.","lastModifiedDate":"2024-01-07T18:33:52","isFullCredit":false},{"lineNumber":12,"author":{"gitId":"-"},"content":"","lastModifiedDate":"2019-07-29T17:14:46","isFullCredit":false},{"lineNumber":13,"author":{"gitId":"-"},"content":"// Give examples of usage","lastModifiedDate":"2024-01-07T18:33:52","isFullCredit":false},{"lineNumber":14,"author":{"gitId":"-"},"content":"","lastModifiedDate":"2019-07-29T17:14:46","isFullCredit":false},{"lineNumber":15,"author":{"gitId":"-"},"content":"Example: `keyword (optional arguments)`","lastModifiedDate":"2024-01-07T18:33:52","isFullCredit":false},{"lineNumber":16,"author":{"gitId":"-"},"content":"","lastModifiedDate":"2019-07-29T17:14:46","isFullCredit":false},{"lineNumber":17,"author":{"gitId":"-"},"content":"// A description of the expected outcome goes here","lastModifiedDate":"2024-01-07T18:33:52","isFullCredit":false},{"lineNumber":18,"author":{"gitId":"-"},"content":"","lastModifiedDate":"2019-07-29T17:14:46","isFullCredit":false},{"lineNumber":19,"author":{"gitId":"-"},"content":"```","lastModifiedDate":"2024-01-07T18:33:52","isFullCredit":false},{"lineNumber":20,"author":{"gitId":"-"},"content":"expected output","lastModifiedDate":"2024-01-07T18:33:52","isFullCredit":false},{"lineNumber":21,"author":{"gitId":"-"},"content":"```","lastModifiedDate":"2024-01-07T18:33:52","isFullCredit":false},{"lineNumber":22,"author":{"gitId":"-"},"content":"","lastModifiedDate":"2019-07-29T17:14:46","isFullCredit":false},{"lineNumber":23,"author":{"gitId":"-"},"content":"## Feature ABC","lastModifiedDate":"2024-01-07T18:33:52","isFullCredit":false},{"lineNumber":24,"author":{"gitId":"-"},"content":"","lastModifiedDate":"2019-07-29T17:14:46","isFullCredit":false},{"lineNumber":25,"author":{"gitId":"-"},"content":"// Feature details","lastModifiedDate":"2024-01-07T18:33:52","isFullCredit":false},{"lineNumber":26,"author":{"gitId":"-"},"content":"","lastModifiedDate":"2019-07-29T17:14:46","isFullCredit":false},{"lineNumber":27,"author":{"gitId":"-"},"content":"","lastModifiedDate":"2021-07-17T16:49:07","isFullCredit":false},{"lineNumber":28,"author":{"gitId":"-"},"content":"## Feature XYZ","lastModifiedDate":"2024-01-07T18:33:52","isFullCredit":false},{"lineNumber":29,"author":{"gitId":"-"},"content":"","lastModifiedDate":"2024-01-07T18:33:52","isFullCredit":false},{"lineNumber":30,"author":{"gitId":"-"},"content":"// Feature details","lastModifiedDate":"2024-01-07T18:33:52","isFullCredit":false}],"authorContributionMap":{"ghyyuan":1,"-":29}},{"path":"src/main/java/AddCommand.java","fileType":"java","lines":[{"lineNumber":1,"author":{"gitId":"ghyyuan"},"content":"public abstract class AddCommand extends Command {","lastModifiedDate":"2026-02-04T14:46:38","isFullCredit":false},{"lineNumber":2,"author":{"gitId":"ghyyuan"},"content":"","lastModifiedDate":"2026-02-04T14:46:38","isFullCredit":false},{"lineNumber":3,"author":{"gitId":"ghyyuan"},"content":"    @Override","lastModifiedDate":"2026-02-04T14:46:38","isFullCredit":false},{"lineNumber":4,"author":{"gitId":"ghyyuan"},"content":"    public void execute(TaskList tasks, Ui ui, Storage storage) throws MemoException {","lastModifiedDate":"2026-02-04T14:46:38","isFullCredit":false},{"lineNumber":5,"author":{"gitId":"ghyyuan"},"content":"        Task t \u003d createTask();","lastModifiedDate":"2026-02-04T14:46:38","isFullCredit":false},{"lineNumber":6,"author":{"gitId":"ghyyuan"},"content":"","lastModifiedDate":"2026-02-04T14:46:38","isFullCredit":false},{"lineNumber":7,"author":{"gitId":"ghyyuan"},"content":"        tasks.addTask(t);","lastModifiedDate":"2026-02-04T14:46:38","isFullCredit":false},{"lineNumber":8,"author":{"gitId":"ghyyuan"},"content":"        ui.showAddedTask(t, tasks.getSize());","lastModifiedDate":"2026-02-04T14:46:38","isFullCredit":false},{"lineNumber":9,"author":{"gitId":"ghyyuan"},"content":"        storage.save(tasks);","lastModifiedDate":"2026-02-04T14:46:38","isFullCredit":false},{"lineNumber":10,"author":{"gitId":"ghyyuan"},"content":"    }","lastModifiedDate":"2026-02-04T14:46:38","isFullCredit":false},{"lineNumber":11,"author":{"gitId":"ghyyuan"},"content":"","lastModifiedDate":"2026-02-04T14:46:38","isFullCredit":false},{"lineNumber":12,"author":{"gitId":"ghyyuan"},"content":"    public abstract Task createTask() throws MemoException;","lastModifiedDate":"2026-02-04T14:46:38","isFullCredit":false},{"lineNumber":13,"author":{"gitId":"ghyyuan"},"content":"}","lastModifiedDate":"2026-02-04T14:46:38","isFullCredit":false}],"authorContributionMap":{"ghyyuan":13}},{"path":"src/main/java/AddDeadlineCmd.java","fileType":"java","lines":[{"lineNumber":1,"author":{"gitId":"ghyyuan"},"content":"public class AddDeadlineCmd extends AddCommand {","lastModifiedDate":"2026-02-04T14:46:38","isFullCredit":false},{"lineNumber":2,"author":{"gitId":"ghyyuan"},"content":"    private String desc;","lastModifiedDate":"2026-02-04T14:46:38","isFullCredit":false},{"lineNumber":3,"author":{"gitId":"ghyyuan"},"content":"    private String by;","lastModifiedDate":"2026-02-04T14:46:38","isFullCredit":false},{"lineNumber":4,"author":{"gitId":"ghyyuan"},"content":"","lastModifiedDate":"2026-02-04T14:46:38","isFullCredit":false},{"lineNumber":5,"author":{"gitId":"ghyyuan"},"content":"    public AddDeadlineCmd(String desc, String by) {","lastModifiedDate":"2026-02-04T14:46:38","isFullCredit":false},{"lineNumber":6,"author":{"gitId":"ghyyuan"},"content":"        this.desc \u003d desc;","lastModifiedDate":"2026-02-04T14:46:38","isFullCredit":false},{"lineNumber":7,"author":{"gitId":"ghyyuan"},"content":"        this.by \u003d by;","lastModifiedDate":"2026-02-04T14:46:38","isFullCredit":false},{"lineNumber":8,"author":{"gitId":"ghyyuan"},"content":"    }","lastModifiedDate":"2026-02-04T14:46:38","isFullCredit":false},{"lineNumber":9,"author":{"gitId":"ghyyuan"},"content":"","lastModifiedDate":"2026-02-04T14:46:38","isFullCredit":false},{"lineNumber":10,"author":{"gitId":"ghyyuan"},"content":"    @Override","lastModifiedDate":"2026-02-04T14:46:38","isFullCredit":false},{"lineNumber":11,"author":{"gitId":"ghyyuan"},"content":"    public Task createTask() throws MemoException {","lastModifiedDate":"2026-02-04T14:46:38","isFullCredit":false},{"lineNumber":12,"author":{"gitId":"ghyyuan"},"content":"        return new Deadline(desc, by);","lastModifiedDate":"2026-02-04T14:46:38","isFullCredit":false},{"lineNumber":13,"author":{"gitId":"ghyyuan"},"content":"    }","lastModifiedDate":"2026-02-04T14:46:38","isFullCredit":false},{"lineNumber":14,"author":{"gitId":"ghyyuan"},"content":"}","lastModifiedDate":"2026-02-04T14:46:38","isFullCredit":false}],"authorContributionMap":{"ghyyuan":14}},{"path":"src/main/java/AddEventCmd.java","fileType":"java","lines":[{"lineNumber":1,"author":{"gitId":"ghyyuan"},"content":"public class AddEventCmd extends AddCommand {","lastModifiedDate":"2026-02-04T14:46:38","isFullCredit":false},{"lineNumber":2,"author":{"gitId":"ghyyuan"},"content":"    private String desc, from, to;","lastModifiedDate":"2026-02-04T14:46:38","isFullCredit":false},{"lineNumber":3,"author":{"gitId":"ghyyuan"},"content":"","lastModifiedDate":"2026-02-04T14:46:38","isFullCredit":false},{"lineNumber":4,"author":{"gitId":"ghyyuan"},"content":"    public AddEventCmd(String desc, String from, String to) {","lastModifiedDate":"2026-02-04T14:46:38","isFullCredit":false},{"lineNumber":5,"author":{"gitId":"ghyyuan"},"content":"        this.desc \u003d desc;","lastModifiedDate":"2026-02-04T14:46:38","isFullCredit":false},{"lineNumber":6,"author":{"gitId":"ghyyuan"},"content":"        this.from \u003d from;","lastModifiedDate":"2026-02-04T14:46:38","isFullCredit":false},{"lineNumber":7,"author":{"gitId":"ghyyuan"},"content":"        this.to \u003d to;","lastModifiedDate":"2026-02-04T14:46:38","isFullCredit":false},{"lineNumber":8,"author":{"gitId":"ghyyuan"},"content":"    }","lastModifiedDate":"2026-02-04T14:46:38","isFullCredit":false},{"lineNumber":9,"author":{"gitId":"ghyyuan"},"content":"","lastModifiedDate":"2026-02-04T14:46:38","isFullCredit":false},{"lineNumber":10,"author":{"gitId":"ghyyuan"},"content":"    @Override","lastModifiedDate":"2026-02-04T14:46:38","isFullCredit":false},{"lineNumber":11,"author":{"gitId":"ghyyuan"},"content":"    public Task createTask() throws MemoException {","lastModifiedDate":"2026-02-04T14:46:38","isFullCredit":false},{"lineNumber":12,"author":{"gitId":"ghyyuan"},"content":"        return new Event(desc, from, to);","lastModifiedDate":"2026-02-04T14:46:38","isFullCredit":false},{"lineNumber":13,"author":{"gitId":"ghyyuan"},"content":"    }","lastModifiedDate":"2026-02-04T14:46:38","isFullCredit":false},{"lineNumber":14,"author":{"gitId":"ghyyuan"},"content":"}","lastModifiedDate":"2026-02-04T14:46:38","isFullCredit":false}],"authorContributionMap":{"ghyyuan":14}},{"path":"src/main/java/AddTodoCmd.java","fileType":"java","lines":[{"lineNumber":1,"author":{"gitId":"ghyyuan"},"content":"public class AddTodoCmd extends AddCommand {","lastModifiedDate":"2026-02-04T14:46:38","isFullCredit":false},{"lineNumber":2,"author":{"gitId":"ghyyuan"},"content":"    private String desc;","lastModifiedDate":"2026-02-04T14:46:38","isFullCredit":false},{"lineNumber":3,"author":{"gitId":"ghyyuan"},"content":"","lastModifiedDate":"2026-02-04T14:46:38","isFullCredit":false},{"lineNumber":4,"author":{"gitId":"ghyyuan"},"content":"    public AddTodoCmd(String desc) {","lastModifiedDate":"2026-02-04T14:46:38","isFullCredit":false},{"lineNumber":5,"author":{"gitId":"ghyyuan"},"content":"        this.desc \u003d desc;","lastModifiedDate":"2026-02-04T14:46:38","isFullCredit":false},{"lineNumber":6,"author":{"gitId":"ghyyuan"},"content":"    }","lastModifiedDate":"2026-02-04T14:46:38","isFullCredit":false},{"lineNumber":7,"author":{"gitId":"ghyyuan"},"content":"","lastModifiedDate":"2026-02-04T14:46:38","isFullCredit":false},{"lineNumber":8,"author":{"gitId":"ghyyuan"},"content":"    @Override","lastModifiedDate":"2026-02-04T14:46:38","isFullCredit":false},{"lineNumber":9,"author":{"gitId":"ghyyuan"},"content":"    public Task createTask() {","lastModifiedDate":"2026-02-04T14:46:38","isFullCredit":false},{"lineNumber":10,"author":{"gitId":"ghyyuan"},"content":"        return new ToDo(desc);","lastModifiedDate":"2026-02-04T14:46:38","isFullCredit":false},{"lineNumber":11,"author":{"gitId":"ghyyuan"},"content":"    }","lastModifiedDate":"2026-02-04T14:46:38","isFullCredit":false},{"lineNumber":12,"author":{"gitId":"ghyyuan"},"content":"}","lastModifiedDate":"2026-02-04T14:46:38","isFullCredit":false}],"authorContributionMap":{"ghyyuan":12}},{"path":"src/main/java/ChangeStatusCommand.java","fileType":"java","lines":[{"lineNumber":1,"author":{"gitId":"ghyyuan"},"content":"public class ChangeStatusCommand extends Command {","lastModifiedDate":"2026-02-04T14:46:38","isFullCredit":false},{"lineNumber":2,"author":{"gitId":"ghyyuan"},"content":"    private int index;","lastModifiedDate":"2026-02-04T14:46:38","isFullCredit":false},{"lineNumber":3,"author":{"gitId":"ghyyuan"},"content":"    private boolean isDone;","lastModifiedDate":"2026-02-04T14:46:38","isFullCredit":false},{"lineNumber":4,"author":{"gitId":"ghyyuan"},"content":"","lastModifiedDate":"2026-02-04T14:46:38","isFullCredit":false},{"lineNumber":5,"author":{"gitId":"ghyyuan"},"content":"    public ChangeStatusCommand(int index, boolean isDone) {","lastModifiedDate":"2026-02-04T14:46:38","isFullCredit":false},{"lineNumber":6,"author":{"gitId":"ghyyuan"},"content":"        this.index \u003d index;","lastModifiedDate":"2026-02-04T14:46:38","isFullCredit":false},{"lineNumber":7,"author":{"gitId":"ghyyuan"},"content":"        this.isDone \u003d isDone;","lastModifiedDate":"2026-02-04T14:46:38","isFullCredit":false},{"lineNumber":8,"author":{"gitId":"ghyyuan"},"content":"    }","lastModifiedDate":"2026-02-04T14:46:38","isFullCredit":false},{"lineNumber":9,"author":{"gitId":"ghyyuan"},"content":"","lastModifiedDate":"2026-02-04T14:46:38","isFullCredit":false},{"lineNumber":10,"author":{"gitId":"ghyyuan"},"content":"    @Override","lastModifiedDate":"2026-02-04T14:46:38","isFullCredit":false},{"lineNumber":11,"author":{"gitId":"ghyyuan"},"content":"    public void execute(TaskList tasks, Ui ui, Storage storage) throws MemoException {","lastModifiedDate":"2026-02-04T14:46:38","isFullCredit":false},{"lineNumber":12,"author":{"gitId":"ghyyuan"},"content":"        tasks.validateIndex(index);","lastModifiedDate":"2026-02-04T21:51:59","isFullCredit":false},{"lineNumber":13,"author":{"gitId":"ghyyuan"},"content":"        Task task \u003d tasks.getTask(index);","lastModifiedDate":"2026-02-04T14:46:38","isFullCredit":false},{"lineNumber":14,"author":{"gitId":"ghyyuan"},"content":"        task.changeStatus(isDone);","lastModifiedDate":"2026-02-04T21:51:59","isFullCredit":false},{"lineNumber":15,"author":{"gitId":"ghyyuan"},"content":"        ui.showMarkStatus(task, isDone);","lastModifiedDate":"2026-02-04T21:51:59","isFullCredit":false},{"lineNumber":16,"author":{"gitId":"ghyyuan"},"content":"        storage.save(tasks);","lastModifiedDate":"2026-02-04T14:46:38","isFullCredit":false},{"lineNumber":17,"author":{"gitId":"ghyyuan"},"content":"    }","lastModifiedDate":"2026-02-04T14:46:38","isFullCredit":false},{"lineNumber":18,"author":{"gitId":"ghyyuan"},"content":"}","lastModifiedDate":"2026-02-04T14:46:38","isFullCredit":false}],"authorContributionMap":{"ghyyuan":18}},{"path":"src/main/java/Command.java","fileType":"java","lines":[{"lineNumber":1,"author":{"gitId":"ghyyuan"},"content":"public abstract class Command {","lastModifiedDate":"2026-02-04T14:46:38","isFullCredit":false},{"lineNumber":2,"author":{"gitId":"ghyyuan"},"content":"","lastModifiedDate":"2026-01-26T16:34:09","isFullCredit":false},{"lineNumber":3,"author":{"gitId":"ghyyuan"},"content":"    public abstract void execute(TaskList tasks, Ui ui, Storage storage) throws MemoException;","lastModifiedDate":"2026-02-04T14:46:38","isFullCredit":false},{"lineNumber":4,"author":{"gitId":"ghyyuan"},"content":"","lastModifiedDate":"2026-02-04T14:46:38","isFullCredit":false},{"lineNumber":5,"author":{"gitId":"ghyyuan"},"content":"    public boolean isExit() {","lastModifiedDate":"2026-02-04T14:46:38","isFullCredit":false},{"lineNumber":6,"author":{"gitId":"ghyyuan"},"content":"        return false;","lastModifiedDate":"2026-02-04T14:46:38","isFullCredit":false},{"lineNumber":7,"author":{"gitId":"ghyyuan"},"content":"    }","lastModifiedDate":"2026-01-26T16:34:09","isFullCredit":false},{"lineNumber":8,"author":{"gitId":"ghyyuan"},"content":"}","lastModifiedDate":"2026-01-26T16:34:09","isFullCredit":false}],"authorContributionMap":{"ghyyuan":8}},{"path":"src/main/java/CommandType.java","fileType":"java","lines":[{"lineNumber":1,"author":{"gitId":"ghyyuan"},"content":"public enum CommandType {","lastModifiedDate":"2026-02-04T14:46:38","isFullCredit":false},{"lineNumber":2,"author":{"gitId":"ghyyuan"},"content":"    // define enum type by using enum keyword","lastModifiedDate":"2026-02-04T14:46:38","isFullCredit":false},{"lineNumber":3,"author":{"gitId":"ghyyuan"},"content":"    // constant names should be in uppercase letters","lastModifiedDate":"2026-02-04T14:46:38","isFullCredit":false},{"lineNumber":4,"author":{"gitId":"ghyyuan"},"content":"    LIST, TODO, DEADLINE, EVENT, MARK, UNMARK, BYE, UNKNOWN, DELETE;","lastModifiedDate":"2026-02-04T14:46:38","isFullCredit":false},{"lineNumber":5,"author":{"gitId":"ghyyuan"},"content":"","lastModifiedDate":"2026-02-04T14:46:38","isFullCredit":false},{"lineNumber":6,"author":{"gitId":"ghyyuan"},"content":"    public static CommandType fromString(String s) {","lastModifiedDate":"2026-02-04T14:46:38","isFullCredit":false},{"lineNumber":7,"author":{"gitId":"ghyyuan"},"content":"        try {","lastModifiedDate":"2026-02-04T14:46:38","isFullCredit":false},{"lineNumber":8,"author":{"gitId":"ghyyuan"},"content":"            return CommandType.valueOf(s.trim().toUpperCase());","lastModifiedDate":"2026-02-04T14:46:38","isFullCredit":false},{"lineNumber":9,"author":{"gitId":"ghyyuan"},"content":"        }  catch (IllegalArgumentException e) {","lastModifiedDate":"2026-02-04T14:46:38","isFullCredit":false},{"lineNumber":10,"author":{"gitId":"ghyyuan"},"content":"            return UNKNOWN;","lastModifiedDate":"2026-02-04T14:46:38","isFullCredit":false},{"lineNumber":11,"author":{"gitId":"ghyyuan"},"content":"        }","lastModifiedDate":"2026-02-04T14:46:38","isFullCredit":false},{"lineNumber":12,"author":{"gitId":"ghyyuan"},"content":"    }","lastModifiedDate":"2026-02-04T14:46:38","isFullCredit":false},{"lineNumber":13,"author":{"gitId":"ghyyuan"},"content":"}","lastModifiedDate":"2026-02-04T14:46:38","isFullCredit":false}],"authorContributionMap":{"ghyyuan":13}},{"path":"src/main/java/Deadline.java","fileType":"java","lines":[{"lineNumber":1,"author":{"gitId":"ghyyuan"},"content":"import java.time.LocalDate;","lastModifiedDate":"2026-02-03T12:54:48","isFullCredit":false},{"lineNumber":2,"author":{"gitId":"ghyyuan"},"content":"import java.time.format.DateTimeFormatter;","lastModifiedDate":"2026-02-03T12:54:48","isFullCredit":false},{"lineNumber":3,"author":{"gitId":"ghyyuan"},"content":"","lastModifiedDate":"2026-02-03T12:54:48","isFullCredit":false},{"lineNumber":4,"author":{"gitId":"ghyyuan"},"content":"public class Deadline extends Task {","lastModifiedDate":"2026-01-24T17:39:56","isFullCredit":false},{"lineNumber":5,"author":{"gitId":"ghyyuan"},"content":"","lastModifiedDate":"2026-01-24T17:39:56","isFullCredit":false},{"lineNumber":6,"author":{"gitId":"ghyyuan"},"content":"    protected LocalDate due;","lastModifiedDate":"2026-02-03T12:54:48","isFullCredit":false},{"lineNumber":7,"author":{"gitId":"ghyyuan"},"content":"","lastModifiedDate":"2026-01-24T17:39:56","isFullCredit":false},{"lineNumber":8,"author":{"gitId":"ghyyuan"},"content":"    public Deadline(String description, String due) throws MemoException {","lastModifiedDate":"2026-02-03T12:54:48","isFullCredit":false},{"lineNumber":9,"author":{"gitId":"ghyyuan"},"content":"        super(description);","lastModifiedDate":"2026-01-24T17:39:56","isFullCredit":false},{"lineNumber":10,"author":{"gitId":"ghyyuan"},"content":"        try {","lastModifiedDate":"2026-02-03T12:54:48","isFullCredit":false},{"lineNumber":11,"author":{"gitId":"ghyyuan"},"content":"            this.due \u003d LocalDate.parse(due);","lastModifiedDate":"2026-02-03T12:54:48","isFullCredit":false},{"lineNumber":12,"author":{"gitId":"ghyyuan"},"content":"        } catch (Exception e) {","lastModifiedDate":"2026-02-03T12:54:48","isFullCredit":false},{"lineNumber":13,"author":{"gitId":"ghyyuan"},"content":"            throw new MemoException(\"Please enter in yyyy-mm-dd format :O\");","lastModifiedDate":"2026-02-03T12:54:48","isFullCredit":false},{"lineNumber":14,"author":{"gitId":"ghyyuan"},"content":"        }","lastModifiedDate":"2026-02-03T12:54:48","isFullCredit":false},{"lineNumber":15,"author":{"gitId":"ghyyuan"},"content":"    }","lastModifiedDate":"2026-01-24T17:39:56","isFullCredit":false},{"lineNumber":16,"author":{"gitId":"ghyyuan"},"content":"","lastModifiedDate":"2026-01-24T17:39:56","isFullCredit":false},{"lineNumber":17,"author":{"gitId":"ghyyuan"},"content":"    @Override","lastModifiedDate":"2026-01-24T17:39:56","isFullCredit":false},{"lineNumber":18,"author":{"gitId":"ghyyuan"},"content":"    public String toString() {","lastModifiedDate":"2026-01-24T17:39:56","isFullCredit":false},{"lineNumber":19,"author":{"gitId":"ghyyuan"},"content":"        return String.format(\"[D]%s (by: %s)\", super.toString(),","lastModifiedDate":"2026-02-03T12:54:48","isFullCredit":false},{"lineNumber":20,"author":{"gitId":"ghyyuan"},"content":"                due.format(DateTimeFormatter.ofPattern(\"MMM d yyyy\")));","lastModifiedDate":"2026-02-03T12:54:48","isFullCredit":false},{"lineNumber":21,"author":{"gitId":"ghyyuan"},"content":"    }","lastModifiedDate":"2026-01-24T17:39:56","isFullCredit":false},{"lineNumber":22,"author":{"gitId":"ghyyuan"},"content":"","lastModifiedDate":"2026-02-02T11:17:53","isFullCredit":false},{"lineNumber":23,"author":{"gitId":"ghyyuan"},"content":"    @Override","lastModifiedDate":"2026-02-02T11:17:53","isFullCredit":false},{"lineNumber":24,"author":{"gitId":"ghyyuan"},"content":"    public String toStoreForm() {","lastModifiedDate":"2026-02-04T21:51:59","isFullCredit":false},{"lineNumber":25,"author":{"gitId":"ghyyuan"},"content":"        return String.format(\"D | %s | %s\", super.toStoreForm(),","lastModifiedDate":"2026-02-04T21:51:59","isFullCredit":false},{"lineNumber":26,"author":{"gitId":"ghyyuan"},"content":"                this.due);","lastModifiedDate":"2026-02-03T12:54:48","isFullCredit":false},{"lineNumber":27,"author":{"gitId":"ghyyuan"},"content":"    }","lastModifiedDate":"2026-02-02T11:17:53","isFullCredit":false},{"lineNumber":28,"author":{"gitId":"ghyyuan"},"content":"}","lastModifiedDate":"2026-01-24T17:39:56","isFullCredit":false}],"authorContributionMap":{"ghyyuan":28}},{"path":"src/main/java/DeleteCommand.java","fileType":"java","lines":[{"lineNumber":1,"author":{"gitId":"ghyyuan"},"content":"public class DeleteCommand extends Command {","lastModifiedDate":"2026-02-04T14:46:38","isFullCredit":false},{"lineNumber":2,"author":{"gitId":"ghyyuan"},"content":"    private int index;","lastModifiedDate":"2026-02-04T14:46:38","isFullCredit":false},{"lineNumber":3,"author":{"gitId":"ghyyuan"},"content":"","lastModifiedDate":"2026-02-04T14:46:38","isFullCredit":false},{"lineNumber":4,"author":{"gitId":"ghyyuan"},"content":"    public DeleteCommand(int index) {","lastModifiedDate":"2026-02-04T14:46:38","isFullCredit":false},{"lineNumber":5,"author":{"gitId":"ghyyuan"},"content":"        this.index \u003d index;","lastModifiedDate":"2026-02-04T14:46:38","isFullCredit":false},{"lineNumber":6,"author":{"gitId":"ghyyuan"},"content":"    }","lastModifiedDate":"2026-02-04T14:46:38","isFullCredit":false},{"lineNumber":7,"author":{"gitId":"ghyyuan"},"content":"","lastModifiedDate":"2026-02-04T14:46:38","isFullCredit":false},{"lineNumber":8,"author":{"gitId":"ghyyuan"},"content":"    @Override","lastModifiedDate":"2026-02-04T14:46:38","isFullCredit":false},{"lineNumber":9,"author":{"gitId":"ghyyuan"},"content":"    public void execute(TaskList tasks, Ui ui, Storage storage) throws MemoException {","lastModifiedDate":"2026-02-04T14:46:38","isFullCredit":false},{"lineNumber":10,"author":{"gitId":"ghyyuan"},"content":"        Task removed \u003d tasks.deleteTask(index);","lastModifiedDate":"2026-02-04T21:51:59","isFullCredit":false},{"lineNumber":11,"author":{"gitId":"ghyyuan"},"content":"        ui.showRemove(removed, tasks.getSize());","lastModifiedDate":"2026-02-04T21:51:59","isFullCredit":false},{"lineNumber":12,"author":{"gitId":"ghyyuan"},"content":"        storage.save(tasks);","lastModifiedDate":"2026-02-04T21:51:59","isFullCredit":false},{"lineNumber":13,"author":{"gitId":"ghyyuan"},"content":"    }","lastModifiedDate":"2026-02-04T14:46:38","isFullCredit":false},{"lineNumber":14,"author":{"gitId":"ghyyuan"},"content":"}","lastModifiedDate":"2026-02-04T14:46:38","isFullCredit":false}],"authorContributionMap":{"ghyyuan":14}},{"path":"src/main/java/Event.java","fileType":"java","lines":[{"lineNumber":1,"author":{"gitId":"ghyyuan"},"content":"import java.time.LocalDate;","lastModifiedDate":"2026-02-03T12:54:48","isFullCredit":false},{"lineNumber":2,"author":{"gitId":"ghyyuan"},"content":"import java.time.format.DateTimeFormatter;","lastModifiedDate":"2026-02-03T12:54:48","isFullCredit":false},{"lineNumber":3,"author":{"gitId":"ghyyuan"},"content":"","lastModifiedDate":"2026-02-03T12:54:48","isFullCredit":false},{"lineNumber":4,"author":{"gitId":"ghyyuan"},"content":"public class Event extends Task {","lastModifiedDate":"2026-01-24T17:39:56","isFullCredit":false},{"lineNumber":5,"author":{"gitId":"ghyyuan"},"content":"","lastModifiedDate":"2026-01-24T17:39:56","isFullCredit":false},{"lineNumber":6,"author":{"gitId":"ghyyuan"},"content":"    protected LocalDate from;","lastModifiedDate":"2026-02-03T12:54:48","isFullCredit":false},{"lineNumber":7,"author":{"gitId":"ghyyuan"},"content":"    protected LocalDate to;","lastModifiedDate":"2026-02-03T12:54:48","isFullCredit":false},{"lineNumber":8,"author":{"gitId":"ghyyuan"},"content":"","lastModifiedDate":"2026-01-28T20:24:16","isFullCredit":false},{"lineNumber":9,"author":{"gitId":"ghyyuan"},"content":"    public Event(String description, String from, String to) throws MemoException {","lastModifiedDate":"2026-02-03T12:54:48","isFullCredit":false},{"lineNumber":10,"author":{"gitId":"ghyyuan"},"content":"        super(description);","lastModifiedDate":"2026-01-24T17:39:56","isFullCredit":false},{"lineNumber":11,"author":{"gitId":"ghyyuan"},"content":"","lastModifiedDate":"2026-02-03T12:54:48","isFullCredit":false},{"lineNumber":12,"author":{"gitId":"ghyyuan"},"content":"        try {","lastModifiedDate":"2026-02-03T12:54:48","isFullCredit":false},{"lineNumber":13,"author":{"gitId":"ghyyuan"},"content":"            this.from \u003d LocalDate.parse(from);","lastModifiedDate":"2026-02-03T12:54:48","isFullCredit":false},{"lineNumber":14,"author":{"gitId":"ghyyuan"},"content":"            this.to \u003d LocalDate.parse(to);","lastModifiedDate":"2026-02-03T12:54:48","isFullCredit":false},{"lineNumber":15,"author":{"gitId":"ghyyuan"},"content":"        } catch (Exception e) {","lastModifiedDate":"2026-02-03T12:54:48","isFullCredit":false},{"lineNumber":16,"author":{"gitId":"ghyyuan"},"content":"            throw new MemoException(\"Please enter in yyyy-mm-dd format :O\");","lastModifiedDate":"2026-02-03T12:54:48","isFullCredit":false},{"lineNumber":17,"author":{"gitId":"ghyyuan"},"content":"        }","lastModifiedDate":"2026-02-03T12:54:48","isFullCredit":false},{"lineNumber":18,"author":{"gitId":"ghyyuan"},"content":"    }","lastModifiedDate":"2026-01-24T17:39:56","isFullCredit":false},{"lineNumber":19,"author":{"gitId":"ghyyuan"},"content":"","lastModifiedDate":"2026-01-24T17:39:56","isFullCredit":false},{"lineNumber":20,"author":{"gitId":"ghyyuan"},"content":"    @Override","lastModifiedDate":"2026-01-24T17:39:56","isFullCredit":false},{"lineNumber":21,"author":{"gitId":"ghyyuan"},"content":"    public String toString() {","lastModifiedDate":"2026-01-24T17:39:56","isFullCredit":false},{"lineNumber":22,"author":{"gitId":"ghyyuan"},"content":"        return String.format(\"[E]%s (from: %s to: %s)\", super.toString(),","lastModifiedDate":"2026-02-03T12:54:48","isFullCredit":false},{"lineNumber":23,"author":{"gitId":"ghyyuan"},"content":"                from.format(DateTimeFormatter.ofPattern(\"MMM d yyyy\")), to.format(DateTimeFormatter.ofPattern(\"MMM d yyyy\")));","lastModifiedDate":"2026-02-03T12:54:48","isFullCredit":false},{"lineNumber":24,"author":{"gitId":"ghyyuan"},"content":"    }","lastModifiedDate":"2026-01-24T17:39:56","isFullCredit":false},{"lineNumber":25,"author":{"gitId":"ghyyuan"},"content":"","lastModifiedDate":"2026-02-02T11:17:53","isFullCredit":false},{"lineNumber":26,"author":{"gitId":"ghyyuan"},"content":"    @Override","lastModifiedDate":"2026-02-02T11:17:53","isFullCredit":false},{"lineNumber":27,"author":{"gitId":"ghyyuan"},"content":"    public String toStoreForm() {","lastModifiedDate":"2026-02-04T21:51:59","isFullCredit":false},{"lineNumber":28,"author":{"gitId":"ghyyuan"},"content":"        return String.format(\"E | %s | %s | %s\", super.toStoreForm(),","lastModifiedDate":"2026-02-04T21:51:59","isFullCredit":false},{"lineNumber":29,"author":{"gitId":"ghyyuan"},"content":"                this.from, this.to);","lastModifiedDate":"2026-02-03T12:54:48","isFullCredit":false},{"lineNumber":30,"author":{"gitId":"ghyyuan"},"content":"    }","lastModifiedDate":"2026-02-02T11:17:53","isFullCredit":false},{"lineNumber":31,"author":{"gitId":"ghyyuan"},"content":"}","lastModifiedDate":"2026-01-24T17:39:56","isFullCredit":false}],"authorContributionMap":{"ghyyuan":31}},{"path":"src/main/java/ExitCommand.java","fileType":"java","lines":[{"lineNumber":1,"author":{"gitId":"ghyyuan"},"content":"public class ExitCommand extends Command {","lastModifiedDate":"2026-02-04T14:46:38","isFullCredit":false},{"lineNumber":2,"author":{"gitId":"ghyyuan"},"content":"    @Override","lastModifiedDate":"2026-02-04T14:46:38","isFullCredit":false},{"lineNumber":3,"author":{"gitId":"ghyyuan"},"content":"    public void execute(TaskList tasks, Ui ui, Storage storage) {","lastModifiedDate":"2026-02-04T14:46:38","isFullCredit":false},{"lineNumber":4,"author":{"gitId":"ghyyuan"},"content":"        ui.showBye();","lastModifiedDate":"2026-02-04T14:46:38","isFullCredit":false},{"lineNumber":5,"author":{"gitId":"ghyyuan"},"content":"    }","lastModifiedDate":"2026-02-04T14:46:38","isFullCredit":false},{"lineNumber":6,"author":{"gitId":"ghyyuan"},"content":"","lastModifiedDate":"2026-02-04T14:46:38","isFullCredit":false},{"lineNumber":7,"author":{"gitId":"ghyyuan"},"content":"    @Override","lastModifiedDate":"2026-02-04T14:46:38","isFullCredit":false},{"lineNumber":8,"author":{"gitId":"ghyyuan"},"content":"    public boolean isExit() {","lastModifiedDate":"2026-02-04T14:46:38","isFullCredit":false},{"lineNumber":9,"author":{"gitId":"ghyyuan"},"content":"        return true;","lastModifiedDate":"2026-02-04T14:46:38","isFullCredit":false},{"lineNumber":10,"author":{"gitId":"ghyyuan"},"content":"    }","lastModifiedDate":"2026-02-04T14:46:38","isFullCredit":false},{"lineNumber":11,"author":{"gitId":"ghyyuan"},"content":"}","lastModifiedDate":"2026-02-04T14:46:38","isFullCredit":false}],"authorContributionMap":{"ghyyuan":11}},{"path":"src/main/java/ListCommand.java","fileType":"java","lines":[{"lineNumber":1,"author":{"gitId":"ghyyuan"},"content":"public class ListCommand extends Command {","lastModifiedDate":"2026-02-04T14:46:38","isFullCredit":false},{"lineNumber":2,"author":{"gitId":"ghyyuan"},"content":"    @Override","lastModifiedDate":"2026-02-04T14:46:38","isFullCredit":false},{"lineNumber":3,"author":{"gitId":"ghyyuan"},"content":"    public void execute(TaskList tasks, Ui ui, Storage storage) {","lastModifiedDate":"2026-02-04T14:46:38","isFullCredit":false},{"lineNumber":4,"author":{"gitId":"ghyyuan"},"content":"        ui.showList(tasks);","lastModifiedDate":"2026-02-04T21:51:59","isFullCredit":false},{"lineNumber":5,"author":{"gitId":"ghyyuan"},"content":"    }","lastModifiedDate":"2026-02-04T14:46:38","isFullCredit":false},{"lineNumber":6,"author":{"gitId":"ghyyuan"},"content":"}","lastModifiedDate":"2026-02-04T14:46:38","isFullCredit":false}],"authorContributionMap":{"ghyyuan":6}},{"path":"src/main/java/Memo.java","fileType":"java","lines":[{"lineNumber":1,"author":{"gitId":"ghyyuan"},"content":"public class Memo {","lastModifiedDate":"2026-01-21T14:04:39","isFullCredit":false},{"lineNumber":2,"author":{"gitId":"ghyyuan"},"content":"","lastModifiedDate":"2026-02-02T11:17:53","isFullCredit":false},{"lineNumber":3,"author":{"gitId":"ghyyuan"},"content":"    private Storage storage;","lastModifiedDate":"2026-02-04T14:46:38","isFullCredit":false},{"lineNumber":4,"author":{"gitId":"ghyyuan"},"content":"    private TaskList tasks;","lastModifiedDate":"2026-02-04T14:46:38","isFullCredit":false},{"lineNumber":5,"author":{"gitId":"ghyyuan"},"content":"    private Ui ui;","lastModifiedDate":"2026-02-04T14:46:38","isFullCredit":false},{"lineNumber":6,"author":{"gitId":"ghyyuan"},"content":"","lastModifiedDate":"2026-02-02T11:17:53","isFullCredit":false},{"lineNumber":7,"author":{"gitId":"ghyyuan"},"content":"    public Memo(String filePath) {","lastModifiedDate":"2026-02-04T14:46:38","isFullCredit":false},{"lineNumber":8,"author":{"gitId":"ghyyuan"},"content":"        ui \u003d new Ui();","lastModifiedDate":"2026-02-04T14:46:38","isFullCredit":false},{"lineNumber":9,"author":{"gitId":"ghyyuan"},"content":"        storage \u003d new Storage(filePath);","lastModifiedDate":"2026-02-04T14:46:38","isFullCredit":false},{"lineNumber":10,"author":{"gitId":"ghyyuan"},"content":"        try {","lastModifiedDate":"2026-02-02T13:19:01","isFullCredit":false},{"lineNumber":11,"author":{"gitId":"ghyyuan"},"content":"            tasks \u003d new TaskList(storage.load(ui));","lastModifiedDate":"2026-02-04T14:46:38","isFullCredit":false},{"lineNumber":12,"author":{"gitId":"ghyyuan"},"content":"        } catch (MemoException e) {","lastModifiedDate":"2026-02-02T13:19:01","isFullCredit":false},{"lineNumber":13,"author":{"gitId":"ghyyuan"},"content":"            ui.showError(e.getMessage());","lastModifiedDate":"2026-02-04T14:46:38","isFullCredit":false},{"lineNumber":14,"author":{"gitId":"ghyyuan"},"content":"            tasks \u003d new TaskList();","lastModifiedDate":"2026-02-04T14:46:38","isFullCredit":false},{"lineNumber":15,"author":{"gitId":"ghyyuan"},"content":"        }","lastModifiedDate":"2026-02-02T11:17:53","isFullCredit":false},{"lineNumber":16,"author":{"gitId":"ghyyuan"},"content":"    }","lastModifiedDate":"2026-02-02T11:17:53","isFullCredit":false},{"lineNumber":17,"author":{"gitId":"ghyyuan"},"content":"","lastModifiedDate":"2026-02-02T11:17:53","isFullCredit":false},{"lineNumber":18,"author":{"gitId":"ghyyuan"},"content":"    public void run() {","lastModifiedDate":"2026-02-04T14:46:38","isFullCredit":false},{"lineNumber":19,"author":{"gitId":"ghyyuan"},"content":"        ui.showWelcome();","lastModifiedDate":"2026-01-28T20:24:16","isFullCredit":false},{"lineNumber":20,"author":{"gitId":"ghyyuan"},"content":"        boolean isExit \u003d false;","lastModifiedDate":"2026-02-04T14:46:38","isFullCredit":false},{"lineNumber":21,"author":{"gitId":"ghyyuan"},"content":"        while (!isExit) {","lastModifiedDate":"2026-02-04T14:46:38","isFullCredit":false},{"lineNumber":22,"author":{"gitId":"ghyyuan"},"content":"            try {","lastModifiedDate":"2026-01-28T20:24:16","isFullCredit":false},{"lineNumber":23,"author":{"gitId":"ghyyuan"},"content":"                String fullCommand \u003d ui.readCommand();","lastModifiedDate":"2026-02-04T14:46:38","isFullCredit":false},{"lineNumber":24,"author":{"gitId":"ghyyuan"},"content":"","lastModifiedDate":"2026-01-28T20:24:16","isFullCredit":false},{"lineNumber":25,"author":{"gitId":"ghyyuan"},"content":"                Command c \u003d Parser.parse(fullCommand);","lastModifiedDate":"2026-02-04T14:46:38","isFullCredit":false},{"lineNumber":26,"author":{"gitId":"ghyyuan"},"content":"","lastModifiedDate":"2026-01-24T17:39:56","isFullCredit":false},{"lineNumber":27,"author":{"gitId":"ghyyuan"},"content":"                c.execute(tasks, ui, storage);","lastModifiedDate":"2026-02-04T14:46:38","isFullCredit":false},{"lineNumber":28,"author":{"gitId":"ghyyuan"},"content":"","lastModifiedDate":"2026-01-28T20:24:16","isFullCredit":false},{"lineNumber":29,"author":{"gitId":"ghyyuan"},"content":"                isExit \u003d c.isExit();","lastModifiedDate":"2026-02-04T14:46:38","isFullCredit":false},{"lineNumber":30,"author":{"gitId":"ghyyuan"},"content":"            } catch (MemoException e) {","lastModifiedDate":"2026-02-04T21:51:59","isFullCredit":false},{"lineNumber":31,"author":{"gitId":"ghyyuan"},"content":"                ui.showError(e.getMessage());","lastModifiedDate":"2026-01-28T20:24:16","isFullCredit":false},{"lineNumber":32,"author":{"gitId":"ghyyuan"},"content":"            }","lastModifiedDate":"2026-01-22T14:03:06","isFullCredit":false},{"lineNumber":33,"author":{"gitId":"ghyyuan"},"content":"        }","lastModifiedDate":"2026-01-22T13:37:38","isFullCredit":false},{"lineNumber":34,"author":{"gitId":"ghyyuan"},"content":"    }","lastModifiedDate":"2026-01-21T14:04:39","isFullCredit":false},{"lineNumber":35,"author":{"gitId":"ghyyuan"},"content":"","lastModifiedDate":"2026-02-02T11:17:53","isFullCredit":false},{"lineNumber":36,"author":{"gitId":"ghyyuan"},"content":"    public static void main(String[] args) {","lastModifiedDate":"2026-02-04T14:46:38","isFullCredit":false},{"lineNumber":37,"author":{"gitId":"ghyyuan"},"content":"        new Memo(\"data/text.txt\").run();","lastModifiedDate":"2026-02-04T14:46:38","isFullCredit":false},{"lineNumber":38,"author":{"gitId":"ghyyuan"},"content":"    }","lastModifiedDate":"2026-02-02T11:17:53","isFullCredit":false},{"lineNumber":39,"author":{"gitId":"ghyyuan"},"content":"}","lastModifiedDate":"2026-01-21T14:04:39","isFullCredit":false}],"authorContributionMap":{"ghyyuan":39}},{"path":"src/main/java/MemoException.java","fileType":"java","lines":[{"lineNumber":1,"author":{"gitId":"ghyyuan"},"content":"public class MemoException extends Exception {","lastModifiedDate":"2026-01-28T20:24:16","isFullCredit":false},{"lineNumber":2,"author":{"gitId":"ghyyuan"},"content":"    public MemoException(String message) {","lastModifiedDate":"2026-01-28T20:24:16","isFullCredit":false},{"lineNumber":3,"author":{"gitId":"ghyyuan"},"content":"      super(message);","lastModifiedDate":"2026-01-28T20:24:16","isFullCredit":false},{"lineNumber":4,"author":{"gitId":"ghyyuan"},"content":"    }","lastModifiedDate":"2026-01-28T20:24:16","isFullCredit":false},{"lineNumber":5,"author":{"gitId":"ghyyuan"},"content":"}","lastModifiedDate":"2026-01-28T20:24:16","isFullCredit":false}],"authorContributionMap":{"ghyyuan":5}},{"path":"src/main/java/Parser.java","fileType":"java","lines":[{"lineNumber":1,"author":{"gitId":"ghyyuan"},"content":"public class Parser {","lastModifiedDate":"2026-02-02T13:19:01","isFullCredit":false},{"lineNumber":2,"author":{"gitId":"ghyyuan"},"content":"","lastModifiedDate":"2026-02-04T14:46:38","isFullCredit":false},{"lineNumber":3,"author":{"gitId":"ghyyuan"},"content":"    // This method transforms the stored line into a Task Object","lastModifiedDate":"2026-02-04T14:46:38","isFullCredit":false},{"lineNumber":4,"author":{"gitId":"ghyyuan"},"content":"    public static Task fromStoreForm(String line) throws MemoException {","lastModifiedDate":"2026-02-02T13:19:01","isFullCredit":false},{"lineNumber":5,"author":{"gitId":"ghyyuan"},"content":"        String[] parts \u003d line.split(\" \\\\| \");","lastModifiedDate":"2026-02-02T13:19:01","isFullCredit":false},{"lineNumber":6,"author":{"gitId":"ghyyuan"},"content":"        if (parts.length \u003c 3) {","lastModifiedDate":"2026-02-02T13:19:01","isFullCredit":false},{"lineNumber":7,"author":{"gitId":"ghyyuan"},"content":"            throw new MemoException(\"Skipping corrupted file line TT\");","lastModifiedDate":"2026-02-04T14:46:38","isFullCredit":false},{"lineNumber":8,"author":{"gitId":"ghyyuan"},"content":"        }","lastModifiedDate":"2026-02-02T13:19:01","isFullCredit":false},{"lineNumber":9,"author":{"gitId":"ghyyuan"},"content":"","lastModifiedDate":"2026-02-02T13:19:01","isFullCredit":false},{"lineNumber":10,"author":{"gitId":"ghyyuan"},"content":"        String type \u003d parts[0];","lastModifiedDate":"2026-02-02T13:19:01","isFullCredit":false},{"lineNumber":11,"author":{"gitId":"ghyyuan"},"content":"        boolean isDone \u003d parts[1].equals(\"1\");","lastModifiedDate":"2026-02-02T13:19:01","isFullCredit":false},{"lineNumber":12,"author":{"gitId":"ghyyuan"},"content":"        String description \u003d parts[2];","lastModifiedDate":"2026-02-02T13:19:01","isFullCredit":false},{"lineNumber":13,"author":{"gitId":"ghyyuan"},"content":"        Task task \u003d switch (type) {","lastModifiedDate":"2026-02-02T13:19:01","isFullCredit":false},{"lineNumber":14,"author":{"gitId":"ghyyuan"},"content":"            case \"T\" -\u003e new ToDo(description);","lastModifiedDate":"2026-02-02T13:19:01","isFullCredit":false},{"lineNumber":15,"author":{"gitId":"ghyyuan"},"content":"            case \"D\" -\u003e new Deadline(description, parts[3]);","lastModifiedDate":"2026-02-02T13:19:01","isFullCredit":false},{"lineNumber":16,"author":{"gitId":"ghyyuan"},"content":"            case \"E\" -\u003e new Event(description, parts[3], parts[4]);","lastModifiedDate":"2026-02-02T13:19:01","isFullCredit":false},{"lineNumber":17,"author":{"gitId":"ghyyuan"},"content":"            default -\u003e throw new MemoException(\"Unknown task type in file TT\");","lastModifiedDate":"2026-02-04T14:46:38","isFullCredit":false},{"lineNumber":18,"author":{"gitId":"ghyyuan"},"content":"        };","lastModifiedDate":"2026-02-02T13:19:01","isFullCredit":false},{"lineNumber":19,"author":{"gitId":"ghyyuan"},"content":"","lastModifiedDate":"2026-02-02T13:19:01","isFullCredit":false},{"lineNumber":20,"author":{"gitId":"ghyyuan"},"content":"        if (isDone) {","lastModifiedDate":"2026-02-02T13:19:01","isFullCredit":false},{"lineNumber":21,"author":{"gitId":"ghyyuan"},"content":"            task.changeStatus(true);","lastModifiedDate":"2026-02-02T13:19:01","isFullCredit":false},{"lineNumber":22,"author":{"gitId":"ghyyuan"},"content":"        }","lastModifiedDate":"2026-02-02T13:19:01","isFullCredit":false},{"lineNumber":23,"author":{"gitId":"ghyyuan"},"content":"        return task;","lastModifiedDate":"2026-02-02T13:19:01","isFullCredit":false},{"lineNumber":24,"author":{"gitId":"ghyyuan"},"content":"    }","lastModifiedDate":"2026-02-02T13:19:01","isFullCredit":false},{"lineNumber":25,"author":{"gitId":"ghyyuan"},"content":"","lastModifiedDate":"2026-02-04T14:46:38","isFullCredit":false},{"lineNumber":26,"author":{"gitId":"ghyyuan"},"content":"    // This method parse a user command to specific action","lastModifiedDate":"2026-02-04T21:51:59","isFullCredit":false},{"lineNumber":27,"author":{"gitId":"ghyyuan"},"content":"    public static Command parse(String fullCmd) throws MemoException {","lastModifiedDate":"2026-02-04T14:46:38","isFullCredit":false},{"lineNumber":28,"author":{"gitId":"ghyyuan"},"content":"        String[] inputs \u003d fullCmd.split(\" \", 2);","lastModifiedDate":"2026-02-04T14:46:38","isFullCredit":false},{"lineNumber":29,"author":{"gitId":"ghyyuan"},"content":"        CommandType type \u003d CommandType.fromString(inputs[0]);","lastModifiedDate":"2026-02-04T14:46:38","isFullCredit":false},{"lineNumber":30,"author":{"gitId":"ghyyuan"},"content":"","lastModifiedDate":"2026-02-04T14:46:38","isFullCredit":false},{"lineNumber":31,"author":{"gitId":"ghyyuan"},"content":"        if (type !\u003d CommandType.LIST \u0026\u0026 type !\u003d CommandType.BYE \u0026\u0026 inputs.length \u003c 2) {","lastModifiedDate":"2026-02-04T14:46:38","isFullCredit":false},{"lineNumber":32,"author":{"gitId":"ghyyuan"},"content":"            throw new MemoException(\"The description of a \" + type + \" cannot be empty! \u003d(\");","lastModifiedDate":"2026-02-04T14:46:38","isFullCredit":false},{"lineNumber":33,"author":{"gitId":"ghyyuan"},"content":"        }","lastModifiedDate":"2026-02-04T14:46:38","isFullCredit":false},{"lineNumber":34,"author":{"gitId":"ghyyuan"},"content":"","lastModifiedDate":"2026-02-04T14:46:38","isFullCredit":false},{"lineNumber":35,"author":{"gitId":"ghyyuan"},"content":"        try {","lastModifiedDate":"2026-02-04T21:51:59","isFullCredit":false},{"lineNumber":36,"author":{"gitId":"ghyyuan"},"content":"            return switch (type) {","lastModifiedDate":"2026-02-04T14:46:38","isFullCredit":false},{"lineNumber":37,"author":{"gitId":"ghyyuan"},"content":"                case LIST -\u003e new ListCommand();","lastModifiedDate":"2026-02-04T14:46:38","isFullCredit":false},{"lineNumber":38,"author":{"gitId":"ghyyuan"},"content":"                case TODO -\u003e new AddTodoCmd(inputs[1]);","lastModifiedDate":"2026-02-04T14:46:38","isFullCredit":false},{"lineNumber":39,"author":{"gitId":"ghyyuan"},"content":"","lastModifiedDate":"2026-02-04T14:46:38","isFullCredit":false},{"lineNumber":40,"author":{"gitId":"ghyyuan"},"content":"                case DEADLINE -\u003e {","lastModifiedDate":"2026-02-04T14:46:38","isFullCredit":false},{"lineNumber":41,"author":{"gitId":"ghyyuan"},"content":"                    String[] parts \u003d inputs[1].split(\" /by \");","lastModifiedDate":"2026-02-04T14:46:38","isFullCredit":false},{"lineNumber":42,"author":{"gitId":"ghyyuan"},"content":"                    if (parts.length \u003c 2) {","lastModifiedDate":"2026-02-04T14:46:38","isFullCredit":false},{"lineNumber":43,"author":{"gitId":"ghyyuan"},"content":"                        throw new MemoException(\"Please specify the deadline with /by :(\");","lastModifiedDate":"2026-02-04T14:46:38","isFullCredit":false},{"lineNumber":44,"author":{"gitId":"ghyyuan"},"content":"                    }","lastModifiedDate":"2026-02-04T14:46:38","isFullCredit":false},{"lineNumber":45,"author":{"gitId":"ghyyuan"},"content":"                    yield new AddDeadlineCmd(parts[0], parts[1]);","lastModifiedDate":"2026-02-04T14:46:38","isFullCredit":false},{"lineNumber":46,"author":{"gitId":"ghyyuan"},"content":"                }","lastModifiedDate":"2026-02-04T14:46:38","isFullCredit":false},{"lineNumber":47,"author":{"gitId":"ghyyuan"},"content":"","lastModifiedDate":"2026-02-04T14:46:38","isFullCredit":false},{"lineNumber":48,"author":{"gitId":"ghyyuan"},"content":"                case EVENT -\u003e {","lastModifiedDate":"2026-02-04T14:46:38","isFullCredit":false},{"lineNumber":49,"author":{"gitId":"ghyyuan"},"content":"                    String[] fromParts \u003d inputs[1].split(\" /from \");","lastModifiedDate":"2026-02-04T14:46:38","isFullCredit":false},{"lineNumber":50,"author":{"gitId":"ghyyuan"},"content":"                    if (fromParts.length \u003c 2) {","lastModifiedDate":"2026-02-04T14:46:38","isFullCredit":false},{"lineNumber":51,"author":{"gitId":"ghyyuan"},"content":"                        throw new MemoException(\"Please specify /from for your event :(\");","lastModifiedDate":"2026-02-04T14:46:38","isFullCredit":false},{"lineNumber":52,"author":{"gitId":"ghyyuan"},"content":"                    }","lastModifiedDate":"2026-02-04T14:46:38","isFullCredit":false},{"lineNumber":53,"author":{"gitId":"ghyyuan"},"content":"                    String[] toParts \u003d fromParts[1].split(\" /to \");","lastModifiedDate":"2026-02-04T14:46:38","isFullCredit":false},{"lineNumber":54,"author":{"gitId":"ghyyuan"},"content":"                    if (toParts.length \u003c 2) {","lastModifiedDate":"2026-02-04T14:46:38","isFullCredit":false},{"lineNumber":55,"author":{"gitId":"ghyyuan"},"content":"                        throw new MemoException(\"Please specify /to for your event :(\");","lastModifiedDate":"2026-02-04T14:46:38","isFullCredit":false},{"lineNumber":56,"author":{"gitId":"ghyyuan"},"content":"                    }","lastModifiedDate":"2026-02-04T14:46:38","isFullCredit":false},{"lineNumber":57,"author":{"gitId":"ghyyuan"},"content":"                    yield new AddEventCmd(fromParts[0], toParts[0], toParts[1]);","lastModifiedDate":"2026-02-04T14:46:38","isFullCredit":false},{"lineNumber":58,"author":{"gitId":"ghyyuan"},"content":"                }","lastModifiedDate":"2026-02-02T13:19:01","isFullCredit":false},{"lineNumber":59,"author":{"gitId":"ghyyuan"},"content":"","lastModifiedDate":"2026-02-04T14:46:38","isFullCredit":false},{"lineNumber":60,"author":{"gitId":"ghyyuan"},"content":"                case DELETE -\u003e new DeleteCommand(Integer.parseInt(inputs[1]) - 1);","lastModifiedDate":"2026-02-04T14:46:38","isFullCredit":false},{"lineNumber":61,"author":{"gitId":"ghyyuan"},"content":"                case MARK -\u003e new ChangeStatusCommand(Integer.parseInt(inputs[1]) - 1, true);","lastModifiedDate":"2026-02-04T14:46:38","isFullCredit":false},{"lineNumber":62,"author":{"gitId":"ghyyuan"},"content":"                case UNMARK -\u003e new ChangeStatusCommand(Integer.parseInt(inputs[1]) - 1, false);","lastModifiedDate":"2026-02-04T14:46:38","isFullCredit":false},{"lineNumber":63,"author":{"gitId":"ghyyuan"},"content":"                case BYE -\u003e new ExitCommand();","lastModifiedDate":"2026-02-04T14:46:38","isFullCredit":false},{"lineNumber":64,"author":{"gitId":"ghyyuan"},"content":"                case UNKNOWN -\u003e throw new MemoException(\"I don\u0027t know what that means \u003e\u003c\");","lastModifiedDate":"2026-02-04T14:46:38","isFullCredit":false},{"lineNumber":65,"author":{"gitId":"ghyyuan"},"content":"            };","lastModifiedDate":"2026-02-04T14:46:38","isFullCredit":false},{"lineNumber":66,"author":{"gitId":"ghyyuan"},"content":"        } catch (NumberFormatException e) {","lastModifiedDate":"2026-02-04T21:51:59","isFullCredit":false},{"lineNumber":67,"author":{"gitId":"ghyyuan"},"content":"            throw new MemoException(\"Please put in number format \u003e\u003c\");","lastModifiedDate":"2026-02-04T21:51:59","isFullCredit":false},{"lineNumber":68,"author":{"gitId":"ghyyuan"},"content":"        }","lastModifiedDate":"2026-02-04T21:51:59","isFullCredit":false},{"lineNumber":69,"author":{"gitId":"ghyyuan"},"content":"    }","lastModifiedDate":"2026-02-04T14:46:38","isFullCredit":false},{"lineNumber":70,"author":{"gitId":"ghyyuan"},"content":"}","lastModifiedDate":"2026-02-04T14:46:38","isFullCredit":false}],"authorContributionMap":{"ghyyuan":70}},{"path":"src/main/java/Storage.java","fileType":"java","lines":[{"lineNumber":1,"author":{"gitId":"ghyyuan"},"content":"import java.io.File;","lastModifiedDate":"2026-02-04T14:46:38","isFullCredit":false},{"lineNumber":2,"author":{"gitId":"ghyyuan"},"content":"import java.io.FileWriter;","lastModifiedDate":"2026-02-04T14:46:38","isFullCredit":false},{"lineNumber":3,"author":{"gitId":"ghyyuan"},"content":"import java.io.IOException;","lastModifiedDate":"2026-02-04T14:46:38","isFullCredit":false},{"lineNumber":4,"author":{"gitId":"ghyyuan"},"content":"import java.util.ArrayList;","lastModifiedDate":"2026-02-04T14:46:38","isFullCredit":false},{"lineNumber":5,"author":{"gitId":"ghyyuan"},"content":"import java.util.List;","lastModifiedDate":"2026-02-04T14:46:38","isFullCredit":false},{"lineNumber":6,"author":{"gitId":"ghyyuan"},"content":"import java.util.Scanner;","lastModifiedDate":"2026-02-04T14:46:38","isFullCredit":false},{"lineNumber":7,"author":{"gitId":"ghyyuan"},"content":"","lastModifiedDate":"2026-02-04T14:46:38","isFullCredit":false},{"lineNumber":8,"author":{"gitId":"ghyyuan"},"content":"public class Storage {","lastModifiedDate":"2026-02-04T14:46:38","isFullCredit":false},{"lineNumber":9,"author":{"gitId":"ghyyuan"},"content":"","lastModifiedDate":"2026-02-04T14:46:38","isFullCredit":false},{"lineNumber":10,"author":{"gitId":"ghyyuan"},"content":"    protected File file;","lastModifiedDate":"2026-02-04T14:46:38","isFullCredit":false},{"lineNumber":11,"author":{"gitId":"ghyyuan"},"content":"","lastModifiedDate":"2026-02-04T14:46:38","isFullCredit":false},{"lineNumber":12,"author":{"gitId":"ghyyuan"},"content":"    public Storage(String filePath) {","lastModifiedDate":"2026-02-04T14:46:38","isFullCredit":false},{"lineNumber":13,"author":{"gitId":"ghyyuan"},"content":"        this.file \u003d new File(filePath);","lastModifiedDate":"2026-02-04T14:46:38","isFullCredit":false},{"lineNumber":14,"author":{"gitId":"ghyyuan"},"content":"    }","lastModifiedDate":"2026-02-04T14:46:38","isFullCredit":false},{"lineNumber":15,"author":{"gitId":"ghyyuan"},"content":"","lastModifiedDate":"2026-02-04T14:46:38","isFullCredit":false},{"lineNumber":16,"author":{"gitId":"ghyyuan"},"content":"    public ArrayList\u003cTask\u003e load(Ui ui) throws MemoException {","lastModifiedDate":"2026-02-04T14:46:38","isFullCredit":false},{"lineNumber":17,"author":{"gitId":"ghyyuan"},"content":"        // System.out.println(f.getAbsolutePath());","lastModifiedDate":"2026-02-04T14:46:38","isFullCredit":false},{"lineNumber":18,"author":{"gitId":"ghyyuan"},"content":"        ArrayList\u003cTask\u003e tasks \u003d new ArrayList\u003c\u003e();","lastModifiedDate":"2026-02-04T14:46:38","isFullCredit":false},{"lineNumber":19,"author":{"gitId":"ghyyuan"},"content":"","lastModifiedDate":"2026-02-04T14:46:38","isFullCredit":false},{"lineNumber":20,"author":{"gitId":"ghyyuan"},"content":"        try {","lastModifiedDate":"2026-02-04T14:46:38","isFullCredit":false},{"lineNumber":21,"author":{"gitId":"ghyyuan"},"content":"            // if the parent directory doesn\u0027t exist","lastModifiedDate":"2026-02-04T14:46:38","isFullCredit":false},{"lineNumber":22,"author":{"gitId":"ghyyuan"},"content":"            if (!file.getParentFile().exists()) {","lastModifiedDate":"2026-02-04T14:46:38","isFullCredit":false},{"lineNumber":23,"author":{"gitId":"ghyyuan"},"content":"                file.getParentFile().mkdirs();","lastModifiedDate":"2026-02-04T14:46:38","isFullCredit":false},{"lineNumber":24,"author":{"gitId":"ghyyuan"},"content":"            }","lastModifiedDate":"2026-02-04T14:46:38","isFullCredit":false},{"lineNumber":25,"author":{"gitId":"ghyyuan"},"content":"","lastModifiedDate":"2026-02-04T14:46:38","isFullCredit":false},{"lineNumber":26,"author":{"gitId":"ghyyuan"},"content":"            // if the file doesn\u0027t exist","lastModifiedDate":"2026-02-04T14:46:38","isFullCredit":false},{"lineNumber":27,"author":{"gitId":"ghyyuan"},"content":"            if (!file.exists()) {","lastModifiedDate":"2026-02-04T14:46:38","isFullCredit":false},{"lineNumber":28,"author":{"gitId":"ghyyuan"},"content":"                file.createNewFile();","lastModifiedDate":"2026-02-04T14:46:38","isFullCredit":false},{"lineNumber":29,"author":{"gitId":"ghyyuan"},"content":"                ui.showInitialization();","lastModifiedDate":"2026-02-04T14:46:38","isFullCredit":false},{"lineNumber":30,"author":{"gitId":"ghyyuan"},"content":"                return tasks;","lastModifiedDate":"2026-02-04T14:46:38","isFullCredit":false},{"lineNumber":31,"author":{"gitId":"ghyyuan"},"content":"            }","lastModifiedDate":"2026-02-04T14:46:38","isFullCredit":false},{"lineNumber":32,"author":{"gitId":"ghyyuan"},"content":"","lastModifiedDate":"2026-02-04T14:46:38","isFullCredit":false},{"lineNumber":33,"author":{"gitId":"ghyyuan"},"content":"            Scanner fileReader \u003d new Scanner(file);","lastModifiedDate":"2026-02-04T14:46:38","isFullCredit":false},{"lineNumber":34,"author":{"gitId":"ghyyuan"},"content":"            while (fileReader.hasNextLine()) {","lastModifiedDate":"2026-02-04T14:46:38","isFullCredit":false},{"lineNumber":35,"author":{"gitId":"ghyyuan"},"content":"                String line \u003d fileReader.nextLine();","lastModifiedDate":"2026-02-04T14:46:38","isFullCredit":false},{"lineNumber":36,"author":{"gitId":"ghyyuan"},"content":"","lastModifiedDate":"2026-02-04T14:46:38","isFullCredit":false},{"lineNumber":37,"author":{"gitId":"ghyyuan"},"content":"                // deal with corrupted line","lastModifiedDate":"2026-02-04T14:46:38","isFullCredit":false},{"lineNumber":38,"author":{"gitId":"ghyyuan"},"content":"                try {","lastModifiedDate":"2026-02-04T14:46:38","isFullCredit":false},{"lineNumber":39,"author":{"gitId":"ghyyuan"},"content":"                    tasks.add(Parser.fromStoreForm(line));","lastModifiedDate":"2026-02-04T14:46:38","isFullCredit":false},{"lineNumber":40,"author":{"gitId":"ghyyuan"},"content":"                } catch (MemoException e) {","lastModifiedDate":"2026-02-04T14:46:38","isFullCredit":false},{"lineNumber":41,"author":{"gitId":"ghyyuan"},"content":"                    ui.showCorruptedError();","lastModifiedDate":"2026-02-04T14:46:38","isFullCredit":false},{"lineNumber":42,"author":{"gitId":"ghyyuan"},"content":"                }","lastModifiedDate":"2026-02-04T14:46:38","isFullCredit":false},{"lineNumber":43,"author":{"gitId":"ghyyuan"},"content":"            }","lastModifiedDate":"2026-02-04T14:46:38","isFullCredit":false},{"lineNumber":44,"author":{"gitId":"ghyyuan"},"content":"        } catch (IOException e) {","lastModifiedDate":"2026-02-04T14:46:38","isFullCredit":false},{"lineNumber":45,"author":{"gitId":"ghyyuan"},"content":"            throw new MemoException(\"I cannot read or create the file TT\");","lastModifiedDate":"2026-02-04T14:46:38","isFullCredit":false},{"lineNumber":46,"author":{"gitId":"ghyyuan"},"content":"        }","lastModifiedDate":"2026-02-04T14:46:38","isFullCredit":false},{"lineNumber":47,"author":{"gitId":"ghyyuan"},"content":"        return tasks;","lastModifiedDate":"2026-02-04T14:46:38","isFullCredit":false},{"lineNumber":48,"author":{"gitId":"ghyyuan"},"content":"    }","lastModifiedDate":"2026-02-04T14:46:38","isFullCredit":false},{"lineNumber":49,"author":{"gitId":"ghyyuan"},"content":"","lastModifiedDate":"2026-02-04T14:46:38","isFullCredit":false},{"lineNumber":50,"author":{"gitId":"ghyyuan"},"content":"    public void save(TaskList tl) throws MemoException {","lastModifiedDate":"2026-02-04T14:46:38","isFullCredit":false},{"lineNumber":51,"author":{"gitId":"ghyyuan"},"content":"        try (FileWriter fw \u003d new FileWriter(file)) {","lastModifiedDate":"2026-02-04T14:46:38","isFullCredit":false},{"lineNumber":52,"author":{"gitId":"ghyyuan"},"content":"            for (int i \u003d 0; i \u003c tl.getSize(); i++) {","lastModifiedDate":"2026-02-04T14:46:38","isFullCredit":false},{"lineNumber":53,"author":{"gitId":"ghyyuan"},"content":"                Task t \u003d tl.getTask(i);","lastModifiedDate":"2026-02-04T14:46:38","isFullCredit":false},{"lineNumber":54,"author":{"gitId":"ghyyuan"},"content":"                fw.write(t.toStoreForm() + \"\\n\");","lastModifiedDate":"2026-02-04T21:51:59","isFullCredit":false},{"lineNumber":55,"author":{"gitId":"ghyyuan"},"content":"            }","lastModifiedDate":"2026-02-04T14:46:38","isFullCredit":false},{"lineNumber":56,"author":{"gitId":"ghyyuan"},"content":"        } catch (IOException e) {","lastModifiedDate":"2026-02-04T14:46:38","isFullCredit":false},{"lineNumber":57,"author":{"gitId":"ghyyuan"},"content":"            throw new MemoException(\"Could not save tasks to storage! :O\");","lastModifiedDate":"2026-02-04T14:46:38","isFullCredit":false},{"lineNumber":58,"author":{"gitId":"ghyyuan"},"content":"        }","lastModifiedDate":"2026-02-04T14:46:38","isFullCredit":false},{"lineNumber":59,"author":{"gitId":"ghyyuan"},"content":"    }","lastModifiedDate":"2026-02-04T14:46:38","isFullCredit":false},{"lineNumber":60,"author":{"gitId":"ghyyuan"},"content":"}","lastModifiedDate":"2026-02-04T14:46:38","isFullCredit":false}],"authorContributionMap":{"ghyyuan":60}},{"path":"src/main/java/Task.java","fileType":"java","lines":[{"lineNumber":1,"author":{"gitId":"ghyyuan"},"content":"public class Task  {","lastModifiedDate":"2026-01-24T12:25:45","isFullCredit":false},{"lineNumber":2,"author":{"gitId":"ghyyuan"},"content":"    protected String description;","lastModifiedDate":"2026-01-24T12:25:45","isFullCredit":false},{"lineNumber":3,"author":{"gitId":"ghyyuan"},"content":"    protected boolean isDone;","lastModifiedDate":"2026-01-24T12:25:45","isFullCredit":false},{"lineNumber":4,"author":{"gitId":"ghyyuan"},"content":"","lastModifiedDate":"2026-01-24T12:25:45","isFullCredit":false},{"lineNumber":5,"author":{"gitId":"ghyyuan"},"content":"    public Task(String description) {","lastModifiedDate":"2026-01-24T12:25:45","isFullCredit":false},{"lineNumber":6,"author":{"gitId":"ghyyuan"},"content":"        this.description \u003d description;","lastModifiedDate":"2026-01-24T12:25:45","isFullCredit":false},{"lineNumber":7,"author":{"gitId":"ghyyuan"},"content":"        this.isDone \u003d false;","lastModifiedDate":"2026-01-24T12:25:45","isFullCredit":false},{"lineNumber":8,"author":{"gitId":"ghyyuan"},"content":"    }","lastModifiedDate":"2026-01-24T12:25:45","isFullCredit":false},{"lineNumber":9,"author":{"gitId":"ghyyuan"},"content":"","lastModifiedDate":"2026-01-24T12:25:45","isFullCredit":false},{"lineNumber":10,"author":{"gitId":"ghyyuan"},"content":"    public String getStatus() {","lastModifiedDate":"2026-01-24T12:25:45","isFullCredit":false},{"lineNumber":11,"author":{"gitId":"ghyyuan"},"content":"        return (isDone ? \"X\" : \" \");","lastModifiedDate":"2026-01-24T12:25:45","isFullCredit":false},{"lineNumber":12,"author":{"gitId":"ghyyuan"},"content":"    }","lastModifiedDate":"2026-01-24T12:25:45","isFullCredit":false},{"lineNumber":13,"author":{"gitId":"ghyyuan"},"content":"","lastModifiedDate":"2026-01-24T12:25:45","isFullCredit":false},{"lineNumber":14,"author":{"gitId":"ghyyuan"},"content":"    @Override","lastModifiedDate":"2026-01-24T12:25:45","isFullCredit":false},{"lineNumber":15,"author":{"gitId":"ghyyuan"},"content":"    public String toString() {","lastModifiedDate":"2026-01-24T12:25:45","isFullCredit":false},{"lineNumber":16,"author":{"gitId":"ghyyuan"},"content":"        return String.format(\"[%s] %s\", getStatus(), description);","lastModifiedDate":"2026-01-24T12:25:45","isFullCredit":false},{"lineNumber":17,"author":{"gitId":"ghyyuan"},"content":"    }","lastModifiedDate":"2026-01-24T12:25:45","isFullCredit":false},{"lineNumber":18,"author":{"gitId":"ghyyuan"},"content":"","lastModifiedDate":"2026-01-24T12:25:45","isFullCredit":false},{"lineNumber":19,"author":{"gitId":"ghyyuan"},"content":"    public void changeStatus(boolean isDone) {","lastModifiedDate":"2026-01-28T20:24:16","isFullCredit":false},{"lineNumber":20,"author":{"gitId":"ghyyuan"},"content":"        this.isDone \u003d isDone;","lastModifiedDate":"2026-01-28T20:24:16","isFullCredit":false},{"lineNumber":21,"author":{"gitId":"ghyyuan"},"content":"    }","lastModifiedDate":"2026-01-24T12:25:45","isFullCredit":false},{"lineNumber":22,"author":{"gitId":"ghyyuan"},"content":"","lastModifiedDate":"2026-02-02T11:17:53","isFullCredit":false},{"lineNumber":23,"author":{"gitId":"ghyyuan"},"content":"    public String toStoreForm() {","lastModifiedDate":"2026-02-04T21:51:59","isFullCredit":false},{"lineNumber":24,"author":{"gitId":"ghyyuan"},"content":"        return String.format(\"%d | %s\", (isDone ? 1 : 0), description);","lastModifiedDate":"2026-02-02T11:17:53","isFullCredit":false},{"lineNumber":25,"author":{"gitId":"ghyyuan"},"content":"    }","lastModifiedDate":"2026-02-02T11:17:53","isFullCredit":false},{"lineNumber":26,"author":{"gitId":"ghyyuan"},"content":"}","lastModifiedDate":"2026-01-24T12:25:45","isFullCredit":false}],"authorContributionMap":{"ghyyuan":26}},{"path":"src/main/java/TaskList.java","fileType":"java","lines":[{"lineNumber":1,"author":{"gitId":"ghyyuan"},"content":"import java.util.ArrayList;","lastModifiedDate":"2026-02-04T14:46:38","isFullCredit":false},{"lineNumber":2,"author":{"gitId":"ghyyuan"},"content":"import java.util.List;","lastModifiedDate":"2026-02-04T14:46:38","isFullCredit":false},{"lineNumber":3,"author":{"gitId":"ghyyuan"},"content":"","lastModifiedDate":"2026-02-04T14:46:38","isFullCredit":false},{"lineNumber":4,"author":{"gitId":"ghyyuan"},"content":"public class TaskList {","lastModifiedDate":"2026-02-04T14:46:38","isFullCredit":false},{"lineNumber":5,"author":{"gitId":"ghyyuan"},"content":"    private List\u003cTask\u003e tasks;","lastModifiedDate":"2026-02-04T14:46:38","isFullCredit":false},{"lineNumber":6,"author":{"gitId":"ghyyuan"},"content":"","lastModifiedDate":"2026-02-04T14:46:38","isFullCredit":false},{"lineNumber":7,"author":{"gitId":"ghyyuan"},"content":"    public TaskList() {","lastModifiedDate":"2026-02-04T14:46:38","isFullCredit":false},{"lineNumber":8,"author":{"gitId":"ghyyuan"},"content":"        this.tasks \u003d new ArrayList\u003c\u003e();","lastModifiedDate":"2026-02-04T14:46:38","isFullCredit":false},{"lineNumber":9,"author":{"gitId":"ghyyuan"},"content":"    }","lastModifiedDate":"2026-02-04T14:46:38","isFullCredit":false},{"lineNumber":10,"author":{"gitId":"ghyyuan"},"content":"","lastModifiedDate":"2026-02-04T14:46:38","isFullCredit":false},{"lineNumber":11,"author":{"gitId":"ghyyuan"},"content":"    public TaskList(List\u003cTask\u003e tasks) {","lastModifiedDate":"2026-02-04T14:46:38","isFullCredit":false},{"lineNumber":12,"author":{"gitId":"ghyyuan"},"content":"        this.tasks \u003d tasks;","lastModifiedDate":"2026-02-04T14:46:38","isFullCredit":false},{"lineNumber":13,"author":{"gitId":"ghyyuan"},"content":"    }","lastModifiedDate":"2026-02-04T14:46:38","isFullCredit":false},{"lineNumber":14,"author":{"gitId":"ghyyuan"},"content":"","lastModifiedDate":"2026-02-04T14:46:38","isFullCredit":false},{"lineNumber":15,"author":{"gitId":"ghyyuan"},"content":"    public void addTask(Task t) {","lastModifiedDate":"2026-02-04T14:46:38","isFullCredit":false},{"lineNumber":16,"author":{"gitId":"ghyyuan"},"content":"        tasks.add(t);","lastModifiedDate":"2026-02-04T14:46:38","isFullCredit":false},{"lineNumber":17,"author":{"gitId":"ghyyuan"},"content":"    }","lastModifiedDate":"2026-02-04T14:46:38","isFullCredit":false},{"lineNumber":18,"author":{"gitId":"ghyyuan"},"content":"","lastModifiedDate":"2026-02-04T14:46:38","isFullCredit":false},{"lineNumber":19,"author":{"gitId":"ghyyuan"},"content":"    public Task deleteTask(int index) throws MemoException {","lastModifiedDate":"2026-02-04T14:46:38","isFullCredit":false},{"lineNumber":20,"author":{"gitId":"ghyyuan"},"content":"        validateIndex(index);","lastModifiedDate":"2026-02-04T14:46:38","isFullCredit":false},{"lineNumber":21,"author":{"gitId":"ghyyuan"},"content":"        return tasks.remove(index);","lastModifiedDate":"2026-02-04T14:46:38","isFullCredit":false},{"lineNumber":22,"author":{"gitId":"ghyyuan"},"content":"    }","lastModifiedDate":"2026-02-04T14:46:38","isFullCredit":false},{"lineNumber":23,"author":{"gitId":"ghyyuan"},"content":"","lastModifiedDate":"2026-02-04T14:46:38","isFullCredit":false},{"lineNumber":24,"author":{"gitId":"ghyyuan"},"content":"    public Task getTask(int index) {","lastModifiedDate":"2026-02-04T14:46:38","isFullCredit":false},{"lineNumber":25,"author":{"gitId":"ghyyuan"},"content":"        return tasks.get(index);","lastModifiedDate":"2026-02-04T14:46:38","isFullCredit":false},{"lineNumber":26,"author":{"gitId":"ghyyuan"},"content":"    }","lastModifiedDate":"2026-02-04T14:46:38","isFullCredit":false},{"lineNumber":27,"author":{"gitId":"ghyyuan"},"content":"","lastModifiedDate":"2026-02-04T14:46:38","isFullCredit":false},{"lineNumber":28,"author":{"gitId":"ghyyuan"},"content":"    public void validateIndex(int index) throws MemoException {","lastModifiedDate":"2026-02-04T14:46:38","isFullCredit":false},{"lineNumber":29,"author":{"gitId":"ghyyuan"},"content":"        if (index \u003c 0 || index \u003e\u003d tasks.size()) {","lastModifiedDate":"2026-02-04T14:46:38","isFullCredit":false},{"lineNumber":30,"author":{"gitId":"ghyyuan"},"content":"            throw new MemoException(\"Please enter a valid index within the list :O\");","lastModifiedDate":"2026-02-04T21:51:59","isFullCredit":false},{"lineNumber":31,"author":{"gitId":"ghyyuan"},"content":"        }","lastModifiedDate":"2026-02-04T14:46:38","isFullCredit":false},{"lineNumber":32,"author":{"gitId":"ghyyuan"},"content":"    }","lastModifiedDate":"2026-02-04T14:46:38","isFullCredit":false},{"lineNumber":33,"author":{"gitId":"ghyyuan"},"content":"","lastModifiedDate":"2026-02-04T14:46:38","isFullCredit":false},{"lineNumber":34,"author":{"gitId":"ghyyuan"},"content":"    public int getSize() {","lastModifiedDate":"2026-02-04T14:46:38","isFullCredit":false},{"lineNumber":35,"author":{"gitId":"ghyyuan"},"content":"        return tasks.size();","lastModifiedDate":"2026-02-04T14:46:38","isFullCredit":false},{"lineNumber":36,"author":{"gitId":"ghyyuan"},"content":"    }","lastModifiedDate":"2026-02-04T14:46:38","isFullCredit":false},{"lineNumber":37,"author":{"gitId":"ghyyuan"},"content":"}","lastModifiedDate":"2026-02-04T14:46:38","isFullCredit":false}],"authorContributionMap":{"ghyyuan":37}},{"path":"src/main/java/ToDo.java","fileType":"java","lines":[{"lineNumber":1,"author":{"gitId":"ghyyuan"},"content":"public class ToDo extends Task {","lastModifiedDate":"2026-01-24T17:39:56","isFullCredit":false},{"lineNumber":2,"author":{"gitId":"ghyyuan"},"content":"","lastModifiedDate":"2026-01-24T17:39:56","isFullCredit":false},{"lineNumber":3,"author":{"gitId":"ghyyuan"},"content":"    public ToDo(String description) {","lastModifiedDate":"2026-01-24T17:39:56","isFullCredit":false},{"lineNumber":4,"author":{"gitId":"ghyyuan"},"content":"        super(description);","lastModifiedDate":"2026-01-24T17:39:56","isFullCredit":false},{"lineNumber":5,"author":{"gitId":"ghyyuan"},"content":"    }","lastModifiedDate":"2026-01-24T17:39:56","isFullCredit":false},{"lineNumber":6,"author":{"gitId":"ghyyuan"},"content":"","lastModifiedDate":"2026-01-24T17:39:56","isFullCredit":false},{"lineNumber":7,"author":{"gitId":"ghyyuan"},"content":"    @Override","lastModifiedDate":"2026-01-24T17:39:56","isFullCredit":false},{"lineNumber":8,"author":{"gitId":"ghyyuan"},"content":"    public String toString() {","lastModifiedDate":"2026-01-24T17:39:56","isFullCredit":false},{"lineNumber":9,"author":{"gitId":"ghyyuan"},"content":"        return String.format(\"[T]%s\", super.toString());","lastModifiedDate":"2026-01-24T17:39:56","isFullCredit":false},{"lineNumber":10,"author":{"gitId":"ghyyuan"},"content":"    }","lastModifiedDate":"2026-01-24T17:39:56","isFullCredit":false},{"lineNumber":11,"author":{"gitId":"ghyyuan"},"content":"","lastModifiedDate":"2026-02-02T11:17:53","isFullCredit":false},{"lineNumber":12,"author":{"gitId":"ghyyuan"},"content":"    @Override","lastModifiedDate":"2026-02-02T11:17:53","isFullCredit":false},{"lineNumber":13,"author":{"gitId":"ghyyuan"},"content":"    public String toStoreForm() {","lastModifiedDate":"2026-02-04T21:51:59","isFullCredit":false},{"lineNumber":14,"author":{"gitId":"ghyyuan"},"content":"        return String.format(\"T | %s\", super.toStoreForm());","lastModifiedDate":"2026-02-04T21:51:59","isFullCredit":false},{"lineNumber":15,"author":{"gitId":"ghyyuan"},"content":"    }","lastModifiedDate":"2026-02-02T11:17:53","isFullCredit":false},{"lineNumber":16,"author":{"gitId":"ghyyuan"},"content":"}","lastModifiedDate":"2026-01-24T17:39:56","isFullCredit":false}],"authorContributionMap":{"ghyyuan":16}},{"path":"src/main/java/Ui.java","fileType":"java","lines":[{"lineNumber":1,"author":{"gitId":"ghyyuan"},"content":"import java.util.Scanner;","lastModifiedDate":"2026-02-04T14:46:38","isFullCredit":false},{"lineNumber":2,"author":{"gitId":"ghyyuan"},"content":"","lastModifiedDate":"2026-01-26T16:34:09","isFullCredit":false},{"lineNumber":3,"author":{"gitId":"ghyyuan"},"content":"public class Ui {","lastModifiedDate":"2026-02-04T14:46:38","isFullCredit":false},{"lineNumber":4,"author":{"gitId":"ghyyuan"},"content":"    private static final String DIVIDER \u003d \"____________________________________________________________\";","lastModifiedDate":"2026-01-26T16:34:09","isFullCredit":false},{"lineNumber":5,"author":{"gitId":"ghyyuan"},"content":"","lastModifiedDate":"2026-01-26T16:34:09","isFullCredit":false},{"lineNumber":6,"author":{"gitId":"ghyyuan"},"content":"    private Scanner scanner;","lastModifiedDate":"2026-02-04T21:51:59","isFullCredit":false},{"lineNumber":7,"author":{"gitId":"ghyyuan"},"content":"","lastModifiedDate":"2026-02-04T14:46:38","isFullCredit":false},{"lineNumber":8,"author":{"gitId":"ghyyuan"},"content":"    public Ui() {","lastModifiedDate":"2026-02-04T14:46:38","isFullCredit":false},{"lineNumber":9,"author":{"gitId":"ghyyuan"},"content":"        this.scanner \u003d new Scanner(System.in);","lastModifiedDate":"2026-02-04T14:46:38","isFullCredit":false},{"lineNumber":10,"author":{"gitId":"ghyyuan"},"content":"    }","lastModifiedDate":"2026-02-04T14:46:38","isFullCredit":false},{"lineNumber":11,"author":{"gitId":"ghyyuan"},"content":"","lastModifiedDate":"2026-02-04T14:46:38","isFullCredit":false},{"lineNumber":12,"author":{"gitId":"ghyyuan"},"content":"    public String readCommand() {","lastModifiedDate":"2026-02-04T14:46:38","isFullCredit":false},{"lineNumber":13,"author":{"gitId":"ghyyuan"},"content":"        return scanner.nextLine().trim();","lastModifiedDate":"2026-02-04T14:46:38","isFullCredit":false},{"lineNumber":14,"author":{"gitId":"ghyyuan"},"content":"    }","lastModifiedDate":"2026-02-04T14:46:38","isFullCredit":false},{"lineNumber":15,"author":{"gitId":"ghyyuan"},"content":"","lastModifiedDate":"2026-02-04T21:51:59","isFullCredit":false},{"lineNumber":16,"author":{"gitId":"ghyyuan"},"content":"    public void showLine() {","lastModifiedDate":"2026-01-26T16:34:09","isFullCredit":false},{"lineNumber":17,"author":{"gitId":"ghyyuan"},"content":"        System.out.println(DIVIDER);","lastModifiedDate":"2026-01-26T16:34:09","isFullCredit":false},{"lineNumber":18,"author":{"gitId":"ghyyuan"},"content":"    }","lastModifiedDate":"2026-01-26T16:34:09","isFullCredit":false},{"lineNumber":19,"author":{"gitId":"ghyyuan"},"content":"","lastModifiedDate":"2026-01-26T16:34:09","isFullCredit":false},{"lineNumber":20,"author":{"gitId":"ghyyuan"},"content":"    public void showInitialization() {","lastModifiedDate":"2026-02-02T11:17:53","isFullCredit":false},{"lineNumber":21,"author":{"gitId":"ghyyuan"},"content":"        System.out.println(\"Initializing...\");","lastModifiedDate":"2026-02-02T11:17:53","isFullCredit":false},{"lineNumber":22,"author":{"gitId":"ghyyuan"},"content":"    }","lastModifiedDate":"2026-02-02T11:17:53","isFullCredit":false},{"lineNumber":23,"author":{"gitId":"ghyyuan"},"content":"","lastModifiedDate":"2026-02-02T11:17:53","isFullCredit":false},{"lineNumber":24,"author":{"gitId":"ghyyuan"},"content":"    public void showWelcome() {","lastModifiedDate":"2026-01-26T16:34:09","isFullCredit":false},{"lineNumber":25,"author":{"gitId":"ghyyuan"},"content":"        showLine();","lastModifiedDate":"2026-01-26T16:34:09","isFullCredit":false},{"lineNumber":26,"author":{"gitId":"ghyyuan"},"content":"        System.out.println(\"Hello! I\u0027m Memo\\nWhat can I do for you?\");","lastModifiedDate":"2026-01-26T16:34:09","isFullCredit":false},{"lineNumber":27,"author":{"gitId":"ghyyuan"},"content":"        showLine();","lastModifiedDate":"2026-01-26T16:34:09","isFullCredit":false},{"lineNumber":28,"author":{"gitId":"ghyyuan"},"content":"    }","lastModifiedDate":"2026-01-26T16:34:09","isFullCredit":false},{"lineNumber":29,"author":{"gitId":"ghyyuan"},"content":"","lastModifiedDate":"2026-01-26T16:34:09","isFullCredit":false},{"lineNumber":30,"author":{"gitId":"ghyyuan"},"content":"    public void showBye() {","lastModifiedDate":"2026-01-26T16:34:09","isFullCredit":false},{"lineNumber":31,"author":{"gitId":"ghyyuan"},"content":"        showLine();","lastModifiedDate":"2026-01-26T16:34:09","isFullCredit":false},{"lineNumber":32,"author":{"gitId":"ghyyuan"},"content":"        System.out.println(\"Bye. Hope to see you again soon!\");","lastModifiedDate":"2026-01-26T16:34:09","isFullCredit":false},{"lineNumber":33,"author":{"gitId":"ghyyuan"},"content":"        showLine();","lastModifiedDate":"2026-01-26T16:34:09","isFullCredit":false},{"lineNumber":34,"author":{"gitId":"ghyyuan"},"content":"    }","lastModifiedDate":"2026-01-26T16:34:09","isFullCredit":false},{"lineNumber":35,"author":{"gitId":"ghyyuan"},"content":"","lastModifiedDate":"2026-01-26T16:34:09","isFullCredit":false},{"lineNumber":36,"author":{"gitId":"ghyyuan"},"content":"    public void showAddedTask(Task task, int total) {","lastModifiedDate":"2026-01-26T16:34:09","isFullCredit":false},{"lineNumber":37,"author":{"gitId":"ghyyuan"},"content":"        showLine();","lastModifiedDate":"2026-01-26T16:34:09","isFullCredit":false},{"lineNumber":38,"author":{"gitId":"ghyyuan"},"content":"        System.out.printf(\"Got it. I\u0027ve added this task:\\n%s\\nNow you have %d tasks in the list\\n\", task, total);","lastModifiedDate":"2026-01-26T16:34:09","isFullCredit":false},{"lineNumber":39,"author":{"gitId":"ghyyuan"},"content":"        showLine();","lastModifiedDate":"2026-01-26T16:34:09","isFullCredit":false},{"lineNumber":40,"author":{"gitId":"ghyyuan"},"content":"    }","lastModifiedDate":"2026-01-26T16:34:09","isFullCredit":false},{"lineNumber":41,"author":{"gitId":"ghyyuan"},"content":"","lastModifiedDate":"2026-01-26T16:34:09","isFullCredit":false},{"lineNumber":42,"author":{"gitId":"ghyyuan"},"content":"    public void showList(TaskList tasks) {","lastModifiedDate":"2026-02-04T21:51:59","isFullCredit":false},{"lineNumber":43,"author":{"gitId":"ghyyuan"},"content":"        showLine();","lastModifiedDate":"2026-01-26T16:34:09","isFullCredit":false},{"lineNumber":44,"author":{"gitId":"ghyyuan"},"content":"        if (tasks.getSize() \u003d\u003d 0) {","lastModifiedDate":"2026-02-04T21:51:59","isFullCredit":false},{"lineNumber":45,"author":{"gitId":"ghyyuan"},"content":"            System.out.println(\"There is no task in the list\");","lastModifiedDate":"2026-02-04T21:51:59","isFullCredit":false},{"lineNumber":46,"author":{"gitId":"ghyyuan"},"content":"        } else if (tasks.getSize() \u003d\u003d 1) {","lastModifiedDate":"2026-02-04T21:51:59","isFullCredit":false},{"lineNumber":47,"author":{"gitId":"ghyyuan"},"content":"            System.out.println(\"Here are the task in the list:\");","lastModifiedDate":"2026-01-28T20:24:16","isFullCredit":false},{"lineNumber":48,"author":{"gitId":"ghyyuan"},"content":"        } else {","lastModifiedDate":"2026-01-28T20:24:16","isFullCredit":false},{"lineNumber":49,"author":{"gitId":"ghyyuan"},"content":"            System.out.println(\"Here are the tasks in your list:\");","lastModifiedDate":"2026-01-26T16:34:09","isFullCredit":false},{"lineNumber":50,"author":{"gitId":"ghyyuan"},"content":"        }","lastModifiedDate":"2026-01-28T20:24:16","isFullCredit":false},{"lineNumber":51,"author":{"gitId":"ghyyuan"},"content":"        for (int i \u003d 0; i \u003c tasks.getSize(); i++) {","lastModifiedDate":"2026-02-04T21:51:59","isFullCredit":false},{"lineNumber":52,"author":{"gitId":"ghyyuan"},"content":"            System.out.println((i + 1) + \". \" + tasks.getTask(i).toString());","lastModifiedDate":"2026-02-04T21:51:59","isFullCredit":false},{"lineNumber":53,"author":{"gitId":"ghyyuan"},"content":"        }","lastModifiedDate":"2026-01-26T16:34:09","isFullCredit":false},{"lineNumber":54,"author":{"gitId":"ghyyuan"},"content":"        showLine();","lastModifiedDate":"2026-01-26T16:34:09","isFullCredit":false},{"lineNumber":55,"author":{"gitId":"ghyyuan"},"content":"    }","lastModifiedDate":"2026-01-26T16:34:09","isFullCredit":false},{"lineNumber":56,"author":{"gitId":"ghyyuan"},"content":"","lastModifiedDate":"2026-01-26T16:34:09","isFullCredit":false},{"lineNumber":57,"author":{"gitId":"ghyyuan"},"content":"    public void showMarkStatus(Task task, boolean isDone) {","lastModifiedDate":"2026-01-26T16:34:09","isFullCredit":false},{"lineNumber":58,"author":{"gitId":"ghyyuan"},"content":"        showLine();","lastModifiedDate":"2026-01-28T20:24:16","isFullCredit":false},{"lineNumber":59,"author":{"gitId":"ghyyuan"},"content":"        if (isDone) {","lastModifiedDate":"2026-01-26T16:34:09","isFullCredit":false},{"lineNumber":60,"author":{"gitId":"ghyyuan"},"content":"            System.out.println(\"Nice! I\u0027ve marked this task as done:\");","lastModifiedDate":"2026-01-26T16:34:09","isFullCredit":false},{"lineNumber":61,"author":{"gitId":"ghyyuan"},"content":"        } else {","lastModifiedDate":"2026-01-26T16:34:09","isFullCredit":false},{"lineNumber":62,"author":{"gitId":"ghyyuan"},"content":"            System.out.println(\"OK, I\u0027ve marked this task as not done yet:\");","lastModifiedDate":"2026-01-26T16:34:09","isFullCredit":false},{"lineNumber":63,"author":{"gitId":"ghyyuan"},"content":"        }","lastModifiedDate":"2026-01-26T16:34:09","isFullCredit":false},{"lineNumber":64,"author":{"gitId":"ghyyuan"},"content":"        System.out.println(task.toString());","lastModifiedDate":"2026-01-28T20:24:16","isFullCredit":false},{"lineNumber":65,"author":{"gitId":"ghyyuan"},"content":"        showLine();","lastModifiedDate":"2026-01-28T20:24:16","isFullCredit":false},{"lineNumber":66,"author":{"gitId":"ghyyuan"},"content":"    }","lastModifiedDate":"2026-01-28T20:24:16","isFullCredit":false},{"lineNumber":67,"author":{"gitId":"ghyyuan"},"content":"","lastModifiedDate":"2026-01-28T20:24:16","isFullCredit":false},{"lineNumber":68,"author":{"gitId":"ghyyuan"},"content":"    public void showRemove(Task task, int total) {","lastModifiedDate":"2026-01-28T20:43:10","isFullCredit":false},{"lineNumber":69,"author":{"gitId":"ghyyuan"},"content":"        showLine();","lastModifiedDate":"2026-01-28T20:43:10","isFullCredit":false},{"lineNumber":70,"author":{"gitId":"ghyyuan"},"content":"        System.out.printf(\"Noted. I\u0027ve removed this task:\\n%s\\nNow you have %d tasks in the list\\n\", task.toString(), total);","lastModifiedDate":"2026-01-28T20:43:10","isFullCredit":false},{"lineNumber":71,"author":{"gitId":"ghyyuan"},"content":"        showLine();","lastModifiedDate":"2026-01-28T20:43:10","isFullCredit":false},{"lineNumber":72,"author":{"gitId":"ghyyuan"},"content":"    }","lastModifiedDate":"2026-01-28T20:43:10","isFullCredit":false},{"lineNumber":73,"author":{"gitId":"ghyyuan"},"content":"","lastModifiedDate":"2026-01-28T20:43:10","isFullCredit":false},{"lineNumber":74,"author":{"gitId":"ghyyuan"},"content":"    public void showError(String error) {","lastModifiedDate":"2026-01-28T20:24:16","isFullCredit":false},{"lineNumber":75,"author":{"gitId":"ghyyuan"},"content":"        System.out.println(error);","lastModifiedDate":"2026-01-28T20:24:16","isFullCredit":false},{"lineNumber":76,"author":{"gitId":"ghyyuan"},"content":"    }","lastModifiedDate":"2026-01-26T16:34:09","isFullCredit":false},{"lineNumber":77,"author":{"gitId":"ghyyuan"},"content":"","lastModifiedDate":"2026-02-04T14:46:38","isFullCredit":false},{"lineNumber":78,"author":{"gitId":"ghyyuan"},"content":"    public void showCorruptedError() {","lastModifiedDate":"2026-02-04T14:46:38","isFullCredit":false},{"lineNumber":79,"author":{"gitId":"ghyyuan"},"content":"        System.out.println(\"Skipping corrupted lines...\u003e\u003c\");","lastModifiedDate":"2026-02-04T14:46:38","isFullCredit":false},{"lineNumber":80,"author":{"gitId":"ghyyuan"},"content":"    }","lastModifiedDate":"2026-02-04T14:46:38","isFullCredit":false},{"lineNumber":81,"author":{"gitId":"ghyyuan"},"content":"}","lastModifiedDate":"2026-01-26T16:34:09","isFullCredit":false}],"authorContributionMap":{"ghyyuan":81}},{"path":"text-ui-test/input.txt","fileType":"txt","lines":[{"lineNumber":1,"author":{"gitId":"ghyyuan"},"content":"todo read kindle books","lastModifiedDate":"2026-01-25T13:34:11","isFullCredit":false},{"lineNumber":2,"author":{"gitId":"ghyyuan"},"content":"deadline CS2103T reading /by 2016-12-01","lastModifiedDate":"2026-02-04T21:51:59","isFullCredit":false},{"lineNumber":3,"author":{"gitId":"ghyyuan"},"content":"event have dinner /from 2222-12-05 /to 2011-11-23","lastModifiedDate":"2026-02-04T21:51:59","isFullCredit":false},{"lineNumber":4,"author":{"gitId":"ghyyuan"},"content":"mark 1","lastModifiedDate":"2026-01-28T20:24:16","isFullCredit":false},{"lineNumber":5,"author":{"gitId":"ghyyuan"},"content":"list","lastModifiedDate":"2026-01-25T13:34:11","isFullCredit":false},{"lineNumber":6,"author":{"gitId":"ghyyuan"},"content":"unmark 1","lastModifiedDate":"2026-01-28T20:24:16","isFullCredit":false},{"lineNumber":7,"author":{"gitId":"ghyyuan"},"content":"list","lastModifiedDate":"2026-01-25T13:34:11","isFullCredit":false},{"lineNumber":8,"author":{"gitId":"ghyyuan"},"content":"bye","lastModifiedDate":"2026-01-25T13:34:11","isFullCredit":false}],"authorContributionMap":{"ghyyuan":8}},{"path":"text-ui-test/runtest.bat","fileType":"bat","lines":[{"lineNumber":1,"author":{"gitId":"-"},"content":"@ECHO OFF","lastModifiedDate":"2020-05-25T00:03:55","isFullCredit":false},{"lineNumber":2,"author":{"gitId":"-"},"content":"","lastModifiedDate":"2020-05-25T00:03:55","isFullCredit":false},{"lineNumber":3,"author":{"gitId":"-"},"content":"REM create bin directory if it doesn\u0027t exist","lastModifiedDate":"2020-05-25T00:03:55","isFullCredit":false},{"lineNumber":4,"author":{"gitId":"-"},"content":"if not exist ..\\bin mkdir ..\\bin","lastModifiedDate":"2020-05-25T00:03:55","isFullCredit":false},{"lineNumber":5,"author":{"gitId":"-"},"content":"","lastModifiedDate":"2020-05-25T00:03:55","isFullCredit":false},{"lineNumber":6,"author":{"gitId":"-"},"content":"REM delete output from previous run","lastModifiedDate":"2020-05-25T00:03:55","isFullCredit":false},{"lineNumber":7,"author":{"gitId":"-"},"content":"if exist ACTUAL.TXT del ACTUAL.TXT","lastModifiedDate":"2020-08-25T17:23:26","isFullCredit":false},{"lineNumber":8,"author":{"gitId":"-"},"content":"","lastModifiedDate":"2020-05-25T00:03:55","isFullCredit":false},{"lineNumber":9,"author":{"gitId":"-"},"content":"REM compile the code into the bin folder","lastModifiedDate":"2020-05-25T00:03:55","isFullCredit":false},{"lineNumber":10,"author":{"gitId":"-"},"content":"javac  -cp ..\\src\\main\\java -Xlint:none -d ..\\bin ..\\src\\main\\java\\*.java","lastModifiedDate":"2020-08-25T17:23:26","isFullCredit":false},{"lineNumber":11,"author":{"gitId":"-"},"content":"IF ERRORLEVEL 1 (","lastModifiedDate":"2020-05-25T00:03:55","isFullCredit":false},{"lineNumber":12,"author":{"gitId":"-"},"content":"    echo ********** BUILD FAILURE **********","lastModifiedDate":"2020-05-25T00:03:55","isFullCredit":false},{"lineNumber":13,"author":{"gitId":"-"},"content":"    exit /b 1","lastModifiedDate":"2020-05-25T00:03:55","isFullCredit":false},{"lineNumber":14,"author":{"gitId":"-"},"content":")","lastModifiedDate":"2020-05-25T00:03:55","isFullCredit":false},{"lineNumber":15,"author":{"gitId":"-"},"content":"REM no error here, errorlevel \u003d\u003d 0","lastModifiedDate":"2020-05-25T00:03:55","isFullCredit":false},{"lineNumber":16,"author":{"gitId":"-"},"content":"","lastModifiedDate":"2020-05-25T00:03:55","isFullCredit":false},{"lineNumber":17,"author":{"gitId":"-"},"content":"REM run the program, feed commands from input.txt file and redirect the output to the ACTUAL.TXT","lastModifiedDate":"2020-05-25T00:03:55","isFullCredit":false},{"lineNumber":18,"author":{"gitId":"ghyyuan"},"content":"java -classpath ..\\bin Memo \u003c input.txt \u003e ACTUAL.TXT","lastModifiedDate":"2026-01-21T14:04:39","isFullCredit":false},{"lineNumber":19,"author":{"gitId":"-"},"content":"","lastModifiedDate":"2020-05-25T00:03:55","isFullCredit":false},{"lineNumber":20,"author":{"gitId":"-"},"content":"REM compare the output to the expected output","lastModifiedDate":"2020-05-25T00:03:55","isFullCredit":false},{"lineNumber":21,"author":{"gitId":"-"},"content":"FC ACTUAL.TXT EXPECTED.TXT","lastModifiedDate":"2020-05-25T00:03:55","isFullCredit":false}],"authorContributionMap":{"ghyyuan":1,"-":20}}]
