{"authorDailyContributionsMap":{"ghyyuan":[{"date":"2026-01-21T00:00:00","commitResults":[{"hash":"3e91919789586510463718b7b6625204e2cafa56","isMergeCommit":false,"messageTitle":"Rename \"Duke\" to \"Memo\"","messageBody":"","tags":["Level-0"],"fileTypesAndContributionMap":{"java":{"insertions":9,"deletions":10},"bat":{"insertions":1,"deletions":1},"md":{"insertions":3,"deletions":3}}}]},{"date":"2026-01-22T00:00:00","commitResults":[{"hash":"3dd50acce33c4d17e8a802a46aeebfc5101a6212","isMergeCommit":false,"messageTitle":"Memo.java: Echo user command","messageBody":"","tags":["Level-1"],"fileTypesAndContributionMap":{"java":{"insertions":12,"deletions":1}}},{"hash":"9226fd67a521a852da957a85b4f707f8f286dd36","isMergeCommit":false,"messageTitle":"Memo.java: Add todo and list todo","messageBody":"","tags":["Level-2"],"fileTypesAndContributionMap":{"java":{"insertions":11,"deletions":1}}}]},{"date":"2026-01-24T00:00:00","commitResults":[{"hash":"d51027c44f3626961bcb1728333b83fc5687b0c0","isMergeCommit":false,"messageTitle":"Memo.java: Add mark and unmark todo, with some basic invalid input handling","messageBody":"","tags":["Level-3"],"fileTypesAndContributionMap":{"java":{"insertions":42,"deletions":4}}},{"hash":"58f88b0c0ddfec05d723e0ee69886048af0bf97d","isMergeCommit":false,"messageTitle":"Memo.java: Support different types of tasks","messageBody":"Support todo, event and deadline, but doesn\u0027t handle wrong user input right now\n","tags":["Level-4"],"fileTypesAndContributionMap":{"java":{"insertions":89,"deletions":21}}}]},{"date":"2026-01-25T00:00:00","commitResults":[{"hash":"ae1136f751c98eedb0074220efe588dffc0c9a32","isMergeCommit":false,"messageTitle":"Build up basic UI testing, and enhance formatting","messageBody":"","tags":["A-TextUiTesting"],"fileTypesAndContributionMap":{"txt":{"insertions":9,"deletions":0},"java":{"insertions":4,"deletions":4}}}]},{"date":"2026-01-26T00:00:00","commitResults":[{"hash":"1d6b0a8fb735b27e5275df3e4e52aeb031a051c8","isMergeCommit":false,"messageTitle":"Add enum \"Command\" and UI class","messageBody":"Prepare for a more OOP structure\n","tags":["A-Enums"],"fileTypesAndContributionMap":{"java":{"insertions":58,"deletions":0}}}]},{"date":"2026-01-28T00:00:00","commitResults":[{"hash":"7601ffd508f06def52645c6aaa42c95f15e32467","isMergeCommit":false,"messageTitle":"Implement MemoException","messageBody":"And refine Ui testing and use UI.java in Memo.java\n","tags":["Level-5"],"fileTypesAndContributionMap":{"txt":{"insertions":2,"deletions":3},"java":{"insertions":98,"deletions":60}}},{"hash":"bd657f0f11d4fade9a1191fcdea7ac4341f7faa4","isMergeCommit":false,"messageTitle":"Memo.java: Add delete","messageBody":"","tags":["Level-6"],"fileTypesAndContributionMap":{"java":{"insertions":23,"deletions":2}}}]},{"date":"2026-02-02T00:00:00","commitResults":[{"hash":"de84ccee21725830030b19e29b5f2ec517a6847f","isMergeCommit":false,"messageTitle":"Add storage func to save list to hard disk","messageBody":"","fileTypesAndContributionMap":{"java":{"insertions":70,"deletions":1}}},{"hash":"94f2fd6f2a3d475376a5d68b416b745663297128","isMergeCommit":false,"messageTitle":"Add load func when starting up","messageBody":"","fileTypesAndContributionMap":{"java":{"insertions":35,"deletions":4}}},{"hash":"97e8b815009958c22b0ece183b47bc5e5416396b","isMergeCommit":true,"messageTitle":"Merge branch \u0027branch-Level-7\u0027 Enable saving and loading task lists","messageBody":"","tags":["Level-7"],"fileTypesAndContributionMap":{}}]}]},"authorFileTypeContributionMap":{"ghyyuan":{"java":353,"md":3,"fxml":0,"sh":0,"bat":1,"gradle":0,"txt":8}},"authorContributionVariance":{"ghyyuan":2531.3823},"authorDisplayNameMap":{"ghyyuan":"CS2103T-T13-3 GAO ..YING"}}
