{"authorDailyContributionsMap":{"mashmllo":[{"date":"2026-01-15T00:00:00","commitResults":[{"hash":"f169fb8ec0b56ee1cc25bf746483c3eb2a09ee0c","isMergeCommit":false,"messageTitle":"Rename chatbot from Duke to Sora","messageBody":"Change the name of the chatbot from Duke to Sora and remove all references to Duke where applicable to ensure consistency.\n","fileTypesAndContributionMap":{"java":{"insertions":10,"deletions":10},"bat":{"insertions":1,"deletions":1},"md":{"insertions":1,"deletions":1}}},{"hash":"020e901fe1f6e97668c78ddf627e30e2dcdecd37","isMergeCommit":false,"messageTitle":"Refactor ASCII logo into text block","messageBody":"Previous logo used concatenated strings with \\n, which was messy and difficult to edit.\n\nRefactor the ASCII-art logo into a Java text block to improve readability of the logo representation.\n","fileTypesAndContributionMap":{"java":{"insertions":8,"deletions":5}}},{"hash":"c74fe5d00662fee412b78cb135a5a8aaf4dc02f7","isMergeCommit":false,"messageTitle":"Ui class: Add private printLine() method","messageBody":"UI output lack clear visual separation between messages, making it difficult to read.\n\nAdd a private helper method that prints a horizontal divider before and after each message to improve readability and consistency.\n","fileTypesAndContributionMap":{"java":{"insertions":15,"deletions":0}}},{"hash":"0ad8bff241937c012421b64e7329efe9f50aa9f9","isMergeCommit":false,"messageTitle":"Ui class: Add greetUser() method","messageBody":"Chatbot does not greet user when the program starts.\n\nAdd a greetUser() method to greet the user when the program starts to provide a friendly interface at launch.\n","fileTypesAndContributionMap":{"java":{"insertions":22,"deletions":9}}},{"hash":"45596e76967baafaa2e70ed263ac2749b531f336","isMergeCommit":false,"messageTitle":"Ui class: Add farewellMessage() method","messageBody":"Chatbot currently does not provide a closing message, making the program feel abrupt at exit.\n\nAdd a farewellMessage() method to display the farewell message the user before the program exit to provide a friendly interface upon exit.\n","tags":["Level-0"],"fileTypesAndContributionMap":{"java":{"insertions":11,"deletions":0}}},{"hash":"d929790ec41064696782be1e35a234f1a0e8a570","isMergeCommit":false,"messageTitle":"Add preceding line before farewell message","messageBody":"Farewell message was only separated by a single divider after the message was printed, making the console feels unbalanced.\n\nAdd another horizontal divider before the farewell message to create a consistent visual separation.\n","fileTypesAndContributionMap":{"java":{"insertions":1,"deletions":0}}},{"hash":"d4b09caa9eef52ec5e651517a4874a0ac9d214c8","isMergeCommit":false,"messageTitle":"Add CommandHandler class to manage workflow","messageBody":"Introduce CommandHandler class to encapsulate user interaction logic and streamline the workflow.\n\nProvides a run() method that serves as a central entry point for command handling. This refactoring improves code organization and prepares the program from handling future extensions.\n","fileTypesAndContributionMap":{"java":{"insertions":21,"deletions":6}}},{"hash":"1282082c4b2424bce6bf1d14e75debee0b20f560","isMergeCommit":false,"messageTitle":"Add class-level Javadoc to CommandHandler","messageBody":"Include a Javadoc comment for the CommandHandler class to explain its role in managing user interactions.\n","fileTypesAndContributionMap":{"java":{"insertions":6,"deletions":0}}},{"hash":"aeba96649f52c3b13ae67e516d475042c1573f2f","isMergeCommit":false,"messageTitle":"Ui class: Add echo() method","messageBody":"Add echo() method that prints a user command.\n","fileTypesAndContributionMap":{"java":{"insertions":12,"deletions":0}}},{"hash":"fb4beb1e92ef0abc115e631b2116f3b00891569f","isMergeCommit":false,"messageTitle":"CommandHandler class: Update run() method","messageBody":"The run() method previously did not support interactive user input and contained limited workflow logic.\n\nExtend run() to read user commands in a loop and introduce a private helper method handleCommand() to improve readability, structure, and make the command handling logic easier to extend in the future.\n","tags":["Level-1"],"fileTypesAndContributionMap":{"java":{"insertions":28,"deletions":1}}},{"hash":"9a58f929c1744383e3a2f836a17df4e00cce8457","isMergeCommit":false,"messageTitle":"Store tasks and display confirmation message","messageBody":"Save each user-entered task into an array. After adding a task, a confirmation message will be displayed to let user know it has been successfully added, to provide a more user-friendly way to track tasks.\n","fileTypesAndContributionMap":{"java":{"insertions":26,"deletions":3}}},{"hash":"f304cb984cdcfe6bad2e3b6d8c641e566df9c1e8","isMergeCommit":false,"messageTitle":"Display stored tasks using list command","messageBody":"Add functionality to display all tasks stored into the array when the user enters \"list\" command.\n\nEach task is shown in the order it was added, giving the user a clear overview of their tasks.\n","tags":["Level-2"],"fileTypesAndContributionMap":{"java":{"insertions":21,"deletions":1}}},{"hash":"0ca7f29850cb6929dc3bbfd253b5cf1f45b1486b","isMergeCommit":false,"messageTitle":"Add Task class for task list","messageBody":"Introduce a Task class to encapsulate task data and behavior.\n\nEach task has a name and a completion status, with methods to mark the task as done or not done. A toString() method is also provided to display the task with its status icon.\n\nThis improves code organization and makes it easier to extend task functionality in the future.\n","fileTypesAndContributionMap":{"java":{"insertions":48,"deletions":0}}},{"hash":"a0cca14b672c430ee45d1a94356181cd09d2072d","isMergeCommit":false,"messageTitle":"Add Javadoc for Task.toString()","messageBody":"Document the toString() method in the Task class with Javadoc\n","fileTypesAndContributionMap":{"java":{"insertions":4,"deletions":0}}},{"hash":"f5bfc138595540f17e4ad7eea04c2256be9d58e3","isMergeCommit":false,"messageTitle":"Refactor task storage from String to Task object","messageBody":"Update the program to store tasks as Task objects instead of String.\n\nThis allows each task to maintain a name and completion status. The change improves data encapsulation and prepares the code for future extensions.\n","fileTypesAndContributionMap":{"java":{"insertions":3,"deletions":3}}},{"hash":"9107e1fa558292f90782d195f5a00ed6510db99b","isMergeCommit":false,"messageTitle":"Add task completion with error handling","messageBody":"Allow user to mark tasks as completed using the \"mark \u003ctask number\" command.\n\nThe program would validate the task number and update the task completion status if it exists. If the number entered is invalid or out of range, an error message would be displayed to guide the user.\n","fileTypesAndContributionMap":{"java":{"insertions":51,"deletions":1}}}]},{"date":"2026-01-16T00:00:00","commitResults":[{"hash":"05684ff3f83c6142bd3f59d9128fe9a9c02d5ff3","isMergeCommit":false,"messageTitle":"Refactor task status method to mark and unmark","messageBody":"Rename and refactor the previous markTask() method to a more descriptive name and support marking task as done and reverting them back to not done.\n\nUsers can now enter \"mark \u003ctask number\u003e\" to complete a task or \"unmark \u003ctask number\u003e\" to revert back the task completion. Inputs are also validated and error messages are displayed for invalid or out of range task numbers or incorrect commands.\n\nThis helps to improve code readability and consolidates status handling.\n","tags":["Level-3"],"fileTypesAndContributionMap":{"java":{"insertions":42,"deletions":11}}},{"hash":"061c38eadc65772de9e3bf1bf593634c3f886215","isMergeCommit":false,"messageTitle":"Ui class: Refactor showAddTask() to use Task","messageBody":"The method previously accepted a String when displaying newly added task, which limited the ability to display richer task information and made the code harder to extend.\n\nRefactor showAddTask() to accept a Task object and current task count instead.\n\n This provides clearer feedback by displaying the task details and the total number of task stored, while improving readability and extensibility.\n","fileTypesAndContributionMap":{"java":{"insertions":9,"deletions":5}}},{"hash":"3b280bd98539b54231e8cea35cdc9cc6758c361e","isMergeCommit":false,"messageTitle":"Add ToDo class","messageBody":"Introduce a ToDo class to encapsulate individual task data and behavior. This prepares the code for a cleaner task management system and improves encapsulation, making tasks easier to extend in the future.\n","fileTypesAndContributionMap":{"java":{"insertions":25,"deletions":0}}},{"hash":"c0dc13409a10522e7fd017972b3e59d3018c7688","isMergeCommit":false,"messageTitle":"Split CommandHandler into TaskManager and Parser","messageBody":"CommandHandler was handling multiple responsibilities:\n* Task storage, status update and task counting\n* Parsing user commands\n* Coordinating the program workflow\n\nThis violates the Single Responsibility Principle and made the code harder to read, maintain and extend.\n\nRefactor responsibilities into separate classes:\n* TaskManager handles all task-related operations\n* Parser handles user command parsing\n\nThis improves readability and make future extensions and testing easier.\n","fileTypesAndContributionMap":{"java":{"insertions":118,"deletions":11}}},{"hash":"3582d3ea08339c4b42cf46d270b02937c3a3e9c2","isMergeCommit":false,"messageTitle":"Add Deadline class","messageBody":"Introduce a Deadline class to allow user to create task with a specific date and time that they must complete. For example: \"submit report by 15/01/2026 5pm\".\n\nThis allows users to see time-sensitive tasks more clearly.\n","fileTypesAndContributionMap":{"java":{"insertions":58,"deletions":1}}},{"hash":"3607d26326032d5cbe8ba6bd0e288edb58774857","isMergeCommit":false,"messageTitle":"Add Event class with start and end time","messageBody":"Introduce an Event class to allow user to create task that have both a start and end date/time. For example: \"project meeting Mon 2-4pm\".\n\nThis allows users to track scheduled events clearly and differentiate them from todo or deadline tasks.\n","fileTypesAndContributionMap":{"java":{"insertions":67,"deletions":1}}},{"hash":"c0c19dfc1146f029e21e91d4ab36a30b2501c892","isMergeCommit":false,"messageTitle":"Fix error message to reference Event","messageBody":"Update the exception message in parseEvent() to correctly reference \"Event\" instead of \"Deadline\". This ensures that the error message accurately reflects the type of task being parsed, improving clarity to user when input is invalid\n","tags":["Level-4"],"fileTypesAndContributionMap":{"java":{"insertions":1,"deletions":1}}},{"hash":"1da085a6ab32de2aae82affa15dadd37443053aa","isMergeCommit":false,"messageTitle":"Add automated Text UI testing","messageBody":"Introduce a semi-automated testing of the chatbot using I/O redirection. This technique allows testing of user commands through the use of scripting, reducing the need for manual testing.\n\nInput script and expected output can be found in the text-ui-test folder.\n","fileTypesAndContributionMap":{"txt":{"insertions":32,"deletions":0}}},{"hash":"acdfcf320736715b902a2c5442f604b2d0dcdf48","isMergeCommit":false,"messageTitle":"Fix mark command bug","messageBody":"Correct the handleCommand() check for \"mark\" command. Previously, an unnecessary space caused the command to not be recognized properly.\n","tags":["A-TextUiTesting"],"fileTypesAndContributionMap":{"java":{"insertions":1,"deletions":1}}},{"hash":"b5610c58e0d968d66b703bb527fbedc1e6828e9a","isMergeCommit":false,"messageTitle":"Add custom exceptions for Sora","messageBody":"Introduce three main exception classes for Sora:\n* SoraException: abstract base class for all runtime error encountered by Sora\n* InvalidFormatException: handles invalid command format\n* UnknownCommandException: handles unrecognized commands\n\nThese exceptions centralize error handling and makes it easier to manage runtime errors consistently across the application\n","fileTypesAndContributionMap":{"java":{"insertions":46,"deletions":0}}},{"hash":"e6ba700543c8a6d487c775aab8aa6dd3817db433","isMergeCommit":false,"messageTitle":"Refactor CommandHandler and Parser to use exceptions","messageBody":"Refactor CommandHandler and Parser to throw custom Sora exceptions instead of generic exceptions to improve error handling consistency and makes the code easier to maintain and extend.\n","tags":["Level-5"],"fileTypesAndContributionMap":{"java":{"insertions":55,"deletions":49}}}]},{"date":"2026-01-17T00:00:00","commitResults":[{"hash":"652807aceedf2b841fb8ca0b43a5fc344726ebca","isMergeCommit":false,"messageTitle":"Refactor tasks to use ArrayList","messageBody":"Use an ArrayList to store task instead of fixed-size array to allow dynamic resizing.\n\nThis helps to improve code flexibility, removes the fixed-size limit, making it easier to maintain and update the tasks list\n","fileTypesAndContributionMap":{"java":{"insertions":29,"deletions":27}}},{"hash":"3729ac18e33415513855faf91a57d845e49092b5","isMergeCommit":false,"messageTitle":"Ui class: Remove unused echo() method","messageBody":"The echo() method in Ui class is no longer used.\n\nRemoving it reduces dead code and simplifies the Ui class to improve readability.\n","fileTypesAndContributionMap":{"java":{"insertions":0,"deletions":11}}},{"hash":"33cc40b103e542e182b74dbc7a33a623dab87d5d","isMergeCommit":false,"messageTitle":"Refactor command handling for extensibility","messageBody":"Refactor CommandHandler and related classes to make it more scalable and allows future commands tto be integrated with minimal changes.\n\nRename Parser to CommandParser to better reflect its role in the current structure, improving readability and maintainability.\n","fileTypesAndContributionMap":{"java":{"insertions":245,"deletions":79}}},{"hash":"caf8c2f6729dd173e29e88af3528ec69d8e9ddb0","isMergeCommit":false,"messageTitle":"Add delete task function","messageBody":"Introduce a delete function to allow user to remove the task from the task list by specifying the task number.\n\nThis helps to allow user to better manage and update their task list, by removing completed or unwanted task.\n","fileTypesAndContributionMap":{"java":{"insertions":75,"deletions":6}}},{"hash":"b2b2e51547e3f9a0a3845b45b72c786c288068bc","isMergeCommit":false,"messageTitle":"Update input.txt and EXPECTED.TXT for testing","messageBody":"Update the input and expected output files used for automated text UI testing.\n\nThese changes ensure that the test correctly reflect the recent updates to the commands available, improving the reliability of the semi-automated test suite.\n","tags":["Level-6"],"fileTypesAndContributionMap":{"txt":{"insertions":15,"deletions":2}}}]}]},"authorFileTypeContributionMap":{"mashmllo":{"java":826,"md":1,"fxml":0,"sh":0,"bat":1,"gradle":0,"txt":45}},"authorContributionVariance":{"mashmllo":47752.89},"authorDisplayNameMap":{"mashmllo":"SIM ..RYAN"}}
