{"authorDailyContributionsMap":{"mashmllo":[{"date":"2026-01-15T00:00:00","commitResults":[{"hash":"f169fb8ec0b56ee1cc25bf746483c3eb2a09ee0c","isMergeCommit":false,"messageTitle":"Rename chatbot from Duke to Sora","messageBody":"Change the name of the chatbot from Duke to Sora and remove all references to Duke where applicable to ensure consistency.\n","fileTypesAndContributionMap":{"java":{"insertions":10,"deletions":10},"bat":{"insertions":1,"deletions":1},"md":{"insertions":1,"deletions":1}}},{"hash":"020e901fe1f6e97668c78ddf627e30e2dcdecd37","isMergeCommit":false,"messageTitle":"Refactor ASCII logo into text block","messageBody":"Previous logo used concatenated strings with \\n, which was messy and difficult to edit.\n\nRefactor the ASCII-art logo into a Java text block to improve readability of the logo representation.\n","fileTypesAndContributionMap":{"java":{"insertions":8,"deletions":5}}},{"hash":"c74fe5d00662fee412b78cb135a5a8aaf4dc02f7","isMergeCommit":false,"messageTitle":"Ui class: Add private printLine() method","messageBody":"UI output lack clear visual separation between messages, making it difficult to read.\n\nAdd a private helper method that prints a horizontal divider before and after each message to improve readability and consistency.\n","fileTypesAndContributionMap":{"java":{"insertions":15,"deletions":0}}},{"hash":"0ad8bff241937c012421b64e7329efe9f50aa9f9","isMergeCommit":false,"messageTitle":"Ui class: Add greetUser() method","messageBody":"Chatbot does not greet user when the program starts.\n\nAdd a greetUser() method to greet the user when the program starts to provide a friendly interface at launch.\n","fileTypesAndContributionMap":{"java":{"insertions":22,"deletions":9}}},{"hash":"45596e76967baafaa2e70ed263ac2749b531f336","isMergeCommit":false,"messageTitle":"Ui class: Add farewellMessage() method","messageBody":"Chatbot currently does not provide a closing message, making the program feel abrupt at exit.\n\nAdd a farewellMessage() method to display the farewell message the user before the program exit to provide a friendly interface upon exit.\n","tags":["Level-0"],"fileTypesAndContributionMap":{"java":{"insertions":11,"deletions":0}}},{"hash":"d929790ec41064696782be1e35a234f1a0e8a570","isMergeCommit":false,"messageTitle":"Add preceding line before farewell message","messageBody":"Farewell message was only separated by a single divider after the message was printed, making the console feels unbalanced.\n\nAdd another horizontal divider before the farewell message to create a consistent visual separation.\n","fileTypesAndContributionMap":{"java":{"insertions":1,"deletions":0}}},{"hash":"d4b09caa9eef52ec5e651517a4874a0ac9d214c8","isMergeCommit":false,"messageTitle":"Add CommandHandler class to manage workflow","messageBody":"Introduce CommandHandler class to encapsulate user interaction logic and streamline the workflow.\n\nProvides a run() method that serves as a central entry point for command handling. This refactoring improves code organization and prepares the program from handling future extensions.\n","fileTypesAndContributionMap":{"java":{"insertions":21,"deletions":6}}},{"hash":"1282082c4b2424bce6bf1d14e75debee0b20f560","isMergeCommit":false,"messageTitle":"Add class-level Javadoc to CommandHandler","messageBody":"Include a Javadoc comment for the CommandHandler class to explain its role in managing user interactions.\n","fileTypesAndContributionMap":{"java":{"insertions":6,"deletions":0}}},{"hash":"aeba96649f52c3b13ae67e516d475042c1573f2f","isMergeCommit":false,"messageTitle":"Ui class: Add echo() method","messageBody":"Add echo() method that prints a user command.\n","fileTypesAndContributionMap":{"java":{"insertions":12,"deletions":0}}},{"hash":"fb4beb1e92ef0abc115e631b2116f3b00891569f","isMergeCommit":false,"messageTitle":"CommandHandler class: Update run() method","messageBody":"The run() method previously did not support interactive user input and contained limited workflow logic.\n\nExtend run() to read user commands in a loop and introduce a private helper method handleCommand() to improve readability, structure, and make the command handling logic easier to extend in the future.\n","tags":["Level-1"],"fileTypesAndContributionMap":{"java":{"insertions":28,"deletions":1}}},{"hash":"9a58f929c1744383e3a2f836a17df4e00cce8457","isMergeCommit":false,"messageTitle":"Store tasks and display confirmation message","messageBody":"Save each user-entered task into an array. After adding a task, a confirmation message will be displayed to let user know it has been successfully added, to provide a more user-friendly way to track tasks.\n","fileTypesAndContributionMap":{"java":{"insertions":26,"deletions":3}}},{"hash":"f304cb984cdcfe6bad2e3b6d8c641e566df9c1e8","isMergeCommit":false,"messageTitle":"Display stored tasks using list command","messageBody":"Add functionality to display all tasks stored into the array when the user enters \"list\" command.\n\nEach task is shown in the order it was added, giving the user a clear overview of their tasks.\n","tags":["Level-2"],"fileTypesAndContributionMap":{"java":{"insertions":21,"deletions":1}}},{"hash":"0ca7f29850cb6929dc3bbfd253b5cf1f45b1486b","isMergeCommit":false,"messageTitle":"Add Task class for task list","messageBody":"Introduce a Task class to encapsulate task data and behavior.\n\nEach task has a name and a completion status, with methods to mark the task as done or not done. A toString() method is also provided to display the task with its status icon.\n\nThis improves code organization and makes it easier to extend task functionality in the future.\n","fileTypesAndContributionMap":{"java":{"insertions":48,"deletions":0}}},{"hash":"a0cca14b672c430ee45d1a94356181cd09d2072d","isMergeCommit":false,"messageTitle":"Add Javadoc for Task.toString()","messageBody":"Document the toString() method in the Task class with Javadoc\n","fileTypesAndContributionMap":{"java":{"insertions":4,"deletions":0}}},{"hash":"f5bfc138595540f17e4ad7eea04c2256be9d58e3","isMergeCommit":false,"messageTitle":"Refactor task storage from String to Task object","messageBody":"Update the program to store tasks as Task objects instead of String.\n\nThis allows each task to maintain a name and completion status. The change improves data encapsulation and prepares the code for future extensions.\n","fileTypesAndContributionMap":{"java":{"insertions":3,"deletions":3}}},{"hash":"9107e1fa558292f90782d195f5a00ed6510db99b","isMergeCommit":false,"messageTitle":"Add task completion with error handling","messageBody":"Allow user to mark tasks as completed using the \"mark \u003ctask number\" command.\n\nThe program would validate the task number and update the task completion status if it exists. If the number entered is invalid or out of range, an error message would be displayed to guide the user.\n","fileTypesAndContributionMap":{"java":{"insertions":51,"deletions":1}}}]},{"date":"2026-01-16T00:00:00","commitResults":[{"hash":"05684ff3f83c6142bd3f59d9128fe9a9c02d5ff3","isMergeCommit":false,"messageTitle":"Refactor task status method to mark and unmark","messageBody":"Rename and refactor the previous markTask() method to a more descriptive name and support marking task as done and reverting them back to not done.\n\nUsers can now enter \"mark \u003ctask number\u003e\" to complete a task or \"unmark \u003ctask number\u003e\" to revert back the task completion. Inputs are also validated and error messages are displayed for invalid or out of range task numbers or incorrect commands.\n\nThis helps to improve code readability and consolidates status handling.\n","tags":["Level-3"],"fileTypesAndContributionMap":{"java":{"insertions":42,"deletions":11}}},{"hash":"061c38eadc65772de9e3bf1bf593634c3f886215","isMergeCommit":false,"messageTitle":"Ui class: Refactor showAddTask() to use Task","messageBody":"The method previously accepted a String when displaying newly added task, which limited the ability to display richer task information and made the code harder to extend.\n\nRefactor showAddTask() to accept a Task object and current task count instead.\n\n This provides clearer feedback by displaying the task details and the total number of task stored, while improving readability and extensibility.\n","fileTypesAndContributionMap":{"java":{"insertions":9,"deletions":5}}},{"hash":"3b280bd98539b54231e8cea35cdc9cc6758c361e","isMergeCommit":false,"messageTitle":"Add ToDo class","messageBody":"Introduce a ToDo class to encapsulate individual task data and behavior. This prepares the code for a cleaner task management system and improves encapsulation, making tasks easier to extend in the future.\n","fileTypesAndContributionMap":{"java":{"insertions":25,"deletions":0}}},{"hash":"c0dc13409a10522e7fd017972b3e59d3018c7688","isMergeCommit":false,"messageTitle":"Split CommandHandler into TaskManager and Parser","messageBody":"CommandHandler was handling multiple responsibilities:\n* Task storage, status update and task counting\n* Parsing user commands\n* Coordinating the program workflow\n\nThis violates the Single Responsibility Principle and made the code harder to read, maintain and extend.\n\nRefactor responsibilities into separate classes:\n* TaskManager handles all task-related operations\n* Parser handles user command parsing\n\nThis improves readability and make future extensions and testing easier.\n","fileTypesAndContributionMap":{"java":{"insertions":118,"deletions":11}}},{"hash":"3582d3ea08339c4b42cf46d270b02937c3a3e9c2","isMergeCommit":false,"messageTitle":"Add Deadline class","messageBody":"Introduce a Deadline class to allow user to create task with a specific date and time that they must complete. For example: \"submit report by 15/01/2026 5pm\".\n\nThis allows users to see time-sensitive tasks more clearly.\n","fileTypesAndContributionMap":{"java":{"insertions":58,"deletions":1}}},{"hash":"3607d26326032d5cbe8ba6bd0e288edb58774857","isMergeCommit":false,"messageTitle":"Add Event class with start and end time","messageBody":"Introduce an Event class to allow user to create task that have both a start and end date/time. For example: \"project meeting Mon 2-4pm\".\n\nThis allows users to track scheduled events clearly and differentiate them from todo or deadline tasks.\n","fileTypesAndContributionMap":{"java":{"insertions":67,"deletions":1}}},{"hash":"c0c19dfc1146f029e21e91d4ab36a30b2501c892","isMergeCommit":false,"messageTitle":"Fix error message to reference Event","messageBody":"Update the exception message in parseEvent() to correctly reference \"Event\" instead of \"Deadline\". This ensures that the error message accurately reflects the type of task being parsed, improving clarity to user when input is invalid\n","tags":["Level-4"],"fileTypesAndContributionMap":{"java":{"insertions":1,"deletions":1}}},{"hash":"1da085a6ab32de2aae82affa15dadd37443053aa","isMergeCommit":false,"messageTitle":"Add automated Text UI testing","messageBody":"Introduce a semi-automated testing of the chatbot using I/O redirection. This technique allows testing of user commands through the use of scripting, reducing the need for manual testing.\n\nInput script and expected output can be found in the text-ui-test folder.\n","fileTypesAndContributionMap":{"txt":{"insertions":32,"deletions":0}}},{"hash":"acdfcf320736715b902a2c5442f604b2d0dcdf48","isMergeCommit":false,"messageTitle":"Fix mark command bug","messageBody":"Correct the handleCommand() check for \"mark\" command. Previously, an unnecessary space caused the command to not be recognized properly.\n","tags":["A-TextUiTesting"],"fileTypesAndContributionMap":{"java":{"insertions":1,"deletions":1}}},{"hash":"b5610c58e0d968d66b703bb527fbedc1e6828e9a","isMergeCommit":false,"messageTitle":"Add custom exceptions for Sora","messageBody":"Introduce three main exception classes for Sora:\n* SoraException: abstract base class for all runtime error encountered by Sora\n* InvalidFormatException: handles invalid command format\n* UnknownCommandException: handles unrecognized commands\n\nThese exceptions centralize error handling and makes it easier to manage runtime errors consistently across the application\n","fileTypesAndContributionMap":{"java":{"insertions":46,"deletions":0}}},{"hash":"e6ba700543c8a6d487c775aab8aa6dd3817db433","isMergeCommit":false,"messageTitle":"Refactor CommandHandler and Parser to use exceptions","messageBody":"Refactor CommandHandler and Parser to throw custom Sora exceptions instead of generic exceptions to improve error handling consistency and makes the code easier to maintain and extend.\n","tags":["Level-5"],"fileTypesAndContributionMap":{"java":{"insertions":55,"deletions":49}}}]},{"date":"2026-01-17T00:00:00","commitResults":[{"hash":"652807aceedf2b841fb8ca0b43a5fc344726ebca","isMergeCommit":false,"messageTitle":"Refactor tasks to use ArrayList","messageBody":"Use an ArrayList to store task instead of fixed-size array to allow dynamic resizing.\n\nThis helps to improve code flexibility, removes the fixed-size limit, making it easier to maintain and update the tasks list\n","fileTypesAndContributionMap":{"java":{"insertions":29,"deletions":27}}},{"hash":"3729ac18e33415513855faf91a57d845e49092b5","isMergeCommit":false,"messageTitle":"Ui class: Remove unused echo() method","messageBody":"The echo() method in Ui class is no longer used.\n\nRemoving it reduces dead code and simplifies the Ui class to improve readability.\n","fileTypesAndContributionMap":{"java":{"insertions":0,"deletions":11}}},{"hash":"33cc40b103e542e182b74dbc7a33a623dab87d5d","isMergeCommit":false,"messageTitle":"Refactor command handling for extensibility","messageBody":"Refactor CommandHandler and related classes to make it more scalable and allows future commands tto be integrated with minimal changes.\n\nRename Parser to CommandParser to better reflect its role in the current structure, improving readability and maintainability.\n","fileTypesAndContributionMap":{"java":{"insertions":245,"deletions":79}}},{"hash":"caf8c2f6729dd173e29e88af3528ec69d8e9ddb0","isMergeCommit":false,"messageTitle":"Add delete task function","messageBody":"Introduce a delete function to allow user to remove the task from the task list by specifying the task number.\n\nThis helps to allow user to better manage and update their task list, by removing completed or unwanted task.\n","fileTypesAndContributionMap":{"java":{"insertions":75,"deletions":6}}},{"hash":"b2b2e51547e3f9a0a3845b45b72c786c288068bc","isMergeCommit":false,"messageTitle":"Update input.txt and EXPECTED.TXT for testing","messageBody":"Update the input and expected output files used for automated text UI testing.\n\nThese changes ensure that the test correctly reflect the recent updates to the commands available, improving the reliability of the semi-automated test suite.\n","tags":["Level-6"],"fileTypesAndContributionMap":{"txt":{"insertions":15,"deletions":2}}}]},{"date":"2026-01-21T00:00:00","commitResults":[{"hash":"ca507b7f23182c7c01fad6ccd3ebb3bff3c72f0f","isMergeCommit":false,"messageTitle":"Add task storage string format","messageBody":"Introduce a formatted string representation for the tasks to support future persistence.\n\nThis prepares the code for saving tasks to a file without implementing file I/O yet.\n","fileTypesAndContributionMap":{"java":{"insertions":45,"deletions":0}}},{"hash":"02ec7b184803b21b0dec287001229f31934d6733","isMergeCommit":false,"messageTitle":" Ui Class: Change showError() to static method","messageBody":" Change the showError() method to be static since it does not rely on instance state and can be called without creating an Ui object.\n\n This allows the error message to be displayed without the need to create an Ui object, reducing unnecessary initialization and simplifying usage.\n","fileTypesAndContributionMap":{"java":{"insertions":2,"deletions":2}}},{"hash":"81eb608583f8c9e2dd797ad518c247579b0dd2c5","isMergeCommit":false,"messageTitle":"Update CommandHandler and DeleteCommand","messageBody":"Update CommandHandler and DeleteCommand to use the new static Ui.showError() method.\n\nThis ensures that the error messages are being displayed correctly without the need to instantiate an Ui object.\n","fileTypesAndContributionMap":{"java":{"insertions":2,"deletions":2}}}]},{"date":"2026-01-22T00:00:00","commitResults":[{"hash":"894b60fb279f22d9ee9a93beb2da7e18e7096a06","isMergeCommit":false,"messageTitle":"Refactor code for storage support","messageBody":"Refactor the code and prepare the groundwork for the storage implementation. This will make it easier to integrate the saving/loading of tasks without disrupting current logic.\n","fileTypesAndContributionMap":{"java":{"insertions":66,"deletions":27}}},{"hash":"ac09722076fae6298825847e53631b327950d7ef","isMergeCommit":false,"messageTitle":"Storage class: save() to auto-save task","messageBody":"Implement automatic saving of tasks to the hard disk whenever the task list changes. This allows data to be retained across sessions.\n","fileTypesAndContributionMap":{"java":{"insertions":77,"deletions":1}}},{"hash":"ee70a326fda127a13668950f6fd35c611501736b","isMergeCommit":false,"messageTitle":"Storage class: load() to restore tasks","messageBody":"Currently, the tasks are only being saved to the disk, but there is no mechanism to restore them at startup.\n\nImplement load() method to load tasks automatically from hard disk at startup.\n","fileTypesAndContributionMap":{"java":{"insertions":122,"deletions":1}}},{"hash":"77b3c46619c444eb05823a8f85e29bc82e7b54e6","isMergeCommit":false,"messageTitle":"Include sample input and expected output files","messageBody":"Add sample input and expected output files to ensure that the results are more deterministic and consistent across run.\n","fileTypesAndContributionMap":{"txt":{"insertions":47,"deletions":43}}},{"hash":"29059bf4ad9b57cc72f94dde57de1a55d5bab207","isMergeCommit":true,"messageTitle":"Merge branch-level-7 into master","messageBody":"","tags":["Level-7"],"fileTypesAndContributionMap":{}},{"hash":"cf995d56efce0d9facdb8a076151b6b04840180f","isMergeCommit":false,"messageTitle":"Implement date and time parsing","messageBody":"Currently, Sora is unable to process date and time input correctly, which limits the ability to handle tasks with time-sensitive information effectively.\n\nImplementing parsing and recognition of date and time to correctly schedule, display and manage time-based tasks.\n","fileTypesAndContributionMap":{"java":{"insertions":164,"deletions":18}}}]},{"date":"2026-01-23T00:00:00","commitResults":[{"hash":"4c9bcdf7e2c9cec124b0546df1c217f7c6a4d7d1","isMergeCommit":false,"messageTitle":"Add date-based filtering functionality","messageBody":"Currently, users can parse dates and times but users cannot filter tasks by date. This limits the usefulness of the time-related feature.\n\nAdd a command to allow user to filter by date. This allows users to quickly check tasks and events scheduled for that particular day.\n","fileTypesAndContributionMap":{"java":{"insertions":122,"deletions":6}}},{"hash":"5271fcab67f383d80ba737fa41f34b84e51413d7","isMergeCommit":false,"messageTitle":"Update input.txt and EXPECTED.TXT for testing","messageBody":"Update the input and expected output files used for automated text UI testing to support the testing of the `on` command, used to filter tasks by dates.\n\nThese changes ensure that the test correctly reflect the recent updates to the commands available, improving the reliability of the semi-automated test suite.\n","fileTypesAndContributionMap":{"txt":{"insertions":13,"deletions":3}}},{"hash":"3e619f9fe1ddaf1f3715911a8b8b3645c8438ead","isMergeCommit":true,"messageTitle":"Merge branch-level-8 into master","messageBody":"","tags":["Level-8"],"fileTypesAndContributionMap":{}},{"hash":"73d1caf8522df3893996d81552b392fa9dcc43a4","isMergeCommit":false,"messageTitle":"Refactor CommandParser responsibilities","messageBody":"Currently, CommandParser class handles both reading raw inputs and interpreting various command-specific details. This mixes the responsibilities between the class.\n\nRefactor CommandParser to only identify command types, while delegating parsing details to its respective parse() methods.\n","fileTypesAndContributionMap":{"java":{"insertions":112,"deletions":93}}},{"hash":"b56e495cf7199c4dcc9ab0559e9215f8ca162d54","isMergeCommit":false,"messageTitle":"Make Task as an abstract class","messageBody":"Currently, Task is a concrete class and can be instantiated directly, even though it is intended as a base class for the specific task types. This can lead to accidental creation of invalid task types.\n\nChange Task into an abstract class to prevent direct instantiation and enforce correct usage through the subclasses.\n","fileTypesAndContributionMap":{"java":{"insertions":1,"deletions":1}}},{"hash":"02a3edde88a27ad0439bdbbfcf8933073753cf5c","isMergeCommit":false,"messageTitle":"Refactor Storage class for readability","messageBody":"Currently, the Storage class is difficult to read and maintain, making debugging and extending storage-related features difficult and error-prone.\n\nRefactor the Storage class helps to improve code clarity, structure and organization, making the logic clear and easy to follow.\n","tags":["A-MoreOOP"],"fileTypesAndContributionMap":{"java":{"insertions":64,"deletions":20}}},{"hash":"0c8da9cc72039d7a7bcad7c1fa8f02a661a8c52b","isMergeCommit":false,"messageTitle":"Introduce Java packages","messageBody":"Originally, the Java classes has no package declarations, making it difficult to manage imports, organize classes, and create clear abstraction for different component.\n\nIntroducing proper packages to group related classes together, improve modularity and make the codebase easier to maintain and extend.\n","fileTypesAndContributionMap":{"java":{"insertions":192,"deletions":15}}},{"hash":"487c918fafed72c92bf18c9a7febd60c78214b97","isMergeCommit":false,"messageTitle":"Update runtest.bat and runtest.sh","messageBody":"After reorganizing Java classes into its proper packages, runtime.bat and runtime.sh no longer work correctly for the automated SUT due to the change in class path and imports.\n\nUpdate the scripts to account for new package structure, ensuring that the automated SUT runs correctly.\n","tags":["A-Packages"],"fileTypesAndContributionMap":{"bat":{"insertions":2,"deletions":2},"sh":{"insertions":2,"deletions":2}}},{"hash":"730ec6daf58f3133f23960f55f8d262f7130cd45","isMergeCommit":true,"messageTitle":"Merge branch \u0027add-gradle-support\u0027","messageBody":"","fileTypesAndContributionMap":{}}]},{"date":"2026-01-24T00:00:00","commitResults":[{"hash":"b72439804bc7dcac602da040e1cd1966fa7f0a9a","isMergeCommit":false,"messageTitle":"Build: Add gradle support","messageBody":"This project does not have an automated build\nsystem and relies on manual compilation and\nexecution.\n\nManual builds are prone to errors and makes it\nharder to run the project consistently across\nenvironment.\n\nLet\u0027s\n* merge the add-gradle-support branch into master\n* configure Gradle to build and run Sora\n  application\n","tags":["A-Gradle"],"fileTypesAndContributionMap":{"gradle":{"insertions":2,"deletions":2}}},{"hash":"bba69215ba9b58590a9d23002a5d7e873a3956e5","isMergeCommit":false,"messageTitle":"Test: Add JUnit test for Task class","messageBody":"Task class lacks automated tests, making it\nharder to ensure correct behavior after changes\nmade.\n\nWithout proper tests, future refactoring or\naddition of new features may introduce unnoticed\nbugs.\n\nLet\u0027s\n* add JUnit test class for Task\n* cover core methods and check input validation\n","fileTypesAndContributionMap":{"java":{"insertions":113,"deletions":0}}},{"hash":"d22094f2a072462f208a7ce6794785e46b686946","isMergeCommit":false,"messageTitle":"Test: Add JUnit test for CommandParser class","messageBody":"CommandParser class lacks automated tests,\nmaking it harder to verify correct parsing of user commands and detect regressions.\n\nWithout proper tests, changes to parser logic\ncould unintentionally and affect the application\nbehavior.\n\nLet\u0027s\n* add JUnit test class for CommandParser\n* covering parsing of valid commands and invalid\ninputs\n","tags":["A-JUnit"],"fileTypesAndContributionMap":{"java":{"insertions":173,"deletions":0}}},{"hash":"5a6fc79697621757dda433d37db8449a90d5279f","isMergeCommit":false,"messageTitle":"Update Javadoc to follow conventions","messageBody":"Several classes and methods have Javadoc\ncomments that are inconsistent or\nincomplete, making it hard for developers\nto understand and use the code.\n\nInconsistent Javadoc can lead to\nmisunderstanding about the method usage\nand expected behavior.\n\nLet\u0027s\n* revise existing Javadoc to follow SE convention\n* ensure all public classes and methods have clear descriptions\n","tags":["A-JavaDoc"],"fileTypesAndContributionMap":{"java":{"insertions":342,"deletions":293}}}]},{"date":"2026-01-25T00:00:00","commitResults":[{"hash":"363c614242efc50e85cfa434b9447704481122cb","isMergeCommit":false,"messageTitle":"Add find command to search task","messageBody":"The application can only filter the task\nby date using the on command, making it\ndifficult for user to locate a specific\ntask.\n\nThis make finding a specific task to be\ninefficient and prone to errors,\nespecially to large task list.\n\nLet\u0027s\n* implement the find command to filter\ntask by keyword.\n* update parser and command handling to\nsupport this new keyword.\n","fileTypesAndContributionMap":{"java":{"insertions":96,"deletions":10}}},{"hash":"ef1549a9209bd92c94b7f36bccca05b0ae2a986e","isMergeCommit":false,"messageTitle":"Standardize exception classes","messageBody":"SoraException and UnknownCommandException did\nnot follow the SE coding conventions, including\nnaming and layout.\n\nNon-compliant exception classes reduce code\nreadability and may cause inconsistencies\nacross project, making maintenance harder.\n\nLet\u0027s\n* adjust layout and spacing to follow SE\nconventions\n","fileTypesAndContributionMap":{"java":{"insertions":2,"deletions":3}}},{"hash":"b5547d2ea9220c3fad340032f61eddc1e942ce41","isMergeCommit":false,"messageTitle":"Standardize Ui classes","messageBody":"The Ui class did not follow the SE coding\nconventions, including naming and layout.\n\nNon-compliant exception classes reduce code\nreadability and may cause inconsistencies\nacross project, making maintenance harder.\n\nLet\u0027s\n* adjust layout and spacing to follow SE\nconventions\n","fileTypesAndContributionMap":{"java":{"insertions":2,"deletions":2}}},{"hash":"243525d0869c8679498ef30b141446dd09a2466a","isMergeCommit":false,"messageTitle":"Standardize CommandParser class","messageBody":"The CommandParser class did not follow the SE\ncoding conventions, including naming and layout.\n\nNon-compliant exception classes reduce code\nreadability and may cause inconsistencies\nacross project, making maintenance harder.\n\nLet\u0027s\n* adjust layout and spacing to follow SE\nconventions\n","fileTypesAndContributionMap":{"java":{"insertions":0,"deletions":1}}},{"hash":"e5aea56340259e1de817d40ac770713a88c672c1","isMergeCommit":false,"messageTitle":"Standardize CommandHandler class","messageBody":"The CommandHandler class did not follow the SE\ncoding conventions, including naming and layout.\n\nNon-compliant exception classes reduce code\nreadability and may cause inconsistencies\nacross project, making maintenance harder.\n\nLet\u0027s\n* adjust layout and spacing to follow SE\nconventions\n","fileTypesAndContributionMap":{"java":{"insertions":4,"deletions":7}}},{"hash":"b8b26df5e40173807865f54a6dbe4a01176ef10c","isMergeCommit":false,"messageTitle":"Standardize Storage class","messageBody":"The Storage class did not follow the SE\ncoding conventions, including naming and layout.\n\nNon-compliant exception classes reduce code\nreadability and may cause inconsistencies\nacross project, making maintenance harder.\n\nLet\u0027s\n* adjust layout and spacing to follow SE\nconventions\n","fileTypesAndContributionMap":{"java":{"insertions":34,"deletions":22}}},{"hash":"ea2b4ae82df4cea2ea7d20d1056f2aaf583ed60e","isMergeCommit":false,"messageTitle":"Standardize ParsedDateTime class","messageBody":"The ParsedDateTime class did not follow the SE\ncoding conventions, including naming and layout.\n\nNon-compliant exception classes reduce code\nreadability and may cause inconsistencies\nacross project, making maintenance harder.\n\nLet\u0027s\n* adjust layout and spacing to follow SE\nconventions\n","fileTypesAndContributionMap":{"java":{"insertions":6,"deletions":10}}},{"hash":"ad5ef196a0f419ccb90590b71a64d81edcb93b28","isMergeCommit":false,"messageTitle":"Standardize TaskManager class","messageBody":"The TaskManager class did not follow the SE\ncoding conventions, including naming and layout.\n\nNon-compliant exception classes reduce code\nreadability and may cause inconsistencies\nacross project, making maintenance harder.\n\nLet\u0027s\n* adjust layout and spacing to follow SE\nconventions\n","fileTypesAndContributionMap":{"java":{"insertions":2,"deletions":2}}},{"hash":"ca6aea8ff0f708c3822da9531e03608419160b97","isMergeCommit":false,"messageTitle":"Standardize DateInputType enum","messageBody":"The DateInputType enum did not follow the SE\ncoding conventions, including naming and layout.\n\nNon-compliant exception classes reduce code\nreadability and may cause inconsistencies\nacross project, making maintenance harder.\n\nLet\u0027s\n* adjust layout and spacing to follow SE\nconventions\n","fileTypesAndContributionMap":{"java":{"insertions":5,"deletions":5}}},{"hash":"10ba23fd95eede6426ae8f7b229d19aa750450e8","isMergeCommit":false,"messageTitle":"Standardize Deadline class","messageBody":"The Deadline class did not follow the SE\ncoding conventions, including naming and layout.\n\nNon-compliant exception classes reduce code\nreadability and may cause inconsistencies\nacross project, making maintenance harder.\n\nLet\u0027s\n* adjust layout and spacing to follow SE\nconventions\n","fileTypesAndContributionMap":{"java":{"insertions":1,"deletions":2}}},{"hash":"3f75f5034906a256c2900ca7c5d0f706eb97c467","isMergeCommit":false,"messageTitle":"Standardize DeleteCommand class","messageBody":"The DeleteCommand class did not follow the SE\ncoding conventions, including naming and layout.\n\nNon-compliant exception classes reduce code\nreadability and may cause inconsistencies\nacross project, making maintenance harder.\n\nLet\u0027s\n* adjust layout and spacing to follow SE\nconventions\n","fileTypesAndContributionMap":{"java":{"insertions":2,"deletions":2}}},{"hash":"b993c61e55623166885eba6364fd727a7da4fbc3","isMergeCommit":false,"messageTitle":"Standardize Event class","messageBody":"The Event class did not follow the SE\ncoding conventions, including naming and layout.\n\nNon-compliant exception classes reduce code\nreadability and may cause inconsistencies\nacross project, making maintenance harder.\n\nLet\u0027s\n* adjust layout and spacing to follow SE\nconventions\n","fileTypesAndContributionMap":{"java":{"insertions":8,"deletions":7}}},{"hash":"66b7865d1005756027659fa21e714e6158353fe4","isMergeCommit":false,"messageTitle":"Standardize ExitCommand class","messageBody":"The ExitCommand class did not follow the SE\ncoding conventions, including naming and layout.\n\nNon-compliant exception classes reduce code\nreadability and may cause inconsistencies\nacross project, making maintenance harder.\n\nLet\u0027s\n* adjust layout and spacing to follow SE\nconventions\n","fileTypesAndContributionMap":{"java":{"insertions":1,"deletions":2}}},{"hash":"e61b5d1770d64abf33eb3c469bc14bf3531c08c5","isMergeCommit":false,"messageTitle":"Standardize IndexCommand class","messageBody":"The IndexCommand class did not follow the SE\ncoding conventions, including naming and layout.\n\nNon-compliant exception classes reduce code\nreadability and may cause inconsistencies\nacross project, making maintenance harder.\n\nLet\u0027s\n* adjust layout and spacing to follow SE\nconventions\n","fileTypesAndContributionMap":{"java":{"insertions":11,"deletions":2}}},{"hash":"00505127529644096f89b11e381d149593c633b9","isMergeCommit":false,"messageTitle":"Standardize ListCommand class","messageBody":"The ListCommand class did not follow the SE\ncoding conventions, including naming and layout.\n\nNon-compliant exception classes reduce code\nreadability and may cause inconsistencies\nacross project, making maintenance harder.\n\nLet\u0027s\n* adjust layout and spacing to follow SE\nconventions\n","fileTypesAndContributionMap":{"java":{"insertions":1,"deletions":0}}},{"hash":"431708166d5d00488facae7cc8904e4b44108013","isMergeCommit":false,"messageTitle":"Standardize OnCommand class","messageBody":"The OnCommand class did not follow the SE\ncoding conventions, including naming and layout.\n\nNon-compliant exception classes reduce code\nreadability and may cause inconsistencies\nacross project, making maintenance harder.\n\nLet\u0027s\n* adjust layout and spacing to follow SE\nconventions\n","fileTypesAndContributionMap":{"java":{"insertions":15,"deletions":14}}},{"hash":"d9a2b609d11c0ee75073a9f2c449830d891e44e5","isMergeCommit":false,"messageTitle":"Standardize UnmarkedCommand class","messageBody":"The UnmarkedCommand class did not follow the SE\ncoding conventions, including naming and layout.\n\nNon-compliant exception classes reduce code\nreadability and may cause inconsistencies\nacross project, making maintenance harder.\n\nLet\u0027s\n* adjust layout and spacing to follow SE\nconventions\n","fileTypesAndContributionMap":{"java":{"insertions":1,"deletions":3}}},{"hash":"b1db28bbe5a9d26dd2ff148a297b4c5850c7a276","isMergeCommit":true,"messageTitle":"Merge branch-A-CodingStandard into master","messageBody":"","tags":["A-CodingStandard"],"fileTypesAndContributionMap":{}},{"hash":"f59c69485b45c1d5869a74b4370059f075bd9c6f","isMergeCommit":true,"messageTitle":"Merge branch-Level-9 into master","messageBody":"","tags":["Level-9"],"fileTypesAndContributionMap":{}}]},{"date":"2026-01-28T00:00:00","commitResults":[{"hash":"75ae42b90b33fe1ddd02d8f66dc48f20226d1797","isMergeCommit":false,"messageTitle":"Fix field references in AddTaskCommand","messageBody":"AddTaskCommand currently accesses its own class\nfields in a way that does not follow SE coding\nconventions, reducing code readability and\nmaintainability.\n\nNon-compliant field references can make it\nharder to understand which variable belongs to\nthe class which variable belongs to local scope.\n\nLet\u0027s\n* update AddTaskCommand to reference class\nfields correctly\n* ensures \u0027this\u0027 keyword is used where\nappropriate\n","fileTypesAndContributionMap":{"java":{"insertions":2,"deletions":2}}},{"hash":"d89ff2e28e5d026b2f65f3b68516fc77bd82a908","isMergeCommit":false,"messageTitle":"Fix field references in CommandHandler","messageBody":"CommandHandler currently accesses its own class\nfields in a way that does not follow SE coding\nconventions, reducing code readability and\nmaintainability.\n\nNon-compliant field references can make it\nharder to understand which variable belongs to\nthe class which variable belongs to local scope.\n\nLet\u0027s\n* update CommandHandler to reference class\nfields correctly\n* ensures \u0027this\u0027 keyword is used where\nappropriate\n","fileTypesAndContributionMap":{"java":{"insertions":7,"deletions":7}}},{"hash":"36062d0ee64781e2cfc91bcab2c343d73dc952af","isMergeCommit":false,"messageTitle":"Fix field references in Deadline","messageBody":"Deadline currently accesses its own class\nfields in a way that does not follow SE coding\nconventions, reducing code readability and\nmaintainability.\n\nNon-compliant field references can make it\nharder to understand which variable belongs to\nthe class which variable belongs to local scope.\n\nLet\u0027s\n* update Deadline to reference class\nfields correctly\n* ensures \u0027this\u0027 keyword is used where\nappropriate\n","fileTypesAndContributionMap":{"java":{"insertions":3,"deletions":3}}},{"hash":"c0b390f06ff28fbc295712befe9632f0b65e33b7","isMergeCommit":false,"messageTitle":"Fix field references in Event","messageBody":"Event currently accesses its own class\nfields in a way that does not follow SE coding\nconventions, reducing code readability and\nmaintainability.\n\nNon-compliant field references can make it\nharder to understand which variable belongs to\nthe class which variable belongs to local scope.\n\nLet\u0027s\n* update Event to reference class\nfields correctly\n* ensures \u0027this\u0027 keyword is used where\nappropriate\n","fileTypesAndContributionMap":{"java":{"insertions":5,"deletions":5}}},{"hash":"7c75d70e0ef281ef7dd901ef5133e3101af75a50","isMergeCommit":false,"messageTitle":"Fix field references in Task","messageBody":"Task currently accesses its own class\nfields in a way that does not follow SE coding\nconventions, reducing code readability and\nmaintainability.\n\nNon-compliant field references can make it\nharder to understand which variable belongs to\nthe class which variable belongs to local scope.\n\nLet\u0027s\n* update Task to reference class\nfields correctly\n* ensures \u0027this\u0027 keyword is used where\nappropriate\n","fileTypesAndContributionMap":{"java":{"insertions":4,"deletions":4}}},{"hash":"f3ed26f6b228609e49d27f0127bc567c4c9a630c","isMergeCommit":false,"messageTitle":"Fix field references in TaskManager","messageBody":"TaskManager currently accesses its own class\nfields in a way that does not follow SE coding\nconventions, reducing code readability and\nmaintainability.\n\nNon-compliant field references can make it\nharder to understand which variable belongs to\nthe class which variable belongs to local scope.\n\nLet\u0027s\n* update TaskManager to reference class\nfields correctly\n* ensures \u0027this\u0027 keyword is used where\nappropriate\n","fileTypesAndContributionMap":{"java":{"insertions":12,"deletions":12}}},{"hash":"703ac3b161f9939b8ac608a018d45f702eb0d84f","isMergeCommit":false,"messageTitle":"Fix field references in ParsedDateTime","messageBody":"ParsedDateTime currently accesses its own class\nfields in a way that does not follow SE coding\nconventions, reducing code readability and\nmaintainability.\n\nNon-compliant field references can make it\nharder to understand which variable belongs to\nthe class which variable belongs to local scope.\n\nLet\u0027s\n* update ParsedDateTime to reference class\nfields correctly\n* ensures \u0027this\u0027 keyword is used where\nappropriate\n","fileTypesAndContributionMap":{"java":{"insertions":5,"deletions":5}}},{"hash":"0a4bf8d3aa768dd0fa6e85090317a090a8c41962","isMergeCommit":false,"messageTitle":"Fix field references in FindCommand","messageBody":"FindCommand currently accesses its own class\nfields in a way that does not follow SE coding\nconventions, reducing code readability and\nmaintainability.\n\nNon-compliant field references can make it\nharder to understand which variable belongs to\nthe class which variable belongs to local scope.\n\nLet\u0027s\n* update FindCommand to reference class\nfields correctly\n* ensures \u0027this\u0027 keyword is used where\nappropriate\n","fileTypesAndContributionMap":{"java":{"insertions":1,"deletions":1}}},{"hash":"c32da6301a1a998e6c35d537e019e4117ec678e0","isMergeCommit":false,"messageTitle":"Fix field references in IndexCommand","messageBody":"IndexCommand currently accesses its own class\nfields in a way that does not follow SE coding\nconventions, reducing code readability and\nmaintainability.\n\nNon-compliant field references can make it\nharder to understand which variable belongs to\nthe class which variable belongs to local scope.\n\nLet\u0027s\n* update IndexCommand to reference class\nfields correctly\n* ensures \u0027this\u0027 keyword is used where\nappropriate\n","fileTypesAndContributionMap":{"java":{"insertions":1,"deletions":1}}},{"hash":"21afdb6be43048315fe71a7345c80391c11d5031","isMergeCommit":false,"messageTitle":"Fix field references in OnCommand","messageBody":"OnCommand currently accesses its own class\nfields in a way that does not follow SE coding\nconventions, reducing code readability and\nmaintainability.\n\nNon-compliant field references can make it\nharder to understand which variable belongs to\nthe class which variable belongs to local scope.\n\nLet\u0027s\n* update OnCommand to reference class\nfields correctly\n* ensures \u0027this\u0027 keyword is used where\nappropriate\n","fileTypesAndContributionMap":{"java":{"insertions":4,"deletions":4}}},{"hash":"4fb9ca2fd3e2d6001a4a769074bea229c5dae6aa","isMergeCommit":false,"messageTitle":"Fix import conventions in CommandParserTest","messageBody":"CommandParserTest contains import that do not\nfollow SE coding conventions.\n\nNon-compliant import reduces readability and\nconsistency, and may cause confusion about\nwhich dependencies are being used in tests.\n\nLet\u0027s\n* reorder import according to SE standard\nconventions\n","fileTypesAndContributionMap":{"java":{"insertions":1,"deletions":0}}},{"hash":"2dd5c112fe0e35dcc3938b2b47b385db52acc3b0","isMergeCommit":false,"messageTitle":"Remove unused Storage constructor","messageBody":"Storage class contains a constructor that\naccepts a user-provided path but is never used\nanywhere in the project.\n\nUnused constructors add unnecessary code,\nincrease maintenance overhead and may confuse\ndevelopers about supported usage.\n\nLet\u0027s\n* delete the Storage constructor that accepts a\n path from the user\n * ensure all other constructors and methods\n remain functional\n","fileTypesAndContributionMap":{"java":{"insertions":5,"deletions":15}}}]},{"date":"2026-01-31T00:00:00","commitResults":[{"hash":"f74bd06ed2ea62062829cab0a748b6c963dcd7d1","isMergeCommit":false,"messageTitle":"Add Checkstyle to enforce coding standards","messageBody":"The project does not have an automated way to\ncheck code style consistency against coding\nconvention.\n\nWithout automated checks, the style issues can\nslip into the codebase and reduce readability\nand maintainability over time.\n\nLet\u0027s\n* add Checkstyle configurations to the project\n* integrates Checkstyle into the build process\n* enable style checks for main and test source\ncode\n","fileTypesAndContributionMap":{"gradle":{"insertions":5,"deletions":0}}},{"hash":"0d882f49f50c33f6b9147697f8d3cb4d0fd201b1","isMergeCommit":false,"messageTitle":"Refactor CommandParser class","messageBody":"CommandParser does not fully follow SE coding\nconventions.\n\nInconsistent conventions reduces readability\nand make the parsing logic harder to\nunderstand and maintain\n","fileTypesAndContributionMap":{"java":{"insertions":10,"deletions":11}}},{"hash":"83bc67c10c18e0caa41d4305e7a71af641dd5899","isMergeCommit":false,"messageTitle":"Standardise OnCommand class","messageBody":"OnCommand does not fully comply with SE coding\nconventions.\n\nInconsistent conventions reduce readability and\nmake the data filtering logic harder to\nunderstand and maintain.\n\nLet\u0027s\n* revise class structure and method ordering to\nmatch convention\n* fix naming and formatting issues in OnCommand\n","fileTypesAndContributionMap":{"java":{"insertions":2,"deletions":2}}},{"hash":"7e38815e1a553812bdf408a7fb12f1c7239005e5","isMergeCommit":false,"messageTitle":"Standardise FindCommand class","messageBody":"FindCommand does not fully comply with SE\ncoding conventions.\n\nInconsistent conventions reduce readability and\nmake the task search logic harder to understand and maintain.\n\nLet\u0027s\n* revise class structure and method ordering to\nmatch convention\n* fix naming and formatting issues in OnCommand\n","fileTypesAndContributionMap":{"java":{"insertions":2,"deletions":2}}},{"hash":"d1a8d004428e4ac58870b51139c73fdf52ec81bb","isMergeCommit":false,"messageTitle":"Standardise DeleteCommand class","messageBody":"DeleteCommand does not fully comply with SE\ncoding conventions.\n\nInconsistent conventions reduce readability and\nmake the deletion logic harder to understand\nand maintain.\n\nLet\u0027s\n* revise class structure and method ordering to\nmatch convention\n* fix naming and formatting issues in\nDeleteCommand\n","fileTypesAndContributionMap":{"java":{"insertions":1,"deletions":2}}},{"hash":"f59ef22c33bea71d24fa8f6da1f85258db3fcafa","isMergeCommit":false,"messageTitle":"Standardise MarkCommand class","messageBody":"MarkCommand does not fully comply with SE\ncoding conventions.\n\nInconsistent conventions reduce readability and\nmake the task marking logic harder to\nunderstand and maintain.\n\nLet\u0027s\n* revise class structure and method ordering to\nmatch convention\n* fix naming and formatting issues in\nMarkCommand\n","fileTypesAndContributionMap":{"java":{"insertions":1,"deletions":1}}},{"hash":"8f85a1dc10de3cfe799d6d639cbeabcd6197ecec","isMergeCommit":false,"messageTitle":"Standardise UnmarkedCommand class","messageBody":"UnmarkedCommand does not fully comply with SE\ncoding conventions.\n\nInconsistent conventions reduce readability and\nmake the task unmarking logic harder to\nunderstand and maintain.\n\nLet\u0027s\n* revise class structure and method ordering to\nmatch convention\n* fix naming and formatting issues in\nUnmarkedCommand\n","fileTypesAndContributionMap":{"java":{"insertions":1,"deletions":1}}},{"hash":"101d80129a15f877f17c33aa84e0868f6b62be0d","isMergeCommit":false,"messageTitle":"Standardise IndexCommand class","messageBody":"IndexCommand does not fully comply with SE\ncoding conventions.\n\nInconsistent conventions reduce readability and\nmake the index-based commands harder to\nunderstand and maintain.\n\nLet\u0027s\n* revise class structure and method ordering to\nmatch convention\n* fix naming and formatting issues in\nIndexCommand\n","fileTypesAndContributionMap":{"java":{"insertions":1,"deletions":1}}},{"hash":"f84ee7db4b428f91195415d3b404d0f82378013a","isMergeCommit":false,"messageTitle":"Standardise Deadline class","messageBody":"Deadline does not fully comply with SE\ncoding conventions.\n\nInconsistent conventions reduce readability and\nmake the deadline handling logic harder to\nunderstand and maintain.\n\nLet\u0027s\n* revise class structure and method ordering to\nmatch convention\n* fix naming and formatting issues in\nDeadline\n","fileTypesAndContributionMap":{"java":{"insertions":3,"deletions":3}}},{"hash":"64fb81174a79333e5be0ea1e30895e7cbe3fee0e","isMergeCommit":false,"messageTitle":"Standardise Event class","messageBody":"Event does not fully comply with SE\ncoding conventions.\n\nInconsistent conventions reduce readability and\nmake the event handling logic harder to\nunderstand and maintain.\n\nLet\u0027s\n* revise class structure and method ordering to\nmatch convention\n* fix naming and formatting issues in\nEvent\n","fileTypesAndContributionMap":{"java":{"insertions":1,"deletions":1}}},{"hash":"65616be716d07e841addba9c28c0fd3609adc6a1","isMergeCommit":false,"messageTitle":"Standardise ToDo class","messageBody":"ToDo does not fully comply with SE\ncoding conventions.\n\nInconsistent conventions reduce readability and\nmake the todo handling logic harder to\nunderstand and maintain.\n\nLet\u0027s\n* revise class structure and method ordering to\nmatch convention\n* fix naming and formatting issues in\nToDo\n","fileTypesAndContributionMap":{"java":{"insertions":1,"deletions":1}}},{"hash":"1b24eb46cf5f1d5e1fb9ad469e84716182230499","isMergeCommit":false,"messageTitle":"Standardise Storage class","messageBody":"Storage class does not fully comply with SE\ncoding conventions.\n\nInconsistent conventions reduce readability and\nmake task saving and retrieval logic\nharder to understand and maintain.\n\nLet\u0027s\n* revise class structure and method ordering to\nmatch convention\n* fix naming and formatting issues in\nStorage\n","fileTypesAndContributionMap":{"java":{"insertions":4,"deletions":4}}},{"hash":"5ca49ac7a3ac3093f22c2d33d14b6e556659659d","isMergeCommit":false,"messageTitle":"Standardise Ui class","messageBody":"Ui class does not fully comply with SE\ncoding conventions.\n\nInconsistent conventions reduce readability and\nmake user interaction logic harder to\nunderstand and maintain.\n\nLet\u0027s\n* revise class structure and method ordering to\nmatch convention\n* fix naming and formatting issues in\nUi\n","fileTypesAndContributionMap":{"java":{"insertions":2,"deletions":3}}},{"hash":"ccf40664c04c271743ced252abc1dfd949ab79a9","isMergeCommit":false,"messageTitle":"Standardise ParsedDateTime class","messageBody":"ParsedDateTime class does not fully comply with\nSE coding conventions.\n\nInconsistent conventions reduce readability and\nmake date and time parsing logic harder to\nunderstand and maintain.\n\nLet\u0027s\n* revise class structure and method ordering to\nmatch convention\n* fix naming and formatting issues in\nParsedDateTime\n","fileTypesAndContributionMap":{"java":{"insertions":3,"deletions":3}}},{"hash":"defa8418abdf8ca8afe72c745d132dd856e7a941","isMergeCommit":false,"messageTitle":"Standardise DateInputType","messageBody":"DateInputType does not fully comply with\nSE coding conventions.\n\nInconsistent conventions reduce readability and\nmake using the enum harder to understand and\nmaintain.\n\nLet\u0027s\n* fix spacing and formating issues in\nDateInputType\n","fileTypesAndContributionMap":{"java":{"insertions":27,"deletions":20}}},{"hash":"c541c1680f07bb3429b110088d9b10192bac9d4b","isMergeCommit":false,"messageTitle":"Standardise CommandParserTest class","messageBody":"CommandParserTest does not fully comply with SE\ncoding conventions.\n\nInconsistent conventions reduce readability and\nmake the test logic harder to understand and\nmaintain.\n\nLet\u0027s\n* reorder imports\n* revise method structure and spacing to match\nconventions\n","fileTypesAndContributionMap":{"java":{"insertions":43,"deletions":39}}},{"hash":"27379dee8e1f637590117b8ff4c9669ab0f097e9","isMergeCommit":false,"messageTitle":"Standardise TaskTest class","messageBody":"TaskTest does not fully comply with SE\ncoding conventions.\n\nInconsistent conventions reduce readability and\nmake the test logic harder to understand and\nmaintain.\n\nLet\u0027s\n* reorder imports\n* revise method structure and spacing to match\nconventions\n","fileTypesAndContributionMap":{"java":{"insertions":17,"deletions":16}}},{"hash":"69946108ce99b7c64642df441998479eba3896c1","isMergeCommit":false,"messageTitle":"CommandParser: Replace if statement with switch","messageBody":"CommandParser currently uses multiple if\nstatements to handle different command types in\nparseIndexCommand() which reduces readability\nand increases complexity as the number of\ncommands grows.\n\nUsing a switch statement simplifies the logic,\nmaking it easier to understand and maintain.\n\nLet\u0027s\n* replace if-else chains with a switch\nstatement for command parsing\n* ensure all existing command are correctly\nhandled\n","fileTypesAndContributionMap":{"java":{"insertions":9,"deletions":8}}},{"hash":"e3cb3100ec06af4d1b9668a9583b75c0a7317525","isMergeCommit":false,"messageTitle":"Storage: Replace if statement with switch","messageBody":"Storage currently uses multiple if statements\nto handle different task types in\nloadTask() which reduces readability and\nincreases complexity as the number of\ntasks grows.\n\nUsing a switch statement simplifies the logic,\nmaking it easier to understand and maintain.\n\nLet\u0027s\n* replace if-else chains with a switch\nstatement for task parsing\n* ensure all existing tasks are correctly\nhandled\n","fileTypesAndContributionMap":{"java":{"insertions":7,"deletions":6}}},{"hash":"1ed0874efa09c89a98b2b17a8a64f66204c429fe","isMergeCommit":true,"messageTitle":"Merge branch-A-CheckStyle into master","messageBody":"","tags":["A-CheckStyle"],"fileTypesAndContributionMap":{}},{"hash":"d709cd1fcb246caaa284035fd8c563d5fff3d893","isMergeCommit":false,"messageTitle":"Set up JavaFx GUI","messageBody":"The project currently does not have a\ngraphical user interface, making user\ninteraction limited to the command line.\n\nAdding a GUI improves usability and\nprovides a more interactive experience\nfor user.\n\nLet\u0027s\n* create a Launcher class to start the\napplication\n* set up a basic Main class with minimal\nstage and scene\n* print \"Hello World\" to verify\nsuccessful GUI launch\n","fileTypesAndContributionMap":{"gradle":{"insertions":15,"deletions":1},"java":{"insertions":45,"deletions":0}}},{"hash":"6f8a828680278cf09b919fe5dd8c75d814f36c05","isMergeCommit":false,"messageTitle":"Implement JavaFx GUI for Sora","messageBody":"Set up the GUI for Sora, including the\nmain layout, controls, and a custom\nDialogbox for chat messages.\n\nPreviously, Sora only has a command-line\ninterface, limiting user interaction and\nexperience.\n\nLet\u0027s\n* create Main.java with a basic\nAnchorPane layout\n* implement DialogBox custom control\nwith ImageView and Label\n* set window properties and control\nsizing to match the mockup\n* style DialogBox to wrap text and scale\nimages appropriately.\n","fileTypesAndContributionMap":{"java":{"insertions":129,"deletions":4},"md":{"insertions":5,"deletions":1}}},{"hash":"5ed35fc6561f0eb8735bba13526d51fbad5cd2bd","isMergeCommit":false,"messageTitle":"Add user interaction in JavaFx GUI","messageBody":"Sora GUI currently only display static dialog\nboxes and does not respond to user input,\nlimiting interactivity and usability.\n\nLet\u0027s\n* add event handlers for user input via Enter\nkey and send button\n* implement handleUserInput() to display user\nmessages and Sora response\n* create Sora#getResponse() to echo input\n* update DialogBox with flip method and static\nfactory methods\n* attach listener to dialogContainer height to\nauto-scroll ScrollPane\n","fileTypesAndContributionMap":{"java":{"insertions":101,"deletions":35}}},{"hash":"78f33ec71f5972e98fb4242de8b2582513391f7e","isMergeCommit":false,"messageTitle":"Add output handling for console and GUI","messageBody":"Sora chatbot outputs responses only to the\nconsole. There is no structured way to handle\noutput for multiple interface, limiting the\nfuture GUI integration and flexibility.\n\nLet\u0027s\n* create OutputHandler interface to define\noutput behavior\n* implement ConsoleOutput for standard console\nprinting\n* implement GuiOutput to support GUI-based\noutput\n* prepare code structure for routing responses\nto the appropriate output interface\n","fileTypesAndContributionMap":{"java":{"insertions":90,"deletions":0}}},{"hash":"79d52e0c84478c5f638d28fa02649fcbe1b97522","isMergeCommit":false,"messageTitle":"Ui: Refactor to use OutputHandler","messageBody":"The Ui class currently outputs the response to\nthe console, making it inflexible for\nsupporting multiple interfaces such as the GUI.\n\nLet\u0027s\n* integrate OutputHandler interface into Ui\n* delegate output tasks to the assigned\nOutputHandler instance\n* ensure console output still works via\nConsoleOutput\n* prepare for future GUI output using GuiOutput\n","fileTypesAndContributionMap":{"java":{"insertions":50,"deletions":49}}},{"hash":"530469351e943544bf426d5aeeae7fdacb24cd9c","isMergeCommit":false,"messageTitle":"Update OnCommand to use OutputHandler","messageBody":"OnCommand currently sends error output\ndirectly to the console, which  prevents\nresponses from being displayed in the GUI.\n\nLet\u0027s\n* replace Ui.showError() with ui.showError() to delegate all output to the provided OutputHandler\n","fileTypesAndContributionMap":{"java":{"insertions":1,"deletions":1}}},{"hash":"0571866784cd54a056489e1c10669cbf2916caf7","isMergeCommit":false,"messageTitle":"Update DeleteCommand to use OutputHandler","messageBody":"DeleteCommand currently sends error output\ndirectly to the console, which  prevents\nresponses from being displayed in the GUI.\n\nLet\u0027s\n* replace Ui.showError() with ui.showError() to delegate all output to the provided OutputHandler\n","fileTypesAndContributionMap":{"java":{"insertions":1,"deletions":1}}},{"hash":"7e5f131dc58b784b9026cfc77a5e8b5cd4761ae2","isMergeCommit":false,"messageTitle":"Update CommandHandler to support GUI input","messageBody":"CommandHandler currently only processes input\nfrom the console, which prevents the GUI input\nfrom being handled correctly.\n\nLet\u0027s\n* modify CommandHandler to accept input from\nGUI components\n* integrates with OutputHandler to display\nresponses in the GUI\n* ensure console input processing remains\nfunctional\n* prepare the codebase for seamless console\nand GUI integration\n","fileTypesAndContributionMap":{"java":{"insertions":43,"deletions":4}}},{"hash":"bc695db63470633e5a32fe8a18517a67e3665d93","isMergeCommit":false,"messageTitle":"Update Storage to support GUI input and output","messageBody":"Storage currently only saves and retrieves\ntasks based on console interactions. GUI input\nand output are not persistent, limiting the\nusability when interacting through the GUI.\n\nLet\u0027s\n* modify Storage to accept input and output\nfrom GUI components\n* ensure tasks entered via GUI are saved or\ndeleted accordingly\n","fileTypesAndContributionMap":{"java":{"insertions":16,"deletions":10}}},{"hash":"f87ea1753ce6085ca617ee7fee28a9e1c73d7f2e","isMergeCommit":false,"messageTitle":"Update TaskManager to support GUI","messageBody":"TaskManager currently only communicates task\nupdates through console, which prevents\nchanges from being reflected in the GUI.\n\nLet\u0027s\n* integrate TaskManager with OutputHandler to\nsend updates to GUI\n* ensures all task additions, deletions, and\nmodifications trigger appropriate output\n\nLet\u0027s\n* modify Storage to accept input and output\nfrom GUI components\n* ensure tasks entered via GUI are saved or\ndeleted accordingly\n","fileTypesAndContributionMap":{"java":{"insertions":25,"deletions":2}}},{"hash":"83e8649fcdec44cf25928b7fbfa07e240f9f38c3","isMergeCommit":false,"messageTitle":"Update Sora class to support GUI input/output","messageBody":"Sora previously only handled console inputs\nand echoed responses directly, preventing\nintegration with GUI components and\nOutputHandler.\n\nLet\u0027s\n* add a constructor accepting an OutputHandler\nfor GUI output\n* refactor processInput() to delegate input to\nCommandHandler\n* maintain default constructor for CLI usage\n","fileTypesAndContributionMap":{"java":{"insertions":30,"deletions":4}}},{"hash":"bde85166c330df6b2119ab9f3c83fa81851e1ac6","isMergeCommit":false,"messageTitle":"Update Main to integrate GUI input/output","messageBody":"Main previously only display user input\nlocally and display both user and Sora\nresponses directly within the GUI, without\nleveraging Sora\u0027s output handling system.\n\nLet\u0027s\n* initialise Sora with a GuiOutput instance to handle GUI response\n* delegate user input to Sora for processing instead of echoing directly\n* maintain user dialog display and handle ExitCommand to exit application gracefully\n","fileTypesAndContributionMap":{"java":{"insertions":22,"deletions":7}}},{"hash":"e4f172091fbc47ff3b9a0966ddcc77483328227d","isMergeCommit":false,"messageTitle":"CommandHandler: Remove endProgram()","messageBody":"CommandHandler previously contained\nendProgram() to check if the program has\nended. The method is no longer called\nanywhere, leading to unnecessary clutter and\npotential confusion for future maintenance.\n\nLet\u0027s\n* delete endProgram() from the class\n* ensure that all existing functionality\nremains intact\n","fileTypesAndContributionMap":{"java":{"insertions":0,"deletions":9}}},{"hash":"76ffa899e2125f5b72e2775725600162945060b8","isMergeCommit":false,"messageTitle":"Refactor GUI to use FXML","messageBody":"Main class previously handled both GUI layout\nand controller logic, making it difficult to\nmaintain and update the UI. All components,\nlisteners, and utility methods were defined in\ncode, increasing complexity for visual tweaks.\n\nLet\u0027s\n* create MainWindow.fxml and MainWindow.java\nas the main GUI controller\n* create DialogBox.fxml and DialogBox.java to\nuse FXMLLoader\n* trim Main.java to only load the FXML, inject\nthe Sora instance and show the stage\n* use @FXML annotations to bind UI elements to\ncontroller methods and variables\n","fileTypesAndContributionMap":{"fxml":{"insertions":66,"deletions":0},"java":{"insertions":145,"deletions":136}}},{"hash":"9531831f3eb209dedc1a5ec7f3e7b6e16b7b83aa","isMergeCommit":true,"messageTitle":"Merge branch-Level-10 into master","messageBody":"","tags":["Level-10"],"fileTypesAndContributionMap":{}}]},{"date":"2026-02-04T00:00:00","commitResults":[{"hash":"e705f6c60670ff62cd79238e5b63a62ab2f5899f","isMergeCommit":false,"messageTitle":"CommandParser: Refactor conditional logic to use switch-case","messageBody":"CommandParser previously relied on chained\nif-else statements to determine which command\nshould be parsed. This approach reduce\nreadability and made the logic harder to\nmaintain as more commands were added.\n\nUsing a switch expression improves clarity and\nstructure by centralising keyword matching in\na single, readable construct. It also\nleverages modern Java features, making the\nparsing logic more concise and less\nerror-prone.\n\nLet\u0027s\n* replace if-else branching with switch\nexpression\n* improve readability and maintainability of\nparsing logic\n* preserve existing command behaviour\n","fileTypesAndContributionMap":{"java":{"insertions":22,"deletions":17}}}]},{"date":"2026-02-05T00:00:00","commitResults":[{"hash":"d9e7bd79550e30a60fce0e4c2cd780fa2846299d","isMergeCommit":false,"messageTitle":"Rename UnmarkedCommand to UnmarkCommand","messageBody":"The previous class named UnmarkedCommand does\nnot comply with the project\u0027s coding standard\nconvention. Using past-tense verbs can cause\ninconsistency and reduce readability.\n\nLet\u0027s\n* rename UnmarkedCommand to UnmarkCommand\n* update all references to the new class name\n* ensure all existing functionality remains\nintact\n","fileTypesAndContributionMap":{"java":{"insertions":6,"deletions":6}}},{"hash":"81f6f93ab65d4ae0fac1ec431d7bc7bff52e9273","isMergeCommit":false,"messageTitle":"GuiOutput: Rename iconAdded to isIconAdded","messageBody":"The field iconAdded was renamed to isIconAdded\nto comply with the naming convention stated\nfor boolean variables, which typically use\n\u0027is\u0027 or \u0027has\u0027 prefixes.\n\nThis improves code readability and makes it\nclearer that the field represents a boolean\nstate.\n\nLet\u0027s\n* rename iconAdded to isIconAdded\n* update all references in code to use the new\nname\n* maintain existing functionality without\nchanges\n","fileTypesAndContributionMap":{"java":{"insertions":4,"deletions":4}}},{"hash":"da2e30015b52e5f978e301f8ae1214133dc486a1","isMergeCommit":false,"messageTitle":"GuiOutput: Fix truncated response output","messageBody":"Sora responses was being truncated when the\noutput was too long, causing messages to be\ncut off and not fully displayed in the GUI.\nThis prevented users from viewing the complete\nresponse.\n\nThis change sets\n`msg.setMaxWidth(Double.MAX_VALUE)` to allow\nthe message label to expand fully and display\nall text without truncation.\n\nLet\u0027s\n* allow labels to use maximum available width\n* maintain proper text wrapping in dialog boxes\n* ensure scroll behavior remains smooth\n","fileTypesAndContributionMap":{"java":{"insertions":1,"deletions":0}}}]},{"date":"2026-02-07T00:00:00","commitResults":[{"hash":"5fa9cd4ca2349e7e07d9e512ee20e0210e5598de","isMergeCommit":false,"messageTitle":"Event: Add assertion for input validation","messageBody":"Event tasks are created with a name, start and\nend time. Currently, it is possible to pass\nnull or blank values when constructing an\nEvent or parsing an empty command string,\nwhich could lead to errors.\n\nLet\u0027s\n* add assertions in the constructor to ensure\n\u0027from\u0027 and \u0027to\u0027 ParsedDateTime objects are not\nnull\n* add an assertion in the parse() method to\nensure that the command string is not null or\nblank\n* maintain existing InvalidFormatException for\n format violations\n","fileTypesAndContributionMap":{"java":{"insertions":4,"deletions":0}}},{"hash":"78f4eeede22143d6662e5af4f7d3522b9e5edc1f","isMergeCommit":false,"messageTitle":"Task: Add assertion for input validation","messageBody":"Task is created with a name. Currently, it is\npossible to pass null or blank name string,\nwhich could lead to errors.\n\nLet\u0027s\n* add assertion in the constructor to ensure\n\u0027name\u0027 is not null\n","fileTypesAndContributionMap":{"java":{"insertions":1,"deletions":0}}},{"hash":"97901b2b621058e4e01d6907c2dd01b2fc0e87ba","isMergeCommit":false,"messageTitle":"Todo: Add assertion for input validation","messageBody":"Todo tasks are created with a name. Currently,\nit is possible to pass a null or blank command\nstring, which could lead to errors.\n\nLet\u0027s\n* add an assertion in the parse() method to\nensure that the command string is not null or\nblank\n* maintain existing InvalidFormatException for\n format violations\n","fileTypesAndContributionMap":{"java":{"insertions":1,"deletions":0}}},{"hash":"4fd85f8e1ce70b7a2b8f3bfd796a69f2ba1e9609","isMergeCommit":false,"messageTitle":"Deadline: Add assertion for input validation","messageBody":"Deadline tasks are created with a name and\ndeadline. Currently, it is possible to pass\nnull or blank values when constructing a\nDeadline or parsing an empty command string,\nwhich could lead to errors.\n\nLet\u0027s\n* add assertion in the constructor to ensure\n\u0027by\u0027 ParsedDateTime objects are not null\n* add an assertion in the parse() method to\nensure that the command string is not null or\nblank\n* maintain existing InvalidFormatException for\n format violations\n","fileTypesAndContributionMap":{"java":{"insertions":2,"deletions":0}}},{"hash":"91e9929142d293b541f09cbf09821ec92ea58356","isMergeCommit":false,"messageTitle":"ParsedDateTime: Add assertions for null input","messageBody":"ParsedDateTime currently does not explicitly\nassert that its constructors and parser inputs\nare non-null. While null values would throw\nexceptions later, the error may not be\nimmediately clear to developers.\n\nLet\u0027s\n* add assertions in constructor to check that\n\u0027dateTime\u0027 and \u0027type\u0027 are not null\n* add an assertion in dateTimeParser() to\ncheck that input sting is not null\n* keep existing parsing logic and exception\nhandling logic unchanged\n","fileTypesAndContributionMap":{"java":{"insertions":3,"deletions":0}}},{"hash":"27c78f4bb4c8a146b7cc87d4046c11bb33894aa2","isMergeCommit":false,"messageTitle":"DateInputType: Add assertion for null input","messageBody":"DateInputType currently does not explicitly\nassert that parser inputs are non-null. While\nnull values would throw exceptions later, the\nerror may not be immediately clear to\ndevelopers.\n\nLet\u0027s\n* add an assertion in datetimeInput() to\ncheck that input sting is not null\n* keep existing parsing logic and exception\nhandling logic unchanged\n","fileTypesAndContributionMap":{"java":{"insertions":1,"deletions":0}}},{"hash":"eb619ee7602fdd202e5912882b8dcba2b2d42725","isMergeCommit":false,"messageTitle":"CommandParser: Add assertions for input validation","messageBody":"CommandParser currently validates input mostly\nthrough exception handling. However, it does\nnot assert the assumptions that methods rely\non, such as non-null command strings and\nkeywords. This can make debugging less clear\nwhen invariants are violated.\n\nLet\u0027s\n* add assertions in parse(),\nparseIndexCommand(), and getIndex() to ensure\ncommand strings and keywords are not null or\nempty.\n* add assertions in parseFilter() and\nparseSearch() to ensure command starts with\nthe expected keyword\n* maintain all existing exception handling for\nuser-facing errors\n","fileTypesAndContributionMap":{"java":{"insertions":17,"deletions":0}}},{"hash":"a5ff92d3087da6c401cef4ed44faec2da29f3e9f","isMergeCommit":false,"messageTitle":"ConsoleOutput: Add assertion for null message","messageBody":"ConsoleOutput currently prints messages\nwithout checking if the input is null. While\nprinting null to the console does not crash,\nit may indicate a programming error and can\nlead to confusing output.\n\nLet\u0027s\n* add an assertion in show() to ensure message\nis not null before printing\n* maintain existing printLine() behavior for\nformatting\n","fileTypesAndContributionMap":{"java":{"insertions":2,"deletions":0}}},{"hash":"59c7ba254890ce951aef690fb7929560510567ab","isMergeCommit":false,"messageTitle":"GuiOutput: Add assertions","messageBody":"GuiOutput currently displays messages in the\nJavaFx VBox without checks.\n\nLet\u0027s\n* add assertions to ensure container and\nmessage are not null\n","fileTypesAndContributionMap":{"java":{"insertions":3,"deletions":0}}},{"hash":"ea47ba608cd2661ef9a182a92625c8322a90eb3d","isMergeCommit":false,"messageTitle":"Storage: Add assertions and improve task parsing","messageBody":"Storage class handles reading and writing\ntasks from disk. Previously, some inputs and\ninternal states were not validated, which\ncould lead to NullPointerExceptions or\ninconsistent task loading.\n\nLet\u0027s\n* add assertions to ensure input parameters\nand internal objects are not null\n","fileTypesAndContributionMap":{"java":{"insertions":9,"deletions":0}}},{"hash":"375d3ea5bb8446eb2f2410d38a58029364e73399","isMergeCommit":false,"messageTitle":"TaskManager: Add assertions for non-null input","messageBody":"TaskManager currently does not validate\ncritical input explicitly. This could lead to\nunexpected NullPointerExceptions if a null\nOutputHandler is passed to the GUI constructor\nor a null task is added to the list.\n\nLet\u0027s\n* Ensure OutputHandler is not null in the GUI\nconstructor\n* Ensure Task objects are not null when added\nvia addTask()\n","fileTypesAndContributionMap":{"java":{"insertions":2,"deletions":0}}},{"hash":"cb39bb5078dc007ee7a30964c0cd9fd6f2ecc09a","isMergeCommit":false,"messageTitle":"AddTaskCommand: Add assertions for null checks","messageBody":"AddTaskCommand currently does not validate\ncritical input explicitly. If null is passed\nas the Task, TaskManager, or Ui, it may cause\nunexpected NullPointerExceptions at runtime.\n\nLet\u0027s\n* Ensure the task to be added is not null in\nthe constructor\n* Ensure TaskManager and Ui objects are not\nnull in execute()\n","fileTypesAndContributionMap":{"java":{"insertions":4,"deletions":0}}},{"hash":"07e3269dc71da53bf3e2e47e3b0bdc8909144d2c","isMergeCommit":false,"messageTitle":"CommandHandler: Add assertions for null checks","messageBody":"CommandHandler currently does not validate\ncritical fields and inputs. If null is passed\nfor OutputHandler or command input or if\nscanner is uninitialized for CLI, it may cause\nunexpected NullPointerExceptions at runtime.\n\nLet\u0027s\n* Ensure OutputHandler is not null in the GUI\nconstructor\n* Ensure scanner is initialized before use in\nrun()\n* Ensure input string is not null in process()\n","fileTypesAndContributionMap":{"java":{"insertions":4,"deletions":0}}},{"hash":"7efbe10d2f1e26549164f1feac517af11edbd67a","isMergeCommit":false,"messageTitle":"OnCommand: Add assertions for null checks","messageBody":"OnCommand currently does not validate\ncritical objects or task entries explicitly.\nIf null is passed as TaskManager, Ui, or tasks\nwithin the task list are encountered, it may\ncause unexpected NullPointerExceptions at\nruntime.\n\nLet\u0027s\n* Ensure taskManager is not null\n* Ensure ui is not null\n* Ensure each task in the list is  not null\n","fileTypesAndContributionMap":{"java":{"insertions":5,"deletions":0}}},{"hash":"6b3da1912beab334fd4c6b3c6dc369d1291b2092","isMergeCommit":false,"messageTitle":"FindCommand: Add assertions for null checks","messageBody":"FindCommand currently does not validate\ncritical objects or task entries explicitly.\nIf null is passed as TaskManager, Ui, or tasks\nwithin the task list are encountered, it may\ncause unexpected NullPointerExceptions at\nruntime.\n\nLet\u0027s\n* Ensure taskManager is not null\n* Ensure ui is not null\n* Ensure each task in the list is  not null\n","fileTypesAndContributionMap":{"java":{"insertions":3,"deletions":0}}},{"hash":"5537d17c004603f317b5a3c35357783025bac37d","isMergeCommit":false,"messageTitle":"ListCommand: Add assertions for null checks","messageBody":"ListCommand currently does not validate\ncritical objects explicitly. If null is passed\nas TaskManager or Ui, it may cause unexpected\nNullPointerExceptions at runtime.\n\nLet\u0027s\n* Ensure taskManager is not null\n* Ensure ui is not null\n","fileTypesAndContributionMap":{"java":{"insertions":3,"deletions":0}}},{"hash":"2080b2f49842d367b9feda8e675b625c59bfe997","isMergeCommit":false,"messageTitle":"IndexCommand: Add null and index assertions","messageBody":"IndexCommand did not validate critical inputs\nor index bounds. If taskManager or Ui is null,\nor the index is out of bounds, execution may\nresult in NullPointerExceptions or invalid\naccess.\n\nLet\u0027s\n* Ensure taskManager is not null\n* Ensure ui is not null\n* Ensure index is within valid range\n","fileTypesAndContributionMap":{"java":{"insertions":4,"deletions":0}}},{"hash":"a97937c48d7eec042a0c29623fc1e2b58fe890c9","isMergeCommit":false,"messageTitle":"DialogBox: Add assertions for message and image","messageBody":"DialogBox constructor did not validate inputs,\nwhich could lead to NullPointerExceptions when\ncreating dialog boxes in the GUI.\n\nLet\u0027s\n* Ensure that both the message and image are\nnot null\n","fileTypesAndContributionMap":{"java":{"insertions":2,"deletions":0}}},{"hash":"1c3f9c5b9a01d9a8aa41a37ea714679a3ceccce8","isMergeCommit":false,"messageTitle":"Sora: Add null check for output handler","messageBody":"Sora constructor could receive a null OutputHandler, which could cause runtime exceptions when initializing the CommandHandler.\n\nLet\u0027s\n* Ensure the OutputHandler is not null\n","fileTypesAndContributionMap":{"java":{"insertions":1,"deletions":0}}},{"hash":"49ce0175a85a02cab8be9294276dfe56659f4c2c","isMergeCommit":false,"messageTitle":"Refactor: Replace unnecessary field in DeleteCommand","messageBody":"DeleteCommand previously stored the task index\nin a private field in addition to the\ninherited index in IndexCommand. This\nredundancy can cause inconsistencies and adds\nunnecessary memory usage.\n\nLet\u0027s\n* remove the private index field and ues the\nexisting getIndex() method from parent class\n","fileTypesAndContributionMap":{"java":{"insertions":1,"deletions":4}}},{"hash":"4f894dbaf5061d7813d47ddaeab14643d8681ee8","isMergeCommit":false,"messageTitle":"Refactor: Replace unnecessary field in MarkCommand","messageBody":"MarkCommand previously stored the task index\nin a private field in addition to the\ninherited index in IndexCommand. This\nredundancy can cause inconsistencies and adds\nunnecessary memory usage.\n\nLet\u0027s\n* remove the private index field and ues the\nexisting getIndex() method from parent class\n","tags":["A-FullCommitMessage"],"fileTypesAndContributionMap":{"java":{"insertions":2,"deletions":3}}},{"hash":"41f0a2566561678a8696ba848ffe8ae16155c655","isMergeCommit":false,"messageTitle":"Main: add assertion to check non-null stage","messageBody":"The start() method in Main did not explicitly\ncheck if the Stage parameter was null. If the\nstage parameter was null, it would cause a\nruntime exception when setting the scene.\n\nLet\u0027s\n* Add an assertion to ensure that the stage is\nnot null\n","fileTypesAndContributionMap":{"java":{"insertions":2,"deletions":18}}},{"hash":"f42d6a045cb49c98510a490a6d01d65c4702652c","isMergeCommit":true,"messageTitle":"Merge pull request from mashmllo/branch-A-Assertions","messageBody":"Merge branch-A-Assertions","tags":["A-Assertions"],"fileTypesAndContributionMap":{}}]}]},"authorFileTypeContributionMap":{"mashmllo":{"java":2542,"md":5,"fxml":66,"sh":2,"bat":2,"gradle":21,"txt":59}},"authorContributionVariance":{"mashmllo":102801.12},"authorDisplayNameMap":{"mashmllo":"CS2103-F09-2 SIM ..RYAN"}}
