{"authorDailyContributionsMap":{"ixiahuo":[{"date":"2026-01-20T00:00:00","commitResults":[{"hash":"49ae1e90d4e04c499bfd14c7a41ccdae60b8be51","isMergeCommit":false,"messageTitle":"Renamed bot. Added greeting.","messageBody":"","tags":["Level-0"],"fileTypesAndContributionMap":{"java":{"insertions":11,"deletions":10},"bat":{"insertions":1,"deletions":1},"md":{"insertions":2,"deletions":2}}},{"hash":"37aa79d729389a9fae68171f753c8e00762c7126","isMergeCommit":false,"messageTitle":"Implemented echo and bye commands.","messageBody":"","tags":["Level-1"],"fileTypesAndContributionMap":{"java":{"insertions":26,"deletions":4}}}]},{"date":"2026-01-21T00:00:00","commitResults":[{"hash":"f882b09d572bf643e36e53d88d9a1ef29fb540d6","isMergeCommit":false,"messageTitle":"Closed Scanner. Added task list.","messageBody":"","fileTypesAndContributionMap":{"java":{"insertions":9,"deletions":4}}},{"hash":"8ffda3f8052296a6406678b9bec4ab1975f79e55","isMergeCommit":false,"messageTitle":"Added list command.","messageBody":"","tags":["Level-2"],"fileTypesAndContributionMap":{"java":{"insertions":15,"deletions":1}}},{"hash":"242d001ffc9ff07791c66f7e54dd8e016f5218bb","isMergeCommit":false,"messageTitle":"Added mark and unmark commands.","messageBody":"","fileTypesAndContributionMap":{"java":{"insertions":57,"deletions":4}}},{"hash":"242a01ef7444b7d64cbba9e5822b2cb6a5052934","isMergeCommit":false,"messageTitle":"Added comments to explain purpose of helper functions in Frogge.java.","messageBody":"","tags":["Level-3"],"fileTypesAndContributionMap":{"java":{"insertions":5,"deletions":0}}},{"hash":"b91cc84c28351e2227e8d573b27bd538ebfcc459","isMergeCommit":false,"messageTitle":"Added classes Todo.java, Deadline.java and Event.java","messageBody":"","tags":["A-Inheritance"],"fileTypesAndContributionMap":{"java":{"insertions":43,"deletions":3}}},{"hash":"705c6defefcbb3ef216be471a573558dc57ace39","isMergeCommit":false,"messageTitle":"Implemented todo, deadline and event commands. Modified mark() and unmark() methods in class Task and in Frogge.java.","messageBody":"","tags":["Level-4"],"fileTypesAndContributionMap":{"java":{"insertions":68,"deletions":14}}},{"hash":"ade5d356099151b7d9857b216ceb5b578857f49a","isMergeCommit":false,"messageTitle":"Added automated testing.","messageBody":"","tags":["A-TextUiTesting"],"fileTypesAndContributionMap":{"txt":{"insertions":11,"deletions":0},"bat":{"insertions":1,"deletions":1}}},{"hash":"930a836a60644dad453ed5bd41dbac5219d9fcb1","isMergeCommit":false,"messageTitle":"Added FroggeException class for to handle invalid input.","messageBody":"","tags":["A-Exceptions"],"fileTypesAndContributionMap":{"java":{"insertions":5,"deletions":0}}},{"hash":"ae6cb5b211fc10dcf7acc88136d85ed1b5a23ecb","isMergeCommit":false,"messageTitle":"Implemented error handling for invalid todo, deadline and event commands.","messageBody":"","fileTypesAndContributionMap":{"txt":{"insertions":12,"deletions":0},"java":{"insertions":52,"deletions":14}}},{"hash":"71d48ea771d550ad28b913720ae298c198c866ac","isMergeCommit":false,"messageTitle":"Implemented error handling for unrecognised commands.","messageBody":"","tags":["Level-5"],"fileTypesAndContributionMap":{"txt":{"insertions":1,"deletions":0},"java":{"insertions":7,"deletions":11}}},{"hash":"57b32491f2c520b368930b37df427360694529b7","isMergeCommit":false,"messageTitle":"Changed taskList to an ArrayList\u003cTask\u003e object.","messageBody":"","tags":["A-Collections"],"fileTypesAndContributionMap":{"java":{"insertions":11,"deletions":9}}},{"hash":"b70ff3abb4ac8008190673928b065a75ea08f4f4","isMergeCommit":false,"messageTitle":"Implemented delete command. Implemented error handling for mark and unmark commands.","messageBody":"","tags":["Level-6"],"fileTypesAndContributionMap":{"txt":{"insertions":8,"deletions":0},"java":{"insertions":51,"deletions":2}}}]},{"date":"2026-01-28T00:00:00","commitResults":[{"hash":"607a1f1f7226dcc32c8db6c83b9ea11ddc0e16a9","isMergeCommit":false,"messageTitle":"Fix bug where swapping the order of /from and /to for event will cause wrong parsing of event description and start time","messageBody":"","fileTypesAndContributionMap":{"txt":{"insertions":4,"deletions":3},"java":{"insertions":216,"deletions":142}}},{"hash":"baf9e00a7b112a03e51998c2d3687c5a460ecee4","isMergeCommit":false,"messageTitle":"Add data/frogge.txt to store tasks on hard disk.","messageBody":"","fileTypesAndContributionMap":{"txt":{"insertions":0,"deletions":0}}},{"hash":"f4af2189d0c3bff5ecacc3d2bb558fe51f0ca636","isMergeCommit":false,"messageTitle":"Read tasks from save file data/frogge.txt at initialisation.","messageBody":"","fileTypesAndContributionMap":{"txt":{"insertions":0,"deletions":0},"java":{"insertions":38,"deletions":4}}},{"hash":"564ac37157189a9561f733239eea5507950186d0","isMergeCommit":false,"messageTitle":"Write changes to save file when todo, deadline or event is added.","messageBody":"","fileTypesAndContributionMap":{"java":{"insertions":26,"deletions":10}}},{"hash":"bb19980cbff21a938f19ff214fff111a8ee8ee4a","isMergeCommit":false,"messageTitle":"Write changes to save file when task is marked or unmarked.","messageBody":"","fileTypesAndContributionMap":{"java":{"insertions":86,"deletions":22}}},{"hash":"fd5c19b91352ea130e5b8a6c709ebbb5b1c15bef","isMergeCommit":false,"messageTitle":"Write changes to save file when task is deleted.","messageBody":"","fileTypesAndContributionMap":{"java":{"insertions":30,"deletions":6}}},{"hash":"40b23678dd25b0fa1b8a35b6030761988fa15c10","isMergeCommit":true,"messageTitle":"Merge branch \u0027branch-Level-7\u0027","messageBody":"","tags":["Level-7"],"fileTypesAndContributionMap":{}},{"hash":"547d683fe651fad3abcc20f66dddec35ae5524cb","isMergeCommit":false,"messageTitle":"Treat dates as LocalDate objects and convert from yyyy-mm-dd to MMM dd yyyy when printing.","messageBody":"","fileTypesAndContributionMap":{"java":{"insertions":52,"deletions":31}}},{"hash":"8643d8f4e13b71f629ca1e1471822a6070f5b887","isMergeCommit":true,"messageTitle":"Merge branch \u0027branch-Level-8\u0027","messageBody":"","tags":["Level-8"],"fileTypesAndContributionMap":{}}]},{"date":"2026-01-29T00:00:00","commitResults":[{"hash":"a1cc866174978912acb8750efed1b0e67ae19c8d","isMergeCommit":false,"messageTitle":"Add Parser, Storage, TaskList and Ui classes.","messageBody":"","fileTypesAndContributionMap":{"java":{"insertions":76,"deletions":389}}},{"hash":"ac7e81a7a4ecb6f4a1ac11a19b7619cd0a9bfed9","isMergeCommit":false,"messageTitle":"Add Parser, Storage, TaskList and Ui classes.","messageBody":"","tags":["A-MoreOOP"],"fileTypesAndContributionMap":{"java":{"insertions":318,"deletions":0}}},{"hash":"c6c4f9779748027b08294039c895237bab22874c","isMergeCommit":false,"messageTitle":"Put all classes into frogge package.","messageBody":"","tags":["A-Packages"],"fileTypesAndContributionMap":{"java":{"insertions":7,"deletions":1}}},{"hash":"87edcf901503a03002bfcf7644519fb471a226c3","isMergeCommit":true,"messageTitle":"Merge remote-tracking branch \u0027origin/add-gradle-support\u0027","messageBody":"","fileTypesAndContributionMap":{}},{"hash":"28ca7dc13204c3f209d4dd539384d58a62db07f6","isMergeCommit":false,"messageTitle":"Include \u0027package frogge;\u0027 at top of all class .java files.","messageBody":"","fileTypesAndContributionMap":{"java":{"insertions":19,"deletions":0}}},{"hash":"9cb734f4be2adbac9a0425e36967d2b1df9d842d","isMergeCommit":false,"messageTitle":"Implement support for build and run tasks using Gradle","messageBody":"","tags":["A-Gradle"],"fileTypesAndContributionMap":{"gradle":{"insertions":2,"deletions":2},"java":{"insertions":20,"deletions":19}}},{"hash":"f52425641aae35229619575513b0b3dca53968c9","isMergeCommit":false,"messageTitle":"Add JUnit tests for TaskList class","messageBody":"","fileTypesAndContributionMap":{"gradle":{"insertions":1,"deletions":0},"java":{"insertions":187,"deletions":2}}},{"hash":"60ca21adb15d965d7fe8d13a5c2d4f2283000a6e","isMergeCommit":false,"messageTitle":"Add JUnit tests for Storage class","messageBody":"","tags":["A-JUnit"],"fileTypesAndContributionMap":{"java":{"insertions":144,"deletions":5}}},{"hash":"5d57a972a1edb7b766ee2e85881289b8dab33c29","isMergeCommit":false,"messageTitle":"Add shadowJar task to build.gradle","messageBody":"","tags":["A-Jar"],"fileTypesAndContributionMap":{"gradle":{"insertions":2,"deletions":2}}},{"hash":"53678efb7b9581c93a6261847283bee61a3044a0","isMergeCommit":false,"messageTitle":"Add find command","messageBody":"","tags":["Level-9"],"fileTypesAndContributionMap":{"java":{"insertions":45,"deletions":23}}},{"hash":"b934d531224789bf77e5d1d35155294a2bc82fc3","isMergeCommit":false,"messageTitle":"Add JavaDoc for TaskList","messageBody":"","fileTypesAndContributionMap":{"java":{"insertions":55,"deletions":3}}},{"hash":"1c87b0d71ae2405df41cd4a6c1fa9352d583c866","isMergeCommit":false,"messageTitle":"Add JavaDoc for Storage","messageBody":"","fileTypesAndContributionMap":{"java":{"insertions":39,"deletions":0}}},{"hash":"19488108f939c325bb531664b436a3b065d1c194","isMergeCommit":false,"messageTitle":"Add JavaDoc for Parser","messageBody":"","fileTypesAndContributionMap":{"java":{"insertions":67,"deletions":22}}},{"hash":"181558ac6247d3671fc644c8f4615be7bfaa2cd2","isMergeCommit":false,"messageTitle":"Add JavaDoc for FroggeException","messageBody":"","fileTypesAndContributionMap":{"java":{"insertions":3,"deletions":0}}},{"hash":"b5b247f876a097867a7f2ffb9b9c3ed529463f03","isMergeCommit":false,"messageTitle":"Add JavaDoc for Task, Todo, Deadline and Event","messageBody":"","fileTypesAndContributionMap":{"java":{"insertions":96,"deletions":25}}},{"hash":"90d472521b9174f641af51dfb0fe6059bbd150b4","isMergeCommit":false,"messageTitle":"Add JavaDoc for Ui","messageBody":"","fileTypesAndContributionMap":{"java":{"insertions":25,"deletions":0}}},{"hash":"67d4cbaeb5c65ffddd0f51d7a15d31317dfdba4b","isMergeCommit":false,"messageTitle":"Add JavaDoc for Frogge","messageBody":"","tags":["A-JavaDoc"],"fileTypesAndContributionMap":{"java":{"insertions":11,"deletions":0}}}]},{"date":"2026-01-30T00:00:00","commitResults":[{"hash":"d05b6f2012742848917d1739345446d1a6b32b45","isMergeCommit":false,"messageTitle":"Adhere to Java coding standards.","messageBody":"","tags":["A-CodingStandard"],"fileTypesAndContributionMap":{"java":{"insertions":72,"deletions":48}}},{"hash":"e624bd9bd8853a3542037d742e90e03757ce0630","isMergeCommit":true,"messageTitle":"Merge branch \u0027branch-A-JavaDoc\u0027","messageBody":"","fileTypesAndContributionMap":{}},{"hash":"c795af4efe1a9365bea9103f10d4083ccfb6dc43","isMergeCommit":true,"messageTitle":"Merge branch \u0027branch-A-CodingStandard\u0027","messageBody":"","fileTypesAndContributionMap":{}},{"hash":"8ebf37a2d15c6e6fc043f9014556473b990a7127","isMergeCommit":true,"messageTitle":"Merge branch \u0027branch-Level-9\u0027","messageBody":"","fileTypesAndContributionMap":{}},{"hash":"074a24d9da5af78d7300bfb8610b859c04f99f6e","isMergeCommit":false,"messageTitle":"Adhere to coding standard and change error message for getKeyword","messageBody":"","fileTypesAndContributionMap":{"java":{"insertions":1,"deletions":3}}}]},{"date":"2026-02-02T00:00:00","commitResults":[{"hash":"cbecd136c03031c46c12272fd57faf22936e13f1","isMergeCommit":false,"messageTitle":"Implement a GUI","messageBody":"","fileTypesAndContributionMap":{"gradle":{"insertions":15,"deletions":6},"fxml":{"insertions":65,"deletions":0},"java":{"insertions":426,"deletions":137}}},{"hash":"934ccf7468a3140e240bab6e3c75b68894580f91","isMergeCommit":true,"messageTitle":"Merge branch \u0027branch-Level-10\u0027","messageBody":"","tags":["Level-10","A-SecondJar"],"fileTypesAndContributionMap":{}}]},{"date":"2026-02-09T00:00:00","commitResults":[{"hash":"7d8f908ac5327a7460b3ea79569f6c32881b4bf8","isMergeCommit":false,"messageTitle":"Add assertions","messageBody":"There are no assertions.\n\nThis does not guarantee code correctness and is more error-prone.\n\nLet\u0027s add assertions where we can (Frogge, Parser, Storage classes) to test for predictable errors.\n","fileTypesAndContributionMap":{"java":{"insertions":24,"deletions":16}}},{"hash":"b43e4510dad388b048a0290df10d79fff2ff6f3e","isMergeCommit":false,"messageTitle":"Improve code quality","messageBody":"getResponse() method is too long and impacts code readability. It also\nhas too many layers of abstraction.\n\nReviews also highlight small issues with naming, which impact clarity.\n\nLet\u0027s:\n- Fix the naming issues\n- Refactor getResponse() using extract method.\n","fileTypesAndContributionMap":{"java":{"insertions":84,"deletions":56}}},{"hash":"9b3eb769fad324362853ab1fefa7d1be73e2dcc3","isMergeCommit":false,"messageTitle":"Convert some for loops to streams","messageBody":"","fileTypesAndContributionMap":{"java":{"insertions":9,"deletions":13}}},{"hash":"478ea4e85f4a16efc20e05bdd534c4ecb8671498","isMergeCommit":true,"messageTitle":"Merge pull request #3 from ixiahuo/branch-A-Streams","messageBody":"Convert some for loops to streams","fileTypesAndContributionMap":{}},{"hash":"ce0cd6182483a3f61cf9e231c0f235533aed1161","isMergeCommit":false,"messageTitle":"Revert \"Merge pull request #3 from ixiahuo/branch-A-Streams\"","messageBody":"This reverts commit 478ea4e85f4a16efc20e05bdd534c4ecb8671498, reversing\nchanges made to 934ccf7468a3140e240bab6e3c75b68894580f91.\n","fileTypesAndContributionMap":{"java":{"insertions":13,"deletions":9}}},{"hash":"a1bc1c79e6847b67e0d5cae09f14b5350b7531c2","isMergeCommit":true,"messageTitle":"Merge pull request #1 from ixiahuo/branch-A-Assertions","messageBody":"Add assertions","tags":["A-Assertions"],"fileTypesAndContributionMap":{}}]},{"date":"2026-02-11T00:00:00","commitResults":[{"hash":"f4542afda8128fb99ebcaa91cb91a24b91f3c835","isMergeCommit":true,"messageTitle":"Merge branch \u0027master\u0027 into branch-A-CodeQuality","messageBody":"","tags":["A-CodeQuality"],"fileTypesAndContributionMap":{}},{"hash":"a504ffd7dbe1ac13a38d19cd20785603a21cf089","isMergeCommit":false,"messageTitle":"Change name of constants to follow Java coding standard","messageBody":"","fileTypesAndContributionMap":{"java":{"insertions":4,"deletions":4}}},{"hash":"722c9fbc17f6dd79164342ecd889f63ad19abca0","isMergeCommit":true,"messageTitle":"Merge pull request #2 from ixiahuo/branch-A-CodeQuality","messageBody":"Improve code quality","fileTypesAndContributionMap":{}},{"hash":"1c930e24ce49a5eef335dbded927b5cf0e69d355","isMergeCommit":false,"messageTitle":"Convert more loops to streams","messageBody":"","fileTypesAndContributionMap":{"java":{"insertions":5,"deletions":4}}},{"hash":"87cd91e738d446d34d760a782bf84126b19abe30","isMergeCommit":true,"messageTitle":"Merge branch \u0027master\u0027 into branch-A-Streams","messageBody":"","tags":["A-Streams"],"fileTypesAndContributionMap":{}},{"hash":"b6200c17137130523877d18c1c2a301c76fe8073","isMergeCommit":true,"messageTitle":"Merge pull request #4 from ixiahuo/branch-A-Streams","messageBody":"Convert more loops to streams","fileTypesAndContributionMap":{}},{"hash":"919d13daffc0379e003f47e4416687c11d8db4d7","isMergeCommit":false,"messageTitle":"Refactor Frogge class using extract method","messageBody":"getResponse() does the error handling using several try-catch clauses.\nThis makes it a long method, containing 55 LoC. Due to the repeated\nclauses and many LoC, it is not very clear.\n\nLet\u0027s:\n* Extract methods to shorten getResponse()\n* Abstract out the error handling in getResponse() to helper methods\n\nAbstracting out the error handling to helper methods is sensible\nbecause an error message is also a valid response that should be\ngenerated when executing the command.\n","tags":["A-FullCommitMessage"],"fileTypesAndContributionMap":{"java":{"insertions":81,"deletions":79}}}]},{"date":"2026-02-13T00:00:00","commitResults":[{"hash":"08783c12c676e749c4663a0d5b98d1696377bb59","isMergeCommit":false,"messageTitle":"Implement sort command","messageBody":"Tasks are sorted by chronological order of when each task was added.\nOver time, the list becomes messy and disorganised.\n\nEnabling sorting will allow the user to know which tasks they should\nprioritise the most.\n\nLet\u0027s:\n* Implement a sort command\n* Sort by placing not-done tasks over done tasks\n* Then, prioritise Deadlines over Events over Todos\n* Finally, sort Deadlines and Events by date\n","tags":["BCD-Extension"],"fileTypesAndContributionMap":{"java":{"insertions":96,"deletions":2}}}]}]},"authorFileTypeContributionMap":{"ixiahuo":{"java":1608,"md":2,"fxml":65,"sh":0,"bat":2,"gradle":17,"txt":33}},"authorContributionVariance":{"ixiahuo":91577.96},"authorDisplayNameMap":{"ixiahuo":"CS2103T-T09-1 BETH.. HUI"}}
