[{"path":"build.gradle","fileType":"gradle","lines":[{"lineNumber":1,"author":{"gitId":"-"},"content":"plugins {","lastModifiedDate":"2020-05-25T00:58:18","isFullCredit":false},{"lineNumber":2,"author":{"gitId":"-"},"content":"    id \u0027java\u0027","lastModifiedDate":"2020-05-25T00:58:18","isFullCredit":false},{"lineNumber":3,"author":{"gitId":"-"},"content":"    id \u0027application\u0027","lastModifiedDate":"2020-05-25T00:58:18","isFullCredit":false},{"lineNumber":4,"author":{"gitId":"-"},"content":"    id \u0027com.github.johnrengelman.shadow\u0027 version \u00277.1.2\u0027","lastModifiedDate":"2023-08-05T15:24:02","isFullCredit":false},{"lineNumber":5,"author":{"gitId":"-"},"content":"}","lastModifiedDate":"2020-05-25T00:58:18","isFullCredit":false},{"lineNumber":6,"author":{"gitId":"-"},"content":"","lastModifiedDate":"2020-05-25T00:58:18","isFullCredit":false},{"lineNumber":7,"author":{"gitId":"-"},"content":"repositories {","lastModifiedDate":"2020-05-25T00:58:18","isFullCredit":false},{"lineNumber":8,"author":{"gitId":"-"},"content":"    mavenCentral()","lastModifiedDate":"2020-05-25T00:58:18","isFullCredit":false},{"lineNumber":9,"author":{"gitId":"-"},"content":"}","lastModifiedDate":"2020-05-25T00:58:18","isFullCredit":false},{"lineNumber":10,"author":{"gitId":"-"},"content":"","lastModifiedDate":"2020-05-25T00:58:18","isFullCredit":false},{"lineNumber":11,"author":{"gitId":"-"},"content":"dependencies {","lastModifiedDate":"2020-05-25T00:58:18","isFullCredit":false},{"lineNumber":12,"author":{"gitId":"-"},"content":"    testImplementation group: \u0027org.junit.jupiter\u0027, name: \u0027junit-jupiter-api\u0027, version: \u00275.10.0\u0027","lastModifiedDate":"2023-08-05T15:24:02","isFullCredit":false},{"lineNumber":13,"author":{"gitId":"-"},"content":"    testRuntimeOnly group: \u0027org.junit.jupiter\u0027, name: \u0027junit-jupiter-engine\u0027, version: \u00275.10.0\u0027","lastModifiedDate":"2023-08-05T15:24:02","isFullCredit":false},{"lineNumber":14,"author":{"gitId":"-"},"content":"}","lastModifiedDate":"2020-05-25T00:58:18","isFullCredit":false},{"lineNumber":15,"author":{"gitId":"-"},"content":"","lastModifiedDate":"2020-05-25T00:58:18","isFullCredit":false},{"lineNumber":16,"author":{"gitId":"-"},"content":"test {","lastModifiedDate":"2020-05-25T00:58:18","isFullCredit":false},{"lineNumber":17,"author":{"gitId":"-"},"content":"    useJUnitPlatform()","lastModifiedDate":"2020-05-25T00:58:18","isFullCredit":false},{"lineNumber":18,"author":{"gitId":"-"},"content":"","lastModifiedDate":"2020-05-25T00:58:18","isFullCredit":false},{"lineNumber":19,"author":{"gitId":"-"},"content":"    testLogging {","lastModifiedDate":"2020-05-25T00:58:18","isFullCredit":false},{"lineNumber":20,"author":{"gitId":"-"},"content":"        events \"passed\", \"skipped\", \"failed\"","lastModifiedDate":"2020-05-25T00:58:18","isFullCredit":false},{"lineNumber":21,"author":{"gitId":"-"},"content":"","lastModifiedDate":"2020-05-25T00:58:18","isFullCredit":false},{"lineNumber":22,"author":{"gitId":"-"},"content":"        showExceptions true","lastModifiedDate":"2020-05-25T00:58:18","isFullCredit":false},{"lineNumber":23,"author":{"gitId":"-"},"content":"        exceptionFormat \"full\"","lastModifiedDate":"2020-05-25T00:58:18","isFullCredit":false},{"lineNumber":24,"author":{"gitId":"-"},"content":"        showCauses true","lastModifiedDate":"2020-05-25T00:58:18","isFullCredit":false},{"lineNumber":25,"author":{"gitId":"-"},"content":"        showStackTraces true","lastModifiedDate":"2020-05-25T00:58:18","isFullCredit":false},{"lineNumber":26,"author":{"gitId":"-"},"content":"        showStandardStreams \u003d false","lastModifiedDate":"2020-05-25T00:58:18","isFullCredit":false},{"lineNumber":27,"author":{"gitId":"-"},"content":"    }","lastModifiedDate":"2020-05-25T00:58:18","isFullCredit":false},{"lineNumber":28,"author":{"gitId":"-"},"content":"}","lastModifiedDate":"2020-05-25T00:58:18","isFullCredit":false},{"lineNumber":29,"author":{"gitId":"-"},"content":"","lastModifiedDate":"2020-05-25T00:58:18","isFullCredit":false},{"lineNumber":30,"author":{"gitId":"-"},"content":"application {","lastModifiedDate":"2020-05-25T00:58:18","isFullCredit":false},{"lineNumber":31,"author":{"gitId":"javnz1"},"content":"    mainClass.set(\"saitama.SaitamaSensei\")","lastModifiedDate":"2026-01-29T03:11:38","isFullCredit":false},{"lineNumber":32,"author":{"gitId":"-"},"content":"}","lastModifiedDate":"2020-05-25T00:58:18","isFullCredit":false},{"lineNumber":33,"author":{"gitId":"-"},"content":"","lastModifiedDate":"2020-05-25T00:58:18","isFullCredit":false},{"lineNumber":34,"author":{"gitId":"-"},"content":"shadowJar {","lastModifiedDate":"2020-05-25T00:58:18","isFullCredit":false},{"lineNumber":35,"author":{"gitId":"javnz1"},"content":"    archiveFileName \u003d \u0027saitama.jar\u0027","lastModifiedDate":"2026-01-29T03:11:38","isFullCredit":false},{"lineNumber":36,"author":{"gitId":"javnz1"},"content":"    archiveBaseName \u003d \"saitama\"","lastModifiedDate":"2026-01-29T03:11:38","isFullCredit":false},{"lineNumber":37,"author":{"gitId":"-"},"content":"    archiveClassifier \u003d null","lastModifiedDate":"2020-05-25T00:58:18","isFullCredit":false},{"lineNumber":38,"author":{"gitId":"-"},"content":"}","lastModifiedDate":"2020-05-25T00:58:18","isFullCredit":false},{"lineNumber":39,"author":{"gitId":"-"},"content":"","lastModifiedDate":"2020-05-25T00:58:18","isFullCredit":false},{"lineNumber":40,"author":{"gitId":"-"},"content":"run{","lastModifiedDate":"2020-05-25T00:58:18","isFullCredit":false},{"lineNumber":41,"author":{"gitId":"-"},"content":"    standardInput \u003d System.in","lastModifiedDate":"2020-05-25T00:58:18","isFullCredit":false},{"lineNumber":42,"author":{"gitId":"-"},"content":"}","lastModifiedDate":"2020-05-25T00:58:18","isFullCredit":false}],"authorContributionMap":{"javnz1":3,"-":39}},{"path":"data/saitama.txt","fileType":"txt","lines":[{"lineNumber":1,"author":{"gitId":"javnz1"},"content":"T | 0 | swim","lastModifiedDate":"2026-01-27T19:56:20","isFullCredit":false},{"lineNumber":2,"author":{"gitId":"javnz1"},"content":"T | 0 | punch","lastModifiedDate":"2026-01-27T19:56:20","isFullCredit":false},{"lineNumber":3,"author":{"gitId":"javnz1"},"content":"T | 0 | jump","lastModifiedDate":"2026-01-27T19:56:20","isFullCredit":false},{"lineNumber":4,"author":{"gitId":"javnz1"},"content":"E | 1 | Career Fair | 2026-01-28 | 2026-01-30","lastModifiedDate":"2026-01-28T17:41:23","isFullCredit":false}],"authorContributionMap":{"javnz1":4}},{"path":"src/main/java/saitama/SaitamaSensei.java","fileType":"java","lines":[{"lineNumber":1,"author":{"gitId":"javnz1"},"content":"package saitama;","lastModifiedDate":"2026-01-28T18:20:54","isFullCredit":false},{"lineNumber":2,"author":{"gitId":"javnz1"},"content":"","lastModifiedDate":"2026-01-28T18:20:54","isFullCredit":false},{"lineNumber":3,"author":{"gitId":"javnz1"},"content":"import saitama.task.Task;","lastModifiedDate":"2026-01-28T18:20:54","isFullCredit":false},{"lineNumber":4,"author":{"gitId":"javnz1"},"content":"import saitama.task.ToDos;","lastModifiedDate":"2026-01-28T18:20:54","isFullCredit":false},{"lineNumber":5,"author":{"gitId":"javnz1"},"content":"import saitama.task.Deadline;","lastModifiedDate":"2026-01-28T18:20:54","isFullCredit":false},{"lineNumber":6,"author":{"gitId":"javnz1"},"content":"import saitama.task.Events;","lastModifiedDate":"2026-01-28T18:20:54","isFullCredit":false},{"lineNumber":7,"author":{"gitId":"javnz1"},"content":"import saitama.storage.Storage;","lastModifiedDate":"2026-01-28T18:20:54","isFullCredit":false},{"lineNumber":8,"author":{"gitId":"javnz1"},"content":"import saitama.exception.SaitamaException;","lastModifiedDate":"2026-01-28T18:20:54","isFullCredit":false},{"lineNumber":9,"author":{"gitId":"javnz1"},"content":"","lastModifiedDate":"2026-01-28T18:20:54","isFullCredit":false},{"lineNumber":10,"author":{"gitId":"javnz1"},"content":"import java.util.ArrayList;","lastModifiedDate":"2026-01-20T15:41:34","isFullCredit":false},{"lineNumber":11,"author":{"gitId":"javnz1"},"content":"import java.util.Scanner;","lastModifiedDate":"2026-01-20T02:15:26","isFullCredit":false},{"lineNumber":12,"author":{"gitId":"javnz1"},"content":"","lastModifiedDate":"2026-01-20T02:15:26","isFullCredit":false},{"lineNumber":13,"author":{"gitId":"javnz1"},"content":"public class SaitamaSensei {","lastModifiedDate":"2026-01-20T01:49:22","isFullCredit":false},{"lineNumber":14,"author":{"gitId":"javnz1"},"content":"    private static Storage storage \u003d new Storage(\"./data/saitama.txt\");","lastModifiedDate":"2026-01-27T19:56:20","isFullCredit":false},{"lineNumber":15,"author":{"gitId":"javnz1"},"content":"    private static final String HORIZONTAL_LINE \u003d \"____________________________________________________________\";","lastModifiedDate":"2026-01-20T01:49:22","isFullCredit":false},{"lineNumber":16,"author":{"gitId":"javnz1"},"content":"    private static ArrayList\u003cTask\u003e taskList;","lastModifiedDate":"2026-01-20T19:04:29","isFullCredit":false},{"lineNumber":17,"author":{"gitId":"javnz1"},"content":"","lastModifiedDate":"2026-01-20T01:49:22","isFullCredit":false},{"lineNumber":18,"author":{"gitId":"javnz1"},"content":"    public enum CommandType {","lastModifiedDate":"2026-01-21T15:41:24","isFullCredit":false},{"lineNumber":19,"author":{"gitId":"javnz1"},"content":"        TODO, DEADLINE, EVENT, LIST, MARK, UNMARK, DELETE, BYE, UNKNOWN","lastModifiedDate":"2026-01-21T15:41:24","isFullCredit":false},{"lineNumber":20,"author":{"gitId":"javnz1"},"content":"    }","lastModifiedDate":"2026-01-21T15:41:24","isFullCredit":false},{"lineNumber":21,"author":{"gitId":"javnz1"},"content":"","lastModifiedDate":"2026-01-21T15:41:24","isFullCredit":false},{"lineNumber":22,"author":{"gitId":"javnz1"},"content":"    public static void main(String[] args) {","lastModifiedDate":"2026-01-20T01:49:22","isFullCredit":false},{"lineNumber":23,"author":{"gitId":"javnz1"},"content":"        taskList \u003d storage.load();","lastModifiedDate":"2026-01-27T19:56:20","isFullCredit":false},{"lineNumber":24,"author":{"gitId":"javnz1"},"content":"","lastModifiedDate":"2026-01-27T19:56:20","isFullCredit":false},{"lineNumber":25,"author":{"gitId":"javnz1"},"content":"        Scanner scanner \u003d new Scanner(System.in);","lastModifiedDate":"2026-01-20T02:15:26","isFullCredit":false},{"lineNumber":26,"author":{"gitId":"javnz1"},"content":"","lastModifiedDate":"2026-01-20T02:15:26","isFullCredit":false},{"lineNumber":27,"author":{"gitId":"javnz1"},"content":"        System.out.println(HORIZONTAL_LINE);","lastModifiedDate":"2026-01-20T01:49:22","isFullCredit":false},{"lineNumber":28,"author":{"gitId":"javnz1"},"content":"        System.out.println(\"Hello! I\u0027m Saitama Sensei!\");","lastModifiedDate":"2026-01-20T01:49:22","isFullCredit":false},{"lineNumber":29,"author":{"gitId":"javnz1"},"content":"        System.out.println(\"What can I do for you?\");","lastModifiedDate":"2026-01-20T01:49:22","isFullCredit":false},{"lineNumber":30,"author":{"gitId":"javnz1"},"content":"        System.out.println(HORIZONTAL_LINE);","lastModifiedDate":"2026-01-20T01:49:22","isFullCredit":false},{"lineNumber":31,"author":{"gitId":"javnz1"},"content":"","lastModifiedDate":"2026-01-20T02:15:26","isFullCredit":false},{"lineNumber":32,"author":{"gitId":"javnz1"},"content":"        while (true) {","lastModifiedDate":"2026-01-21T15:41:24","isFullCredit":false},{"lineNumber":33,"author":{"gitId":"javnz1"},"content":"            String command \u003d scanner.nextLine();","lastModifiedDate":"2026-01-20T02:15:26","isFullCredit":false},{"lineNumber":34,"author":{"gitId":"javnz1"},"content":"            CommandType type \u003d getCommandType(command);","lastModifiedDate":"2026-01-21T15:41:24","isFullCredit":false},{"lineNumber":35,"author":{"gitId":"javnz1"},"content":"","lastModifiedDate":"2026-01-21T15:41:24","isFullCredit":false},{"lineNumber":36,"author":{"gitId":"javnz1"},"content":"            if (type \u003d\u003d CommandType.BYE) {","lastModifiedDate":"2026-01-21T15:41:24","isFullCredit":false},{"lineNumber":37,"author":{"gitId":"javnz1"},"content":"                break; // Exit the loop gracefully","lastModifiedDate":"2026-01-21T15:41:24","isFullCredit":false},{"lineNumber":38,"author":{"gitId":"javnz1"},"content":"            }","lastModifiedDate":"2026-01-21T15:41:24","isFullCredit":false},{"lineNumber":39,"author":{"gitId":"javnz1"},"content":"","lastModifiedDate":"2026-01-20T02:15:26","isFullCredit":false},{"lineNumber":40,"author":{"gitId":"javnz1"},"content":"            try {","lastModifiedDate":"2026-01-21T14:40:49","isFullCredit":false},{"lineNumber":41,"author":{"gitId":"javnz1"},"content":"                switch (type) {","lastModifiedDate":"2026-01-21T15:41:24","isFullCredit":false},{"lineNumber":42,"author":{"gitId":"javnz1"},"content":"                    case LIST:","lastModifiedDate":"2026-01-21T15:41:24","isFullCredit":false},{"lineNumber":43,"author":{"gitId":"javnz1"},"content":"                        System.out.println(HORIZONTAL_LINE);","lastModifiedDate":"2026-01-20T02:15:26","isFullCredit":false},{"lineNumber":44,"author":{"gitId":"javnz1"},"content":"                        System.out.println(\"Here are the tasks in your list:\");","lastModifiedDate":"2026-01-20T16:23:01","isFullCredit":false},{"lineNumber":45,"author":{"gitId":"javnz1"},"content":"                        for (int i \u003d 0; i \u003c taskList.size(); i++) {","lastModifiedDate":"2026-01-20T15:41:34","isFullCredit":false},{"lineNumber":46,"author":{"gitId":"javnz1"},"content":"                            System.out.println((i + 1) + \".\" + taskList.get(i));","lastModifiedDate":"2026-01-20T15:41:34","isFullCredit":false},{"lineNumber":47,"author":{"gitId":"javnz1"},"content":"                        }","lastModifiedDate":"2026-01-20T15:41:34","isFullCredit":false},{"lineNumber":48,"author":{"gitId":"javnz1"},"content":"                        System.out.println(HORIZONTAL_LINE);","lastModifiedDate":"2026-01-20T15:41:34","isFullCredit":false},{"lineNumber":49,"author":{"gitId":"javnz1"},"content":"                        break;","lastModifiedDate":"2026-01-21T15:41:24","isFullCredit":false},{"lineNumber":50,"author":{"gitId":"javnz1"},"content":"                    case UNMARK:","lastModifiedDate":"2026-01-21T15:41:24","isFullCredit":false},{"lineNumber":51,"author":{"gitId":"javnz1"},"content":"                        command \u003d command.replace(\"unmark\", \"\").trim();","lastModifiedDate":"2026-01-21T14:40:49","isFullCredit":false},{"lineNumber":52,"author":{"gitId":"javnz1"},"content":"                        if (command.isEmpty())","lastModifiedDate":"2026-01-21T14:40:49","isFullCredit":false},{"lineNumber":53,"author":{"gitId":"javnz1"},"content":"                            throw new SaitamaException(\"ONE PUNCH!!! Please let Sensei know which Task Number you like to UN-PUNCH! 👊\\n\" +","lastModifiedDate":"2026-01-21T14:55:16","isFullCredit":false},{"lineNumber":54,"author":{"gitId":"javnz1"},"content":"                                    \"if you do not know the task number please type \u0027list\u0027 to view list then do\\n\" +","lastModifiedDate":"2026-01-21T14:40:49","isFullCredit":false},{"lineNumber":55,"author":{"gitId":"javnz1"},"content":"                                    \"umark [task number in the list]\");","lastModifiedDate":"2026-01-21T14:55:16","isFullCredit":false},{"lineNumber":56,"author":{"gitId":"javnz1"},"content":"","lastModifiedDate":"2026-01-21T14:40:49","isFullCredit":false},{"lineNumber":57,"author":{"gitId":"javnz1"},"content":"                        int num_unmark \u003d Integer.parseInt(command) - 1;","lastModifiedDate":"2026-01-21T15:41:24","isFullCredit":false},{"lineNumber":58,"author":{"gitId":"javnz1"},"content":"                        taskList.get(num_unmark).unmarkAsDone();","lastModifiedDate":"2026-01-21T15:41:24","isFullCredit":false},{"lineNumber":59,"author":{"gitId":"javnz1"},"content":"                        System.out.println(HORIZONTAL_LINE);","lastModifiedDate":"2026-01-20T16:23:01","isFullCredit":false},{"lineNumber":60,"author":{"gitId":"javnz1"},"content":"                        System.out.println(\"OK, I\u0027ve marked this task as not done yet:\");","lastModifiedDate":"2026-01-21T14:40:49","isFullCredit":false},{"lineNumber":61,"author":{"gitId":"javnz1"},"content":"                        System.out.println(taskList.get(num_unmark));","lastModifiedDate":"2026-01-21T15:41:24","isFullCredit":false},{"lineNumber":62,"author":{"gitId":"javnz1"},"content":"                        System.out.println(HORIZONTAL_LINE);","lastModifiedDate":"2026-01-20T16:23:01","isFullCredit":false},{"lineNumber":63,"author":{"gitId":"javnz1"},"content":"                        storage.save(taskList);","lastModifiedDate":"2026-01-27T19:56:20","isFullCredit":false},{"lineNumber":64,"author":{"gitId":"javnz1"},"content":"                        break;","lastModifiedDate":"2026-01-21T15:41:24","isFullCredit":false},{"lineNumber":65,"author":{"gitId":"javnz1"},"content":"                    case MARK:","lastModifiedDate":"2026-01-21T15:41:24","isFullCredit":false},{"lineNumber":66,"author":{"gitId":"javnz1"},"content":"                        command \u003d command.replace(\"mark\", \"\").trim();","lastModifiedDate":"2026-01-21T14:40:49","isFullCredit":false},{"lineNumber":67,"author":{"gitId":"javnz1"},"content":"                        if (command.isEmpty())","lastModifiedDate":"2026-01-21T14:40:49","isFullCredit":false},{"lineNumber":68,"author":{"gitId":"javnz1"},"content":"                            throw new SaitamaException(\"ONE PUNCH!!! Please let Sensei know which Task Number you like to PUNCH! 👊\\n\" +","lastModifiedDate":"2026-01-21T14:40:49","isFullCredit":false},{"lineNumber":69,"author":{"gitId":"javnz1"},"content":"                                    \"if you do not know the task number please type \u0027list\u0027 to view list then do\\n\" +","lastModifiedDate":"2026-01-21T14:40:49","isFullCredit":false},{"lineNumber":70,"author":{"gitId":"javnz1"},"content":"                                    \"mark [task number in the list]\");","lastModifiedDate":"2026-01-21T14:40:49","isFullCredit":false},{"lineNumber":71,"author":{"gitId":"javnz1"},"content":"","lastModifiedDate":"2026-01-21T14:40:49","isFullCredit":false},{"lineNumber":72,"author":{"gitId":"javnz1"},"content":"                        int num_mark \u003d Integer.parseInt(command) - 1;","lastModifiedDate":"2026-01-21T15:41:24","isFullCredit":false},{"lineNumber":73,"author":{"gitId":"javnz1"},"content":"                        taskList.get(num_mark).markAsDone();","lastModifiedDate":"2026-01-21T15:41:24","isFullCredit":false},{"lineNumber":74,"author":{"gitId":"javnz1"},"content":"                        System.out.println(HORIZONTAL_LINE);","lastModifiedDate":"2026-01-20T16:23:01","isFullCredit":false},{"lineNumber":75,"author":{"gitId":"javnz1"},"content":"                        System.out.println(\"Nice! I\u0027ve marked this task as done:\");","lastModifiedDate":"2026-01-21T14:40:49","isFullCredit":false},{"lineNumber":76,"author":{"gitId":"javnz1"},"content":"                        System.out.println(taskList.get(num_mark));","lastModifiedDate":"2026-01-21T15:41:24","isFullCredit":false},{"lineNumber":77,"author":{"gitId":"javnz1"},"content":"                        System.out.println(HORIZONTAL_LINE);","lastModifiedDate":"2026-01-20T16:23:01","isFullCredit":false},{"lineNumber":78,"author":{"gitId":"javnz1"},"content":"                        storage.save(taskList);","lastModifiedDate":"2026-01-27T19:56:20","isFullCredit":false},{"lineNumber":79,"author":{"gitId":"javnz1"},"content":"                        break;","lastModifiedDate":"2026-01-21T15:41:24","isFullCredit":false},{"lineNumber":80,"author":{"gitId":"javnz1"},"content":"                    case TODO:","lastModifiedDate":"2026-01-21T15:41:24","isFullCredit":false},{"lineNumber":81,"author":{"gitId":"javnz1"},"content":"                        String description \u003d command.replace(\"todo\", \"\").trim();","lastModifiedDate":"2026-01-20T19:04:29","isFullCredit":false},{"lineNumber":82,"author":{"gitId":"javnz1"},"content":"                        if (description.isEmpty())","lastModifiedDate":"2026-01-21T14:40:49","isFullCredit":false},{"lineNumber":83,"author":{"gitId":"javnz1"},"content":"                            throw new SaitamaException(\"ONE PUNCH!!! The PUNCH description can\u0027t be empty PLEASE describe it! 👊\\n\" +","lastModifiedDate":"2026-01-21T14:40:49","isFullCredit":false},{"lineNumber":84,"author":{"gitId":"javnz1"},"content":"                                    \"todo [description]\");","lastModifiedDate":"2026-01-21T14:40:49","isFullCredit":false},{"lineNumber":85,"author":{"gitId":"javnz1"},"content":"","lastModifiedDate":"2026-01-20T16:23:01","isFullCredit":false},{"lineNumber":86,"author":{"gitId":"javnz1"},"content":"                        Task new_task \u003d new ToDos(description);","lastModifiedDate":"2026-01-20T19:04:29","isFullCredit":false},{"lineNumber":87,"author":{"gitId":"javnz1"},"content":"                        taskList.add(new_task);","lastModifiedDate":"2026-01-20T19:04:29","isFullCredit":false},{"lineNumber":88,"author":{"gitId":"javnz1"},"content":"                        taskString(new_task);","lastModifiedDate":"2026-01-20T19:04:29","isFullCredit":false},{"lineNumber":89,"author":{"gitId":"javnz1"},"content":"                        storage.save(taskList);","lastModifiedDate":"2026-01-27T19:56:20","isFullCredit":false},{"lineNumber":90,"author":{"gitId":"javnz1"},"content":"                        break;","lastModifiedDate":"2026-01-21T15:41:24","isFullCredit":false},{"lineNumber":91,"author":{"gitId":"javnz1"},"content":"                    case DEADLINE:","lastModifiedDate":"2026-01-21T15:41:24","isFullCredit":false},{"lineNumber":92,"author":{"gitId":"javnz1"},"content":"                        if (!command.contains(\"/by\"))","lastModifiedDate":"2026-01-21T14:40:49","isFullCredit":false},{"lineNumber":93,"author":{"gitId":"javnz1"},"content":"                            throw new SaitamaException(\"ONE PUNCH!!! Deadlines need a /by [yyyy-mm-dd HHmm] so that I know when I need to PUNCH before its gone! 👊\\n\" +","lastModifiedDate":"2026-01-28T17:37:27","isFullCredit":false},{"lineNumber":94,"author":{"gitId":"javnz1"},"content":"                                    \"deadline [description] /by [yyyy-MM-dd HHmm]\");","lastModifiedDate":"2026-01-28T17:37:27","isFullCredit":false},{"lineNumber":95,"author":{"gitId":"javnz1"},"content":"","lastModifiedDate":"2026-01-21T14:40:49","isFullCredit":false},{"lineNumber":96,"author":{"gitId":"javnz1"},"content":"                        String[] subcommand \u003d command.split(\"/by \");","lastModifiedDate":"2026-01-20T19:04:29","isFullCredit":false},{"lineNumber":97,"author":{"gitId":"javnz1"},"content":"                        String description_deadline \u003d subcommand[0].replace(\"deadline \", \"\").trim();","lastModifiedDate":"2026-01-21T15:41:24","isFullCredit":false},{"lineNumber":98,"author":{"gitId":"javnz1"},"content":"                        if (description_deadline.isEmpty())","lastModifiedDate":"2026-01-21T15:41:24","isFullCredit":false},{"lineNumber":99,"author":{"gitId":"javnz1"},"content":"                            throw new SaitamaException(\"ONE PUNCH!!! The PUNCH description can\u0027t be empty PLEASE describe it! 👊\\n\" +","lastModifiedDate":"2026-01-21T14:40:49","isFullCredit":false},{"lineNumber":100,"author":{"gitId":"javnz1"},"content":"                                    \"deadline [description] /by [yyyy-MM-dd HHmm]\");","lastModifiedDate":"2026-01-28T17:37:27","isFullCredit":false},{"lineNumber":101,"author":{"gitId":"javnz1"},"content":"                        else if (subcommand.length \u003c 2 || subcommand[1].trim().isEmpty())","lastModifiedDate":"2026-01-21T14:40:49","isFullCredit":false},{"lineNumber":102,"author":{"gitId":"javnz1"},"content":"                            throw new SaitamaException(\"ONE PUNCH!!! The PUNCH /by can\u0027t be empty PLEASE input yyyy-MM-dd HHmm! 👊\\n\" +","lastModifiedDate":"2026-01-28T17:37:27","isFullCredit":false},{"lineNumber":103,"author":{"gitId":"javnz1"},"content":"                                    \"deadline [description] /by [yyyy-MM-dd HHmm]\");","lastModifiedDate":"2026-01-28T17:37:27","isFullCredit":false},{"lineNumber":104,"author":{"gitId":"javnz1"},"content":"                        try{","lastModifiedDate":"2026-01-28T17:37:27","isFullCredit":false},{"lineNumber":105,"author":{"gitId":"javnz1"},"content":"                            String by \u003d subcommand[1].trim();","lastModifiedDate":"2026-01-21T14:40:49","isFullCredit":false},{"lineNumber":106,"author":{"gitId":"javnz1"},"content":"","lastModifiedDate":"2026-01-20T19:04:29","isFullCredit":false},{"lineNumber":107,"author":{"gitId":"javnz1"},"content":"                            Task new_task_deadline \u003d new Deadline(description_deadline, by);","lastModifiedDate":"2026-01-21T15:41:24","isFullCredit":false},{"lineNumber":108,"author":{"gitId":"javnz1"},"content":"                            taskList.add(new_task_deadline);","lastModifiedDate":"2026-01-21T15:41:24","isFullCredit":false},{"lineNumber":109,"author":{"gitId":"javnz1"},"content":"                            taskString(new_task_deadline);","lastModifiedDate":"2026-01-21T15:41:24","isFullCredit":false},{"lineNumber":110,"author":{"gitId":"javnz1"},"content":"                            storage.save(taskList);","lastModifiedDate":"2026-01-27T19:56:20","isFullCredit":false},{"lineNumber":111,"author":{"gitId":"javnz1"},"content":"                        } catch (java.time.format.DateTimeParseException e) {","lastModifiedDate":"2026-01-28T17:37:27","isFullCredit":false},{"lineNumber":112,"author":{"gitId":"javnz1"},"content":"                            throw new SaitamaException(\"ONE PUNCH!!! SaitamaSensei only understands dates in yyyy-MM-dd HHmm format! 👊\\n\" +","lastModifiedDate":"2026-01-28T17:37:27","isFullCredit":false},{"lineNumber":113,"author":{"gitId":"javnz1"},"content":"                                    \"deadline [description] /by [yyyy-MM-dd HHmm]\");","lastModifiedDate":"2026-01-28T17:37:27","isFullCredit":false},{"lineNumber":114,"author":{"gitId":"javnz1"},"content":"                        }","lastModifiedDate":"2026-01-28T17:37:27","isFullCredit":false},{"lineNumber":115,"author":{"gitId":"javnz1"},"content":"                        break;","lastModifiedDate":"2026-01-21T15:41:24","isFullCredit":false},{"lineNumber":116,"author":{"gitId":"javnz1"},"content":"                    case EVENT:","lastModifiedDate":"2026-01-21T15:41:24","isFullCredit":false},{"lineNumber":117,"author":{"gitId":"javnz1"},"content":"                        if (!command.contains(\"/from\") || !command.contains(\"/to\"))","lastModifiedDate":"2026-01-21T14:40:49","isFullCredit":false},{"lineNumber":118,"author":{"gitId":"javnz1"},"content":"                            throw new SaitamaException(\"ONE PUNCH!!! Events need both /from and /to times so that I know when I need to PUNCH before its gone! 👊\\n\" +","lastModifiedDate":"2026-01-21T14:40:49","isFullCredit":false},{"lineNumber":119,"author":{"gitId":"javnz1"},"content":"                                    \"event [description] /from [yyyy-MM-dd] /to [yyyy-MM-dd]\");","lastModifiedDate":"2026-01-28T17:37:27","isFullCredit":false},{"lineNumber":120,"author":{"gitId":"javnz1"},"content":"","lastModifiedDate":"2026-01-21T14:40:49","isFullCredit":false},{"lineNumber":121,"author":{"gitId":"javnz1"},"content":"                        String[] subcommand_event \u003d command.split(\"/from \");","lastModifiedDate":"2026-01-21T15:41:24","isFullCredit":false},{"lineNumber":122,"author":{"gitId":"javnz1"},"content":"                        String description_event \u003d subcommand_event[0].replace(\"event \", \"\").trim();","lastModifiedDate":"2026-01-21T15:41:24","isFullCredit":false},{"lineNumber":123,"author":{"gitId":"javnz1"},"content":"                        if (description_event.isEmpty())","lastModifiedDate":"2026-01-21T15:41:24","isFullCredit":false},{"lineNumber":124,"author":{"gitId":"javnz1"},"content":"                            throw new SaitamaException(\"ONE PUNCH!!! The PUNCH description can\u0027t be empty PLEASE describe it! 👊\\n\" +","lastModifiedDate":"2026-01-21T14:40:49","isFullCredit":false},{"lineNumber":125,"author":{"gitId":"javnz1"},"content":"                                    \"event [description] /from [yyyy-MM-dd] /to [yyyy-MM-dd]\");","lastModifiedDate":"2026-01-28T17:37:27","isFullCredit":false},{"lineNumber":126,"author":{"gitId":"javnz1"},"content":"","lastModifiedDate":"2026-01-20T19:04:29","isFullCredit":false},{"lineNumber":127,"author":{"gitId":"javnz1"},"content":"                        String[] date \u003d subcommand_event[1].split(\"/to \");","lastModifiedDate":"2026-01-21T15:41:24","isFullCredit":false},{"lineNumber":128,"author":{"gitId":"javnz1"},"content":"                        if (date.length \u003c 2)","lastModifiedDate":"2026-01-21T14:40:49","isFullCredit":false},{"lineNumber":129,"author":{"gitId":"javnz1"},"content":"                            throw new SaitamaException(\"ONE PUNCH!!! The PUNCH /from and /to can\u0027t be empty PLEASE input yyyy-MM-dd for both! 👊\\n\" +","lastModifiedDate":"2026-01-28T17:37:27","isFullCredit":false},{"lineNumber":130,"author":{"gitId":"javnz1"},"content":"                                    \"event [description] /from [yyyy-MM-dd] /to [yyyy-MM-dd]\");","lastModifiedDate":"2026-01-28T17:37:27","isFullCredit":false},{"lineNumber":131,"author":{"gitId":"javnz1"},"content":"                        String from \u003d date[0].trim();","lastModifiedDate":"2026-01-20T19:04:29","isFullCredit":false},{"lineNumber":132,"author":{"gitId":"javnz1"},"content":"                        String to \u003d date[1].trim();","lastModifiedDate":"2026-01-20T19:04:29","isFullCredit":false},{"lineNumber":133,"author":{"gitId":"javnz1"},"content":"                        if (from.isEmpty() || to.isEmpty())","lastModifiedDate":"2026-01-21T14:40:49","isFullCredit":false},{"lineNumber":134,"author":{"gitId":"javnz1"},"content":"                            throw new SaitamaException(\"ONE PUNCH!!! The PUNCH /from and /to can\u0027t be empty PLEASE input yyyy-MM-dd for both! 👊\\n\" +","lastModifiedDate":"2026-01-28T17:37:27","isFullCredit":false},{"lineNumber":135,"author":{"gitId":"javnz1"},"content":"                                    \"event [description] /from [yyyy-MM-dd] /to [yyyy-MM-dd]\");","lastModifiedDate":"2026-01-28T17:37:27","isFullCredit":false},{"lineNumber":136,"author":{"gitId":"javnz1"},"content":"","lastModifiedDate":"2026-01-20T19:04:29","isFullCredit":false},{"lineNumber":137,"author":{"gitId":"javnz1"},"content":"                        try {","lastModifiedDate":"2026-01-28T17:37:27","isFullCredit":false},{"lineNumber":138,"author":{"gitId":"javnz1"},"content":"                            Task new_task_event \u003d new Events(description_event, from, to);","lastModifiedDate":"2026-01-21T15:41:24","isFullCredit":false},{"lineNumber":139,"author":{"gitId":"javnz1"},"content":"                            taskList.add(new_task_event);","lastModifiedDate":"2026-01-21T15:41:24","isFullCredit":false},{"lineNumber":140,"author":{"gitId":"javnz1"},"content":"                            taskString(new_task_event);","lastModifiedDate":"2026-01-21T15:41:24","isFullCredit":false},{"lineNumber":141,"author":{"gitId":"javnz1"},"content":"                            storage.save(taskList);","lastModifiedDate":"2026-01-27T19:56:20","isFullCredit":false},{"lineNumber":142,"author":{"gitId":"javnz1"},"content":"                        } catch (java.time.format.DateTimeParseException e) {","lastModifiedDate":"2026-01-28T17:37:27","isFullCredit":false},{"lineNumber":143,"author":{"gitId":"javnz1"},"content":"                            throw new SaitamaException(\"ONE PUNCH!!! SaitamaSensei only understands dates in yyyy-MM-dd format! 👊\\n\" +","lastModifiedDate":"2026-01-28T17:37:27","isFullCredit":false},{"lineNumber":144,"author":{"gitId":"javnz1"},"content":"                                    \"event [description] /from [yyyy-MM-dd] /to [yyyy-MM-dd]\");","lastModifiedDate":"2026-01-28T17:37:27","isFullCredit":false},{"lineNumber":145,"author":{"gitId":"javnz1"},"content":"                        }","lastModifiedDate":"2026-01-28T17:37:27","isFullCredit":false},{"lineNumber":146,"author":{"gitId":"javnz1"},"content":"                        break;","lastModifiedDate":"2026-01-21T15:41:24","isFullCredit":false},{"lineNumber":147,"author":{"gitId":"javnz1"},"content":"                    case DELETE:","lastModifiedDate":"2026-01-21T15:41:24","isFullCredit":false},{"lineNumber":148,"author":{"gitId":"javnz1"},"content":"                        command \u003d command.replace(\"delete\", \"\").trim();","lastModifiedDate":"2026-01-21T14:55:16","isFullCredit":false},{"lineNumber":149,"author":{"gitId":"javnz1"},"content":"                        if (command.isEmpty()) {","lastModifiedDate":"2026-01-21T14:55:16","isFullCredit":false},{"lineNumber":150,"author":{"gitId":"javnz1"},"content":"                            throw new SaitamaException(\"ONE PUNCH!!! Which task are we deleting? 👊\\n\" +","lastModifiedDate":"2026-01-21T14:55:16","isFullCredit":false},{"lineNumber":151,"author":{"gitId":"javnz1"},"content":"                                    \"if you do not know the task number please type \u0027list\u0027 to view list then do\\n\" +","lastModifiedDate":"2026-01-21T14:55:16","isFullCredit":false},{"lineNumber":152,"author":{"gitId":"javnz1"},"content":"                                    \"delete [task number in the list]\");","lastModifiedDate":"2026-01-21T14:55:16","isFullCredit":false},{"lineNumber":153,"author":{"gitId":"javnz1"},"content":"                        }","lastModifiedDate":"2026-01-21T14:55:16","isFullCredit":false},{"lineNumber":154,"author":{"gitId":"javnz1"},"content":"","lastModifiedDate":"2026-01-21T14:55:16","isFullCredit":false},{"lineNumber":155,"author":{"gitId":"javnz1"},"content":"                        int num_delete \u003d Integer.parseInt(command) - 1;","lastModifiedDate":"2026-01-21T15:41:24","isFullCredit":false},{"lineNumber":156,"author":{"gitId":"javnz1"},"content":"                        Task removedTask \u003d taskList.remove(num_delete);","lastModifiedDate":"2026-01-21T15:41:24","isFullCredit":false},{"lineNumber":157,"author":{"gitId":"javnz1"},"content":"","lastModifiedDate":"2026-01-21T14:55:16","isFullCredit":false},{"lineNumber":158,"author":{"gitId":"javnz1"},"content":"                        System.out.println(HORIZONTAL_LINE);","lastModifiedDate":"2026-01-21T14:55:16","isFullCredit":false},{"lineNumber":159,"author":{"gitId":"javnz1"},"content":"                        System.out.println(\"Noted. I\u0027ve removed this task:\");","lastModifiedDate":"2026-01-21T14:55:16","isFullCredit":false},{"lineNumber":160,"author":{"gitId":"javnz1"},"content":"                        System.out.println(removedTask);","lastModifiedDate":"2026-01-21T14:55:16","isFullCredit":false},{"lineNumber":161,"author":{"gitId":"javnz1"},"content":"                        System.out.println(\"Now you have \" + taskList.size() + \" tasks in the list.\");","lastModifiedDate":"2026-01-21T14:55:16","isFullCredit":false},{"lineNumber":162,"author":{"gitId":"javnz1"},"content":"                        System.out.println(HORIZONTAL_LINE);","lastModifiedDate":"2026-01-21T14:55:16","isFullCredit":false},{"lineNumber":163,"author":{"gitId":"javnz1"},"content":"                        storage.save(taskList);","lastModifiedDate":"2026-01-27T19:56:20","isFullCredit":false},{"lineNumber":164,"author":{"gitId":"javnz1"},"content":"                        break;","lastModifiedDate":"2026-01-21T15:41:24","isFullCredit":false},{"lineNumber":165,"author":{"gitId":"javnz1"},"content":"                    case UNKNOWN:","lastModifiedDate":"2026-01-21T15:41:24","isFullCredit":false},{"lineNumber":166,"author":{"gitId":"javnz1"},"content":"                    default:","lastModifiedDate":"2026-01-21T15:41:24","isFullCredit":false},{"lineNumber":167,"author":{"gitId":"javnz1"},"content":"                        throw new SaitamaException(\"ONE PUNCH!!! I don\u0027t understand you. Please input a specific PUNCH command in the format below:\\n\" +","lastModifiedDate":"2026-01-21T14:40:49","isFullCredit":false},{"lineNumber":168,"author":{"gitId":"javnz1"},"content":"                                \"todo [description]\\n\" +","lastModifiedDate":"2026-01-21T14:40:49","isFullCredit":false},{"lineNumber":169,"author":{"gitId":"javnz1"},"content":"                                \"deadline [description] /by [date/time/day]\\n\" +","lastModifiedDate":"2026-01-21T14:40:49","isFullCredit":false},{"lineNumber":170,"author":{"gitId":"javnz1"},"content":"                                \"event [description] /from [date/time/day] /to [date/time/day]\\n\" +","lastModifiedDate":"2026-01-21T14:40:49","isFullCredit":false},{"lineNumber":171,"author":{"gitId":"javnz1"},"content":"                                \"list\\n\" +","lastModifiedDate":"2026-01-21T14:40:49","isFullCredit":false},{"lineNumber":172,"author":{"gitId":"javnz1"},"content":"                                \"mark [task number in the list]\\n\" +","lastModifiedDate":"2026-01-21T14:40:49","isFullCredit":false},{"lineNumber":173,"author":{"gitId":"javnz1"},"content":"                                \"unmark [task number in the list]\\n\" +","lastModifiedDate":"2026-01-21T14:55:16","isFullCredit":false},{"lineNumber":174,"author":{"gitId":"javnz1"},"content":"                                \"delete [task number in the list]\");","lastModifiedDate":"2026-01-21T14:55:16","isFullCredit":false},{"lineNumber":175,"author":{"gitId":"javnz1"},"content":"                }","lastModifiedDate":"2026-01-21T14:40:49","isFullCredit":false},{"lineNumber":176,"author":{"gitId":"javnz1"},"content":"            } catch (SaitamaException e) {","lastModifiedDate":"2026-01-21T14:40:49","isFullCredit":false},{"lineNumber":177,"author":{"gitId":"javnz1"},"content":"                System.out.println(HORIZONTAL_LINE);","lastModifiedDate":"2026-01-21T14:40:49","isFullCredit":false},{"lineNumber":178,"author":{"gitId":"javnz1"},"content":"                System.out.println(e.getMessage());","lastModifiedDate":"2026-01-21T14:40:49","isFullCredit":false},{"lineNumber":179,"author":{"gitId":"javnz1"},"content":"                System.out.println(HORIZONTAL_LINE);","lastModifiedDate":"2026-01-21T14:40:49","isFullCredit":false},{"lineNumber":180,"author":{"gitId":"javnz1"},"content":"            } catch (NumberFormatException e) {","lastModifiedDate":"2026-01-21T14:40:49","isFullCredit":false},{"lineNumber":181,"author":{"gitId":"javnz1"},"content":"                System.out.println(HORIZONTAL_LINE);","lastModifiedDate":"2026-01-21T14:40:49","isFullCredit":false},{"lineNumber":182,"author":{"gitId":"javnz1"},"content":"                System.out.println(\"ONE PUNCH!!! Please enter a valid number! 👊\");","lastModifiedDate":"2026-01-21T14:40:49","isFullCredit":false},{"lineNumber":183,"author":{"gitId":"javnz1"},"content":"                System.out.println(HORIZONTAL_LINE);","lastModifiedDate":"2026-01-21T14:40:49","isFullCredit":false},{"lineNumber":184,"author":{"gitId":"javnz1"},"content":"            } catch (IndexOutOfBoundsException e) {","lastModifiedDate":"2026-01-21T14:40:49","isFullCredit":false},{"lineNumber":185,"author":{"gitId":"javnz1"},"content":"                System.out.println(HORIZONTAL_LINE);","lastModifiedDate":"2026-01-21T14:40:49","isFullCredit":false},{"lineNumber":186,"author":{"gitId":"javnz1"},"content":"                System.out.println(\"ONE PUNCH!!! That task number doesn\u0027t exist in the list! 👊\");","lastModifiedDate":"2026-01-21T14:40:49","isFullCredit":false},{"lineNumber":187,"author":{"gitId":"javnz1"},"content":"                System.out.println(HORIZONTAL_LINE);","lastModifiedDate":"2026-01-21T14:40:49","isFullCredit":false},{"lineNumber":188,"author":{"gitId":"javnz1"},"content":"            }","lastModifiedDate":"2026-01-20T15:41:34","isFullCredit":false},{"lineNumber":189,"author":{"gitId":"javnz1"},"content":"        }","lastModifiedDate":"2026-01-20T02:15:26","isFullCredit":false},{"lineNumber":190,"author":{"gitId":"javnz1"},"content":"        System.out.println(HORIZONTAL_LINE);","lastModifiedDate":"2026-01-20T02:15:26","isFullCredit":false},{"lineNumber":191,"author":{"gitId":"javnz1"},"content":"        System.out.println(\"Bye. Hope to see you again soon!\");","lastModifiedDate":"2026-01-20T01:49:22","isFullCredit":false},{"lineNumber":192,"author":{"gitId":"javnz1"},"content":"        System.out.println(HORIZONTAL_LINE);","lastModifiedDate":"2026-01-20T01:49:22","isFullCredit":false},{"lineNumber":193,"author":{"gitId":"javnz1"},"content":"    }","lastModifiedDate":"2026-01-20T01:49:22","isFullCredit":false},{"lineNumber":194,"author":{"gitId":"javnz1"},"content":"","lastModifiedDate":"2026-01-20T19:04:29","isFullCredit":false},{"lineNumber":195,"author":{"gitId":"javnz1"},"content":"    public static void taskString(Task task) {","lastModifiedDate":"2026-01-20T19:04:29","isFullCredit":false},{"lineNumber":196,"author":{"gitId":"javnz1"},"content":"        System.out.println(HORIZONTAL_LINE);","lastModifiedDate":"2026-01-20T19:04:29","isFullCredit":false},{"lineNumber":197,"author":{"gitId":"javnz1"},"content":"        System.out.println(\"Got it. I\u0027ve added this task:\");","lastModifiedDate":"2026-01-20T19:04:29","isFullCredit":false},{"lineNumber":198,"author":{"gitId":"javnz1"},"content":"        System.out.println(task);","lastModifiedDate":"2026-01-20T19:04:29","isFullCredit":false},{"lineNumber":199,"author":{"gitId":"javnz1"},"content":"        System.out.println(\"Now you have \" + taskList.size() + \" tasks in the list.\");","lastModifiedDate":"2026-01-20T19:04:29","isFullCredit":false},{"lineNumber":200,"author":{"gitId":"javnz1"},"content":"        System.out.println(HORIZONTAL_LINE);","lastModifiedDate":"2026-01-20T19:04:29","isFullCredit":false},{"lineNumber":201,"author":{"gitId":"javnz1"},"content":"    }","lastModifiedDate":"2026-01-20T19:04:29","isFullCredit":false},{"lineNumber":202,"author":{"gitId":"javnz1"},"content":"","lastModifiedDate":"2026-01-21T15:41:24","isFullCredit":false},{"lineNumber":203,"author":{"gitId":"javnz1"},"content":"    private static CommandType getCommandType(String input) {","lastModifiedDate":"2026-01-21T15:41:24","isFullCredit":false},{"lineNumber":204,"author":{"gitId":"javnz1"},"content":"        try {","lastModifiedDate":"2026-01-21T15:41:24","isFullCredit":false},{"lineNumber":205,"author":{"gitId":"javnz1"},"content":"            String firstWord \u003d input.split(\" \")[0].toUpperCase();","lastModifiedDate":"2026-01-21T15:41:24","isFullCredit":false},{"lineNumber":206,"author":{"gitId":"javnz1"},"content":"            return CommandType.valueOf(firstWord);","lastModifiedDate":"2026-01-21T15:41:24","isFullCredit":false},{"lineNumber":207,"author":{"gitId":"javnz1"},"content":"        } catch (IllegalArgumentException | ArrayIndexOutOfBoundsException e) {","lastModifiedDate":"2026-01-21T15:41:24","isFullCredit":false},{"lineNumber":208,"author":{"gitId":"javnz1"},"content":"            return CommandType.UNKNOWN;","lastModifiedDate":"2026-01-21T15:41:24","isFullCredit":false},{"lineNumber":209,"author":{"gitId":"javnz1"},"content":"        }","lastModifiedDate":"2026-01-21T15:41:24","isFullCredit":false},{"lineNumber":210,"author":{"gitId":"javnz1"},"content":"    }","lastModifiedDate":"2026-01-21T15:41:24","isFullCredit":false},{"lineNumber":211,"author":{"gitId":"javnz1"},"content":"}","lastModifiedDate":"2026-01-20T01:49:22","isFullCredit":false}],"authorContributionMap":{"javnz1":211}},{"path":"src/main/java/saitama/exception/SaitamaException.java","fileType":"java","lines":[{"lineNumber":1,"author":{"gitId":"javnz1"},"content":"package saitama.exception;","lastModifiedDate":"2026-01-28T18:20:54","isFullCredit":false},{"lineNumber":2,"author":{"gitId":"javnz1"},"content":"","lastModifiedDate":"2026-01-28T18:20:54","isFullCredit":false},{"lineNumber":3,"author":{"gitId":"javnz1"},"content":"public class SaitamaException extends Exception{","lastModifiedDate":"2026-01-21T14:40:49","isFullCredit":false},{"lineNumber":4,"author":{"gitId":"javnz1"},"content":"    public SaitamaException(String message){","lastModifiedDate":"2026-01-21T14:40:49","isFullCredit":false},{"lineNumber":5,"author":{"gitId":"javnz1"},"content":"        super(message);","lastModifiedDate":"2026-01-21T14:40:49","isFullCredit":false},{"lineNumber":6,"author":{"gitId":"javnz1"},"content":"    }","lastModifiedDate":"2026-01-21T14:40:49","isFullCredit":false},{"lineNumber":7,"author":{"gitId":"javnz1"},"content":"}","lastModifiedDate":"2026-01-21T14:40:49","isFullCredit":false}],"authorContributionMap":{"javnz1":7}},{"path":"src/main/java/saitama/storage/Storage.java","fileType":"java","lines":[{"lineNumber":1,"author":{"gitId":"javnz1"},"content":"package saitama.storage;","lastModifiedDate":"2026-01-28T18:20:54","isFullCredit":false},{"lineNumber":2,"author":{"gitId":"javnz1"},"content":"","lastModifiedDate":"2026-01-28T18:20:54","isFullCredit":false},{"lineNumber":3,"author":{"gitId":"javnz1"},"content":"import saitama.task.Deadline;","lastModifiedDate":"2026-01-28T18:20:54","isFullCredit":false},{"lineNumber":4,"author":{"gitId":"javnz1"},"content":"import saitama.task.Events;","lastModifiedDate":"2026-01-28T18:20:54","isFullCredit":false},{"lineNumber":5,"author":{"gitId":"javnz1"},"content":"import saitama.task.Task;","lastModifiedDate":"2026-01-28T18:20:54","isFullCredit":false},{"lineNumber":6,"author":{"gitId":"javnz1"},"content":"import saitama.task.ToDos;","lastModifiedDate":"2026-01-28T18:20:54","isFullCredit":false},{"lineNumber":7,"author":{"gitId":"javnz1"},"content":"","lastModifiedDate":"2026-01-28T18:20:54","isFullCredit":false},{"lineNumber":8,"author":{"gitId":"javnz1"},"content":"import java.io.File;","lastModifiedDate":"2026-01-27T19:56:20","isFullCredit":false},{"lineNumber":9,"author":{"gitId":"javnz1"},"content":"import java.io.FileWriter;","lastModifiedDate":"2026-01-27T19:56:20","isFullCredit":false},{"lineNumber":10,"author":{"gitId":"javnz1"},"content":"import java.io.IOException;","lastModifiedDate":"2026-01-27T19:56:20","isFullCredit":false},{"lineNumber":11,"author":{"gitId":"javnz1"},"content":"import java.time.format.DateTimeFormatter;","lastModifiedDate":"2026-01-28T17:37:27","isFullCredit":false},{"lineNumber":12,"author":{"gitId":"javnz1"},"content":"import java.util.ArrayList;","lastModifiedDate":"2026-01-27T19:56:20","isFullCredit":false},{"lineNumber":13,"author":{"gitId":"javnz1"},"content":"import java.util.Scanner;","lastModifiedDate":"2026-01-27T19:56:20","isFullCredit":false},{"lineNumber":14,"author":{"gitId":"javnz1"},"content":"","lastModifiedDate":"2026-01-27T19:56:20","isFullCredit":false},{"lineNumber":15,"author":{"gitId":"javnz1"},"content":"public class Storage {","lastModifiedDate":"2026-01-27T19:56:20","isFullCredit":false},{"lineNumber":16,"author":{"gitId":"javnz1"},"content":"    private String filePath;","lastModifiedDate":"2026-01-27T19:56:20","isFullCredit":false},{"lineNumber":17,"author":{"gitId":"javnz1"},"content":"","lastModifiedDate":"2026-01-27T19:56:20","isFullCredit":false},{"lineNumber":18,"author":{"gitId":"javnz1"},"content":"    public Storage(String filePath) {","lastModifiedDate":"2026-01-27T19:56:20","isFullCredit":false},{"lineNumber":19,"author":{"gitId":"javnz1"},"content":"        this.filePath \u003d filePath;","lastModifiedDate":"2026-01-27T19:56:20","isFullCredit":false},{"lineNumber":20,"author":{"gitId":"javnz1"},"content":"    }","lastModifiedDate":"2026-01-27T19:56:20","isFullCredit":false},{"lineNumber":21,"author":{"gitId":"javnz1"},"content":"","lastModifiedDate":"2026-01-27T19:56:20","isFullCredit":false},{"lineNumber":22,"author":{"gitId":"javnz1"},"content":"    public void save(ArrayList\u003cTask\u003e taskList) {","lastModifiedDate":"2026-01-27T19:56:20","isFullCredit":false},{"lineNumber":23,"author":{"gitId":"javnz1"},"content":"        try {","lastModifiedDate":"2026-01-27T19:56:20","isFullCredit":false},{"lineNumber":24,"author":{"gitId":"javnz1"},"content":"            File f \u003d new File(filePath);","lastModifiedDate":"2026-01-27T19:56:20","isFullCredit":false},{"lineNumber":25,"author":{"gitId":"javnz1"},"content":"            f.getParentFile().mkdirs();","lastModifiedDate":"2026-01-27T19:56:20","isFullCredit":false},{"lineNumber":26,"author":{"gitId":"javnz1"},"content":"            FileWriter fw \u003d new FileWriter(f);","lastModifiedDate":"2026-01-27T19:56:20","isFullCredit":false},{"lineNumber":27,"author":{"gitId":"javnz1"},"content":"","lastModifiedDate":"2026-01-27T19:56:20","isFullCredit":false},{"lineNumber":28,"author":{"gitId":"javnz1"},"content":"            for (Task t: taskList) {","lastModifiedDate":"2026-01-27T19:56:20","isFullCredit":false},{"lineNumber":29,"author":{"gitId":"javnz1"},"content":"                fw.write(fileFormat(t) + System.lineSeparator());","lastModifiedDate":"2026-01-27T19:56:20","isFullCredit":false},{"lineNumber":30,"author":{"gitId":"javnz1"},"content":"            }","lastModifiedDate":"2026-01-27T19:56:20","isFullCredit":false},{"lineNumber":31,"author":{"gitId":"javnz1"},"content":"","lastModifiedDate":"2026-01-27T19:56:20","isFullCredit":false},{"lineNumber":32,"author":{"gitId":"javnz1"},"content":"            fw.close();","lastModifiedDate":"2026-01-27T19:56:20","isFullCredit":false},{"lineNumber":33,"author":{"gitId":"javnz1"},"content":"        } catch (IOException e) {","lastModifiedDate":"2026-01-27T19:56:20","isFullCredit":false},{"lineNumber":34,"author":{"gitId":"javnz1"},"content":"            System.out.println(\"⚠ Sensei encountered an error saving: \" + e.getMessage());","lastModifiedDate":"2026-01-27T19:56:20","isFullCredit":false},{"lineNumber":35,"author":{"gitId":"javnz1"},"content":"        }","lastModifiedDate":"2026-01-27T19:56:20","isFullCredit":false},{"lineNumber":36,"author":{"gitId":"javnz1"},"content":"    }","lastModifiedDate":"2026-01-27T19:56:20","isFullCredit":false},{"lineNumber":37,"author":{"gitId":"javnz1"},"content":"","lastModifiedDate":"2026-01-27T19:56:20","isFullCredit":false},{"lineNumber":38,"author":{"gitId":"javnz1"},"content":"    public ArrayList\u003cTask\u003e load() {","lastModifiedDate":"2026-01-27T19:56:20","isFullCredit":false},{"lineNumber":39,"author":{"gitId":"javnz1"},"content":"        ArrayList\u003cTask\u003e taskList \u003d new ArrayList\u003c\u003e();","lastModifiedDate":"2026-01-27T19:56:20","isFullCredit":false},{"lineNumber":40,"author":{"gitId":"javnz1"},"content":"        File f \u003d new File(filePath);","lastModifiedDate":"2026-01-27T19:56:20","isFullCredit":false},{"lineNumber":41,"author":{"gitId":"javnz1"},"content":"","lastModifiedDate":"2026-01-27T19:56:20","isFullCredit":false},{"lineNumber":42,"author":{"gitId":"javnz1"},"content":"        if (!f.exists()) {","lastModifiedDate":"2026-01-27T19:56:20","isFullCredit":false},{"lineNumber":43,"author":{"gitId":"javnz1"},"content":"            return taskList;","lastModifiedDate":"2026-01-27T19:56:20","isFullCredit":false},{"lineNumber":44,"author":{"gitId":"javnz1"},"content":"        }","lastModifiedDate":"2026-01-27T19:56:20","isFullCredit":false},{"lineNumber":45,"author":{"gitId":"javnz1"},"content":"","lastModifiedDate":"2026-01-27T19:56:20","isFullCredit":false},{"lineNumber":46,"author":{"gitId":"javnz1"},"content":"        try {","lastModifiedDate":"2026-01-27T19:56:20","isFullCredit":false},{"lineNumber":47,"author":{"gitId":"javnz1"},"content":"            Scanner sc \u003d new Scanner(f);","lastModifiedDate":"2026-01-27T19:56:20","isFullCredit":false},{"lineNumber":48,"author":{"gitId":"javnz1"},"content":"            while (sc.hasNext()) {","lastModifiedDate":"2026-01-27T19:56:20","isFullCredit":false},{"lineNumber":49,"author":{"gitId":"javnz1"},"content":"                String line \u003d sc.nextLine();","lastModifiedDate":"2026-01-27T19:56:20","isFullCredit":false},{"lineNumber":50,"author":{"gitId":"javnz1"},"content":"                Task task \u003d lineToTask(line);","lastModifiedDate":"2026-01-27T19:56:20","isFullCredit":false},{"lineNumber":51,"author":{"gitId":"javnz1"},"content":"                if (task !\u003d null) {","lastModifiedDate":"2026-01-27T19:56:20","isFullCredit":false},{"lineNumber":52,"author":{"gitId":"javnz1"},"content":"                    taskList.add(task);","lastModifiedDate":"2026-01-27T19:56:20","isFullCredit":false},{"lineNumber":53,"author":{"gitId":"javnz1"},"content":"                }","lastModifiedDate":"2026-01-27T19:56:20","isFullCredit":false},{"lineNumber":54,"author":{"gitId":"javnz1"},"content":"            }","lastModifiedDate":"2026-01-27T19:56:20","isFullCredit":false},{"lineNumber":55,"author":{"gitId":"javnz1"},"content":"        } catch (IOException e) {","lastModifiedDate":"2026-01-27T19:56:20","isFullCredit":false},{"lineNumber":56,"author":{"gitId":"javnz1"},"content":"            System.out.println(\"⚠️ Sensei couldn\u0027t load the file: \" + e.getMessage());","lastModifiedDate":"2026-01-27T19:56:20","isFullCredit":false},{"lineNumber":57,"author":{"gitId":"javnz1"},"content":"        }","lastModifiedDate":"2026-01-27T19:56:20","isFullCredit":false},{"lineNumber":58,"author":{"gitId":"javnz1"},"content":"        return taskList;","lastModifiedDate":"2026-01-27T19:56:20","isFullCredit":false},{"lineNumber":59,"author":{"gitId":"javnz1"},"content":"    }","lastModifiedDate":"2026-01-27T19:56:20","isFullCredit":false},{"lineNumber":60,"author":{"gitId":"javnz1"},"content":"","lastModifiedDate":"2026-01-27T19:56:20","isFullCredit":false},{"lineNumber":61,"author":{"gitId":"javnz1"},"content":"    public String fileFormat (Task t) {","lastModifiedDate":"2026-01-27T19:56:20","isFullCredit":false},{"lineNumber":62,"author":{"gitId":"javnz1"},"content":"        String type \u003d (t instanceof ToDos) ? \"T\" : (t instanceof Deadline) ? \"D\" : \"E\";","lastModifiedDate":"2026-01-27T19:56:20","isFullCredit":false},{"lineNumber":63,"author":{"gitId":"javnz1"},"content":"        int isDone \u003d t.isDone ? 1 : 0;","lastModifiedDate":"2026-01-27T19:56:20","isFullCredit":false},{"lineNumber":64,"author":{"gitId":"javnz1"},"content":"        String base \u003d type + \" | \" + isDone + \" | \" + t.description;","lastModifiedDate":"2026-01-27T19:56:20","isFullCredit":false},{"lineNumber":65,"author":{"gitId":"javnz1"},"content":"","lastModifiedDate":"2026-01-27T19:56:20","isFullCredit":false},{"lineNumber":66,"author":{"gitId":"javnz1"},"content":"        if (t instanceof Deadline) {","lastModifiedDate":"2026-01-27T19:56:20","isFullCredit":false},{"lineNumber":67,"author":{"gitId":"javnz1"},"content":"            return base + \" | \" + ((Deadline) t).by.format(DateTimeFormatter.ofPattern(\"yyyy-MM-dd HHmm\"));","lastModifiedDate":"2026-01-28T17:37:27","isFullCredit":false},{"lineNumber":68,"author":{"gitId":"javnz1"},"content":"        } else if (t instanceof Events) {","lastModifiedDate":"2026-01-27T19:56:20","isFullCredit":false},{"lineNumber":69,"author":{"gitId":"javnz1"},"content":"            return base + \" | \" + ((Events) t).from.format(DateTimeFormatter.ofPattern(\"yyyy-MM-dd\")) + \" | \" + ((Events) t).to.format(DateTimeFormatter.ofPattern(\"yyyy-MM-dd\"));","lastModifiedDate":"2026-01-28T17:37:27","isFullCredit":false},{"lineNumber":70,"author":{"gitId":"javnz1"},"content":"        }","lastModifiedDate":"2026-01-27T19:56:20","isFullCredit":false},{"lineNumber":71,"author":{"gitId":"javnz1"},"content":"        return base;","lastModifiedDate":"2026-01-27T19:56:20","isFullCredit":false},{"lineNumber":72,"author":{"gitId":"javnz1"},"content":"    }","lastModifiedDate":"2026-01-27T19:56:20","isFullCredit":false},{"lineNumber":73,"author":{"gitId":"javnz1"},"content":"","lastModifiedDate":"2026-01-27T19:56:20","isFullCredit":false},{"lineNumber":74,"author":{"gitId":"javnz1"},"content":"    public Task lineToTask(String line) {","lastModifiedDate":"2026-01-27T19:56:20","isFullCredit":false},{"lineNumber":75,"author":{"gitId":"javnz1"},"content":"        String[] parts \u003d line.split(\" \\\\| \");","lastModifiedDate":"2026-01-27T19:56:20","isFullCredit":false},{"lineNumber":76,"author":{"gitId":"javnz1"},"content":"        String type \u003d parts[0];","lastModifiedDate":"2026-01-27T19:56:20","isFullCredit":false},{"lineNumber":77,"author":{"gitId":"javnz1"},"content":"        boolean isDone \u003d parts[1].equals(\"1\");","lastModifiedDate":"2026-01-27T19:56:20","isFullCredit":false},{"lineNumber":78,"author":{"gitId":"javnz1"},"content":"        String description \u003d parts[2];","lastModifiedDate":"2026-01-27T19:56:20","isFullCredit":false},{"lineNumber":79,"author":{"gitId":"javnz1"},"content":"        Task t;","lastModifiedDate":"2026-01-27T19:56:20","isFullCredit":false},{"lineNumber":80,"author":{"gitId":"javnz1"},"content":"","lastModifiedDate":"2026-01-27T19:56:20","isFullCredit":false},{"lineNumber":81,"author":{"gitId":"javnz1"},"content":"        switch (type) {","lastModifiedDate":"2026-01-27T19:56:20","isFullCredit":false},{"lineNumber":82,"author":{"gitId":"javnz1"},"content":"            case \"T\":","lastModifiedDate":"2026-01-27T19:56:20","isFullCredit":false},{"lineNumber":83,"author":{"gitId":"javnz1"},"content":"                t \u003d new ToDos(description);","lastModifiedDate":"2026-01-27T19:56:20","isFullCredit":false},{"lineNumber":84,"author":{"gitId":"javnz1"},"content":"                break;","lastModifiedDate":"2026-01-27T19:56:20","isFullCredit":false},{"lineNumber":85,"author":{"gitId":"javnz1"},"content":"            case \"D\":","lastModifiedDate":"2026-01-27T19:56:20","isFullCredit":false},{"lineNumber":86,"author":{"gitId":"javnz1"},"content":"                t \u003d new Deadline(description, parts[3]);","lastModifiedDate":"2026-01-27T19:56:20","isFullCredit":false},{"lineNumber":87,"author":{"gitId":"javnz1"},"content":"                break;","lastModifiedDate":"2026-01-27T19:56:20","isFullCredit":false},{"lineNumber":88,"author":{"gitId":"javnz1"},"content":"            case \"E\":","lastModifiedDate":"2026-01-27T19:56:20","isFullCredit":false},{"lineNumber":89,"author":{"gitId":"javnz1"},"content":"                t \u003d new Events(description, parts[3], parts[4]);","lastModifiedDate":"2026-01-27T19:56:20","isFullCredit":false},{"lineNumber":90,"author":{"gitId":"javnz1"},"content":"                break;","lastModifiedDate":"2026-01-27T19:56:20","isFullCredit":false},{"lineNumber":91,"author":{"gitId":"javnz1"},"content":"            default:","lastModifiedDate":"2026-01-27T19:56:20","isFullCredit":false},{"lineNumber":92,"author":{"gitId":"javnz1"},"content":"                return null;","lastModifiedDate":"2026-01-27T19:56:20","isFullCredit":false},{"lineNumber":93,"author":{"gitId":"javnz1"},"content":"        }","lastModifiedDate":"2026-01-27T19:56:20","isFullCredit":false},{"lineNumber":94,"author":{"gitId":"javnz1"},"content":"","lastModifiedDate":"2026-01-27T19:56:20","isFullCredit":false},{"lineNumber":95,"author":{"gitId":"javnz1"},"content":"        if (isDone)","lastModifiedDate":"2026-01-27T19:56:20","isFullCredit":false},{"lineNumber":96,"author":{"gitId":"javnz1"},"content":"            t.markAsDone();","lastModifiedDate":"2026-01-27T19:56:20","isFullCredit":false},{"lineNumber":97,"author":{"gitId":"javnz1"},"content":"","lastModifiedDate":"2026-01-27T19:56:20","isFullCredit":false},{"lineNumber":98,"author":{"gitId":"javnz1"},"content":"        return t;","lastModifiedDate":"2026-01-27T19:56:20","isFullCredit":false},{"lineNumber":99,"author":{"gitId":"javnz1"},"content":"    }","lastModifiedDate":"2026-01-27T19:56:20","isFullCredit":false},{"lineNumber":100,"author":{"gitId":"javnz1"},"content":"}","lastModifiedDate":"2026-01-27T19:56:20","isFullCredit":false}],"authorContributionMap":{"javnz1":100}},{"path":"src/main/java/saitama/task/Deadline.java","fileType":"java","lines":[{"lineNumber":1,"author":{"gitId":"javnz1"},"content":"package saitama.task;","lastModifiedDate":"2026-01-28T18:20:54","isFullCredit":false},{"lineNumber":2,"author":{"gitId":"javnz1"},"content":"","lastModifiedDate":"2026-01-28T18:20:54","isFullCredit":false},{"lineNumber":3,"author":{"gitId":"javnz1"},"content":"import java.time.LocalDateTime;","lastModifiedDate":"2026-01-28T17:37:27","isFullCredit":false},{"lineNumber":4,"author":{"gitId":"javnz1"},"content":"import java.time.format.DateTimeFormatter;","lastModifiedDate":"2026-01-28T17:37:27","isFullCredit":false},{"lineNumber":5,"author":{"gitId":"javnz1"},"content":"","lastModifiedDate":"2026-01-28T17:37:27","isFullCredit":false},{"lineNumber":6,"author":{"gitId":"javnz1"},"content":"public class Deadline extends Task{","lastModifiedDate":"2026-01-20T19:04:29","isFullCredit":false},{"lineNumber":7,"author":{"gitId":"javnz1"},"content":"    public LocalDateTime by;","lastModifiedDate":"2026-01-28T18:20:54","isFullCredit":false},{"lineNumber":8,"author":{"gitId":"javnz1"},"content":"","lastModifiedDate":"2026-01-20T19:04:29","isFullCredit":false},{"lineNumber":9,"author":{"gitId":"javnz1"},"content":"    public Deadline(String description, String by) {","lastModifiedDate":"2026-01-20T19:04:29","isFullCredit":false},{"lineNumber":10,"author":{"gitId":"javnz1"},"content":"        super(description);","lastModifiedDate":"2026-01-20T19:04:29","isFullCredit":false},{"lineNumber":11,"author":{"gitId":"javnz1"},"content":"        this.by \u003d LocalDateTime.parse(by.trim(), DateTimeFormatter.ofPattern(\"yyyy-MM-dd HHmm\"));","lastModifiedDate":"2026-01-28T17:37:27","isFullCredit":false},{"lineNumber":12,"author":{"gitId":"javnz1"},"content":"    }","lastModifiedDate":"2026-01-20T19:04:29","isFullCredit":false},{"lineNumber":13,"author":{"gitId":"javnz1"},"content":"","lastModifiedDate":"2026-01-20T19:04:29","isFullCredit":false},{"lineNumber":14,"author":{"gitId":"javnz1"},"content":"    @Override","lastModifiedDate":"2026-01-20T19:04:29","isFullCredit":false},{"lineNumber":15,"author":{"gitId":"javnz1"},"content":"    public String toString(){","lastModifiedDate":"2026-01-20T19:04:29","isFullCredit":false},{"lineNumber":16,"author":{"gitId":"javnz1"},"content":"        return \"[D]\" + super.toString() + \" (by: \" + by.format(DateTimeFormatter.ofPattern(\"MMM dd yyyy h.mma\")) + \")\";","lastModifiedDate":"2026-01-28T17:37:27","isFullCredit":false},{"lineNumber":17,"author":{"gitId":"javnz1"},"content":"    }","lastModifiedDate":"2026-01-20T19:04:29","isFullCredit":false},{"lineNumber":18,"author":{"gitId":"javnz1"},"content":"}","lastModifiedDate":"2026-01-20T19:04:29","isFullCredit":false}],"authorContributionMap":{"javnz1":18}},{"path":"src/main/java/saitama/task/Events.java","fileType":"java","lines":[{"lineNumber":1,"author":{"gitId":"javnz1"},"content":"package saitama.task;","lastModifiedDate":"2026-01-28T18:20:54","isFullCredit":false},{"lineNumber":2,"author":{"gitId":"javnz1"},"content":"","lastModifiedDate":"2026-01-28T18:20:54","isFullCredit":false},{"lineNumber":3,"author":{"gitId":"javnz1"},"content":"import java.time.LocalDate;","lastModifiedDate":"2026-01-28T17:37:27","isFullCredit":false},{"lineNumber":4,"author":{"gitId":"javnz1"},"content":"import java.time.LocalDateTime;","lastModifiedDate":"2026-01-28T17:37:27","isFullCredit":false},{"lineNumber":5,"author":{"gitId":"javnz1"},"content":"import java.time.format.DateTimeFormatter;","lastModifiedDate":"2026-01-28T17:37:27","isFullCredit":false},{"lineNumber":6,"author":{"gitId":"javnz1"},"content":"","lastModifiedDate":"2026-01-28T17:37:27","isFullCredit":false},{"lineNumber":7,"author":{"gitId":"javnz1"},"content":"public class Events extends Task{","lastModifiedDate":"2026-01-20T19:04:29","isFullCredit":false},{"lineNumber":8,"author":{"gitId":"javnz1"},"content":"    public LocalDate from;","lastModifiedDate":"2026-01-28T18:20:54","isFullCredit":false},{"lineNumber":9,"author":{"gitId":"javnz1"},"content":"    public LocalDate to;","lastModifiedDate":"2026-01-28T18:20:54","isFullCredit":false},{"lineNumber":10,"author":{"gitId":"javnz1"},"content":"","lastModifiedDate":"2026-01-20T19:04:29","isFullCredit":false},{"lineNumber":11,"author":{"gitId":"javnz1"},"content":"    public Events(String description, String from, String to) {","lastModifiedDate":"2026-01-20T19:04:29","isFullCredit":false},{"lineNumber":12,"author":{"gitId":"javnz1"},"content":"        super(description);","lastModifiedDate":"2026-01-20T19:04:29","isFullCredit":false},{"lineNumber":13,"author":{"gitId":"javnz1"},"content":"        this.from \u003d LocalDate.parse(from.trim(), DateTimeFormatter.ofPattern(\"yyyy-MM-dd\"));;","lastModifiedDate":"2026-01-28T17:37:27","isFullCredit":false},{"lineNumber":14,"author":{"gitId":"javnz1"},"content":"        this.to \u003d LocalDate.parse(to.trim(), DateTimeFormatter.ofPattern(\"yyyy-MM-dd\"));;","lastModifiedDate":"2026-01-28T17:37:27","isFullCredit":false},{"lineNumber":15,"author":{"gitId":"javnz1"},"content":"    }","lastModifiedDate":"2026-01-20T19:04:29","isFullCredit":false},{"lineNumber":16,"author":{"gitId":"javnz1"},"content":"","lastModifiedDate":"2026-01-20T19:04:29","isFullCredit":false},{"lineNumber":17,"author":{"gitId":"javnz1"},"content":"    public String toString(){","lastModifiedDate":"2026-01-20T19:04:29","isFullCredit":false},{"lineNumber":18,"author":{"gitId":"javnz1"},"content":"        return \"[E]\" + super.toString() + \" (from: \" + from.format(DateTimeFormatter.ofPattern(\"MMM dd yyyy\")) + \" to: \" + to.format(DateTimeFormatter.ofPattern(\"MMM dd yyyy\")) + \")\";","lastModifiedDate":"2026-01-28T17:37:27","isFullCredit":false},{"lineNumber":19,"author":{"gitId":"javnz1"},"content":"    }","lastModifiedDate":"2026-01-20T19:04:29","isFullCredit":false},{"lineNumber":20,"author":{"gitId":"javnz1"},"content":"}","lastModifiedDate":"2026-01-20T19:04:29","isFullCredit":false}],"authorContributionMap":{"javnz1":20}},{"path":"src/main/java/saitama/task/Task.java","fileType":"java","lines":[{"lineNumber":1,"author":{"gitId":"javnz1"},"content":"package saitama.task;","lastModifiedDate":"2026-01-28T18:20:54","isFullCredit":false},{"lineNumber":2,"author":{"gitId":"javnz1"},"content":"","lastModifiedDate":"2026-01-28T18:20:54","isFullCredit":false},{"lineNumber":3,"author":{"gitId":"javnz1"},"content":"public class Task {","lastModifiedDate":"2026-01-20T16:23:01","isFullCredit":false},{"lineNumber":4,"author":{"gitId":"javnz1"},"content":"    public String description;","lastModifiedDate":"2026-01-28T18:20:54","isFullCredit":false},{"lineNumber":5,"author":{"gitId":"javnz1"},"content":"    public boolean isDone;","lastModifiedDate":"2026-01-28T18:20:54","isFullCredit":false},{"lineNumber":6,"author":{"gitId":"javnz1"},"content":"","lastModifiedDate":"2026-01-20T16:23:01","isFullCredit":false},{"lineNumber":7,"author":{"gitId":"javnz1"},"content":"    public Task(String description) {","lastModifiedDate":"2026-01-20T16:23:01","isFullCredit":false},{"lineNumber":8,"author":{"gitId":"javnz1"},"content":"        this.description \u003d description;","lastModifiedDate":"2026-01-20T16:23:01","isFullCredit":false},{"lineNumber":9,"author":{"gitId":"javnz1"},"content":"        this.isDone \u003d false;","lastModifiedDate":"2026-01-20T16:23:01","isFullCredit":false},{"lineNumber":10,"author":{"gitId":"javnz1"},"content":"    }","lastModifiedDate":"2026-01-20T16:23:01","isFullCredit":false},{"lineNumber":11,"author":{"gitId":"javnz1"},"content":"","lastModifiedDate":"2026-01-20T16:23:01","isFullCredit":false},{"lineNumber":12,"author":{"gitId":"javnz1"},"content":"    public String getStatusIcon() {","lastModifiedDate":"2026-01-20T16:23:01","isFullCredit":false},{"lineNumber":13,"author":{"gitId":"javnz1"},"content":"        return (isDone ? \"X\" : \" \"); // mark done task with X","lastModifiedDate":"2026-01-20T16:23:01","isFullCredit":false},{"lineNumber":14,"author":{"gitId":"javnz1"},"content":"    }","lastModifiedDate":"2026-01-20T16:23:01","isFullCredit":false},{"lineNumber":15,"author":{"gitId":"javnz1"},"content":"","lastModifiedDate":"2026-01-20T16:23:01","isFullCredit":false},{"lineNumber":16,"author":{"gitId":"javnz1"},"content":"    public void markAsDone() {","lastModifiedDate":"2026-01-20T16:23:01","isFullCredit":false},{"lineNumber":17,"author":{"gitId":"javnz1"},"content":"        this.isDone \u003d true;","lastModifiedDate":"2026-01-20T16:23:01","isFullCredit":false},{"lineNumber":18,"author":{"gitId":"javnz1"},"content":"    }","lastModifiedDate":"2026-01-20T16:23:01","isFullCredit":false},{"lineNumber":19,"author":{"gitId":"javnz1"},"content":"","lastModifiedDate":"2026-01-20T16:23:01","isFullCredit":false},{"lineNumber":20,"author":{"gitId":"javnz1"},"content":"    public void unmarkAsDone() {","lastModifiedDate":"2026-01-20T16:23:01","isFullCredit":false},{"lineNumber":21,"author":{"gitId":"javnz1"},"content":"        this.isDone \u003d false;","lastModifiedDate":"2026-01-20T16:23:01","isFullCredit":false},{"lineNumber":22,"author":{"gitId":"javnz1"},"content":"    }","lastModifiedDate":"2026-01-20T16:23:01","isFullCredit":false},{"lineNumber":23,"author":{"gitId":"javnz1"},"content":"","lastModifiedDate":"2026-01-20T16:23:01","isFullCredit":false},{"lineNumber":24,"author":{"gitId":"javnz1"},"content":"    @Override","lastModifiedDate":"2026-01-20T16:23:01","isFullCredit":false},{"lineNumber":25,"author":{"gitId":"javnz1"},"content":"    public String toString() {","lastModifiedDate":"2026-01-20T16:23:01","isFullCredit":false},{"lineNumber":26,"author":{"gitId":"javnz1"},"content":"        return \"[\" + getStatusIcon() + \"] \" + this.description;","lastModifiedDate":"2026-01-20T16:23:01","isFullCredit":false},{"lineNumber":27,"author":{"gitId":"javnz1"},"content":"    }","lastModifiedDate":"2026-01-20T16:23:01","isFullCredit":false},{"lineNumber":28,"author":{"gitId":"javnz1"},"content":"}","lastModifiedDate":"2026-01-20T16:23:01","isFullCredit":false}],"authorContributionMap":{"javnz1":28}},{"path":"src/main/java/saitama/task/ToDos.java","fileType":"java","lines":[{"lineNumber":1,"author":{"gitId":"javnz1"},"content":"package saitama.task;","lastModifiedDate":"2026-01-28T18:20:54","isFullCredit":false},{"lineNumber":2,"author":{"gitId":"javnz1"},"content":"","lastModifiedDate":"2026-01-28T18:20:54","isFullCredit":false},{"lineNumber":3,"author":{"gitId":"javnz1"},"content":"public class ToDos extends Task {","lastModifiedDate":"2026-01-20T19:04:29","isFullCredit":false},{"lineNumber":4,"author":{"gitId":"javnz1"},"content":"    public ToDos(String description) {","lastModifiedDate":"2026-01-20T19:04:29","isFullCredit":false},{"lineNumber":5,"author":{"gitId":"javnz1"},"content":"        super(description);","lastModifiedDate":"2026-01-20T19:04:29","isFullCredit":false},{"lineNumber":6,"author":{"gitId":"javnz1"},"content":"    }","lastModifiedDate":"2026-01-20T19:04:29","isFullCredit":false},{"lineNumber":7,"author":{"gitId":"javnz1"},"content":"","lastModifiedDate":"2026-01-20T19:04:29","isFullCredit":false},{"lineNumber":8,"author":{"gitId":"javnz1"},"content":"    @Override","lastModifiedDate":"2026-01-20T19:04:29","isFullCredit":false},{"lineNumber":9,"author":{"gitId":"javnz1"},"content":"    public String toString(){","lastModifiedDate":"2026-01-20T19:04:29","isFullCredit":false},{"lineNumber":10,"author":{"gitId":"javnz1"},"content":"        return \"[T]\" + super.toString();","lastModifiedDate":"2026-01-20T19:04:29","isFullCredit":false},{"lineNumber":11,"author":{"gitId":"javnz1"},"content":"    }","lastModifiedDate":"2026-01-20T19:04:29","isFullCredit":false},{"lineNumber":12,"author":{"gitId":"javnz1"},"content":"}","lastModifiedDate":"2026-01-20T19:04:29","isFullCredit":false}],"authorContributionMap":{"javnz1":12}},{"path":"src/test/java/saitama/storage/StorageTest.java","fileType":"java","lines":[{"lineNumber":1,"author":{"gitId":"javnz1"},"content":"package saitama.storage;","lastModifiedDate":"2026-01-29T02:47:26","isFullCredit":false},{"lineNumber":2,"author":{"gitId":"javnz1"},"content":"","lastModifiedDate":"2026-01-29T02:47:26","isFullCredit":false},{"lineNumber":3,"author":{"gitId":"javnz1"},"content":"import org.junit.jupiter.api.Test;","lastModifiedDate":"2026-01-29T02:47:26","isFullCredit":false},{"lineNumber":4,"author":{"gitId":"javnz1"},"content":"import saitama.task.Task;","lastModifiedDate":"2026-01-29T02:47:26","isFullCredit":false},{"lineNumber":5,"author":{"gitId":"javnz1"},"content":"import saitama.task.ToDos;","lastModifiedDate":"2026-01-29T02:47:26","isFullCredit":false},{"lineNumber":6,"author":{"gitId":"javnz1"},"content":"","lastModifiedDate":"2026-01-29T02:47:26","isFullCredit":false},{"lineNumber":7,"author":{"gitId":"javnz1"},"content":"import static org.junit.jupiter.api.Assertions.*;","lastModifiedDate":"2026-01-29T02:47:26","isFullCredit":false},{"lineNumber":8,"author":{"gitId":"javnz1"},"content":"","lastModifiedDate":"2026-01-29T02:47:26","isFullCredit":false},{"lineNumber":9,"author":{"gitId":"javnz1"},"content":"public class StorageTest {","lastModifiedDate":"2026-01-29T02:47:26","isFullCredit":false},{"lineNumber":10,"author":{"gitId":"javnz1"},"content":"    @Test","lastModifiedDate":"2026-01-29T02:47:26","isFullCredit":false},{"lineNumber":11,"author":{"gitId":"javnz1"},"content":"    public void testLineToTask_toDo_parsedCorrectly() {","lastModifiedDate":"2026-01-29T02:47:26","isFullCredit":false},{"lineNumber":12,"author":{"gitId":"javnz1"},"content":"        Storage storage \u003d new Storage(\"./data/test.txt\");","lastModifiedDate":"2026-01-29T02:47:26","isFullCredit":false},{"lineNumber":13,"author":{"gitId":"javnz1"},"content":"        Task result \u003d storage.lineToTask(\"T | 1 | join sports club\");","lastModifiedDate":"2026-01-29T02:47:26","isFullCredit":false},{"lineNumber":14,"author":{"gitId":"javnz1"},"content":"","lastModifiedDate":"2026-01-29T02:47:26","isFullCredit":false},{"lineNumber":15,"author":{"gitId":"javnz1"},"content":"        assertInstanceOf(ToDos.class, result);","lastModifiedDate":"2026-01-29T02:47:26","isFullCredit":false},{"lineNumber":16,"author":{"gitId":"javnz1"},"content":"        assertEquals(\"[T][X] join sports club\", result.toString());","lastModifiedDate":"2026-01-29T02:47:26","isFullCredit":false},{"lineNumber":17,"author":{"gitId":"javnz1"},"content":"    }","lastModifiedDate":"2026-01-29T02:47:26","isFullCredit":false},{"lineNumber":18,"author":{"gitId":"javnz1"},"content":"}","lastModifiedDate":"2026-01-29T02:47:26","isFullCredit":false}],"authorContributionMap":{"javnz1":18}},{"path":"src/test/java/saitama/task/ToDosTest.java","fileType":"java","lines":[{"lineNumber":1,"author":{"gitId":"javnz1"},"content":"package saitama.task;","lastModifiedDate":"2026-01-29T02:47:26","isFullCredit":false},{"lineNumber":2,"author":{"gitId":"javnz1"},"content":"","lastModifiedDate":"2026-01-29T02:47:26","isFullCredit":false},{"lineNumber":3,"author":{"gitId":"javnz1"},"content":"import org.junit.jupiter.api.Test;","lastModifiedDate":"2026-01-29T02:47:26","isFullCredit":false},{"lineNumber":4,"author":{"gitId":"javnz1"},"content":"","lastModifiedDate":"2026-01-29T02:47:26","isFullCredit":false},{"lineNumber":5,"author":{"gitId":"javnz1"},"content":"import static org.junit.jupiter.api.Assertions.assertEquals;","lastModifiedDate":"2026-01-29T02:47:26","isFullCredit":false},{"lineNumber":6,"author":{"gitId":"javnz1"},"content":"","lastModifiedDate":"2026-01-29T02:47:26","isFullCredit":false},{"lineNumber":7,"author":{"gitId":"javnz1"},"content":"public class ToDosTest {","lastModifiedDate":"2026-01-29T02:47:26","isFullCredit":false},{"lineNumber":8,"author":{"gitId":"javnz1"},"content":"    @Test","lastModifiedDate":"2026-01-29T02:47:26","isFullCredit":false},{"lineNumber":9,"author":{"gitId":"javnz1"},"content":"    public void testToString() {","lastModifiedDate":"2026-01-29T02:47:26","isFullCredit":false},{"lineNumber":10,"author":{"gitId":"javnz1"},"content":"        assertEquals(\"[T][ ] read book\", new ToDos(\"read book\").toString());","lastModifiedDate":"2026-01-29T02:47:26","isFullCredit":false},{"lineNumber":11,"author":{"gitId":"javnz1"},"content":"    }","lastModifiedDate":"2026-01-29T02:47:26","isFullCredit":false},{"lineNumber":12,"author":{"gitId":"javnz1"},"content":"}","lastModifiedDate":"2026-01-29T02:47:26","isFullCredit":false}],"authorContributionMap":{"javnz1":12}},{"path":"text-ui-test/input.txt","fileType":"txt","lines":[{"lineNumber":1,"author":{"gitId":"javnz1"},"content":"todo read book","lastModifiedDate":"2026-01-21T02:26:16","isFullCredit":false},{"lineNumber":2,"author":{"gitId":"javnz1"},"content":"deadline return book /by June 6th","lastModifiedDate":"2026-01-21T02:26:16","isFullCredit":false},{"lineNumber":3,"author":{"gitId":"javnz1"},"content":"event project meeting /from Aug 6th 2pm /to 4pm","lastModifiedDate":"2026-01-21T02:26:16","isFullCredit":false},{"lineNumber":4,"author":{"gitId":"javnz1"},"content":"todo join sports club","lastModifiedDate":"2026-01-21T02:26:16","isFullCredit":false},{"lineNumber":5,"author":{"gitId":"javnz1"},"content":"todo borrow book","lastModifiedDate":"2026-01-21T02:26:16","isFullCredit":false},{"lineNumber":6,"author":{"gitId":"javnz1"},"content":"mark 1","lastModifiedDate":"2026-01-21T02:26:16","isFullCredit":false},{"lineNumber":7,"author":{"gitId":"javnz1"},"content":"mark 4","lastModifiedDate":"2026-01-21T02:26:16","isFullCredit":false},{"lineNumber":8,"author":{"gitId":"javnz1"},"content":"list","lastModifiedDate":"2026-01-21T02:26:16","isFullCredit":false},{"lineNumber":9,"author":{"gitId":"javnz1"},"content":"bye","lastModifiedDate":"2026-01-21T02:26:16","isFullCredit":false}],"authorContributionMap":{"javnz1":9}},{"path":"text-ui-test/runtest.bat","fileType":"bat","lines":[{"lineNumber":1,"author":{"gitId":"-"},"content":"@ECHO OFF","lastModifiedDate":"2020-05-25T00:03:55","isFullCredit":false},{"lineNumber":2,"author":{"gitId":"-"},"content":"","lastModifiedDate":"2020-05-25T00:03:55","isFullCredit":false},{"lineNumber":3,"author":{"gitId":"-"},"content":"REM create bin directory if it doesn\u0027t exist","lastModifiedDate":"2020-05-25T00:03:55","isFullCredit":false},{"lineNumber":4,"author":{"gitId":"-"},"content":"if not exist ..\\bin mkdir ..\\bin","lastModifiedDate":"2020-05-25T00:03:55","isFullCredit":false},{"lineNumber":5,"author":{"gitId":"-"},"content":"","lastModifiedDate":"2020-05-25T00:03:55","isFullCredit":false},{"lineNumber":6,"author":{"gitId":"-"},"content":"REM delete output from previous run","lastModifiedDate":"2020-05-25T00:03:55","isFullCredit":false},{"lineNumber":7,"author":{"gitId":"-"},"content":"if exist ACTUAL.TXT del ACTUAL.TXT","lastModifiedDate":"2020-08-25T17:23:26","isFullCredit":false},{"lineNumber":8,"author":{"gitId":"-"},"content":"","lastModifiedDate":"2020-05-25T00:03:55","isFullCredit":false},{"lineNumber":9,"author":{"gitId":"-"},"content":"REM compile the code into the bin folder","lastModifiedDate":"2020-05-25T00:03:55","isFullCredit":false},{"lineNumber":10,"author":{"gitId":"-"},"content":"javac  -cp ..\\src\\main\\java -Xlint:none -d ..\\bin ..\\src\\main\\java\\*.java","lastModifiedDate":"2020-08-25T17:23:26","isFullCredit":false},{"lineNumber":11,"author":{"gitId":"-"},"content":"IF ERRORLEVEL 1 (","lastModifiedDate":"2020-05-25T00:03:55","isFullCredit":false},{"lineNumber":12,"author":{"gitId":"-"},"content":"    echo ********** BUILD FAILURE **********","lastModifiedDate":"2020-05-25T00:03:55","isFullCredit":false},{"lineNumber":13,"author":{"gitId":"-"},"content":"    exit /b 1","lastModifiedDate":"2020-05-25T00:03:55","isFullCredit":false},{"lineNumber":14,"author":{"gitId":"-"},"content":")","lastModifiedDate":"2020-05-25T00:03:55","isFullCredit":false},{"lineNumber":15,"author":{"gitId":"-"},"content":"REM no error here, errorlevel \u003d\u003d 0","lastModifiedDate":"2020-05-25T00:03:55","isFullCredit":false},{"lineNumber":16,"author":{"gitId":"-"},"content":"","lastModifiedDate":"2020-05-25T00:03:55","isFullCredit":false},{"lineNumber":17,"author":{"gitId":"-"},"content":"REM run the program, feed commands from input.txt file and redirect the output to the ACTUAL.TXT","lastModifiedDate":"2020-05-25T00:03:55","isFullCredit":false},{"lineNumber":18,"author":{"gitId":"javnz1"},"content":"java -classpath ..\\bin SaitamaSensei \u003c input.txt \u003e ACTUAL.TXT","lastModifiedDate":"2026-01-21T02:26:16","isFullCredit":false},{"lineNumber":19,"author":{"gitId":"-"},"content":"","lastModifiedDate":"2020-05-25T00:03:55","isFullCredit":false},{"lineNumber":20,"author":{"gitId":"-"},"content":"REM compare the output to the expected output","lastModifiedDate":"2020-05-25T00:03:55","isFullCredit":false},{"lineNumber":21,"author":{"gitId":"-"},"content":"FC ACTUAL.TXT EXPECTED.TXT","lastModifiedDate":"2020-05-25T00:03:55","isFullCredit":false}],"authorContributionMap":{"javnz1":1,"-":20}},{"path":"text-ui-test/runtest.sh","fileType":"sh","lines":[{"lineNumber":1,"author":{"gitId":"-"},"content":"#!/usr/bin/env bash","lastModifiedDate":"2020-05-25T00:03:55","isFullCredit":false},{"lineNumber":2,"author":{"gitId":"-"},"content":"","lastModifiedDate":"2020-05-25T00:03:55","isFullCredit":false},{"lineNumber":3,"author":{"gitId":"-"},"content":"# create bin directory if it doesn\u0027t exist","lastModifiedDate":"2020-05-25T00:03:55","isFullCredit":false},{"lineNumber":4,"author":{"gitId":"-"},"content":"if [ ! -d \"../bin\" ]","lastModifiedDate":"2020-05-25T00:03:55","isFullCredit":false},{"lineNumber":5,"author":{"gitId":"-"},"content":"then","lastModifiedDate":"2020-05-25T00:03:55","isFullCredit":false},{"lineNumber":6,"author":{"gitId":"-"},"content":"    mkdir ../bin","lastModifiedDate":"2020-05-25T00:03:55","isFullCredit":false},{"lineNumber":7,"author":{"gitId":"-"},"content":"fi","lastModifiedDate":"2020-05-25T00:03:55","isFullCredit":false},{"lineNumber":8,"author":{"gitId":"-"},"content":"","lastModifiedDate":"2020-05-25T00:03:55","isFullCredit":false},{"lineNumber":9,"author":{"gitId":"-"},"content":"# delete output from previous run","lastModifiedDate":"2020-05-25T00:03:55","isFullCredit":false},{"lineNumber":10,"author":{"gitId":"-"},"content":"if [ -e \"./ACTUAL.TXT\" ]","lastModifiedDate":"2020-05-25T00:03:55","isFullCredit":false},{"lineNumber":11,"author":{"gitId":"-"},"content":"then","lastModifiedDate":"2020-05-25T00:03:55","isFullCredit":false},{"lineNumber":12,"author":{"gitId":"-"},"content":"    rm ACTUAL.TXT","lastModifiedDate":"2020-05-25T00:03:55","isFullCredit":false},{"lineNumber":13,"author":{"gitId":"-"},"content":"fi","lastModifiedDate":"2020-05-25T00:03:55","isFullCredit":false},{"lineNumber":14,"author":{"gitId":"-"},"content":"","lastModifiedDate":"2020-05-25T00:03:55","isFullCredit":false},{"lineNumber":15,"author":{"gitId":"-"},"content":"# compile the code into the bin folder, terminates if error occurred","lastModifiedDate":"2020-05-25T00:03:55","isFullCredit":false},{"lineNumber":16,"author":{"gitId":"-"},"content":"if ! javac -cp ../src/main/java -Xlint:none -d ../bin ../src/main/java/*.java","lastModifiedDate":"2020-08-25T17:23:26","isFullCredit":false},{"lineNumber":17,"author":{"gitId":"-"},"content":"then","lastModifiedDate":"2020-05-25T00:03:55","isFullCredit":false},{"lineNumber":18,"author":{"gitId":"-"},"content":"    echo \"********** BUILD FAILURE **********\"","lastModifiedDate":"2020-05-25T00:03:55","isFullCredit":false},{"lineNumber":19,"author":{"gitId":"-"},"content":"    exit 1","lastModifiedDate":"2020-05-25T00:03:55","isFullCredit":false},{"lineNumber":20,"author":{"gitId":"-"},"content":"fi","lastModifiedDate":"2020-05-25T00:03:55","isFullCredit":false},{"lineNumber":21,"author":{"gitId":"-"},"content":"","lastModifiedDate":"2020-05-25T00:03:55","isFullCredit":false},{"lineNumber":22,"author":{"gitId":"-"},"content":"# run the program, feed commands from input.txt file and redirect the output to the ACTUAL.TXT","lastModifiedDate":"2020-05-25T00:03:55","isFullCredit":false},{"lineNumber":23,"author":{"gitId":"javnz1"},"content":"java -classpath ../bin SaitamaSensei \u003c input.txt \u003e ACTUAL.TXT","lastModifiedDate":"2026-01-21T02:26:16","isFullCredit":false},{"lineNumber":24,"author":{"gitId":"-"},"content":"","lastModifiedDate":"2020-05-25T00:03:55","isFullCredit":false},{"lineNumber":25,"author":{"gitId":"-"},"content":"# convert to UNIX format","lastModifiedDate":"2020-05-25T00:03:55","isFullCredit":false},{"lineNumber":26,"author":{"gitId":"-"},"content":"cp EXPECTED.TXT EXPECTED-UNIX.TXT","lastModifiedDate":"2020-05-25T00:03:55","isFullCredit":false},{"lineNumber":27,"author":{"gitId":"-"},"content":"dos2unix ACTUAL.TXT EXPECTED-UNIX.TXT","lastModifiedDate":"2020-05-25T00:03:55","isFullCredit":false},{"lineNumber":28,"author":{"gitId":"-"},"content":"","lastModifiedDate":"2020-05-25T00:03:55","isFullCredit":false},{"lineNumber":29,"author":{"gitId":"-"},"content":"# compare the output to the expected output","lastModifiedDate":"2020-05-25T00:03:55","isFullCredit":false},{"lineNumber":30,"author":{"gitId":"-"},"content":"diff ACTUAL.TXT EXPECTED-UNIX.TXT","lastModifiedDate":"2020-05-25T00:03:55","isFullCredit":false},{"lineNumber":31,"author":{"gitId":"-"},"content":"if [ $? -eq 0 ]","lastModifiedDate":"2020-05-25T00:03:55","isFullCredit":false},{"lineNumber":32,"author":{"gitId":"-"},"content":"then","lastModifiedDate":"2020-05-25T00:03:55","isFullCredit":false},{"lineNumber":33,"author":{"gitId":"-"},"content":"    echo \"Test result: PASSED\"","lastModifiedDate":"2020-05-25T00:03:55","isFullCredit":false},{"lineNumber":34,"author":{"gitId":"-"},"content":"    exit 0","lastModifiedDate":"2020-05-25T00:03:55","isFullCredit":false},{"lineNumber":35,"author":{"gitId":"-"},"content":"else","lastModifiedDate":"2020-05-25T00:03:55","isFullCredit":false},{"lineNumber":36,"author":{"gitId":"-"},"content":"    echo \"Test result: FAILED\"","lastModifiedDate":"2020-05-25T00:03:55","isFullCredit":false},{"lineNumber":37,"author":{"gitId":"-"},"content":"    exit 1","lastModifiedDate":"2020-05-25T00:03:55","isFullCredit":false},{"lineNumber":38,"author":{"gitId":"-"},"content":"fi","lastModifiedDate":"2020-05-25T00:03:55","isFullCredit":false}],"authorContributionMap":{"javnz1":1,"-":37}}]
