[{"path":"README.md","fileType":"md","lines":[{"lineNumber":1,"author":{"gitId":"lyq1375560"},"content":"# tasky.Tasky project template","lastModifiedDate":"2026-02-03T19:21:35","isFullCredit":false},{"lineNumber":2,"author":{"gitId":"-"},"content":"","lastModifiedDate":"2020-05-25T00:03:55","isFullCredit":false},{"lineNumber":3,"author":{"gitId":"-"},"content":"This is a project template for a greenfield Java project. It\u0027s named after the Java mascot _Duke_. Given below are instructions on how to use it.","lastModifiedDate":"2020-05-25T00:03:55","isFullCredit":false},{"lineNumber":4,"author":{"gitId":"-"},"content":"","lastModifiedDate":"2020-05-25T00:03:55","isFullCredit":false},{"lineNumber":5,"author":{"gitId":"-"},"content":"## Setting up in Intellij","lastModifiedDate":"2020-05-25T00:03:55","isFullCredit":false},{"lineNumber":6,"author":{"gitId":"-"},"content":"","lastModifiedDate":"2020-05-25T00:03:55","isFullCredit":false},{"lineNumber":7,"author":{"gitId":"-"},"content":"Prerequisites: JDK 17, update Intellij to the most recent version.","lastModifiedDate":"2024-07-11T16:50:14","isFullCredit":false},{"lineNumber":8,"author":{"gitId":"-"},"content":"","lastModifiedDate":"2020-05-25T00:03:55","isFullCredit":false},{"lineNumber":9,"author":{"gitId":"-"},"content":"1. Open Intellij (if you are not in the welcome screen, click `File` \u003e `Close Project` to close the existing project first)","lastModifiedDate":"2021-01-17T12:25:53","isFullCredit":false},{"lineNumber":10,"author":{"gitId":"-"},"content":"1. Open the project into Intellij as follows:","lastModifiedDate":"2021-01-17T12:25:53","isFullCredit":false},{"lineNumber":11,"author":{"gitId":"-"},"content":"   1. Click `Open`.","lastModifiedDate":"2021-01-17T12:25:53","isFullCredit":false},{"lineNumber":12,"author":{"gitId":"-"},"content":"   1. Select the project directory, and click `OK`.","lastModifiedDate":"2021-01-17T12:25:53","isFullCredit":false},{"lineNumber":13,"author":{"gitId":"-"},"content":"   1. If there are any further prompts, accept the defaults.","lastModifiedDate":"2020-05-25T00:03:55","isFullCredit":false},{"lineNumber":14,"author":{"gitId":"-"},"content":"1. Configure the project to use **JDK 17** (not other versions) as explained in [here](https://www.jetbrains.com/help/idea/sdk.html#set-up-jdk).\u003cbr\u003e","lastModifiedDate":"2024-07-11T16:50:14","isFullCredit":false},{"lineNumber":15,"author":{"gitId":"-"},"content":"   In the same dialog, set the **Project language level** field to the `SDK default` option.","lastModifiedDate":"2021-07-29T20:29:39","isFullCredit":false},{"lineNumber":16,"author":{"gitId":"lyq1375560"},"content":"1. After that, locate the `src/main/java/tasky.Tasky.java` file, right-click it, and choose `Run tasky.Tasky.main()` (if the code editor is showing compile errors, try restarting the IDE). If the setup is correct, you should see something like the below as the output:","lastModifiedDate":"2026-02-03T19:21:35","isFullCredit":false},{"lineNumber":17,"author":{"gitId":"-"},"content":"   ```","lastModifiedDate":"2020-05-25T00:03:55","isFullCredit":false},{"lineNumber":18,"author":{"gitId":"-"},"content":"   Hello from","lastModifiedDate":"2020-05-25T00:03:55","isFullCredit":false},{"lineNumber":19,"author":{"gitId":"-"},"content":"    ____        _        ","lastModifiedDate":"2020-05-25T00:03:55","isFullCredit":false},{"lineNumber":20,"author":{"gitId":"-"},"content":"   |  _ \\ _   _| | _____ ","lastModifiedDate":"2020-05-25T00:03:55","isFullCredit":false},{"lineNumber":21,"author":{"gitId":"-"},"content":"   | | | | | | | |/ / _ \\","lastModifiedDate":"2020-05-25T00:03:55","isFullCredit":false},{"lineNumber":22,"author":{"gitId":"-"},"content":"   | |_| | |_| |   \u003c  __/","lastModifiedDate":"2020-05-25T00:03:55","isFullCredit":false},{"lineNumber":23,"author":{"gitId":"-"},"content":"   |____/ \\__,_|_|\\_\\___|","lastModifiedDate":"2020-05-25T00:03:55","isFullCredit":false},{"lineNumber":24,"author":{"gitId":"-"},"content":"   ```","lastModifiedDate":"2020-05-25T00:03:55","isFullCredit":false},{"lineNumber":25,"author":{"gitId":"-"},"content":"","lastModifiedDate":"2025-01-04T21:44:28","isFullCredit":false},{"lineNumber":26,"author":{"gitId":"-"},"content":"**Warning:** Keep the `src\\main\\java` folder as the root folder for Java files (i.e., don\u0027t rename those folders or move Java files to another folder outside of this folder path), as this is the default location some tools (e.g., Gradle) expect to find Java files.","lastModifiedDate":"2025-01-04T21:44:28","isFullCredit":false}],"authorContributionMap":{"lyq1375560":2,"-":24}},{"path":"docs/README.md","fileType":"md","lines":[{"lineNumber":1,"author":{"gitId":"lyq1375560"},"content":"# tasky.Tasky User Guide","lastModifiedDate":"2026-02-03T19:21:35","isFullCredit":false},{"lineNumber":2,"author":{"gitId":"-"},"content":"","lastModifiedDate":"2019-07-29T17:14:46","isFullCredit":false},{"lineNumber":3,"author":{"gitId":"-"},"content":"// Update the title above to match the actual product name","lastModifiedDate":"2024-01-07T18:33:52","isFullCredit":false},{"lineNumber":4,"author":{"gitId":"-"},"content":"","lastModifiedDate":"2019-07-29T17:14:46","isFullCredit":false},{"lineNumber":5,"author":{"gitId":"-"},"content":"// Product screenshot goes here","lastModifiedDate":"2024-01-07T18:33:52","isFullCredit":false},{"lineNumber":6,"author":{"gitId":"-"},"content":"","lastModifiedDate":"2021-07-17T16:49:07","isFullCredit":false},{"lineNumber":7,"author":{"gitId":"-"},"content":"// Product intro goes here","lastModifiedDate":"2024-01-07T18:33:52","isFullCredit":false},{"lineNumber":8,"author":{"gitId":"-"},"content":"","lastModifiedDate":"2021-07-17T16:49:07","isFullCredit":false},{"lineNumber":9,"author":{"gitId":"-"},"content":"## Adding deadlines","lastModifiedDate":"2024-01-07T18:33:52","isFullCredit":false},{"lineNumber":10,"author":{"gitId":"-"},"content":"","lastModifiedDate":"2021-07-17T16:49:07","isFullCredit":false},{"lineNumber":11,"author":{"gitId":"-"},"content":"// Describe the action and its outcome.","lastModifiedDate":"2024-01-07T18:33:52","isFullCredit":false},{"lineNumber":12,"author":{"gitId":"-"},"content":"","lastModifiedDate":"2019-07-29T17:14:46","isFullCredit":false},{"lineNumber":13,"author":{"gitId":"-"},"content":"// Give examples of usage","lastModifiedDate":"2024-01-07T18:33:52","isFullCredit":false},{"lineNumber":14,"author":{"gitId":"-"},"content":"","lastModifiedDate":"2019-07-29T17:14:46","isFullCredit":false},{"lineNumber":15,"author":{"gitId":"-"},"content":"Example: `keyword (optional arguments)`","lastModifiedDate":"2024-01-07T18:33:52","isFullCredit":false},{"lineNumber":16,"author":{"gitId":"-"},"content":"","lastModifiedDate":"2019-07-29T17:14:46","isFullCredit":false},{"lineNumber":17,"author":{"gitId":"-"},"content":"// A description of the expected outcome goes here","lastModifiedDate":"2024-01-07T18:33:52","isFullCredit":false},{"lineNumber":18,"author":{"gitId":"-"},"content":"","lastModifiedDate":"2019-07-29T17:14:46","isFullCredit":false},{"lineNumber":19,"author":{"gitId":"-"},"content":"```","lastModifiedDate":"2024-01-07T18:33:52","isFullCredit":false},{"lineNumber":20,"author":{"gitId":"-"},"content":"expected output","lastModifiedDate":"2024-01-07T18:33:52","isFullCredit":false},{"lineNumber":21,"author":{"gitId":"-"},"content":"```","lastModifiedDate":"2024-01-07T18:33:52","isFullCredit":false},{"lineNumber":22,"author":{"gitId":"-"},"content":"","lastModifiedDate":"2019-07-29T17:14:46","isFullCredit":false},{"lineNumber":23,"author":{"gitId":"-"},"content":"## Feature ABC","lastModifiedDate":"2024-01-07T18:33:52","isFullCredit":false},{"lineNumber":24,"author":{"gitId":"-"},"content":"","lastModifiedDate":"2019-07-29T17:14:46","isFullCredit":false},{"lineNumber":25,"author":{"gitId":"-"},"content":"// Feature details","lastModifiedDate":"2024-01-07T18:33:52","isFullCredit":false},{"lineNumber":26,"author":{"gitId":"-"},"content":"","lastModifiedDate":"2019-07-29T17:14:46","isFullCredit":false},{"lineNumber":27,"author":{"gitId":"-"},"content":"","lastModifiedDate":"2021-07-17T16:49:07","isFullCredit":false},{"lineNumber":28,"author":{"gitId":"-"},"content":"## Feature XYZ","lastModifiedDate":"2024-01-07T18:33:52","isFullCredit":false},{"lineNumber":29,"author":{"gitId":"-"},"content":"","lastModifiedDate":"2024-01-07T18:33:52","isFullCredit":false},{"lineNumber":30,"author":{"gitId":"-"},"content":"// Feature details","lastModifiedDate":"2024-01-07T18:33:52","isFullCredit":false}],"authorContributionMap":{"lyq1375560":1,"-":29}},{"path":"settings.gradle","fileType":"gradle","lines":[{"lineNumber":1,"author":{"gitId":"lyq1375560"},"content":"","lastModifiedDate":"2026-02-04T10:10:17","isFullCredit":false},{"lineNumber":2,"author":{"gitId":"lyq1375560"},"content":"rootProject.name \u003d \u0027ip\u0027","lastModifiedDate":"2026-02-04T10:10:17","isFullCredit":false}],"authorContributionMap":{"lyq1375560":2}},{"path":"src/main/java/tasky/Deadline.java","fileType":"java","lines":[{"lineNumber":1,"author":{"gitId":"lyq1375560"},"content":"package tasky;","lastModifiedDate":"2026-02-03T19:21:35","isFullCredit":false},{"lineNumber":2,"author":{"gitId":"lyq1375560"},"content":"","lastModifiedDate":"2026-02-03T19:21:35","isFullCredit":false},{"lineNumber":3,"author":{"gitId":"lyq1375560"},"content":"import java.time.LocalDate;","lastModifiedDate":"2026-02-03T19:06:48","isFullCredit":false},{"lineNumber":4,"author":{"gitId":"lyq1375560"},"content":"import java.time.format.DateTimeFormatter;","lastModifiedDate":"2026-02-03T19:06:48","isFullCredit":false},{"lineNumber":5,"author":{"gitId":"lyq1375560"},"content":"","lastModifiedDate":"2026-01-31T22:58:37","isFullCredit":false},{"lineNumber":6,"author":{"gitId":"lyq1375560"},"content":"public class Deadline extends Task {","lastModifiedDate":"2026-02-03T19:06:48","isFullCredit":false},{"lineNumber":7,"author":{"gitId":"lyq1375560"},"content":"","lastModifiedDate":"2026-02-03T19:06:48","isFullCredit":false},{"lineNumber":8,"author":{"gitId":"lyq1375560"},"content":"    private final LocalDate by;","lastModifiedDate":"2026-02-04T10:10:17","isFullCredit":false},{"lineNumber":9,"author":{"gitId":"lyq1375560"},"content":"","lastModifiedDate":"2026-02-03T19:06:48","isFullCredit":false},{"lineNumber":10,"author":{"gitId":"lyq1375560"},"content":"    private static final DateTimeFormatter INPUT \u003d","lastModifiedDate":"2026-02-04T10:10:17","isFullCredit":false},{"lineNumber":11,"author":{"gitId":"lyq1375560"},"content":"            DateTimeFormatter.ofPattern(\"yyyy-MM-dd\");","lastModifiedDate":"2026-02-04T10:10:17","isFullCredit":false},{"lineNumber":12,"author":{"gitId":"lyq1375560"},"content":"    private static final DateTimeFormatter OUTPUT \u003d","lastModifiedDate":"2026-02-04T10:10:17","isFullCredit":false},{"lineNumber":13,"author":{"gitId":"lyq1375560"},"content":"            DateTimeFormatter.ofPattern(\"MMM dd yyyy\");","lastModifiedDate":"2026-02-04T10:10:17","isFullCredit":false},{"lineNumber":14,"author":{"gitId":"lyq1375560"},"content":"","lastModifiedDate":"2026-02-03T19:06:48","isFullCredit":false},{"lineNumber":15,"author":{"gitId":"lyq1375560"},"content":"    public Deadline(String description, String by) {","lastModifiedDate":"2026-02-04T10:10:17","isFullCredit":false},{"lineNumber":16,"author":{"gitId":"lyq1375560"},"content":"        super(description);","lastModifiedDate":"2026-01-31T22:58:37","isFullCredit":false},{"lineNumber":17,"author":{"gitId":"lyq1375560"},"content":"        this.by \u003d LocalDate.parse(by, INPUT);","lastModifiedDate":"2026-02-04T10:10:17","isFullCredit":false},{"lineNumber":18,"author":{"gitId":"lyq1375560"},"content":"        this.type \u003d TaskType.DEADLINE;","lastModifiedDate":"2026-01-31T22:58:37","isFullCredit":false},{"lineNumber":19,"author":{"gitId":"lyq1375560"},"content":"    }","lastModifiedDate":"2026-01-31T22:58:37","isFullCredit":false},{"lineNumber":20,"author":{"gitId":"lyq1375560"},"content":"","lastModifiedDate":"2026-01-31T22:58:37","isFullCredit":false},{"lineNumber":21,"author":{"gitId":"lyq1375560"},"content":"    @Override","lastModifiedDate":"2026-01-31T22:58:37","isFullCredit":false},{"lineNumber":22,"author":{"gitId":"lyq1375560"},"content":"    public String toString() {","lastModifiedDate":"2026-01-31T22:58:37","isFullCredit":false},{"lineNumber":23,"author":{"gitId":"lyq1375560"},"content":"        return super.toString() + \" (by: \" + by.format(OUTPUT) + \")\";","lastModifiedDate":"2026-02-04T10:10:17","isFullCredit":false},{"lineNumber":24,"author":{"gitId":"lyq1375560"},"content":"    }","lastModifiedDate":"2026-01-31T22:58:37","isFullCredit":false},{"lineNumber":25,"author":{"gitId":"lyq1375560"},"content":"","lastModifiedDate":"2026-02-03T18:31:37","isFullCredit":false},{"lineNumber":26,"author":{"gitId":"lyq1375560"},"content":"    @Override","lastModifiedDate":"2026-02-03T18:31:37","isFullCredit":false},{"lineNumber":27,"author":{"gitId":"lyq1375560"},"content":"    public String toFileString() {","lastModifiedDate":"2026-02-03T18:31:37","isFullCredit":false},{"lineNumber":28,"author":{"gitId":"lyq1375560"},"content":"        return super.toFileString() + \" | \" + by;","lastModifiedDate":"2026-02-04T10:10:17","isFullCredit":false},{"lineNumber":29,"author":{"gitId":"lyq1375560"},"content":"    }","lastModifiedDate":"2026-02-03T18:31:37","isFullCredit":false},{"lineNumber":30,"author":{"gitId":"lyq1375560"},"content":"}","lastModifiedDate":"2026-01-31T22:58:37","isFullCredit":false}],"authorContributionMap":{"lyq1375560":30}},{"path":"src/main/java/tasky/Event.java","fileType":"java","lines":[{"lineNumber":1,"author":{"gitId":"lyq1375560"},"content":"package tasky;","lastModifiedDate":"2026-02-03T19:21:35","isFullCredit":false},{"lineNumber":2,"author":{"gitId":"lyq1375560"},"content":"","lastModifiedDate":"2026-02-03T19:21:35","isFullCredit":false},{"lineNumber":3,"author":{"gitId":"lyq1375560"},"content":"public class Event extends Task {","lastModifiedDate":"2026-02-04T10:10:17","isFullCredit":false},{"lineNumber":4,"author":{"gitId":"lyq1375560"},"content":"","lastModifiedDate":"2026-02-04T10:10:17","isFullCredit":false},{"lineNumber":5,"author":{"gitId":"lyq1375560"},"content":"    private final String from;","lastModifiedDate":"2026-02-04T10:10:17","isFullCredit":false},{"lineNumber":6,"author":{"gitId":"lyq1375560"},"content":"    private final String to;","lastModifiedDate":"2026-02-04T10:10:17","isFullCredit":false},{"lineNumber":7,"author":{"gitId":"lyq1375560"},"content":"","lastModifiedDate":"2026-01-31T22:58:37","isFullCredit":false},{"lineNumber":8,"author":{"gitId":"lyq1375560"},"content":"    public Event(String description, String from, String to) {","lastModifiedDate":"2026-01-31T22:58:37","isFullCredit":false},{"lineNumber":9,"author":{"gitId":"lyq1375560"},"content":"        super(description);","lastModifiedDate":"2026-01-31T22:58:37","isFullCredit":false},{"lineNumber":10,"author":{"gitId":"lyq1375560"},"content":"        this.from \u003d from;","lastModifiedDate":"2026-01-31T22:58:37","isFullCredit":false},{"lineNumber":11,"author":{"gitId":"lyq1375560"},"content":"        this.to \u003d to;","lastModifiedDate":"2026-01-31T22:58:37","isFullCredit":false},{"lineNumber":12,"author":{"gitId":"lyq1375560"},"content":"        this.type \u003d TaskType.EVENT;","lastModifiedDate":"2026-01-31T22:58:37","isFullCredit":false},{"lineNumber":13,"author":{"gitId":"lyq1375560"},"content":"    }","lastModifiedDate":"2026-01-31T22:58:37","isFullCredit":false},{"lineNumber":14,"author":{"gitId":"lyq1375560"},"content":"","lastModifiedDate":"2026-01-31T22:58:37","isFullCredit":false},{"lineNumber":15,"author":{"gitId":"lyq1375560"},"content":"    @Override","lastModifiedDate":"2026-01-31T22:58:37","isFullCredit":false},{"lineNumber":16,"author":{"gitId":"lyq1375560"},"content":"    public String toString() {","lastModifiedDate":"2026-01-31T22:58:37","isFullCredit":false},{"lineNumber":17,"author":{"gitId":"lyq1375560"},"content":"        return super.toString() + \" (from: \" + from + \" to: \" + to + \")\";","lastModifiedDate":"2026-01-31T22:58:37","isFullCredit":false},{"lineNumber":18,"author":{"gitId":"lyq1375560"},"content":"    }","lastModifiedDate":"2026-01-31T22:58:37","isFullCredit":false},{"lineNumber":19,"author":{"gitId":"lyq1375560"},"content":"","lastModifiedDate":"2026-02-03T18:31:37","isFullCredit":false},{"lineNumber":20,"author":{"gitId":"lyq1375560"},"content":"    @Override","lastModifiedDate":"2026-02-03T18:31:37","isFullCredit":false},{"lineNumber":21,"author":{"gitId":"lyq1375560"},"content":"    public String toFileString() {","lastModifiedDate":"2026-02-03T18:31:37","isFullCredit":false},{"lineNumber":22,"author":{"gitId":"lyq1375560"},"content":"        return super.toFileString() + \" | \" + from + \" | \" + to;","lastModifiedDate":"2026-02-03T18:31:37","isFullCredit":false},{"lineNumber":23,"author":{"gitId":"lyq1375560"},"content":"    }","lastModifiedDate":"2026-02-03T18:31:37","isFullCredit":false},{"lineNumber":24,"author":{"gitId":"lyq1375560"},"content":"}","lastModifiedDate":"2026-01-31T22:58:37","isFullCredit":false}],"authorContributionMap":{"lyq1375560":24}},{"path":"src/main/java/tasky/Parser.java","fileType":"java","lines":[{"lineNumber":1,"author":{"gitId":"lyq1375560"},"content":"package tasky;","lastModifiedDate":"2026-02-03T19:21:35","isFullCredit":false},{"lineNumber":2,"author":{"gitId":"lyq1375560"},"content":"","lastModifiedDate":"2026-02-03T19:21:35","isFullCredit":false},{"lineNumber":3,"author":{"gitId":"lyq1375560"},"content":"public class Parser {","lastModifiedDate":"2026-02-03T19:14:28","isFullCredit":false},{"lineNumber":4,"author":{"gitId":"lyq1375560"},"content":"","lastModifiedDate":"2026-02-03T19:14:28","isFullCredit":false},{"lineNumber":5,"author":{"gitId":"lyq1375560"},"content":"    public static void parseAndExecute(","lastModifiedDate":"2026-02-04T10:10:17","isFullCredit":false},{"lineNumber":6,"author":{"gitId":"lyq1375560"},"content":"            String input,","lastModifiedDate":"2026-02-04T10:10:17","isFullCredit":false},{"lineNumber":7,"author":{"gitId":"lyq1375560"},"content":"            TaskList tasks,","lastModifiedDate":"2026-02-04T10:10:17","isFullCredit":false},{"lineNumber":8,"author":{"gitId":"lyq1375560"},"content":"            Ui ui,","lastModifiedDate":"2026-02-04T10:10:17","isFullCredit":false},{"lineNumber":9,"author":{"gitId":"lyq1375560"},"content":"            Storage storage","lastModifiedDate":"2026-02-04T10:10:17","isFullCredit":false},{"lineNumber":10,"author":{"gitId":"lyq1375560"},"content":"    ) throws TaskyException {","lastModifiedDate":"2026-02-04T10:10:17","isFullCredit":false},{"lineNumber":11,"author":{"gitId":"lyq1375560"},"content":"","lastModifiedDate":"2026-02-03T19:14:28","isFullCredit":false},{"lineNumber":12,"author":{"gitId":"lyq1375560"},"content":"        if (input.equals(\"bye\")) {","lastModifiedDate":"2026-02-03T19:14:28","isFullCredit":false},{"lineNumber":13,"author":{"gitId":"lyq1375560"},"content":"            ui.showMessage(\" Bye. Hope to see you again soon!\");","lastModifiedDate":"2026-02-04T10:10:17","isFullCredit":false},{"lineNumber":14,"author":{"gitId":"lyq1375560"},"content":"            return;","lastModifiedDate":"2026-02-04T10:10:17","isFullCredit":false},{"lineNumber":15,"author":{"gitId":"lyq1375560"},"content":"        }","lastModifiedDate":"2026-02-03T19:14:28","isFullCredit":false},{"lineNumber":16,"author":{"gitId":"lyq1375560"},"content":"","lastModifiedDate":"2026-02-03T19:14:28","isFullCredit":false},{"lineNumber":17,"author":{"gitId":"lyq1375560"},"content":"        if (input.equals(\"list\")) {","lastModifiedDate":"2026-02-03T19:14:28","isFullCredit":false},{"lineNumber":18,"author":{"gitId":"lyq1375560"},"content":"            ui.showMessage(\" Here are the tasks in your list:\");","lastModifiedDate":"2026-02-03T19:14:28","isFullCredit":false},{"lineNumber":19,"author":{"gitId":"lyq1375560"},"content":"            for (int i \u003d 0; i \u003c tasks.size(); i++) {","lastModifiedDate":"2026-02-03T19:14:28","isFullCredit":false},{"lineNumber":20,"author":{"gitId":"lyq1375560"},"content":"                ui.showMessage(\" \" + (i + 1) + \".\" + tasks.get(i));","lastModifiedDate":"2026-02-03T19:14:28","isFullCredit":false},{"lineNumber":21,"author":{"gitId":"lyq1375560"},"content":"            }","lastModifiedDate":"2026-02-03T19:14:28","isFullCredit":false},{"lineNumber":22,"author":{"gitId":"lyq1375560"},"content":"            return;","lastModifiedDate":"2026-02-04T10:10:17","isFullCredit":false},{"lineNumber":23,"author":{"gitId":"lyq1375560"},"content":"        }","lastModifiedDate":"2026-02-04T10:10:17","isFullCredit":false},{"lineNumber":24,"author":{"gitId":"lyq1375560"},"content":"","lastModifiedDate":"2026-02-04T10:10:17","isFullCredit":false},{"lineNumber":25,"author":{"gitId":"lyq1375560"},"content":"        if (input.startsWith(\"mark \")) {","lastModifiedDate":"2026-02-04T10:10:17","isFullCredit":false},{"lineNumber":26,"author":{"gitId":"lyq1375560"},"content":"            int index \u003d parseIndex(input.substring(5), tasks.size());","lastModifiedDate":"2026-02-04T10:10:17","isFullCredit":false},{"lineNumber":27,"author":{"gitId":"lyq1375560"},"content":"            tasks.get(index).markDone();","lastModifiedDate":"2026-02-04T10:10:17","isFullCredit":false},{"lineNumber":28,"author":{"gitId":"lyq1375560"},"content":"            storage.save(tasks.getAll());","lastModifiedDate":"2026-02-04T10:10:17","isFullCredit":false},{"lineNumber":29,"author":{"gitId":"lyq1375560"},"content":"","lastModifiedDate":"2026-02-04T10:10:17","isFullCredit":false},{"lineNumber":30,"author":{"gitId":"lyq1375560"},"content":"            ui.showMessage(\" Nice! I\u0027ve marked this task as done:\");","lastModifiedDate":"2026-02-04T10:10:17","isFullCredit":false},{"lineNumber":31,"author":{"gitId":"lyq1375560"},"content":"            ui.showMessage(\"   \" + tasks.get(index));","lastModifiedDate":"2026-02-04T10:10:17","isFullCredit":false},{"lineNumber":32,"author":{"gitId":"lyq1375560"},"content":"            return;","lastModifiedDate":"2026-02-04T10:10:17","isFullCredit":false},{"lineNumber":33,"author":{"gitId":"lyq1375560"},"content":"        }","lastModifiedDate":"2026-02-04T10:10:17","isFullCredit":false},{"lineNumber":34,"author":{"gitId":"lyq1375560"},"content":"","lastModifiedDate":"2026-02-04T10:10:17","isFullCredit":false},{"lineNumber":35,"author":{"gitId":"lyq1375560"},"content":"        if (input.startsWith(\"unmark \")) {","lastModifiedDate":"2026-02-04T10:10:17","isFullCredit":false},{"lineNumber":36,"author":{"gitId":"lyq1375560"},"content":"            int index \u003d parseIndex(input.substring(7), tasks.size());","lastModifiedDate":"2026-02-04T10:10:17","isFullCredit":false},{"lineNumber":37,"author":{"gitId":"lyq1375560"},"content":"            tasks.get(index).unmarkDone();","lastModifiedDate":"2026-02-04T10:10:17","isFullCredit":false},{"lineNumber":38,"author":{"gitId":"lyq1375560"},"content":"            storage.save(tasks.getAll());","lastModifiedDate":"2026-02-04T10:10:17","isFullCredit":false},{"lineNumber":39,"author":{"gitId":"lyq1375560"},"content":"","lastModifiedDate":"2026-02-04T10:10:17","isFullCredit":false},{"lineNumber":40,"author":{"gitId":"lyq1375560"},"content":"            ui.showMessage(\" OK, I\u0027ve marked this task as not done yet:\");","lastModifiedDate":"2026-02-04T10:10:17","isFullCredit":false},{"lineNumber":41,"author":{"gitId":"lyq1375560"},"content":"            ui.showMessage(\"   \" + tasks.get(index));","lastModifiedDate":"2026-02-04T10:10:17","isFullCredit":false},{"lineNumber":42,"author":{"gitId":"lyq1375560"},"content":"            return;","lastModifiedDate":"2026-02-04T10:10:17","isFullCredit":false},{"lineNumber":43,"author":{"gitId":"lyq1375560"},"content":"        }","lastModifiedDate":"2026-02-04T10:10:17","isFullCredit":false},{"lineNumber":44,"author":{"gitId":"lyq1375560"},"content":"","lastModifiedDate":"2026-02-04T10:10:17","isFullCredit":false},{"lineNumber":45,"author":{"gitId":"lyq1375560"},"content":"        if (input.startsWith(\"delete \")) {","lastModifiedDate":"2026-02-04T10:10:17","isFullCredit":false},{"lineNumber":46,"author":{"gitId":"lyq1375560"},"content":"            int index \u003d parseIndex(input.substring(7), tasks.size());","lastModifiedDate":"2026-02-04T10:10:17","isFullCredit":false},{"lineNumber":47,"author":{"gitId":"lyq1375560"},"content":"            Task removed \u003d tasks.remove(index);","lastModifiedDate":"2026-02-04T10:10:17","isFullCredit":false},{"lineNumber":48,"author":{"gitId":"lyq1375560"},"content":"            storage.save(tasks.getAll());","lastModifiedDate":"2026-02-04T10:10:17","isFullCredit":false},{"lineNumber":49,"author":{"gitId":"lyq1375560"},"content":"","lastModifiedDate":"2026-02-04T10:10:17","isFullCredit":false},{"lineNumber":50,"author":{"gitId":"lyq1375560"},"content":"            ui.showMessage(\" Noted. I\u0027ve removed this task:\");","lastModifiedDate":"2026-02-04T10:10:17","isFullCredit":false},{"lineNumber":51,"author":{"gitId":"lyq1375560"},"content":"            ui.showMessage(\"   \" + removed);","lastModifiedDate":"2026-02-04T10:10:17","isFullCredit":false},{"lineNumber":52,"author":{"gitId":"lyq1375560"},"content":"            ui.showMessage(\" Now you have \" + tasks.size() + \" tasks in the list.\");","lastModifiedDate":"2026-02-04T10:10:17","isFullCredit":false},{"lineNumber":53,"author":{"gitId":"lyq1375560"},"content":"            return;","lastModifiedDate":"2026-02-03T19:14:28","isFullCredit":false},{"lineNumber":54,"author":{"gitId":"lyq1375560"},"content":"        }","lastModifiedDate":"2026-02-03T19:14:28","isFullCredit":false},{"lineNumber":55,"author":{"gitId":"lyq1375560"},"content":"","lastModifiedDate":"2026-02-03T19:14:28","isFullCredit":false},{"lineNumber":56,"author":{"gitId":"lyq1375560"},"content":"        if (input.startsWith(\"todo\")) {","lastModifiedDate":"2026-02-03T19:14:28","isFullCredit":false},{"lineNumber":57,"author":{"gitId":"lyq1375560"},"content":"            if (input.equals(\"todo\")) {","lastModifiedDate":"2026-02-03T19:14:28","isFullCredit":false},{"lineNumber":58,"author":{"gitId":"lyq1375560"},"content":"                throw new TaskyException(\"The description of a todo cannot be empty.\");","lastModifiedDate":"2026-02-03T19:14:28","isFullCredit":false},{"lineNumber":59,"author":{"gitId":"lyq1375560"},"content":"            }","lastModifiedDate":"2026-02-03T19:14:28","isFullCredit":false},{"lineNumber":60,"author":{"gitId":"lyq1375560"},"content":"            Task task \u003d new Todo(input.substring(5));","lastModifiedDate":"2026-02-04T10:10:17","isFullCredit":false},{"lineNumber":61,"author":{"gitId":"lyq1375560"},"content":"            tasks.add(task);","lastModifiedDate":"2026-02-04T10:10:17","isFullCredit":false},{"lineNumber":62,"author":{"gitId":"lyq1375560"},"content":"            storage.save(tasks.getAll());","lastModifiedDate":"2026-02-03T19:14:28","isFullCredit":false},{"lineNumber":63,"author":{"gitId":"lyq1375560"},"content":"            printAdd(ui, task, tasks.size());","lastModifiedDate":"2026-02-04T10:10:17","isFullCredit":false},{"lineNumber":64,"author":{"gitId":"lyq1375560"},"content":"            return;","lastModifiedDate":"2026-02-03T19:14:28","isFullCredit":false},{"lineNumber":65,"author":{"gitId":"lyq1375560"},"content":"        }","lastModifiedDate":"2026-02-03T19:14:28","isFullCredit":false},{"lineNumber":66,"author":{"gitId":"lyq1375560"},"content":"","lastModifiedDate":"2026-02-03T19:14:28","isFullCredit":false},{"lineNumber":67,"author":{"gitId":"lyq1375560"},"content":"        if (input.startsWith(\"deadline\")) {","lastModifiedDate":"2026-02-03T19:14:28","isFullCredit":false},{"lineNumber":68,"author":{"gitId":"lyq1375560"},"content":"            if (!input.contains(\" /by \")) {","lastModifiedDate":"2026-02-03T19:14:28","isFullCredit":false},{"lineNumber":69,"author":{"gitId":"lyq1375560"},"content":"                throw new TaskyException(\"A deadline must have a /by date.\");","lastModifiedDate":"2026-02-03T19:14:28","isFullCredit":false},{"lineNumber":70,"author":{"gitId":"lyq1375560"},"content":"            }","lastModifiedDate":"2026-02-03T19:14:28","isFullCredit":false},{"lineNumber":71,"author":{"gitId":"lyq1375560"},"content":"            String[] parts \u003d input.substring(9).split(\" /by \");","lastModifiedDate":"2026-02-03T19:14:28","isFullCredit":false},{"lineNumber":72,"author":{"gitId":"lyq1375560"},"content":"            Task task \u003d new Deadline(parts[0], parts[1]);","lastModifiedDate":"2026-02-04T10:10:17","isFullCredit":false},{"lineNumber":73,"author":{"gitId":"lyq1375560"},"content":"            tasks.add(task);","lastModifiedDate":"2026-02-04T10:10:17","isFullCredit":false},{"lineNumber":74,"author":{"gitId":"lyq1375560"},"content":"            storage.save(tasks.getAll());","lastModifiedDate":"2026-02-03T19:14:28","isFullCredit":false},{"lineNumber":75,"author":{"gitId":"lyq1375560"},"content":"            printAdd(ui, task, tasks.size());","lastModifiedDate":"2026-02-04T10:10:17","isFullCredit":false},{"lineNumber":76,"author":{"gitId":"lyq1375560"},"content":"            return;","lastModifiedDate":"2026-02-03T19:14:28","isFullCredit":false},{"lineNumber":77,"author":{"gitId":"lyq1375560"},"content":"        }","lastModifiedDate":"2026-02-03T19:14:28","isFullCredit":false},{"lineNumber":78,"author":{"gitId":"lyq1375560"},"content":"","lastModifiedDate":"2026-02-04T10:10:17","isFullCredit":false},{"lineNumber":79,"author":{"gitId":"lyq1375560"},"content":"        if (input.startsWith(\"event\")) {","lastModifiedDate":"2026-02-04T10:10:17","isFullCredit":false},{"lineNumber":80,"author":{"gitId":"lyq1375560"},"content":"            if (!input.contains(\" /from \") || !input.contains(\" /to \")) {","lastModifiedDate":"2026-02-04T10:10:17","isFullCredit":false},{"lineNumber":81,"author":{"gitId":"lyq1375560"},"content":"                throw new TaskyException(\"An event must have /from and /to dates.\");","lastModifiedDate":"2026-02-04T10:10:17","isFullCredit":false},{"lineNumber":82,"author":{"gitId":"lyq1375560"},"content":"            }","lastModifiedDate":"2026-02-04T10:10:17","isFullCredit":false},{"lineNumber":83,"author":{"gitId":"lyq1375560"},"content":"            String[] parts \u003d input.substring(6).split(\" /from \");","lastModifiedDate":"2026-02-04T10:10:17","isFullCredit":false},{"lineNumber":84,"author":{"gitId":"lyq1375560"},"content":"            String[] times \u003d parts[1].split(\" /to \");","lastModifiedDate":"2026-02-04T10:10:17","isFullCredit":false},{"lineNumber":85,"author":{"gitId":"lyq1375560"},"content":"            Task task \u003d new Event(parts[0], times[0], times[1]);","lastModifiedDate":"2026-02-04T10:10:17","isFullCredit":false},{"lineNumber":86,"author":{"gitId":"lyq1375560"},"content":"            tasks.add(task);","lastModifiedDate":"2026-02-04T10:10:17","isFullCredit":false},{"lineNumber":87,"author":{"gitId":"lyq1375560"},"content":"            storage.save(tasks.getAll());","lastModifiedDate":"2026-02-04T10:10:17","isFullCredit":false},{"lineNumber":88,"author":{"gitId":"lyq1375560"},"content":"            printAdd(ui, task, tasks.size());","lastModifiedDate":"2026-02-04T10:10:17","isFullCredit":false},{"lineNumber":89,"author":{"gitId":"lyq1375560"},"content":"            return;","lastModifiedDate":"2026-02-04T10:10:17","isFullCredit":false},{"lineNumber":90,"author":{"gitId":"lyq1375560"},"content":"        }","lastModifiedDate":"2026-02-03T19:14:28","isFullCredit":false},{"lineNumber":91,"author":{"gitId":"lyq1375560"},"content":"","lastModifiedDate":"2026-02-03T19:14:28","isFullCredit":false},{"lineNumber":92,"author":{"gitId":"lyq1375560"},"content":"        throw new TaskyException(\"I\u0027m sorry, but I don\u0027t know what that means.\");","lastModifiedDate":"2026-02-03T19:14:28","isFullCredit":false},{"lineNumber":93,"author":{"gitId":"lyq1375560"},"content":"    }","lastModifiedDate":"2026-02-03T19:14:28","isFullCredit":false},{"lineNumber":94,"author":{"gitId":"lyq1375560"},"content":"","lastModifiedDate":"2026-02-03T19:14:28","isFullCredit":false},{"lineNumber":95,"author":{"gitId":"lyq1375560"},"content":"    private static int parseIndex(String s, int size) throws TaskyException {","lastModifiedDate":"2026-02-04T10:10:17","isFullCredit":false},{"lineNumber":96,"author":{"gitId":"lyq1375560"},"content":"        try {","lastModifiedDate":"2026-02-04T10:10:17","isFullCredit":false},{"lineNumber":97,"author":{"gitId":"lyq1375560"},"content":"            int index \u003d Integer.parseInt(s) - 1;","lastModifiedDate":"2026-02-04T10:10:17","isFullCredit":false},{"lineNumber":98,"author":{"gitId":"lyq1375560"},"content":"            if (index \u003c 0 || index \u003e\u003d size) {","lastModifiedDate":"2026-02-04T10:10:17","isFullCredit":false},{"lineNumber":99,"author":{"gitId":"lyq1375560"},"content":"                throw new TaskyException(\"That task number does not exist.\");","lastModifiedDate":"2026-02-04T10:10:17","isFullCredit":false},{"lineNumber":100,"author":{"gitId":"lyq1375560"},"content":"            }","lastModifiedDate":"2026-02-04T10:10:17","isFullCredit":false},{"lineNumber":101,"author":{"gitId":"lyq1375560"},"content":"            return index;","lastModifiedDate":"2026-02-04T10:10:17","isFullCredit":false},{"lineNumber":102,"author":{"gitId":"lyq1375560"},"content":"        } catch (NumberFormatException e) {","lastModifiedDate":"2026-02-04T10:10:17","isFullCredit":false},{"lineNumber":103,"author":{"gitId":"lyq1375560"},"content":"            throw new TaskyException(\"Please enter a valid task number.\");","lastModifiedDate":"2026-02-04T10:10:17","isFullCredit":false},{"lineNumber":104,"author":{"gitId":"lyq1375560"},"content":"        }","lastModifiedDate":"2026-02-04T10:10:17","isFullCredit":false},{"lineNumber":105,"author":{"gitId":"lyq1375560"},"content":"    }","lastModifiedDate":"2026-02-04T10:10:17","isFullCredit":false},{"lineNumber":106,"author":{"gitId":"lyq1375560"},"content":"","lastModifiedDate":"2026-02-04T10:10:17","isFullCredit":false},{"lineNumber":107,"author":{"gitId":"lyq1375560"},"content":"    private static void printAdd(Ui ui, Task task, int count) {","lastModifiedDate":"2026-02-03T19:14:28","isFullCredit":false},{"lineNumber":108,"author":{"gitId":"lyq1375560"},"content":"        ui.showMessage(\" Got it. I\u0027ve added this task:\");","lastModifiedDate":"2026-02-03T19:14:28","isFullCredit":false},{"lineNumber":109,"author":{"gitId":"lyq1375560"},"content":"        ui.showMessage(\"   \" + task);","lastModifiedDate":"2026-02-03T19:14:28","isFullCredit":false},{"lineNumber":110,"author":{"gitId":"lyq1375560"},"content":"        ui.showMessage(\" Now you have \" + count + \" tasks in the list.\");","lastModifiedDate":"2026-02-03T19:14:28","isFullCredit":false},{"lineNumber":111,"author":{"gitId":"lyq1375560"},"content":"    }","lastModifiedDate":"2026-02-03T19:14:28","isFullCredit":false},{"lineNumber":112,"author":{"gitId":"lyq1375560"},"content":"}","lastModifiedDate":"2026-02-03T19:14:28","isFullCredit":false}],"authorContributionMap":{"lyq1375560":112}},{"path":"src/main/java/tasky/Storage.java","fileType":"java","lines":[{"lineNumber":1,"author":{"gitId":"lyq1375560"},"content":"package tasky;","lastModifiedDate":"2026-02-03T19:21:35","isFullCredit":false},{"lineNumber":2,"author":{"gitId":"lyq1375560"},"content":"","lastModifiedDate":"2026-02-03T19:21:35","isFullCredit":false},{"lineNumber":3,"author":{"gitId":"lyq1375560"},"content":"import java.io.*;","lastModifiedDate":"2026-02-03T18:31:37","isFullCredit":false},{"lineNumber":4,"author":{"gitId":"lyq1375560"},"content":"import java.nio.file.*;","lastModifiedDate":"2026-02-03T18:31:37","isFullCredit":false},{"lineNumber":5,"author":{"gitId":"lyq1375560"},"content":"import java.util.ArrayList;","lastModifiedDate":"2026-02-03T18:31:37","isFullCredit":false},{"lineNumber":6,"author":{"gitId":"lyq1375560"},"content":"","lastModifiedDate":"2026-02-03T18:31:37","isFullCredit":false},{"lineNumber":7,"author":{"gitId":"lyq1375560"},"content":"public class Storage {","lastModifiedDate":"2026-02-03T18:31:37","isFullCredit":false},{"lineNumber":8,"author":{"gitId":"lyq1375560"},"content":"","lastModifiedDate":"2026-02-03T18:31:37","isFullCredit":false},{"lineNumber":9,"author":{"gitId":"lyq1375560"},"content":"    private final String dataDir;","lastModifiedDate":"2026-02-03T18:31:37","isFullCredit":false},{"lineNumber":10,"author":{"gitId":"lyq1375560"},"content":"    private final String dataFile;","lastModifiedDate":"2026-02-03T18:31:37","isFullCredit":false},{"lineNumber":11,"author":{"gitId":"lyq1375560"},"content":"","lastModifiedDate":"2026-02-03T18:31:37","isFullCredit":false},{"lineNumber":12,"author":{"gitId":"lyq1375560"},"content":"    public Storage(String dataDir, String dataFile) {","lastModifiedDate":"2026-02-03T18:31:37","isFullCredit":false},{"lineNumber":13,"author":{"gitId":"lyq1375560"},"content":"        this.dataDir \u003d dataDir;","lastModifiedDate":"2026-02-03T18:31:37","isFullCredit":false},{"lineNumber":14,"author":{"gitId":"lyq1375560"},"content":"        this.dataFile \u003d dataFile;","lastModifiedDate":"2026-02-03T18:31:37","isFullCredit":false},{"lineNumber":15,"author":{"gitId":"lyq1375560"},"content":"    }","lastModifiedDate":"2026-02-03T18:31:37","isFullCredit":false},{"lineNumber":16,"author":{"gitId":"lyq1375560"},"content":"","lastModifiedDate":"2026-02-03T18:31:37","isFullCredit":false},{"lineNumber":17,"author":{"gitId":"lyq1375560"},"content":"    public ArrayList\u003cTask\u003e load() throws TaskyException {","lastModifiedDate":"2026-02-04T10:10:17","isFullCredit":false},{"lineNumber":18,"author":{"gitId":"lyq1375560"},"content":"        ArrayList\u003cTask\u003e tasks \u003d new ArrayList\u003c\u003e();","lastModifiedDate":"2026-02-04T10:10:17","isFullCredit":false},{"lineNumber":19,"author":{"gitId":"lyq1375560"},"content":"","lastModifiedDate":"2026-02-04T10:10:17","isFullCredit":false},{"lineNumber":20,"author":{"gitId":"lyq1375560"},"content":"        try {","lastModifiedDate":"2026-02-03T18:31:37","isFullCredit":false},{"lineNumber":21,"author":{"gitId":"lyq1375560"},"content":"            Files.createDirectories(Paths.get(dataDir));","lastModifiedDate":"2026-02-03T18:31:37","isFullCredit":false},{"lineNumber":22,"author":{"gitId":"lyq1375560"},"content":"            File file \u003d new File(dataFile);","lastModifiedDate":"2026-02-03T18:31:37","isFullCredit":false},{"lineNumber":23,"author":{"gitId":"lyq1375560"},"content":"","lastModifiedDate":"2026-02-04T10:10:17","isFullCredit":false},{"lineNumber":24,"author":{"gitId":"lyq1375560"},"content":"            if (!file.exists()) {","lastModifiedDate":"2026-02-03T18:31:37","isFullCredit":false},{"lineNumber":25,"author":{"gitId":"lyq1375560"},"content":"                file.createNewFile();","lastModifiedDate":"2026-02-03T18:31:37","isFullCredit":false},{"lineNumber":26,"author":{"gitId":"lyq1375560"},"content":"                return tasks;","lastModifiedDate":"2026-02-04T10:10:17","isFullCredit":false},{"lineNumber":27,"author":{"gitId":"lyq1375560"},"content":"            }","lastModifiedDate":"2026-02-03T18:31:37","isFullCredit":false},{"lineNumber":28,"author":{"gitId":"lyq1375560"},"content":"","lastModifiedDate":"2026-02-03T18:31:37","isFullCredit":false},{"lineNumber":29,"author":{"gitId":"lyq1375560"},"content":"            BufferedReader reader \u003d new BufferedReader(new FileReader(file));","lastModifiedDate":"2026-02-03T18:31:37","isFullCredit":false},{"lineNumber":30,"author":{"gitId":"lyq1375560"},"content":"            String line;","lastModifiedDate":"2026-02-03T18:31:37","isFullCredit":false},{"lineNumber":31,"author":{"gitId":"lyq1375560"},"content":"","lastModifiedDate":"2026-02-03T18:31:37","isFullCredit":false},{"lineNumber":32,"author":{"gitId":"lyq1375560"},"content":"            while ((line \u003d reader.readLine()) !\u003d null) {","lastModifiedDate":"2026-02-03T18:31:37","isFullCredit":false},{"lineNumber":33,"author":{"gitId":"lyq1375560"},"content":"                tasks.add(parseTask(line));","lastModifiedDate":"2026-02-03T18:31:37","isFullCredit":false},{"lineNumber":34,"author":{"gitId":"lyq1375560"},"content":"            }","lastModifiedDate":"2026-02-03T18:31:37","isFullCredit":false},{"lineNumber":35,"author":{"gitId":"lyq1375560"},"content":"            reader.close();","lastModifiedDate":"2026-02-03T18:31:37","isFullCredit":false},{"lineNumber":36,"author":{"gitId":"lyq1375560"},"content":"            return tasks;","lastModifiedDate":"2026-02-04T10:10:17","isFullCredit":false},{"lineNumber":37,"author":{"gitId":"lyq1375560"},"content":"","lastModifiedDate":"2026-02-04T10:10:17","isFullCredit":false},{"lineNumber":38,"author":{"gitId":"lyq1375560"},"content":"        } catch (IOException e) {","lastModifiedDate":"2026-02-03T18:31:37","isFullCredit":false},{"lineNumber":39,"author":{"gitId":"lyq1375560"},"content":"            throw new TaskyException(\"Failed to load saved tasks.\");","lastModifiedDate":"2026-02-03T18:31:37","isFullCredit":false},{"lineNumber":40,"author":{"gitId":"lyq1375560"},"content":"        }","lastModifiedDate":"2026-02-03T18:31:37","isFullCredit":false},{"lineNumber":41,"author":{"gitId":"lyq1375560"},"content":"    }","lastModifiedDate":"2026-02-03T18:31:37","isFullCredit":false},{"lineNumber":42,"author":{"gitId":"lyq1375560"},"content":"","lastModifiedDate":"2026-02-03T18:31:37","isFullCredit":false},{"lineNumber":43,"author":{"gitId":"lyq1375560"},"content":"    public void save(ArrayList\u003cTask\u003e tasks) throws TaskyException {","lastModifiedDate":"2026-02-03T18:31:37","isFullCredit":false},{"lineNumber":44,"author":{"gitId":"lyq1375560"},"content":"        try {","lastModifiedDate":"2026-02-03T18:31:37","isFullCredit":false},{"lineNumber":45,"author":{"gitId":"lyq1375560"},"content":"            BufferedWriter writer \u003d new BufferedWriter(new FileWriter(dataFile));","lastModifiedDate":"2026-02-03T18:31:37","isFullCredit":false},{"lineNumber":46,"author":{"gitId":"lyq1375560"},"content":"            for (Task task : tasks) {","lastModifiedDate":"2026-02-03T18:31:37","isFullCredit":false},{"lineNumber":47,"author":{"gitId":"lyq1375560"},"content":"                writer.write(task.toFileString());","lastModifiedDate":"2026-02-03T18:31:37","isFullCredit":false},{"lineNumber":48,"author":{"gitId":"lyq1375560"},"content":"                writer.newLine();","lastModifiedDate":"2026-02-03T18:31:37","isFullCredit":false},{"lineNumber":49,"author":{"gitId":"lyq1375560"},"content":"            }","lastModifiedDate":"2026-02-03T18:31:37","isFullCredit":false},{"lineNumber":50,"author":{"gitId":"lyq1375560"},"content":"            writer.close();","lastModifiedDate":"2026-02-03T18:31:37","isFullCredit":false},{"lineNumber":51,"author":{"gitId":"lyq1375560"},"content":"        } catch (IOException e) {","lastModifiedDate":"2026-02-03T18:31:37","isFullCredit":false},{"lineNumber":52,"author":{"gitId":"lyq1375560"},"content":"            throw new TaskyException(\"Failed to save tasks.\");","lastModifiedDate":"2026-02-03T18:31:37","isFullCredit":false},{"lineNumber":53,"author":{"gitId":"lyq1375560"},"content":"        }","lastModifiedDate":"2026-02-03T18:31:37","isFullCredit":false},{"lineNumber":54,"author":{"gitId":"lyq1375560"},"content":"    }","lastModifiedDate":"2026-02-03T18:31:37","isFullCredit":false},{"lineNumber":55,"author":{"gitId":"lyq1375560"},"content":"","lastModifiedDate":"2026-02-03T18:31:37","isFullCredit":false},{"lineNumber":56,"author":{"gitId":"lyq1375560"},"content":"    private Task parseTask(String line) throws TaskyException {","lastModifiedDate":"2026-02-03T18:31:37","isFullCredit":false},{"lineNumber":57,"author":{"gitId":"lyq1375560"},"content":"        try {","lastModifiedDate":"2026-02-03T18:31:37","isFullCredit":false},{"lineNumber":58,"author":{"gitId":"lyq1375560"},"content":"            String[] parts \u003d line.split(\" \\\\| \");","lastModifiedDate":"2026-02-03T18:31:37","isFullCredit":false},{"lineNumber":59,"author":{"gitId":"lyq1375560"},"content":"            TaskType type \u003d TaskType.valueOf(parts[0]);","lastModifiedDate":"2026-02-03T18:31:37","isFullCredit":false},{"lineNumber":60,"author":{"gitId":"lyq1375560"},"content":"            boolean done \u003d parts[1].equals(\"1\");","lastModifiedDate":"2026-02-03T18:31:37","isFullCredit":false},{"lineNumber":61,"author":{"gitId":"lyq1375560"},"content":"            String description \u003d parts[2];","lastModifiedDate":"2026-02-03T18:31:37","isFullCredit":false},{"lineNumber":62,"author":{"gitId":"lyq1375560"},"content":"","lastModifiedDate":"2026-02-03T18:31:37","isFullCredit":false},{"lineNumber":63,"author":{"gitId":"lyq1375560"},"content":"            Task task;","lastModifiedDate":"2026-02-03T18:31:37","isFullCredit":false},{"lineNumber":64,"author":{"gitId":"lyq1375560"},"content":"            if (type \u003d\u003d TaskType.TODO) {","lastModifiedDate":"2026-02-03T18:31:37","isFullCredit":false},{"lineNumber":65,"author":{"gitId":"lyq1375560"},"content":"                task \u003d new Todo(description);","lastModifiedDate":"2026-02-03T18:31:37","isFullCredit":false},{"lineNumber":66,"author":{"gitId":"lyq1375560"},"content":"            } else if (type \u003d\u003d TaskType.DEADLINE) {","lastModifiedDate":"2026-02-03T18:31:37","isFullCredit":false},{"lineNumber":67,"author":{"gitId":"lyq1375560"},"content":"                task \u003d new Deadline(description, parts[3]);","lastModifiedDate":"2026-02-04T10:10:17","isFullCredit":false},{"lineNumber":68,"author":{"gitId":"lyq1375560"},"content":"            } else {","lastModifiedDate":"2026-02-04T10:10:17","isFullCredit":false},{"lineNumber":69,"author":{"gitId":"lyq1375560"},"content":"                task \u003d new Event(description, parts[3], parts[4]);","lastModifiedDate":"2026-02-03T18:31:37","isFullCredit":false},{"lineNumber":70,"author":{"gitId":"lyq1375560"},"content":"            }","lastModifiedDate":"2026-02-03T18:31:37","isFullCredit":false},{"lineNumber":71,"author":{"gitId":"lyq1375560"},"content":"","lastModifiedDate":"2026-02-03T18:31:37","isFullCredit":false},{"lineNumber":72,"author":{"gitId":"lyq1375560"},"content":"            if (done) {","lastModifiedDate":"2026-02-03T19:06:48","isFullCredit":false},{"lineNumber":73,"author":{"gitId":"lyq1375560"},"content":"                task.markDone();","lastModifiedDate":"2026-02-03T19:06:48","isFullCredit":false},{"lineNumber":74,"author":{"gitId":"lyq1375560"},"content":"            }","lastModifiedDate":"2026-02-03T19:06:48","isFullCredit":false},{"lineNumber":75,"author":{"gitId":"lyq1375560"},"content":"            return task;","lastModifiedDate":"2026-02-03T18:31:37","isFullCredit":false},{"lineNumber":76,"author":{"gitId":"lyq1375560"},"content":"","lastModifiedDate":"2026-02-03T18:31:37","isFullCredit":false},{"lineNumber":77,"author":{"gitId":"lyq1375560"},"content":"        } catch (Exception e) {","lastModifiedDate":"2026-02-03T18:31:37","isFullCredit":false},{"lineNumber":78,"author":{"gitId":"lyq1375560"},"content":"            throw new TaskyException(\"Corrupted data file.\");","lastModifiedDate":"2026-02-03T18:31:37","isFullCredit":false},{"lineNumber":79,"author":{"gitId":"lyq1375560"},"content":"        }","lastModifiedDate":"2026-02-03T18:31:37","isFullCredit":false},{"lineNumber":80,"author":{"gitId":"lyq1375560"},"content":"    }","lastModifiedDate":"2026-02-03T18:31:37","isFullCredit":false},{"lineNumber":81,"author":{"gitId":"lyq1375560"},"content":"}","lastModifiedDate":"2026-02-03T18:31:37","isFullCredit":false}],"authorContributionMap":{"lyq1375560":81}},{"path":"src/main/java/tasky/Task.java","fileType":"java","lines":[{"lineNumber":1,"author":{"gitId":"lyq1375560"},"content":"package tasky;","lastModifiedDate":"2026-02-03T19:21:35","isFullCredit":false},{"lineNumber":2,"author":{"gitId":"lyq1375560"},"content":"","lastModifiedDate":"2026-02-03T19:21:35","isFullCredit":false},{"lineNumber":3,"author":{"gitId":"lyq1375560"},"content":"public abstract class Task {","lastModifiedDate":"2026-02-04T10:10:17","isFullCredit":false},{"lineNumber":4,"author":{"gitId":"lyq1375560"},"content":"","lastModifiedDate":"2026-02-04T10:10:17","isFullCredit":false},{"lineNumber":5,"author":{"gitId":"lyq1375560"},"content":"    protected String description;","lastModifiedDate":"2026-01-31T22:58:37","isFullCredit":false},{"lineNumber":6,"author":{"gitId":"lyq1375560"},"content":"    protected boolean isDone;","lastModifiedDate":"2026-01-31T22:58:37","isFullCredit":false},{"lineNumber":7,"author":{"gitId":"lyq1375560"},"content":"    protected TaskType type;","lastModifiedDate":"2026-01-31T22:58:37","isFullCredit":false},{"lineNumber":8,"author":{"gitId":"lyq1375560"},"content":"","lastModifiedDate":"2026-01-31T22:58:37","isFullCredit":false},{"lineNumber":9,"author":{"gitId":"lyq1375560"},"content":"    public Task(String description) {","lastModifiedDate":"2026-01-31T22:58:37","isFullCredit":false},{"lineNumber":10,"author":{"gitId":"lyq1375560"},"content":"        this.description \u003d description;","lastModifiedDate":"2026-01-31T22:58:37","isFullCredit":false},{"lineNumber":11,"author":{"gitId":"lyq1375560"},"content":"        this.isDone \u003d false;","lastModifiedDate":"2026-01-31T22:58:37","isFullCredit":false},{"lineNumber":12,"author":{"gitId":"lyq1375560"},"content":"    }","lastModifiedDate":"2026-01-31T22:58:37","isFullCredit":false},{"lineNumber":13,"author":{"gitId":"lyq1375560"},"content":"","lastModifiedDate":"2026-01-31T22:58:37","isFullCredit":false},{"lineNumber":14,"author":{"gitId":"lyq1375560"},"content":"    public void markDone() {","lastModifiedDate":"2026-02-04T10:10:17","isFullCredit":false},{"lineNumber":15,"author":{"gitId":"lyq1375560"},"content":"        isDone \u003d true;","lastModifiedDate":"2026-02-04T10:10:17","isFullCredit":false},{"lineNumber":16,"author":{"gitId":"lyq1375560"},"content":"    }","lastModifiedDate":"2026-02-04T10:10:17","isFullCredit":false},{"lineNumber":17,"author":{"gitId":"lyq1375560"},"content":"","lastModifiedDate":"2026-02-04T10:10:17","isFullCredit":false},{"lineNumber":18,"author":{"gitId":"lyq1375560"},"content":"    public void unmarkDone() {","lastModifiedDate":"2026-02-04T10:10:17","isFullCredit":false},{"lineNumber":19,"author":{"gitId":"lyq1375560"},"content":"        isDone \u003d false;","lastModifiedDate":"2026-02-04T10:10:17","isFullCredit":false},{"lineNumber":20,"author":{"gitId":"lyq1375560"},"content":"    }","lastModifiedDate":"2026-02-04T10:10:17","isFullCredit":false},{"lineNumber":21,"author":{"gitId":"lyq1375560"},"content":"","lastModifiedDate":"2026-01-31T22:58:37","isFullCredit":false},{"lineNumber":22,"author":{"gitId":"lyq1375560"},"content":"    protected String getStatusIcon() {","lastModifiedDate":"2026-01-31T22:58:37","isFullCredit":false},{"lineNumber":23,"author":{"gitId":"lyq1375560"},"content":"        return isDone ? \"[X]\" : \"[ ]\";","lastModifiedDate":"2026-01-31T22:58:37","isFullCredit":false},{"lineNumber":24,"author":{"gitId":"lyq1375560"},"content":"    }","lastModifiedDate":"2026-01-31T22:58:37","isFullCredit":false},{"lineNumber":25,"author":{"gitId":"lyq1375560"},"content":"","lastModifiedDate":"2026-01-31T22:58:37","isFullCredit":false},{"lineNumber":26,"author":{"gitId":"lyq1375560"},"content":"    public String toFileString() {","lastModifiedDate":"2026-02-03T18:31:37","isFullCredit":false},{"lineNumber":27,"author":{"gitId":"lyq1375560"},"content":"        return type.name() + \" | \" + (isDone ? \"1\" : \"0\") + \" | \" + description;","lastModifiedDate":"2026-02-03T18:31:37","isFullCredit":false},{"lineNumber":28,"author":{"gitId":"lyq1375560"},"content":"    }","lastModifiedDate":"2026-02-03T18:31:37","isFullCredit":false},{"lineNumber":29,"author":{"gitId":"lyq1375560"},"content":"","lastModifiedDate":"2026-02-03T18:31:37","isFullCredit":false},{"lineNumber":30,"author":{"gitId":"lyq1375560"},"content":"    @Override","lastModifiedDate":"2026-01-31T22:58:37","isFullCredit":false},{"lineNumber":31,"author":{"gitId":"lyq1375560"},"content":"    public String toString() {","lastModifiedDate":"2026-01-31T22:58:37","isFullCredit":false},{"lineNumber":32,"author":{"gitId":"lyq1375560"},"content":"        return type.getSymbol() + getStatusIcon() + \" \" + description;","lastModifiedDate":"2026-01-31T22:58:37","isFullCredit":false},{"lineNumber":33,"author":{"gitId":"lyq1375560"},"content":"    }","lastModifiedDate":"2026-01-31T22:58:37","isFullCredit":false},{"lineNumber":34,"author":{"gitId":"lyq1375560"},"content":"}","lastModifiedDate":"2026-01-31T22:58:37","isFullCredit":false}],"authorContributionMap":{"lyq1375560":34}},{"path":"src/main/java/tasky/TaskList.java","fileType":"java","lines":[{"lineNumber":1,"author":{"gitId":"lyq1375560"},"content":"package tasky;","lastModifiedDate":"2026-02-03T19:21:35","isFullCredit":false},{"lineNumber":2,"author":{"gitId":"lyq1375560"},"content":"","lastModifiedDate":"2026-02-03T19:21:35","isFullCredit":false},{"lineNumber":3,"author":{"gitId":"lyq1375560"},"content":"import java.util.ArrayList;","lastModifiedDate":"2026-02-03T19:14:28","isFullCredit":false},{"lineNumber":4,"author":{"gitId":"lyq1375560"},"content":"","lastModifiedDate":"2026-02-03T19:14:28","isFullCredit":false},{"lineNumber":5,"author":{"gitId":"lyq1375560"},"content":"public class TaskList {","lastModifiedDate":"2026-02-03T19:14:28","isFullCredit":false},{"lineNumber":6,"author":{"gitId":"lyq1375560"},"content":"","lastModifiedDate":"2026-02-03T19:14:28","isFullCredit":false},{"lineNumber":7,"author":{"gitId":"lyq1375560"},"content":"    private final ArrayList\u003cTask\u003e tasks;","lastModifiedDate":"2026-02-03T19:14:28","isFullCredit":false},{"lineNumber":8,"author":{"gitId":"lyq1375560"},"content":"","lastModifiedDate":"2026-02-03T19:14:28","isFullCredit":false},{"lineNumber":9,"author":{"gitId":"lyq1375560"},"content":"    public TaskList() {","lastModifiedDate":"2026-02-04T10:10:17","isFullCredit":false},{"lineNumber":10,"author":{"gitId":"lyq1375560"},"content":"        tasks \u003d new ArrayList\u003c\u003e();","lastModifiedDate":"2026-02-04T10:10:17","isFullCredit":false},{"lineNumber":11,"author":{"gitId":"lyq1375560"},"content":"    }","lastModifiedDate":"2026-02-04T10:10:17","isFullCredit":false},{"lineNumber":12,"author":{"gitId":"lyq1375560"},"content":"","lastModifiedDate":"2026-02-04T10:10:17","isFullCredit":false},{"lineNumber":13,"author":{"gitId":"lyq1375560"},"content":"    public TaskList(ArrayList\u003cTask\u003e tasks) {","lastModifiedDate":"2026-02-03T19:14:28","isFullCredit":false},{"lineNumber":14,"author":{"gitId":"lyq1375560"},"content":"        this.tasks \u003d tasks;","lastModifiedDate":"2026-02-03T19:14:28","isFullCredit":false},{"lineNumber":15,"author":{"gitId":"lyq1375560"},"content":"    }","lastModifiedDate":"2026-02-03T19:14:28","isFullCredit":false},{"lineNumber":16,"author":{"gitId":"lyq1375560"},"content":"","lastModifiedDate":"2026-02-03T19:14:28","isFullCredit":false},{"lineNumber":17,"author":{"gitId":"lyq1375560"},"content":"    public void add(Task task) {","lastModifiedDate":"2026-02-03T19:14:28","isFullCredit":false},{"lineNumber":18,"author":{"gitId":"lyq1375560"},"content":"        tasks.add(task);","lastModifiedDate":"2026-02-03T19:14:28","isFullCredit":false},{"lineNumber":19,"author":{"gitId":"lyq1375560"},"content":"    }","lastModifiedDate":"2026-02-03T19:14:28","isFullCredit":false},{"lineNumber":20,"author":{"gitId":"lyq1375560"},"content":"","lastModifiedDate":"2026-02-03T19:14:28","isFullCredit":false},{"lineNumber":21,"author":{"gitId":"lyq1375560"},"content":"    public Task remove(int index) {","lastModifiedDate":"2026-02-03T19:14:28","isFullCredit":false},{"lineNumber":22,"author":{"gitId":"lyq1375560"},"content":"        return tasks.remove(index);","lastModifiedDate":"2026-02-03T19:14:28","isFullCredit":false},{"lineNumber":23,"author":{"gitId":"lyq1375560"},"content":"    }","lastModifiedDate":"2026-02-03T19:14:28","isFullCredit":false},{"lineNumber":24,"author":{"gitId":"lyq1375560"},"content":"","lastModifiedDate":"2026-02-03T19:14:28","isFullCredit":false},{"lineNumber":25,"author":{"gitId":"lyq1375560"},"content":"    public Task get(int index) {","lastModifiedDate":"2026-02-03T19:14:28","isFullCredit":false},{"lineNumber":26,"author":{"gitId":"lyq1375560"},"content":"        return tasks.get(index);","lastModifiedDate":"2026-02-03T19:14:28","isFullCredit":false},{"lineNumber":27,"author":{"gitId":"lyq1375560"},"content":"    }","lastModifiedDate":"2026-02-03T19:14:28","isFullCredit":false},{"lineNumber":28,"author":{"gitId":"lyq1375560"},"content":"","lastModifiedDate":"2026-02-03T19:14:28","isFullCredit":false},{"lineNumber":29,"author":{"gitId":"lyq1375560"},"content":"    public int size() {","lastModifiedDate":"2026-02-03T19:14:28","isFullCredit":false},{"lineNumber":30,"author":{"gitId":"lyq1375560"},"content":"        return tasks.size();","lastModifiedDate":"2026-02-03T19:14:28","isFullCredit":false},{"lineNumber":31,"author":{"gitId":"lyq1375560"},"content":"    }","lastModifiedDate":"2026-02-03T19:14:28","isFullCredit":false},{"lineNumber":32,"author":{"gitId":"lyq1375560"},"content":"","lastModifiedDate":"2026-02-03T19:14:28","isFullCredit":false},{"lineNumber":33,"author":{"gitId":"lyq1375560"},"content":"    public ArrayList\u003cTask\u003e getAll() {","lastModifiedDate":"2026-02-03T19:14:28","isFullCredit":false},{"lineNumber":34,"author":{"gitId":"lyq1375560"},"content":"        return tasks;","lastModifiedDate":"2026-02-03T19:14:28","isFullCredit":false},{"lineNumber":35,"author":{"gitId":"lyq1375560"},"content":"    }","lastModifiedDate":"2026-02-03T19:14:28","isFullCredit":false},{"lineNumber":36,"author":{"gitId":"lyq1375560"},"content":"}","lastModifiedDate":"2026-02-03T19:14:28","isFullCredit":false}],"authorContributionMap":{"lyq1375560":36}},{"path":"src/main/java/tasky/TaskType.java","fileType":"java","lines":[{"lineNumber":1,"author":{"gitId":"lyq1375560"},"content":"package tasky;","lastModifiedDate":"2026-02-03T19:21:35","isFullCredit":false},{"lineNumber":2,"author":{"gitId":"lyq1375560"},"content":"","lastModifiedDate":"2026-02-03T19:21:35","isFullCredit":false},{"lineNumber":3,"author":{"gitId":"lyq1375560"},"content":"public enum TaskType {","lastModifiedDate":"2026-02-04T10:10:17","isFullCredit":false},{"lineNumber":4,"author":{"gitId":"lyq1375560"},"content":"    TODO(\"[T]\"),","lastModifiedDate":"2026-02-03T18:31:37","isFullCredit":false},{"lineNumber":5,"author":{"gitId":"lyq1375560"},"content":"    DEADLINE(\"[D]\"),","lastModifiedDate":"2026-02-03T18:31:37","isFullCredit":false},{"lineNumber":6,"author":{"gitId":"lyq1375560"},"content":"    EVENT(\"[E]\");","lastModifiedDate":"2026-02-03T18:31:37","isFullCredit":false},{"lineNumber":7,"author":{"gitId":"lyq1375560"},"content":"","lastModifiedDate":"2026-02-03T18:31:37","isFullCredit":false},{"lineNumber":8,"author":{"gitId":"lyq1375560"},"content":"    private final String symbol;","lastModifiedDate":"2026-02-03T18:31:37","isFullCredit":false},{"lineNumber":9,"author":{"gitId":"lyq1375560"},"content":"","lastModifiedDate":"2026-02-03T18:31:37","isFullCredit":false},{"lineNumber":10,"author":{"gitId":"lyq1375560"},"content":"    TaskType(String symbol) {","lastModifiedDate":"2026-02-03T18:31:37","isFullCredit":false},{"lineNumber":11,"author":{"gitId":"lyq1375560"},"content":"        this.symbol \u003d symbol;","lastModifiedDate":"2026-02-03T18:31:37","isFullCredit":false},{"lineNumber":12,"author":{"gitId":"lyq1375560"},"content":"    }","lastModifiedDate":"2026-02-03T18:31:37","isFullCredit":false},{"lineNumber":13,"author":{"gitId":"lyq1375560"},"content":"","lastModifiedDate":"2026-02-03T18:31:37","isFullCredit":false},{"lineNumber":14,"author":{"gitId":"lyq1375560"},"content":"    public String getSymbol() {","lastModifiedDate":"2026-02-03T18:31:37","isFullCredit":false},{"lineNumber":15,"author":{"gitId":"lyq1375560"},"content":"        return symbol;","lastModifiedDate":"2026-02-03T18:31:37","isFullCredit":false},{"lineNumber":16,"author":{"gitId":"lyq1375560"},"content":"    }","lastModifiedDate":"2026-02-03T18:31:37","isFullCredit":false},{"lineNumber":17,"author":{"gitId":"lyq1375560"},"content":"}","lastModifiedDate":"2026-02-03T18:31:37","isFullCredit":false}],"authorContributionMap":{"lyq1375560":17}},{"path":"src/main/java/tasky/Tasky.java","fileType":"java","lines":[{"lineNumber":1,"author":{"gitId":"lyq1375560"},"content":"package tasky;","lastModifiedDate":"2026-02-03T19:21:35","isFullCredit":false},{"lineNumber":2,"author":{"gitId":"lyq1375560"},"content":"","lastModifiedDate":"2026-02-03T19:21:35","isFullCredit":false},{"lineNumber":3,"author":{"gitId":"lyq1375560"},"content":"public class Tasky {","lastModifiedDate":"2026-01-31T22:58:37","isFullCredit":false},{"lineNumber":4,"author":{"gitId":"lyq1375560"},"content":"","lastModifiedDate":"2026-01-31T22:58:37","isFullCredit":false},{"lineNumber":5,"author":{"gitId":"lyq1375560"},"content":"    private final Storage storage;","lastModifiedDate":"2026-02-03T19:14:28","isFullCredit":false},{"lineNumber":6,"author":{"gitId":"lyq1375560"},"content":"    private final TaskList tasks;","lastModifiedDate":"2026-02-03T19:14:28","isFullCredit":false},{"lineNumber":7,"author":{"gitId":"lyq1375560"},"content":"    private final Ui ui;","lastModifiedDate":"2026-02-04T10:10:17","isFullCredit":false},{"lineNumber":8,"author":{"gitId":"lyq1375560"},"content":"","lastModifiedDate":"2026-02-03T19:14:28","isFullCredit":false},{"lineNumber":9,"author":{"gitId":"lyq1375560"},"content":"    public Tasky(String dataDir, String dataFile) {","lastModifiedDate":"2026-02-04T10:10:17","isFullCredit":false},{"lineNumber":10,"author":{"gitId":"lyq1375560"},"content":"        ui \u003d new Ui();","lastModifiedDate":"2026-02-03T19:14:28","isFullCredit":false},{"lineNumber":11,"author":{"gitId":"lyq1375560"},"content":"        storage \u003d new Storage(dataDir, dataFile);","lastModifiedDate":"2026-02-04T10:10:17","isFullCredit":false},{"lineNumber":12,"author":{"gitId":"lyq1375560"},"content":"","lastModifiedDate":"2026-02-03T18:31:37","isFullCredit":false},{"lineNumber":13,"author":{"gitId":"lyq1375560"},"content":"        TaskList loadedTasks;","lastModifiedDate":"2026-02-04T10:10:17","isFullCredit":false},{"lineNumber":14,"author":{"gitId":"lyq1375560"},"content":"        try {","lastModifiedDate":"2026-02-03T18:31:37","isFullCredit":false},{"lineNumber":15,"author":{"gitId":"lyq1375560"},"content":"            loadedTasks \u003d new TaskList(storage.load());","lastModifiedDate":"2026-02-04T10:10:17","isFullCredit":false},{"lineNumber":16,"author":{"gitId":"lyq1375560"},"content":"        } catch (TaskyException e) {","lastModifiedDate":"2026-02-03T18:31:37","isFullCredit":false},{"lineNumber":17,"author":{"gitId":"lyq1375560"},"content":"            ui.showError(e.getMessage());","lastModifiedDate":"2026-02-04T10:10:17","isFullCredit":false},{"lineNumber":18,"author":{"gitId":"lyq1375560"},"content":"            loadedTasks \u003d new TaskList();","lastModifiedDate":"2026-02-04T10:10:17","isFullCredit":false},{"lineNumber":19,"author":{"gitId":"lyq1375560"},"content":"        }","lastModifiedDate":"2026-02-03T19:14:28","isFullCredit":false},{"lineNumber":20,"author":{"gitId":"lyq1375560"},"content":"        tasks \u003d loadedTasks;","lastModifiedDate":"2026-02-04T10:10:17","isFullCredit":false},{"lineNumber":21,"author":{"gitId":"lyq1375560"},"content":"    }","lastModifiedDate":"2026-02-03T18:31:37","isFullCredit":false},{"lineNumber":22,"author":{"gitId":"lyq1375560"},"content":"","lastModifiedDate":"2026-01-31T22:58:37","isFullCredit":false},{"lineNumber":23,"author":{"gitId":"lyq1375560"},"content":"    public void run() {","lastModifiedDate":"2026-02-03T19:14:28","isFullCredit":false},{"lineNumber":24,"author":{"gitId":"lyq1375560"},"content":"        ui.showWelcome();","lastModifiedDate":"2026-02-03T19:14:28","isFullCredit":false},{"lineNumber":25,"author":{"gitId":"lyq1375560"},"content":"","lastModifiedDate":"2026-01-31T22:58:37","isFullCredit":false},{"lineNumber":26,"author":{"gitId":"lyq1375560"},"content":"        boolean isExit \u003d false;","lastModifiedDate":"2026-02-04T10:10:17","isFullCredit":false},{"lineNumber":27,"author":{"gitId":"lyq1375560"},"content":"        while (!isExit) {","lastModifiedDate":"2026-02-04T10:10:17","isFullCredit":false},{"lineNumber":28,"author":{"gitId":"lyq1375560"},"content":"            try {","lastModifiedDate":"2026-01-31T22:58:37","isFullCredit":false},{"lineNumber":29,"author":{"gitId":"lyq1375560"},"content":"                String input \u003d ui.readCommand();","lastModifiedDate":"2026-02-03T19:14:28","isFullCredit":false},{"lineNumber":30,"author":{"gitId":"lyq1375560"},"content":"                ui.showLine();","lastModifiedDate":"2026-02-04T10:10:17","isFullCredit":false},{"lineNumber":31,"author":{"gitId":"lyq1375560"},"content":"","lastModifiedDate":"2026-02-04T10:10:17","isFullCredit":false},{"lineNumber":32,"author":{"gitId":"lyq1375560"},"content":"                Parser.parseAndExecute(input, tasks, ui, storage);","lastModifiedDate":"2026-02-04T10:10:17","isFullCredit":false},{"lineNumber":33,"author":{"gitId":"lyq1375560"},"content":"","lastModifiedDate":"2026-02-04T10:10:17","isFullCredit":false},{"lineNumber":34,"author":{"gitId":"lyq1375560"},"content":"                isExit \u003d input.equals(\"bye\");","lastModifiedDate":"2026-02-04T10:10:17","isFullCredit":false},{"lineNumber":35,"author":{"gitId":"lyq1375560"},"content":"            } catch (TaskyException e) {","lastModifiedDate":"2026-01-31T22:58:37","isFullCredit":false},{"lineNumber":36,"author":{"gitId":"lyq1375560"},"content":"                ui.showError(e.getMessage());","lastModifiedDate":"2026-02-03T19:14:28","isFullCredit":false},{"lineNumber":37,"author":{"gitId":"lyq1375560"},"content":"            } finally {","lastModifiedDate":"2026-02-04T10:10:17","isFullCredit":false},{"lineNumber":38,"author":{"gitId":"lyq1375560"},"content":"                ui.showLine();","lastModifiedDate":"2026-02-04T10:10:17","isFullCredit":false},{"lineNumber":39,"author":{"gitId":"lyq1375560"},"content":"            }","lastModifiedDate":"2026-01-31T22:58:37","isFullCredit":false},{"lineNumber":40,"author":{"gitId":"lyq1375560"},"content":"        }","lastModifiedDate":"2026-01-31T22:58:37","isFullCredit":false},{"lineNumber":41,"author":{"gitId":"lyq1375560"},"content":"    }","lastModifiedDate":"2026-01-31T22:58:37","isFullCredit":false},{"lineNumber":42,"author":{"gitId":"lyq1375560"},"content":"","lastModifiedDate":"2026-01-31T22:58:37","isFullCredit":false},{"lineNumber":43,"author":{"gitId":"lyq1375560"},"content":"    public static void main(String[] args) {","lastModifiedDate":"2026-02-03T19:14:28","isFullCredit":false},{"lineNumber":44,"author":{"gitId":"lyq1375560"},"content":"        new Tasky(\"data\", \"data/tasky.txt\").run();","lastModifiedDate":"2026-02-04T10:10:17","isFullCredit":false},{"lineNumber":45,"author":{"gitId":"lyq1375560"},"content":"    }","lastModifiedDate":"2026-01-31T22:58:37","isFullCredit":false},{"lineNumber":46,"author":{"gitId":"lyq1375560"},"content":"}","lastModifiedDate":"2026-01-31T22:58:37","isFullCredit":false}],"authorContributionMap":{"lyq1375560":46}},{"path":"src/main/java/tasky/TaskyException.java","fileType":"java","lines":[{"lineNumber":1,"author":{"gitId":"lyq1375560"},"content":"package tasky;","lastModifiedDate":"2026-02-03T19:21:35","isFullCredit":false},{"lineNumber":2,"author":{"gitId":"lyq1375560"},"content":"","lastModifiedDate":"2026-02-03T19:21:35","isFullCredit":false},{"lineNumber":3,"author":{"gitId":"lyq1375560"},"content":"public class TaskyException extends Exception {","lastModifiedDate":"2026-02-04T10:10:17","isFullCredit":false},{"lineNumber":4,"author":{"gitId":"lyq1375560"},"content":"","lastModifiedDate":"2026-02-04T10:10:17","isFullCredit":false},{"lineNumber":5,"author":{"gitId":"lyq1375560"},"content":"    public TaskyException(String message) {","lastModifiedDate":"2026-01-31T22:58:37","isFullCredit":false},{"lineNumber":6,"author":{"gitId":"lyq1375560"},"content":"        super(message);","lastModifiedDate":"2026-01-31T22:58:37","isFullCredit":false},{"lineNumber":7,"author":{"gitId":"lyq1375560"},"content":"    }","lastModifiedDate":"2026-01-31T22:58:37","isFullCredit":false},{"lineNumber":8,"author":{"gitId":"lyq1375560"},"content":"}","lastModifiedDate":"2026-01-31T22:58:37","isFullCredit":false}],"authorContributionMap":{"lyq1375560":8}},{"path":"src/main/java/tasky/Todo.java","fileType":"java","lines":[{"lineNumber":1,"author":{"gitId":"lyq1375560"},"content":"package tasky;","lastModifiedDate":"2026-02-03T19:21:35","isFullCredit":false},{"lineNumber":2,"author":{"gitId":"lyq1375560"},"content":"","lastModifiedDate":"2026-02-03T19:21:35","isFullCredit":false},{"lineNumber":3,"author":{"gitId":"lyq1375560"},"content":"public class Todo extends Task {","lastModifiedDate":"2026-02-04T10:10:17","isFullCredit":false},{"lineNumber":4,"author":{"gitId":"lyq1375560"},"content":"","lastModifiedDate":"2026-02-04T10:10:17","isFullCredit":false},{"lineNumber":5,"author":{"gitId":"lyq1375560"},"content":"    public Todo(String description) {","lastModifiedDate":"2026-01-31T22:58:37","isFullCredit":false},{"lineNumber":6,"author":{"gitId":"lyq1375560"},"content":"        super(description);","lastModifiedDate":"2026-01-31T22:58:37","isFullCredit":false},{"lineNumber":7,"author":{"gitId":"lyq1375560"},"content":"        this.type \u003d TaskType.TODO;","lastModifiedDate":"2026-01-31T22:58:37","isFullCredit":false},{"lineNumber":8,"author":{"gitId":"lyq1375560"},"content":"    }","lastModifiedDate":"2026-01-31T22:58:37","isFullCredit":false},{"lineNumber":9,"author":{"gitId":"lyq1375560"},"content":"}","lastModifiedDate":"2026-01-31T22:58:37","isFullCredit":false}],"authorContributionMap":{"lyq1375560":9}},{"path":"src/main/java/tasky/Ui.java","fileType":"java","lines":[{"lineNumber":1,"author":{"gitId":"lyq1375560"},"content":"package tasky;","lastModifiedDate":"2026-02-03T19:21:35","isFullCredit":false},{"lineNumber":2,"author":{"gitId":"lyq1375560"},"content":"","lastModifiedDate":"2026-02-03T19:21:35","isFullCredit":false},{"lineNumber":3,"author":{"gitId":"lyq1375560"},"content":"import java.util.Scanner;","lastModifiedDate":"2026-02-03T19:14:28","isFullCredit":false},{"lineNumber":4,"author":{"gitId":"lyq1375560"},"content":"","lastModifiedDate":"2026-02-03T19:14:28","isFullCredit":false},{"lineNumber":5,"author":{"gitId":"lyq1375560"},"content":"public class Ui {","lastModifiedDate":"2026-02-03T19:14:28","isFullCredit":false},{"lineNumber":6,"author":{"gitId":"lyq1375560"},"content":"","lastModifiedDate":"2026-02-03T19:14:28","isFullCredit":false},{"lineNumber":7,"author":{"gitId":"lyq1375560"},"content":"    private static final String LINE \u003d","lastModifiedDate":"2026-02-03T19:14:28","isFullCredit":false},{"lineNumber":8,"author":{"gitId":"lyq1375560"},"content":"            \"____________________________________________________________\";","lastModifiedDate":"2026-02-03T19:14:28","isFullCredit":false},{"lineNumber":9,"author":{"gitId":"lyq1375560"},"content":"","lastModifiedDate":"2026-02-03T19:14:28","isFullCredit":false},{"lineNumber":10,"author":{"gitId":"lyq1375560"},"content":"    private final Scanner scanner \u003d new Scanner(System.in);","lastModifiedDate":"2026-02-03T19:14:28","isFullCredit":false},{"lineNumber":11,"author":{"gitId":"lyq1375560"},"content":"","lastModifiedDate":"2026-02-03T19:14:28","isFullCredit":false},{"lineNumber":12,"author":{"gitId":"lyq1375560"},"content":"    public void showWelcome() {","lastModifiedDate":"2026-02-03T19:14:28","isFullCredit":false},{"lineNumber":13,"author":{"gitId":"lyq1375560"},"content":"        System.out.println(LINE);","lastModifiedDate":"2026-02-03T19:14:28","isFullCredit":false},{"lineNumber":14,"author":{"gitId":"lyq1375560"},"content":"        System.out.println(\" Hello! I\u0027m Tasky\");","lastModifiedDate":"2026-02-04T10:10:17","isFullCredit":false},{"lineNumber":15,"author":{"gitId":"lyq1375560"},"content":"        System.out.println(\" What can I do for you?\");","lastModifiedDate":"2026-02-03T19:14:28","isFullCredit":false},{"lineNumber":16,"author":{"gitId":"lyq1375560"},"content":"        System.out.println(LINE);","lastModifiedDate":"2026-02-03T19:14:28","isFullCredit":false},{"lineNumber":17,"author":{"gitId":"lyq1375560"},"content":"    }","lastModifiedDate":"2026-02-03T19:14:28","isFullCredit":false},{"lineNumber":18,"author":{"gitId":"lyq1375560"},"content":"","lastModifiedDate":"2026-02-03T19:14:28","isFullCredit":false},{"lineNumber":19,"author":{"gitId":"lyq1375560"},"content":"    public String readCommand() {","lastModifiedDate":"2026-02-03T19:14:28","isFullCredit":false},{"lineNumber":20,"author":{"gitId":"lyq1375560"},"content":"        return scanner.nextLine();","lastModifiedDate":"2026-02-03T19:14:28","isFullCredit":false},{"lineNumber":21,"author":{"gitId":"lyq1375560"},"content":"    }","lastModifiedDate":"2026-02-03T19:14:28","isFullCredit":false},{"lineNumber":22,"author":{"gitId":"lyq1375560"},"content":"","lastModifiedDate":"2026-02-03T19:14:28","isFullCredit":false},{"lineNumber":23,"author":{"gitId":"lyq1375560"},"content":"    public void showLine() {","lastModifiedDate":"2026-02-03T19:14:28","isFullCredit":false},{"lineNumber":24,"author":{"gitId":"lyq1375560"},"content":"        System.out.println(LINE);","lastModifiedDate":"2026-02-03T19:14:28","isFullCredit":false},{"lineNumber":25,"author":{"gitId":"lyq1375560"},"content":"    }","lastModifiedDate":"2026-02-03T19:14:28","isFullCredit":false},{"lineNumber":26,"author":{"gitId":"lyq1375560"},"content":"","lastModifiedDate":"2026-02-03T19:14:28","isFullCredit":false},{"lineNumber":27,"author":{"gitId":"lyq1375560"},"content":"    public void showMessage(String message) {","lastModifiedDate":"2026-02-03T19:14:28","isFullCredit":false},{"lineNumber":28,"author":{"gitId":"lyq1375560"},"content":"        System.out.println(message);","lastModifiedDate":"2026-02-03T19:14:28","isFullCredit":false},{"lineNumber":29,"author":{"gitId":"lyq1375560"},"content":"    }","lastModifiedDate":"2026-02-03T19:14:28","isFullCredit":false},{"lineNumber":30,"author":{"gitId":"lyq1375560"},"content":"","lastModifiedDate":"2026-02-04T10:10:17","isFullCredit":false},{"lineNumber":31,"author":{"gitId":"lyq1375560"},"content":"    public void showError(String message) {","lastModifiedDate":"2026-02-04T10:10:17","isFullCredit":false},{"lineNumber":32,"author":{"gitId":"lyq1375560"},"content":"        System.out.println(\" OOPS!!! \" + message);","lastModifiedDate":"2026-02-04T10:10:17","isFullCredit":false},{"lineNumber":33,"author":{"gitId":"lyq1375560"},"content":"    }","lastModifiedDate":"2026-02-04T10:10:17","isFullCredit":false},{"lineNumber":34,"author":{"gitId":"lyq1375560"},"content":"}","lastModifiedDate":"2026-02-03T19:14:28","isFullCredit":false}],"authorContributionMap":{"lyq1375560":34}},{"path":"text-ui-test/data/tasky.txt","fileType":"txt","lines":[{"lineNumber":1,"author":{"gitId":"lyq1375560"},"content":"TODO | 1 | read book","lastModifiedDate":"2026-02-03T19:06:48","isFullCredit":false},{"lineNumber":2,"author":{"gitId":"lyq1375560"},"content":"TODO | 0 | read book","lastModifiedDate":"2026-02-03T18:31:37","isFullCredit":false},{"lineNumber":3,"author":{"gitId":"lyq1375560"},"content":"DEADLINE | 0 | return book | 2019-12-02","lastModifiedDate":"2026-02-03T19:06:48","isFullCredit":false},{"lineNumber":4,"author":{"gitId":"lyq1375560"},"content":"TODO | 0 | read book","lastModifiedDate":"2026-02-03T19:06:48","isFullCredit":false},{"lineNumber":5,"author":{"gitId":"lyq1375560"},"content":"DEADLINE | 0 | return book | 2019-12-02","lastModifiedDate":"2026-02-03T19:06:48","isFullCredit":false},{"lineNumber":6,"author":{"gitId":"lyq1375560"},"content":"TODO | 0 | read book","lastModifiedDate":"2026-02-03T19:06:48","isFullCredit":false},{"lineNumber":7,"author":{"gitId":"lyq1375560"},"content":"DEADLINE | 0 | return book | 2019-12-02","lastModifiedDate":"2026-02-03T19:06:48","isFullCredit":false}],"authorContributionMap":{"lyq1375560":7}},{"path":"text-ui-test/runtest.bat","fileType":"bat","lines":[{"lineNumber":1,"author":{"gitId":"-"},"content":"@ECHO OFF","lastModifiedDate":"2020-05-25T00:03:55","isFullCredit":false},{"lineNumber":2,"author":{"gitId":"-"},"content":"","lastModifiedDate":"2020-05-25T00:03:55","isFullCredit":false},{"lineNumber":3,"author":{"gitId":"-"},"content":"REM create bin directory if it doesn\u0027t exist","lastModifiedDate":"2026-02-03T19:06:48","isFullCredit":false},{"lineNumber":4,"author":{"gitId":"-"},"content":"if not exist ..\\bin mkdir ..\\bin","lastModifiedDate":"2020-05-25T00:03:55","isFullCredit":false},{"lineNumber":5,"author":{"gitId":"-"},"content":"","lastModifiedDate":"2020-05-25T00:03:55","isFullCredit":false},{"lineNumber":6,"author":{"gitId":"-"},"content":"REM delete output from previous run","lastModifiedDate":"2026-02-03T19:06:48","isFullCredit":false},{"lineNumber":7,"author":{"gitId":"lyq1375560"},"content":"del ACTUAL.TXT","lastModifiedDate":"2026-02-03T19:06:48","isFullCredit":false},{"lineNumber":8,"author":{"gitId":"-"},"content":"","lastModifiedDate":"2026-02-03T19:06:48","isFullCredit":false},{"lineNumber":9,"author":{"gitId":"-"},"content":"REM compile the code into the bin folder","lastModifiedDate":"2026-02-03T19:06:48","isFullCredit":false},{"lineNumber":10,"author":{"gitId":"-"},"content":"javac  -cp ..\\src\\main\\java -Xlint:none -d ..\\bin ..\\src\\main\\java\\*.java","lastModifiedDate":"2020-08-25T17:23:26","isFullCredit":false},{"lineNumber":11,"author":{"gitId":"-"},"content":"IF ERRORLEVEL 1 (","lastModifiedDate":"2026-02-03T19:06:48","isFullCredit":false},{"lineNumber":12,"author":{"gitId":"-"},"content":"    echo ********** BUILD FAILURE **********","lastModifiedDate":"2026-02-03T19:06:48","isFullCredit":false},{"lineNumber":13,"author":{"gitId":"-"},"content":"    exit /b 1","lastModifiedDate":"2026-02-03T19:06:48","isFullCredit":false},{"lineNumber":14,"author":{"gitId":"-"},"content":")","lastModifiedDate":"2026-02-03T19:06:48","isFullCredit":false},{"lineNumber":15,"author":{"gitId":"-"},"content":"REM no error here, errorlevel \u003d\u003d 0","lastModifiedDate":"2026-02-03T19:06:48","isFullCredit":false},{"lineNumber":16,"author":{"gitId":"-"},"content":"","lastModifiedDate":"2026-02-03T19:06:48","isFullCredit":false},{"lineNumber":17,"author":{"gitId":"-"},"content":"REM run the program, feed commands from input.txt file and redirect the output to the ACTUAL.TXT","lastModifiedDate":"2026-02-03T19:06:48","isFullCredit":false},{"lineNumber":18,"author":{"gitId":"lyq1375560"},"content":"java -classpath ..\\bin tasky.Tasky \u003c input.txt \u003e ACTUAL.TXT","lastModifiedDate":"2026-02-03T19:21:35","isFullCredit":false},{"lineNumber":19,"author":{"gitId":"-"},"content":"","lastModifiedDate":"2020-05-25T00:03:55","isFullCredit":false},{"lineNumber":20,"author":{"gitId":"-"},"content":"REM compare the output to the expected output","lastModifiedDate":"2026-02-03T19:06:48","isFullCredit":false},{"lineNumber":21,"author":{"gitId":"lyq1375560"},"content":"FC ACTUAL.TXT EXPECTED.TXT","lastModifiedDate":"2026-02-03T19:06:48","isFullCredit":false}],"authorContributionMap":{"lyq1375560":3,"-":18}}]
