{"authorDailyContributionsMap":{"select-e":[{"date":"2026-01-22T00:00:00","commitResults":[{"hash":"31b05369e24e73fee2c3d0b1c24d29ba30587b05","isMergeCommit":false,"messageTitle":"Rename chatbot and replace greeting","messageBody":"","tags":["Level-0"],"fileTypesAndContributionMap":{"java":{"insertions":6,"deletions":10}}},{"hash":"f09dfc72a7bf902af425bba2b6560dc107b77ae7","isMergeCommit":false,"messageTitle":"Make the chatbot echo the user\u0027s inputs","messageBody":"","tags":["Level-1"],"fileTypesAndContributionMap":{"java":{"insertions":17,"deletions":4}}},{"hash":"47c94ac3052aee8f102609e195a4fdab65c45b6a","isMergeCommit":false,"messageTitle":"Add the ability to store and display text","messageBody":"","tags":["Level-2"],"fileTypesAndContributionMap":{"java":{"insertions":15,"deletions":1}}},{"hash":"8c82edde345cf88f710dd117dcfe9ce220232270","isMergeCommit":false,"messageTitle":"Add the ability to mark tasks as done","messageBody":"","tags":["Level-3"],"fileTypesAndContributionMap":{"java":{"insertions":62,"deletions":16}}},{"hash":"3e14b1c0e4172a4609df3c93a2dd4b73db769bee","isMergeCommit":false,"messageTitle":"Add todos","messageBody":"","fileTypesAndContributionMap":{"java":{"insertions":24,"deletions":0}}},{"hash":"1ddac6b0c6d297695e025adaf6a6534e2084ab35","isMergeCommit":false,"messageTitle":"Add deadline tasks","messageBody":"","fileTypesAndContributionMap":{"java":{"insertions":31,"deletions":0}}},{"hash":"8cfeba76a49e34c8b49226cfac77e67d70c233a8","isMergeCommit":false,"messageTitle":"Add events","messageBody":"","tags":["Level-4"],"fileTypesAndContributionMap":{"java":{"insertions":56,"deletions":12}}},{"hash":"6f952531a5969755d0cec9448c426237fa20d3c4","isMergeCommit":false,"messageTitle":"Add automated text UI testing","messageBody":"","tags":["A-TextUiTesting"],"fileTypesAndContributionMap":{"txt":{"insertions":7,"deletions":0},"bat":{"insertions":1,"deletions":1},"sh":{"insertions":1,"deletions":1}}},{"hash":"19320d8aee44cbe16d8cb77607b1eb7bccb9439a","isMergeCommit":false,"messageTitle":"Handle errors","messageBody":"","tags":["Level-5"],"fileTypesAndContributionMap":{"java":{"insertions":77,"deletions":12}}},{"hash":"c235c71e837e97bcedefc8f66c0505aa388fbac9","isMergeCommit":false,"messageTitle":"Replace task array with ArrayList","messageBody":"","fileTypesAndContributionMap":{"java":{"insertions":13,"deletions":16}}},{"hash":"301d434407d9ea8ba1622a01675a4021038b0a76","isMergeCommit":false,"messageTitle":"Add the ability to delete tasks","messageBody":"","tags":["Level-6"],"fileTypesAndContributionMap":{"txt":{"insertions":2,"deletions":0},"java":{"insertions":10,"deletions":0}}},{"hash":"08f02b0646a797d21206630550200dacf722986b","isMergeCommit":false,"messageTitle":"Update name in user guide","messageBody":"","fileTypesAndContributionMap":{"md":{"insertions":1,"deletions":3}}}]},{"date":"2026-01-28T00:00:00","commitResults":[{"hash":"ad96459586ba69ce3273da3887a9f3ff8b9a839e","isMergeCommit":false,"messageTitle":"Add file creation","messageBody":"","fileTypesAndContributionMap":{"java":{"insertions":38,"deletions":1}}},{"hash":"6f24fbcc03e87fe4a38585c6c5645ebdb9fcb331","isMergeCommit":false,"messageTitle":"Add parsing of saved data","messageBody":"","fileTypesAndContributionMap":{"java":{"insertions":16,"deletions":8}}},{"hash":"a53c754239eb23df17690972c89bdd9ec6603a5d","isMergeCommit":false,"messageTitle":"Save tasks to disk when adding tasks","messageBody":"","fileTypesAndContributionMap":{"java":{"insertions":46,"deletions":6}}},{"hash":"54fc34e11d4b4929b7a49962eb729cd50041117f","isMergeCommit":false,"messageTitle":"Update the save file after marking and unmarking","messageBody":"","fileTypesAndContributionMap":{"java":{"insertions":23,"deletions":5}}},{"hash":"e570a44a68d85b04de2281b67736af1f75e29a17","isMergeCommit":true,"messageTitle":"Merge branch \u0027branch-Level-7\u0027","messageBody":"","tags":["Level-7"],"fileTypesAndContributionMap":{}}]}]},"authorFileTypeContributionMap":{"select-e":{"java":353,"md":1,"fxml":0,"sh":1,"bat":1,"gradle":0,"txt":9}},"authorContributionVariance":{"select-e":8248.089},"authorDisplayNameMap":{"select-e":"CS2103T-T12-4 PHUA..ESTE"}}
