[{"path":"src/main/java/CommandType.java","fileType":"java","lines":[{"lineNumber":1,"author":{"gitId":"oofyneril"},"content":"public enum CommandType {","lastModifiedDate":"2026-01-23T09:42:32","isFullCredit":false},{"lineNumber":2,"author":{"gitId":"oofyneril"},"content":"    BYE, LIST, MARK, UNMARK, TODO, DEADLINE, EVENT, DELETE, UNKNOWN;","lastModifiedDate":"2026-01-23T09:42:32","isFullCredit":false},{"lineNumber":3,"author":{"gitId":"oofyneril"},"content":"","lastModifiedDate":"2026-01-23T09:42:32","isFullCredit":false},{"lineNumber":4,"author":{"gitId":"oofyneril"},"content":"    public static CommandType from(String word) {","lastModifiedDate":"2026-01-23T09:42:32","isFullCredit":false},{"lineNumber":5,"author":{"gitId":"oofyneril"},"content":"        if (word \u003d\u003d null) {","lastModifiedDate":"2026-01-23T09:42:32","isFullCredit":false},{"lineNumber":6,"author":{"gitId":"oofyneril"},"content":"            return UNKNOWN;","lastModifiedDate":"2026-01-23T09:42:32","isFullCredit":false},{"lineNumber":7,"author":{"gitId":"oofyneril"},"content":"        }","lastModifiedDate":"2026-01-23T09:42:32","isFullCredit":false},{"lineNumber":8,"author":{"gitId":"oofyneril"},"content":"        switch (word) {","lastModifiedDate":"2026-01-23T09:42:32","isFullCredit":false},{"lineNumber":9,"author":{"gitId":"oofyneril"},"content":"            case \"bye\": return BYE;","lastModifiedDate":"2026-01-23T09:42:32","isFullCredit":false},{"lineNumber":10,"author":{"gitId":"oofyneril"},"content":"            case \"list\": return LIST;","lastModifiedDate":"2026-01-23T09:42:32","isFullCredit":false},{"lineNumber":11,"author":{"gitId":"oofyneril"},"content":"            case \"mark\": return MARK;","lastModifiedDate":"2026-01-23T09:42:32","isFullCredit":false},{"lineNumber":12,"author":{"gitId":"oofyneril"},"content":"            case \"unmark\": return UNMARK;","lastModifiedDate":"2026-01-23T09:42:32","isFullCredit":false},{"lineNumber":13,"author":{"gitId":"oofyneril"},"content":"            case \"todo\": return TODO;","lastModifiedDate":"2026-01-23T09:42:32","isFullCredit":false},{"lineNumber":14,"author":{"gitId":"oofyneril"},"content":"            case \"deadline\": return DEADLINE;","lastModifiedDate":"2026-01-23T09:42:32","isFullCredit":false},{"lineNumber":15,"author":{"gitId":"oofyneril"},"content":"            case \"event\": return EVENT;","lastModifiedDate":"2026-01-23T09:42:32","isFullCredit":false},{"lineNumber":16,"author":{"gitId":"oofyneril"},"content":"            case \"delete\": return DELETE;","lastModifiedDate":"2026-01-23T09:42:32","isFullCredit":false},{"lineNumber":17,"author":{"gitId":"oofyneril"},"content":"            default: return UNKNOWN;","lastModifiedDate":"2026-01-23T09:42:32","isFullCredit":false},{"lineNumber":18,"author":{"gitId":"oofyneril"},"content":"        }","lastModifiedDate":"2026-01-23T09:42:32","isFullCredit":false},{"lineNumber":19,"author":{"gitId":"oofyneril"},"content":"    }","lastModifiedDate":"2026-01-23T09:42:32","isFullCredit":false},{"lineNumber":20,"author":{"gitId":"oofyneril"},"content":"}","lastModifiedDate":"2026-01-23T09:42:32","isFullCredit":false}],"authorContributionMap":{"oofyneril":20}},{"path":"src/main/java/Deadline.java","fileType":"java","lines":[{"lineNumber":1,"author":{"gitId":"oofyneril"},"content":"public class Deadline extends Task {","lastModifiedDate":"2026-01-22T22:30:29","isFullCredit":false},{"lineNumber":2,"author":{"gitId":"oofyneril"},"content":"    private final String by;","lastModifiedDate":"2026-01-22T22:30:29","isFullCredit":false},{"lineNumber":3,"author":{"gitId":"oofyneril"},"content":"","lastModifiedDate":"2026-01-22T22:30:29","isFullCredit":false},{"lineNumber":4,"author":{"gitId":"oofyneril"},"content":"    public Deadline(String description, String by) {","lastModifiedDate":"2026-01-22T22:30:29","isFullCredit":false},{"lineNumber":5,"author":{"gitId":"oofyneril"},"content":"        super(description);","lastModifiedDate":"2026-01-22T22:30:29","isFullCredit":false},{"lineNumber":6,"author":{"gitId":"oofyneril"},"content":"        this.by \u003d by;","lastModifiedDate":"2026-01-22T22:30:29","isFullCredit":false},{"lineNumber":7,"author":{"gitId":"oofyneril"},"content":"    }","lastModifiedDate":"2026-01-22T22:30:29","isFullCredit":false},{"lineNumber":8,"author":{"gitId":"oofyneril"},"content":"","lastModifiedDate":"2026-01-22T22:30:29","isFullCredit":false},{"lineNumber":9,"author":{"gitId":"oofyneril"},"content":"    public String toString() {","lastModifiedDate":"2026-01-22T22:30:29","isFullCredit":false},{"lineNumber":10,"author":{"gitId":"oofyneril"},"content":"        return \"[D]\" + super.toString() + \" (by: \" + this.by + \")\";","lastModifiedDate":"2026-01-22T22:30:29","isFullCredit":false},{"lineNumber":11,"author":{"gitId":"oofyneril"},"content":"    }","lastModifiedDate":"2026-01-22T22:30:29","isFullCredit":false},{"lineNumber":12,"author":{"gitId":"oofyneril"},"content":"}","lastModifiedDate":"2026-01-22T22:30:29","isFullCredit":false}],"authorContributionMap":{"oofyneril":12}},{"path":"src/main/java/Event.java","fileType":"java","lines":[{"lineNumber":1,"author":{"gitId":"oofyneril"},"content":"public class Event extends Task {","lastModifiedDate":"2026-01-22T22:30:29","isFullCredit":false},{"lineNumber":2,"author":{"gitId":"oofyneril"},"content":"    private final String fromTime;","lastModifiedDate":"2026-01-22T22:30:29","isFullCredit":false},{"lineNumber":3,"author":{"gitId":"oofyneril"},"content":"    private final String toTime;","lastModifiedDate":"2026-01-22T22:30:29","isFullCredit":false},{"lineNumber":4,"author":{"gitId":"oofyneril"},"content":"","lastModifiedDate":"2026-01-22T22:30:29","isFullCredit":false},{"lineNumber":5,"author":{"gitId":"oofyneril"},"content":"    public Event(String description, String fromTime, String toTime) {","lastModifiedDate":"2026-01-22T22:30:29","isFullCredit":false},{"lineNumber":6,"author":{"gitId":"oofyneril"},"content":"        super(description);","lastModifiedDate":"2026-01-22T22:30:29","isFullCredit":false},{"lineNumber":7,"author":{"gitId":"oofyneril"},"content":"        this.fromTime \u003d fromTime;","lastModifiedDate":"2026-01-22T22:30:29","isFullCredit":false},{"lineNumber":8,"author":{"gitId":"oofyneril"},"content":"        this.toTime \u003d toTime;","lastModifiedDate":"2026-01-22T22:30:29","isFullCredit":false},{"lineNumber":9,"author":{"gitId":"oofyneril"},"content":"    }","lastModifiedDate":"2026-01-22T22:30:29","isFullCredit":false},{"lineNumber":10,"author":{"gitId":"oofyneril"},"content":"","lastModifiedDate":"2026-01-22T22:30:29","isFullCredit":false},{"lineNumber":11,"author":{"gitId":"oofyneril"},"content":"    public String toString() {","lastModifiedDate":"2026-01-22T22:30:29","isFullCredit":false},{"lineNumber":12,"author":{"gitId":"oofyneril"},"content":"        return \"[E]\" + super.toString() + \" (from: \" + this.fromTime + \" to: \" + this.toTime + \")\";","lastModifiedDate":"2026-01-22T22:37:45","isFullCredit":false},{"lineNumber":13,"author":{"gitId":"oofyneril"},"content":"    }","lastModifiedDate":"2026-01-22T22:30:29","isFullCredit":false},{"lineNumber":14,"author":{"gitId":"oofyneril"},"content":"}","lastModifiedDate":"2026-01-22T22:30:29","isFullCredit":false}],"authorContributionMap":{"oofyneril":14}},{"path":"src/main/java/Peggy.java","fileType":"java","lines":[{"lineNumber":1,"author":{"gitId":"oofyneril"},"content":"import java.util.ArrayList;","lastModifiedDate":"2026-01-22T18:18:00","isFullCredit":false},{"lineNumber":2,"author":{"gitId":"oofyneril"},"content":"import java.util.Scanner;","lastModifiedDate":"2026-01-22T16:36:38","isFullCredit":false},{"lineNumber":3,"author":{"gitId":"oofyneril"},"content":"","lastModifiedDate":"2026-01-22T16:36:38","isFullCredit":false},{"lineNumber":4,"author":{"gitId":"oofyneril"},"content":"public class Peggy {","lastModifiedDate":"2026-01-22T16:36:38","isFullCredit":false},{"lineNumber":5,"author":{"gitId":"oofyneril"},"content":"    private static final String LINE \u003d \"---------------------------------------------\";","lastModifiedDate":"2026-01-22T18:45:52","isFullCredit":false},{"lineNumber":6,"author":{"gitId":"oofyneril"},"content":"","lastModifiedDate":"2026-01-22T18:45:52","isFullCredit":false},{"lineNumber":7,"author":{"gitId":"oofyneril"},"content":"    public static void main(String[] args) {","lastModifiedDate":"2026-01-22T16:36:38","isFullCredit":false},{"lineNumber":8,"author":{"gitId":"oofyneril"},"content":"        ArrayList\u003cTask\u003e tasks \u003d new ArrayList\u003c\u003e();","lastModifiedDate":"2026-01-22T18:45:52","isFullCredit":false},{"lineNumber":9,"author":{"gitId":"oofyneril"},"content":"","lastModifiedDate":"2026-01-22T18:45:52","isFullCredit":false},{"lineNumber":10,"author":{"gitId":"oofyneril"},"content":"        System.out.println(LINE);","lastModifiedDate":"2026-01-22T18:45:52","isFullCredit":false},{"lineNumber":11,"author":{"gitId":"oofyneril"},"content":"        System.out.println(\"Hello! I\u0027m Peggy\");","lastModifiedDate":"2026-01-22T22:30:29","isFullCredit":false},{"lineNumber":12,"author":{"gitId":"oofyneril"},"content":"        System.out.println(\"What can I do for you?\");","lastModifiedDate":"2026-01-22T22:30:29","isFullCredit":false},{"lineNumber":13,"author":{"gitId":"oofyneril"},"content":"        System.out.println(LINE);","lastModifiedDate":"2026-01-22T18:45:52","isFullCredit":false},{"lineNumber":14,"author":{"gitId":"oofyneril"},"content":"","lastModifiedDate":"2026-01-22T18:45:52","isFullCredit":false},{"lineNumber":15,"author":{"gitId":"oofyneril"},"content":"        Scanner sc \u003d new Scanner(System.in);","lastModifiedDate":"2026-01-22T18:45:52","isFullCredit":false},{"lineNumber":16,"author":{"gitId":"oofyneril"},"content":"","lastModifiedDate":"2026-01-22T18:45:52","isFullCredit":false},{"lineNumber":17,"author":{"gitId":"oofyneril"},"content":"        while (true) {","lastModifiedDate":"2026-01-22T18:08:28","isFullCredit":false},{"lineNumber":18,"author":{"gitId":"oofyneril"},"content":"            String input \u003d sc.nextLine().trim();","lastModifiedDate":"2026-01-22T18:45:52","isFullCredit":false},{"lineNumber":19,"author":{"gitId":"oofyneril"},"content":"","lastModifiedDate":"2026-01-22T18:45:52","isFullCredit":false},{"lineNumber":20,"author":{"gitId":"oofyneril"},"content":"            if (input.isBlank()) {","lastModifiedDate":"2026-01-23T09:42:32","isFullCredit":false},{"lineNumber":21,"author":{"gitId":"oofyneril"},"content":"                printError(\"OOPS!!! I don\u0027t know what that means :-(\");","lastModifiedDate":"2026-01-23T09:42:32","isFullCredit":false},{"lineNumber":22,"author":{"gitId":"oofyneril"},"content":"                continue;","lastModifiedDate":"2026-01-23T09:42:32","isFullCredit":false},{"lineNumber":23,"author":{"gitId":"oofyneril"},"content":"            }","lastModifiedDate":"2026-01-23T09:42:32","isFullCredit":false},{"lineNumber":24,"author":{"gitId":"oofyneril"},"content":"","lastModifiedDate":"2026-01-23T09:42:32","isFullCredit":false},{"lineNumber":25,"author":{"gitId":"oofyneril"},"content":"            String[] parts \u003d input.split(\"\\\\s+\", 2);","lastModifiedDate":"2026-01-23T09:42:32","isFullCredit":false},{"lineNumber":26,"author":{"gitId":"oofyneril"},"content":"            String cmdWord \u003d parts[0];","lastModifiedDate":"2026-01-23T09:42:32","isFullCredit":false},{"lineNumber":27,"author":{"gitId":"oofyneril"},"content":"            CommandType cmd \u003d CommandType.from(cmdWord);","lastModifiedDate":"2026-01-23T09:42:32","isFullCredit":false},{"lineNumber":28,"author":{"gitId":"oofyneril"},"content":"","lastModifiedDate":"2026-01-23T09:42:32","isFullCredit":false},{"lineNumber":29,"author":{"gitId":"oofyneril"},"content":"            switch (cmd) {","lastModifiedDate":"2026-01-23T09:42:32","isFullCredit":false},{"lineNumber":30,"author":{"gitId":"oofyneril"},"content":"                case BYE:","lastModifiedDate":"2026-01-23T09:42:32","isFullCredit":false},{"lineNumber":31,"author":{"gitId":"oofyneril"},"content":"                    System.out.println(LINE);","lastModifiedDate":"2026-01-22T18:45:52","isFullCredit":false},{"lineNumber":32,"author":{"gitId":"oofyneril"},"content":"                    System.out.println(\"Bye. Hope to see you again soon!\");","lastModifiedDate":"2026-01-22T17:52:07","isFullCredit":false},{"lineNumber":33,"author":{"gitId":"oofyneril"},"content":"                    System.out.println(LINE);","lastModifiedDate":"2026-01-22T18:45:52","isFullCredit":false},{"lineNumber":34,"author":{"gitId":"oofyneril"},"content":"                    sc.close();","lastModifiedDate":"2026-01-23T09:42:32","isFullCredit":false},{"lineNumber":35,"author":{"gitId":"oofyneril"},"content":"                    return;","lastModifiedDate":"2026-01-23T09:42:32","isFullCredit":false},{"lineNumber":36,"author":{"gitId":"oofyneril"},"content":"","lastModifiedDate":"2026-01-22T18:45:52","isFullCredit":false},{"lineNumber":37,"author":{"gitId":"oofyneril"},"content":"                case LIST:","lastModifiedDate":"2026-01-23T09:42:32","isFullCredit":false},{"lineNumber":38,"author":{"gitId":"oofyneril"},"content":"                    System.out.println(LINE);","lastModifiedDate":"2026-01-22T18:45:52","isFullCredit":false},{"lineNumber":39,"author":{"gitId":"oofyneril"},"content":"                    if (tasks.isEmpty()) {","lastModifiedDate":"2026-01-22T22:30:29","isFullCredit":false},{"lineNumber":40,"author":{"gitId":"oofyneril"},"content":"                        System.out.println(\"Your list is empty.\");","lastModifiedDate":"2026-01-22T22:30:29","isFullCredit":false},{"lineNumber":41,"author":{"gitId":"oofyneril"},"content":"                    } else {","lastModifiedDate":"2026-01-22T22:30:29","isFullCredit":false},{"lineNumber":42,"author":{"gitId":"oofyneril"},"content":"                        System.out.println(\"Here are the tasks in your list:\");","lastModifiedDate":"2026-01-22T18:45:52","isFullCredit":false},{"lineNumber":43,"author":{"gitId":"oofyneril"},"content":"                        for (int i \u003d 0; i \u003c tasks.size(); i++) {","lastModifiedDate":"2026-01-22T18:45:52","isFullCredit":false},{"lineNumber":44,"author":{"gitId":"oofyneril"},"content":"                            System.out.println((i + 1) + \". \" + tasks.get(i));","lastModifiedDate":"2026-01-22T22:30:29","isFullCredit":false},{"lineNumber":45,"author":{"gitId":"oofyneril"},"content":"                        }","lastModifiedDate":"2026-01-22T22:30:29","isFullCredit":false},{"lineNumber":46,"author":{"gitId":"oofyneril"},"content":"                    }","lastModifiedDate":"2026-01-22T18:45:52","isFullCredit":false},{"lineNumber":47,"author":{"gitId":"oofyneril"},"content":"                    System.out.println(LINE);","lastModifiedDate":"2026-01-22T18:45:52","isFullCredit":false},{"lineNumber":48,"author":{"gitId":"oofyneril"},"content":"                    break;","lastModifiedDate":"2026-01-23T09:42:32","isFullCredit":false},{"lineNumber":49,"author":{"gitId":"oofyneril"},"content":"","lastModifiedDate":"2026-01-22T18:45:52","isFullCredit":false},{"lineNumber":50,"author":{"gitId":"oofyneril"},"content":"                case MARK:","lastModifiedDate":"2026-01-23T09:42:32","isFullCredit":false},{"lineNumber":51,"author":{"gitId":"oofyneril"},"content":"                    try {","lastModifiedDate":"2026-01-22T18:45:52","isFullCredit":false},{"lineNumber":52,"author":{"gitId":"oofyneril"},"content":"                        int idx \u003d parseIndex(input, tasks.size(), \"mark\");","lastModifiedDate":"2026-01-23T09:42:32","isFullCredit":false},{"lineNumber":53,"author":{"gitId":"oofyneril"},"content":"                        Task t \u003d tasks.get(idx);","lastModifiedDate":"2026-01-22T18:45:52","isFullCredit":false},{"lineNumber":54,"author":{"gitId":"oofyneril"},"content":"                        t.markAsDone();","lastModifiedDate":"2026-01-22T18:45:52","isFullCredit":false},{"lineNumber":55,"author":{"gitId":"oofyneril"},"content":"","lastModifiedDate":"2026-01-22T18:45:52","isFullCredit":false},{"lineNumber":56,"author":{"gitId":"oofyneril"},"content":"                        System.out.println(LINE);","lastModifiedDate":"2026-01-22T18:45:52","isFullCredit":false},{"lineNumber":57,"author":{"gitId":"oofyneril"},"content":"                        System.out.println(\"Nice! I\u0027ve marked this task as done:\");","lastModifiedDate":"2026-01-22T18:45:52","isFullCredit":false},{"lineNumber":58,"author":{"gitId":"oofyneril"},"content":"                        System.out.println(\"  \" + t);","lastModifiedDate":"2026-01-22T22:30:29","isFullCredit":false},{"lineNumber":59,"author":{"gitId":"oofyneril"},"content":"                        System.out.println(LINE);","lastModifiedDate":"2026-01-22T18:45:52","isFullCredit":false},{"lineNumber":60,"author":{"gitId":"oofyneril"},"content":"                    } catch (IllegalArgumentException e) {","lastModifiedDate":"2026-01-22T22:30:29","isFullCredit":false},{"lineNumber":61,"author":{"gitId":"oofyneril"},"content":"                        printError(e.getMessage());","lastModifiedDate":"2026-01-22T22:30:29","isFullCredit":false},{"lineNumber":62,"author":{"gitId":"oofyneril"},"content":"                    } catch (Exception e) {","lastModifiedDate":"2026-01-22T18:45:52","isFullCredit":false},{"lineNumber":63,"author":{"gitId":"oofyneril"},"content":"                        printError(\"Please give a valid task number, e.g. mark 2\");","lastModifiedDate":"2026-01-22T22:30:29","isFullCredit":false},{"lineNumber":64,"author":{"gitId":"oofyneril"},"content":"                    }","lastModifiedDate":"2026-01-22T18:08:28","isFullCredit":false},{"lineNumber":65,"author":{"gitId":"oofyneril"},"content":"                    break;","lastModifiedDate":"2026-01-23T09:42:32","isFullCredit":false},{"lineNumber":66,"author":{"gitId":"oofyneril"},"content":"","lastModifiedDate":"2026-01-22T18:45:52","isFullCredit":false},{"lineNumber":67,"author":{"gitId":"oofyneril"},"content":"                case UNMARK:","lastModifiedDate":"2026-01-23T09:42:32","isFullCredit":false},{"lineNumber":68,"author":{"gitId":"oofyneril"},"content":"                    try {","lastModifiedDate":"2026-01-22T18:45:52","isFullCredit":false},{"lineNumber":69,"author":{"gitId":"oofyneril"},"content":"                        int idx \u003d parseIndex(input, tasks.size(), \"unmark\");","lastModifiedDate":"2026-01-23T09:42:32","isFullCredit":false},{"lineNumber":70,"author":{"gitId":"oofyneril"},"content":"                        Task t \u003d tasks.get(idx);","lastModifiedDate":"2026-01-22T18:45:52","isFullCredit":false},{"lineNumber":71,"author":{"gitId":"oofyneril"},"content":"                        t.markAsNotDone();","lastModifiedDate":"2026-01-22T18:45:52","isFullCredit":false},{"lineNumber":72,"author":{"gitId":"oofyneril"},"content":"","lastModifiedDate":"2026-01-22T18:45:52","isFullCredit":false},{"lineNumber":73,"author":{"gitId":"oofyneril"},"content":"                        System.out.println(LINE);","lastModifiedDate":"2026-01-22T18:45:52","isFullCredit":false},{"lineNumber":74,"author":{"gitId":"oofyneril"},"content":"                        System.out.println(\"OK, I\u0027ve marked this task as not done yet:\");","lastModifiedDate":"2026-01-22T18:45:52","isFullCredit":false},{"lineNumber":75,"author":{"gitId":"oofyneril"},"content":"                        System.out.println(\"  \" + t);","lastModifiedDate":"2026-01-22T22:30:29","isFullCredit":false},{"lineNumber":76,"author":{"gitId":"oofyneril"},"content":"                        System.out.println(LINE);","lastModifiedDate":"2026-01-22T18:45:52","isFullCredit":false},{"lineNumber":77,"author":{"gitId":"oofyneril"},"content":"                    } catch (IllegalArgumentException e) {","lastModifiedDate":"2026-01-22T22:30:29","isFullCredit":false},{"lineNumber":78,"author":{"gitId":"oofyneril"},"content":"                        printError(e.getMessage());","lastModifiedDate":"2026-01-22T22:30:29","isFullCredit":false},{"lineNumber":79,"author":{"gitId":"oofyneril"},"content":"                    } catch (Exception e) {","lastModifiedDate":"2026-01-22T18:45:52","isFullCredit":false},{"lineNumber":80,"author":{"gitId":"oofyneril"},"content":"                        printError(\"Please give a valid task number, e.g. unmark 2\");","lastModifiedDate":"2026-01-22T22:30:29","isFullCredit":false},{"lineNumber":81,"author":{"gitId":"oofyneril"},"content":"                    }","lastModifiedDate":"2026-01-22T18:45:52","isFullCredit":false},{"lineNumber":82,"author":{"gitId":"oofyneril"},"content":"                    break;","lastModifiedDate":"2026-01-23T09:42:32","isFullCredit":false},{"lineNumber":83,"author":{"gitId":"oofyneril"},"content":"","lastModifiedDate":"2026-01-23T09:42:32","isFullCredit":false},{"lineNumber":84,"author":{"gitId":"oofyneril"},"content":"                case DELETE:","lastModifiedDate":"2026-01-23T09:42:32","isFullCredit":false},{"lineNumber":85,"author":{"gitId":"oofyneril"},"content":"                    try {","lastModifiedDate":"2026-01-23T09:42:32","isFullCredit":false},{"lineNumber":86,"author":{"gitId":"oofyneril"},"content":"                        int idx \u003d parseIndex(input, tasks.size(), \"delete\");","lastModifiedDate":"2026-01-23T09:42:32","isFullCredit":false},{"lineNumber":87,"author":{"gitId":"oofyneril"},"content":"                        Task t \u003d tasks.get(idx);","lastModifiedDate":"2026-01-23T09:42:32","isFullCredit":false},{"lineNumber":88,"author":{"gitId":"oofyneril"},"content":"                        tasks.remove(idx);","lastModifiedDate":"2026-01-23T09:42:32","isFullCredit":false},{"lineNumber":89,"author":{"gitId":"oofyneril"},"content":"                        printDeleted(t, tasks.size());","lastModifiedDate":"2026-01-23T09:42:32","isFullCredit":false},{"lineNumber":90,"author":{"gitId":"oofyneril"},"content":"                    } catch (IllegalArgumentException e) {","lastModifiedDate":"2026-01-23T09:42:32","isFullCredit":false},{"lineNumber":91,"author":{"gitId":"oofyneril"},"content":"                        printError(e.getMessage());","lastModifiedDate":"2026-01-23T09:42:32","isFullCredit":false},{"lineNumber":92,"author":{"gitId":"oofyneril"},"content":"                    } catch (Exception e) {","lastModifiedDate":"2026-01-23T09:42:32","isFullCredit":false},{"lineNumber":93,"author":{"gitId":"oofyneril"},"content":"                        printError(\"Please give a valid task number, e.g. delete 2\");","lastModifiedDate":"2026-01-23T09:42:32","isFullCredit":false},{"lineNumber":94,"author":{"gitId":"oofyneril"},"content":"                    }","lastModifiedDate":"2026-01-22T22:13:33","isFullCredit":false},{"lineNumber":95,"author":{"gitId":"oofyneril"},"content":"                    break;","lastModifiedDate":"2026-01-23T09:42:32","isFullCredit":false},{"lineNumber":96,"author":{"gitId":"oofyneril"},"content":"","lastModifiedDate":"2026-01-22T22:20:15","isFullCredit":false},{"lineNumber":97,"author":{"gitId":"oofyneril"},"content":"                case TODO:","lastModifiedDate":"2026-01-23T09:42:32","isFullCredit":false},{"lineNumber":98,"author":{"gitId":"oofyneril"},"content":"                    try {","lastModifiedDate":"2026-01-22T22:30:29","isFullCredit":false},{"lineNumber":99,"author":{"gitId":"oofyneril"},"content":"                        String desc \u003d parseTodoDesc(input);","lastModifiedDate":"2026-01-22T22:30:29","isFullCredit":false},{"lineNumber":100,"author":{"gitId":"oofyneril"},"content":"                        Task t \u003d new ToDo(desc);","lastModifiedDate":"2026-01-22T22:30:29","isFullCredit":false},{"lineNumber":101,"author":{"gitId":"oofyneril"},"content":"                        tasks.add(t);","lastModifiedDate":"2026-01-22T22:20:15","isFullCredit":false},{"lineNumber":102,"author":{"gitId":"oofyneril"},"content":"                        printAdded(t, tasks.size());","lastModifiedDate":"2026-01-22T22:30:29","isFullCredit":false},{"lineNumber":103,"author":{"gitId":"oofyneril"},"content":"                    } catch (IllegalArgumentException e) {","lastModifiedDate":"2026-01-22T22:30:29","isFullCredit":false},{"lineNumber":104,"author":{"gitId":"oofyneril"},"content":"                        printError(e.getMessage());","lastModifiedDate":"2026-01-22T22:30:29","isFullCredit":false},{"lineNumber":105,"author":{"gitId":"oofyneril"},"content":"                    }","lastModifiedDate":"2026-01-22T22:30:29","isFullCredit":false},{"lineNumber":106,"author":{"gitId":"oofyneril"},"content":"                    break;","lastModifiedDate":"2026-01-23T09:42:32","isFullCredit":false},{"lineNumber":107,"author":{"gitId":"oofyneril"},"content":"","lastModifiedDate":"2026-01-22T22:20:15","isFullCredit":false},{"lineNumber":108,"author":{"gitId":"oofyneril"},"content":"                case DEADLINE:","lastModifiedDate":"2026-01-23T09:42:32","isFullCredit":false},{"lineNumber":109,"author":{"gitId":"oofyneril"},"content":"                    try {","lastModifiedDate":"2026-01-22T22:30:29","isFullCredit":false},{"lineNumber":110,"author":{"gitId":"oofyneril"},"content":"                        String[] dl \u003d parseDeadline(input);","lastModifiedDate":"2026-01-23T09:42:32","isFullCredit":false},{"lineNumber":111,"author":{"gitId":"oofyneril"},"content":"                        Task t \u003d new Deadline(dl[0], dl[1]);","lastModifiedDate":"2026-01-22T22:30:29","isFullCredit":false},{"lineNumber":112,"author":{"gitId":"oofyneril"},"content":"                        tasks.add(t);","lastModifiedDate":"2026-01-22T22:30:29","isFullCredit":false},{"lineNumber":113,"author":{"gitId":"oofyneril"},"content":"                        printAdded(t, tasks.size());","lastModifiedDate":"2026-01-22T22:30:29","isFullCredit":false},{"lineNumber":114,"author":{"gitId":"oofyneril"},"content":"                    } catch (IllegalArgumentException e) {","lastModifiedDate":"2026-01-22T22:30:29","isFullCredit":false},{"lineNumber":115,"author":{"gitId":"oofyneril"},"content":"                        printError(e.getMessage());","lastModifiedDate":"2026-01-22T22:30:29","isFullCredit":false},{"lineNumber":116,"author":{"gitId":"oofyneril"},"content":"                    }","lastModifiedDate":"2026-01-22T22:30:29","isFullCredit":false},{"lineNumber":117,"author":{"gitId":"oofyneril"},"content":"                    break;","lastModifiedDate":"2026-01-23T09:42:32","isFullCredit":false},{"lineNumber":118,"author":{"gitId":"oofyneril"},"content":"","lastModifiedDate":"2026-01-22T22:30:29","isFullCredit":false},{"lineNumber":119,"author":{"gitId":"oofyneril"},"content":"                case EVENT:","lastModifiedDate":"2026-01-23T09:42:32","isFullCredit":false},{"lineNumber":120,"author":{"gitId":"oofyneril"},"content":"                    try {","lastModifiedDate":"2026-01-22T22:30:29","isFullCredit":false},{"lineNumber":121,"author":{"gitId":"oofyneril"},"content":"                        String[] ev \u003d parseEvent(input);","lastModifiedDate":"2026-01-23T09:42:32","isFullCredit":false},{"lineNumber":122,"author":{"gitId":"oofyneril"},"content":"                        Task t \u003d new Event(ev[0], ev[1], ev[2]);","lastModifiedDate":"2026-01-22T22:30:29","isFullCredit":false},{"lineNumber":123,"author":{"gitId":"oofyneril"},"content":"                        tasks.add(t);","lastModifiedDate":"2026-01-22T22:30:29","isFullCredit":false},{"lineNumber":124,"author":{"gitId":"oofyneril"},"content":"                        printAdded(t, tasks.size());","lastModifiedDate":"2026-01-22T22:30:29","isFullCredit":false},{"lineNumber":125,"author":{"gitId":"oofyneril"},"content":"                    } catch (IllegalArgumentException e) {","lastModifiedDate":"2026-01-22T22:30:29","isFullCredit":false},{"lineNumber":126,"author":{"gitId":"oofyneril"},"content":"                        printError(e.getMessage());","lastModifiedDate":"2026-01-22T22:30:29","isFullCredit":false},{"lineNumber":127,"author":{"gitId":"oofyneril"},"content":"                    }","lastModifiedDate":"2026-01-22T22:30:29","isFullCredit":false},{"lineNumber":128,"author":{"gitId":"oofyneril"},"content":"                    break;","lastModifiedDate":"2026-01-23T09:42:32","isFullCredit":false},{"lineNumber":129,"author":{"gitId":"oofyneril"},"content":"","lastModifiedDate":"2026-01-22T23:20:18","isFullCredit":false},{"lineNumber":130,"author":{"gitId":"oofyneril"},"content":"                default:","lastModifiedDate":"2026-01-23T09:42:32","isFullCredit":false},{"lineNumber":131,"author":{"gitId":"oofyneril"},"content":"                    printError(\"OOPS!!! I don\u0027t know what that means :-(\");","lastModifiedDate":"2026-01-22T22:50:24","isFullCredit":false},{"lineNumber":132,"author":{"gitId":"oofyneril"},"content":"                    break;","lastModifiedDate":"2026-01-23T09:42:32","isFullCredit":false},{"lineNumber":133,"author":{"gitId":"oofyneril"},"content":"            }","lastModifiedDate":"2026-01-23T09:42:32","isFullCredit":false},{"lineNumber":134,"author":{"gitId":"oofyneril"},"content":"        }","lastModifiedDate":"2026-01-22T18:45:52","isFullCredit":false},{"lineNumber":135,"author":{"gitId":"oofyneril"},"content":"    }","lastModifiedDate":"2026-01-22T18:08:28","isFullCredit":false},{"lineNumber":136,"author":{"gitId":"oofyneril"},"content":"","lastModifiedDate":"2026-01-22T22:30:29","isFullCredit":false},{"lineNumber":137,"author":{"gitId":"oofyneril"},"content":"    // ---------------- Helpers ----------------","lastModifiedDate":"2026-01-22T22:30:29","isFullCredit":false},{"lineNumber":138,"author":{"gitId":"oofyneril"},"content":"","lastModifiedDate":"2026-01-22T22:30:29","isFullCredit":false},{"lineNumber":139,"author":{"gitId":"oofyneril"},"content":"    private static int parseIndex(String input, int size, String cmd) {","lastModifiedDate":"2026-01-22T23:20:18","isFullCredit":false},{"lineNumber":140,"author":{"gitId":"oofyneril"},"content":"        String[] parts \u003d input.trim().split(\"\\\\s+\");","lastModifiedDate":"2026-01-22T22:30:29","isFullCredit":false},{"lineNumber":141,"author":{"gitId":"oofyneril"},"content":"        if (parts.length \u003c 2 || parts[1].isBlank()) {","lastModifiedDate":"2026-01-22T22:30:29","isFullCredit":false},{"lineNumber":142,"author":{"gitId":"oofyneril"},"content":"            throw new IllegalArgumentException(\"Please give a task number, e.g. \" + cmd + \" 2\");","lastModifiedDate":"2026-01-22T23:20:18","isFullCredit":false},{"lineNumber":143,"author":{"gitId":"oofyneril"},"content":"        }","lastModifiedDate":"2026-01-22T22:30:29","isFullCredit":false},{"lineNumber":144,"author":{"gitId":"oofyneril"},"content":"        int idx \u003d Integer.parseInt(parts[1]) - 1;","lastModifiedDate":"2026-01-22T22:30:29","isFullCredit":false},{"lineNumber":145,"author":{"gitId":"oofyneril"},"content":"        if (idx \u003c 0 || idx \u003e\u003d size) {","lastModifiedDate":"2026-01-22T22:30:29","isFullCredit":false},{"lineNumber":146,"author":{"gitId":"oofyneril"},"content":"            throw new IllegalArgumentException(\"Task number out of range.\");","lastModifiedDate":"2026-01-22T22:30:29","isFullCredit":false},{"lineNumber":147,"author":{"gitId":"oofyneril"},"content":"        }","lastModifiedDate":"2026-01-22T22:30:29","isFullCredit":false},{"lineNumber":148,"author":{"gitId":"oofyneril"},"content":"        return idx;","lastModifiedDate":"2026-01-22T22:30:29","isFullCredit":false},{"lineNumber":149,"author":{"gitId":"oofyneril"},"content":"    }","lastModifiedDate":"2026-01-22T22:30:29","isFullCredit":false},{"lineNumber":150,"author":{"gitId":"oofyneril"},"content":"","lastModifiedDate":"2026-01-22T22:30:29","isFullCredit":false},{"lineNumber":151,"author":{"gitId":"oofyneril"},"content":"    private static String parseTodoDesc(String input) {","lastModifiedDate":"2026-01-22T22:30:29","isFullCredit":false},{"lineNumber":152,"author":{"gitId":"oofyneril"},"content":"        String[] parts \u003d input.split(\" \", 2);","lastModifiedDate":"2026-01-22T22:30:29","isFullCredit":false},{"lineNumber":153,"author":{"gitId":"oofyneril"},"content":"        if (parts.length \u003c 2 || parts[1].isBlank()) {","lastModifiedDate":"2026-01-22T22:30:29","isFullCredit":false},{"lineNumber":154,"author":{"gitId":"oofyneril"},"content":"            throw new IllegalArgumentException(\"OOPS!!! The description of a todo cannot be empty.\");","lastModifiedDate":"2026-01-22T22:50:24","isFullCredit":false},{"lineNumber":155,"author":{"gitId":"oofyneril"},"content":"        }","lastModifiedDate":"2026-01-22T22:30:29","isFullCredit":false},{"lineNumber":156,"author":{"gitId":"oofyneril"},"content":"        return parts[1].trim();","lastModifiedDate":"2026-01-22T22:30:29","isFullCredit":false},{"lineNumber":157,"author":{"gitId":"oofyneril"},"content":"    }","lastModifiedDate":"2026-01-22T22:30:29","isFullCredit":false},{"lineNumber":158,"author":{"gitId":"oofyneril"},"content":"","lastModifiedDate":"2026-01-22T22:30:29","isFullCredit":false},{"lineNumber":159,"author":{"gitId":"oofyneril"},"content":"    private static String[] parseDeadline(String input) {","lastModifiedDate":"2026-01-22T22:30:29","isFullCredit":false},{"lineNumber":160,"author":{"gitId":"oofyneril"},"content":"        String rest \u003d input.substring(\"deadline\".length()).trim();","lastModifiedDate":"2026-01-22T22:30:29","isFullCredit":false},{"lineNumber":161,"author":{"gitId":"oofyneril"},"content":"        String[] parts \u003d rest.split(\" /by \", 2);","lastModifiedDate":"2026-01-22T22:30:29","isFullCredit":false},{"lineNumber":162,"author":{"gitId":"oofyneril"},"content":"","lastModifiedDate":"2026-01-22T22:30:29","isFullCredit":false},{"lineNumber":163,"author":{"gitId":"oofyneril"},"content":"        if (parts.length \u003c 2) {","lastModifiedDate":"2026-01-22T22:30:29","isFullCredit":false},{"lineNumber":164,"author":{"gitId":"oofyneril"},"content":"            throw new IllegalArgumentException(\"Deadline format: deadline \u003cdesc\u003e /by \u003cwhen\u003e\");","lastModifiedDate":"2026-01-22T22:30:29","isFullCredit":false},{"lineNumber":165,"author":{"gitId":"oofyneril"},"content":"        }","lastModifiedDate":"2026-01-22T22:30:29","isFullCredit":false},{"lineNumber":166,"author":{"gitId":"oofyneril"},"content":"","lastModifiedDate":"2026-01-22T22:30:29","isFullCredit":false},{"lineNumber":167,"author":{"gitId":"oofyneril"},"content":"        String desc \u003d parts[0].trim();","lastModifiedDate":"2026-01-22T22:30:29","isFullCredit":false},{"lineNumber":168,"author":{"gitId":"oofyneril"},"content":"        String by \u003d parts[1].trim();","lastModifiedDate":"2026-01-22T22:30:29","isFullCredit":false},{"lineNumber":169,"author":{"gitId":"oofyneril"},"content":"","lastModifiedDate":"2026-01-22T22:30:29","isFullCredit":false},{"lineNumber":170,"author":{"gitId":"oofyneril"},"content":"        if (desc.isBlank()) {","lastModifiedDate":"2026-01-22T22:30:29","isFullCredit":false},{"lineNumber":171,"author":{"gitId":"oofyneril"},"content":"            throw new IllegalArgumentException(\"OOPS!!! The description of a deadline cannot be empty.\");","lastModifiedDate":"2026-01-22T22:50:24","isFullCredit":false},{"lineNumber":172,"author":{"gitId":"oofyneril"},"content":"        }","lastModifiedDate":"2026-01-22T22:30:29","isFullCredit":false},{"lineNumber":173,"author":{"gitId":"oofyneril"},"content":"        if (by.isBlank()) {","lastModifiedDate":"2026-01-22T22:30:29","isFullCredit":false},{"lineNumber":174,"author":{"gitId":"oofyneril"},"content":"            throw new IllegalArgumentException(\"OOPS!!! The date of a deadline cannot be empty.\");","lastModifiedDate":"2026-01-22T22:50:24","isFullCredit":false},{"lineNumber":175,"author":{"gitId":"oofyneril"},"content":"        }","lastModifiedDate":"2026-01-22T22:30:29","isFullCredit":false},{"lineNumber":176,"author":{"gitId":"oofyneril"},"content":"","lastModifiedDate":"2026-01-22T22:30:29","isFullCredit":false},{"lineNumber":177,"author":{"gitId":"oofyneril"},"content":"        return new String[] { desc, by };","lastModifiedDate":"2026-01-22T22:30:29","isFullCredit":false},{"lineNumber":178,"author":{"gitId":"oofyneril"},"content":"    }","lastModifiedDate":"2026-01-22T22:30:29","isFullCredit":false},{"lineNumber":179,"author":{"gitId":"oofyneril"},"content":"","lastModifiedDate":"2026-01-22T22:30:29","isFullCredit":false},{"lineNumber":180,"author":{"gitId":"oofyneril"},"content":"    private static String[] parseEvent(String input) {","lastModifiedDate":"2026-01-22T22:30:29","isFullCredit":false},{"lineNumber":181,"author":{"gitId":"oofyneril"},"content":"        String rest \u003d input.substring(\"event\".length()).trim();","lastModifiedDate":"2026-01-22T22:30:29","isFullCredit":false},{"lineNumber":182,"author":{"gitId":"oofyneril"},"content":"","lastModifiedDate":"2026-01-22T22:30:29","isFullCredit":false},{"lineNumber":183,"author":{"gitId":"oofyneril"},"content":"        String[] p1 \u003d rest.split(\" /from \", 2);","lastModifiedDate":"2026-01-22T22:30:29","isFullCredit":false},{"lineNumber":184,"author":{"gitId":"oofyneril"},"content":"        if (p1.length \u003c 2) {","lastModifiedDate":"2026-01-22T22:30:29","isFullCredit":false},{"lineNumber":185,"author":{"gitId":"oofyneril"},"content":"            throw new IllegalArgumentException(\"Event format: event \u003cdesc\u003e /from \u003cstart\u003e /to \u003cend\u003e\");","lastModifiedDate":"2026-01-22T22:30:29","isFullCredit":false},{"lineNumber":186,"author":{"gitId":"oofyneril"},"content":"        }","lastModifiedDate":"2026-01-22T22:30:29","isFullCredit":false},{"lineNumber":187,"author":{"gitId":"oofyneril"},"content":"","lastModifiedDate":"2026-01-22T22:30:29","isFullCredit":false},{"lineNumber":188,"author":{"gitId":"oofyneril"},"content":"        String desc \u003d p1[0].trim();","lastModifiedDate":"2026-01-22T22:30:29","isFullCredit":false},{"lineNumber":189,"author":{"gitId":"oofyneril"},"content":"","lastModifiedDate":"2026-01-22T22:30:29","isFullCredit":false},{"lineNumber":190,"author":{"gitId":"oofyneril"},"content":"        String[] p2 \u003d p1[1].split(\" /to \", 2);","lastModifiedDate":"2026-01-22T22:30:29","isFullCredit":false},{"lineNumber":191,"author":{"gitId":"oofyneril"},"content":"        if (p2.length \u003c 2) {","lastModifiedDate":"2026-01-22T22:30:29","isFullCredit":false},{"lineNumber":192,"author":{"gitId":"oofyneril"},"content":"            throw new IllegalArgumentException(\"Event format: event \u003cdesc\u003e /from \u003cstart\u003e /to \u003cend\u003e\");","lastModifiedDate":"2026-01-22T22:30:29","isFullCredit":false},{"lineNumber":193,"author":{"gitId":"oofyneril"},"content":"        }","lastModifiedDate":"2026-01-22T22:30:29","isFullCredit":false},{"lineNumber":194,"author":{"gitId":"oofyneril"},"content":"","lastModifiedDate":"2026-01-22T22:30:29","isFullCredit":false},{"lineNumber":195,"author":{"gitId":"oofyneril"},"content":"        String from \u003d p2[0].trim();","lastModifiedDate":"2026-01-22T22:30:29","isFullCredit":false},{"lineNumber":196,"author":{"gitId":"oofyneril"},"content":"        String to \u003d p2[1].trim();","lastModifiedDate":"2026-01-22T22:30:29","isFullCredit":false},{"lineNumber":197,"author":{"gitId":"oofyneril"},"content":"","lastModifiedDate":"2026-01-22T22:30:29","isFullCredit":false},{"lineNumber":198,"author":{"gitId":"oofyneril"},"content":"        if (desc.isBlank()) throw new IllegalArgumentException(\"OOPS!!! The description of a event cannot be empty.\");","lastModifiedDate":"2026-01-22T22:50:24","isFullCredit":false},{"lineNumber":199,"author":{"gitId":"oofyneril"},"content":"        if (from.isBlank()) throw new IllegalArgumentException(\"OOPS!!! The \u0027from time\u0027 of a event cannot be empty.\");","lastModifiedDate":"2026-01-22T22:50:24","isFullCredit":false},{"lineNumber":200,"author":{"gitId":"oofyneril"},"content":"        if (to.isBlank()) throw new IllegalArgumentException(\"OOPS!!! The \u0027to time\u0027 of a event cannot be empty.\");","lastModifiedDate":"2026-01-22T22:50:24","isFullCredit":false},{"lineNumber":201,"author":{"gitId":"oofyneril"},"content":"","lastModifiedDate":"2026-01-22T22:30:29","isFullCredit":false},{"lineNumber":202,"author":{"gitId":"oofyneril"},"content":"        return new String[] { desc, from, to };","lastModifiedDate":"2026-01-22T22:30:29","isFullCredit":false},{"lineNumber":203,"author":{"gitId":"oofyneril"},"content":"    }","lastModifiedDate":"2026-01-22T22:30:29","isFullCredit":false},{"lineNumber":204,"author":{"gitId":"oofyneril"},"content":"","lastModifiedDate":"2026-01-22T22:30:29","isFullCredit":false},{"lineNumber":205,"author":{"gitId":"oofyneril"},"content":"    private static void printAdded(Task t, int size) {","lastModifiedDate":"2026-01-22T22:30:29","isFullCredit":false},{"lineNumber":206,"author":{"gitId":"oofyneril"},"content":"        System.out.println(LINE);","lastModifiedDate":"2026-01-22T22:30:29","isFullCredit":false},{"lineNumber":207,"author":{"gitId":"oofyneril"},"content":"        System.out.println(\"Got it. I\u0027ve added this task:\");","lastModifiedDate":"2026-01-22T22:30:29","isFullCredit":false},{"lineNumber":208,"author":{"gitId":"oofyneril"},"content":"        System.out.println(\"  \" + t);","lastModifiedDate":"2026-01-22T22:30:29","isFullCredit":false},{"lineNumber":209,"author":{"gitId":"oofyneril"},"content":"        System.out.println(\"Now you have \" + size + \" tasks in the list.\");","lastModifiedDate":"2026-01-22T22:30:29","isFullCredit":false},{"lineNumber":210,"author":{"gitId":"oofyneril"},"content":"        System.out.println(LINE);","lastModifiedDate":"2026-01-22T22:30:29","isFullCredit":false},{"lineNumber":211,"author":{"gitId":"oofyneril"},"content":"    }","lastModifiedDate":"2026-01-22T22:30:29","isFullCredit":false},{"lineNumber":212,"author":{"gitId":"oofyneril"},"content":"","lastModifiedDate":"2026-01-22T22:30:29","isFullCredit":false},{"lineNumber":213,"author":{"gitId":"oofyneril"},"content":"    private static void printDeleted(Task t, int size) {","lastModifiedDate":"2026-01-22T23:20:18","isFullCredit":false},{"lineNumber":214,"author":{"gitId":"oofyneril"},"content":"        System.out.println(LINE);","lastModifiedDate":"2026-01-22T23:20:18","isFullCredit":false},{"lineNumber":215,"author":{"gitId":"oofyneril"},"content":"        System.out.println(\"Noted. I\u0027ve removed this task:\");","lastModifiedDate":"2026-01-22T23:20:18","isFullCredit":false},{"lineNumber":216,"author":{"gitId":"oofyneril"},"content":"        System.out.println(\"  \" + t);","lastModifiedDate":"2026-01-22T23:20:18","isFullCredit":false},{"lineNumber":217,"author":{"gitId":"oofyneril"},"content":"        System.out.println(\"Now you have \" + size + \" tasks in the list.\");","lastModifiedDate":"2026-01-22T23:20:18","isFullCredit":false},{"lineNumber":218,"author":{"gitId":"oofyneril"},"content":"        System.out.println(LINE);","lastModifiedDate":"2026-01-22T23:20:18","isFullCredit":false},{"lineNumber":219,"author":{"gitId":"oofyneril"},"content":"    }","lastModifiedDate":"2026-01-22T23:20:18","isFullCredit":false},{"lineNumber":220,"author":{"gitId":"oofyneril"},"content":"","lastModifiedDate":"2026-01-22T23:20:18","isFullCredit":false},{"lineNumber":221,"author":{"gitId":"oofyneril"},"content":"    private static void printError(String msg) {","lastModifiedDate":"2026-01-22T22:30:29","isFullCredit":false},{"lineNumber":222,"author":{"gitId":"oofyneril"},"content":"        System.out.println(LINE);","lastModifiedDate":"2026-01-22T22:30:29","isFullCredit":false},{"lineNumber":223,"author":{"gitId":"oofyneril"},"content":"        System.out.println(msg);","lastModifiedDate":"2026-01-22T22:30:29","isFullCredit":false},{"lineNumber":224,"author":{"gitId":"oofyneril"},"content":"        System.out.println(LINE);","lastModifiedDate":"2026-01-22T22:30:29","isFullCredit":false},{"lineNumber":225,"author":{"gitId":"oofyneril"},"content":"    }","lastModifiedDate":"2026-01-22T16:36:38","isFullCredit":false},{"lineNumber":226,"author":{"gitId":"oofyneril"},"content":"}","lastModifiedDate":"2026-01-22T16:36:38","isFullCredit":false}],"authorContributionMap":{"oofyneril":226}},{"path":"src/main/java/Task.java","fileType":"java","lines":[{"lineNumber":1,"author":{"gitId":"oofyneril"},"content":"public class Task {","lastModifiedDate":"2026-01-22T18:45:52","isFullCredit":false},{"lineNumber":2,"author":{"gitId":"oofyneril"},"content":"    private final String description;","lastModifiedDate":"2026-01-22T18:45:52","isFullCredit":false},{"lineNumber":3,"author":{"gitId":"oofyneril"},"content":"    private boolean isDone;","lastModifiedDate":"2026-01-22T18:45:52","isFullCredit":false},{"lineNumber":4,"author":{"gitId":"oofyneril"},"content":"","lastModifiedDate":"2026-01-22T18:45:52","isFullCredit":false},{"lineNumber":5,"author":{"gitId":"oofyneril"},"content":"    public Task(String description) {","lastModifiedDate":"2026-01-22T18:45:52","isFullCredit":false},{"lineNumber":6,"author":{"gitId":"oofyneril"},"content":"        this.description \u003d description;","lastModifiedDate":"2026-01-22T18:45:52","isFullCredit":false},{"lineNumber":7,"author":{"gitId":"oofyneril"},"content":"        this.isDone \u003d false;","lastModifiedDate":"2026-01-22T18:45:52","isFullCredit":false},{"lineNumber":8,"author":{"gitId":"oofyneril"},"content":"    }","lastModifiedDate":"2026-01-22T18:45:52","isFullCredit":false},{"lineNumber":9,"author":{"gitId":"oofyneril"},"content":"","lastModifiedDate":"2026-01-22T18:45:52","isFullCredit":false},{"lineNumber":10,"author":{"gitId":"oofyneril"},"content":"    public void markAsDone() {","lastModifiedDate":"2026-01-22T18:45:52","isFullCredit":false},{"lineNumber":11,"author":{"gitId":"oofyneril"},"content":"        this.isDone \u003d true;","lastModifiedDate":"2026-01-22T18:45:52","isFullCredit":false},{"lineNumber":12,"author":{"gitId":"oofyneril"},"content":"    }","lastModifiedDate":"2026-01-22T18:45:52","isFullCredit":false},{"lineNumber":13,"author":{"gitId":"oofyneril"},"content":"","lastModifiedDate":"2026-01-22T18:45:52","isFullCredit":false},{"lineNumber":14,"author":{"gitId":"oofyneril"},"content":"    public void markAsNotDone() {","lastModifiedDate":"2026-01-22T18:45:52","isFullCredit":false},{"lineNumber":15,"author":{"gitId":"oofyneril"},"content":"        this.isDone \u003d false;","lastModifiedDate":"2026-01-22T18:45:52","isFullCredit":false},{"lineNumber":16,"author":{"gitId":"oofyneril"},"content":"    }","lastModifiedDate":"2026-01-22T18:45:52","isFullCredit":false},{"lineNumber":17,"author":{"gitId":"oofyneril"},"content":"","lastModifiedDate":"2026-01-22T18:45:52","isFullCredit":false},{"lineNumber":18,"author":{"gitId":"oofyneril"},"content":"    public String getStatusIcon() {","lastModifiedDate":"2026-01-22T18:45:52","isFullCredit":false},{"lineNumber":19,"author":{"gitId":"oofyneril"},"content":"        return isDone ? \"X\" : \" \";","lastModifiedDate":"2026-01-22T18:45:52","isFullCredit":false},{"lineNumber":20,"author":{"gitId":"oofyneril"},"content":"    }","lastModifiedDate":"2026-01-22T18:45:52","isFullCredit":false},{"lineNumber":21,"author":{"gitId":"oofyneril"},"content":"","lastModifiedDate":"2026-01-22T18:45:52","isFullCredit":false},{"lineNumber":22,"author":{"gitId":"oofyneril"},"content":"    @Override","lastModifiedDate":"2026-01-22T18:45:52","isFullCredit":false},{"lineNumber":23,"author":{"gitId":"oofyneril"},"content":"    public String toString() {","lastModifiedDate":"2026-01-22T18:45:52","isFullCredit":false},{"lineNumber":24,"author":{"gitId":"oofyneril"},"content":"        return \"[\" + getStatusIcon() + \"] \" + description;","lastModifiedDate":"2026-01-22T18:45:52","isFullCredit":false},{"lineNumber":25,"author":{"gitId":"oofyneril"},"content":"    }","lastModifiedDate":"2026-01-22T18:45:52","isFullCredit":false},{"lineNumber":26,"author":{"gitId":"oofyneril"},"content":"}","lastModifiedDate":"2026-01-22T18:45:52","isFullCredit":false}],"authorContributionMap":{"oofyneril":26}},{"path":"src/main/java/ToDo.java","fileType":"java","lines":[{"lineNumber":1,"author":{"gitId":"oofyneril"},"content":"public class ToDo extends Task {","lastModifiedDate":"2026-01-22T22:30:29","isFullCredit":false},{"lineNumber":2,"author":{"gitId":"oofyneril"},"content":"    public ToDo(String description) {","lastModifiedDate":"2026-01-22T22:30:29","isFullCredit":false},{"lineNumber":3,"author":{"gitId":"oofyneril"},"content":"        super(description);","lastModifiedDate":"2026-01-22T22:30:29","isFullCredit":false},{"lineNumber":4,"author":{"gitId":"oofyneril"},"content":"    }","lastModifiedDate":"2026-01-22T22:30:29","isFullCredit":false},{"lineNumber":5,"author":{"gitId":"oofyneril"},"content":"","lastModifiedDate":"2026-01-22T22:30:29","isFullCredit":false},{"lineNumber":6,"author":{"gitId":"oofyneril"},"content":"    public String toString() {","lastModifiedDate":"2026-01-22T22:30:29","isFullCredit":false},{"lineNumber":7,"author":{"gitId":"oofyneril"},"content":"        return \"[T]\" + super.toString();","lastModifiedDate":"2026-01-22T22:30:29","isFullCredit":false},{"lineNumber":8,"author":{"gitId":"oofyneril"},"content":"    }","lastModifiedDate":"2026-01-22T22:30:29","isFullCredit":false},{"lineNumber":9,"author":{"gitId":"oofyneril"},"content":"}","lastModifiedDate":"2026-01-22T22:30:29","isFullCredit":false}],"authorContributionMap":{"oofyneril":9}},{"path":"text-ui-test/input.txt","fileType":"txt","lines":[{"lineNumber":1,"author":{"gitId":"oofyneril"},"content":"list","lastModifiedDate":"2026-01-22T22:37:45","isFullCredit":false},{"lineNumber":2,"author":{"gitId":"oofyneril"},"content":"todo borrow book","lastModifiedDate":"2026-01-22T22:37:45","isFullCredit":false},{"lineNumber":3,"author":{"gitId":"oofyneril"},"content":"deadline return book /by Sunday","lastModifiedDate":"2026-01-22T22:37:45","isFullCredit":false},{"lineNumber":4,"author":{"gitId":"oofyneril"},"content":"event meeting /from Mon 2pm /to Mon 4pm","lastModifiedDate":"2026-01-22T22:37:45","isFullCredit":false},{"lineNumber":5,"author":{"gitId":"oofyneril"},"content":"mark 2","lastModifiedDate":"2026-01-22T22:37:45","isFullCredit":false},{"lineNumber":6,"author":{"gitId":"oofyneril"},"content":"unmark 2","lastModifiedDate":"2026-01-22T22:37:45","isFullCredit":false},{"lineNumber":7,"author":{"gitId":"oofyneril"},"content":"bye","lastModifiedDate":"2026-01-22T22:37:45","isFullCredit":false}],"authorContributionMap":{"oofyneril":7}},{"path":"text-ui-test/runtest.sh","fileType":"sh","lines":[{"lineNumber":1,"author":{"gitId":"-"},"content":"#!/usr/bin/env bash","lastModifiedDate":"2020-05-25T00:03:55","isFullCredit":false},{"lineNumber":2,"author":{"gitId":"-"},"content":"","lastModifiedDate":"2020-05-25T00:03:55","isFullCredit":false},{"lineNumber":3,"author":{"gitId":"-"},"content":"# create bin directory if it doesn\u0027t exist","lastModifiedDate":"2020-05-25T00:03:55","isFullCredit":false},{"lineNumber":4,"author":{"gitId":"-"},"content":"if [ ! -d \"../bin\" ]","lastModifiedDate":"2020-05-25T00:03:55","isFullCredit":false},{"lineNumber":5,"author":{"gitId":"-"},"content":"then","lastModifiedDate":"2020-05-25T00:03:55","isFullCredit":false},{"lineNumber":6,"author":{"gitId":"-"},"content":"    mkdir ../bin","lastModifiedDate":"2020-05-25T00:03:55","isFullCredit":false},{"lineNumber":7,"author":{"gitId":"-"},"content":"fi","lastModifiedDate":"2020-05-25T00:03:55","isFullCredit":false},{"lineNumber":8,"author":{"gitId":"-"},"content":"","lastModifiedDate":"2020-05-25T00:03:55","isFullCredit":false},{"lineNumber":9,"author":{"gitId":"-"},"content":"# delete output from previous run","lastModifiedDate":"2020-05-25T00:03:55","isFullCredit":false},{"lineNumber":10,"author":{"gitId":"-"},"content":"if [ -e \"./ACTUAL.TXT\" ]","lastModifiedDate":"2020-05-25T00:03:55","isFullCredit":false},{"lineNumber":11,"author":{"gitId":"-"},"content":"then","lastModifiedDate":"2020-05-25T00:03:55","isFullCredit":false},{"lineNumber":12,"author":{"gitId":"-"},"content":"    rm ACTUAL.TXT","lastModifiedDate":"2020-05-25T00:03:55","isFullCredit":false},{"lineNumber":13,"author":{"gitId":"-"},"content":"fi","lastModifiedDate":"2020-05-25T00:03:55","isFullCredit":false},{"lineNumber":14,"author":{"gitId":"-"},"content":"","lastModifiedDate":"2020-05-25T00:03:55","isFullCredit":false},{"lineNumber":15,"author":{"gitId":"-"},"content":"# compile the code into the bin folder, terminates if error occurred","lastModifiedDate":"2020-05-25T00:03:55","isFullCredit":false},{"lineNumber":16,"author":{"gitId":"-"},"content":"if ! javac -cp ../src/main/java -Xlint:none -d ../bin ../src/main/java/*.java","lastModifiedDate":"2020-08-25T17:23:26","isFullCredit":false},{"lineNumber":17,"author":{"gitId":"-"},"content":"then","lastModifiedDate":"2020-05-25T00:03:55","isFullCredit":false},{"lineNumber":18,"author":{"gitId":"-"},"content":"    echo \"********** BUILD FAILURE **********\"","lastModifiedDate":"2020-05-25T00:03:55","isFullCredit":false},{"lineNumber":19,"author":{"gitId":"-"},"content":"    exit 1","lastModifiedDate":"2020-05-25T00:03:55","isFullCredit":false},{"lineNumber":20,"author":{"gitId":"-"},"content":"fi","lastModifiedDate":"2020-05-25T00:03:55","isFullCredit":false},{"lineNumber":21,"author":{"gitId":"-"},"content":"","lastModifiedDate":"2020-05-25T00:03:55","isFullCredit":false},{"lineNumber":22,"author":{"gitId":"-"},"content":"# run the program, feed commands from input.txt file and redirect the output to the ACTUAL.TXT","lastModifiedDate":"2020-05-25T00:03:55","isFullCredit":false},{"lineNumber":23,"author":{"gitId":"oofyneril"},"content":"java -classpath ../bin Peggy \u003c input.txt \u003e ACTUAL.TXT","lastModifiedDate":"2026-01-22T22:37:45","isFullCredit":false},{"lineNumber":24,"author":{"gitId":"-"},"content":"","lastModifiedDate":"2020-05-25T00:03:55","isFullCredit":false},{"lineNumber":25,"author":{"gitId":"-"},"content":"# convert to UNIX format","lastModifiedDate":"2020-05-25T00:03:55","isFullCredit":false},{"lineNumber":26,"author":{"gitId":"-"},"content":"cp EXPECTED.TXT EXPECTED-UNIX.TXT","lastModifiedDate":"2020-05-25T00:03:55","isFullCredit":false},{"lineNumber":27,"author":{"gitId":"-"},"content":"dos2unix ACTUAL.TXT EXPECTED-UNIX.TXT","lastModifiedDate":"2020-05-25T00:03:55","isFullCredit":false},{"lineNumber":28,"author":{"gitId":"-"},"content":"","lastModifiedDate":"2020-05-25T00:03:55","isFullCredit":false},{"lineNumber":29,"author":{"gitId":"-"},"content":"# compare the output to the expected output","lastModifiedDate":"2020-05-25T00:03:55","isFullCredit":false},{"lineNumber":30,"author":{"gitId":"-"},"content":"diff ACTUAL.TXT EXPECTED-UNIX.TXT","lastModifiedDate":"2020-05-25T00:03:55","isFullCredit":false},{"lineNumber":31,"author":{"gitId":"-"},"content":"if [ $? -eq 0 ]","lastModifiedDate":"2020-05-25T00:03:55","isFullCredit":false},{"lineNumber":32,"author":{"gitId":"-"},"content":"then","lastModifiedDate":"2020-05-25T00:03:55","isFullCredit":false},{"lineNumber":33,"author":{"gitId":"-"},"content":"    echo \"Test result: PASSED\"","lastModifiedDate":"2020-05-25T00:03:55","isFullCredit":false},{"lineNumber":34,"author":{"gitId":"-"},"content":"    exit 0","lastModifiedDate":"2020-05-25T00:03:55","isFullCredit":false},{"lineNumber":35,"author":{"gitId":"-"},"content":"else","lastModifiedDate":"2020-05-25T00:03:55","isFullCredit":false},{"lineNumber":36,"author":{"gitId":"-"},"content":"    echo \"Test result: FAILED\"","lastModifiedDate":"2020-05-25T00:03:55","isFullCredit":false},{"lineNumber":37,"author":{"gitId":"-"},"content":"    exit 1","lastModifiedDate":"2020-05-25T00:03:55","isFullCredit":false},{"lineNumber":38,"author":{"gitId":"-"},"content":"fi","lastModifiedDate":"2020-05-25T00:03:55","isFullCredit":false}],"authorContributionMap":{"oofyneril":1,"-":37}}]
