{"authorDailyContributionsMap":{"kelv5":[{"date":"2026-01-23T00:00:00","commitResults":[{"hash":"66407fa0d6fbea656e11ba6fb652bd8301c5202a","isMergeCommit":false,"messageTitle":"Rename Duke.java to Fickle.java","messageBody":"","fileTypesAndContributionMap":{"java":{"insertions":1,"deletions":1}}},{"hash":"6a8f6c9e56ed45f2f039690efad583949bb3bc48","isMergeCommit":false,"messageTitle":"Replace occurences of Duke to Fickle","messageBody":"","tags":["Level-0"],"fileTypesAndContributionMap":{"java":{"insertions":6,"deletions":6},"md":{"insertions":3,"deletions":3}}},{"hash":"c762e9c5511d6372fe78d8b32d4f6f8d7bf9025c","isMergeCommit":false,"messageTitle":"Update the occurences of Duke to Fickle","messageBody":"","fileTypesAndContributionMap":{"bat":{"insertions":1,"deletions":1},"sh":{"insertions":1,"deletions":1},"md":{"insertions":13,"deletions":6}}},{"hash":"8ba6f3b8ef5d963269c97d4c004bf7c522bae61b","isMergeCommit":false,"messageTitle":"Add ASCII logo","messageBody":"","fileTypesAndContributionMap":{"java":{"insertions":52,"deletions":5}}}]},{"date":"2026-01-24T00:00:00","commitResults":[{"hash":"02e9a697b933138bf13967a66723d1a4de65e2eb","isMergeCommit":false,"messageTitle":"Echo user command and exit on bye","messageBody":"","fileTypesAndContributionMap":{"java":{"insertions":86,"deletions":34}}},{"hash":"d39a005ce6faeb1f94ba063646c3298ecdaea102","isMergeCommit":false,"messageTitle":"Improve UI for message formatting","messageBody":"","tags":["Level-1"],"fileTypesAndContributionMap":{"java":{"insertions":43,"deletions":16}}},{"hash":"a29a2e8c14928274553eaef6e04e6450fdf29770","isMergeCommit":false,"messageTitle":"Add Task and TaskList to manage tasks","messageBody":"","fileTypesAndContributionMap":{"java":{"insertions":77,"deletions":0}}},{"hash":"ab2828cbbba6d5ae90d2527ef9d13d84e418ae36","isMergeCommit":false,"messageTitle":"Update Fickle and UI to support tasklist","messageBody":"","tags":["Level-2"],"fileTypesAndContributionMap":{"java":{"insertions":41,"deletions":9}}},{"hash":"b8b8a18755cd13b787b7ed3eee869f4fc5dc1cf4","isMergeCommit":false,"messageTitle":"Modify TaskList::addTask returned string for clarity","messageBody":"","fileTypesAndContributionMap":{"java":{"insertions":3,"deletions":3}}},{"hash":"cd0b22e84ce20eee6802b705419af470d6fbb1ca","isMergeCommit":false,"messageTitle":"Update Task to handle task status","messageBody":"","fileTypesAndContributionMap":{"java":{"insertions":32,"deletions":2}}},{"hash":"93d0990d908477e5f89f303927a56ef730aacfbd","isMergeCommit":false,"messageTitle":"Add UI messages for marking/unmarking tasks","messageBody":"","tags":["Level-3"],"fileTypesAndContributionMap":{"java":{"insertions":18,"deletions":0}}},{"hash":"c4e16a762ff0b90aee44da4b09a92addc9406acb","isMergeCommit":false,"messageTitle":"Modify message printed when adding a task","messageBody":"","fileTypesAndContributionMap":{"java":{"insertions":2,"deletions":2}}},{"hash":"d8e75d11c43081aae2c0507949bde51453217377","isMergeCommit":false,"messageTitle":"Add Deadline class to represent tasks with due time","messageBody":"","fileTypesAndContributionMap":{"java":{"insertions":25,"deletions":0}}},{"hash":"ac53e3c09b43b3b1e2886ff640c4542c6b42513f","isMergeCommit":false,"messageTitle":"Replace task adding with deadlines adding","messageBody":"","fileTypesAndContributionMap":{"java":{"insertions":115,"deletions":10}}},{"hash":"659ab676cf19b94db7c694cb3ec9a72d9d3fd09f","isMergeCommit":false,"messageTitle":"Update javadoc for Deadline","messageBody":"","fileTypesAndContributionMap":{"java":{"insertions":2,"deletions":1}}},{"hash":"1baa11c41ac2fbe9b0a027f750d891c63c43603d","isMergeCommit":false,"messageTitle":"Update to support Todo tasks without due time","messageBody":"","fileTypesAndContributionMap":{"java":{"insertions":32,"deletions":0}}},{"hash":"47fdafb53ea2867ded138269daab076960ef6853","isMergeCommit":false,"messageTitle":"Update to support Event tasks with start and end time","messageBody":"","fileTypesAndContributionMap":{"java":{"insertions":63,"deletions":7}}},{"hash":"595f7619e1b1b992243efa23399e87729c7e1ba8","isMergeCommit":false,"messageTitle":"Fix processUnmarkTask to correctly unmark tasks","messageBody":"","fileTypesAndContributionMap":{"java":{"insertions":1,"deletions":1}}},{"hash":"b5b43f84aeb8e7bc15ae59dd280b3087b5882115","isMergeCommit":false,"messageTitle":"Include showing task count when task is added","messageBody":"","tags":["Level-4"],"fileTypesAndContributionMap":{"java":{"insertions":18,"deletions":15}}}]},{"date":"2026-01-25T00:00:00","commitResults":[{"hash":"da178b602e86f79e6e7e34364d24f53d9cd68140","isMergeCommit":false,"messageTitle":"Personalise CLI task messages","messageBody":"","fileTypesAndContributionMap":{"java":{"insertions":12,"deletions":9}}},{"hash":"7b81dc008f84b0a05ce495599476aae8240f5c85","isMergeCommit":false,"messageTitle":"Personalise exception messages","messageBody":"","fileTypesAndContributionMap":{"java":{"insertions":62,"deletions":31}}},{"hash":"cc83f1c5e45b097e80e9d5e7562a54a75367554a","isMergeCommit":false,"messageTitle":"Update to check if all tasks are marked done","messageBody":"","fileTypesAndContributionMap":{"java":{"insertions":34,"deletions":19}}},{"hash":"f11c53aa6841be80d9a4b5166a3c859660146743","isMergeCommit":false,"messageTitle":"Update formatting to print right-aligned message","messageBody":"","fileTypesAndContributionMap":{"java":{"insertions":66,"deletions":20}}},{"hash":"3cf9ebe939f6c6b08131092f4b18c8d63d2be009","isMergeCommit":false,"messageTitle":"Adjust input spacing for text-UI testing","messageBody":"","fileTypesAndContributionMap":{"java":{"insertions":6,"deletions":9}}},{"hash":"69d6454b0631bf64df9ebe6fda31c6bafc5cfe87","isMergeCommit":false,"messageTitle":"Update text-ui-test files","messageBody":"","tags":["A-TextUiTesting"],"fileTypesAndContributionMap":{"txt":{"insertions":31,"deletions":0}}}]}]},"authorFileTypeContributionMap":{"kelv5":{"java":604,"md":16,"fxml":0,"sh":1,"bat":1,"gradle":0,"txt":31}},"authorContributionVariance":{"kelv5":27449.676},"authorDisplayNameMap":{"kelv5":"CS2103T-T10-4 KELV.. KIT"}}
