{"authorDailyContributionsMap":{"kelv5":[{"date":"2026-01-23T00:00:00","commitResults":[{"hash":"66407fa0d6fbea656e11ba6fb652bd8301c5202a","isMergeCommit":false,"messageTitle":"Rename Duke.java to Fickle.java","messageBody":"","fileTypesAndContributionMap":{"java":{"insertions":1,"deletions":1}}},{"hash":"6a8f6c9e56ed45f2f039690efad583949bb3bc48","isMergeCommit":false,"messageTitle":"Replace occurences of Duke to Fickle","messageBody":"","tags":["Level-0"],"fileTypesAndContributionMap":{"java":{"insertions":6,"deletions":6},"md":{"insertions":3,"deletions":3}}}]}]},"authorFileTypeContributionMap":{"kelv5":{"java":7,"md":3,"fxml":0,"sh":0,"bat":0,"gradle":0,"txt":0}},"authorContributionVariance":{"kelv5":24.888887},"authorDisplayNameMap":{"kelv5":"KELV.. KIT"}}
