{"authorDailyContributionsMap":{"sherylphoa":[{"date":"2026-01-23T00:00:00","commitResults":[{"hash":"7d04733bd9b6871743365af9f826cab6e3e13957","isMergeCommit":false,"messageTitle":"Week 2","messageBody":"","tags":["week-2"],"fileTypesAndContributionMap":{"java":{"insertions":184,"deletions":10}}}]},{"date":"2026-01-30T00:00:00","commitResults":[{"hash":"51064f00f2dbf423129653354e422ae2b68af54c","isMergeCommit":false,"messageTitle":"Add isTaskDone to Task class","messageBody":"","fileTypesAndContributionMap":{"java":{"insertions":14,"deletions":0}}},{"hash":"d24a05a165067fd62cf0a78addb2b8e05bc7fc9c","isMergeCommit":false,"messageTitle":"Add saveTasks to save current task list to hard disk","messageBody":"","fileTypesAndContributionMap":{"java":{"insertions":86,"deletions":8}}},{"hash":"a03cf3682092790823560ec88734d30b807e637d","isMergeCommit":false,"messageTitle":"Add loadTasks to load tasks from hard disk to provided list","messageBody":"","tags":["Level-7"],"fileTypesAndContributionMap":{"java":{"insertions":27,"deletions":0}}}]},{"date":"2026-01-31T00:00:00","commitResults":[{"hash":"190c364cdaa8a22c68ed075c9891a47c8cd3feb9","isMergeCommit":false,"messageTitle":"Add LocalDate to Deadline class","messageBody":"","fileTypesAndContributionMap":{"java":{"insertions":8,"deletions":3}}},{"hash":"5eda2ddcff5bbd8087a78c442012f2299bbe9c70","isMergeCommit":false,"messageTitle":"Add LocalDateTime to Deadline class","messageBody":"","fileTypesAndContributionMap":{"java":{"insertions":6,"deletions":4}}},{"hash":"c5f91734b1baaa64f813e8b7c68014f8eea01d08","isMergeCommit":false,"messageTitle":"Add LocalDateTime to Event class","messageBody":"","fileTypesAndContributionMap":{"java":{"insertions":10,"deletions":5}}},{"hash":"8a25a0b11535978d06fbd3ae4a1a9f506696360f","isMergeCommit":false,"messageTitle":"Add exception catching for date and change loadtask method","messageBody":"","fileTypesAndContributionMap":{"java":{"insertions":48,"deletions":10}}},{"hash":"5fc6454360e4de2c4f2997b85711d2540de5cc91","isMergeCommit":true,"messageTitle":"Merge branch \u0027branch-Level-8\u0027","messageBody":"","tags":["Level-8"],"fileTypesAndContributionMap":{}}]}]},"authorFileTypeContributionMap":{"sherylphoa":{"java":353,"md":0,"fxml":0,"sh":0,"bat":0,"gradle":0,"txt":0}},"authorContributionVariance":{"sherylphoa":2474.6726},"authorDisplayNameMap":{"sherylphoa":"CS2103-F09-4 PHOA..ERYL"}}
