{"authorDailyContributionsMap":{"Spchdt":[{"date":"2026-01-18T00:00:00","commitResults":[{"hash":"c1991840d9c4fcdde27f85115d874a0865c826d8","isMergeCommit":false,"messageTitle":"feat: Add greets and exit","messageBody":"","fileTypesAndContributionMap":{"java":{"insertions":7,"deletions":6}}},{"hash":"151aef51f157c6108b395db2a0b4fdd2dc028807","isMergeCommit":false,"messageTitle":"chore: Rename Duke to Kroissant","messageBody":"","tags":["Level-0"],"fileTypesAndContributionMap":{"java":{"insertions":1,"deletions":1},"bat":{"insertions":1,"deletions":1},"sh":{"insertions":1,"deletions":1},"md":{"insertions":4,"deletions":4}}}]},{"date":"2026-01-19T00:00:00","commitResults":[{"hash":"dac540db7f45c92bd48c5ef0c21ff5e4b552223e","isMergeCommit":false,"messageTitle":"feat: Add echos commands","messageBody":"","tags":["Level-1"],"fileTypesAndContributionMap":{"java":{"insertions":18,"deletions":2}}},{"hash":"5b1b537f9bd1b96224f2fbcb3f139b0df4c1e968","isMergeCommit":false,"messageTitle":"feat: Add save list","messageBody":"","fileTypesAndContributionMap":{"java":{"insertions":14,"deletions":2}}},{"hash":"ab207da04f25a7a27c10cca4c56840dc346f8cc4","isMergeCommit":false,"messageTitle":"chore: Add comments","messageBody":"","tags":["Level-2"],"fileTypesAndContributionMap":{"java":{"insertions":4,"deletions":0}}},{"hash":"ffb6da0dd47892586caa22a0cce61adcde10e8eb","isMergeCommit":false,"messageTitle":"feat: Add Task class and bot messages","messageBody":"","tags":["Level-3"],"fileTypesAndContributionMap":{"java":{"insertions":58,"deletions":12}}},{"hash":"9b86a603c03a07f5ecdbae4a3e1d36850c190d7b","isMergeCommit":false,"messageTitle":"feat: Add Todo, Event, Deadline","messageBody":"","fileTypesAndContributionMap":{"java":{"insertions":78,"deletions":6}}},{"hash":"061bf53a6c2c56d65485636e7a8cc41333117c30","isMergeCommit":false,"messageTitle":"fix: Event Class","messageBody":"","tags":["Level-4"],"fileTypesAndContributionMap":{"java":{"insertions":1,"deletions":1}}},{"hash":"f16d911037bddf13ea7dac3e1cd5bef94337dba6","isMergeCommit":false,"messageTitle":"test: Add test for all Tasks","messageBody":"","tags":["A-TextUiTesting"],"fileTypesAndContributionMap":{"txt":{"insertions":10,"deletions":0}}},{"hash":"2819c9d0e3954afb628a8c00a4d12f62277d1ec4","isMergeCommit":false,"messageTitle":"feat: Add Exception for invalid input","messageBody":"","fileTypesAndContributionMap":{"java":{"insertions":102,"deletions":59}}},{"hash":"89caa0e8b295e14d766cc0d2df5d84678ae1b595","isMergeCommit":false,"messageTitle":"chore: Add AI declaration","messageBody":"","fileTypesAndContributionMap":{"md":{"insertions":7,"deletions":0}}},{"hash":"2daa12c204ae9a07a80e7d49c9290cdd68f37dac","isMergeCommit":false,"messageTitle":"fix: Date bug in Deadline and Event","messageBody":"","fileTypesAndContributionMap":{"java":{"insertions":3,"deletions":3}}},{"hash":"10b0f19e29b35a9c795dcb64740adbc85a0bac7e","isMergeCommit":false,"messageTitle":"test: Update test case","messageBody":"","tags":["Level-5"],"fileTypesAndContributionMap":{"txt":{"insertions":11,"deletions":6}}},{"hash":"79c4e9a502686b6b3ed6329ac9a3ac2c2f8934d7","isMergeCommit":false,"messageTitle":"feat: Add delete command","messageBody":"","fileTypesAndContributionMap":{"java":{"insertions":12,"deletions":0}}},{"hash":"69ceb2fab8af4b161e710ed76c129d703b9a115f","isMergeCommit":false,"messageTitle":"test: Update test for deleting task","messageBody":"","tags":["Level-6"],"fileTypesAndContributionMap":{"txt":{"insertions":1,"deletions":0}}},{"hash":"4c765e70d2b655b2003c2cb0c41fc5f09cdf7a53","isMergeCommit":false,"messageTitle":"chore: Use enum instead of String","messageBody":"","tags":["A-Enums"],"fileTypesAndContributionMap":{"java":{"insertions":21,"deletions":10}}}]},{"date":"2026-01-23T00:00:00","commitResults":[{"hash":"b512bffa426996175e92ef1dd934a6869f88dc29","isMergeCommit":false,"messageTitle":"feat: Add TaskManager","messageBody":"","fileTypesAndContributionMap":{"java":{"insertions":40,"deletions":0}}},{"hash":"920b5aa8f1bc7a01e000c4eb1f1c1c4c410ab659","isMergeCommit":false,"messageTitle":"feat: Serialize Task","messageBody":"","fileTypesAndContributionMap":{"java":{"insertions":3,"deletions":1}}},{"hash":"8cbebc3642531513688f59d99a493bc16158575c","isMergeCommit":false,"messageTitle":"feat: Implement TaskManager in Kroissant","messageBody":"","fileTypesAndContributionMap":{"java":{"insertions":6,"deletions":1}}},{"hash":"54611045e30578b994f7cb6b862ed12017038215","isMergeCommit":false,"messageTitle":"chore: Update week 3 in AI.md","messageBody":"","fileTypesAndContributionMap":{"md":{"insertions":4,"deletions":1}}},{"hash":"36b584886b225fb878649c95e3e97a3d670f8f78","isMergeCommit":true,"messageTitle":"Merge branch \u0027branch-Level-7\u0027","messageBody":"","tags":["Level-7"],"fileTypesAndContributionMap":{}},{"hash":"ff4f31e91eec20fed50dcbc1e23dda31b12bdb3b","isMergeCommit":false,"messageTitle":"feat: Add LocalDateTime support for Deadline","messageBody":"","fileTypesAndContributionMap":{"java":{"insertions":29,"deletions":6}}},{"hash":"c2aff2ed7be02a67df4ff72efe5ceeee79b47a99","isMergeCommit":false,"messageTitle":"chore: Update AI.md","messageBody":"","fileTypesAndContributionMap":{"md":{"insertions":2,"deletions":1}}},{"hash":"18f035b86905f5da0299a47ff7c7ca7b9ee65ddc","isMergeCommit":true,"messageTitle":"Merge branch \u0027branch-Level-8\u0027","messageBody":"","tags":["Level-8"],"fileTypesAndContributionMap":{}}]},{"date":"2026-01-25T00:00:00","commitResults":[{"hash":"aaae1af1973cf522035a2e83b3ff2cbd950d6df6","isMergeCommit":false,"messageTitle":"chore: Refactor Classes","messageBody":"","fileTypesAndContributionMap":{"java":{"insertions":284,"deletions":161}}},{"hash":"65c0564305dfb08f100e1114ac1ea02953d108c8","isMergeCommit":false,"messageTitle":"chore: Update AI.md","messageBody":"","fileTypesAndContributionMap":{"md":{"insertions":2,"deletions":1}}},{"hash":"deac4fe1ab8f6f0f2d152cc7e2bdf3c6aae0c66d","isMergeCommit":true,"messageTitle":"Merge branch \u0027branch-A-MoreOOP\u0027","messageBody":"","tags":["A-MoreOOP"],"fileTypesAndContributionMap":{}},{"hash":"f136bab41f88e780f0e7f4a91ffc295cb283f8c2","isMergeCommit":false,"messageTitle":"chore: Move files to package","messageBody":"","tags":["A-Packages"],"fileTypesAndContributionMap":{"java":{"insertions":26,"deletions":4}}},{"hash":"f71a2a0a5917bb65ffa4c117d8e69c0f65570b43","isMergeCommit":true,"messageTitle":"Merge branch \u0027add-gradle-support\u0027","messageBody":"","tags":["A-Gradle"],"fileTypesAndContributionMap":{}},{"hash":"35ef53f90f31d4c23bfe62a594c2a5239136578b","isMergeCommit":false,"messageTitle":"feat: Add tests for different classes","messageBody":"","fileTypesAndContributionMap":{"gradle":{"insertions":1,"deletions":1},"java":{"insertions":385,"deletions":0}}},{"hash":"cc4da07921fe4ed99a3fdfefd6f15bd21b7c6d48","isMergeCommit":false,"messageTitle":"chore: Update AI.md","messageBody":"","tags":["A-JUnit"],"fileTypesAndContributionMap":{"md":{"insertions":2,"deletions":1}}},{"hash":"97c54d2b7a6cc4354b3dfa2ff1147a90537811bd","isMergeCommit":false,"messageTitle":"feat: Support build jar file","messageBody":"","tags":["A-Jar"],"fileTypesAndContributionMap":{"gradle":{"insertions":1,"deletions":1}}},{"hash":"c63a5828e4430610ce5b680ab85d8882d46941cd","isMergeCommit":false,"messageTitle":"chore: Add comments","messageBody":"","tags":["A-JavaDoc"],"fileTypesAndContributionMap":{"java":{"insertions":162,"deletions":0}}},{"hash":"0f3f3c1957ac9bfa3b388768e4a20da338f8b172","isMergeCommit":false,"messageTitle":"chore: Reformat code","messageBody":"","fileTypesAndContributionMap":{"java":{"insertions":74,"deletions":69}}},{"hash":"f59deaa2d6ff4bd77f7e3390d9d48f3816a01250","isMergeCommit":false,"messageTitle":"feat: Implement search function","messageBody":"","fileTypesAndContributionMap":{"java":{"insertions":158,"deletions":70},"md":{"insertions":2,"deletions":1}}},{"hash":"049384d71515dcedcda7238e39fba7d7da486467","isMergeCommit":true,"messageTitle":"Merge branch \u0027branch-A-CodingStandard\u0027","messageBody":"","tags":["A-CodingStandard"],"fileTypesAndContributionMap":{}},{"hash":"9ff4650b9ce67c6fb75ad59b92f1d08113c31ab6","isMergeCommit":true,"messageTitle":"Merge branch \u0027branch-Level-9\u0027","messageBody":"# Conflicts:\n#\tsrc/main/java/kroissant/Parser.java\n","tags":["Level-9"],"fileTypesAndContributionMap":{}},{"hash":"391c6d3a49c9e24434f249c6506e38a1d2e7b091","isMergeCommit":false,"messageTitle":"chore: Reformat code","messageBody":"","fileTypesAndContributionMap":{"java":{"insertions":73,"deletions":73}}}]},{"date":"2026-01-29T00:00:00","commitResults":[{"hash":"c80f3ccb1348038f3a938427fa55ceae402a6238","isMergeCommit":false,"messageTitle":"chore: Update README.md and AI.md","messageBody":"","fileTypesAndContributionMap":{"md":{"insertions":102,"deletions":27}}},{"hash":"51bcbae1ea1500ce57ea3fefb31e66ce00de488e","isMergeCommit":false,"messageTitle":"chore: Fix README hyperlink","messageBody":"","fileTypesAndContributionMap":{"md":{"insertions":1,"deletions":1}}},{"hash":"823cd66b7d83e1ca029cf805825fad1f41f7759f","isMergeCommit":false,"messageTitle":"chore: Fix code styling","messageBody":"","fileTypesAndContributionMap":{"gradle":{"insertions":5,"deletions":0},"java":{"insertions":71,"deletions":27}}},{"hash":"2c64bd1da540b617fefa04229823dd4809c8657f","isMergeCommit":true,"messageTitle":"Merge branch \u0027branch-A-CheckStyle\u0027","messageBody":"","tags":["A-CheckStyle"],"fileTypesAndContributionMap":{}}]},{"date":"2026-02-03T00:00:00","commitResults":[{"hash":"05d1ec83772c3007f7ee53db9ca877a54bb3a086","isMergeCommit":false,"messageTitle":"chore: Update AI.md","messageBody":"","fileTypesAndContributionMap":{"md":{"insertions":1,"deletions":1}}},{"hash":"ab20cbd8fd212582df704fa5368a6cb8fc48aed1","isMergeCommit":false,"messageTitle":"feat: Add relevant GUI files","messageBody":"","fileTypesAndContributionMap":{"gradle":{"insertions":13,"deletions":1},"fxml":{"insertions":32,"deletions":0},"java":{"insertions":153,"deletions":0}}},{"hash":"3209d4ca8e61e71ac80801b5771e4f6b25bdd274","isMergeCommit":false,"messageTitle":"feat: Implement GUI functionality","messageBody":"","fileTypesAndContributionMap":{"gradle":{"insertions":2,"deletions":0},"fxml":{"insertions":2,"deletions":2},"java":{"insertions":158,"deletions":13}}},{"hash":"ebe0e8096d1b2bc5754b8ecba6666f983b491596","isMergeCommit":true,"messageTitle":"Merge branch \u0027branch-Level-10\u0027","messageBody":"","tags":["Level-10"],"fileTypesAndContributionMap":{}},{"hash":"265c7e36d7beb2a71ff2fad2d32c1ba66dba0d16","isMergeCommit":false,"messageTitle":"chore: Update AI.md","messageBody":"","fileTypesAndContributionMap":{"md":{"insertions":2,"deletions":1}}}]}]},"authorFileTypeContributionMap":{"Spchdt":{"java":1418,"md":110,"fxml":32,"sh":1,"bat":1,"gradle":21,"txt":16}},"authorContributionVariance":{"Spchdt":97162.59},"authorDisplayNameMap":{"Spchdt":"CS2103T-F12-2 TRAK..CHOD"}}
