[{"path":"src/main/java/CommandType.java","fileType":"java","lines":[{"lineNumber":1,"author":{"gitId":"ongrussell"},"content":"public enum CommandType {","lastModifiedDate":"2026-01-23T06:03:07","isFullCredit":false},{"lineNumber":2,"author":{"gitId":"ongrussell"},"content":"    BYE(\"bye\"),","lastModifiedDate":"2026-01-23T06:03:07","isFullCredit":false},{"lineNumber":3,"author":{"gitId":"ongrussell"},"content":"    LIST(\"list\"),","lastModifiedDate":"2026-01-23T06:03:07","isFullCredit":false},{"lineNumber":4,"author":{"gitId":"ongrussell"},"content":"    MARK(\"mark\"),","lastModifiedDate":"2026-01-23T06:03:07","isFullCredit":false},{"lineNumber":5,"author":{"gitId":"ongrussell"},"content":"    UNMARK(\"unmark\"),","lastModifiedDate":"2026-01-23T06:03:07","isFullCredit":false},{"lineNumber":6,"author":{"gitId":"ongrussell"},"content":"    TODO(\"todo\"),","lastModifiedDate":"2026-01-23T06:03:07","isFullCredit":false},{"lineNumber":7,"author":{"gitId":"ongrussell"},"content":"    DEADLINE(\"deadline\"),","lastModifiedDate":"2026-01-23T06:03:07","isFullCredit":false},{"lineNumber":8,"author":{"gitId":"ongrussell"},"content":"    EVENT(\"event\"),","lastModifiedDate":"2026-01-23T06:03:07","isFullCredit":false},{"lineNumber":9,"author":{"gitId":"ongrussell"},"content":"    DELETE(\"delete\"),","lastModifiedDate":"2026-01-23T06:03:07","isFullCredit":false},{"lineNumber":10,"author":{"gitId":"ongrussell"},"content":"    UNKNOWN(\"\");","lastModifiedDate":"2026-01-23T06:03:07","isFullCredit":false},{"lineNumber":11,"author":{"gitId":"ongrussell"},"content":"","lastModifiedDate":"2026-01-23T06:03:07","isFullCredit":false},{"lineNumber":12,"author":{"gitId":"ongrussell"},"content":"    private final String word;","lastModifiedDate":"2026-01-23T06:03:07","isFullCredit":false},{"lineNumber":13,"author":{"gitId":"ongrussell"},"content":"","lastModifiedDate":"2026-01-23T06:03:07","isFullCredit":false},{"lineNumber":14,"author":{"gitId":"ongrussell"},"content":"    CommandType(String word) {","lastModifiedDate":"2026-01-23T06:03:07","isFullCredit":false},{"lineNumber":15,"author":{"gitId":"ongrussell"},"content":"        this.word \u003d word;","lastModifiedDate":"2026-01-23T06:03:07","isFullCredit":false},{"lineNumber":16,"author":{"gitId":"ongrussell"},"content":"    }","lastModifiedDate":"2026-01-23T06:03:07","isFullCredit":false},{"lineNumber":17,"author":{"gitId":"ongrussell"},"content":"","lastModifiedDate":"2026-01-23T06:03:07","isFullCredit":false},{"lineNumber":18,"author":{"gitId":"ongrussell"},"content":"    public String getWord() {","lastModifiedDate":"2026-01-23T06:03:07","isFullCredit":false},{"lineNumber":19,"author":{"gitId":"ongrussell"},"content":"        return word;","lastModifiedDate":"2026-01-23T06:03:07","isFullCredit":false},{"lineNumber":20,"author":{"gitId":"ongrussell"},"content":"    }","lastModifiedDate":"2026-01-23T06:03:07","isFullCredit":false},{"lineNumber":21,"author":{"gitId":"ongrussell"},"content":"","lastModifiedDate":"2026-01-23T06:03:07","isFullCredit":false},{"lineNumber":22,"author":{"gitId":"ongrussell"},"content":"    public static CommandType from(String input) {","lastModifiedDate":"2026-01-23T06:03:07","isFullCredit":false},{"lineNumber":23,"author":{"gitId":"ongrussell"},"content":"        if (input \u003d\u003d null) {","lastModifiedDate":"2026-01-23T06:03:07","isFullCredit":false},{"lineNumber":24,"author":{"gitId":"ongrussell"},"content":"            return UNKNOWN;","lastModifiedDate":"2026-01-23T06:03:07","isFullCredit":false},{"lineNumber":25,"author":{"gitId":"ongrussell"},"content":"        }","lastModifiedDate":"2026-01-23T06:03:07","isFullCredit":false},{"lineNumber":26,"author":{"gitId":"ongrussell"},"content":"","lastModifiedDate":"2026-01-23T06:03:07","isFullCredit":false},{"lineNumber":27,"author":{"gitId":"ongrussell"},"content":"        String trimmed \u003d input.trim();","lastModifiedDate":"2026-01-23T06:03:07","isFullCredit":false},{"lineNumber":28,"author":{"gitId":"ongrussell"},"content":"        if (trimmed.isEmpty()) {","lastModifiedDate":"2026-01-23T06:03:07","isFullCredit":false},{"lineNumber":29,"author":{"gitId":"ongrussell"},"content":"            return UNKNOWN;","lastModifiedDate":"2026-01-23T06:03:07","isFullCredit":false},{"lineNumber":30,"author":{"gitId":"ongrussell"},"content":"        }","lastModifiedDate":"2026-01-23T06:03:07","isFullCredit":false},{"lineNumber":31,"author":{"gitId":"ongrussell"},"content":"","lastModifiedDate":"2026-01-23T06:03:07","isFullCredit":false},{"lineNumber":32,"author":{"gitId":"ongrussell"},"content":"        // first word determines command type","lastModifiedDate":"2026-01-23T06:03:07","isFullCredit":false},{"lineNumber":33,"author":{"gitId":"ongrussell"},"content":"        String firstWord \u003d trimmed.split(\" \")[0].toLowerCase();","lastModifiedDate":"2026-01-23T06:03:07","isFullCredit":false},{"lineNumber":34,"author":{"gitId":"ongrussell"},"content":"","lastModifiedDate":"2026-01-23T06:03:07","isFullCredit":false},{"lineNumber":35,"author":{"gitId":"ongrussell"},"content":"        for (CommandType type : CommandType.values()) {","lastModifiedDate":"2026-01-23T06:03:07","isFullCredit":false},{"lineNumber":36,"author":{"gitId":"ongrussell"},"content":"            if (type.word.equals(firstWord)) {","lastModifiedDate":"2026-01-23T06:03:07","isFullCredit":false},{"lineNumber":37,"author":{"gitId":"ongrussell"},"content":"                return type;","lastModifiedDate":"2026-01-23T06:03:07","isFullCredit":false},{"lineNumber":38,"author":{"gitId":"ongrussell"},"content":"            }","lastModifiedDate":"2026-01-23T06:03:07","isFullCredit":false},{"lineNumber":39,"author":{"gitId":"ongrussell"},"content":"        }","lastModifiedDate":"2026-01-23T06:03:07","isFullCredit":false},{"lineNumber":40,"author":{"gitId":"ongrussell"},"content":"        return UNKNOWN;","lastModifiedDate":"2026-01-23T06:03:07","isFullCredit":false},{"lineNumber":41,"author":{"gitId":"ongrussell"},"content":"    }","lastModifiedDate":"2026-01-23T06:03:07","isFullCredit":false},{"lineNumber":42,"author":{"gitId":"ongrussell"},"content":"}","lastModifiedDate":"2026-01-23T06:03:07","isFullCredit":false}],"authorContributionMap":{"ongrussell":42}},{"path":"src/main/java/Deadline.java","fileType":"java","lines":[{"lineNumber":1,"author":{"gitId":"ongrussell"},"content":"public class Deadline extends Task {","lastModifiedDate":"2026-01-23T04:45:13","isFullCredit":false},{"lineNumber":2,"author":{"gitId":"ongrussell"},"content":"    private String deadline;","lastModifiedDate":"2026-01-23T04:45:13","isFullCredit":false},{"lineNumber":3,"author":{"gitId":"ongrussell"},"content":"","lastModifiedDate":"2026-01-23T04:45:13","isFullCredit":false},{"lineNumber":4,"author":{"gitId":"ongrussell"},"content":"    public Deadline(String description, String deadline) {","lastModifiedDate":"2026-01-23T04:45:13","isFullCredit":false},{"lineNumber":5,"author":{"gitId":"ongrussell"},"content":"        super(description);","lastModifiedDate":"2026-01-23T04:45:13","isFullCredit":false},{"lineNumber":6,"author":{"gitId":"ongrussell"},"content":"        this.deadline \u003d deadline;","lastModifiedDate":"2026-01-23T04:45:13","isFullCredit":false},{"lineNumber":7,"author":{"gitId":"ongrussell"},"content":"    }","lastModifiedDate":"2026-01-23T04:45:13","isFullCredit":false},{"lineNumber":8,"author":{"gitId":"ongrussell"},"content":"","lastModifiedDate":"2026-01-23T04:45:13","isFullCredit":false},{"lineNumber":9,"author":{"gitId":"ongrussell"},"content":"    @Override","lastModifiedDate":"2026-01-23T04:45:13","isFullCredit":false},{"lineNumber":10,"author":{"gitId":"ongrussell"},"content":"    public String toString() {","lastModifiedDate":"2026-01-23T04:45:13","isFullCredit":false},{"lineNumber":11,"author":{"gitId":"ongrussell"},"content":"        return \"[D]\" + super.toString() + \" (by: \" + deadline + \")\";","lastModifiedDate":"2026-01-23T04:45:13","isFullCredit":false},{"lineNumber":12,"author":{"gitId":"ongrussell"},"content":"    }","lastModifiedDate":"2026-01-23T04:45:13","isFullCredit":false},{"lineNumber":13,"author":{"gitId":"ongrussell"},"content":"}","lastModifiedDate":"2026-01-23T04:45:13","isFullCredit":false}],"authorContributionMap":{"ongrussell":13}},{"path":"src/main/java/Event.java","fileType":"java","lines":[{"lineNumber":1,"author":{"gitId":"ongrussell"},"content":"public class Event extends Task{","lastModifiedDate":"2026-01-23T04:45:13","isFullCredit":false},{"lineNumber":2,"author":{"gitId":"ongrussell"},"content":"    private String startDate;","lastModifiedDate":"2026-01-23T04:45:13","isFullCredit":false},{"lineNumber":3,"author":{"gitId":"ongrussell"},"content":"    private String endDate;","lastModifiedDate":"2026-01-23T04:45:13","isFullCredit":false},{"lineNumber":4,"author":{"gitId":"ongrussell"},"content":"","lastModifiedDate":"2026-01-23T04:45:13","isFullCredit":false},{"lineNumber":5,"author":{"gitId":"ongrussell"},"content":"    public Event(String startDate, String endDate, String description){","lastModifiedDate":"2026-01-23T04:45:13","isFullCredit":false},{"lineNumber":6,"author":{"gitId":"ongrussell"},"content":"        super(description);","lastModifiedDate":"2026-01-23T04:45:13","isFullCredit":false},{"lineNumber":7,"author":{"gitId":"ongrussell"},"content":"        this.startDate \u003d startDate;","lastModifiedDate":"2026-01-23T04:45:13","isFullCredit":false},{"lineNumber":8,"author":{"gitId":"ongrussell"},"content":"        this.endDate \u003d endDate;","lastModifiedDate":"2026-01-23T04:45:13","isFullCredit":false},{"lineNumber":9,"author":{"gitId":"ongrussell"},"content":"    }","lastModifiedDate":"2026-01-23T04:45:13","isFullCredit":false},{"lineNumber":10,"author":{"gitId":"ongrussell"},"content":"","lastModifiedDate":"2026-01-23T04:45:13","isFullCredit":false},{"lineNumber":11,"author":{"gitId":"ongrussell"},"content":"    @Override","lastModifiedDate":"2026-01-23T04:45:13","isFullCredit":false},{"lineNumber":12,"author":{"gitId":"ongrussell"},"content":"    public String toString(){","lastModifiedDate":"2026-01-23T04:45:13","isFullCredit":false},{"lineNumber":13,"author":{"gitId":"ongrussell"},"content":"        return \"[E]\" + super.toString() + \" (from: \" + startDate + \" to: \" + endDate + \")\";","lastModifiedDate":"2026-01-23T04:45:13","isFullCredit":false},{"lineNumber":14,"author":{"gitId":"ongrussell"},"content":"    }","lastModifiedDate":"2026-01-23T04:45:13","isFullCredit":false},{"lineNumber":15,"author":{"gitId":"ongrussell"},"content":"}","lastModifiedDate":"2026-01-23T04:45:13","isFullCredit":false}],"authorContributionMap":{"ongrussell":15}},{"path":"src/main/java/Suu.java","fileType":"java","lines":[{"lineNumber":1,"author":{"gitId":"ongrussell"},"content":"import java.util.ArrayList;","lastModifiedDate":"2026-01-22T21:53:43","isFullCredit":false},{"lineNumber":2,"author":{"gitId":"ongrussell"},"content":"import java.util.Scanner;","lastModifiedDate":"2026-01-22T21:32:00","isFullCredit":false},{"lineNumber":3,"author":{"gitId":"ongrussell"},"content":"","lastModifiedDate":"2026-01-22T21:32:00","isFullCredit":false},{"lineNumber":4,"author":{"gitId":"ongrussell"},"content":"public class Suu {","lastModifiedDate":"2026-01-22T21:12:01","isFullCredit":false},{"lineNumber":5,"author":{"gitId":"ongrussell"},"content":"    public static final String LINE \u003d \"_________________________________________\";","lastModifiedDate":"2026-01-22T21:12:01","isFullCredit":false},{"lineNumber":6,"author":{"gitId":"ongrussell"},"content":"    public static ArrayList\u003cTask\u003e tasks \u003d new ArrayList\u003c\u003e();","lastModifiedDate":"2026-01-22T22:14:08","isFullCredit":false},{"lineNumber":7,"author":{"gitId":"ongrussell"},"content":"","lastModifiedDate":"2026-01-22T21:12:01","isFullCredit":false},{"lineNumber":8,"author":{"gitId":"ongrussell"},"content":"    public static void main(String[] args) {","lastModifiedDate":"2026-01-22T21:12:01","isFullCredit":false},{"lineNumber":9,"author":{"gitId":"ongrussell"},"content":"        String name \u003d \"Suu\";","lastModifiedDate":"2026-01-22T21:12:01","isFullCredit":false},{"lineNumber":10,"author":{"gitId":"ongrussell"},"content":"        String input \u003d \"\";","lastModifiedDate":"2026-01-22T21:32:00","isFullCredit":false},{"lineNumber":11,"author":{"gitId":"ongrussell"},"content":"        Scanner sc \u003d new Scanner(System.in);","lastModifiedDate":"2026-01-22T21:32:00","isFullCredit":false},{"lineNumber":12,"author":{"gitId":"ongrussell"},"content":"","lastModifiedDate":"2026-01-22T21:32:00","isFullCredit":false},{"lineNumber":13,"author":{"gitId":"ongrussell"},"content":"        System.out.println(LINE);","lastModifiedDate":"2026-01-22T21:12:01","isFullCredit":false},{"lineNumber":14,"author":{"gitId":"ongrussell"},"content":"        System.out.println(\"Hello! I\u0027m \" + name);","lastModifiedDate":"2026-01-22T21:12:01","isFullCredit":false},{"lineNumber":15,"author":{"gitId":"ongrussell"},"content":"        System.out.println(\"What can I do  for you?\");","lastModifiedDate":"2026-01-22T21:12:01","isFullCredit":false},{"lineNumber":16,"author":{"gitId":"ongrussell"},"content":"        System.out.println(LINE);","lastModifiedDate":"2026-01-22T21:12:01","isFullCredit":false},{"lineNumber":17,"author":{"gitId":"ongrussell"},"content":"","lastModifiedDate":"2026-01-22T21:32:00","isFullCredit":false},{"lineNumber":18,"author":{"gitId":"ongrussell"},"content":"        while (true) {","lastModifiedDate":"2026-01-22T21:32:00","isFullCredit":false},{"lineNumber":19,"author":{"gitId":"ongrussell"},"content":"            input \u003d sc.nextLine().trim();","lastModifiedDate":"2026-01-23T05:39:58","isFullCredit":false},{"lineNumber":20,"author":{"gitId":"ongrussell"},"content":"","lastModifiedDate":"2026-01-22T21:32:00","isFullCredit":false},{"lineNumber":21,"author":{"gitId":"ongrussell"},"content":"            try {","lastModifiedDate":"2026-01-23T05:39:58","isFullCredit":false},{"lineNumber":22,"author":{"gitId":"ongrussell"},"content":"                CommandType command \u003d CommandType.from(input);","lastModifiedDate":"2026-01-23T06:03:07","isFullCredit":false},{"lineNumber":23,"author":{"gitId":"ongrussell"},"content":"","lastModifiedDate":"2026-01-23T06:03:07","isFullCredit":false},{"lineNumber":24,"author":{"gitId":"ongrussell"},"content":"                switch (command) {","lastModifiedDate":"2026-01-23T06:03:07","isFullCredit":false},{"lineNumber":25,"author":{"gitId":"ongrussell"},"content":"                    case BYE:","lastModifiedDate":"2026-01-23T06:03:07","isFullCredit":false},{"lineNumber":26,"author":{"gitId":"ongrussell"},"content":"                        System.out.println(LINE);","lastModifiedDate":"2026-01-22T21:32:00","isFullCredit":false},{"lineNumber":27,"author":{"gitId":"ongrussell"},"content":"                        System.out.println(\"Bye. Hope to see you again soon!\");","lastModifiedDate":"2026-01-22T21:12:01","isFullCredit":false},{"lineNumber":28,"author":{"gitId":"ongrussell"},"content":"                        System.out.println(LINE);","lastModifiedDate":"2026-01-22T21:12:01","isFullCredit":false},{"lineNumber":29,"author":{"gitId":"ongrussell"},"content":"                        sc.close();","lastModifiedDate":"2026-01-23T06:03:07","isFullCredit":false},{"lineNumber":30,"author":{"gitId":"ongrussell"},"content":"                        return;","lastModifiedDate":"2026-01-23T06:03:07","isFullCredit":false},{"lineNumber":31,"author":{"gitId":"ongrussell"},"content":"","lastModifiedDate":"2026-01-22T21:32:00","isFullCredit":false},{"lineNumber":32,"author":{"gitId":"ongrussell"},"content":"                    case LIST:","lastModifiedDate":"2026-01-23T06:03:07","isFullCredit":false},{"lineNumber":33,"author":{"gitId":"ongrussell"},"content":"                        printList();","lastModifiedDate":"2026-01-23T05:39:58","isFullCredit":false},{"lineNumber":34,"author":{"gitId":"ongrussell"},"content":"                        break;","lastModifiedDate":"2026-01-23T06:03:07","isFullCredit":false},{"lineNumber":35,"author":{"gitId":"ongrussell"},"content":"","lastModifiedDate":"2026-01-23T05:39:58","isFullCredit":false},{"lineNumber":36,"author":{"gitId":"ongrussell"},"content":"                    case MARK:","lastModifiedDate":"2026-01-23T06:03:07","isFullCredit":false},{"lineNumber":37,"author":{"gitId":"ongrussell"},"content":"                        markTask(input);","lastModifiedDate":"2026-01-23T05:39:58","isFullCredit":false},{"lineNumber":38,"author":{"gitId":"ongrussell"},"content":"                        break;","lastModifiedDate":"2026-01-23T06:03:07","isFullCredit":false},{"lineNumber":39,"author":{"gitId":"ongrussell"},"content":"","lastModifiedDate":"2026-01-23T05:39:58","isFullCredit":false},{"lineNumber":40,"author":{"gitId":"ongrussell"},"content":"                    case UNMARK:","lastModifiedDate":"2026-01-23T06:03:07","isFullCredit":false},{"lineNumber":41,"author":{"gitId":"ongrussell"},"content":"                        unmarkTask(input);","lastModifiedDate":"2026-01-23T05:39:58","isFullCredit":false},{"lineNumber":42,"author":{"gitId":"ongrussell"},"content":"                        break;","lastModifiedDate":"2026-01-23T06:03:07","isFullCredit":false},{"lineNumber":43,"author":{"gitId":"ongrussell"},"content":"","lastModifiedDate":"2026-01-23T05:39:58","isFullCredit":false},{"lineNumber":44,"author":{"gitId":"ongrussell"},"content":"                    case TODO:","lastModifiedDate":"2026-01-23T06:03:07","isFullCredit":false},{"lineNumber":45,"author":{"gitId":"ongrussell"},"content":"                        addTodo(input);","lastModifiedDate":"2026-01-23T05:39:58","isFullCredit":false},{"lineNumber":46,"author":{"gitId":"ongrussell"},"content":"                        break;","lastModifiedDate":"2026-01-23T06:03:07","isFullCredit":false},{"lineNumber":47,"author":{"gitId":"ongrussell"},"content":"","lastModifiedDate":"2026-01-23T05:39:58","isFullCredit":false},{"lineNumber":48,"author":{"gitId":"ongrussell"},"content":"                    case DEADLINE:","lastModifiedDate":"2026-01-23T06:03:07","isFullCredit":false},{"lineNumber":49,"author":{"gitId":"ongrussell"},"content":"                        addDeadline(input);","lastModifiedDate":"2026-01-23T05:39:58","isFullCredit":false},{"lineNumber":50,"author":{"gitId":"ongrussell"},"content":"                        break;","lastModifiedDate":"2026-01-23T06:03:07","isFullCredit":false},{"lineNumber":51,"author":{"gitId":"ongrussell"},"content":"","lastModifiedDate":"2026-01-23T05:39:58","isFullCredit":false},{"lineNumber":52,"author":{"gitId":"ongrussell"},"content":"                    case EVENT:","lastModifiedDate":"2026-01-23T06:03:07","isFullCredit":false},{"lineNumber":53,"author":{"gitId":"ongrussell"},"content":"                        addEvent(input);","lastModifiedDate":"2026-01-23T05:39:58","isFullCredit":false},{"lineNumber":54,"author":{"gitId":"ongrussell"},"content":"                        break;","lastModifiedDate":"2026-01-23T06:03:07","isFullCredit":false},{"lineNumber":55,"author":{"gitId":"ongrussell"},"content":"","lastModifiedDate":"2026-01-23T05:39:58","isFullCredit":false},{"lineNumber":56,"author":{"gitId":"ongrussell"},"content":"                    case DELETE:","lastModifiedDate":"2026-01-23T06:03:07","isFullCredit":false},{"lineNumber":57,"author":{"gitId":"ongrussell"},"content":"                        deleteTask(input);","lastModifiedDate":"2026-01-23T05:48:13","isFullCredit":false},{"lineNumber":58,"author":{"gitId":"ongrussell"},"content":"                        break;","lastModifiedDate":"2026-01-23T06:03:07","isFullCredit":false},{"lineNumber":59,"author":{"gitId":"ongrussell"},"content":"","lastModifiedDate":"2026-01-23T06:03:07","isFullCredit":false},{"lineNumber":60,"author":{"gitId":"ongrussell"},"content":"                    default:","lastModifiedDate":"2026-01-23T06:03:07","isFullCredit":false},{"lineNumber":61,"author":{"gitId":"ongrussell"},"content":"                        throw new SuuException(\"I don\u0027t know what that means? :o\");","lastModifiedDate":"2026-01-23T06:03:07","isFullCredit":false},{"lineNumber":62,"author":{"gitId":"ongrussell"},"content":"                }","lastModifiedDate":"2026-01-23T05:48:13","isFullCredit":false},{"lineNumber":63,"author":{"gitId":"ongrussell"},"content":"","lastModifiedDate":"2026-01-23T05:48:13","isFullCredit":false},{"lineNumber":64,"author":{"gitId":"ongrussell"},"content":"            } catch (SuuException e) {","lastModifiedDate":"2026-01-23T05:39:58","isFullCredit":false},{"lineNumber":65,"author":{"gitId":"ongrussell"},"content":"                System.out.println(LINE);","lastModifiedDate":"2026-01-23T05:39:58","isFullCredit":false},{"lineNumber":66,"author":{"gitId":"ongrussell"},"content":"                System.out.println(\"Oops! \" + e.getMessage());","lastModifiedDate":"2026-01-23T05:39:58","isFullCredit":false},{"lineNumber":67,"author":{"gitId":"ongrussell"},"content":"                System.out.println(LINE);","lastModifiedDate":"2026-01-23T05:39:58","isFullCredit":false},{"lineNumber":68,"author":{"gitId":"ongrussell"},"content":"            }","lastModifiedDate":"2026-01-23T05:39:58","isFullCredit":false},{"lineNumber":69,"author":{"gitId":"ongrussell"},"content":"        }","lastModifiedDate":"2026-01-23T05:39:58","isFullCredit":false},{"lineNumber":70,"author":{"gitId":"ongrussell"},"content":"","lastModifiedDate":"2026-01-23T05:39:58","isFullCredit":false},{"lineNumber":71,"author":{"gitId":"ongrussell"},"content":"    }","lastModifiedDate":"2026-01-23T05:39:58","isFullCredit":false},{"lineNumber":72,"author":{"gitId":"ongrussell"},"content":"","lastModifiedDate":"2026-01-23T05:39:58","isFullCredit":false},{"lineNumber":73,"author":{"gitId":"ongrussell"},"content":"    //Helper methods","lastModifiedDate":"2026-01-23T05:39:58","isFullCredit":false},{"lineNumber":74,"author":{"gitId":"ongrussell"},"content":"    public static void printList() {","lastModifiedDate":"2026-01-23T05:39:58","isFullCredit":false},{"lineNumber":75,"author":{"gitId":"ongrussell"},"content":"        System.out.println(LINE);","lastModifiedDate":"2026-01-22T21:53:43","isFullCredit":false},{"lineNumber":76,"author":{"gitId":"ongrussell"},"content":"        System.out.println(\"Here are the tasks in your list:\");","lastModifiedDate":"2026-01-22T22:14:08","isFullCredit":false},{"lineNumber":77,"author":{"gitId":"ongrussell"},"content":"","lastModifiedDate":"2026-01-22T22:14:08","isFullCredit":false},{"lineNumber":78,"author":{"gitId":"ongrussell"},"content":"        for(int i \u003d 0; i \u003c tasks.size(); i++) {","lastModifiedDate":"2026-01-22T21:53:43","isFullCredit":false},{"lineNumber":79,"author":{"gitId":"ongrussell"},"content":"            System.out.println((i + 1) + \". \" + tasks.get(i));","lastModifiedDate":"2026-01-22T21:53:43","isFullCredit":false},{"lineNumber":80,"author":{"gitId":"ongrussell"},"content":"        }","lastModifiedDate":"2026-01-22T21:53:43","isFullCredit":false},{"lineNumber":81,"author":{"gitId":"ongrussell"},"content":"        System.out.println(LINE);","lastModifiedDate":"2026-01-22T21:53:43","isFullCredit":false},{"lineNumber":82,"author":{"gitId":"ongrussell"},"content":"    }","lastModifiedDate":"2026-01-22T21:53:43","isFullCredit":false},{"lineNumber":83,"author":{"gitId":"ongrussell"},"content":"","lastModifiedDate":"2026-01-22T22:14:08","isFullCredit":false},{"lineNumber":84,"author":{"gitId":"ongrussell"},"content":"    public static void markTask(String input) throws SuuException {","lastModifiedDate":"2026-01-23T05:39:58","isFullCredit":false},{"lineNumber":85,"author":{"gitId":"ongrussell"},"content":"        int index \u003d parseTaskNumber(input, \"mark\");","lastModifiedDate":"2026-01-23T05:39:58","isFullCredit":false},{"lineNumber":86,"author":{"gitId":"ongrussell"},"content":"        tasks.get(index).setMarked();","lastModifiedDate":"2026-01-23T04:45:13","isFullCredit":false},{"lineNumber":87,"author":{"gitId":"ongrussell"},"content":"","lastModifiedDate":"2026-01-23T05:39:58","isFullCredit":false},{"lineNumber":88,"author":{"gitId":"ongrussell"},"content":"        System.out.println(LINE);","lastModifiedDate":"2026-01-23T05:39:58","isFullCredit":false},{"lineNumber":89,"author":{"gitId":"ongrussell"},"content":"        System.out.println(\"Nice! I\u0027ve marked this task as done:\");","lastModifiedDate":"2026-01-22T22:14:08","isFullCredit":false},{"lineNumber":90,"author":{"gitId":"ongrussell"},"content":"        System.out.println(\"  \" + tasks.get(index));","lastModifiedDate":"2026-01-22T22:14:08","isFullCredit":false},{"lineNumber":91,"author":{"gitId":"ongrussell"},"content":"        System.out.println(LINE);","lastModifiedDate":"2026-01-23T05:39:58","isFullCredit":false},{"lineNumber":92,"author":{"gitId":"ongrussell"},"content":"    }","lastModifiedDate":"2026-01-23T04:45:13","isFullCredit":false},{"lineNumber":93,"author":{"gitId":"ongrussell"},"content":"","lastModifiedDate":"2026-01-23T04:45:13","isFullCredit":false},{"lineNumber":94,"author":{"gitId":"ongrussell"},"content":"    public static void unmarkTask(String input) throws SuuException {","lastModifiedDate":"2026-01-23T05:39:58","isFullCredit":false},{"lineNumber":95,"author":{"gitId":"ongrussell"},"content":"        int index \u003d parseTaskNumber(input, \"unmark\");","lastModifiedDate":"2026-01-23T05:39:58","isFullCredit":false},{"lineNumber":96,"author":{"gitId":"ongrussell"},"content":"        tasks.get(index).unmark();","lastModifiedDate":"2026-01-23T05:39:58","isFullCredit":false},{"lineNumber":97,"author":{"gitId":"ongrussell"},"content":"","lastModifiedDate":"2026-01-23T05:39:58","isFullCredit":false},{"lineNumber":98,"author":{"gitId":"ongrussell"},"content":"        System.out.println(LINE);","lastModifiedDate":"2026-01-23T05:39:58","isFullCredit":false},{"lineNumber":99,"author":{"gitId":"ongrussell"},"content":"        System.out.println(\"OK! I\u0027ve marked this task as not done yet:\");","lastModifiedDate":"2026-01-23T05:39:58","isFullCredit":false},{"lineNumber":100,"author":{"gitId":"ongrussell"},"content":"        System.out.println(\"  \" + tasks.get(index));","lastModifiedDate":"2026-01-23T05:39:58","isFullCredit":false},{"lineNumber":101,"author":{"gitId":"ongrussell"},"content":"        System.out.println(LINE);","lastModifiedDate":"2026-01-22T22:14:08","isFullCredit":false},{"lineNumber":102,"author":{"gitId":"ongrussell"},"content":"    }","lastModifiedDate":"2026-01-22T22:14:08","isFullCredit":false},{"lineNumber":103,"author":{"gitId":"ongrussell"},"content":"","lastModifiedDate":"2026-01-22T22:14:08","isFullCredit":false},{"lineNumber":104,"author":{"gitId":"ongrussell"},"content":"    public static int parseTaskNumber(String input, String commandWord) throws SuuException {","lastModifiedDate":"2026-01-23T05:39:58","isFullCredit":false},{"lineNumber":105,"author":{"gitId":"ongrussell"},"content":"        String[] parts \u003d input.split(\" \");","lastModifiedDate":"2026-01-23T05:39:58","isFullCredit":false},{"lineNumber":106,"author":{"gitId":"ongrussell"},"content":"","lastModifiedDate":"2026-01-23T05:39:58","isFullCredit":false},{"lineNumber":107,"author":{"gitId":"ongrussell"},"content":"        if (parts.length \u003c 2) {","lastModifiedDate":"2026-01-23T05:39:58","isFullCredit":false},{"lineNumber":108,"author":{"gitId":"ongrussell"},"content":"            throw new SuuException(\"Please provide a task number. Example: \" + commandWord + \" 2\");","lastModifiedDate":"2026-01-23T05:39:58","isFullCredit":false},{"lineNumber":109,"author":{"gitId":"ongrussell"},"content":"        }","lastModifiedDate":"2026-01-23T05:39:58","isFullCredit":false},{"lineNumber":110,"author":{"gitId":"ongrussell"},"content":"","lastModifiedDate":"2026-01-23T05:39:58","isFullCredit":false},{"lineNumber":111,"author":{"gitId":"ongrussell"},"content":"        int taskNum;","lastModifiedDate":"2026-01-23T05:39:58","isFullCredit":false},{"lineNumber":112,"author":{"gitId":"ongrussell"},"content":"        try {","lastModifiedDate":"2026-01-23T05:39:58","isFullCredit":false},{"lineNumber":113,"author":{"gitId":"ongrussell"},"content":"            taskNum \u003d Integer.parseInt(parts[1]);","lastModifiedDate":"2026-01-23T05:39:58","isFullCredit":false},{"lineNumber":114,"author":{"gitId":"ongrussell"},"content":"        } catch (NumberFormatException e) {","lastModifiedDate":"2026-01-23T05:39:58","isFullCredit":false},{"lineNumber":115,"author":{"gitId":"ongrussell"},"content":"            throw new SuuException(\"Task number must be a number. Example: \" + commandWord + \" 2\");","lastModifiedDate":"2026-01-23T05:39:58","isFullCredit":false},{"lineNumber":116,"author":{"gitId":"ongrussell"},"content":"        }","lastModifiedDate":"2026-01-23T05:39:58","isFullCredit":false},{"lineNumber":117,"author":{"gitId":"ongrussell"},"content":"","lastModifiedDate":"2026-01-23T05:39:58","isFullCredit":false},{"lineNumber":118,"author":{"gitId":"ongrussell"},"content":"        int index \u003d taskNum - 1;","lastModifiedDate":"2026-01-23T05:39:58","isFullCredit":false},{"lineNumber":119,"author":{"gitId":"ongrussell"},"content":"","lastModifiedDate":"2026-01-23T05:39:58","isFullCredit":false},{"lineNumber":120,"author":{"gitId":"ongrussell"},"content":"        if (index \u003c 0 || index \u003e\u003d tasks.size()) {","lastModifiedDate":"2026-01-23T04:45:13","isFullCredit":false},{"lineNumber":121,"author":{"gitId":"ongrussell"},"content":"            throw new SuuException(\"That task number does not exist.\");","lastModifiedDate":"2026-01-23T05:39:58","isFullCredit":false},{"lineNumber":122,"author":{"gitId":"ongrussell"},"content":"        }","lastModifiedDate":"2026-01-23T04:45:13","isFullCredit":false},{"lineNumber":123,"author":{"gitId":"ongrussell"},"content":"","lastModifiedDate":"2026-01-23T05:39:58","isFullCredit":false},{"lineNumber":124,"author":{"gitId":"ongrussell"},"content":"        return index;","lastModifiedDate":"2026-01-23T05:39:58","isFullCredit":false},{"lineNumber":125,"author":{"gitId":"ongrussell"},"content":"    }","lastModifiedDate":"2026-01-23T04:45:13","isFullCredit":false},{"lineNumber":126,"author":{"gitId":"ongrussell"},"content":"","lastModifiedDate":"2026-01-23T05:39:58","isFullCredit":false},{"lineNumber":127,"author":{"gitId":"ongrussell"},"content":"    public static void addTodo(String input) throws SuuException {","lastModifiedDate":"2026-01-23T05:39:58","isFullCredit":false},{"lineNumber":128,"author":{"gitId":"ongrussell"},"content":"        // \"todo borrow book\"","lastModifiedDate":"2026-01-23T05:39:58","isFullCredit":false},{"lineNumber":129,"author":{"gitId":"ongrussell"},"content":"        String desc \u003d input.replaceFirst(\"todo\", \"\").trim();","lastModifiedDate":"2026-01-23T05:39:58","isFullCredit":false},{"lineNumber":130,"author":{"gitId":"ongrussell"},"content":"","lastModifiedDate":"2026-01-23T05:39:58","isFullCredit":false},{"lineNumber":131,"author":{"gitId":"ongrussell"},"content":"        if (desc.isEmpty()) {","lastModifiedDate":"2026-01-23T05:39:58","isFullCredit":false},{"lineNumber":132,"author":{"gitId":"ongrussell"},"content":"            throw new SuuException(\"The description of a todo cannot be empty.\");","lastModifiedDate":"2026-01-23T05:39:58","isFullCredit":false},{"lineNumber":133,"author":{"gitId":"ongrussell"},"content":"        }","lastModifiedDate":"2026-01-23T04:45:13","isFullCredit":false},{"lineNumber":134,"author":{"gitId":"ongrussell"},"content":"","lastModifiedDate":"2026-01-23T05:39:58","isFullCredit":false},{"lineNumber":135,"author":{"gitId":"ongrussell"},"content":"        Task t \u003d new Todo(desc);","lastModifiedDate":"2026-01-23T05:39:58","isFullCredit":false},{"lineNumber":136,"author":{"gitId":"ongrussell"},"content":"        tasks.add(t);","lastModifiedDate":"2026-01-23T05:39:58","isFullCredit":false},{"lineNumber":137,"author":{"gitId":"ongrussell"},"content":"","lastModifiedDate":"2026-01-23T04:45:13","isFullCredit":false},{"lineNumber":138,"author":{"gitId":"ongrussell"},"content":"        System.out.println(LINE);","lastModifiedDate":"2026-01-23T04:45:13","isFullCredit":false},{"lineNumber":139,"author":{"gitId":"ongrussell"},"content":"        System.out.println(\"Got it. I\u0027ve added this task:\");","lastModifiedDate":"2026-01-23T04:45:13","isFullCredit":false},{"lineNumber":140,"author":{"gitId":"ongrussell"},"content":"        System.out.println(\"  \" + t);","lastModifiedDate":"2026-01-23T05:39:58","isFullCredit":false},{"lineNumber":141,"author":{"gitId":"ongrussell"},"content":"        System.out.println(\"Now you have \" + tasks.size() + \" tasks in the list.\");","lastModifiedDate":"2026-01-23T05:39:58","isFullCredit":false},{"lineNumber":142,"author":{"gitId":"ongrussell"},"content":"        System.out.println(LINE);","lastModifiedDate":"2026-01-23T04:45:13","isFullCredit":false},{"lineNumber":143,"author":{"gitId":"ongrussell"},"content":"    }","lastModifiedDate":"2026-01-23T04:45:13","isFullCredit":false},{"lineNumber":144,"author":{"gitId":"ongrussell"},"content":"","lastModifiedDate":"2026-01-23T04:45:13","isFullCredit":false},{"lineNumber":145,"author":{"gitId":"ongrussell"},"content":"    public static void addDeadline(String input) throws SuuException {","lastModifiedDate":"2026-01-23T05:39:58","isFullCredit":false},{"lineNumber":146,"author":{"gitId":"ongrussell"},"content":"        // \"deadline return book /by Sunday\"","lastModifiedDate":"2026-01-23T05:39:58","isFullCredit":false},{"lineNumber":147,"author":{"gitId":"ongrussell"},"content":"        String rest \u003d input.replaceFirst(\"deadline\", \"\").trim();","lastModifiedDate":"2026-01-23T05:39:58","isFullCredit":false},{"lineNumber":148,"author":{"gitId":"ongrussell"},"content":"","lastModifiedDate":"2026-01-23T04:45:13","isFullCredit":false},{"lineNumber":149,"author":{"gitId":"ongrussell"},"content":"        if (rest.isEmpty()) {","lastModifiedDate":"2026-01-23T05:39:58","isFullCredit":false},{"lineNumber":150,"author":{"gitId":"ongrussell"},"content":"            throw new SuuException(\"The description of a deadline cannot be empty.\");","lastModifiedDate":"2026-01-23T05:39:58","isFullCredit":false},{"lineNumber":151,"author":{"gitId":"ongrussell"},"content":"        }","lastModifiedDate":"2026-01-23T05:39:58","isFullCredit":false},{"lineNumber":152,"author":{"gitId":"ongrussell"},"content":"","lastModifiedDate":"2026-01-23T05:39:58","isFullCredit":false},{"lineNumber":153,"author":{"gitId":"ongrussell"},"content":"        String[] parts \u003d rest.split(\" /by \", 2);","lastModifiedDate":"2026-01-23T05:39:58","isFullCredit":false},{"lineNumber":154,"author":{"gitId":"ongrussell"},"content":"        if (parts.length \u003c 2 || parts[0].trim().isEmpty() || parts[1].trim().isEmpty()) {","lastModifiedDate":"2026-01-23T05:39:58","isFullCredit":false},{"lineNumber":155,"author":{"gitId":"ongrussell"},"content":"            throw new SuuException(\"Use this format: deadline \u003ctask\u003e /by \u003ctime\u003e\");","lastModifiedDate":"2026-01-23T05:39:58","isFullCredit":false},{"lineNumber":156,"author":{"gitId":"ongrussell"},"content":"        }","lastModifiedDate":"2026-01-23T04:45:13","isFullCredit":false},{"lineNumber":157,"author":{"gitId":"ongrussell"},"content":"","lastModifiedDate":"2026-01-23T05:39:58","isFullCredit":false},{"lineNumber":158,"author":{"gitId":"ongrussell"},"content":"        String desc \u003d parts[0].trim();","lastModifiedDate":"2026-01-23T05:39:58","isFullCredit":false},{"lineNumber":159,"author":{"gitId":"ongrussell"},"content":"        String by \u003d parts[1].trim();","lastModifiedDate":"2026-01-23T05:39:58","isFullCredit":false},{"lineNumber":160,"author":{"gitId":"ongrussell"},"content":"","lastModifiedDate":"2026-01-23T05:39:58","isFullCredit":false},{"lineNumber":161,"author":{"gitId":"ongrussell"},"content":"        Task t \u003d new Deadline(desc, by);","lastModifiedDate":"2026-01-23T05:39:58","isFullCredit":false},{"lineNumber":162,"author":{"gitId":"ongrussell"},"content":"        tasks.add(t);","lastModifiedDate":"2026-01-23T04:45:13","isFullCredit":false},{"lineNumber":163,"author":{"gitId":"ongrussell"},"content":"","lastModifiedDate":"2026-01-23T04:45:13","isFullCredit":false},{"lineNumber":164,"author":{"gitId":"ongrussell"},"content":"        System.out.println(LINE);","lastModifiedDate":"2026-01-23T05:39:58","isFullCredit":false},{"lineNumber":165,"author":{"gitId":"ongrussell"},"content":"        System.out.println(\"Got it. I\u0027ve added this task:\");","lastModifiedDate":"2026-01-23T04:45:13","isFullCredit":false},{"lineNumber":166,"author":{"gitId":"ongrussell"},"content":"        System.out.println(\"  \" + t);","lastModifiedDate":"2026-01-23T04:45:13","isFullCredit":false},{"lineNumber":167,"author":{"gitId":"ongrussell"},"content":"        System.out.println(\"Now you have \" + tasks.size() + \" tasks in the list.\");","lastModifiedDate":"2026-01-23T05:39:58","isFullCredit":false},{"lineNumber":168,"author":{"gitId":"ongrussell"},"content":"        System.out.println(LINE);","lastModifiedDate":"2026-01-23T04:45:13","isFullCredit":false},{"lineNumber":169,"author":{"gitId":"ongrussell"},"content":"    }","lastModifiedDate":"2026-01-23T04:45:13","isFullCredit":false},{"lineNumber":170,"author":{"gitId":"ongrussell"},"content":"","lastModifiedDate":"2026-01-23T04:45:13","isFullCredit":false},{"lineNumber":171,"author":{"gitId":"ongrussell"},"content":"    public static void addEvent(String input) throws SuuException {","lastModifiedDate":"2026-01-23T05:39:58","isFullCredit":false},{"lineNumber":172,"author":{"gitId":"ongrussell"},"content":"        // \"event meeting /from Mon 2pm /to 4pm\"","lastModifiedDate":"2026-01-23T05:39:58","isFullCredit":false},{"lineNumber":173,"author":{"gitId":"ongrussell"},"content":"        String rest \u003d input.replaceFirst(\"event\", \"\").trim();","lastModifiedDate":"2026-01-23T05:39:58","isFullCredit":false},{"lineNumber":174,"author":{"gitId":"ongrussell"},"content":"","lastModifiedDate":"2026-01-23T04:45:13","isFullCredit":false},{"lineNumber":175,"author":{"gitId":"ongrussell"},"content":"        if (rest.isEmpty()) {","lastModifiedDate":"2026-01-23T05:39:58","isFullCredit":false},{"lineNumber":176,"author":{"gitId":"ongrussell"},"content":"            throw new SuuException(\"The description of an event cannot be empty.\");","lastModifiedDate":"2026-01-23T05:39:58","isFullCredit":false},{"lineNumber":177,"author":{"gitId":"ongrussell"},"content":"        }","lastModifiedDate":"2026-01-22T22:14:08","isFullCredit":false},{"lineNumber":178,"author":{"gitId":"ongrussell"},"content":"","lastModifiedDate":"2026-01-22T21:53:43","isFullCredit":false},{"lineNumber":179,"author":{"gitId":"ongrussell"},"content":"        String[] firstSplit \u003d rest.split(\" /from \", 2);","lastModifiedDate":"2026-01-23T05:39:58","isFullCredit":false},{"lineNumber":180,"author":{"gitId":"ongrussell"},"content":"        if (firstSplit.length \u003c 2 || firstSplit[0].trim().isEmpty()) {","lastModifiedDate":"2026-01-23T05:39:58","isFullCredit":false},{"lineNumber":181,"author":{"gitId":"ongrussell"},"content":"            throw new SuuException(\"Use this format: event \u003ctask\u003e /from \u003cstart\u003e /to \u003cend\u003e\");","lastModifiedDate":"2026-01-23T05:39:58","isFullCredit":false},{"lineNumber":182,"author":{"gitId":"ongrussell"},"content":"        }","lastModifiedDate":"2026-01-23T04:45:13","isFullCredit":false},{"lineNumber":183,"author":{"gitId":"ongrussell"},"content":"","lastModifiedDate":"2026-01-23T04:45:13","isFullCredit":false},{"lineNumber":184,"author":{"gitId":"ongrussell"},"content":"        String desc \u003d firstSplit[0].trim();","lastModifiedDate":"2026-01-23T05:39:58","isFullCredit":false},{"lineNumber":185,"author":{"gitId":"ongrussell"},"content":"        String[] secondSplit \u003d firstSplit[1].split(\" /to \", 2);","lastModifiedDate":"2026-01-23T05:39:58","isFullCredit":false},{"lineNumber":186,"author":{"gitId":"ongrussell"},"content":"","lastModifiedDate":"2026-01-23T04:45:13","isFullCredit":false},{"lineNumber":187,"author":{"gitId":"ongrussell"},"content":"        if (secondSplit.length \u003c 2 || secondSplit[0].trim().isEmpty() || secondSplit[1].trim().isEmpty()) {","lastModifiedDate":"2026-01-23T05:39:58","isFullCredit":false},{"lineNumber":188,"author":{"gitId":"ongrussell"},"content":"            throw new SuuException(\"Use this format: event \u003ctask\u003e /from \u003cstart\u003e /to \u003cend\u003e\");","lastModifiedDate":"2026-01-23T05:39:58","isFullCredit":false},{"lineNumber":189,"author":{"gitId":"ongrussell"},"content":"        }","lastModifiedDate":"2026-01-22T21:32:00","isFullCredit":false},{"lineNumber":190,"author":{"gitId":"ongrussell"},"content":"","lastModifiedDate":"2026-01-22T21:32:00","isFullCredit":false},{"lineNumber":191,"author":{"gitId":"ongrussell"},"content":"        String from \u003d secondSplit[0].trim();","lastModifiedDate":"2026-01-23T05:39:58","isFullCredit":false},{"lineNumber":192,"author":{"gitId":"ongrussell"},"content":"        String to \u003d secondSplit[1].trim();","lastModifiedDate":"2026-01-23T05:39:58","isFullCredit":false},{"lineNumber":193,"author":{"gitId":"ongrussell"},"content":"","lastModifiedDate":"2026-01-22T21:32:00","isFullCredit":false},{"lineNumber":194,"author":{"gitId":"ongrussell"},"content":"        Task t \u003d new Event(desc, from, to);","lastModifiedDate":"2026-01-23T05:39:58","isFullCredit":false},{"lineNumber":195,"author":{"gitId":"ongrussell"},"content":"        tasks.add(t);","lastModifiedDate":"2026-01-23T05:39:58","isFullCredit":false},{"lineNumber":196,"author":{"gitId":"ongrussell"},"content":"","lastModifiedDate":"2026-01-23T05:39:58","isFullCredit":false},{"lineNumber":197,"author":{"gitId":"ongrussell"},"content":"        System.out.println(LINE);","lastModifiedDate":"2026-01-23T05:39:58","isFullCredit":false},{"lineNumber":198,"author":{"gitId":"ongrussell"},"content":"        System.out.println(\"Got it. I\u0027ve added this task:\");","lastModifiedDate":"2026-01-23T05:39:58","isFullCredit":false},{"lineNumber":199,"author":{"gitId":"ongrussell"},"content":"        System.out.println(\"  \" + t);","lastModifiedDate":"2026-01-23T05:39:58","isFullCredit":false},{"lineNumber":200,"author":{"gitId":"ongrussell"},"content":"        System.out.println(\"Now you have \" + tasks.size() + \" tasks in the list.\");","lastModifiedDate":"2026-01-23T05:39:58","isFullCredit":false},{"lineNumber":201,"author":{"gitId":"ongrussell"},"content":"        System.out.println(LINE);","lastModifiedDate":"2026-01-23T05:39:58","isFullCredit":false},{"lineNumber":202,"author":{"gitId":"ongrussell"},"content":"    }","lastModifiedDate":"2026-01-22T21:12:01","isFullCredit":false},{"lineNumber":203,"author":{"gitId":"ongrussell"},"content":"","lastModifiedDate":"2026-01-23T05:48:13","isFullCredit":false},{"lineNumber":204,"author":{"gitId":"ongrussell"},"content":"    public static void deleteTask(String input) throws SuuException {","lastModifiedDate":"2026-01-23T05:48:13","isFullCredit":false},{"lineNumber":205,"author":{"gitId":"ongrussell"},"content":"        int index \u003d parseTaskNumber(input, \"delete\");","lastModifiedDate":"2026-01-23T05:48:13","isFullCredit":false},{"lineNumber":206,"author":{"gitId":"ongrussell"},"content":"","lastModifiedDate":"2026-01-23T05:48:13","isFullCredit":false},{"lineNumber":207,"author":{"gitId":"ongrussell"},"content":"        Task removed \u003d tasks.remove(index);","lastModifiedDate":"2026-01-23T05:48:13","isFullCredit":false},{"lineNumber":208,"author":{"gitId":"ongrussell"},"content":"","lastModifiedDate":"2026-01-23T05:48:13","isFullCredit":false},{"lineNumber":209,"author":{"gitId":"ongrussell"},"content":"        System.out.println(LINE);","lastModifiedDate":"2026-01-23T05:48:13","isFullCredit":false},{"lineNumber":210,"author":{"gitId":"ongrussell"},"content":"        System.out.println(\"Noted. I\u0027ve removed this task:\");","lastModifiedDate":"2026-01-23T05:48:13","isFullCredit":false},{"lineNumber":211,"author":{"gitId":"ongrussell"},"content":"        System.out.println(\"  \" + removed);","lastModifiedDate":"2026-01-23T05:48:13","isFullCredit":false},{"lineNumber":212,"author":{"gitId":"ongrussell"},"content":"        System.out.println(\"Now you have \" + tasks.size() + \" tasks in the list.\");","lastModifiedDate":"2026-01-23T05:48:13","isFullCredit":false},{"lineNumber":213,"author":{"gitId":"ongrussell"},"content":"        System.out.println(LINE);","lastModifiedDate":"2026-01-23T05:48:13","isFullCredit":false},{"lineNumber":214,"author":{"gitId":"ongrussell"},"content":"    }","lastModifiedDate":"2026-01-23T05:48:13","isFullCredit":false},{"lineNumber":215,"author":{"gitId":"ongrussell"},"content":"}","lastModifiedDate":"2026-01-22T21:12:01","isFullCredit":false}],"authorContributionMap":{"ongrussell":215}},{"path":"src/main/java/SuuException.java","fileType":"java","lines":[{"lineNumber":1,"author":{"gitId":"ongrussell"},"content":"public class SuuException extends Exception{","lastModifiedDate":"2026-01-23T05:39:58","isFullCredit":false},{"lineNumber":2,"author":{"gitId":"ongrussell"},"content":"    public SuuException(String message) {","lastModifiedDate":"2026-01-23T05:39:58","isFullCredit":false},{"lineNumber":3,"author":{"gitId":"ongrussell"},"content":"        super(message);","lastModifiedDate":"2026-01-23T05:39:58","isFullCredit":false},{"lineNumber":4,"author":{"gitId":"ongrussell"},"content":"    }","lastModifiedDate":"2026-01-23T05:39:58","isFullCredit":false},{"lineNumber":5,"author":{"gitId":"ongrussell"},"content":"","lastModifiedDate":"2026-01-23T05:39:58","isFullCredit":false},{"lineNumber":6,"author":{"gitId":"ongrussell"},"content":"}","lastModifiedDate":"2026-01-23T05:39:58","isFullCredit":false}],"authorContributionMap":{"ongrussell":6}},{"path":"src/main/java/Task.java","fileType":"java","lines":[{"lineNumber":1,"author":{"gitId":"ongrussell"},"content":"public class Task {","lastModifiedDate":"2026-01-22T22:14:08","isFullCredit":false},{"lineNumber":2,"author":{"gitId":"ongrussell"},"content":"    private String description;","lastModifiedDate":"2026-01-22T22:14:08","isFullCredit":false},{"lineNumber":3,"author":{"gitId":"ongrussell"},"content":"    private boolean isMarked;","lastModifiedDate":"2026-01-22T22:14:08","isFullCredit":false},{"lineNumber":4,"author":{"gitId":"ongrussell"},"content":"","lastModifiedDate":"2026-01-22T22:14:08","isFullCredit":false},{"lineNumber":5,"author":{"gitId":"ongrussell"},"content":"    public Task(String description) {","lastModifiedDate":"2026-01-22T22:14:08","isFullCredit":false},{"lineNumber":6,"author":{"gitId":"ongrussell"},"content":"        this.description \u003d description;","lastModifiedDate":"2026-01-22T22:14:08","isFullCredit":false},{"lineNumber":7,"author":{"gitId":"ongrussell"},"content":"        this.isMarked \u003d false;","lastModifiedDate":"2026-01-22T22:14:08","isFullCredit":false},{"lineNumber":8,"author":{"gitId":"ongrussell"},"content":"    }","lastModifiedDate":"2026-01-22T22:14:08","isFullCredit":false},{"lineNumber":9,"author":{"gitId":"ongrussell"},"content":"","lastModifiedDate":"2026-01-22T22:14:08","isFullCredit":false},{"lineNumber":10,"author":{"gitId":"ongrussell"},"content":"    public void setMarked() {","lastModifiedDate":"2026-01-22T22:14:08","isFullCredit":false},{"lineNumber":11,"author":{"gitId":"ongrussell"},"content":"        isMarked \u003d true;","lastModifiedDate":"2026-01-22T22:14:08","isFullCredit":false},{"lineNumber":12,"author":{"gitId":"ongrussell"},"content":"    }","lastModifiedDate":"2026-01-22T22:14:08","isFullCredit":false},{"lineNumber":13,"author":{"gitId":"ongrussell"},"content":"","lastModifiedDate":"2026-01-22T22:14:08","isFullCredit":false},{"lineNumber":14,"author":{"gitId":"ongrussell"},"content":"    public void unmark() {","lastModifiedDate":"2026-01-22T22:14:08","isFullCredit":false},{"lineNumber":15,"author":{"gitId":"ongrussell"},"content":"        isMarked \u003d false;","lastModifiedDate":"2026-01-22T22:14:08","isFullCredit":false},{"lineNumber":16,"author":{"gitId":"ongrussell"},"content":"    }","lastModifiedDate":"2026-01-22T22:14:08","isFullCredit":false},{"lineNumber":17,"author":{"gitId":"ongrussell"},"content":"","lastModifiedDate":"2026-01-22T22:14:08","isFullCredit":false},{"lineNumber":18,"author":{"gitId":"ongrussell"},"content":"    @Override","lastModifiedDate":"2026-01-22T22:14:08","isFullCredit":false},{"lineNumber":19,"author":{"gitId":"ongrussell"},"content":"    public String toString() {","lastModifiedDate":"2026-01-22T22:14:08","isFullCredit":false},{"lineNumber":20,"author":{"gitId":"ongrussell"},"content":"        String status \u003d isMarked ? \"X\" : \" \";","lastModifiedDate":"2026-01-22T22:14:08","isFullCredit":false},{"lineNumber":21,"author":{"gitId":"ongrussell"},"content":"        return \"[\" + status + \"] \" + description;","lastModifiedDate":"2026-01-22T22:14:08","isFullCredit":false},{"lineNumber":22,"author":{"gitId":"ongrussell"},"content":"    }","lastModifiedDate":"2026-01-22T22:14:08","isFullCredit":false},{"lineNumber":23,"author":{"gitId":"ongrussell"},"content":"}","lastModifiedDate":"2026-01-22T22:14:08","isFullCredit":false}],"authorContributionMap":{"ongrussell":23}},{"path":"src/main/java/Todo.java","fileType":"java","lines":[{"lineNumber":1,"author":{"gitId":"ongrussell"},"content":"public class Todo extends Task {","lastModifiedDate":"2026-01-23T04:45:13","isFullCredit":false},{"lineNumber":2,"author":{"gitId":"ongrussell"},"content":"    public Todo(String description) {","lastModifiedDate":"2026-01-23T04:45:13","isFullCredit":false},{"lineNumber":3,"author":{"gitId":"ongrussell"},"content":"        super(description);","lastModifiedDate":"2026-01-23T04:45:13","isFullCredit":false},{"lineNumber":4,"author":{"gitId":"ongrussell"},"content":"    }","lastModifiedDate":"2026-01-23T04:45:13","isFullCredit":false},{"lineNumber":5,"author":{"gitId":"ongrussell"},"content":"","lastModifiedDate":"2026-01-23T04:45:13","isFullCredit":false},{"lineNumber":6,"author":{"gitId":"ongrussell"},"content":"    @Override","lastModifiedDate":"2026-01-23T04:45:13","isFullCredit":false},{"lineNumber":7,"author":{"gitId":"ongrussell"},"content":"    public String toString() {","lastModifiedDate":"2026-01-23T04:45:13","isFullCredit":false},{"lineNumber":8,"author":{"gitId":"ongrussell"},"content":"        return \"[T]\" + super.toString();","lastModifiedDate":"2026-01-23T04:45:13","isFullCredit":false},{"lineNumber":9,"author":{"gitId":"ongrussell"},"content":"    }","lastModifiedDate":"2026-01-23T04:45:13","isFullCredit":false},{"lineNumber":10,"author":{"gitId":"ongrussell"},"content":"","lastModifiedDate":"2026-01-23T04:45:13","isFullCredit":false},{"lineNumber":11,"author":{"gitId":"ongrussell"},"content":"}","lastModifiedDate":"2026-01-23T04:45:13","isFullCredit":false}],"authorContributionMap":{"ongrussell":11}},{"path":"text-ui-test/input.txt","fileType":"txt","lines":[{"lineNumber":1,"author":{"gitId":"ongrussell"},"content":"todo read book","lastModifiedDate":"2026-01-23T05:48:13","isFullCredit":false},{"lineNumber":2,"author":{"gitId":"ongrussell"},"content":"deadline return book /by Sunday","lastModifiedDate":"2026-01-23T06:03:07","isFullCredit":false},{"lineNumber":3,"author":{"gitId":"ongrussell"},"content":"event meeting /from Mon /to Tue","lastModifiedDate":"2026-01-23T06:03:07","isFullCredit":false},{"lineNumber":4,"author":{"gitId":"ongrussell"},"content":"list","lastModifiedDate":"2026-01-23T05:48:13","isFullCredit":false},{"lineNumber":5,"author":{"gitId":"ongrussell"},"content":"mark 1","lastModifiedDate":"2026-01-23T06:03:07","isFullCredit":false},{"lineNumber":6,"author":{"gitId":"ongrussell"},"content":"delete 2","lastModifiedDate":"2026-01-23T05:48:13","isFullCredit":false},{"lineNumber":7,"author":{"gitId":"ongrussell"},"content":"blah","lastModifiedDate":"2026-01-23T06:03:07","isFullCredit":false},{"lineNumber":8,"author":{"gitId":"ongrussell"},"content":"bye","lastModifiedDate":"2026-01-23T05:00:17","isFullCredit":false}],"authorContributionMap":{"ongrussell":8}},{"path":"text-ui-test/runtest.bat","fileType":"bat","lines":[{"lineNumber":1,"author":{"gitId":"-"},"content":"@ECHO OFF","lastModifiedDate":"2020-05-25T00:03:55","isFullCredit":false},{"lineNumber":2,"author":{"gitId":"-"},"content":"","lastModifiedDate":"2020-05-25T00:03:55","isFullCredit":false},{"lineNumber":3,"author":{"gitId":"-"},"content":"REM create bin directory if it doesn\u0027t exist","lastModifiedDate":"2020-05-25T00:03:55","isFullCredit":false},{"lineNumber":4,"author":{"gitId":"-"},"content":"if not exist ..\\bin mkdir ..\\bin","lastModifiedDate":"2020-05-25T00:03:55","isFullCredit":false},{"lineNumber":5,"author":{"gitId":"-"},"content":"","lastModifiedDate":"2020-05-25T00:03:55","isFullCredit":false},{"lineNumber":6,"author":{"gitId":"-"},"content":"REM delete output from previous run","lastModifiedDate":"2020-05-25T00:03:55","isFullCredit":false},{"lineNumber":7,"author":{"gitId":"-"},"content":"if exist ACTUAL.TXT del ACTUAL.TXT","lastModifiedDate":"2020-08-25T17:23:26","isFullCredit":false},{"lineNumber":8,"author":{"gitId":"-"},"content":"","lastModifiedDate":"2020-05-25T00:03:55","isFullCredit":false},{"lineNumber":9,"author":{"gitId":"-"},"content":"REM compile the code into the bin folder","lastModifiedDate":"2020-05-25T00:03:55","isFullCredit":false},{"lineNumber":10,"author":{"gitId":"-"},"content":"javac  -cp ..\\src\\main\\java -Xlint:none -d ..\\bin ..\\src\\main\\java\\*.java","lastModifiedDate":"2020-08-25T17:23:26","isFullCredit":false},{"lineNumber":11,"author":{"gitId":"-"},"content":"IF ERRORLEVEL 1 (","lastModifiedDate":"2020-05-25T00:03:55","isFullCredit":false},{"lineNumber":12,"author":{"gitId":"-"},"content":"    echo ********** BUILD FAILURE **********","lastModifiedDate":"2020-05-25T00:03:55","isFullCredit":false},{"lineNumber":13,"author":{"gitId":"-"},"content":"    exit /b 1","lastModifiedDate":"2020-05-25T00:03:55","isFullCredit":false},{"lineNumber":14,"author":{"gitId":"-"},"content":")","lastModifiedDate":"2020-05-25T00:03:55","isFullCredit":false},{"lineNumber":15,"author":{"gitId":"-"},"content":"REM no error here, errorlevel \u003d\u003d 0","lastModifiedDate":"2020-05-25T00:03:55","isFullCredit":false},{"lineNumber":16,"author":{"gitId":"-"},"content":"","lastModifiedDate":"2020-05-25T00:03:55","isFullCredit":false},{"lineNumber":17,"author":{"gitId":"-"},"content":"REM run the program, feed commands from input.txt file and redirect the output to the ACTUAL.TXT","lastModifiedDate":"2020-05-25T00:03:55","isFullCredit":false},{"lineNumber":18,"author":{"gitId":"ongrussell"},"content":"java -classpath ..\\bin Suu \u003c input.txt \u003e ACTUAL.TXT","lastModifiedDate":"2026-01-23T05:00:17","isFullCredit":false},{"lineNumber":19,"author":{"gitId":"-"},"content":"","lastModifiedDate":"2020-05-25T00:03:55","isFullCredit":false},{"lineNumber":20,"author":{"gitId":"-"},"content":"REM compare the output to the expected output","lastModifiedDate":"2020-05-25T00:03:55","isFullCredit":false},{"lineNumber":21,"author":{"gitId":"-"},"content":"FC ACTUAL.TXT EXPECTED.TXT","lastModifiedDate":"2020-05-25T00:03:55","isFullCredit":false}],"authorContributionMap":{"ongrussell":1,"-":20}}]
