{"authorDailyContributionsMap":{"andrewsoonqn":[{"date":"2026-01-22T00:00:00","commitResults":[{"hash":"b5992fd9179e0d20e27dc471e328db2dd63b96a1","isMergeCommit":false,"messageTitle":"Add Arnold.java with greet and exit","messageBody":"Arnold.java houses the main Arnold  class for Arnold, our chatbot.\n\nArnold is the name given to differentiate from the placeholder name Duke.\n\nThe Arnold class can greet and exit the user when run.\n","fileTypesAndContributionMap":{"java":{"insertions":22,"deletions":0}}},{"hash":"f9254d6a7d44259076ab2bdaaa6e2948229744c3","isMergeCommit":false,"messageTitle":"Terminate program after saying bye","messageBody":"","fileTypesAndContributionMap":{"java":{"insertions":1,"deletions":0}}},{"hash":"61d504552f39dc8b28f839ba7554a6398939c44c","isMergeCommit":false,"messageTitle":"Add basic user input loop to Arnold main method","messageBody":"The program echoes user input until \u0027bye\u0027 is entered, at which point it prints the goodbye message and exits.\n","fileTypesAndContributionMap":{"java":{"insertions":21,"deletions":3}}},{"hash":"188c178db8e2520a79dacb13b500ca5160eda354","isMergeCommit":false,"messageTitle":"Refactor method names for brevity in Arnold.java","messageBody":"","fileTypesAndContributionMap":{"java":{"insertions":11,"deletions":11}}},{"hash":"466d8959295cc522b108e5516c6777c5dcdcdeb7","isMergeCommit":false,"messageTitle":"Indent Arnold\u0027s responses","messageBody":"Standardise output indentation across the application.\n\nThis improves readability for the user.\n","fileTypesAndContributionMap":{"java":{"insertions":9,"deletions":5}}}]},{"date":"2026-01-23T00:00:00","commitResults":[{"hash":"bf93cddf50fd319a3917cb61d0c7de3f40f6ef99","isMergeCommit":false,"messageTitle":"Add TaskList singleton class","messageBody":"Introduces the TaskList class implementing the singleton pattern to manage a list of tasks. Provides methods to add tasks and retrieve the singleton instance.\n","fileTypesAndContributionMap":{"java":{"insertions":19,"deletions":0}}},{"hash":"1a64fb5f168a4652085891c962aa6b960fc020e0","isMergeCommit":false,"messageTitle":"Add method to list all tasks in TaskList","messageBody":"Introduced the listTasks() method, providing a way to retrieve and display all stored tasks.\n","fileTypesAndContributionMap":{"java":{"insertions":8,"deletions":0}}},{"hash":"97210b39c67c478f496449abc38d1a4d245c37c0","isMergeCommit":false,"messageTitle":"Add section comments to Arnold.java","messageBody":"Introduced section comments to organize helper methods and chatbot commands in Arnold.java for improved code readability.\n","fileTypesAndContributionMap":{"java":{"insertions":6,"deletions":0}}},{"hash":"116ef1d993c7c95c49b6ab8f9195ae6bfe03e9fd","isMergeCommit":false,"messageTitle":"Refactor message printing","messageBody":"The code is cluttered with constant reuse of the line() method. Lines are printed before and after each message.\n\nIntroduce a method for printing messages which handles styling like the horizontal lines and indents.\n","fileTypesAndContributionMap":{"java":{"insertions":18,"deletions":10}}},{"hash":"4998b5fa5afbd6c266ff863bc202c0b3cfb4ebdb","isMergeCommit":false,"messageTitle":"Add handling for listing tasks and task addition","messageBody":"As a placeholder, the main loop only echoes user input currently.\n\nIntroduce methods for handling the \u0027list\u0027 command and adding tasks to improve functionality.\n","fileTypesAndContributionMap":{"java":{"insertions":10,"deletions":3}}},{"hash":"b0d6e394abccaf7b77c11c58457cbfb7ad575db0","isMergeCommit":false,"messageTitle":"Avoid newline on last task","messageBody":"listTasks method appends a newline character after each task. This causes the chatbot message to have an extra blank line which is not visually nice.\n\nAvoid adding a \"\\n\" on the last task item to solve this.\n","fileTypesAndContributionMap":{"java":{"insertions":4,"deletions":0}}},{"hash":"afe476b7f79a2e4b6a434ea4cdb62542df86c2f8","isMergeCommit":false,"messageTitle":"Remove redundant System.exit method when exiting","messageBody":"The program will terminate on its own.\n\nCo-authored-by: Copilot \u003c175728472+Copilot@users.noreply.github.com\u003e","fileTypesAndContributionMap":{"java":{"insertions":0,"deletions":1}}},{"hash":"7f1ee0b3c89d95f407d5d719a26fe5d37ec7afa4","isMergeCommit":true,"messageTitle":"Merge pull request #1 from andrewsoonqn/level-0-rename-greet-exit","messageBody":"","tags":["Level-0"],"fileTypesAndContributionMap":{}},{"hash":"63f12bb2df88cd01b7ad230b71f48965b1b0d207","isMergeCommit":true,"messageTitle":"Merge branch \u0027master\u0027 into level-1-echo","messageBody":"","fileTypesAndContributionMap":{}},{"hash":"11ebee8fad56d63a3476f05f760d02440098f455","isMergeCommit":true,"messageTitle":"Merge pull request #6 from andrewsoonqn/level-1-echo","messageBody":"","tags":["Level-1"],"fileTypesAndContributionMap":{}},{"hash":"9b02b9540b3074b8c8063c8360854384cd8221c8","isMergeCommit":false,"messageTitle":"Make TaskList static variables final","messageBody":"Make `TaskList` instance and `tasks` List\u003cString\u003e final for safety.\n\nCo-authored-by: Copilot \u003c175728472+Copilot@users.noreply.github.com\u003e","fileTypesAndContributionMap":{"java":{"insertions":2,"deletions":2}}},{"hash":"d951e1bf93c15322cf4b0d7d6a445675e3c5784f","isMergeCommit":true,"messageTitle":"Merge pull request #7 from andrewsoonqn/level-2-add-list","messageBody":"","fileTypesAndContributionMap":{}},{"hash":"d6b67a2bea29820fd58fd1210a6d7d03e21c53c7","isMergeCommit":false,"messageTitle":"Delete Duke.java","messageBody":"","fileTypesAndContributionMap":{"java":{"insertions":0,"deletions":10}}},{"hash":"642a787458526d0678385371bae27651a6a49272","isMergeCommit":false,"messageTitle":"Refactor line separator to use String.repeat","messageBody":"Replace the hardcoded line of underscores.\n","fileTypesAndContributionMap":{"java":{"insertions":1,"deletions":1}}},{"hash":"59a3e1a1f6da8c94d928d2f3dc1664fcea93039a","isMergeCommit":false,"messageTitle":"Number tasks in listTasks output","messageBody":"","fileTypesAndContributionMap":{"java":{"insertions":8,"deletions":2}}},{"hash":"5078f686361b47053078d87afd49b12ef8d1ccc7","isMergeCommit":true,"messageTitle":"Merge pull request #10 from andrewsoonqn/minor-tweaks","messageBody":"","tags":["Level-2"],"fileTypesAndContributionMap":{}},{"hash":"35804c24f888268f601496092834468fe8e1819c","isMergeCommit":false,"messageTitle":"Refactor to use Task objects for task management","messageBody":"Introduce a Task class to encapsulate task data, state, behaviour.\n\nUpdate Arnold and TaskList to use Task objects instead of raw strings, improving code structure and extensibility.\n","fileTypesAndContributionMap":{"java":{"insertions":36,"deletions":6}}},{"hash":"b77aa29eddd9ca216716de7cf21bb4b0145499e2","isMergeCommit":false,"messageTitle":"Add `id` field to task","messageBody":"Introduce a unique incremental ID for each Task instance.\n\nRemove redundant formatting and counter in `TaskList` class accordingly.\n","fileTypesAndContributionMap":{"java":{"insertions":6,"deletions":6}}}]},{"date":"2026-01-24T00:00:00","commitResults":[{"hash":"c5a3a3bbe2b1a02978d374e52d7d72463022b04e","isMergeCommit":false,"messageTitle":"Refactor Arnold class","messageBody":"Command handling is starting to get convoluted in Arnold class, especially as we add arguments into the mix.\n\nRefactor Arnold.java to delegate processing to InputProcessor class.\n\nIn other words, Arnold only needs to know how to `hi` and `run`. To perform these tasks, Arnold calls its inputProcessor.\n\nFor this change, move main method to a new Main.java file which will instruct Arnold class.\n","fileTypesAndContributionMap":{"java":{"insertions":25,"deletions":54}}},{"hash":"b75b0b1f15e9da20968508330ca667f8d32ac40e","isMergeCommit":false,"messageTitle":"Add Messenger utility class","messageBody":"For better separation of concerns, add Messenger class which handles all printing of messages to the user interface.\n","fileTypesAndContributionMap":{"java":{"insertions":25,"deletions":0}}},{"hash":"8dd9af86c18cbe90c16ecb6aa2daef9a0e3d387d","isMergeCommit":false,"messageTitle":"Move Task and TaskList classes to Tasks package","messageBody":"","fileTypesAndContributionMap":{"java":{"insertions":63,"deletions":34}}},{"hash":"cea645268fe40bc958ed0c9c38ece363d081b5c5","isMergeCommit":false,"messageTitle":"Add input handling strategy classes","messageBody":"Introduces the InputHandlingStrategy interface and its implementations: DefaultStrategy, ExitStrategy, HiStrategy, and ListStrategy. These classes encapsulate different input handling behaviors for commands such as adding tasks, greeting, listing tasks, and exiting the application.\n","fileTypesAndContributionMap":{"java":{"insertions":56,"deletions":0}}},{"hash":"aa26b472845f000da022e9b71901c2a08e7b77c6","isMergeCommit":false,"messageTitle":"Add InputProcessor for command handling","messageBody":"Introduces the InputProcessor class to handle user input commands using strategy patterns.\n","fileTypesAndContributionMap":{"java":{"insertions":40,"deletions":0}}},{"hash":"e7dc701fcb82d6a805dd9e2ae256a1ccf2f97e17","isMergeCommit":false,"messageTitle":"Add imports to Arnold.java","messageBody":"Add imports for input handling, task, and messaging modules\n","fileTypesAndContributionMap":{"java":{"insertions":5,"deletions":0}}},{"hash":"f5254be8b317cc214d6d5bf02691785ee5afce34","isMergeCommit":true,"messageTitle":"Merge pull request #12 from andrewsoonqn/task-class","messageBody":"","tags":["A-Classes"],"fileTypesAndContributionMap":{}},{"hash":"b1dfed72e7f27dfe1b4d0639295cae6c4c6572b2","isMergeCommit":false,"messageTitle":"Delegate greeting to Messenger","messageBody":"Greeting text is duplicated here even though Messenger already has a hi() method.\n\nCo-authored-by: Copilot \u003c175728472+Copilot@users.noreply.github.com\u003e","fileTypesAndContributionMap":{"java":{"insertions":1,"deletions":1}}},{"hash":"911c1738e21dcb5c3b053af950d237f66060481c","isMergeCommit":false,"messageTitle":"Add @Override to ListStrategy","messageBody":"Co-authored-by: Copilot \u003c175728472+Copilot@users.noreply.github.com\u003e","fileTypesAndContributionMap":{"java":{"insertions":1,"deletions":0}}},{"hash":"9c0621255c55aa3b03f83a1e5df02f565c8b0d30","isMergeCommit":false,"messageTitle":"Remove unnecessary comments","messageBody":"Co-authored-by: Copilot \u003c175728472+Copilot@users.noreply.github.com\u003e","fileTypesAndContributionMap":{"java":{"insertions":0,"deletions":2}}},{"hash":"17aeae3be49da39a8b596c2d5f007ce8cb75f938","isMergeCommit":false,"messageTitle":"Delete unused Task.java duplicate","messageBody":"","fileTypesAndContributionMap":{"java":{"insertions":0,"deletions":33}}},{"hash":"0f75868db6d8c5660d024b5ba08c7f7ed1fcfbf0","isMergeCommit":true,"messageTitle":"Merge branch \u0027refactor/strategies\u0027 of https://github.com/andrewsoonqn/ip into refactor/strategies","messageBody":"","fileTypesAndContributionMap":{}},{"hash":"a79f49f3b8e148075f8f022202ca59c6d553c13e","isMergeCommit":false,"messageTitle":"Implement event-based shutdown mechanism","messageBody":"System.exit(0) hard-terminates the JVM, which makes the chatbot hard to test/embed and prevents graceful shutdown/cleanup.\n\nUse events to signal termination back to the main loop.\n","fileTypesAndContributionMap":{"java":{"insertions":37,"deletions":1}}},{"hash":"30c340ac0133b35c6a246b1d8c37c092374e9bb2","isMergeCommit":true,"messageTitle":"Merge pull request #15 from andrewsoonqn/refactor/strategies","messageBody":"","fileTypesAndContributionMap":{}},{"hash":"56c0f1f83d9cf2dfea79bd62ed853aafaaa8b479","isMergeCommit":false,"messageTitle":"Add mark and unmark methods to TaskList","messageBody":"Allow marking and unmarking tasks by their ID within the TaskList class.\n","fileTypesAndContributionMap":{"java":{"insertions":8,"deletions":0}}},{"hash":"b89a55f35be27e29f3a14d139e3c8b37d1f534e0","isMergeCommit":false,"messageTitle":"Add MarkStrategy and UnmarkStrategy classes","messageBody":"Introduced MarkStrategy and UnmarkStrategy to handle marking and unmarking tasks as done or not done. These classes interact with Messenger and TaskList to update task status and provide user feedback.\n","fileTypesAndContributionMap":{"java":{"insertions":28,"deletions":0}}},{"hash":"fec5e818df7da4e6fe0031a8748ee049027bf593","isMergeCommit":false,"messageTitle":"Prepend message to \u0027list\u0027 command output","messageBody":"","fileTypesAndContributionMap":{"java":{"insertions":3,"deletions":1}}},{"hash":"f904da98ed60314b1fd1325665aeeae3bf85d63e","isMergeCommit":false,"messageTitle":"Refactor task access by ID in TaskList","messageBody":"The id of a Task corresponds directly with its position in a task list as shown to the user, i.e., 1-indexed. Add getTask(id) method to abstract this logic and error-proof code.\n","fileTypesAndContributionMap":{"java":{"insertions":6,"deletions":2}}},{"hash":"f7533203b235ef1d9f5c1e6cf150eb842013b54d","isMergeCommit":false,"messageTitle":"Add mark and unmark command strategies","messageBody":"Handle \u0027mark\u0027 and \u0027unmark\u0027 commands in InputProcessor.\n","fileTypesAndContributionMap":{"java":{"insertions":3,"deletions":1}}},{"hash":"f6482a8515b014ba8d25c958395bd9636bb730c2","isMergeCommit":false,"messageTitle":"Tweak output format","messageBody":"","fileTypesAndContributionMap":{"java":{"insertions":11,"deletions":5}}},{"hash":"f3f8fbd37768b52361a21b05a2d77c8f4427fde2","isMergeCommit":false,"messageTitle":"Remove unused import","messageBody":"Co-authored-by: Copilot \u003c175728472+Copilot@users.noreply.github.com\u003e","fileTypesAndContributionMap":{"java":{"insertions":0,"deletions":1}}},{"hash":"c52048a0542a3f0e96e7fff33a8fc482db522297","isMergeCommit":false,"messageTitle":"Using whitespace regex to parse commands","messageBody":"Splitting the normalized input with split(\" \") will produce empty tokens when the user types multiple spaces (for example, \"mark   1\" yields commandParts[1] \u003d\u003d \"\"), which then gets passed as the argument to strategies like MarkStrategy and UnmarkStrategy and leads to parsing errors. \r\n\r\nUse whitespace regex to make the command parsing more robust to common user input patterns.\n\nCo-authored-by: Copilot \u003c175728472+Copilot@users.noreply.github.com\u003e","fileTypesAndContributionMap":{"java":{"insertions":1,"deletions":1}}},{"hash":"703e85a5fcb8e69642e7aeade821296bdfb212d8","isMergeCommit":true,"messageTitle":"Merge pull request #18 from andrewsoonqn/level-3-mark-unmark","messageBody":"","tags":["Level-3"],"fileTypesAndContributionMap":{}},{"hash":"4cc6dc1691dd5714f2d807fed48b60b7bce508aa","isMergeCommit":false,"messageTitle":"Make Task abstract","messageBody":"Prevent instantiation of Task.\n","fileTypesAndContributionMap":{"java":{"insertions":1,"deletions":1}}},{"hash":"41f3cb75c8b6c65c10089df40f4a50b11a918846","isMergeCommit":false,"messageTitle":"Add Todo class","messageBody":"","fileTypesAndContributionMap":{"java":{"insertions":7,"deletions":0}}},{"hash":"d1d5273082751f54f476af827846b0ca1724b292","isMergeCommit":false,"messageTitle":"Add Deadline class","messageBody":"","fileTypesAndContributionMap":{"java":{"insertions":15,"deletions":0}}},{"hash":"bb99dfdd04b66d2c8a145a76b77f174cc448697e","isMergeCommit":false,"messageTitle":"Add Event class","messageBody":"","fileTypesAndContributionMap":{"java":{"insertions":18,"deletions":0}}},{"hash":"f7d7fd8ad37f66403fe52a7c331174b838894ca0","isMergeCommit":false,"messageTitle":"Refactor task string formatting","messageBody":"Tasks handle their \"convert to string\" methods (with and without ids). There is room for more separation of concerns, especially as we have more subclasses.\n\n- Introduce the TaskString utility class to handle task string formatting with and without IDs.\n- Update Task, Todo, Deadline, and Event toString methods to include type prefixes ([T], [D], [E]).\n- Refactor strategies and TaskList to use TaskString for consistent output formatting.\n","fileTypesAndContributionMap":{"java":{"insertions":31,"deletions":12}}},{"hash":"a6fc5b5fd0024979b71ab1f8d13633fba0bdc956","isMergeCommit":false,"messageTitle":"Move Todo creation to a new strategy class","messageBody":"","fileTypesAndContributionMap":{"java":{"insertions":16,"deletions":3}}},{"hash":"2de6a90c28a64bfbf5f4674e25e4d04dd3699e46","isMergeCommit":false,"messageTitle":"Integrate TodoStrategy into InputProcessor","messageBody":"","fileTypesAndContributionMap":{"java":{"insertions":2,"deletions":1}}},{"hash":"718a96f05e0d5402c22c525ca2c792f238719118","isMergeCommit":false,"messageTitle":"Add ArgParser utility","messageBody":"Introduce ArgParser class for parsing command arguments and flags.\n","fileTypesAndContributionMap":{"java":{"insertions":36,"deletions":0}}},{"hash":"2e7ffa5271cc8277f36235d48d328c605813670b","isMergeCommit":false,"messageTitle":"Refactor input parsing to use ArgParser","messageBody":"Delegate logic for separating command and argument(s).\n","fileTypesAndContributionMap":{"java":{"insertions":3,"deletions":3}}},{"hash":"ebc850b7904c36d7a8ae6d0655844b5e1c0fc263","isMergeCommit":false,"messageTitle":"Remove redundant main method in ArgParser class","messageBody":"","fileTypesAndContributionMap":{"java":{"insertions":0,"deletions":5}}},{"hash":"1190f48e5558a8dd9ef907498f368118d2f695f3","isMergeCommit":false,"messageTitle":"Store task description in flags map","messageBody":"There is no way to retrieve task description.\n\nLet\u0027s reserve \"taskDescription\" as a pseudo-flag in the flag to value map. This is the simplest way (to the best of my knowledge) to implement now.\n\nThis allows downstream code to access the parsed task description alongside other flags.\n","fileTypesAndContributionMap":{"java":{"insertions":3,"deletions":1}}},{"hash":"d53101658bd790ae10c30009311cb1855265129f","isMergeCommit":false,"messageTitle":"Add DeadlineStrategy","messageBody":"","fileTypesAndContributionMap":{"java":{"insertions":20,"deletions":0}}},{"hash":"a0f4dda613bbe52a7e5a52b1699a2b74807123cf","isMergeCommit":false,"messageTitle":"Add EventStrategy","messageBody":"","fileTypesAndContributionMap":{"java":{"insertions":20,"deletions":0}}},{"hash":"44457a9b427befb682e6742181e77d9998ba4bd4","isMergeCommit":false,"messageTitle":"Register strategies for deadline and event tasks","messageBody":"","fileTypesAndContributionMap":{"java":{"insertions":3,"deletions":1}}},{"hash":"bcaa8456b4fe9ddce1800f628f5b69fcecf7e5bc","isMergeCommit":false,"messageTitle":"TaskList: use toString instead of listTasks","messageBody":"","fileTypesAndContributionMap":{"java":{"insertions":3,"deletions":2}}},{"hash":"a75bfe4313b7b4f2c65fa1c2a56cdbe10d3468a0","isMergeCommit":false,"messageTitle":"Inherit relevant strategies from AddTaskStrategy","messageBody":"Refactor DeadlineStrategy, EventStrategy, and TodoStrategy to extend AddTaskStrategy and implement only the task creation logic (the only different part), reducing code duplication and improving maintainability.\n\nShared behaviour will be easier to implement. e.g., displaying remaining tasks.\n","tags":["A-Inheritance"],"fileTypesAndContributionMap":{"java":{"insertions":26,"deletions":15}}},{"hash":"b3cdf034c21691d64998c696ce5cd10827352940","isMergeCommit":false,"messageTitle":"Improve message after adding tasks","messageBody":"Change TaskList.addTask to return the added Task instead of a String.\n\nUpdate AddTaskStrategy to print a more informative message.\n\nOther changes:\n- Add getSize method to TaskList for retrieving the current number of tasks.\n- Move message related logic out of TaskList for better separation of concerns.\n","fileTypesAndContributionMap":{"java":{"insertions":12,"deletions":4}}},{"hash":"a0acdfefd8b1c7d8323564b840353c6e7bac7cb5","isMergeCommit":false,"messageTitle":"Minor tweak to task string representation","messageBody":"","tags":["Level-4"],"fileTypesAndContributionMap":{"java":{"insertions":2,"deletions":2}}},{"hash":"f576e1d81713de22f6fefa094d4f5fe90f19ae0b","isMergeCommit":false,"messageTitle":"Tweak usage of strip and toLowerCase methods","messageBody":"Task descriptions and flag arguments are unintentionally converted to lowercase. Whitespace between arguments might also remain.\n\nFix by tweaking usage of strip and removing toLowerCase.\n","fileTypesAndContributionMap":{"java":{"insertions":2,"deletions":3}}},{"hash":"dc1794348978adeda7748d2cc8c2c30c4f0afce1","isMergeCommit":false,"messageTitle":"Improve code style","messageBody":"","fileTypesAndContributionMap":{"java":{"insertions":13,"deletions":24}}},{"hash":"949c47393eb68f5f8086216edbd7d1fce9054875","isMergeCommit":true,"messageTitle":"Merge pull request #24 from andrewsoonqn/level-4-todos-events-deadlines","messageBody":"","fileTypesAndContributionMap":{}},{"hash":"68171e41a7aaf73d8f3e8cefcd7b4a06f7450f86","isMergeCommit":false,"messageTitle":"Add text UI test cases","messageBody":"Test greeting, invalid input, task addition, marking, unmarking, listing, and exit functionality.\n","fileTypesAndContributionMap":{"txt":{"insertions":11,"deletions":0}}},{"hash":"34b43f75620b89ab2ecef4c116388bebd9f10632","isMergeCommit":false,"messageTitle":"Update test scripts","messageBody":"","fileTypesAndContributionMap":{"bat":{"insertions":1,"deletions":1},"sh":{"insertions":2,"deletions":6}}},{"hash":"10a9b560efcb7329d68bc7c93d7980a5fad695c6","isMergeCommit":true,"messageTitle":"Merge pull request #27 from andrewsoonqn/text-ui-testing","messageBody":"","tags":["A-TextUiTesting"],"fileTypesAndContributionMap":{}},{"hash":"29b4e7bc932aaab9f1d4cbd2db97c6be9a9ed6ec","isMergeCommit":false,"messageTitle":"Add custom ChatBotException class","messageBody":"Introduce a ChatBotException extending RuntimeException for handling chatbot-specific errors.\n","fileTypesAndContributionMap":{"java":{"insertions":7,"deletions":0}}},{"hash":"2dfa1e53a9d49e4983cba65e2eff48570779bc9c","isMergeCommit":false,"messageTitle":"Add NoSuchCommandException","messageBody":"Throw NoSuchCommandException for invalid commands.\n\nInputProcessor now catches ChatBotException and prints the error message.\n","fileTypesAndContributionMap":{"java":{"insertions":19,"deletions":6}}},{"hash":"65f420c2ad82250206dabf246fec89e64153bcce","isMergeCommit":false,"messageTitle":"Handle empty task description","messageBody":"Introduce ChatbotArgumentException for argument validation. Update AddTaskStrategy to throw this exception when the input is blank, ensuring task descriptions are mandatory.\n","fileTypesAndContributionMap":{"java":{"insertions":12,"deletions":0}}},{"hash":"804f20d2e3f86258c78b3af885c3d9b0ccb31442","isMergeCommit":false,"messageTitle":"Enforce mandatory deadline in DeadlineStrategy","messageBody":"Throw ChatbotArgumentException if the deadline is missing to prevent invalid task creation.\n","fileTypesAndContributionMap":{"java":{"insertions":6,"deletions":1}}},{"hash":"02dfe732d36a01ce65f8cbdcba4c262b20605323","isMergeCommit":false,"messageTitle":"Handle missing event start or end time","messageBody":"Ensure \u0027from\u0027 and \u0027to\u0027 flags are provided when creating an Event. Throw ChatbotArgumentException if either is missing.\n","fileTypesAndContributionMap":{"java":{"insertions":11,"deletions":0}}},{"hash":"871287ace428fb621f601293ebfeaa4b75eb7aaa","isMergeCommit":false,"messageTitle":"Modify error messages","messageBody":"","fileTypesAndContributionMap":{"java":{"insertions":22,"deletions":2}}}]},{"date":"2026-01-25T00:00:00","commitResults":[{"hash":"4dd725db06e8e6a8cb6969655758cfc9e0cb2d17","isMergeCommit":false,"messageTitle":"Throw a more specific exception","messageBody":"","fileTypesAndContributionMap":{"java":{"insertions":2,"deletions":1}}},{"hash":"b276822f5b529b86e11a773b732f806e17bbbdf5","isMergeCommit":false,"messageTitle":"Rename ChatBotException to ChatbotException","messageBody":"","fileTypesAndContributionMap":{"java":{"insertions":7,"deletions":7}}},{"hash":"50c170302407e95e2a1b178e473db4b0ade47aff","isMergeCommit":false,"messageTitle":"Fix ChatbotException class name inconsistencies","messageBody":"","fileTypesAndContributionMap":{"java":{"insertions":4,"deletions":5}}},{"hash":"963fcd31f51df33f2000f59dc7052402648159a7","isMergeCommit":false,"messageTitle":"Fix typo in example usages","messageBody":"","fileTypesAndContributionMap":{"java":{"insertions":2,"deletions":2}}},{"hash":"8fe58dfec71fab63130cc2f4ae87012e5b76e582","isMergeCommit":false,"messageTitle":"Check for blank arguments for deadline and event","messageBody":"Validation misses cases with blank values, e.g. `deadline homework /by`.\n","fileTypesAndContributionMap":{"java":{"insertions":6,"deletions":6}}},{"hash":"585b77be18516350ae477208240fc6432b6b27ba","isMergeCommit":false,"messageTitle":"Check task description for event and deadline","messageBody":"Checks miss empty task descriptions. e.g., `deadline /by Mon`\n","fileTypesAndContributionMap":{"java":{"insertions":13,"deletions":2}}},{"hash":"19ba00a77011b339c95740045876ca9af043eedb","isMergeCommit":true,"messageTitle":"Merge pull request #30 from andrewsoonqn/level-5-error-handling","messageBody":"","tags":["Level-5"],"fileTypesAndContributionMap":{}},{"hash":"514b611e11f7a916bdbb40d8772ba2c3c18d34a2","isMergeCommit":false,"messageTitle":"Refactor task identification to use index in list","messageBody":"With the ability to delete tasks form the list, it makes more sense for the user to reference a task based on what they are shown when they use the \u0027list\u0027 command. I.e., the position of the task in the task list.\n","fileTypesAndContributionMap":{"java":{"insertions":7,"deletions":13}}},{"hash":"e16cd9c13de7c9e6bb7df75a5f18aede8ce705f2","isMergeCommit":false,"messageTitle":"Refactor mark and unmark to return updated Task","messageBody":"Update TaskList\u0027s markTask and unmarkTask methods to return the affected Task object instead of void. This improves clarity and allows easier access to the updated Task after marking or unmarking.\n\nAlso, adjust AddTaskStrategy and MarkStrategy to use TaskString.withoutIndex for consistency.\n","fileTypesAndContributionMap":{"java":{"insertions":15,"deletions":9}}},{"hash":"2e85bfe47603abd6934a6e56a666d185023f1692","isMergeCommit":false,"messageTitle":"Add \u0027remove\u0027 command support","messageBody":"Introduce RemoveStrategy to handle \u0027remove\u0027 commands. In TaskList, add a removeTask method to delete tasks by index.\n","fileTypesAndContributionMap":{"java":{"insertions":23,"deletions":1}}},{"hash":"8d96007fd08e5d8dc55ff182828e485198ebf10f","isMergeCommit":false,"messageTitle":"Change \u0027remove\u0027 command to \u0027delete\u0027","messageBody":"","fileTypesAndContributionMap":{"java":{"insertions":1,"deletions":1}}},{"hash":"60c22571d27ee0bdfceff6ec84d1dd9d232ae82d","isMergeCommit":true,"messageTitle":"Merge pull request #35 from andrewsoonqn/level-6-delete","messageBody":"","tags":["Level-6","A-Collections"],"fileTypesAndContributionMap":{}},{"hash":"a3ef546f770e7e46241ccfe811b4fc92922999ba","isMergeCommit":false,"messageTitle":"Add TaskType enum and task type support to tasks","messageBody":"Introduce a TaskType enum to represent different task types (TODO, DEADLINE, EVENT).\nUpdate Task, Todo, Deadline, and Event classes to implement a getTaskType() method.\nModify AddTaskStrategy to display the task type when adding a new task.\n","fileTypesAndContributionMap":{"java":{"insertions":42,"deletions":2}}},{"hash":"2454ede7f1baf534a4c5937170ac9440a752b7dd","isMergeCommit":true,"messageTitle":"Merge pull request #40 from andrewsoonqn/enums","messageBody":"","tags":["A-Enums"],"fileTypesAndContributionMap":{}}]},{"date":"2026-02-02T00:00:00","commitResults":[{"hash":"7456ce57e5bfc825c47181740f243d43c6cc6798","isMergeCommit":false,"messageTitle":"Add DataPaths utility class for file paths","messageBody":"","fileTypesAndContributionMap":{"java":{"insertions":6,"deletions":0}}},{"hash":"1912e14339a40b64d145b409381d1a3fcc61a438","isMergeCommit":false,"messageTitle":"Add DataSaver for persisting TaskList to file","messageBody":"Save tasks to data file in task command format, e.g. \"deadline homework /by Mon 12PM\".\n\nAdd relevant method getTasksAsCommands to TaskList.\n","fileTypesAndContributionMap":{"java":{"insertions":42,"deletions":0}}},{"hash":"c3f0e86e047ed031d0d9c379ca15ad00f190568d","isMergeCommit":false,"messageTitle":"Refactor Messenger","messageBody":"Convert Messenger to an abstract class and move message printing logic to DefaultMessenger. Add NullMessenger as a no-op implementation. This improves extensibility and separates concerns for different messaging behaviours.\n","fileTypesAndContributionMap":{"java":{"insertions":34,"deletions":14}}},{"hash":"296954310154733afa0b28c9cb0fe1af6c2892af","isMergeCommit":false,"messageTitle":"Add asCommand() method to Task subclasses","messageBody":"This supports the getTasksAsCommands method in TaskList\n","fileTypesAndContributionMap":{"java":{"insertions":17,"deletions":0}}},{"hash":"28072945ee6004623a2361192ba91878b72b5dec","isMergeCommit":false,"messageTitle":"Add DataLoader for loading tasks from file","messageBody":"","fileTypesAndContributionMap":{"java":{"insertions":25,"deletions":0}}},{"hash":"9f1447ddcc9544e3223de001cef043a5e481c9db","isMergeCommit":false,"messageTitle":"Refactor Arnold initialisation","messageBody":"Replace Messenger with DefaultMessenger and use TaskList.create() for initialisation in Main.java.\n","fileTypesAndContributionMap":{"java":{"insertions":2,"deletions":2}}},{"hash":"741d0a8cff9b6dc51abd1d276c764788bef0fde8","isMergeCommit":false,"messageTitle":"Integrate data persistence into TaskList","messageBody":"TaskList now loads tasks from persistent storage on creation and saves changes after adding, marking, or unmarking tasks.\n","fileTypesAndContributionMap":{"java":{"insertions":16,"deletions":0}}},{"hash":"f81a61125579ad93232dadbcb46f1db3d73996f8","isMergeCommit":false,"messageTitle":"Refactor variable names in Arnold class","messageBody":"","fileTypesAndContributionMap":{"java":{"insertions":7,"deletions":7}}},{"hash":"6cace3254b4e4f2a892043d1624a3c6ef0fd918e","isMergeCommit":false,"messageTitle":"Remove redundant TaskList.java file","messageBody":"","fileTypesAndContributionMap":{"java":{"insertions":0,"deletions":0}}},{"hash":"bd40c2eab1447abfa98bae98aef67a4062842390","isMergeCommit":true,"messageTitle":"Merge branch \u0027branch-Level-7\u0027","messageBody":"","fileTypesAndContributionMap":{}},{"hash":"caf73f217f602ad4bedce4b6e4e2ca36fb8ef09f","isMergeCommit":true,"messageTitle":"Merge branch \u0027minor-code-fixes\u0027","messageBody":"","tags":["Level-7"],"fileTypesAndContributionMap":{}},{"hash":"159d502a167eedec2aa5fa5de4d60b1733e46804","isMergeCommit":false,"messageTitle":"Handle missing tasks file in DataLoader","messageBody":"Add handling for NoSuchFileException in DataLoader to create the tasks file and its directories if it does not exist, preventing errors on first run.\n","fileTypesAndContributionMap":{"java":{"insertions":6,"deletions":0}}},{"hash":"cbbf1c8ab16768d1cf1711709488e143d77f4134","isMergeCommit":false,"messageTitle":"Refactor DataLoader to accept file path parameter","messageBody":"","fileTypesAndContributionMap":{"java":{"insertions":2,"deletions":2}}},{"hash":"6b1464d28602592efc7b4a0a59b53b22eac1e65b","isMergeCommit":false,"messageTitle":"Add FileWriter utility for file operations","messageBody":"","fileTypesAndContributionMap":{"java":{"insertions":38,"deletions":0}}},{"hash":"a36593fb0e34617c5afc9fbd3e6ace1ca70d88e5","isMergeCommit":false,"messageTitle":"Refactor DataSaver to use FileWriter","messageBody":"","fileTypesAndContributionMap":{"java":{"insertions":2,"deletions":18}}},{"hash":"5d28fb35abdbdadf371afad607cc111d431d2373","isMergeCommit":false,"messageTitle":"TaskList: use correct args for loadData method","messageBody":"","fileTypesAndContributionMap":{"java":{"insertions":1,"deletions":1}}},{"hash":"3140725d265a8ca4cbf0635f0b55623e25267db6","isMergeCommit":true,"messageTitle":"Merge branch \u0027fix-data-storage\u0027","messageBody":"","fileTypesAndContributionMap":{}},{"hash":"085d317b3a7fc2827a6a4fcd22abc1d7a441ce78","isMergeCommit":false,"messageTitle":"Fix flag signifier to include leading space","messageBody":"\"/\" symbol in date arguments get picked up as a flag signifier. \"/\" should only be identified as a flag signifier if following whitespace.\n","fileTypesAndContributionMap":{"java":{"insertions":1,"deletions":1}}},{"hash":"cca606a09adc07584e041a4d456dd5b52017ddee","isMergeCommit":false,"messageTitle":"Add DateTimeParser utility class","messageBody":"Introduce DateTimeParser with methods to parse and format date-time strings using the pattern \u0027d/M/yyyy HHmm\u0027.\n","fileTypesAndContributionMap":{"java":{"insertions":18,"deletions":0}}},{"hash":"62ab1821b2ac14da2ac248afbbda952a8c25360a","isMergeCommit":false,"messageTitle":"Refactor Deadline to use LocalDateTime","messageBody":"","fileTypesAndContributionMap":{"java":{"insertions":9,"deletions":4}}},{"hash":"51bc85e5e8e6b97065426f21ee8767e0c847dffe","isMergeCommit":false,"messageTitle":"Refactor Event to use LocalDateTime","messageBody":"","fileTypesAndContributionMap":{"java":{"insertions":13,"deletions":5}}},{"hash":"906547e4393f0b6258acb7326b3f723fe2aed680","isMergeCommit":false,"messageTitle":"Parse datetime input in DeadlineStrategy","messageBody":"","fileTypesAndContributionMap":{"java":{"insertions":10,"deletions":1}}},{"hash":"e2b1f2cb8a41a951833497624e676536c05c2bf1","isMergeCommit":false,"messageTitle":"Parse datetime input in EventStrategy","messageBody":"","fileTypesAndContributionMap":{"java":{"insertions":17,"deletions":1}}},{"hash":"0c8a2550d6c3266da71087dcd7e1bbeee11f53c1","isMergeCommit":true,"messageTitle":"Merge branch \u0027branch-Level-8\u0027","messageBody":"","tags":["Level-8","A-MoreOOP"],"fileTypesAndContributionMap":{}}]},{"date":"2026-02-05T00:00:00","commitResults":[{"hash":"a34802446f6316480e4378c583d4f27179226472","isMergeCommit":true,"messageTitle":"Merge branch \u0027add-gradle-support\u0027","messageBody":"","tags":["A-Gradle"],"fileTypesAndContributionMap":{}},{"hash":"1de88fac9f17a8f009a77a2c9cef0ec54b6b3323","isMergeCommit":false,"messageTitle":"Rename package to `chatbotexceptions`","messageBody":"","fileTypesAndContributionMap":{"java":{"insertions":8,"deletions":8}}},{"hash":"968144f939003b86fa3dbdee1495e1a058ffee5e","isMergeCommit":false,"messageTitle":"Rename DataPersistence package to datapersistence","messageBody":"","fileTypesAndContributionMap":{"java":{"insertions":7,"deletions":11}}},{"hash":"266c7320c5e060ef833a784a842ee71956a5a1b3","isMergeCommit":false,"messageTitle":"Rename Event package to event","messageBody":"","fileTypesAndContributionMap":{"java":{"insertions":3,"deletions":3}}},{"hash":"9b95069ba5331a156e5b81c12732ffe6bdf8d9fa","isMergeCommit":false,"messageTitle":"Rename InputHandling package to inputhandling","messageBody":"","fileTypesAndContributionMap":{"java":{"insertions":20,"deletions":20}}},{"hash":"8d96babfaaa5dae70fae6ca919d3b323d434f094","isMergeCommit":false,"messageTitle":"Rename Messaging package to messaging","messageBody":"","fileTypesAndContributionMap":{"java":{"insertions":16,"deletions":16}}},{"hash":"4072135dacfc1aa68b003d37bd6bc3bd748cad14","isMergeCommit":false,"messageTitle":"Rename Tasks package to tasks","messageBody":"","fileTypesAndContributionMap":{"java":{"insertions":35,"deletions":35}}},{"hash":"3743a3f58562704f4b157b36f84f037d8c570234","isMergeCommit":false,"messageTitle":"Move bot logic into arnold package","messageBody":"","fileTypesAndContributionMap":{"java":{"insertions":92,"deletions":89}}},{"hash":"a43f632b4aa30392a473aa08b4846b379958381a","isMergeCommit":true,"messageTitle":"Merge branch \u0027add-packages\u0027","messageBody":"","tags":["A-Packages"],"fileTypesAndContributionMap":{}},{"hash":"ed4e2077aceae775effbd2e885fb1232a9ae5f63","isMergeCommit":false,"messageTitle":"Validate task IDs in commands","messageBody":"Unhandled runtime exceptions will be thrown directly to the user when invalid task IDs are received.\n\nAdd input validation for task ID handling in MarkStrategy, UnmarkStrategy, and TaskList.getTask.\n","fileTypesAndContributionMap":{"java":{"insertions":19,"deletions":2}}}]},{"date":"2026-02-06T00:00:00","commitResults":[{"hash":"b3382aede91579bf1bdffa7d8f3fb053d7a48436","isMergeCommit":false,"messageTitle":"Remove coupling of TaskList with storage logic","messageBody":"TaskList is hard to test. One of the factors is tight coupling with a specific implementation of data loader which can cause ambiguous starting state during testing.\n\nIntroduce TaskFileStorage and NullStorage (no-op). Refactor TaskList to depend on Storage (instead of composition).\n\nUpdate Main to instantiate TaskFileStorage and pass it into TaskList.\n","fileTypesAndContributionMap":{"java":{"insertions":80,"deletions":31}}},{"hash":"a72f6e60da164eb5eb6aa46a450ec6cfdb3816e8","isMergeCommit":false,"messageTitle":"Add TaskList unit tests","messageBody":"Add comprehensive TaskListTest unit tests.\n\nIn the process, expose Task.isDone() to improve testability.\n","fileTypesAndContributionMap":{"java":{"insertions":108,"deletions":0}}},{"hash":"a5133e5f3521dacb75ec47ca6b7e2c4119288f93","isMergeCommit":true,"messageTitle":"Merge pull request #41 from andrewsoonqn/fix/task-id-exceptions","messageBody":"Validate task IDs in commands","fileTypesAndContributionMap":{}},{"hash":"9645e7527fe4ca533b4abf6b720f455e0c0c01dd","isMergeCommit":true,"messageTitle":"Merge branch \u0027master\u0027 into fix/decouple-storage","messageBody":"","fileTypesAndContributionMap":{}},{"hash":"898b93a4c7f55ccf81aa373bde7234dc06d990d1","isMergeCommit":true,"messageTitle":"Merge pull request #42 from andrewsoonqn/fix/decouple-storage","messageBody":"Decouple TaskList from data persistence logic","fileTypesAndContributionMap":{}},{"hash":"f397c98c1f150d92b884087fbc756f4bc1b68272","isMergeCommit":true,"messageTitle":"Merge pull request #43 from andrewsoonqn/task-list-tests","messageBody":"Add unit tests for TaskList","tags":["A-JUnit"],"fileTypesAndContributionMap":{}},{"hash":"69504221b8879eedfdeb8d28ea977f91ee21abf7","isMergeCommit":false,"messageTitle":"Move Main into arnold package","messageBody":"","fileTypesAndContributionMap":{"java":{"insertions":2,"deletions":1},"bat":{"insertions":1,"deletions":1}}},{"hash":"1918284254b33483794a8d55bac9b4a03917c32b","isMergeCommit":true,"messageTitle":"Merge pull request #44 from andrewsoonqn/package-main","messageBody":"Move Main into `arnold` package","fileTypesAndContributionMap":{}},{"hash":"dfc39f5c79f73b0be58d1d805461fae7e1c364e2","isMergeCommit":false,"messageTitle":"Update build.gradle","messageBody":"","tags":["A-Jar"],"fileTypesAndContributionMap":{"gradle":{"insertions":2,"deletions":2}}},{"hash":"8ccc49ebe85cd96ac1341a56b7edc9d07b1d482d","isMergeCommit":false,"messageTitle":"Add Javadoc header comments","messageBody":"","fileTypesAndContributionMap":{"java":{"insertions":17,"deletions":0}}},{"hash":"5dd950538bb6e37e6a0d1d763497de5b4d31b222","isMergeCommit":false,"messageTitle":"Add Javadoc header comments","messageBody":"","fileTypesAndContributionMap":{"java":{"insertions":5,"deletions":0}}},{"hash":"9a259daa3216846388b8005ea868010ab34e4c3f","isMergeCommit":false,"messageTitle":"Add Javadoc header comments","messageBody":"","fileTypesAndContributionMap":{"java":{"insertions":3,"deletions":0}}},{"hash":"e61008b4e87e004b8e18c3ade103ae440e9c88d8","isMergeCommit":false,"messageTitle":"Add Javadoc header comments","messageBody":"","fileTypesAndContributionMap":{"java":{"insertions":3,"deletions":0}}},{"hash":"9928c3c87e5c836a1c39b8af7d3156bcd0fe1e24","isMergeCommit":false,"messageTitle":"Add Javadoc header comments","messageBody":"","fileTypesAndContributionMap":{"java":{"insertions":40,"deletions":0}}},{"hash":"2793385c5356ad131b531c12d8c71381dea2e9f3","isMergeCommit":false,"messageTitle":"Add Javadoc header comments","messageBody":"","fileTypesAndContributionMap":{"java":{"insertions":16,"deletions":0}}},{"hash":"5a29873460b4c54d975831b44a5d8d9bdff109a6","isMergeCommit":false,"messageTitle":"Add Javadoc header comments","messageBody":"","fileTypesAndContributionMap":{"java":{"insertions":31,"deletions":0}}},{"hash":"7da46bb443aead14655d97bd85fa55307d5e8f15","isMergeCommit":false,"messageTitle":"Add Javadoc header comments","messageBody":"","fileTypesAndContributionMap":{"java":{"insertions":33,"deletions":0}}},{"hash":"22f7392e4022a5ca91783f8161bbb17a23b6af4e","isMergeCommit":false,"messageTitle":"Update example usage in getExampleUsage()","messageBody":"","fileTypesAndContributionMap":{"java":{"insertions":2,"deletions":2}}},{"hash":"7be9925a00573b02dfbdc96c62d553ab822d1902","isMergeCommit":false,"messageTitle":"Add Javadoc header comments","messageBody":"","fileTypesAndContributionMap":{"java":{"insertions":48,"deletions":1}}},{"hash":"4e7ee4dea40d34ba6bec9829f64fd577b5000062","isMergeCommit":false,"messageTitle":"Add Javadoc header comments","messageBody":"","fileTypesAndContributionMap":{"java":{"insertions":47,"deletions":0}}},{"hash":"ee3253b8330e6ba72428832faa044f252c123841","isMergeCommit":false,"messageTitle":"Add Javadoc header comments","messageBody":"","fileTypesAndContributionMap":{"java":{"insertions":48,"deletions":0}}},{"hash":"97cc7ffc528c3ce6f17c94c61ffff354174b6c9c","isMergeCommit":false,"messageTitle":"Add Javadoc header comments","messageBody":"","fileTypesAndContributionMap":{"java":{"insertions":50,"deletions":0}}},{"hash":"6303f153e14086fea840354a866607e84278c3d2","isMergeCommit":false,"messageTitle":"Add Javadoc header comments","messageBody":"","fileTypesAndContributionMap":{"java":{"insertions":16,"deletions":0}}},{"hash":"532ac1c5d54537b0a00de494946c632de18d93f4","isMergeCommit":false,"messageTitle":"Add Javadoc header comments","messageBody":"","fileTypesAndContributionMap":{"java":{"insertions":11,"deletions":0}}},{"hash":"51054de5a1a586c4e3d990ec931356eb0281b04b","isMergeCommit":false,"messageTitle":"TaskString: add listWithIndex utility method","messageBody":"","fileTypesAndContributionMap":{"java":{"insertions":14,"deletions":0}}},{"hash":"ed5ff98d3c90a4ad7496e5eaf58b5aa11a32f55c","isMergeCommit":false,"messageTitle":"Implement FindStrategy","messageBody":"","fileTypesAndContributionMap":{"java":{"insertions":33,"deletions":12}}},{"hash":"54a39e159165371d7713b12cf2520df99de66a59","isMergeCommit":false,"messageTitle":"Add import","messageBody":"","fileTypesAndContributionMap":{"java":{"insertions":1,"deletions":0}}},{"hash":"3c22193439d9dcde21e2217918ce343702e0c525","isMergeCommit":false,"messageTitle":"Register \"find\" command","messageBody":"","fileTypesAndContributionMap":{"java":{"insertions":2,"deletions":1}}},{"hash":"e606c0c872cc532325534dc16a1f03542476716f","isMergeCommit":false,"messageTitle":"Implement ListSearcher utility class","messageBody":"","fileTypesAndContributionMap":{"java":{"insertions":12,"deletions":0}}},{"hash":"2ddf564374ee1807760de68c92a9a23e352b281b","isMergeCommit":false,"messageTitle":"Add unit tests for ListSearcher","messageBody":"","fileTypesAndContributionMap":{"java":{"insertions":85,"deletions":0}}},{"hash":"ccf3d56e9e719c72076ec83ce8e920a711f7e349","isMergeCommit":false,"messageTitle":"Reformat code","messageBody":"","fileTypesAndContributionMap":{"gradle":{"insertions":2,"deletions":1},"java":{"insertions":22,"deletions":20}}},{"hash":"ca224066f973a8fb18b7c01f7c1d3f8bc0606b01","isMergeCommit":false,"messageTitle":"Reformat code","messageBody":"","fileTypesAndContributionMap":{"java":{"insertions":24,"deletions":25}}},{"hash":"d0c30737966c8ba2203d0b044f235e4f6f4cb4e8","isMergeCommit":true,"messageTitle":"Merge branch \u0027branch-A-JavaDoc\u0027","messageBody":"","tags":["A-JavaDoc"],"fileTypesAndContributionMap":{}},{"hash":"63c2e500def97769584cce9c03c443dd7357b412","isMergeCommit":true,"messageTitle":"Merge branch \u0027master\u0027 into branch-A-CodingStandard","messageBody":"","fileTypesAndContributionMap":{}},{"hash":"89f6b7de108ef3fef6b8e20e123646e51a344fb8","isMergeCommit":false,"messageTitle":"Reformat code","messageBody":"","fileTypesAndContributionMap":{"java":{"insertions":7,"deletions":17}}},{"hash":"4d093dfd969b577eb606532107037a9819d3ac35","isMergeCommit":false,"messageTitle":"Reformat Javadoc headers","messageBody":"","fileTypesAndContributionMap":{"java":{"insertions":8,"deletions":4}}},{"hash":"79ce1ffe2819e50adfaad95f1b218fcfc2f30ee4","isMergeCommit":true,"messageTitle":"Merge branch \u0027branch-A-CodingStandard\u0027","messageBody":"","tags":["A-CodingStandard"],"fileTypesAndContributionMap":{}},{"hash":"2e961be8f6396c6231cdedc66b78a998fe0135ea","isMergeCommit":true,"messageTitle":"Merge branch \u0027master\u0027 into branch-Level-9","messageBody":"","fileTypesAndContributionMap":{}},{"hash":"38c324acc2a37fcfa0428cc55deab651ed21fb27","isMergeCommit":false,"messageTitle":"Reformat code","messageBody":"","fileTypesAndContributionMap":{"java":{"insertions":4,"deletions":3}}},{"hash":"579a4acbf7786037797bdf96e8d7f3620a8814ae","isMergeCommit":true,"messageTitle":"Merge branch \u0027branch-Level-9\u0027","messageBody":"","tags":["v0.1.0","Level-9"],"fileTypesAndContributionMap":{}},{"hash":"577a66a54a2854d26f35fc6bba91c0106802fac4","isMergeCommit":false,"messageTitle":"Revise README","messageBody":"Update project name and description in README. Revise setup instructions and added features list.","fileTypesAndContributionMap":{"md":{"insertions":17,"deletions":23}}},{"hash":"67fd9ebbba50817329d64a7eb5c9f6f6408a4997","isMergeCommit":false,"messageTitle":"Update setup instructions","messageBody":"","fileTypesAndContributionMap":{"md":{"insertions":1,"deletions":1}}},{"hash":"22b751e3640e1b4c96acff67dbef5bf561d01cc1","isMergeCommit":false,"messageTitle":"Update setup instructions","messageBody":"","fileTypesAndContributionMap":{"md":{"insertions":2,"deletions":2}}}]},{"date":"2026-02-07T00:00:00","commitResults":[{"hash":"fee8754d6f0498ed1d195f28c70ce34193a521d1","isMergeCommit":false,"messageTitle":"Add checkstyle","messageBody":"","fileTypesAndContributionMap":{"gradle":{"insertions":5,"deletions":0}}},{"hash":"0033ac15b7c07ee17601707f92368664918a3fac","isMergeCommit":false,"messageTitle":"Update checkstyle version","messageBody":"","fileTypesAndContributionMap":{"gradle":{"insertions":1,"deletions":1}}},{"hash":"17ebe76e0918daf95b9b99560e92b4e8f2a11464","isMergeCommit":false,"messageTitle":"Reformat code","messageBody":"","fileTypesAndContributionMap":{"java":{"insertions":118,"deletions":93},"md":{"insertions":12,"deletions":6}}},{"hash":"34a6982c55b2032bfdb8f099d4d56f699687c621","isMergeCommit":true,"messageTitle":"Merge branch \u0027branch-A-CheckStyle\u0027","messageBody":"","tags":["A-CheckStyle"],"fileTypesAndContributionMap":{}}]},{"date":"2026-02-14T00:00:00","commitResults":[{"hash":"41a8af44375e9bbf3567a6992847084d28eaa1e6","isMergeCommit":false,"messageTitle":"Add JavaFX dependencies to build.gradle","messageBody":"","fileTypesAndContributionMap":{"gradle":{"insertions":15,"deletions":0}}},{"hash":"5c50d3bded6cf4327191669580174e2854174797","isMergeCommit":false,"messageTitle":"Add ArnoldApplication as GUI entrypoint","messageBody":"","fileTypesAndContributionMap":{"java":{"insertions":45,"deletions":17}}},{"hash":"4c936ec14af5da70440ad46aa5a2e7512fb1167d","isMergeCommit":false,"messageTitle":"Add UI components","messageBody":"","fileTypesAndContributionMap":{"java":{"insertions":111,"deletions":0}}},{"hash":"b7ed4f76c951b667c0723d67ffaf40e3125e2e3a","isMergeCommit":false,"messageTitle":"Add resources","messageBody":"","fileTypesAndContributionMap":{"fxml":{"insertions":66,"deletions":0}}},{"hash":"ef40271ae47b72855a205cf7c7de88904caf98d0","isMergeCommit":false,"messageTitle":"Refactor messaging logic","messageBody":"To accomodate handler in the UI layer, we need a getResponse method within the Arnold class.\n\nRefactor input processor to return String instead of printing the String. Messenger now stores the latest message instead of printing it.\n\nNullMessenger is no longer needed.\n","fileTypesAndContributionMap":{"java":{"insertions":49,"deletions":101}}},{"hash":"1623964e7fd21b20f82440b519e774ead00ef6a7","isMergeCommit":false,"messageTitle":"Update TaskListTest.java","messageBody":"","fileTypesAndContributionMap":{"java":{"insertions":4,"deletions":3}}},{"hash":"d82b58a460df538e6145d5e4ebc089b4eea4bbb4","isMergeCommit":false,"messageTitle":"Add styling","messageBody":"","fileTypesAndContributionMap":{"fxml":{"insertions":14,"deletions":38}}},{"hash":"1ca6d7778b092930332efb575f0b7e5acfb68b97","isMergeCommit":false,"messageTitle":"Load fonts in application entrypoint","messageBody":"","fileTypesAndContributionMap":{"java":{"insertions":4,"deletions":0}}},{"hash":"d2605aea578be66bab6909313fd2ffc28f420a3c","isMergeCommit":false,"messageTitle":"Adjust layout","messageBody":"","fileTypesAndContributionMap":{"fxml":{"insertions":22,"deletions":14},"java":{"insertions":7,"deletions":8}}},{"hash":"6e065d95ee919e6b7d7031af2eb16b4b954176c9","isMergeCommit":false,"messageTitle":"Format files","messageBody":"","fileTypesAndContributionMap":{"fxml":{"insertions":23,"deletions":15},"java":{"insertions":22,"deletions":15}}},{"hash":"038495e53dcf0206658b8e257b311e44f5c7beea","isMergeCommit":false,"messageTitle":"Tweak Javadoc headers","messageBody":"","fileTypesAndContributionMap":{"java":{"insertions":85,"deletions":9}}},{"hash":"f409d1d2750f3a9b8af03d3ab95d988e5eb556bd","isMergeCommit":false,"messageTitle":"Improve exception handling for removeTask","messageBody":"","fileTypesAndContributionMap":{"java":{"insertions":16,"deletions":5}}},{"hash":"cdf95b79ba822ef12aff8267c788522471d5d0bf","isMergeCommit":false,"messageTitle":"Send hi message on startup","messageBody":"","fileTypesAndContributionMap":{"java":{"insertions":12,"deletions":5}}},{"hash":"20ffcf8d5324591724ddb8fd6a09bd6663c93ed3","isMergeCommit":false,"messageTitle":"Update Javadoc","messageBody":"","fileTypesAndContributionMap":{"java":{"insertions":1,"deletions":1}}},{"hash":"e9e59f009fe6d6e4f6d375cf45f99d2f914daede","isMergeCommit":false,"messageTitle":"Update MainWindow.fxml","messageBody":"","fileTypesAndContributionMap":{"fxml":{"insertions":1,"deletions":1}}},{"hash":"078764fa88b009f9b0f62340eb7ca39cb7045ad4","isMergeCommit":true,"messageTitle":"Merge pull request #45 from andrewsoonqn/branch-Level-10","messageBody":"Implement GUI","tags":["Level-10"],"fileTypesAndContributionMap":{}},{"hash":"ba6df099199e46838396efe1b88bbda9b1859bb0","isMergeCommit":false,"messageTitle":"Remove text UI tests","messageBody":"","fileTypesAndContributionMap":{"txt":{"insertions":0,"deletions":11},"bat":{"insertions":0,"deletions":21},"sh":{"insertions":0,"deletions":34}}},{"hash":"33e1ef21654a4c5af064d05989b1f97a4d2409a1","isMergeCommit":false,"messageTitle":"Minor code style tweaks","messageBody":"","fileTypesAndContributionMap":{"java":{"insertions":3,"deletions":3}}},{"hash":"990a6e6e66a0c71c81abf8b89bf8999179a1a155","isMergeCommit":false,"messageTitle":"Restructure inputhandling into subpackages","messageBody":"","fileTypesAndContributionMap":{"java":{"insertions":42,"deletions":18}}},{"hash":"ec2e389167e69b5dd4940e4f279077bb22a456e9","isMergeCommit":false,"messageTitle":"Refactor: remove Messenger","messageBody":"Messenger is redundant as a temporary mutable data class. It hinders testability and introduces unnecessary dependencies.\n\nDelete the Messenger class and decouple output from a shared messenger. InputHandlingStrategy now returns a String (changed signature), and all concrete strategies (add, list, find, mark, unmark, remove, hi, exit, default) return formatted response messages instead of printing.\n","fileTypesAndContributionMap":{"java":{"insertions":55,"deletions":118}}},{"hash":"52cc88509bde9ebd3440f86329337233c2ed1227","isMergeCommit":false,"messageTitle":"Refactor input parsing and strategy API","messageBody":"Every strategy that uses flags has to know how to call ArgParser.getFlags, which flags to expect, how to validate them, and what errors to throw. E.g., DeadlineStrategy and EventStrategy are full of repetitive null checks. The parsing knowledge is scattered across the strategies instead of being centralised.\n\nIntroduce a new Parser and ParsedCommand to centralise parsing and flag handling, replacing the old ArgParser. Change InputHandlingStrategy to accept ParsedCommand (description + flags) and update InputProcessor to use a default Parser registry (registering create/read/update/delete strategies and expected flags).\n\nOther changes:\n* Rename/move strategy classes into a taskcrudstrategies package (create, read, update, delete) and rename AddTaskStrategy to CreateTaskStrategy; add new create strategies for Todo/Deadline/Event that use ParsedCommand.\n* Simplify Arnold.hi to return a GREETING constant.\n","fileTypesAndContributionMap":{"java":{"insertions":348,"deletions":314}}},{"hash":"589f36b63be2216617a270e9b648d88540417f13","isMergeCommit":false,"messageTitle":"Format code","messageBody":"","fileTypesAndContributionMap":{"java":{"insertions":23,"deletions":23}}},{"hash":"cd0c666cf87df00f16788d75c27bfbc068d39b02","isMergeCommit":false,"messageTitle":"Format files","messageBody":"","fileTypesAndContributionMap":{"java":{"insertions":3,"deletions":3}}},{"hash":"52d61f8a2505fbf63b4417a739b0b1af6b428a55","isMergeCommit":false,"messageTitle":"Reformat and restructure files","messageBody":"","fileTypesAndContributionMap":{"java":{"insertions":37,"deletions":25}}},{"hash":"1cd9270774eb36b4b7f8f4a7571de0a826c1ea0d","isMergeCommit":false,"messageTitle":"Update src/main/java/arnold/inputhandling/parsing/Parser.java","messageBody":"Co-authored-by: Copilot \u003c175728472+Copilot@users.noreply.github.com\u003e","fileTypesAndContributionMap":{"java":{"insertions":1,"deletions":1}}},{"hash":"1c73b739f948a98ddddb1400f211ea814a88959b","isMergeCommit":false,"messageTitle":"Add tests","messageBody":"","fileTypesAndContributionMap":{"java":{"insertions":100,"deletions":1}}},{"hash":"4cf58f9bdce678df5e1c5090f117a9b4f8bedd0e","isMergeCommit":false,"messageTitle":"Add credits","messageBody":"","fileTypesAndContributionMap":{"java":{"insertions":1,"deletions":0}}},{"hash":"5a9c8e9490920c07ceeeb2e2bd93aecad19c200e","isMergeCommit":true,"messageTitle":"Merge branch \u0027codebase-refinements\u0027 of https://github.com/andrewsoonqn/ip into codebase-refinements","messageBody":"","fileTypesAndContributionMap":{}},{"hash":"159e52deb5d4ea1767153bc6b01cabb86bdf6163","isMergeCommit":false,"messageTitle":"Register flags without leading \u0027/\u0027","messageBody":"Flag names should be the text without the leading \u0027/\u0027.\n","fileTypesAndContributionMap":{"java":{"insertions":8,"deletions":3}}},{"hash":"2c9fc314e3d24db8e2a91b6ef9c09cbe3b2ad025","isMergeCommit":true,"messageTitle":"Merge pull request #47 from andrewsoonqn/codebase-refinements","messageBody":"Make refinements to codebase","tags":["A-Varargs"],"fileTypesAndContributionMap":{}},{"hash":"2e7a3cdcffeb90f8f498b3d6baa9a80f47181697","isMergeCommit":false,"messageTitle":"Remove redundant comment","messageBody":"","fileTypesAndContributionMap":{"java":{"insertions":0,"deletions":1}}},{"hash":"9899c304dd746ea71647a0bc4a13d355b63d3d8a","isMergeCommit":false,"messageTitle":"Add credits","messageBody":"","fileTypesAndContributionMap":{"java":{"insertions":1,"deletions":0}}},{"hash":"e230453dc343723cf5d20b178c2c0658037dc0c1","isMergeCommit":false,"messageTitle":"Implement JSON task storage","messageBody":"Saving does not serialise `isDone` status of tasks. Storage is coupled to input handling layer.\n\nUse Jackson for JSON serialisation.\n","fileTypesAndContributionMap":{"gradle":{"insertions":3,"deletions":0},"java":{"insertions":142,"deletions":44}}},{"hash":"c4c9da831841d5a7082ea7cef42e1767a26009e4","isMergeCommit":false,"messageTitle":"Remove custom serialiser and deserialiser","messageBody":"","fileTypesAndContributionMap":{"java":{"insertions":0,"deletions":90}}},{"hash":"f271c05025280fb14e189e84e978eb5cee86be22","isMergeCommit":false,"messageTitle":"Refactor to use Jackson annotations","messageBody":"","fileTypesAndContributionMap":{"java":{"insertions":50,"deletions":10}}},{"hash":"41172729cc847ddd4c72d6309ac7c4f47d9202d2","isMergeCommit":false,"messageTitle":"Add AI docs","messageBody":"","fileTypesAndContributionMap":{"md":{"insertions":402,"deletions":0}}},{"hash":"dd61d09f386d3f38aee2a43244b22cae1a7b2cb6","isMergeCommit":false,"messageTitle":"Update src/main/java/arnold/tasks/Deadline.java","messageBody":"Co-authored-by: Copilot \u003c175728472+Copilot@users.noreply.github.com\u003e","fileTypesAndContributionMap":{"java":{"insertions":5,"deletions":0}}},{"hash":"d53882dc0b355b8deafb97e77fa3cb9cb303c831","isMergeCommit":false,"messageTitle":"Deactivate default typing","messageBody":"","fileTypesAndContributionMap":{"java":{"insertions":1,"deletions":0}}},{"hash":"4f0674ad6ab3e5e41f7a8e5d391154c46197e5e3","isMergeCommit":false,"messageTitle":"Format files","messageBody":"","fileTypesAndContributionMap":{"java":{"insertions":4,"deletions":21}}},{"hash":"7d510e2c8d00376d45704e7c64b419fb0838f531","isMergeCommit":false,"messageTitle":"Clear before loading tasks","messageBody":"","fileTypesAndContributionMap":{"java":{"insertions":6,"deletions":0}}},{"hash":"dc517d53d65c65810aa35def1d841ef1160f7433","isMergeCommit":false,"messageTitle":"Modify scope of exception caught","messageBody":"","fileTypesAndContributionMap":{"java":{"insertions":2,"deletions":1}}},{"hash":"66c6c5935d982e197145105209a434cdca146718","isMergeCommit":false,"messageTitle":"Update TaskList.java","messageBody":"","fileTypesAndContributionMap":{"java":{"insertions":5,"deletions":0}}},{"hash":"5f73924176ea90a1b0f5c55d8554c90edc44a9cd","isMergeCommit":false,"messageTitle":"Add tests","messageBody":"","fileTypesAndContributionMap":{"java":{"insertions":123,"deletions":1}}},{"hash":"58f57cb2e9623a46c668acaa12ade6612e49e6ab","isMergeCommit":true,"messageTitle":"Merge pull request #48 from andrewsoonqn/json-storage","messageBody":"Implement JSON task storage","fileTypesAndContributionMap":{}},{"hash":"a4bfc434bbbf6c361bdf0b6fbdf4b21911e094c9","isMergeCommit":false,"messageTitle":"Update AI.md","messageBody":"Co-authored-by: Copilot \u003c175728472+Copilot@users.noreply.github.com\u003e","fileTypesAndContributionMap":{"md":{"insertions":2,"deletions":2}}},{"hash":"985df6a9c0a235f803396931507a166243c6bab8","isMergeCommit":true,"messageTitle":"Merge pull request #49 from andrewsoonqn/ai-docs","messageBody":"Add AI docs","fileTypesAndContributionMap":{}},{"hash":"3606deb2d34ad506e4031d1df38ed8cc0027dce7","isMergeCommit":false,"messageTitle":"Restructure files","messageBody":"","fileTypesAndContributionMap":{"java":{"insertions":28,"deletions":27}}},{"hash":"eaa2e70e697c3154190bd9ab87617d6a2a10ce8e","isMergeCommit":false,"messageTitle":"Create CommandResult.java","messageBody":"","fileTypesAndContributionMap":{"java":{"insertions":45,"deletions":0}}},{"hash":"d5790d310c260a7d990ed25f8a3554209b0a4f18","isMergeCommit":false,"messageTitle":"Wire CommandResult","messageBody":"","fileTypesAndContributionMap":{"java":{"insertions":30,"deletions":21}}},{"hash":"55b383a1b02449652dc1f099c94f9a7b53fbcc9d","isMergeCommit":false,"messageTitle":"Wire CommandResult","messageBody":"","fileTypesAndContributionMap":{"java":{"insertions":17,"deletions":6}}},{"hash":"967465ae42b79fefcd30c4f67c071084998c6652","isMergeCommit":false,"messageTitle":"Update Javadocs","messageBody":"","fileTypesAndContributionMap":{"java":{"insertions":3,"deletions":3}}},{"hash":"176b3a917a711b1b1f04e4055387d73520e9f1d5","isMergeCommit":false,"messageTitle":"Create Messages.java","messageBody":"","fileTypesAndContributionMap":{"java":{"insertions":70,"deletions":0}}},{"hash":"c5ddbcb62722178d414bd4d50885780ba5340664","isMergeCommit":false,"messageTitle":"Integrate Messages","messageBody":"","fileTypesAndContributionMap":{"java":{"insertions":29,"deletions":25}}},{"hash":"9876deb88ce4d08bb00cad8a7efb425981dd1281","isMergeCommit":false,"messageTitle":"Parser: add getRegisteredCommands method","messageBody":"","fileTypesAndContributionMap":{"java":{"insertions":10,"deletions":0}}},{"hash":"68892ab51bfd61853a332c4bbb36af8041c034e1","isMergeCommit":false,"messageTitle":"Add default methods in InputHandlingStrategy","messageBody":"Encourage getDescription and getExampleUsage methods to be implemented in subclasses.\n","fileTypesAndContributionMap":{"java":{"insertions":18,"deletions":6}}},{"hash":"8201da4285d2645f945761c115b4dc1d8c7aa5b0","isMergeCommit":false,"messageTitle":"Add descriptions and/or example usages","messageBody":"","fileTypesAndContributionMap":{"java":{"insertions":25,"deletions":0}}},{"hash":"67f7ec90459809618fc102b1dcbc30436e24b185","isMergeCommit":false,"messageTitle":"Create TaskIdStrategy.java","messageBody":"","fileTypesAndContributionMap":{"java":{"insertions":34,"deletions":0}}},{"hash":"c2880fbea129d9cf98c2879cb9641f29fba0afd8","isMergeCommit":false,"messageTitle":"Extend strategies from TaskIdStrategy","messageBody":"","fileTypesAndContributionMap":{"java":{"insertions":45,"deletions":43}}},{"hash":"a8973f537bafc1772c71b896f94b5ccbfc07f6fb","isMergeCommit":false,"messageTitle":"Add descriptions and example usages","messageBody":"","fileTypesAndContributionMap":{"java":{"insertions":20,"deletions":0}}},{"hash":"5e6bae55a4b90d1e0f8732589e968734a06aa10b","isMergeCommit":false,"messageTitle":"Add help command","messageBody":"","fileTypesAndContributionMap":{"java":{"insertions":57,"deletions":0}}},{"hash":"d3cdf0c438dc2cbc27920220fe6b2a0b1de5958b","isMergeCommit":false,"messageTitle":"Update HelpStrategy.java","messageBody":"","fileTypesAndContributionMap":{"java":{"insertions":1,"deletions":1}}},{"hash":"a2bdc52596583bb76e52b5e9e609ec0081133366","isMergeCommit":false,"messageTitle":"Make minor tweaks to messages","messageBody":"","fileTypesAndContributionMap":{"java":{"insertions":24,"deletions":6}}},{"hash":"752292d9c1d108fd9d3d3ce2bf0139b64e269c6e","isMergeCommit":false,"messageTitle":"Tweak messages","messageBody":"","fileTypesAndContributionMap":{"java":{"insertions":8,"deletions":5}}}]},{"date":"2026-02-16T00:00:00","commitResults":[{"hash":"35f3de585b6d067c6bbba0ac00f1c35b09e0b0ea","isMergeCommit":false,"messageTitle":"Use correct error message","messageBody":"","fileTypesAndContributionMap":{"java":{"insertions":1,"deletions":1}}},{"hash":"258d22cfce2b451fa32426b72d662ece3cf95d37","isMergeCommit":true,"messageTitle":"Merge pull request #52 from andrewsoonqn/better-command-handling","messageBody":"Refactor: improve handling of commands","fileTypesAndContributionMap":{}},{"hash":"37ba4dad87e7b38bcb99b40721855c29e3736ede","isMergeCommit":false,"messageTitle":"Add assertions for TaskList business logic","messageBody":"","fileTypesAndContributionMap":{"java":{"insertions":6,"deletions":0}}},{"hash":"c3ba4aecfd8cfe850787b655aede3f6a8ac2e553","isMergeCommit":false,"messageTitle":"Add assertions for strategy and flag existence","messageBody":"","fileTypesAndContributionMap":{"java":{"insertions":3,"deletions":0}}},{"hash":"e046b784d967de3bfc0a3d25f19033bd7d0e5673","isMergeCommit":false,"messageTitle":"Assert non-null description and flags","messageBody":"","fileTypesAndContributionMap":{"java":{"insertions":2,"deletions":0}}},{"hash":"fc210f1e121496f5a353649c2b9333b8da297793","isMergeCommit":false,"messageTitle":"Assert existence of INSTANCE","messageBody":"","fileTypesAndContributionMap":{"java":{"insertions":1,"deletions":0}}},{"hash":"eba6cf432d4661a693071c72ce37910b5363d889","isMergeCommit":false,"messageTitle":"Assert valid filePath and content","messageBody":"","fileTypesAndContributionMap":{"java":{"insertions":3,"deletions":0}}},{"hash":"590543d5c3c521eacfd05991e80e9ec1fe7460bb","isMergeCommit":false,"messageTitle":"Update src/main/java/arnold/events/EventBus.java","messageBody":"Co-authored-by: Copilot \u003c175728472+Copilot@users.noreply.github.com\u003e","fileTypesAndContributionMap":{"java":{"insertions":0,"deletions":2}}},{"hash":"a7c5bb7b55599b7b123fd00879923150c0a89cc0","isMergeCommit":false,"messageTitle":"Update src/main/java/arnold/tasks/utils/TaskList.java","messageBody":"Co-authored-by: Copilot \u003c175728472+Copilot@users.noreply.github.com\u003e","fileTypesAndContributionMap":{"java":{"insertions":2,"deletions":1}}},{"hash":"f38fe013096a28e267fb5a8fba189b26c0959495","isMergeCommit":false,"messageTitle":"Update src/main/java/arnold/inputhandling/parsing/Parser.java","messageBody":"Co-authored-by: Copilot \u003c175728472+Copilot@users.noreply.github.com\u003e","fileTypesAndContributionMap":{"java":{"insertions":0,"deletions":1}}},{"hash":"8bc632ad5d30c07de58db59fab2bf01a3efc7509","isMergeCommit":true,"messageTitle":"Merge pull request #54 from andrewsoonqn/branch-A-Assertions","messageBody":"Add assertions","fileTypesAndContributionMap":{}},{"hash":"bd48bfb3874586339bb40a3651ffab47cb3f85a3","isMergeCommit":true,"messageTitle":"Merge branch \u0027master\u0027 into branch-A-CI","messageBody":"","fileTypesAndContributionMap":{}}]}]},"authorFileTypeContributionMap":{"andrewsoonqn":{"java":2333,"md":426,"fxml":58,"sh":0,"bat":0,"gradle":26,"txt":0}},"authorContributionVariance":{"andrewsoonqn":327421.3},"authorDisplayNameMap":{"andrewsoonqn":"CS2103T-T10-2 ANDR..QIAN"}}
