{"authorDailyContributionsMap":{"andrewsoonqn":[{"date":"2026-01-22T00:00:00","commitResults":[{"hash":"b5992fd9179e0d20e27dc471e328db2dd63b96a1","isMergeCommit":false,"messageTitle":"Add Arnold.java with greet and exit","messageBody":"Arnold.java houses the main Arnold  class for Arnold, our chatbot.\n\nArnold is the name given to differentiate from the placeholder name Duke.\n\nThe Arnold class can greet and exit the user when run.\n","fileTypesAndContributionMap":{"java":{"insertions":22,"deletions":0}}},{"hash":"f9254d6a7d44259076ab2bdaaa6e2948229744c3","isMergeCommit":false,"messageTitle":"Terminate program after saying bye","messageBody":"","fileTypesAndContributionMap":{"java":{"insertions":1,"deletions":0}}},{"hash":"61d504552f39dc8b28f839ba7554a6398939c44c","isMergeCommit":false,"messageTitle":"Add basic user input loop to Arnold main method","messageBody":"The program echoes user input until \u0027bye\u0027 is entered, at which point it prints the goodbye message and exits.\n","fileTypesAndContributionMap":{"java":{"insertions":21,"deletions":3}}},{"hash":"188c178db8e2520a79dacb13b500ca5160eda354","isMergeCommit":false,"messageTitle":"Refactor method names for brevity in Arnold.java","messageBody":"","fileTypesAndContributionMap":{"java":{"insertions":11,"deletions":11}}},{"hash":"466d8959295cc522b108e5516c6777c5dcdcdeb7","isMergeCommit":false,"messageTitle":"Indent Arnold\u0027s responses","messageBody":"Standardise output indentation across the application.\n\nThis improves readability for the user.\n","fileTypesAndContributionMap":{"java":{"insertions":9,"deletions":5}}}]},{"date":"2026-01-23T00:00:00","commitResults":[{"hash":"bf93cddf50fd319a3917cb61d0c7de3f40f6ef99","isMergeCommit":false,"messageTitle":"Add TaskList singleton class","messageBody":"Introduces the TaskList class implementing the singleton pattern to manage a list of tasks. Provides methods to add tasks and retrieve the singleton instance.\n","fileTypesAndContributionMap":{"java":{"insertions":19,"deletions":0}}},{"hash":"1a64fb5f168a4652085891c962aa6b960fc020e0","isMergeCommit":false,"messageTitle":"Add method to list all tasks in TaskList","messageBody":"Introduced the listTasks() method, providing a way to retrieve and display all stored tasks.\n","fileTypesAndContributionMap":{"java":{"insertions":8,"deletions":0}}},{"hash":"97210b39c67c478f496449abc38d1a4d245c37c0","isMergeCommit":false,"messageTitle":"Add section comments to Arnold.java","messageBody":"Introduced section comments to organize helper methods and chatbot commands in Arnold.java for improved code readability.\n","fileTypesAndContributionMap":{"java":{"insertions":6,"deletions":0}}},{"hash":"116ef1d993c7c95c49b6ab8f9195ae6bfe03e9fd","isMergeCommit":false,"messageTitle":"Refactor message printing","messageBody":"The code is cluttered with constant reuse of the line() method. Lines are printed before and after each message.\n\nIntroduce a method for printing messages which handles styling like the horizontal lines and indents.\n","fileTypesAndContributionMap":{"java":{"insertions":18,"deletions":10}}},{"hash":"4998b5fa5afbd6c266ff863bc202c0b3cfb4ebdb","isMergeCommit":false,"messageTitle":"Add handling for listing tasks and task addition","messageBody":"As a placeholder, the main loop only echoes user input currently.\n\nIntroduce methods for handling the \u0027list\u0027 command and adding tasks to improve functionality.\n","fileTypesAndContributionMap":{"java":{"insertions":10,"deletions":3}}},{"hash":"b0d6e394abccaf7b77c11c58457cbfb7ad575db0","isMergeCommit":false,"messageTitle":"Avoid newline on last task","messageBody":"listTasks method appends a newline character after each task. This causes the chatbot message to have an extra blank line which is not visually nice.\n\nAvoid adding a \"\\n\" on the last task item to solve this.\n","fileTypesAndContributionMap":{"java":{"insertions":4,"deletions":0}}},{"hash":"afe476b7f79a2e4b6a434ea4cdb62542df86c2f8","isMergeCommit":false,"messageTitle":"Remove redundant System.exit method when exiting","messageBody":"The program will terminate on its own.\n\nCo-authored-by: Copilot \u003c175728472+Copilot@users.noreply.github.com\u003e","fileTypesAndContributionMap":{"java":{"insertions":0,"deletions":1}}},{"hash":"7f1ee0b3c89d95f407d5d719a26fe5d37ec7afa4","isMergeCommit":true,"messageTitle":"Merge pull request #1 from andrewsoonqn/level-0-rename-greet-exit","messageBody":"","tags":["Level-0"],"fileTypesAndContributionMap":{}},{"hash":"63f12bb2df88cd01b7ad230b71f48965b1b0d207","isMergeCommit":true,"messageTitle":"Merge branch \u0027master\u0027 into level-1-echo","messageBody":"","fileTypesAndContributionMap":{}},{"hash":"11ebee8fad56d63a3476f05f760d02440098f455","isMergeCommit":true,"messageTitle":"Merge pull request #6 from andrewsoonqn/level-1-echo","messageBody":"","tags":["Level-1"],"fileTypesAndContributionMap":{}},{"hash":"9b02b9540b3074b8c8063c8360854384cd8221c8","isMergeCommit":false,"messageTitle":"Make TaskList static variables final","messageBody":"Make `TaskList` instance and `tasks` List\u003cString\u003e final for safety.\n\nCo-authored-by: Copilot \u003c175728472+Copilot@users.noreply.github.com\u003e","fileTypesAndContributionMap":{"java":{"insertions":2,"deletions":2}}},{"hash":"d951e1bf93c15322cf4b0d7d6a445675e3c5784f","isMergeCommit":true,"messageTitle":"Merge pull request #7 from andrewsoonqn/level-2-add-list","messageBody":"","fileTypesAndContributionMap":{}},{"hash":"d6b67a2bea29820fd58fd1210a6d7d03e21c53c7","isMergeCommit":false,"messageTitle":"Delete Duke.java","messageBody":"","fileTypesAndContributionMap":{"java":{"insertions":0,"deletions":10}}},{"hash":"642a787458526d0678385371bae27651a6a49272","isMergeCommit":false,"messageTitle":"Refactor line separator to use String.repeat","messageBody":"Replace the hardcoded line of underscores.\n","fileTypesAndContributionMap":{"java":{"insertions":1,"deletions":1}}},{"hash":"59a3e1a1f6da8c94d928d2f3dc1664fcea93039a","isMergeCommit":false,"messageTitle":"Number tasks in listTasks output","messageBody":"","fileTypesAndContributionMap":{"java":{"insertions":8,"deletions":2}}},{"hash":"5078f686361b47053078d87afd49b12ef8d1ccc7","isMergeCommit":true,"messageTitle":"Merge pull request #10 from andrewsoonqn/minor-tweaks","messageBody":"","tags":["Level-2"],"fileTypesAndContributionMap":{}},{"hash":"35804c24f888268f601496092834468fe8e1819c","isMergeCommit":false,"messageTitle":"Refactor to use Task objects for task management","messageBody":"Introduce a Task class to encapsulate task data, state, behaviour.\n\nUpdate Arnold and TaskList to use Task objects instead of raw strings, improving code structure and extensibility.\n","fileTypesAndContributionMap":{"java":{"insertions":36,"deletions":6}}},{"hash":"b77aa29eddd9ca216716de7cf21bb4b0145499e2","isMergeCommit":false,"messageTitle":"Add `id` field to task","messageBody":"Introduce a unique incremental ID for each Task instance.\n\nRemove redundant formatting and counter in `TaskList` class accordingly.\n","fileTypesAndContributionMap":{"java":{"insertions":6,"deletions":6}}}]},{"date":"2026-01-24T00:00:00","commitResults":[{"hash":"c5a3a3bbe2b1a02978d374e52d7d72463022b04e","isMergeCommit":false,"messageTitle":"Refactor Arnold class","messageBody":"Command handling is starting to get convoluted in Arnold class, especially as we add arguments into the mix.\n\nRefactor Arnold.java to delegate processing to InputProcessor class.\n\nIn other words, Arnold only needs to know how to `hi` and `run`. To perform these tasks, Arnold calls its inputProcessor.\n\nFor this change, move main method to a new Main.java file which will instruct Arnold class.\n","fileTypesAndContributionMap":{"java":{"insertions":25,"deletions":54}}},{"hash":"b75b0b1f15e9da20968508330ca667f8d32ac40e","isMergeCommit":false,"messageTitle":"Add Messenger utility class","messageBody":"For better separation of concerns, add Messenger class which handles all printing of messages to the user interface.\n","fileTypesAndContributionMap":{"java":{"insertions":25,"deletions":0}}},{"hash":"8dd9af86c18cbe90c16ecb6aa2daef9a0e3d387d","isMergeCommit":false,"messageTitle":"Move Task and TaskList classes to Tasks package","messageBody":"","fileTypesAndContributionMap":{"java":{"insertions":63,"deletions":34}}},{"hash":"cea645268fe40bc958ed0c9c38ece363d081b5c5","isMergeCommit":false,"messageTitle":"Add input handling strategy classes","messageBody":"Introduces the InputHandlingStrategy interface and its implementations: DefaultStrategy, ExitStrategy, HiStrategy, and ListStrategy. These classes encapsulate different input handling behaviors for commands such as adding tasks, greeting, listing tasks, and exiting the application.\n","fileTypesAndContributionMap":{"java":{"insertions":56,"deletions":0}}},{"hash":"aa26b472845f000da022e9b71901c2a08e7b77c6","isMergeCommit":false,"messageTitle":"Add InputProcessor for command handling","messageBody":"Introduces the InputProcessor class to handle user input commands using strategy patterns.\n","fileTypesAndContributionMap":{"java":{"insertions":40,"deletions":0}}},{"hash":"e7dc701fcb82d6a805dd9e2ae256a1ccf2f97e17","isMergeCommit":false,"messageTitle":"Add imports to Arnold.java","messageBody":"Add imports for input handling, task, and messaging modules\n","fileTypesAndContributionMap":{"java":{"insertions":5,"deletions":0}}},{"hash":"f5254be8b317cc214d6d5bf02691785ee5afce34","isMergeCommit":true,"messageTitle":"Merge pull request #12 from andrewsoonqn/task-class","messageBody":"","tags":["A-Classes"],"fileTypesAndContributionMap":{}},{"hash":"b1dfed72e7f27dfe1b4d0639295cae6c4c6572b2","isMergeCommit":false,"messageTitle":"Delegate greeting to Messenger","messageBody":"Greeting text is duplicated here even though Messenger already has a hi() method.\n\nCo-authored-by: Copilot \u003c175728472+Copilot@users.noreply.github.com\u003e","fileTypesAndContributionMap":{"java":{"insertions":1,"deletions":1}}},{"hash":"911c1738e21dcb5c3b053af950d237f66060481c","isMergeCommit":false,"messageTitle":"Add @Override to ListStrategy","messageBody":"Co-authored-by: Copilot \u003c175728472+Copilot@users.noreply.github.com\u003e","fileTypesAndContributionMap":{"java":{"insertions":1,"deletions":0}}},{"hash":"9c0621255c55aa3b03f83a1e5df02f565c8b0d30","isMergeCommit":false,"messageTitle":"Remove unnecessary comments","messageBody":"Co-authored-by: Copilot \u003c175728472+Copilot@users.noreply.github.com\u003e","fileTypesAndContributionMap":{"java":{"insertions":0,"deletions":2}}},{"hash":"17aeae3be49da39a8b596c2d5f007ce8cb75f938","isMergeCommit":false,"messageTitle":"Delete unused Task.java duplicate","messageBody":"","fileTypesAndContributionMap":{"java":{"insertions":0,"deletions":33}}},{"hash":"0f75868db6d8c5660d024b5ba08c7f7ed1fcfbf0","isMergeCommit":true,"messageTitle":"Merge branch \u0027refactor/strategies\u0027 of https://github.com/andrewsoonqn/ip into refactor/strategies","messageBody":"","fileTypesAndContributionMap":{}},{"hash":"a79f49f3b8e148075f8f022202ca59c6d553c13e","isMergeCommit":false,"messageTitle":"Implement event-based shutdown mechanism","messageBody":"System.exit(0) hard-terminates the JVM, which makes the chatbot hard to test/embed and prevents graceful shutdown/cleanup.\n\nUse events to signal termination back to the main loop.\n","fileTypesAndContributionMap":{"java":{"insertions":37,"deletions":1}}},{"hash":"30c340ac0133b35c6a246b1d8c37c092374e9bb2","isMergeCommit":true,"messageTitle":"Merge pull request #15 from andrewsoonqn/refactor/strategies","messageBody":"","fileTypesAndContributionMap":{}},{"hash":"56c0f1f83d9cf2dfea79bd62ed853aafaaa8b479","isMergeCommit":false,"messageTitle":"Add mark and unmark methods to TaskList","messageBody":"Allow marking and unmarking tasks by their ID within the TaskList class.\n","fileTypesAndContributionMap":{"java":{"insertions":8,"deletions":0}}},{"hash":"b89a55f35be27e29f3a14d139e3c8b37d1f534e0","isMergeCommit":false,"messageTitle":"Add MarkStrategy and UnmarkStrategy classes","messageBody":"Introduced MarkStrategy and UnmarkStrategy to handle marking and unmarking tasks as done or not done. These classes interact with Messenger and TaskList to update task status and provide user feedback.\n","fileTypesAndContributionMap":{"java":{"insertions":28,"deletions":0}}},{"hash":"fec5e818df7da4e6fe0031a8748ee049027bf593","isMergeCommit":false,"messageTitle":"Prepend message to \u0027list\u0027 command output","messageBody":"","fileTypesAndContributionMap":{"java":{"insertions":3,"deletions":1}}},{"hash":"f904da98ed60314b1fd1325665aeeae3bf85d63e","isMergeCommit":false,"messageTitle":"Refactor task access by ID in TaskList","messageBody":"The id of a Task corresponds directly with its position in a task list as shown to the user, i.e., 1-indexed. Add getTask(id) method to abstract this logic and error-proof code.\n","fileTypesAndContributionMap":{"java":{"insertions":6,"deletions":2}}},{"hash":"f7533203b235ef1d9f5c1e6cf150eb842013b54d","isMergeCommit":false,"messageTitle":"Add mark and unmark command strategies","messageBody":"Handle \u0027mark\u0027 and \u0027unmark\u0027 commands in InputProcessor.\n","fileTypesAndContributionMap":{"java":{"insertions":3,"deletions":1}}},{"hash":"f6482a8515b014ba8d25c958395bd9636bb730c2","isMergeCommit":false,"messageTitle":"Tweak output format","messageBody":"","fileTypesAndContributionMap":{"java":{"insertions":11,"deletions":5}}},{"hash":"f3f8fbd37768b52361a21b05a2d77c8f4427fde2","isMergeCommit":false,"messageTitle":"Remove unused import","messageBody":"Co-authored-by: Copilot \u003c175728472+Copilot@users.noreply.github.com\u003e","fileTypesAndContributionMap":{"java":{"insertions":0,"deletions":1}}},{"hash":"c52048a0542a3f0e96e7fff33a8fc482db522297","isMergeCommit":false,"messageTitle":"Using whitespace regex to parse commands","messageBody":"Splitting the normalized input with split(\" \") will produce empty tokens when the user types multiple spaces (for example, \"mark   1\" yields commandParts[1] \u003d\u003d \"\"), which then gets passed as the argument to strategies like MarkStrategy and UnmarkStrategy and leads to parsing errors. \r\n\r\nUse whitespace regex to make the command parsing more robust to common user input patterns.\n\nCo-authored-by: Copilot \u003c175728472+Copilot@users.noreply.github.com\u003e","fileTypesAndContributionMap":{"java":{"insertions":1,"deletions":1}}},{"hash":"703e85a5fcb8e69642e7aeade821296bdfb212d8","isMergeCommit":true,"messageTitle":"Merge pull request #18 from andrewsoonqn/level-3-mark-unmark","messageBody":"","tags":["Level-3"],"fileTypesAndContributionMap":{}}]}]},"authorFileTypeContributionMap":{"andrewsoonqn":{"java":310,"md":0,"fxml":0,"sh":0,"bat":0,"gradle":0,"txt":0}},"authorContributionVariance":{"andrewsoonqn":12745.527},"authorDisplayNameMap":{"andrewsoonqn":"CS2103T-T10-2 ANDR..QIAN"}}
