[{"path":"README.md","fileType":"md","lines":[{"lineNumber":1,"author":{"gitId":"s6r6k"},"content":"# Fuzzy project template","lastModifiedDate":"2026-01-20T18:45:08","isFullCredit":false},{"lineNumber":2,"author":{"gitId":"-"},"content":"","lastModifiedDate":"2020-05-25T00:03:55","isFullCredit":false},{"lineNumber":3,"author":{"gitId":"-"},"content":"This is a project template for a greenfield Java project. It\u0027s named after the Java mascot _Duke_. Given below are instructions on how to use it.","lastModifiedDate":"2020-05-25T00:03:55","isFullCredit":false},{"lineNumber":4,"author":{"gitId":"-"},"content":"","lastModifiedDate":"2020-05-25T00:03:55","isFullCredit":false},{"lineNumber":5,"author":{"gitId":"-"},"content":"## Setting up in Intellij","lastModifiedDate":"2020-05-25T00:03:55","isFullCredit":false},{"lineNumber":6,"author":{"gitId":"-"},"content":"","lastModifiedDate":"2020-05-25T00:03:55","isFullCredit":false},{"lineNumber":7,"author":{"gitId":"-"},"content":"Prerequisites: JDK 17, update Intellij to the most recent version.","lastModifiedDate":"2024-07-11T16:50:14","isFullCredit":false},{"lineNumber":8,"author":{"gitId":"-"},"content":"","lastModifiedDate":"2020-05-25T00:03:55","isFullCredit":false},{"lineNumber":9,"author":{"gitId":"-"},"content":"1. Open Intellij (if you are not in the welcome screen, click `File` \u003e `Close Project` to close the existing project first)","lastModifiedDate":"2021-01-17T12:25:53","isFullCredit":false},{"lineNumber":10,"author":{"gitId":"-"},"content":"1. Open the project into Intellij as follows:","lastModifiedDate":"2021-01-17T12:25:53","isFullCredit":false},{"lineNumber":11,"author":{"gitId":"-"},"content":"   1. Click `Open`.","lastModifiedDate":"2021-01-17T12:25:53","isFullCredit":false},{"lineNumber":12,"author":{"gitId":"-"},"content":"   1. Select the project directory, and click `OK`.","lastModifiedDate":"2021-01-17T12:25:53","isFullCredit":false},{"lineNumber":13,"author":{"gitId":"-"},"content":"   1. If there are any further prompts, accept the defaults.","lastModifiedDate":"2020-05-25T00:03:55","isFullCredit":false},{"lineNumber":14,"author":{"gitId":"-"},"content":"1. Configure the project to use **JDK 17** (not other versions) as explained in [here](https://www.jetbrains.com/help/idea/sdk.html#set-up-jdk).\u003cbr\u003e","lastModifiedDate":"2024-07-11T16:50:14","isFullCredit":false},{"lineNumber":15,"author":{"gitId":"-"},"content":"   In the same dialog, set the **Project language level** field to the `SDK default` option.","lastModifiedDate":"2021-07-29T20:29:39","isFullCredit":false},{"lineNumber":16,"author":{"gitId":"s6r6k"},"content":"1. After that, locate the `src/main/java/Fuzzy.java` file, right-click it, and choose `Run Fuzzy.main()` (if the code editor is showing compile errors, try restarting the IDE). If the setup is correct, you should see something like the below as the output:","lastModifiedDate":"2026-01-20T18:45:08","isFullCredit":false},{"lineNumber":17,"author":{"gitId":"-"},"content":"   ```","lastModifiedDate":"2020-05-25T00:03:55","isFullCredit":false},{"lineNumber":18,"author":{"gitId":"-"},"content":"   Hello from","lastModifiedDate":"2020-05-25T00:03:55","isFullCredit":false},{"lineNumber":19,"author":{"gitId":"-"},"content":"    ____        _        ","lastModifiedDate":"2020-05-25T00:03:55","isFullCredit":false},{"lineNumber":20,"author":{"gitId":"-"},"content":"   |  _ \\ _   _| | _____ ","lastModifiedDate":"2020-05-25T00:03:55","isFullCredit":false},{"lineNumber":21,"author":{"gitId":"-"},"content":"   | | | | | | | |/ / _ \\","lastModifiedDate":"2020-05-25T00:03:55","isFullCredit":false},{"lineNumber":22,"author":{"gitId":"-"},"content":"   | |_| | |_| |   \u003c  __/","lastModifiedDate":"2020-05-25T00:03:55","isFullCredit":false},{"lineNumber":23,"author":{"gitId":"-"},"content":"   |____/ \\__,_|_|\\_\\___|","lastModifiedDate":"2020-05-25T00:03:55","isFullCredit":false},{"lineNumber":24,"author":{"gitId":"-"},"content":"   ```","lastModifiedDate":"2020-05-25T00:03:55","isFullCredit":false},{"lineNumber":25,"author":{"gitId":"-"},"content":"","lastModifiedDate":"2025-01-04T21:44:28","isFullCredit":false},{"lineNumber":26,"author":{"gitId":"-"},"content":"**Warning:** Keep the `src\\main\\java` folder as the root folder for Java files (i.e., don\u0027t rename those folders or move Java files to another folder outside of this folder path), as this is the default location some tools (e.g., Gradle) expect to find Java files.","lastModifiedDate":"2025-01-04T21:44:28","isFullCredit":false}],"authorContributionMap":{"s6r6k":2,"-":24}},{"path":"data/fuzzy.txt","fileType":"txt","lines":[{"lineNumber":1,"author":{"gitId":"s6r6k"},"content":"D | 0 | eat food | 2020-12-01","lastModifiedDate":"2026-01-30T16:31:20","isFullCredit":false},{"lineNumber":2,"author":{"gitId":"s6r6k"},"content":"T | 0 | eat dinner","lastModifiedDate":"2026-01-31T12:37:14","isFullCredit":false},{"lineNumber":3,"author":{"gitId":"s6r6k"},"content":"D | 0 | eat food | 2005-01-16","lastModifiedDate":"2026-01-31T12:37:14","isFullCredit":false}],"authorContributionMap":{"s6r6k":3}},{"path":"docs/README.md","fileType":"md","lines":[{"lineNumber":1,"author":{"gitId":"s6r6k"},"content":"# Fuzzy User Guide","lastModifiedDate":"2026-01-20T18:45:08","isFullCredit":false},{"lineNumber":2,"author":{"gitId":"-"},"content":"","lastModifiedDate":"2019-07-29T17:14:46","isFullCredit":false},{"lineNumber":3,"author":{"gitId":"-"},"content":"// Update the title above to match the actual product name","lastModifiedDate":"2024-01-07T18:33:52","isFullCredit":false},{"lineNumber":4,"author":{"gitId":"-"},"content":"","lastModifiedDate":"2019-07-29T17:14:46","isFullCredit":false},{"lineNumber":5,"author":{"gitId":"-"},"content":"// Product screenshot goes here","lastModifiedDate":"2024-01-07T18:33:52","isFullCredit":false},{"lineNumber":6,"author":{"gitId":"-"},"content":"","lastModifiedDate":"2021-07-17T16:49:07","isFullCredit":false},{"lineNumber":7,"author":{"gitId":"-"},"content":"// Product intro goes here","lastModifiedDate":"2024-01-07T18:33:52","isFullCredit":false},{"lineNumber":8,"author":{"gitId":"-"},"content":"","lastModifiedDate":"2021-07-17T16:49:07","isFullCredit":false},{"lineNumber":9,"author":{"gitId":"-"},"content":"## Adding deadlines","lastModifiedDate":"2024-01-07T18:33:52","isFullCredit":false},{"lineNumber":10,"author":{"gitId":"-"},"content":"","lastModifiedDate":"2021-07-17T16:49:07","isFullCredit":false},{"lineNumber":11,"author":{"gitId":"-"},"content":"// Describe the action and its outcome.","lastModifiedDate":"2024-01-07T18:33:52","isFullCredit":false},{"lineNumber":12,"author":{"gitId":"-"},"content":"","lastModifiedDate":"2019-07-29T17:14:46","isFullCredit":false},{"lineNumber":13,"author":{"gitId":"-"},"content":"// Give examples of usage","lastModifiedDate":"2024-01-07T18:33:52","isFullCredit":false},{"lineNumber":14,"author":{"gitId":"-"},"content":"","lastModifiedDate":"2019-07-29T17:14:46","isFullCredit":false},{"lineNumber":15,"author":{"gitId":"-"},"content":"Example: `keyword (optional arguments)`","lastModifiedDate":"2024-01-07T18:33:52","isFullCredit":false},{"lineNumber":16,"author":{"gitId":"-"},"content":"","lastModifiedDate":"2019-07-29T17:14:46","isFullCredit":false},{"lineNumber":17,"author":{"gitId":"-"},"content":"// A description of the expected outcome goes here","lastModifiedDate":"2024-01-07T18:33:52","isFullCredit":false},{"lineNumber":18,"author":{"gitId":"-"},"content":"","lastModifiedDate":"2019-07-29T17:14:46","isFullCredit":false},{"lineNumber":19,"author":{"gitId":"-"},"content":"```","lastModifiedDate":"2024-01-07T18:33:52","isFullCredit":false},{"lineNumber":20,"author":{"gitId":"-"},"content":"expected output","lastModifiedDate":"2024-01-07T18:33:52","isFullCredit":false},{"lineNumber":21,"author":{"gitId":"-"},"content":"```","lastModifiedDate":"2024-01-07T18:33:52","isFullCredit":false},{"lineNumber":22,"author":{"gitId":"-"},"content":"","lastModifiedDate":"2019-07-29T17:14:46","isFullCredit":false},{"lineNumber":23,"author":{"gitId":"-"},"content":"## Feature ABC","lastModifiedDate":"2024-01-07T18:33:52","isFullCredit":false},{"lineNumber":24,"author":{"gitId":"-"},"content":"","lastModifiedDate":"2019-07-29T17:14:46","isFullCredit":false},{"lineNumber":25,"author":{"gitId":"-"},"content":"// Feature details","lastModifiedDate":"2024-01-07T18:33:52","isFullCredit":false},{"lineNumber":26,"author":{"gitId":"-"},"content":"","lastModifiedDate":"2019-07-29T17:14:46","isFullCredit":false},{"lineNumber":27,"author":{"gitId":"-"},"content":"","lastModifiedDate":"2021-07-17T16:49:07","isFullCredit":false},{"lineNumber":28,"author":{"gitId":"-"},"content":"## Feature XYZ","lastModifiedDate":"2024-01-07T18:33:52","isFullCredit":false},{"lineNumber":29,"author":{"gitId":"-"},"content":"","lastModifiedDate":"2024-01-07T18:33:52","isFullCredit":false},{"lineNumber":30,"author":{"gitId":"-"},"content":"// Feature details","lastModifiedDate":"2024-01-07T18:33:52","isFullCredit":false}],"authorContributionMap":{"s6r6k":1,"-":29}},{"path":"src/main/java/duke/Exception/EmptyDescException.java","fileType":"java","lines":[{"lineNumber":1,"author":{"gitId":"s6r6k"},"content":"package duke.Exception;","lastModifiedDate":"2026-02-01T14:58:32","isFullCredit":false},{"lineNumber":2,"author":{"gitId":"s6r6k"},"content":"","lastModifiedDate":"2026-02-01T14:58:32","isFullCredit":false},{"lineNumber":3,"author":{"gitId":"s6r6k"},"content":"public class EmptyDescException extends Exception {","lastModifiedDate":"2026-02-01T14:58:32","isFullCredit":false},{"lineNumber":4,"author":{"gitId":"s6r6k"},"content":"    public EmptyDescException(String command) {","lastModifiedDate":"2026-02-01T14:58:32","isFullCredit":false},{"lineNumber":5,"author":{"gitId":"s6r6k"},"content":"        super(\"Ermmm the description of \" + command + \" can\u0027t be blank la.\");","lastModifiedDate":"2026-02-01T14:58:32","isFullCredit":false},{"lineNumber":6,"author":{"gitId":"s6r6k"},"content":"    }","lastModifiedDate":"2026-02-01T14:58:32","isFullCredit":false},{"lineNumber":7,"author":{"gitId":"s6r6k"},"content":"}","lastModifiedDate":"2026-02-01T14:58:32","isFullCredit":false}],"authorContributionMap":{"s6r6k":7}},{"path":"src/main/java/duke/Fuzzy.java","fileType":"java","lines":[{"lineNumber":1,"author":{"gitId":"s6r6k"},"content":"package duke;","lastModifiedDate":"2026-02-01T14:58:32","isFullCredit":false},{"lineNumber":2,"author":{"gitId":"s6r6k"},"content":"import duke.Exception.EmptyDescException;","lastModifiedDate":"2026-02-01T14:58:32","isFullCredit":false},{"lineNumber":3,"author":{"gitId":"s6r6k"},"content":"import duke.Parser.ParsedInput;","lastModifiedDate":"2026-02-01T14:58:32","isFullCredit":false},{"lineNumber":4,"author":{"gitId":"s6r6k"},"content":"import duke.Parser.Parser;","lastModifiedDate":"2026-02-01T14:58:32","isFullCredit":false},{"lineNumber":5,"author":{"gitId":"s6r6k"},"content":"import duke.Task.*;","lastModifiedDate":"2026-02-01T14:58:32","isFullCredit":false},{"lineNumber":6,"author":{"gitId":"s6r6k"},"content":"import duke.Storage.Storage;","lastModifiedDate":"2026-02-01T14:58:32","isFullCredit":false},{"lineNumber":7,"author":{"gitId":"s6r6k"},"content":"import duke.Ui.Ui;","lastModifiedDate":"2026-02-01T14:58:32","isFullCredit":false},{"lineNumber":8,"author":{"gitId":"s6r6k"},"content":"","lastModifiedDate":"2026-01-30T15:18:05","isFullCredit":false},{"lineNumber":9,"author":{"gitId":"s6r6k"},"content":"public class Fuzzy {","lastModifiedDate":"2026-01-22T22:42:11","isFullCredit":false},{"lineNumber":10,"author":{"gitId":"s6r6k"},"content":"    public static void main(String[] args) {","lastModifiedDate":"2026-01-30T15:18:05","isFullCredit":false},{"lineNumber":11,"author":{"gitId":"s6r6k"},"content":"        Storage storage \u003d new Storage(\"./data/fuzzy.txt\"); //you cant access instance lvl field outside static class","lastModifiedDate":"2026-01-31T12:37:14","isFullCredit":false},{"lineNumber":12,"author":{"gitId":"s6r6k"},"content":"        TaskList list \u003d new TaskList(storage.loadTasks());","lastModifiedDate":"2026-01-31T12:37:14","isFullCredit":false},{"lineNumber":13,"author":{"gitId":"s6r6k"},"content":"","lastModifiedDate":"2026-01-21T23:22:12","isFullCredit":false},{"lineNumber":14,"author":{"gitId":"s6r6k"},"content":"        String line \u003d \"\";","lastModifiedDate":"2026-01-20T18:45:08","isFullCredit":false},{"lineNumber":15,"author":{"gitId":"s6r6k"},"content":"        for (int i \u003d 0; i \u003c 35; i++) {","lastModifiedDate":"2026-01-20T18:45:08","isFullCredit":false},{"lineNumber":16,"author":{"gitId":"s6r6k"},"content":"            line +\u003d \"_\";","lastModifiedDate":"2026-01-20T18:45:08","isFullCredit":false},{"lineNumber":17,"author":{"gitId":"s6r6k"},"content":"        }","lastModifiedDate":"2026-01-20T18:45:08","isFullCredit":false},{"lineNumber":18,"author":{"gitId":"s6r6k"},"content":"        Ui ui \u003d new Ui();","lastModifiedDate":"2026-01-31T12:37:14","isFullCredit":false},{"lineNumber":19,"author":{"gitId":"s6r6k"},"content":"        ui.showWelcome();","lastModifiedDate":"2026-01-31T12:37:14","isFullCredit":false},{"lineNumber":20,"author":{"gitId":"s6r6k"},"content":"        boolean isExit \u003d false;","lastModifiedDate":"2026-01-31T12:37:14","isFullCredit":false},{"lineNumber":21,"author":{"gitId":"s6r6k"},"content":"","lastModifiedDate":"2026-01-31T12:37:14","isFullCredit":false},{"lineNumber":22,"author":{"gitId":"s6r6k"},"content":"        while (!isExit) {","lastModifiedDate":"2026-01-31T12:37:14","isFullCredit":false},{"lineNumber":23,"author":{"gitId":"s6r6k"},"content":"            try {","lastModifiedDate":"2026-01-24T12:56:11","isFullCredit":false},{"lineNumber":24,"author":{"gitId":"s6r6k"},"content":"                String input \u003d ui.readCommand(); //anything that can throw error should be in try","lastModifiedDate":"2026-01-31T12:37:14","isFullCredit":false},{"lineNumber":25,"author":{"gitId":"s6r6k"},"content":"                ParsedInput pi \u003d Parser.parse(input);","lastModifiedDate":"2026-01-31T12:37:14","isFullCredit":false},{"lineNumber":26,"author":{"gitId":"s6r6k"},"content":"                String command \u003d pi.getCommand();","lastModifiedDate":"2026-01-31T12:37:14","isFullCredit":false},{"lineNumber":27,"author":{"gitId":"s6r6k"},"content":"                String details \u003d pi.getDetails();","lastModifiedDate":"2026-01-31T12:37:14","isFullCredit":false},{"lineNumber":28,"author":{"gitId":"s6r6k"},"content":"","lastModifiedDate":"2026-01-31T12:37:14","isFullCredit":false},{"lineNumber":29,"author":{"gitId":"s6r6k"},"content":"                if (command.equals(\"bye\")) {","lastModifiedDate":"2026-01-31T12:37:14","isFullCredit":false},{"lineNumber":30,"author":{"gitId":"s6r6k"},"content":"                    isExit \u003d true;","lastModifiedDate":"2026-01-31T12:37:14","isFullCredit":false},{"lineNumber":31,"author":{"gitId":"s6r6k"},"content":"                    continue;","lastModifiedDate":"2026-01-31T12:37:14","isFullCredit":false},{"lineNumber":32,"author":{"gitId":"s6r6k"},"content":"                }","lastModifiedDate":"2026-01-31T12:37:14","isFullCredit":false},{"lineNumber":33,"author":{"gitId":"s6r6k"},"content":"                else if (command.equals(\"list\")) {","lastModifiedDate":"2026-01-31T12:37:14","isFullCredit":false},{"lineNumber":34,"author":{"gitId":"s6r6k"},"content":"                    for (int i \u003d 0; i \u003c list.size(); i++) {","lastModifiedDate":"2026-01-21T23:22:12","isFullCredit":false},{"lineNumber":35,"author":{"gitId":"s6r6k"},"content":"                        Task curr \u003d list.get(i);","lastModifiedDate":"2026-01-22T19:25:46","isFullCredit":false},{"lineNumber":36,"author":{"gitId":"s6r6k"},"content":"                        System.out.println((i + 1) + \".\" + curr.toString());","lastModifiedDate":"2026-01-22T19:25:46","isFullCredit":false},{"lineNumber":37,"author":{"gitId":"s6r6k"},"content":"                    }","lastModifiedDate":"2026-01-22T19:25:46","isFullCredit":false},{"lineNumber":38,"author":{"gitId":"s6r6k"},"content":"                } else if(command.equals(\"unknown\")) {","lastModifiedDate":"2026-01-31T12:37:14","isFullCredit":false},{"lineNumber":39,"author":{"gitId":"s6r6k"},"content":"                    System.out.println(\"Means?\");","lastModifiedDate":"2026-01-24T12:56:11","isFullCredit":false},{"lineNumber":40,"author":{"gitId":"s6r6k"},"content":"                } else if (command.equals(\"mark\")) {","lastModifiedDate":"2026-01-24T12:56:11","isFullCredit":false},{"lineNumber":41,"author":{"gitId":"s6r6k"},"content":"                    int taskNum \u003d Integer.parseInt(details);","lastModifiedDate":"2026-01-31T12:37:14","isFullCredit":false},{"lineNumber":42,"author":{"gitId":"s6r6k"},"content":"                    Task curry \u003d list.get(taskNum - 1);","lastModifiedDate":"2026-01-22T19:25:46","isFullCredit":false},{"lineNumber":43,"author":{"gitId":"s6r6k"},"content":"                    curry.complete();","lastModifiedDate":"2026-01-22T19:25:46","isFullCredit":false},{"lineNumber":44,"author":{"gitId":"s6r6k"},"content":"                    storage.saveTasks(list);","lastModifiedDate":"2026-01-31T12:37:14","isFullCredit":false},{"lineNumber":45,"author":{"gitId":"s6r6k"},"content":"                    System.out.println(\"I marked it, madam:\" + \"\\n\" + curry.toString());","lastModifiedDate":"2026-01-22T19:25:46","isFullCredit":false},{"lineNumber":46,"author":{"gitId":"s6r6k"},"content":"                } else if (command.equals(\"unmark\")) {","lastModifiedDate":"2026-01-24T12:56:11","isFullCredit":false},{"lineNumber":47,"author":{"gitId":"s6r6k"},"content":"                    int taskNum \u003d Integer.parseInt(details);","lastModifiedDate":"2026-01-31T12:37:14","isFullCredit":false},{"lineNumber":48,"author":{"gitId":"s6r6k"},"content":"                    Task curry \u003d list.get(taskNum - 1);","lastModifiedDate":"2026-01-22T19:25:46","isFullCredit":false},{"lineNumber":49,"author":{"gitId":"s6r6k"},"content":"                    curry.unmark();","lastModifiedDate":"2026-01-22T19:25:46","isFullCredit":false},{"lineNumber":50,"author":{"gitId":"s6r6k"},"content":"                    storage.saveTasks(list);","lastModifiedDate":"2026-01-31T12:37:14","isFullCredit":false},{"lineNumber":51,"author":{"gitId":"s6r6k"},"content":"                    System.out.println(\"Ok, unmarked it bubs:\" + \"\\n\" + curry.toString());","lastModifiedDate":"2026-01-22T19:25:46","isFullCredit":false},{"lineNumber":52,"author":{"gitId":"s6r6k"},"content":"                } else if (command.equals(\"todo\")) {","lastModifiedDate":"2026-01-24T12:56:11","isFullCredit":false},{"lineNumber":53,"author":{"gitId":"s6r6k"},"content":"                    ToDo td \u003d new ToDo(details);","lastModifiedDate":"2026-01-22T22:42:11","isFullCredit":false},{"lineNumber":54,"author":{"gitId":"s6r6k"},"content":"                    list.add(td);","lastModifiedDate":"2026-01-22T22:42:11","isFullCredit":false},{"lineNumber":55,"author":{"gitId":"s6r6k"},"content":"                    storage.saveTasks(list);","lastModifiedDate":"2026-01-31T12:37:14","isFullCredit":false},{"lineNumber":56,"author":{"gitId":"s6r6k"},"content":"                    System.out.println(line);","lastModifiedDate":"2026-01-22T22:42:11","isFullCredit":false},{"lineNumber":57,"author":{"gitId":"s6r6k"},"content":"                    System.out.println(\"Alrighty, added it:\" + \"\\n\" + list.size() + \".\" + td.toString() + \"\\n\"","lastModifiedDate":"2026-01-30T15:18:05","isFullCredit":false},{"lineNumber":58,"author":{"gitId":"s6r6k"},"content":"                            + \"You have \" + list.size() + \" tasks darling\");","lastModifiedDate":"2026-01-30T15:18:05","isFullCredit":false},{"lineNumber":59,"author":{"gitId":"s6r6k"},"content":"                    System.out.println(line);","lastModifiedDate":"2026-01-22T22:42:11","isFullCredit":false},{"lineNumber":60,"author":{"gitId":"s6r6k"},"content":"                } else if (command.equals(\"deadline\")) {","lastModifiedDate":"2026-01-24T12:56:11","isFullCredit":false},{"lineNumber":61,"author":{"gitId":"s6r6k"},"content":"                    if (!details.contains(\"/by\")) {","lastModifiedDate":"2026-01-31T12:37:14","isFullCredit":false},{"lineNumber":62,"author":{"gitId":"s6r6k"},"content":"                        throw new IllegalArgumentException(\"Deadline must have /by\");","lastModifiedDate":"2026-01-31T12:37:14","isFullCredit":false},{"lineNumber":63,"author":{"gitId":"s6r6k"},"content":"                    }","lastModifiedDate":"2026-01-31T12:37:14","isFullCredit":false},{"lineNumber":64,"author":{"gitId":"s6r6k"},"content":"                    String by \u003d details.split(\"/by\", 2)[1].trim();","lastModifiedDate":"2026-01-22T22:42:11","isFullCredit":false},{"lineNumber":65,"author":{"gitId":"s6r6k"},"content":"                    String deets \u003d details.split(\"/by\", 2)[0].trim();","lastModifiedDate":"2026-01-22T22:42:11","isFullCredit":false},{"lineNumber":66,"author":{"gitId":"s6r6k"},"content":"                    Deadline dl \u003d new Deadline(by, deets);","lastModifiedDate":"2026-01-22T22:42:11","isFullCredit":false},{"lineNumber":67,"author":{"gitId":"s6r6k"},"content":"                    list.add(dl);","lastModifiedDate":"2026-01-22T22:42:11","isFullCredit":false},{"lineNumber":68,"author":{"gitId":"s6r6k"},"content":"                    storage.saveTasks(list);","lastModifiedDate":"2026-01-31T12:37:14","isFullCredit":false},{"lineNumber":69,"author":{"gitId":"s6r6k"},"content":"                    System.out.println(line);","lastModifiedDate":"2026-01-22T22:42:11","isFullCredit":false},{"lineNumber":70,"author":{"gitId":"s6r6k"},"content":"                    System.out.println(\"Alrighty, added it:\" + \"\\n\" + list.size() + \".\" + dl.toString() + \"\\n\"","lastModifiedDate":"2026-01-30T15:18:05","isFullCredit":false},{"lineNumber":71,"author":{"gitId":"s6r6k"},"content":"                            + \"You have \" + list.size() + \" tasks darling\");","lastModifiedDate":"2026-01-30T15:18:05","isFullCredit":false},{"lineNumber":72,"author":{"gitId":"s6r6k"},"content":"                    System.out.println(line);","lastModifiedDate":"2026-01-22T22:42:11","isFullCredit":false},{"lineNumber":73,"author":{"gitId":"s6r6k"},"content":"","lastModifiedDate":"2026-01-22T22:42:11","isFullCredit":false},{"lineNumber":74,"author":{"gitId":"s6r6k"},"content":"                } else if (command.equals(\"event\")) {","lastModifiedDate":"2026-01-24T12:56:11","isFullCredit":false},{"lineNumber":75,"author":{"gitId":"s6r6k"},"content":"                    String afterFrom \u003d details.split(\"/from\", 2)[1];","lastModifiedDate":"2026-01-22T22:42:11","isFullCredit":false},{"lineNumber":76,"author":{"gitId":"s6r6k"},"content":"                    String beforeFrom \u003d details.split(\"/from\", 2)[0].trim();","lastModifiedDate":"2026-01-30T15:18:05","isFullCredit":false},{"lineNumber":77,"author":{"gitId":"s6r6k"},"content":"                    String start \u003d afterFrom.split(\"/to\", 2)[0];","lastModifiedDate":"2026-01-22T22:42:11","isFullCredit":false},{"lineNumber":78,"author":{"gitId":"s6r6k"},"content":"                    String to \u003d afterFrom.split(\"/to\", 2)[1];","lastModifiedDate":"2026-01-22T22:42:11","isFullCredit":false},{"lineNumber":79,"author":{"gitId":"s6r6k"},"content":"                    Event ev \u003d new Event(start, to, beforeFrom);","lastModifiedDate":"2026-01-22T22:42:11","isFullCredit":false},{"lineNumber":80,"author":{"gitId":"s6r6k"},"content":"                    list.add(ev);","lastModifiedDate":"2026-01-22T22:42:11","isFullCredit":false},{"lineNumber":81,"author":{"gitId":"s6r6k"},"content":"                    storage.saveTasks(list);","lastModifiedDate":"2026-01-31T12:37:14","isFullCredit":false},{"lineNumber":82,"author":{"gitId":"s6r6k"},"content":"                    System.out.println(line);","lastModifiedDate":"2026-01-21T22:14:42","isFullCredit":false},{"lineNumber":83,"author":{"gitId":"s6r6k"},"content":"                    System.out.println(\"Alrighty, added it:\" + \"\\n\" + list.size() + \".\" + ev.toString() + \"\\n\"","lastModifiedDate":"2026-01-30T15:18:05","isFullCredit":false},{"lineNumber":84,"author":{"gitId":"s6r6k"},"content":"                            + \"You have \" + list.size() + \" tasks darling\");","lastModifiedDate":"2026-01-30T15:18:05","isFullCredit":false},{"lineNumber":85,"author":{"gitId":"s6r6k"},"content":"                    System.out.println(line);","lastModifiedDate":"2026-01-21T23:22:12","isFullCredit":false},{"lineNumber":86,"author":{"gitId":"s6r6k"},"content":"                } else if(command.equals(\"remove\")) {","lastModifiedDate":"2026-01-24T13:04:54","isFullCredit":false},{"lineNumber":87,"author":{"gitId":"s6r6k"},"content":"                    int numOfTask \u003d Integer.parseInt(details);","lastModifiedDate":"2026-01-31T12:37:14","isFullCredit":false},{"lineNumber":88,"author":{"gitId":"s6r6k"},"content":"                    Task taski \u003d list.get(numOfTask - 1);","lastModifiedDate":"2026-01-24T13:04:54","isFullCredit":false},{"lineNumber":89,"author":{"gitId":"s6r6k"},"content":"                    list.remove(numOfTask - 1);","lastModifiedDate":"2026-01-24T13:04:54","isFullCredit":false},{"lineNumber":90,"author":{"gitId":"s6r6k"},"content":"                    storage.saveTasks(list);","lastModifiedDate":"2026-01-31T12:37:14","isFullCredit":false},{"lineNumber":91,"author":{"gitId":"s6r6k"},"content":"                    System.out.println(\"Okay bubs I removed: \" + taski.toString() + \"Now you have \" + list.size() + \" tasks\" +","lastModifiedDate":"2026-01-30T15:18:05","isFullCredit":false},{"lineNumber":92,"author":{"gitId":"s6r6k"},"content":"                            \" tasks in the list\");","lastModifiedDate":"2026-01-24T13:04:54","isFullCredit":false},{"lineNumber":93,"author":{"gitId":"s6r6k"},"content":"","lastModifiedDate":"2026-01-24T13:04:54","isFullCredit":false},{"lineNumber":94,"author":{"gitId":"s6r6k"},"content":"                } else {","lastModifiedDate":"2026-01-24T12:56:11","isFullCredit":false},{"lineNumber":95,"author":{"gitId":"s6r6k"},"content":"                    System.out.println(\"Means?\");","lastModifiedDate":"2026-01-24T12:56:11","isFullCredit":false},{"lineNumber":96,"author":{"gitId":"s6r6k"},"content":"                }","lastModifiedDate":"2026-01-24T12:56:11","isFullCredit":false},{"lineNumber":97,"author":{"gitId":"s6r6k"},"content":"            } catch (EmptyDescException e){","lastModifiedDate":"2026-01-24T12:56:11","isFullCredit":false},{"lineNumber":98,"author":{"gitId":"s6r6k"},"content":"                System.out.println(e.getMessage());","lastModifiedDate":"2026-01-24T12:56:11","isFullCredit":false},{"lineNumber":99,"author":{"gitId":"s6r6k"},"content":"            }","lastModifiedDate":"2026-01-21T23:22:12","isFullCredit":false},{"lineNumber":100,"author":{"gitId":"s6r6k"},"content":"        }","lastModifiedDate":"2026-01-21T22:14:42","isFullCredit":false},{"lineNumber":101,"author":{"gitId":"s6r6k"},"content":"        System.out.println(\"Alright, see you again.\");","lastModifiedDate":"2026-01-21T22:14:42","isFullCredit":false},{"lineNumber":102,"author":{"gitId":"s6r6k"},"content":"        System.out.println(line);","lastModifiedDate":"2026-01-20T18:45:08","isFullCredit":false},{"lineNumber":103,"author":{"gitId":"s6r6k"},"content":"    }","lastModifiedDate":"2026-01-20T18:45:08","isFullCredit":false},{"lineNumber":104,"author":{"gitId":"s6r6k"},"content":"}","lastModifiedDate":"2026-01-20T18:45:08","isFullCredit":false}],"authorContributionMap":{"s6r6k":104}},{"path":"src/main/java/duke/Parser/ParsedInput.java","fileType":"java","lines":[{"lineNumber":1,"author":{"gitId":"s6r6k"},"content":"package duke.Parser;","lastModifiedDate":"2026-02-01T14:58:32","isFullCredit":false},{"lineNumber":2,"author":{"gitId":"s6r6k"},"content":"","lastModifiedDate":"2026-02-01T14:58:32","isFullCredit":false},{"lineNumber":3,"author":{"gitId":"s6r6k"},"content":"public class ParsedInput {","lastModifiedDate":"2026-02-01T14:58:32","isFullCredit":false},{"lineNumber":4,"author":{"gitId":"s6r6k"},"content":"    private final String command;","lastModifiedDate":"2026-02-01T14:58:32","isFullCredit":false},{"lineNumber":5,"author":{"gitId":"s6r6k"},"content":"    private final String details;","lastModifiedDate":"2026-02-01T14:58:32","isFullCredit":false},{"lineNumber":6,"author":{"gitId":"s6r6k"},"content":"","lastModifiedDate":"2026-02-01T14:58:32","isFullCredit":false},{"lineNumber":7,"author":{"gitId":"s6r6k"},"content":"    public ParsedInput(String command, String details) {","lastModifiedDate":"2026-02-01T14:58:32","isFullCredit":false},{"lineNumber":8,"author":{"gitId":"s6r6k"},"content":"        this.command \u003d command;","lastModifiedDate":"2026-02-01T14:58:32","isFullCredit":false},{"lineNumber":9,"author":{"gitId":"s6r6k"},"content":"        this.details \u003d details;","lastModifiedDate":"2026-02-01T14:58:32","isFullCredit":false},{"lineNumber":10,"author":{"gitId":"s6r6k"},"content":"    }","lastModifiedDate":"2026-02-01T14:58:32","isFullCredit":false},{"lineNumber":11,"author":{"gitId":"s6r6k"},"content":"","lastModifiedDate":"2026-02-01T14:58:32","isFullCredit":false},{"lineNumber":12,"author":{"gitId":"s6r6k"},"content":"    public String getCommand() {","lastModifiedDate":"2026-02-01T14:58:32","isFullCredit":false},{"lineNumber":13,"author":{"gitId":"s6r6k"},"content":"        return command;","lastModifiedDate":"2026-02-01T14:58:32","isFullCredit":false},{"lineNumber":14,"author":{"gitId":"s6r6k"},"content":"    }","lastModifiedDate":"2026-02-01T14:58:32","isFullCredit":false},{"lineNumber":15,"author":{"gitId":"s6r6k"},"content":"","lastModifiedDate":"2026-02-01T14:58:32","isFullCredit":false},{"lineNumber":16,"author":{"gitId":"s6r6k"},"content":"    public String getDetails() {","lastModifiedDate":"2026-02-01T14:58:32","isFullCredit":false},{"lineNumber":17,"author":{"gitId":"s6r6k"},"content":"        return details;","lastModifiedDate":"2026-02-01T14:58:32","isFullCredit":false},{"lineNumber":18,"author":{"gitId":"s6r6k"},"content":"    }","lastModifiedDate":"2026-02-01T14:58:32","isFullCredit":false},{"lineNumber":19,"author":{"gitId":"s6r6k"},"content":"}","lastModifiedDate":"2026-02-01T14:58:32","isFullCredit":false}],"authorContributionMap":{"s6r6k":19}},{"path":"src/main/java/duke/Parser/Parser.java","fileType":"java","lines":[{"lineNumber":1,"author":{"gitId":"s6r6k"},"content":"package duke.Parser;","lastModifiedDate":"2026-02-01T14:58:32","isFullCredit":false},{"lineNumber":2,"author":{"gitId":"s6r6k"},"content":"","lastModifiedDate":"2026-02-01T14:58:32","isFullCredit":false},{"lineNumber":3,"author":{"gitId":"s6r6k"},"content":"import duke.Exception.EmptyDescException;","lastModifiedDate":"2026-02-01T14:58:32","isFullCredit":false},{"lineNumber":4,"author":{"gitId":"s6r6k"},"content":"import duke.Parser.ParsedInput;","lastModifiedDate":"2026-02-01T14:58:32","isFullCredit":false},{"lineNumber":5,"author":{"gitId":"s6r6k"},"content":"","lastModifiedDate":"2026-02-01T14:58:32","isFullCredit":false},{"lineNumber":6,"author":{"gitId":"s6r6k"},"content":"public class Parser {","lastModifiedDate":"2026-01-31T12:37:14","isFullCredit":false},{"lineNumber":7,"author":{"gitId":"s6r6k"},"content":"    public static ParsedInput parse(String input) throws EmptyDescException{","lastModifiedDate":"2026-01-31T12:37:14","isFullCredit":false},{"lineNumber":8,"author":{"gitId":"s6r6k"},"content":"        input \u003d input.trim();","lastModifiedDate":"2026-01-31T12:37:14","isFullCredit":false},{"lineNumber":9,"author":{"gitId":"s6r6k"},"content":"        if(input.isEmpty()) {","lastModifiedDate":"2026-01-31T12:37:14","isFullCredit":false},{"lineNumber":10,"author":{"gitId":"s6r6k"},"content":"            throw new EmptyDescException(\"command\");","lastModifiedDate":"2026-01-31T12:37:14","isFullCredit":false},{"lineNumber":11,"author":{"gitId":"s6r6k"},"content":"        }","lastModifiedDate":"2026-01-31T12:37:14","isFullCredit":false},{"lineNumber":12,"author":{"gitId":"s6r6k"},"content":"        String[] parts \u003d input.split(\" \", 2);","lastModifiedDate":"2026-01-31T12:37:14","isFullCredit":false},{"lineNumber":13,"author":{"gitId":"s6r6k"},"content":"        String command \u003d parts[0];","lastModifiedDate":"2026-01-31T12:37:14","isFullCredit":false},{"lineNumber":14,"author":{"gitId":"s6r6k"},"content":"        String details \u003d parts.length \u003e 1? parts[1].trim(): \"\";","lastModifiedDate":"2026-01-31T12:37:14","isFullCredit":false},{"lineNumber":15,"author":{"gitId":"s6r6k"},"content":"        switch(command) {","lastModifiedDate":"2026-01-31T12:37:14","isFullCredit":false},{"lineNumber":16,"author":{"gitId":"s6r6k"},"content":"            case \"list\":","lastModifiedDate":"2026-01-31T12:37:14","isFullCredit":false},{"lineNumber":17,"author":{"gitId":"s6r6k"},"content":"            case \"bye\":","lastModifiedDate":"2026-01-31T12:37:14","isFullCredit":false},{"lineNumber":18,"author":{"gitId":"s6r6k"},"content":"                return new ParsedInput(command, \"\");","lastModifiedDate":"2026-01-31T12:37:14","isFullCredit":false},{"lineNumber":19,"author":{"gitId":"s6r6k"},"content":"            case \"mark\":","lastModifiedDate":"2026-01-31T12:37:14","isFullCredit":false},{"lineNumber":20,"author":{"gitId":"s6r6k"},"content":"            case \"unmark\":","lastModifiedDate":"2026-01-31T12:37:14","isFullCredit":false},{"lineNumber":21,"author":{"gitId":"s6r6k"},"content":"            case \"todo\":","lastModifiedDate":"2026-01-31T12:37:14","isFullCredit":false},{"lineNumber":22,"author":{"gitId":"s6r6k"},"content":"            case \"deadline\":","lastModifiedDate":"2026-01-31T12:37:14","isFullCredit":false},{"lineNumber":23,"author":{"gitId":"s6r6k"},"content":"            case \"event\":","lastModifiedDate":"2026-01-31T12:37:14","isFullCredit":false},{"lineNumber":24,"author":{"gitId":"s6r6k"},"content":"            case \"remove\":","lastModifiedDate":"2026-01-31T12:37:14","isFullCredit":false},{"lineNumber":25,"author":{"gitId":"s6r6k"},"content":"                if(details.isEmpty()) {","lastModifiedDate":"2026-01-31T12:37:14","isFullCredit":false},{"lineNumber":26,"author":{"gitId":"s6r6k"},"content":"                    throw new EmptyDescException(command);","lastModifiedDate":"2026-01-31T12:37:14","isFullCredit":false},{"lineNumber":27,"author":{"gitId":"s6r6k"},"content":"                }","lastModifiedDate":"2026-01-31T12:37:14","isFullCredit":false},{"lineNumber":28,"author":{"gitId":"s6r6k"},"content":"                return new ParsedInput(command, details);","lastModifiedDate":"2026-01-31T12:37:14","isFullCredit":false},{"lineNumber":29,"author":{"gitId":"s6r6k"},"content":"            default:","lastModifiedDate":"2026-01-31T12:37:14","isFullCredit":false},{"lineNumber":30,"author":{"gitId":"s6r6k"},"content":"                return new ParsedInput(\"unknown\", input);","lastModifiedDate":"2026-01-31T12:37:14","isFullCredit":false},{"lineNumber":31,"author":{"gitId":"s6r6k"},"content":"        }","lastModifiedDate":"2026-01-31T12:37:14","isFullCredit":false},{"lineNumber":32,"author":{"gitId":"s6r6k"},"content":"","lastModifiedDate":"2026-01-31T12:37:14","isFullCredit":false},{"lineNumber":33,"author":{"gitId":"s6r6k"},"content":"    }","lastModifiedDate":"2026-01-31T12:37:14","isFullCredit":false},{"lineNumber":34,"author":{"gitId":"s6r6k"},"content":"}","lastModifiedDate":"2026-01-31T12:37:14","isFullCredit":false},{"lineNumber":35,"author":{"gitId":"s6r6k"},"content":"","lastModifiedDate":"2026-01-31T12:37:14","isFullCredit":false}],"authorContributionMap":{"s6r6k":35}},{"path":"src/main/java/duke/Storage/Storage.java","fileType":"java","lines":[{"lineNumber":1,"author":{"gitId":"s6r6k"},"content":"package duke.Storage;","lastModifiedDate":"2026-02-01T14:58:32","isFullCredit":false},{"lineNumber":2,"author":{"gitId":"s6r6k"},"content":"import duke.Task.*;","lastModifiedDate":"2026-02-01T14:58:32","isFullCredit":false},{"lineNumber":3,"author":{"gitId":"s6r6k"},"content":"","lastModifiedDate":"2026-02-01T14:58:32","isFullCredit":false},{"lineNumber":4,"author":{"gitId":"s6r6k"},"content":"import java.io.File;","lastModifiedDate":"2026-01-31T12:37:14","isFullCredit":false},{"lineNumber":5,"author":{"gitId":"s6r6k"},"content":"import java.io.FileWriter;","lastModifiedDate":"2026-01-31T12:37:14","isFullCredit":false},{"lineNumber":6,"author":{"gitId":"s6r6k"},"content":"import java.io.IOException;","lastModifiedDate":"2026-01-31T12:37:14","isFullCredit":false},{"lineNumber":7,"author":{"gitId":"s6r6k"},"content":"import java.util.ArrayList;","lastModifiedDate":"2026-01-31T12:37:14","isFullCredit":false},{"lineNumber":8,"author":{"gitId":"s6r6k"},"content":"import java.util.Scanner;","lastModifiedDate":"2026-01-31T12:37:14","isFullCredit":false},{"lineNumber":9,"author":{"gitId":"s6r6k"},"content":"","lastModifiedDate":"2026-01-31T12:37:14","isFullCredit":false},{"lineNumber":10,"author":{"gitId":"s6r6k"},"content":"public class Storage {","lastModifiedDate":"2026-01-31T12:37:14","isFullCredit":false},{"lineNumber":11,"author":{"gitId":"s6r6k"},"content":"","lastModifiedDate":"2026-01-31T12:37:14","isFullCredit":false},{"lineNumber":12,"author":{"gitId":"s6r6k"},"content":"    private final String filePath;","lastModifiedDate":"2026-01-31T12:37:14","isFullCredit":false},{"lineNumber":13,"author":{"gitId":"s6r6k"},"content":"","lastModifiedDate":"2026-01-31T12:37:14","isFullCredit":false},{"lineNumber":14,"author":{"gitId":"s6r6k"},"content":"    public Storage(String filePath) {","lastModifiedDate":"2026-01-31T12:37:14","isFullCredit":false},{"lineNumber":15,"author":{"gitId":"s6r6k"},"content":"        this.filePath \u003d filePath;","lastModifiedDate":"2026-01-31T12:37:14","isFullCredit":false},{"lineNumber":16,"author":{"gitId":"s6r6k"},"content":"    }","lastModifiedDate":"2026-01-31T12:37:14","isFullCredit":false},{"lineNumber":17,"author":{"gitId":"s6r6k"},"content":"","lastModifiedDate":"2026-01-31T12:37:14","isFullCredit":false},{"lineNumber":18,"author":{"gitId":"s6r6k"},"content":"    public void saveTasks(TaskList list) {","lastModifiedDate":"2026-01-31T12:37:14","isFullCredit":false},{"lineNumber":19,"author":{"gitId":"s6r6k"},"content":"        try {","lastModifiedDate":"2026-01-31T12:37:14","isFullCredit":false},{"lineNumber":20,"author":{"gitId":"s6r6k"},"content":"            File folder \u003d new File(\"./data\");","lastModifiedDate":"2026-01-31T12:37:14","isFullCredit":false},{"lineNumber":21,"author":{"gitId":"s6r6k"},"content":"            if (!folder.exists()) {","lastModifiedDate":"2026-01-31T12:37:14","isFullCredit":false},{"lineNumber":22,"author":{"gitId":"s6r6k"},"content":"                folder.mkdir();","lastModifiedDate":"2026-01-31T12:37:14","isFullCredit":false},{"lineNumber":23,"author":{"gitId":"s6r6k"},"content":"            }","lastModifiedDate":"2026-01-31T12:37:14","isFullCredit":false},{"lineNumber":24,"author":{"gitId":"s6r6k"},"content":"","lastModifiedDate":"2026-01-31T12:37:14","isFullCredit":false},{"lineNumber":25,"author":{"gitId":"s6r6k"},"content":"            FileWriter fw \u003d new FileWriter(filePath);","lastModifiedDate":"2026-01-31T12:37:14","isFullCredit":false},{"lineNumber":26,"author":{"gitId":"s6r6k"},"content":"","lastModifiedDate":"2026-01-31T12:37:14","isFullCredit":false},{"lineNumber":27,"author":{"gitId":"s6r6k"},"content":"            for (int i \u003d 0; i \u003c list.size(); i++) {","lastModifiedDate":"2026-01-31T12:37:14","isFullCredit":false},{"lineNumber":28,"author":{"gitId":"s6r6k"},"content":"                Task taski \u003d list.get(i);","lastModifiedDate":"2026-01-31T12:37:14","isFullCredit":false},{"lineNumber":29,"author":{"gitId":"s6r6k"},"content":"                String type \u003d \"\";","lastModifiedDate":"2026-01-31T12:37:14","isFullCredit":false},{"lineNumber":30,"author":{"gitId":"s6r6k"},"content":"                String extra \u003d \"\";","lastModifiedDate":"2026-01-31T12:37:14","isFullCredit":false},{"lineNumber":31,"author":{"gitId":"s6r6k"},"content":"","lastModifiedDate":"2026-01-31T12:37:14","isFullCredit":false},{"lineNumber":32,"author":{"gitId":"s6r6k"},"content":"                if (taski instanceof ToDo) {","lastModifiedDate":"2026-01-31T12:37:14","isFullCredit":false},{"lineNumber":33,"author":{"gitId":"s6r6k"},"content":"                    type \u003d \"T\";","lastModifiedDate":"2026-01-31T12:37:14","isFullCredit":false},{"lineNumber":34,"author":{"gitId":"s6r6k"},"content":"                } else if (taski instanceof Deadline) {","lastModifiedDate":"2026-01-31T12:37:14","isFullCredit":false},{"lineNumber":35,"author":{"gitId":"s6r6k"},"content":"                    type \u003d \"D\";","lastModifiedDate":"2026-01-31T12:37:14","isFullCredit":false},{"lineNumber":36,"author":{"gitId":"s6r6k"},"content":"                    extra \u003d ((Deadline) taski).getDeadline().toString();","lastModifiedDate":"2026-02-01T14:58:32","isFullCredit":false},{"lineNumber":37,"author":{"gitId":"s6r6k"},"content":"                } else if (taski instanceof Event) {","lastModifiedDate":"2026-01-31T12:37:14","isFullCredit":false},{"lineNumber":38,"author":{"gitId":"s6r6k"},"content":"                    type \u003d \"E\";","lastModifiedDate":"2026-01-31T12:37:14","isFullCredit":false},{"lineNumber":39,"author":{"gitId":"s6r6k"},"content":"                    extra \u003d ((Event) taski).getStartTime() + \"-\" + ((Event) taski).getEndTime();","lastModifiedDate":"2026-02-01T14:58:32","isFullCredit":false},{"lineNumber":40,"author":{"gitId":"s6r6k"},"content":"                }","lastModifiedDate":"2026-01-31T12:37:14","isFullCredit":false},{"lineNumber":41,"author":{"gitId":"s6r6k"},"content":"","lastModifiedDate":"2026-01-31T12:37:14","isFullCredit":false},{"lineNumber":42,"author":{"gitId":"s6r6k"},"content":"                int complete \u003d taski.isCompleted() ? 1 : 0;","lastModifiedDate":"2026-01-31T12:37:14","isFullCredit":false},{"lineNumber":43,"author":{"gitId":"s6r6k"},"content":"","lastModifiedDate":"2026-01-31T12:37:14","isFullCredit":false},{"lineNumber":44,"author":{"gitId":"s6r6k"},"content":"                if (extra.equals(\"\")) {","lastModifiedDate":"2026-01-31T12:37:14","isFullCredit":false},{"lineNumber":45,"author":{"gitId":"s6r6k"},"content":"                    fw.write(type + \" | \" + complete + \" | \" + taski.getName() + \"\\n\");","lastModifiedDate":"2026-01-31T12:37:14","isFullCredit":false},{"lineNumber":46,"author":{"gitId":"s6r6k"},"content":"                } else {","lastModifiedDate":"2026-01-31T12:37:14","isFullCredit":false},{"lineNumber":47,"author":{"gitId":"s6r6k"},"content":"                    fw.write(type + \" | \" + complete + \" | \" + taski.getName()","lastModifiedDate":"2026-01-31T12:37:14","isFullCredit":false},{"lineNumber":48,"author":{"gitId":"s6r6k"},"content":"                            + \" | \" + extra + \"\\n\");","lastModifiedDate":"2026-01-31T12:37:14","isFullCredit":false},{"lineNumber":49,"author":{"gitId":"s6r6k"},"content":"                }","lastModifiedDate":"2026-01-31T12:37:14","isFullCredit":false},{"lineNumber":50,"author":{"gitId":"s6r6k"},"content":"            }","lastModifiedDate":"2026-01-31T12:37:14","isFullCredit":false},{"lineNumber":51,"author":{"gitId":"s6r6k"},"content":"            fw.close();","lastModifiedDate":"2026-01-31T12:37:14","isFullCredit":false},{"lineNumber":52,"author":{"gitId":"s6r6k"},"content":"","lastModifiedDate":"2026-01-31T12:37:14","isFullCredit":false},{"lineNumber":53,"author":{"gitId":"s6r6k"},"content":"        } catch (IOException e) {","lastModifiedDate":"2026-01-31T12:37:14","isFullCredit":false},{"lineNumber":54,"author":{"gitId":"s6r6k"},"content":"            System.out.println(\"Yaar there was an error in saving: \" + e.getMessage());","lastModifiedDate":"2026-01-31T12:37:14","isFullCredit":false},{"lineNumber":55,"author":{"gitId":"s6r6k"},"content":"        }","lastModifiedDate":"2026-01-31T12:37:14","isFullCredit":false},{"lineNumber":56,"author":{"gitId":"s6r6k"},"content":"    }","lastModifiedDate":"2026-01-31T12:37:14","isFullCredit":false},{"lineNumber":57,"author":{"gitId":"s6r6k"},"content":"","lastModifiedDate":"2026-01-31T12:37:14","isFullCredit":false},{"lineNumber":58,"author":{"gitId":"s6r6k"},"content":"    public ArrayList\u003cTask\u003e loadTasks() {","lastModifiedDate":"2026-01-31T12:37:14","isFullCredit":false},{"lineNumber":59,"author":{"gitId":"s6r6k"},"content":"        ArrayList\u003cTask\u003e list \u003d new ArrayList\u003c\u003e();","lastModifiedDate":"2026-01-31T12:37:14","isFullCredit":false},{"lineNumber":60,"author":{"gitId":"s6r6k"},"content":"        File file \u003d new File(filePath);","lastModifiedDate":"2026-01-31T12:37:14","isFullCredit":false},{"lineNumber":61,"author":{"gitId":"s6r6k"},"content":"","lastModifiedDate":"2026-01-31T12:37:14","isFullCredit":false},{"lineNumber":62,"author":{"gitId":"s6r6k"},"content":"        if (!file.exists()) {","lastModifiedDate":"2026-01-31T12:37:14","isFullCredit":false},{"lineNumber":63,"author":{"gitId":"s6r6k"},"content":"            return list;","lastModifiedDate":"2026-01-31T12:37:14","isFullCredit":false},{"lineNumber":64,"author":{"gitId":"s6r6k"},"content":"        }","lastModifiedDate":"2026-01-31T12:37:14","isFullCredit":false},{"lineNumber":65,"author":{"gitId":"s6r6k"},"content":"","lastModifiedDate":"2026-01-31T12:37:14","isFullCredit":false},{"lineNumber":66,"author":{"gitId":"s6r6k"},"content":"        try {","lastModifiedDate":"2026-01-31T12:37:14","isFullCredit":false},{"lineNumber":67,"author":{"gitId":"s6r6k"},"content":"            Scanner sc \u003d new Scanner(file);","lastModifiedDate":"2026-01-31T12:37:14","isFullCredit":false},{"lineNumber":68,"author":{"gitId":"s6r6k"},"content":"            while (sc.hasNextLine()) {","lastModifiedDate":"2026-01-31T12:37:14","isFullCredit":false},{"lineNumber":69,"author":{"gitId":"s6r6k"},"content":"                String line \u003d sc.nextLine();","lastModifiedDate":"2026-01-31T12:37:14","isFullCredit":false},{"lineNumber":70,"author":{"gitId":"s6r6k"},"content":"                String[] parts \u003d line.split(\" \\\\| \");","lastModifiedDate":"2026-01-31T12:37:14","isFullCredit":false},{"lineNumber":71,"author":{"gitId":"s6r6k"},"content":"                if (parts.length \u003c 3) {","lastModifiedDate":"2026-01-31T12:37:14","isFullCredit":false},{"lineNumber":72,"author":{"gitId":"s6r6k"},"content":"                    continue;","lastModifiedDate":"2026-01-31T12:37:14","isFullCredit":false},{"lineNumber":73,"author":{"gitId":"s6r6k"},"content":"                }","lastModifiedDate":"2026-01-31T12:37:14","isFullCredit":false},{"lineNumber":74,"author":{"gitId":"s6r6k"},"content":"","lastModifiedDate":"2026-01-31T12:37:14","isFullCredit":false},{"lineNumber":75,"author":{"gitId":"s6r6k"},"content":"                String type \u003d parts[0];","lastModifiedDate":"2026-01-31T12:37:14","isFullCredit":false},{"lineNumber":76,"author":{"gitId":"s6r6k"},"content":"                boolean done \u003d parts[1].equals(\"1\");","lastModifiedDate":"2026-01-31T12:37:14","isFullCredit":false},{"lineNumber":77,"author":{"gitId":"s6r6k"},"content":"                String name \u003d parts[2];","lastModifiedDate":"2026-01-31T12:37:14","isFullCredit":false},{"lineNumber":78,"author":{"gitId":"s6r6k"},"content":"                Task task \u003d null;","lastModifiedDate":"2026-01-31T12:37:14","isFullCredit":false},{"lineNumber":79,"author":{"gitId":"s6r6k"},"content":"","lastModifiedDate":"2026-01-31T12:37:14","isFullCredit":false},{"lineNumber":80,"author":{"gitId":"s6r6k"},"content":"                switch (type) {","lastModifiedDate":"2026-01-31T12:37:14","isFullCredit":false},{"lineNumber":81,"author":{"gitId":"s6r6k"},"content":"                    case \"T\":","lastModifiedDate":"2026-01-31T12:37:14","isFullCredit":false},{"lineNumber":82,"author":{"gitId":"s6r6k"},"content":"                        task \u003d new ToDo(name);","lastModifiedDate":"2026-01-31T12:37:14","isFullCredit":false},{"lineNumber":83,"author":{"gitId":"s6r6k"},"content":"                        break;","lastModifiedDate":"2026-01-31T12:37:14","isFullCredit":false},{"lineNumber":84,"author":{"gitId":"s6r6k"},"content":"                    case \"D\":","lastModifiedDate":"2026-01-31T12:37:14","isFullCredit":false},{"lineNumber":85,"author":{"gitId":"s6r6k"},"content":"                        if (parts.length \u003c 4) continue;","lastModifiedDate":"2026-01-31T12:37:14","isFullCredit":false},{"lineNumber":86,"author":{"gitId":"s6r6k"},"content":"                        task \u003d new Deadline(parts[3], name);","lastModifiedDate":"2026-01-31T12:37:14","isFullCredit":false},{"lineNumber":87,"author":{"gitId":"s6r6k"},"content":"                        break;","lastModifiedDate":"2026-01-31T12:37:14","isFullCredit":false},{"lineNumber":88,"author":{"gitId":"s6r6k"},"content":"                    case \"E\":","lastModifiedDate":"2026-01-31T12:37:14","isFullCredit":false},{"lineNumber":89,"author":{"gitId":"s6r6k"},"content":"                        if (parts.length \u003c 4) continue;","lastModifiedDate":"2026-01-31T12:37:14","isFullCredit":false},{"lineNumber":90,"author":{"gitId":"s6r6k"},"content":"                        String[] times \u003d parts[3].split(\"-\");","lastModifiedDate":"2026-01-31T12:37:14","isFullCredit":false},{"lineNumber":91,"author":{"gitId":"s6r6k"},"content":"                        if (times.length \u003c 2) continue;","lastModifiedDate":"2026-01-31T12:37:14","isFullCredit":false},{"lineNumber":92,"author":{"gitId":"s6r6k"},"content":"                        task \u003d new Event(times[0], times[1], name);","lastModifiedDate":"2026-01-31T12:37:14","isFullCredit":false},{"lineNumber":93,"author":{"gitId":"s6r6k"},"content":"                        break;","lastModifiedDate":"2026-01-31T12:37:14","isFullCredit":false},{"lineNumber":94,"author":{"gitId":"s6r6k"},"content":"                }","lastModifiedDate":"2026-01-31T12:37:14","isFullCredit":false},{"lineNumber":95,"author":{"gitId":"s6r6k"},"content":"","lastModifiedDate":"2026-01-31T12:37:14","isFullCredit":false},{"lineNumber":96,"author":{"gitId":"s6r6k"},"content":"                if (task !\u003d null \u0026\u0026 done) {","lastModifiedDate":"2026-01-31T12:37:14","isFullCredit":false},{"lineNumber":97,"author":{"gitId":"s6r6k"},"content":"                    task.complete();","lastModifiedDate":"2026-01-31T12:37:14","isFullCredit":false},{"lineNumber":98,"author":{"gitId":"s6r6k"},"content":"                }","lastModifiedDate":"2026-01-31T12:37:14","isFullCredit":false},{"lineNumber":99,"author":{"gitId":"s6r6k"},"content":"                if (task !\u003d null) {","lastModifiedDate":"2026-01-31T12:37:14","isFullCredit":false},{"lineNumber":100,"author":{"gitId":"s6r6k"},"content":"                    list.add(task);","lastModifiedDate":"2026-01-31T12:37:14","isFullCredit":false},{"lineNumber":101,"author":{"gitId":"s6r6k"},"content":"                }","lastModifiedDate":"2026-01-31T12:37:14","isFullCredit":false},{"lineNumber":102,"author":{"gitId":"s6r6k"},"content":"            }","lastModifiedDate":"2026-01-31T12:37:14","isFullCredit":false},{"lineNumber":103,"author":{"gitId":"s6r6k"},"content":"            sc.close();","lastModifiedDate":"2026-01-31T12:37:14","isFullCredit":false},{"lineNumber":104,"author":{"gitId":"s6r6k"},"content":"","lastModifiedDate":"2026-01-31T12:37:14","isFullCredit":false},{"lineNumber":105,"author":{"gitId":"s6r6k"},"content":"        } catch (IOException e) {","lastModifiedDate":"2026-01-31T12:37:14","isFullCredit":false},{"lineNumber":106,"author":{"gitId":"s6r6k"},"content":"            System.out.println(\"Error loading tasks: \" + e.getMessage());","lastModifiedDate":"2026-01-31T12:37:14","isFullCredit":false},{"lineNumber":107,"author":{"gitId":"s6r6k"},"content":"        }","lastModifiedDate":"2026-01-31T12:37:14","isFullCredit":false},{"lineNumber":108,"author":{"gitId":"s6r6k"},"content":"","lastModifiedDate":"2026-01-31T12:37:14","isFullCredit":false},{"lineNumber":109,"author":{"gitId":"s6r6k"},"content":"        return list;","lastModifiedDate":"2026-01-31T12:37:14","isFullCredit":false},{"lineNumber":110,"author":{"gitId":"s6r6k"},"content":"    }","lastModifiedDate":"2026-01-31T12:37:14","isFullCredit":false},{"lineNumber":111,"author":{"gitId":"s6r6k"},"content":"}","lastModifiedDate":"2026-01-31T12:37:14","isFullCredit":false}],"authorContributionMap":{"s6r6k":111}},{"path":"src/main/java/duke/Task/Deadline.java","fileType":"java","lines":[{"lineNumber":1,"author":{"gitId":"s6r6k"},"content":"package duke.Task;","lastModifiedDate":"2026-02-01T14:58:32","isFullCredit":false},{"lineNumber":2,"author":{"gitId":"s6r6k"},"content":"","lastModifiedDate":"2026-02-01T14:58:32","isFullCredit":false},{"lineNumber":3,"author":{"gitId":"s6r6k"},"content":"import java.time.LocalDate;","lastModifiedDate":"2026-02-01T14:58:32","isFullCredit":false},{"lineNumber":4,"author":{"gitId":"s6r6k"},"content":"import java.time.format.DateTimeFormatter;","lastModifiedDate":"2026-02-01T14:58:32","isFullCredit":false},{"lineNumber":5,"author":{"gitId":"s6r6k"},"content":"import java.time.format.DateTimeParseException;","lastModifiedDate":"2026-02-01T14:58:32","isFullCredit":false},{"lineNumber":6,"author":{"gitId":"s6r6k"},"content":"","lastModifiedDate":"2026-02-01T14:58:32","isFullCredit":false},{"lineNumber":7,"author":{"gitId":"s6r6k"},"content":"public class Deadline extends Task {","lastModifiedDate":"2026-02-01T14:58:32","isFullCredit":false},{"lineNumber":8,"author":{"gitId":"s6r6k"},"content":"    LocalDate deadline;","lastModifiedDate":"2026-02-01T14:58:32","isFullCredit":false},{"lineNumber":9,"author":{"gitId":"s6r6k"},"content":"    public Deadline(String dl, String name) {","lastModifiedDate":"2026-02-01T14:58:32","isFullCredit":false},{"lineNumber":10,"author":{"gitId":"s6r6k"},"content":"        super(name);","lastModifiedDate":"2026-02-01T14:58:32","isFullCredit":false},{"lineNumber":11,"author":{"gitId":"s6r6k"},"content":"        try {","lastModifiedDate":"2026-02-01T14:58:32","isFullCredit":false},{"lineNumber":12,"author":{"gitId":"s6r6k"},"content":"            deadline \u003d LocalDate.parse(dl);","lastModifiedDate":"2026-02-01T14:58:32","isFullCredit":false},{"lineNumber":13,"author":{"gitId":"s6r6k"},"content":"        } catch(DateTimeParseException e) {","lastModifiedDate":"2026-02-01T14:58:32","isFullCredit":false},{"lineNumber":14,"author":{"gitId":"s6r6k"},"content":"            throw new IllegalArgumentException(\"Deadline needs to be in the format yyyy-mm-dd\" + dl);","lastModifiedDate":"2026-02-01T14:58:32","isFullCredit":false},{"lineNumber":15,"author":{"gitId":"s6r6k"},"content":"        }","lastModifiedDate":"2026-02-01T14:58:32","isFullCredit":false},{"lineNumber":16,"author":{"gitId":"s6r6k"},"content":"    }","lastModifiedDate":"2026-02-01T14:58:32","isFullCredit":false},{"lineNumber":17,"author":{"gitId":"s6r6k"},"content":"    public LocalDate getDeadline() {","lastModifiedDate":"2026-02-01T14:58:32","isFullCredit":false},{"lineNumber":18,"author":{"gitId":"s6r6k"},"content":"        return this.deadline;","lastModifiedDate":"2026-02-01T14:58:32","isFullCredit":false},{"lineNumber":19,"author":{"gitId":"s6r6k"},"content":"    }","lastModifiedDate":"2026-02-01T14:58:32","isFullCredit":false},{"lineNumber":20,"author":{"gitId":"s6r6k"},"content":"    @Override","lastModifiedDate":"2026-02-01T14:58:32","isFullCredit":false},{"lineNumber":21,"author":{"gitId":"s6r6k"},"content":"    public String toString() {","lastModifiedDate":"2026-02-01T14:58:32","isFullCredit":false},{"lineNumber":22,"author":{"gitId":"s6r6k"},"content":"        return \"[D]\" + super.toString() + \" (by: \" + deadline.format(DateTimeFormatter.ofPattern(\"MMM dd yyyy\")) + \")\";","lastModifiedDate":"2026-02-01T14:58:32","isFullCredit":false},{"lineNumber":23,"author":{"gitId":"s6r6k"},"content":"    }","lastModifiedDate":"2026-02-01T14:58:32","isFullCredit":false},{"lineNumber":24,"author":{"gitId":"s6r6k"},"content":"}","lastModifiedDate":"2026-02-01T14:58:32","isFullCredit":false}],"authorContributionMap":{"s6r6k":24}},{"path":"src/main/java/duke/Task/Event.java","fileType":"java","lines":[{"lineNumber":1,"author":{"gitId":"s6r6k"},"content":"package duke.Task;","lastModifiedDate":"2026-02-01T14:58:32","isFullCredit":false},{"lineNumber":2,"author":{"gitId":"s6r6k"},"content":"","lastModifiedDate":"2026-02-01T14:58:32","isFullCredit":false},{"lineNumber":3,"author":{"gitId":"s6r6k"},"content":"public class Event extends Task {","lastModifiedDate":"2026-02-01T14:58:32","isFullCredit":false},{"lineNumber":4,"author":{"gitId":"s6r6k"},"content":"    private String startTime;","lastModifiedDate":"2026-02-01T14:58:32","isFullCredit":false},{"lineNumber":5,"author":{"gitId":"s6r6k"},"content":"    private String endTime;","lastModifiedDate":"2026-02-01T14:58:32","isFullCredit":false},{"lineNumber":6,"author":{"gitId":"s6r6k"},"content":"    public Event(String startTime, String endTime, String name) {","lastModifiedDate":"2026-02-01T14:58:32","isFullCredit":false},{"lineNumber":7,"author":{"gitId":"s6r6k"},"content":"        super(name);","lastModifiedDate":"2026-02-01T14:58:32","isFullCredit":false},{"lineNumber":8,"author":{"gitId":"s6r6k"},"content":"        this.startTime \u003d startTime;","lastModifiedDate":"2026-02-01T14:58:32","isFullCredit":false},{"lineNumber":9,"author":{"gitId":"s6r6k"},"content":"        this.endTime \u003d endTime;","lastModifiedDate":"2026-02-01T14:58:32","isFullCredit":false},{"lineNumber":10,"author":{"gitId":"s6r6k"},"content":"    }","lastModifiedDate":"2026-02-01T14:58:32","isFullCredit":false},{"lineNumber":11,"author":{"gitId":"s6r6k"},"content":"    public String getStartTime() {","lastModifiedDate":"2026-02-01T14:58:32","isFullCredit":false},{"lineNumber":12,"author":{"gitId":"s6r6k"},"content":"        return this.startTime;","lastModifiedDate":"2026-02-01T14:58:32","isFullCredit":false},{"lineNumber":13,"author":{"gitId":"s6r6k"},"content":"    }","lastModifiedDate":"2026-02-01T14:58:32","isFullCredit":false},{"lineNumber":14,"author":{"gitId":"s6r6k"},"content":"    public String getEndTime() {","lastModifiedDate":"2026-02-01T14:58:32","isFullCredit":false},{"lineNumber":15,"author":{"gitId":"s6r6k"},"content":"        return this.endTime;","lastModifiedDate":"2026-02-01T14:58:32","isFullCredit":false},{"lineNumber":16,"author":{"gitId":"s6r6k"},"content":"    }","lastModifiedDate":"2026-02-01T14:58:32","isFullCredit":false},{"lineNumber":17,"author":{"gitId":"s6r6k"},"content":"","lastModifiedDate":"2026-02-01T14:58:32","isFullCredit":false},{"lineNumber":18,"author":{"gitId":"s6r6k"},"content":"    @Override","lastModifiedDate":"2026-02-01T14:58:32","isFullCredit":false},{"lineNumber":19,"author":{"gitId":"s6r6k"},"content":"    public String toString() {","lastModifiedDate":"2026-02-01T14:58:32","isFullCredit":false},{"lineNumber":20,"author":{"gitId":"s6r6k"},"content":"        return \"[E]\" + super.toString() + \"(from: \" + startTime + \" to: \" + endTime + \")\";","lastModifiedDate":"2026-02-01T14:58:32","isFullCredit":false},{"lineNumber":21,"author":{"gitId":"s6r6k"},"content":"    }","lastModifiedDate":"2026-02-01T14:58:32","isFullCredit":false},{"lineNumber":22,"author":{"gitId":"s6r6k"},"content":"}","lastModifiedDate":"2026-02-01T14:58:32","isFullCredit":false}],"authorContributionMap":{"s6r6k":22}},{"path":"src/main/java/duke/Task/Task.java","fileType":"java","lines":[{"lineNumber":1,"author":{"gitId":"s6r6k"},"content":"package duke.Task;","lastModifiedDate":"2026-02-01T14:58:32","isFullCredit":false},{"lineNumber":2,"author":{"gitId":"s6r6k"},"content":"","lastModifiedDate":"2026-02-01T14:58:32","isFullCredit":false},{"lineNumber":3,"author":{"gitId":"s6r6k"},"content":"public class Task {","lastModifiedDate":"2026-02-01T14:58:32","isFullCredit":false},{"lineNumber":4,"author":{"gitId":"s6r6k"},"content":"    private boolean completed;","lastModifiedDate":"2026-02-01T14:58:32","isFullCredit":false},{"lineNumber":5,"author":{"gitId":"s6r6k"},"content":"    private String name;","lastModifiedDate":"2026-02-01T14:58:32","isFullCredit":false},{"lineNumber":6,"author":{"gitId":"s6r6k"},"content":"    private static int totalTasks;","lastModifiedDate":"2026-02-01T14:58:32","isFullCredit":false},{"lineNumber":7,"author":{"gitId":"s6r6k"},"content":"","lastModifiedDate":"2026-02-01T14:58:32","isFullCredit":false},{"lineNumber":8,"author":{"gitId":"s6r6k"},"content":"    public Task(String name) {","lastModifiedDate":"2026-02-01T14:58:32","isFullCredit":false},{"lineNumber":9,"author":{"gitId":"s6r6k"},"content":"        this.completed \u003d false;","lastModifiedDate":"2026-02-01T14:58:32","isFullCredit":false},{"lineNumber":10,"author":{"gitId":"s6r6k"},"content":"        this.name \u003d name;","lastModifiedDate":"2026-02-01T14:58:32","isFullCredit":false},{"lineNumber":11,"author":{"gitId":"s6r6k"},"content":"    }","lastModifiedDate":"2026-02-01T14:58:32","isFullCredit":false},{"lineNumber":12,"author":{"gitId":"s6r6k"},"content":"    public String getName() {","lastModifiedDate":"2026-02-01T14:58:32","isFullCredit":false},{"lineNumber":13,"author":{"gitId":"s6r6k"},"content":"        return this.name;","lastModifiedDate":"2026-02-01T14:58:32","isFullCredit":false},{"lineNumber":14,"author":{"gitId":"s6r6k"},"content":"    }","lastModifiedDate":"2026-02-01T14:58:32","isFullCredit":false},{"lineNumber":15,"author":{"gitId":"s6r6k"},"content":"    public boolean isCompleted() {","lastModifiedDate":"2026-02-01T14:58:32","isFullCredit":false},{"lineNumber":16,"author":{"gitId":"s6r6k"},"content":"        return this.completed;","lastModifiedDate":"2026-02-01T14:58:32","isFullCredit":false},{"lineNumber":17,"author":{"gitId":"s6r6k"},"content":"    }","lastModifiedDate":"2026-02-01T14:58:32","isFullCredit":false},{"lineNumber":18,"author":{"gitId":"s6r6k"},"content":"    public void complete() {","lastModifiedDate":"2026-02-01T14:58:32","isFullCredit":false},{"lineNumber":19,"author":{"gitId":"s6r6k"},"content":"        this.completed \u003d true;","lastModifiedDate":"2026-02-01T14:58:32","isFullCredit":false},{"lineNumber":20,"author":{"gitId":"s6r6k"},"content":"    }","lastModifiedDate":"2026-02-01T14:58:32","isFullCredit":false},{"lineNumber":21,"author":{"gitId":"s6r6k"},"content":"    public void unmark() {","lastModifiedDate":"2026-02-01T14:58:32","isFullCredit":false},{"lineNumber":22,"author":{"gitId":"s6r6k"},"content":"        this.completed \u003d false;","lastModifiedDate":"2026-02-01T14:58:32","isFullCredit":false},{"lineNumber":23,"author":{"gitId":"s6r6k"},"content":"    }","lastModifiedDate":"2026-02-01T14:58:32","isFullCredit":false},{"lineNumber":24,"author":{"gitId":"s6r6k"},"content":"","lastModifiedDate":"2026-02-01T14:58:32","isFullCredit":false},{"lineNumber":25,"author":{"gitId":"s6r6k"},"content":"    public String toString() {","lastModifiedDate":"2026-02-01T14:58:32","isFullCredit":false},{"lineNumber":26,"author":{"gitId":"s6r6k"},"content":"        String front \u003d \"\";","lastModifiedDate":"2026-02-01T14:58:32","isFullCredit":false},{"lineNumber":27,"author":{"gitId":"s6r6k"},"content":"        if (this.isCompleted()) {","lastModifiedDate":"2026-02-01T14:58:32","isFullCredit":false},{"lineNumber":28,"author":{"gitId":"s6r6k"},"content":"            front \u003d \"[X]\";","lastModifiedDate":"2026-02-01T14:58:32","isFullCredit":false},{"lineNumber":29,"author":{"gitId":"s6r6k"},"content":"        }","lastModifiedDate":"2026-02-01T14:58:32","isFullCredit":false},{"lineNumber":30,"author":{"gitId":"s6r6k"},"content":"        else {","lastModifiedDate":"2026-02-01T14:58:32","isFullCredit":false},{"lineNumber":31,"author":{"gitId":"s6r6k"},"content":"            front \u003d \"[ ]\";","lastModifiedDate":"2026-02-01T14:58:32","isFullCredit":false},{"lineNumber":32,"author":{"gitId":"s6r6k"},"content":"        }","lastModifiedDate":"2026-02-01T14:58:32","isFullCredit":false},{"lineNumber":33,"author":{"gitId":"s6r6k"},"content":"        return front + \" \" + this.getName();","lastModifiedDate":"2026-02-01T14:58:32","isFullCredit":false},{"lineNumber":34,"author":{"gitId":"s6r6k"},"content":"    }","lastModifiedDate":"2026-02-01T14:58:32","isFullCredit":false},{"lineNumber":35,"author":{"gitId":"s6r6k"},"content":"}","lastModifiedDate":"2026-02-01T14:58:32","isFullCredit":false}],"authorContributionMap":{"s6r6k":35}},{"path":"src/main/java/duke/Task/TaskList.java","fileType":"java","lines":[{"lineNumber":1,"author":{"gitId":"s6r6k"},"content":"package duke.Task;","lastModifiedDate":"2026-02-01T14:58:32","isFullCredit":false},{"lineNumber":2,"author":{"gitId":"s6r6k"},"content":"","lastModifiedDate":"2026-02-01T14:58:32","isFullCredit":false},{"lineNumber":3,"author":{"gitId":"s6r6k"},"content":"import duke.Task.Task;","lastModifiedDate":"2026-02-01T14:58:32","isFullCredit":false},{"lineNumber":4,"author":{"gitId":"s6r6k"},"content":"","lastModifiedDate":"2026-02-01T14:58:32","isFullCredit":false},{"lineNumber":5,"author":{"gitId":"s6r6k"},"content":"import java.util.ArrayList;","lastModifiedDate":"2026-01-31T12:37:14","isFullCredit":false},{"lineNumber":6,"author":{"gitId":"s6r6k"},"content":"public class TaskList {","lastModifiedDate":"2026-01-31T12:37:14","isFullCredit":false},{"lineNumber":7,"author":{"gitId":"s6r6k"},"content":"    private ArrayList\u003cTask\u003e tasks;","lastModifiedDate":"2026-01-31T12:37:14","isFullCredit":false},{"lineNumber":8,"author":{"gitId":"s6r6k"},"content":"","lastModifiedDate":"2026-01-31T12:37:14","isFullCredit":false},{"lineNumber":9,"author":{"gitId":"s6r6k"},"content":"    public TaskList(ArrayList\u003cTask\u003e taski) {","lastModifiedDate":"2026-01-31T12:37:14","isFullCredit":false},{"lineNumber":10,"author":{"gitId":"s6r6k"},"content":"        this.tasks \u003d taski;","lastModifiedDate":"2026-01-31T12:37:14","isFullCredit":false},{"lineNumber":11,"author":{"gitId":"s6r6k"},"content":"    }","lastModifiedDate":"2026-01-31T12:37:14","isFullCredit":false},{"lineNumber":12,"author":{"gitId":"s6r6k"},"content":"","lastModifiedDate":"2026-01-31T12:37:14","isFullCredit":false},{"lineNumber":13,"author":{"gitId":"s6r6k"},"content":"    public void add(Task task) {","lastModifiedDate":"2026-01-31T12:37:14","isFullCredit":false},{"lineNumber":14,"author":{"gitId":"s6r6k"},"content":"        tasks.add(task);","lastModifiedDate":"2026-01-31T12:37:14","isFullCredit":false},{"lineNumber":15,"author":{"gitId":"s6r6k"},"content":"    }","lastModifiedDate":"2026-01-31T12:37:14","isFullCredit":false},{"lineNumber":16,"author":{"gitId":"s6r6k"},"content":"","lastModifiedDate":"2026-01-31T12:37:14","isFullCredit":false},{"lineNumber":17,"author":{"gitId":"s6r6k"},"content":"    public void remove(int i) {","lastModifiedDate":"2026-01-31T12:37:14","isFullCredit":false},{"lineNumber":18,"author":{"gitId":"s6r6k"},"content":"        tasks.remove(i);","lastModifiedDate":"2026-01-31T12:37:14","isFullCredit":false},{"lineNumber":19,"author":{"gitId":"s6r6k"},"content":"    }","lastModifiedDate":"2026-01-31T12:37:14","isFullCredit":false},{"lineNumber":20,"author":{"gitId":"s6r6k"},"content":"","lastModifiedDate":"2026-01-31T12:37:14","isFullCredit":false},{"lineNumber":21,"author":{"gitId":"s6r6k"},"content":"    public int size() {","lastModifiedDate":"2026-01-31T12:37:14","isFullCredit":false},{"lineNumber":22,"author":{"gitId":"s6r6k"},"content":"        return tasks.size();","lastModifiedDate":"2026-01-31T12:37:14","isFullCredit":false},{"lineNumber":23,"author":{"gitId":"s6r6k"},"content":"    }","lastModifiedDate":"2026-01-31T12:37:14","isFullCredit":false},{"lineNumber":24,"author":{"gitId":"s6r6k"},"content":"","lastModifiedDate":"2026-02-01T14:58:32","isFullCredit":false},{"lineNumber":25,"author":{"gitId":"s6r6k"},"content":"    public Task get(int i) {","lastModifiedDate":"2026-01-31T12:37:14","isFullCredit":false},{"lineNumber":26,"author":{"gitId":"s6r6k"},"content":"        return tasks.get(i);","lastModifiedDate":"2026-01-31T12:37:14","isFullCredit":false},{"lineNumber":27,"author":{"gitId":"s6r6k"},"content":"    }","lastModifiedDate":"2026-01-31T12:37:14","isFullCredit":false},{"lineNumber":28,"author":{"gitId":"s6r6k"},"content":"}","lastModifiedDate":"2026-01-31T12:37:14","isFullCredit":false}],"authorContributionMap":{"s6r6k":28}},{"path":"src/main/java/duke/Task/ToDo.java","fileType":"java","lines":[{"lineNumber":1,"author":{"gitId":"s6r6k"},"content":"package duke.Task;","lastModifiedDate":"2026-02-01T14:58:32","isFullCredit":false},{"lineNumber":2,"author":{"gitId":"s6r6k"},"content":"","lastModifiedDate":"2026-02-01T14:58:32","isFullCredit":false},{"lineNumber":3,"author":{"gitId":"s6r6k"},"content":"public class ToDo extends Task {","lastModifiedDate":"2026-02-01T14:58:32","isFullCredit":false},{"lineNumber":4,"author":{"gitId":"s6r6k"},"content":"    public ToDo(String name) {","lastModifiedDate":"2026-02-01T14:58:32","isFullCredit":false},{"lineNumber":5,"author":{"gitId":"s6r6k"},"content":"        super(name);","lastModifiedDate":"2026-02-01T14:58:32","isFullCredit":false},{"lineNumber":6,"author":{"gitId":"s6r6k"},"content":"    }","lastModifiedDate":"2026-02-01T14:58:32","isFullCredit":false},{"lineNumber":7,"author":{"gitId":"s6r6k"},"content":"    @Override","lastModifiedDate":"2026-02-01T14:58:32","isFullCredit":false},{"lineNumber":8,"author":{"gitId":"s6r6k"},"content":"    public String toString() {","lastModifiedDate":"2026-02-01T14:58:32","isFullCredit":false},{"lineNumber":9,"author":{"gitId":"s6r6k"},"content":"        return \"[T]\" + super.toString();","lastModifiedDate":"2026-02-01T14:58:32","isFullCredit":false},{"lineNumber":10,"author":{"gitId":"s6r6k"},"content":"    }","lastModifiedDate":"2026-02-01T14:58:32","isFullCredit":false},{"lineNumber":11,"author":{"gitId":"s6r6k"},"content":"}","lastModifiedDate":"2026-02-01T14:58:32","isFullCredit":false}],"authorContributionMap":{"s6r6k":11}},{"path":"src/main/java/duke/Ui/Ui.java","fileType":"java","lines":[{"lineNumber":1,"author":{"gitId":"s6r6k"},"content":"package duke.Ui;","lastModifiedDate":"2026-02-01T14:58:32","isFullCredit":false},{"lineNumber":2,"author":{"gitId":"s6r6k"},"content":"import java.util.Scanner;","lastModifiedDate":"2026-01-31T12:37:14","isFullCredit":false},{"lineNumber":3,"author":{"gitId":"s6r6k"},"content":"","lastModifiedDate":"2026-01-31T12:37:14","isFullCredit":false},{"lineNumber":4,"author":{"gitId":"s6r6k"},"content":" public class Ui {","lastModifiedDate":"2026-01-31T12:37:14","isFullCredit":false},{"lineNumber":5,"author":{"gitId":"s6r6k"},"content":"     private Scanner scanner \u003d new Scanner(System.in);","lastModifiedDate":"2026-01-31T12:37:14","isFullCredit":false},{"lineNumber":6,"author":{"gitId":"s6r6k"},"content":"","lastModifiedDate":"2026-01-31T12:37:14","isFullCredit":false},{"lineNumber":7,"author":{"gitId":"s6r6k"},"content":"     public void showLine() {","lastModifiedDate":"2026-01-31T12:37:14","isFullCredit":false},{"lineNumber":8,"author":{"gitId":"s6r6k"},"content":"         System.out.println(\"___________________________________\");","lastModifiedDate":"2026-01-31T12:37:14","isFullCredit":false},{"lineNumber":9,"author":{"gitId":"s6r6k"},"content":"     }","lastModifiedDate":"2026-01-31T12:37:14","isFullCredit":false},{"lineNumber":10,"author":{"gitId":"s6r6k"},"content":"","lastModifiedDate":"2026-01-31T12:37:14","isFullCredit":false},{"lineNumber":11,"author":{"gitId":"s6r6k"},"content":"     public void showWelcome() {","lastModifiedDate":"2026-01-31T12:37:14","isFullCredit":false},{"lineNumber":12,"author":{"gitId":"s6r6k"},"content":"         showLine();","lastModifiedDate":"2026-01-31T12:37:14","isFullCredit":false},{"lineNumber":13,"author":{"gitId":"s6r6k"},"content":"         System.out.println(\"Hello I\u0027m Fuzzy!\");","lastModifiedDate":"2026-01-31T12:37:14","isFullCredit":false},{"lineNumber":14,"author":{"gitId":"s6r6k"},"content":"         System.out.println(\"What can I do for you babe?\");","lastModifiedDate":"2026-01-31T12:37:14","isFullCredit":false},{"lineNumber":15,"author":{"gitId":"s6r6k"},"content":"         showLine();","lastModifiedDate":"2026-01-31T12:37:14","isFullCredit":false},{"lineNumber":16,"author":{"gitId":"s6r6k"},"content":"     }","lastModifiedDate":"2026-01-31T12:37:14","isFullCredit":false},{"lineNumber":17,"author":{"gitId":"s6r6k"},"content":"","lastModifiedDate":"2026-01-31T12:37:14","isFullCredit":false},{"lineNumber":18,"author":{"gitId":"s6r6k"},"content":"     public String readCommand() {","lastModifiedDate":"2026-01-31T12:37:14","isFullCredit":false},{"lineNumber":19,"author":{"gitId":"s6r6k"},"content":"         return scanner.nextLine();","lastModifiedDate":"2026-01-31T12:37:14","isFullCredit":false},{"lineNumber":20,"author":{"gitId":"s6r6k"},"content":"     }","lastModifiedDate":"2026-01-31T12:37:14","isFullCredit":false},{"lineNumber":21,"author":{"gitId":"s6r6k"},"content":"","lastModifiedDate":"2026-01-31T12:37:14","isFullCredit":false},{"lineNumber":22,"author":{"gitId":"s6r6k"},"content":"     public void showMessage(String msg) {","lastModifiedDate":"2026-01-31T12:37:14","isFullCredit":false},{"lineNumber":23,"author":{"gitId":"s6r6k"},"content":"         System.out.println(msg);","lastModifiedDate":"2026-01-31T12:37:14","isFullCredit":false},{"lineNumber":24,"author":{"gitId":"s6r6k"},"content":"     }","lastModifiedDate":"2026-01-31T12:37:14","isFullCredit":false},{"lineNumber":25,"author":{"gitId":"s6r6k"},"content":"","lastModifiedDate":"2026-01-31T12:37:14","isFullCredit":false},{"lineNumber":26,"author":{"gitId":"s6r6k"},"content":"     public void showError(String msg) {","lastModifiedDate":"2026-01-31T12:37:14","isFullCredit":false},{"lineNumber":27,"author":{"gitId":"s6r6k"},"content":"         System.out.println(msg);","lastModifiedDate":"2026-01-31T12:37:14","isFullCredit":false},{"lineNumber":28,"author":{"gitId":"s6r6k"},"content":"     }","lastModifiedDate":"2026-01-31T12:37:14","isFullCredit":false},{"lineNumber":29,"author":{"gitId":"s6r6k"},"content":" }","lastModifiedDate":"2026-01-31T12:37:14","isFullCredit":false}],"authorContributionMap":{"s6r6k":29}},{"path":"text-ui-test/input.txt","fileType":"txt","lines":[{"lineNumber":1,"author":{"gitId":"s6r6k"},"content":"todo text bro","lastModifiedDate":"2026-01-24T12:19:57","isFullCredit":false},{"lineNumber":2,"author":{"gitId":"s6r6k"},"content":"deadline tell chapri you miss him /by monday","lastModifiedDate":"2026-01-24T12:19:57","isFullCredit":false},{"lineNumber":3,"author":{"gitId":"s6r6k"},"content":"event nothing /from today /to tomorrow","lastModifiedDate":"2026-01-24T12:19:57","isFullCredit":false},{"lineNumber":4,"author":{"gitId":"s6r6k"},"content":"list","lastModifiedDate":"2026-01-24T12:19:57","isFullCredit":false},{"lineNumber":5,"author":{"gitId":"s6r6k"},"content":"bye","lastModifiedDate":"2026-01-24T12:19:57","isFullCredit":false}],"authorContributionMap":{"s6r6k":5}},{"path":"text-ui-test/runtest.bat","fileType":"bat","lines":[{"lineNumber":1,"author":{"gitId":"-"},"content":"@ECHO OFF","lastModifiedDate":"2020-05-25T00:03:55","isFullCredit":false},{"lineNumber":2,"author":{"gitId":"-"},"content":"","lastModifiedDate":"2020-05-25T00:03:55","isFullCredit":false},{"lineNumber":3,"author":{"gitId":"-"},"content":"REM create bin directory if it doesn\u0027t exist","lastModifiedDate":"2020-05-25T00:03:55","isFullCredit":false},{"lineNumber":4,"author":{"gitId":"-"},"content":"if not exist ..\\bin mkdir ..\\bin","lastModifiedDate":"2020-05-25T00:03:55","isFullCredit":false},{"lineNumber":5,"author":{"gitId":"-"},"content":"","lastModifiedDate":"2020-05-25T00:03:55","isFullCredit":false},{"lineNumber":6,"author":{"gitId":"-"},"content":"REM delete output from previous run","lastModifiedDate":"2020-05-25T00:03:55","isFullCredit":false},{"lineNumber":7,"author":{"gitId":"-"},"content":"if exist ACTUAL.TXT del ACTUAL.TXT","lastModifiedDate":"2020-08-25T17:23:26","isFullCredit":false},{"lineNumber":8,"author":{"gitId":"-"},"content":"","lastModifiedDate":"2020-05-25T00:03:55","isFullCredit":false},{"lineNumber":9,"author":{"gitId":"-"},"content":"REM compile the code into the bin folder","lastModifiedDate":"2020-05-25T00:03:55","isFullCredit":false},{"lineNumber":10,"author":{"gitId":"-"},"content":"javac  -cp ..\\src\\main\\java -Xlint:none -d ..\\bin ..\\src\\main\\java\\*.java","lastModifiedDate":"2020-08-25T17:23:26","isFullCredit":false},{"lineNumber":11,"author":{"gitId":"-"},"content":"IF ERRORLEVEL 1 (","lastModifiedDate":"2020-05-25T00:03:55","isFullCredit":false},{"lineNumber":12,"author":{"gitId":"-"},"content":"    echo ********** BUILD FAILURE **********","lastModifiedDate":"2020-05-25T00:03:55","isFullCredit":false},{"lineNumber":13,"author":{"gitId":"-"},"content":"    exit /b 1","lastModifiedDate":"2020-05-25T00:03:55","isFullCredit":false},{"lineNumber":14,"author":{"gitId":"-"},"content":")","lastModifiedDate":"2020-05-25T00:03:55","isFullCredit":false},{"lineNumber":15,"author":{"gitId":"-"},"content":"REM no error here, errorlevel \u003d\u003d 0","lastModifiedDate":"2020-05-25T00:03:55","isFullCredit":false},{"lineNumber":16,"author":{"gitId":"-"},"content":"","lastModifiedDate":"2020-05-25T00:03:55","isFullCredit":false},{"lineNumber":17,"author":{"gitId":"-"},"content":"REM run the program, feed commands from input.txt file and redirect the output to the ACTUAL.TXT","lastModifiedDate":"2020-05-25T00:03:55","isFullCredit":false},{"lineNumber":18,"author":{"gitId":"s6r6k"},"content":"java -classpath ..\\bin Fuzzy \u003c input.txt \u003e ACTUAL.TXT","lastModifiedDate":"2026-01-20T18:45:08","isFullCredit":false},{"lineNumber":19,"author":{"gitId":"-"},"content":"","lastModifiedDate":"2020-05-25T00:03:55","isFullCredit":false},{"lineNumber":20,"author":{"gitId":"-"},"content":"REM compare the output to the expected output","lastModifiedDate":"2020-05-25T00:03:55","isFullCredit":false},{"lineNumber":21,"author":{"gitId":"-"},"content":"FC ACTUAL.TXT EXPECTED.TXT","lastModifiedDate":"2020-05-25T00:03:55","isFullCredit":false}],"authorContributionMap":{"s6r6k":1,"-":20}},{"path":"text-ui-test/runtest.sh","fileType":"sh","lines":[{"lineNumber":1,"author":{"gitId":"-"},"content":"#!/usr/bin/env bash","lastModifiedDate":"2020-05-25T00:03:55","isFullCredit":false},{"lineNumber":2,"author":{"gitId":"-"},"content":"","lastModifiedDate":"2020-05-25T00:03:55","isFullCredit":false},{"lineNumber":3,"author":{"gitId":"-"},"content":"# create bin directory if it doesn\u0027t exist","lastModifiedDate":"2020-05-25T00:03:55","isFullCredit":false},{"lineNumber":4,"author":{"gitId":"-"},"content":"if [ ! -d \"../bin\" ]","lastModifiedDate":"2020-05-25T00:03:55","isFullCredit":false},{"lineNumber":5,"author":{"gitId":"-"},"content":"then","lastModifiedDate":"2020-05-25T00:03:55","isFullCredit":false},{"lineNumber":6,"author":{"gitId":"-"},"content":"    mkdir ../bin","lastModifiedDate":"2020-05-25T00:03:55","isFullCredit":false},{"lineNumber":7,"author":{"gitId":"-"},"content":"fi","lastModifiedDate":"2020-05-25T00:03:55","isFullCredit":false},{"lineNumber":8,"author":{"gitId":"-"},"content":"","lastModifiedDate":"2020-05-25T00:03:55","isFullCredit":false},{"lineNumber":9,"author":{"gitId":"-"},"content":"# delete output from previous run","lastModifiedDate":"2020-05-25T00:03:55","isFullCredit":false},{"lineNumber":10,"author":{"gitId":"-"},"content":"if [ -e \"./ACTUAL.TXT\" ]","lastModifiedDate":"2020-05-25T00:03:55","isFullCredit":false},{"lineNumber":11,"author":{"gitId":"-"},"content":"then","lastModifiedDate":"2020-05-25T00:03:55","isFullCredit":false},{"lineNumber":12,"author":{"gitId":"-"},"content":"    rm ACTUAL.TXT","lastModifiedDate":"2020-05-25T00:03:55","isFullCredit":false},{"lineNumber":13,"author":{"gitId":"-"},"content":"fi","lastModifiedDate":"2020-05-25T00:03:55","isFullCredit":false},{"lineNumber":14,"author":{"gitId":"-"},"content":"","lastModifiedDate":"2020-05-25T00:03:55","isFullCredit":false},{"lineNumber":15,"author":{"gitId":"-"},"content":"# compile the code into the bin folder, terminates if error occurred","lastModifiedDate":"2020-05-25T00:03:55","isFullCredit":false},{"lineNumber":16,"author":{"gitId":"-"},"content":"if ! javac -cp ../src/main/java -Xlint:none -d ../bin ../src/main/java/*.java","lastModifiedDate":"2020-08-25T17:23:26","isFullCredit":false},{"lineNumber":17,"author":{"gitId":"-"},"content":"then","lastModifiedDate":"2020-05-25T00:03:55","isFullCredit":false},{"lineNumber":18,"author":{"gitId":"-"},"content":"    echo \"********** BUILD FAILURE **********\"","lastModifiedDate":"2020-05-25T00:03:55","isFullCredit":false},{"lineNumber":19,"author":{"gitId":"-"},"content":"    exit 1","lastModifiedDate":"2020-05-25T00:03:55","isFullCredit":false},{"lineNumber":20,"author":{"gitId":"-"},"content":"fi","lastModifiedDate":"2020-05-25T00:03:55","isFullCredit":false},{"lineNumber":21,"author":{"gitId":"-"},"content":"","lastModifiedDate":"2020-05-25T00:03:55","isFullCredit":false},{"lineNumber":22,"author":{"gitId":"-"},"content":"# run the program, feed commands from input.txt file and redirect the output to the ACTUAL.TXT","lastModifiedDate":"2020-05-25T00:03:55","isFullCredit":false},{"lineNumber":23,"author":{"gitId":"s6r6k"},"content":"java -classpath ../bin Fuzzy \u003c input.txt \u003e ACTUAL.TXT","lastModifiedDate":"2026-01-24T12:19:57","isFullCredit":false},{"lineNumber":24,"author":{"gitId":"-"},"content":"","lastModifiedDate":"2020-05-25T00:03:55","isFullCredit":false},{"lineNumber":25,"author":{"gitId":"-"},"content":"# convert to UNIX format","lastModifiedDate":"2020-05-25T00:03:55","isFullCredit":false},{"lineNumber":26,"author":{"gitId":"-"},"content":"cp EXPECTED.TXT EXPECTED-UNIX.TXT","lastModifiedDate":"2020-05-25T00:03:55","isFullCredit":false},{"lineNumber":27,"author":{"gitId":"s6r6k"},"content":"# dos2unix ACTUAL.TXT EXPECTED-UNIX.TXT","lastModifiedDate":"2026-01-24T12:19:57","isFullCredit":false},{"lineNumber":28,"author":{"gitId":"-"},"content":"","lastModifiedDate":"2020-05-25T00:03:55","isFullCredit":false},{"lineNumber":29,"author":{"gitId":"-"},"content":"# compare the output to the expected output","lastModifiedDate":"2020-05-25T00:03:55","isFullCredit":false},{"lineNumber":30,"author":{"gitId":"-"},"content":"diff ACTUAL.TXT EXPECTED-UNIX.TXT","lastModifiedDate":"2020-05-25T00:03:55","isFullCredit":false},{"lineNumber":31,"author":{"gitId":"-"},"content":"if [ $? -eq 0 ]","lastModifiedDate":"2020-05-25T00:03:55","isFullCredit":false},{"lineNumber":32,"author":{"gitId":"-"},"content":"then","lastModifiedDate":"2020-05-25T00:03:55","isFullCredit":false},{"lineNumber":33,"author":{"gitId":"-"},"content":"    echo \"Test result: PASSED\"","lastModifiedDate":"2020-05-25T00:03:55","isFullCredit":false},{"lineNumber":34,"author":{"gitId":"-"},"content":"    exit 0","lastModifiedDate":"2020-05-25T00:03:55","isFullCredit":false},{"lineNumber":35,"author":{"gitId":"-"},"content":"else","lastModifiedDate":"2020-05-25T00:03:55","isFullCredit":false},{"lineNumber":36,"author":{"gitId":"-"},"content":"    echo \"Test result: FAILED\"","lastModifiedDate":"2020-05-25T00:03:55","isFullCredit":false},{"lineNumber":37,"author":{"gitId":"-"},"content":"    exit 1","lastModifiedDate":"2020-05-25T00:03:55","isFullCredit":false},{"lineNumber":38,"author":{"gitId":"-"},"content":"fi","lastModifiedDate":"2020-05-25T00:03:55","isFullCredit":false}],"authorContributionMap":{"s6r6k":2,"-":36}}]
