[{"path":"src/main/java/Agnes.java","fileType":"java","lines":[{"lineNumber":1,"author":{"gitId":"henghengyh"},"content":"import java.util.*;","lastModifiedDate":"2026-01-22T16:17:11","isFullCredit":false},{"lineNumber":2,"author":{"gitId":"henghengyh"},"content":"","lastModifiedDate":"2026-01-22T16:17:11","isFullCredit":false},{"lineNumber":3,"author":{"gitId":"henghengyh"},"content":"public class Agnes {","lastModifiedDate":"2026-01-22T15:51:22","isFullCredit":false},{"lineNumber":4,"author":{"gitId":"henghengyh"},"content":"    private List\u003cTask\u003e tasks \u003d new ArrayList\u003c\u003e();","lastModifiedDate":"2026-01-22T16:56:01","isFullCredit":false},{"lineNumber":5,"author":{"gitId":"henghengyh"},"content":"","lastModifiedDate":"2026-01-22T16:32:59","isFullCredit":false},{"lineNumber":6,"author":{"gitId":"henghengyh"},"content":"    public static void main(String[] args) {","lastModifiedDate":"2026-01-22T15:51:22","isFullCredit":false},{"lineNumber":7,"author":{"gitId":"henghengyh"},"content":"        Agnes myBot \u003d new Agnes();","lastModifiedDate":"2026-01-22T16:17:11","isFullCredit":false},{"lineNumber":8,"author":{"gitId":"henghengyh"},"content":"        myBot.run();","lastModifiedDate":"2026-01-22T16:17:11","isFullCredit":false},{"lineNumber":9,"author":{"gitId":"henghengyh"},"content":"    }","lastModifiedDate":"2026-01-22T16:17:11","isFullCredit":false},{"lineNumber":10,"author":{"gitId":"henghengyh"},"content":"","lastModifiedDate":"2026-01-22T16:17:11","isFullCredit":false},{"lineNumber":11,"author":{"gitId":"henghengyh"},"content":"    private void run() {","lastModifiedDate":"2026-01-22T16:17:11","isFullCredit":false},{"lineNumber":12,"author":{"gitId":"henghengyh"},"content":"        startConversation();","lastModifiedDate":"2026-01-22T16:17:11","isFullCredit":false},{"lineNumber":13,"author":{"gitId":"henghengyh"},"content":"        userInput();","lastModifiedDate":"2026-01-22T16:18:09","isFullCredit":false},{"lineNumber":14,"author":{"gitId":"henghengyh"},"content":"        endConversation();","lastModifiedDate":"2026-01-22T16:17:11","isFullCredit":false},{"lineNumber":15,"author":{"gitId":"henghengyh"},"content":"    }","lastModifiedDate":"2026-01-22T16:17:11","isFullCredit":false},{"lineNumber":16,"author":{"gitId":"henghengyh"},"content":"","lastModifiedDate":"2026-01-22T16:17:11","isFullCredit":false},{"lineNumber":17,"author":{"gitId":"henghengyh"},"content":"    // DEFAULT CONVERSATIONS","lastModifiedDate":"2026-01-22T16:56:01","isFullCredit":false},{"lineNumber":18,"author":{"gitId":"henghengyh"},"content":"    private void startConversation() {","lastModifiedDate":"2026-01-22T16:17:11","isFullCredit":false},{"lineNumber":19,"author":{"gitId":"henghengyh"},"content":"        printReply(","lastModifiedDate":"2026-01-22T16:32:59","isFullCredit":false},{"lineNumber":20,"author":{"gitId":"henghengyh"},"content":"                \"Hello! I\u0027m \" + Agnes.class.getName(),","lastModifiedDate":"2026-01-22T16:32:59","isFullCredit":false},{"lineNumber":21,"author":{"gitId":"henghengyh"},"content":"                \"What can I do for you?\"","lastModifiedDate":"2026-01-22T16:32:59","isFullCredit":false},{"lineNumber":22,"author":{"gitId":"henghengyh"},"content":"        );","lastModifiedDate":"2026-01-22T16:32:59","isFullCredit":false},{"lineNumber":23,"author":{"gitId":"henghengyh"},"content":"    }","lastModifiedDate":"2026-01-22T16:17:11","isFullCredit":false},{"lineNumber":24,"author":{"gitId":"henghengyh"},"content":"","lastModifiedDate":"2026-01-22T16:17:11","isFullCredit":false},{"lineNumber":25,"author":{"gitId":"henghengyh"},"content":"    private void endConversation() {","lastModifiedDate":"2026-01-22T16:17:11","isFullCredit":false},{"lineNumber":26,"author":{"gitId":"henghengyh"},"content":"        printReply(\"Goodbye! Have a wonderful day ahead!\");","lastModifiedDate":"2026-01-22T16:32:59","isFullCredit":false},{"lineNumber":27,"author":{"gitId":"henghengyh"},"content":"    }","lastModifiedDate":"2026-01-22T16:17:11","isFullCredit":false},{"lineNumber":28,"author":{"gitId":"henghengyh"},"content":"","lastModifiedDate":"2026-01-22T16:17:11","isFullCredit":false},{"lineNumber":29,"author":{"gitId":"henghengyh"},"content":"    // USER INPUT","lastModifiedDate":"2026-01-22T16:56:01","isFullCredit":false},{"lineNumber":30,"author":{"gitId":"henghengyh"},"content":"    private void userInput() {","lastModifiedDate":"2026-01-22T16:18:09","isFullCredit":false},{"lineNumber":31,"author":{"gitId":"henghengyh"},"content":"        Scanner sc \u003d new Scanner(System.in);","lastModifiedDate":"2026-01-22T16:18:09","isFullCredit":false},{"lineNumber":32,"author":{"gitId":"henghengyh"},"content":"        while (true) {","lastModifiedDate":"2026-01-22T16:18:09","isFullCredit":false},{"lineNumber":33,"author":{"gitId":"henghengyh"},"content":"            String request \u003d sc.nextLine();","lastModifiedDate":"2026-01-22T16:18:09","isFullCredit":false},{"lineNumber":34,"author":{"gitId":"henghengyh"},"content":"            if (request.equals(\"bye\")) {","lastModifiedDate":"2026-01-22T16:18:09","isFullCredit":false},{"lineNumber":35,"author":{"gitId":"henghengyh"},"content":"                break;","lastModifiedDate":"2026-01-22T16:18:09","isFullCredit":false},{"lineNumber":36,"author":{"gitId":"henghengyh"},"content":"            } else if (request.equals(\"list\")) {","lastModifiedDate":"2026-01-22T16:32:59","isFullCredit":false},{"lineNumber":37,"author":{"gitId":"henghengyh"},"content":"                listItems();","lastModifiedDate":"2026-01-22T16:32:59","isFullCredit":false},{"lineNumber":38,"author":{"gitId":"henghengyh"},"content":"            } else if (request.split(\" \")[0].equals(\"mark\")) {","lastModifiedDate":"2026-01-22T16:56:01","isFullCredit":false},{"lineNumber":39,"author":{"gitId":"henghengyh"},"content":"                int taskNo \u003d Integer.parseInt(request.split(\" \")[1]);","lastModifiedDate":"2026-01-22T16:56:01","isFullCredit":false},{"lineNumber":40,"author":{"gitId":"henghengyh"},"content":"                markTask(tasks.get(taskNo - 1), true);","lastModifiedDate":"2026-01-22T16:56:01","isFullCredit":false},{"lineNumber":41,"author":{"gitId":"henghengyh"},"content":"            } else if (request.split(\" \")[0].equals(\"unmark\")) {","lastModifiedDate":"2026-01-22T16:56:01","isFullCredit":false},{"lineNumber":42,"author":{"gitId":"henghengyh"},"content":"                int taskNo \u003d Integer.parseInt(request.split(\" \")[1]);","lastModifiedDate":"2026-01-22T16:56:01","isFullCredit":false},{"lineNumber":43,"author":{"gitId":"henghengyh"},"content":"                markTask(tasks.get(taskNo - 1), false);","lastModifiedDate":"2026-01-22T16:56:01","isFullCredit":false},{"lineNumber":44,"author":{"gitId":"henghengyh"},"content":"            } else {","lastModifiedDate":"2026-01-22T16:32:59","isFullCredit":false},{"lineNumber":45,"author":{"gitId":"henghengyh"},"content":"                String action \u003d request.split(\" \")[0];","lastModifiedDate":"2026-01-22T17:15:55","isFullCredit":false},{"lineNumber":46,"author":{"gitId":"henghengyh"},"content":"                if (action.equals(\"deadline\")) {","lastModifiedDate":"2026-01-22T17:15:55","isFullCredit":false},{"lineNumber":47,"author":{"gitId":"henghengyh"},"content":"                    String content \u003d request.substring(9);","lastModifiedDate":"2026-01-22T17:15:55","isFullCredit":false},{"lineNumber":48,"author":{"gitId":"henghengyh"},"content":"                    String[] deadlineInfo \u003d content.split(\" /by \");","lastModifiedDate":"2026-01-22T17:15:55","isFullCredit":false},{"lineNumber":49,"author":{"gitId":"henghengyh"},"content":"                    Task t \u003d new Deadline(deadlineInfo[0], deadlineInfo[1]);","lastModifiedDate":"2026-01-22T17:15:55","isFullCredit":false},{"lineNumber":50,"author":{"gitId":"henghengyh"},"content":"                    addTask(t);","lastModifiedDate":"2026-01-22T17:15:55","isFullCredit":false},{"lineNumber":51,"author":{"gitId":"henghengyh"},"content":"                }","lastModifiedDate":"2026-01-22T17:15:55","isFullCredit":false},{"lineNumber":52,"author":{"gitId":"henghengyh"},"content":"","lastModifiedDate":"2026-01-22T17:15:55","isFullCredit":false},{"lineNumber":53,"author":{"gitId":"henghengyh"},"content":"            }","lastModifiedDate":"2026-01-22T16:18:09","isFullCredit":false},{"lineNumber":54,"author":{"gitId":"henghengyh"},"content":"        }","lastModifiedDate":"2026-01-22T16:18:09","isFullCredit":false},{"lineNumber":55,"author":{"gitId":"henghengyh"},"content":"        sc.close();","lastModifiedDate":"2026-01-22T16:18:09","isFullCredit":false},{"lineNumber":56,"author":{"gitId":"henghengyh"},"content":"    }","lastModifiedDate":"2026-01-22T16:18:09","isFullCredit":false},{"lineNumber":57,"author":{"gitId":"henghengyh"},"content":"","lastModifiedDate":"2026-01-22T16:18:09","isFullCredit":false},{"lineNumber":58,"author":{"gitId":"henghengyh"},"content":"    // ACTIONS TO CALL TO A TASK","lastModifiedDate":"2026-01-22T16:56:01","isFullCredit":false},{"lineNumber":59,"author":{"gitId":"henghengyh"},"content":"    private void markTask(Task task, boolean b) {","lastModifiedDate":"2026-01-22T16:56:01","isFullCredit":false},{"lineNumber":60,"author":{"gitId":"henghengyh"},"content":"        if (b) {","lastModifiedDate":"2026-01-22T16:56:01","isFullCredit":false},{"lineNumber":61,"author":{"gitId":"henghengyh"},"content":"            task.mark();","lastModifiedDate":"2026-01-22T16:56:01","isFullCredit":false},{"lineNumber":62,"author":{"gitId":"henghengyh"},"content":"            printReply(","lastModifiedDate":"2026-01-22T16:56:01","isFullCredit":false},{"lineNumber":63,"author":{"gitId":"henghengyh"},"content":"                    \"Nice! I\u0027ve marked this task as done:\",","lastModifiedDate":"2026-01-22T16:56:01","isFullCredit":false},{"lineNumber":64,"author":{"gitId":"henghengyh"},"content":"                    \"\\t\" + task","lastModifiedDate":"2026-01-22T16:56:01","isFullCredit":false},{"lineNumber":65,"author":{"gitId":"henghengyh"},"content":"            );","lastModifiedDate":"2026-01-22T16:56:01","isFullCredit":false},{"lineNumber":66,"author":{"gitId":"henghengyh"},"content":"        } else {","lastModifiedDate":"2026-01-22T16:56:01","isFullCredit":false},{"lineNumber":67,"author":{"gitId":"henghengyh"},"content":"            task.unmark();","lastModifiedDate":"2026-01-22T16:56:01","isFullCredit":false},{"lineNumber":68,"author":{"gitId":"henghengyh"},"content":"            printReply(","lastModifiedDate":"2026-01-22T16:56:01","isFullCredit":false},{"lineNumber":69,"author":{"gitId":"henghengyh"},"content":"                    \"OK, I\u0027ve marked this task as not done yet:\",","lastModifiedDate":"2026-01-22T16:56:01","isFullCredit":false},{"lineNumber":70,"author":{"gitId":"henghengyh"},"content":"                    \"\\t\" + task","lastModifiedDate":"2026-01-22T16:56:01","isFullCredit":false},{"lineNumber":71,"author":{"gitId":"henghengyh"},"content":"            );","lastModifiedDate":"2026-01-22T16:56:01","isFullCredit":false},{"lineNumber":72,"author":{"gitId":"henghengyh"},"content":"        }","lastModifiedDate":"2026-01-22T16:56:01","isFullCredit":false},{"lineNumber":73,"author":{"gitId":"henghengyh"},"content":"    }","lastModifiedDate":"2026-01-22T16:56:01","isFullCredit":false},{"lineNumber":74,"author":{"gitId":"henghengyh"},"content":"    // ALL PRINT STATEMENTS","lastModifiedDate":"2026-01-22T16:56:01","isFullCredit":false},{"lineNumber":75,"author":{"gitId":"henghengyh"},"content":"    private void listItems() {","lastModifiedDate":"2026-01-22T16:32:59","isFullCredit":false},{"lineNumber":76,"author":{"gitId":"henghengyh"},"content":"        printDottedLine();","lastModifiedDate":"2026-01-22T16:32:59","isFullCredit":false},{"lineNumber":77,"author":{"gitId":"henghengyh"},"content":"        for (int i \u003d 1; i \u003c\u003d tasks.size(); i++)","lastModifiedDate":"2026-01-22T16:56:01","isFullCredit":false},{"lineNumber":78,"author":{"gitId":"henghengyh"},"content":"            print(i + \". \" + tasks.get(i - 1));","lastModifiedDate":"2026-01-22T16:56:01","isFullCredit":false},{"lineNumber":79,"author":{"gitId":"henghengyh"},"content":"        printDottedLine();","lastModifiedDate":"2026-01-22T16:32:59","isFullCredit":false},{"lineNumber":80,"author":{"gitId":"henghengyh"},"content":"    }","lastModifiedDate":"2026-01-22T16:32:59","isFullCredit":false},{"lineNumber":81,"author":{"gitId":"henghengyh"},"content":"","lastModifiedDate":"2026-01-22T16:32:59","isFullCredit":false},{"lineNumber":82,"author":{"gitId":"henghengyh"},"content":"    private void printDottedLine() {","lastModifiedDate":"2026-01-22T16:17:11","isFullCredit":false},{"lineNumber":83,"author":{"gitId":"henghengyh"},"content":"        System.out.println(\"\\t------------------------------------\");","lastModifiedDate":"2026-01-22T16:17:11","isFullCredit":false},{"lineNumber":84,"author":{"gitId":"henghengyh"},"content":"    }","lastModifiedDate":"2026-01-22T16:17:11","isFullCredit":false},{"lineNumber":85,"author":{"gitId":"henghengyh"},"content":"","lastModifiedDate":"2026-01-22T16:17:11","isFullCredit":false},{"lineNumber":86,"author":{"gitId":"henghengyh"},"content":"    private void print(Object... objs) {","lastModifiedDate":"2026-01-22T16:32:59","isFullCredit":false},{"lineNumber":87,"author":{"gitId":"henghengyh"},"content":"        for (Object obj : objs) System.out.println(\"\\t\" + obj);","lastModifiedDate":"2026-01-22T16:32:59","isFullCredit":false},{"lineNumber":88,"author":{"gitId":"henghengyh"},"content":"    }","lastModifiedDate":"2026-01-22T16:32:59","isFullCredit":false},{"lineNumber":89,"author":{"gitId":"henghengyh"},"content":"","lastModifiedDate":"2026-01-22T16:32:59","isFullCredit":false},{"lineNumber":90,"author":{"gitId":"henghengyh"},"content":"    private void printReply(Object... objs) {","lastModifiedDate":"2026-01-22T16:32:59","isFullCredit":false},{"lineNumber":91,"author":{"gitId":"henghengyh"},"content":"        printDottedLine();","lastModifiedDate":"2026-01-22T16:32:59","isFullCredit":false},{"lineNumber":92,"author":{"gitId":"henghengyh"},"content":"        print(objs);","lastModifiedDate":"2026-01-22T16:32:59","isFullCredit":false},{"lineNumber":93,"author":{"gitId":"henghengyh"},"content":"        printDottedLine();","lastModifiedDate":"2026-01-22T16:32:59","isFullCredit":false},{"lineNumber":94,"author":{"gitId":"henghengyh"},"content":"    }","lastModifiedDate":"2026-01-22T15:51:22","isFullCredit":false},{"lineNumber":95,"author":{"gitId":"henghengyh"},"content":"","lastModifiedDate":"2026-01-22T17:15:55","isFullCredit":false},{"lineNumber":96,"author":{"gitId":"henghengyh"},"content":"    private void addTask(Task t) {","lastModifiedDate":"2026-01-22T17:15:55","isFullCredit":false},{"lineNumber":97,"author":{"gitId":"henghengyh"},"content":"        tasks.add(t);","lastModifiedDate":"2026-01-22T17:15:55","isFullCredit":false},{"lineNumber":98,"author":{"gitId":"henghengyh"},"content":"        print(\"Got it. I\u0027ve added this task.\");","lastModifiedDate":"2026-01-22T17:15:55","isFullCredit":false},{"lineNumber":99,"author":{"gitId":"henghengyh"},"content":"        print(\"\\t\" + t);","lastModifiedDate":"2026-01-22T17:15:55","isFullCredit":false},{"lineNumber":100,"author":{"gitId":"henghengyh"},"content":"        print(String.format(\"Now you have %d tasks in the list.\", tasks.size()));","lastModifiedDate":"2026-01-22T17:15:55","isFullCredit":false},{"lineNumber":101,"author":{"gitId":"henghengyh"},"content":"    }","lastModifiedDate":"2026-01-22T17:15:55","isFullCredit":false},{"lineNumber":102,"author":{"gitId":"henghengyh"},"content":"}","lastModifiedDate":"2026-01-22T15:51:22","isFullCredit":false}],"authorContributionMap":{"henghengyh":102}},{"path":"src/main/java/Deadline.java","fileType":"java","lines":[{"lineNumber":1,"author":{"gitId":"henghengyh"},"content":"public class Deadline extends Task {","lastModifiedDate":"2026-01-22T17:15:55","isFullCredit":false},{"lineNumber":2,"author":{"gitId":"henghengyh"},"content":"    protected String by;","lastModifiedDate":"2026-01-22T17:15:55","isFullCredit":false},{"lineNumber":3,"author":{"gitId":"henghengyh"},"content":"","lastModifiedDate":"2026-01-22T17:15:55","isFullCredit":false},{"lineNumber":4,"author":{"gitId":"henghengyh"},"content":"    public Deadline(String message, String by) {","lastModifiedDate":"2026-01-22T17:15:55","isFullCredit":false},{"lineNumber":5,"author":{"gitId":"henghengyh"},"content":"        super(message);","lastModifiedDate":"2026-01-22T17:15:55","isFullCredit":false},{"lineNumber":6,"author":{"gitId":"henghengyh"},"content":"        this.by \u003d by;","lastModifiedDate":"2026-01-22T17:15:55","isFullCredit":false},{"lineNumber":7,"author":{"gitId":"henghengyh"},"content":"    }","lastModifiedDate":"2026-01-22T17:15:55","isFullCredit":false},{"lineNumber":8,"author":{"gitId":"henghengyh"},"content":"","lastModifiedDate":"2026-01-22T17:15:55","isFullCredit":false},{"lineNumber":9,"author":{"gitId":"henghengyh"},"content":"    @Override","lastModifiedDate":"2026-01-22T17:15:55","isFullCredit":false},{"lineNumber":10,"author":{"gitId":"henghengyh"},"content":"    public String toString() {","lastModifiedDate":"2026-01-22T17:15:55","isFullCredit":false},{"lineNumber":11,"author":{"gitId":"henghengyh"},"content":"        return String.format(\"[D][%s] %s (by: %s)\", super.getStatusIcon(), super.getMessage(), this.by);","lastModifiedDate":"2026-01-22T17:15:55","isFullCredit":false},{"lineNumber":12,"author":{"gitId":"henghengyh"},"content":"    }","lastModifiedDate":"2026-01-22T17:15:55","isFullCredit":false},{"lineNumber":13,"author":{"gitId":"henghengyh"},"content":"}","lastModifiedDate":"2026-01-22T17:15:55","isFullCredit":false}],"authorContributionMap":{"henghengyh":13}},{"path":"src/main/java/Task.java","fileType":"java","lines":[{"lineNumber":1,"author":{"gitId":"henghengyh"},"content":"public class Task {","lastModifiedDate":"2026-01-22T16:56:01","isFullCredit":false},{"lineNumber":2,"author":{"gitId":"henghengyh"},"content":"    private String message;","lastModifiedDate":"2026-01-22T16:56:01","isFullCredit":false},{"lineNumber":3,"author":{"gitId":"henghengyh"},"content":"    private boolean complete;","lastModifiedDate":"2026-01-22T16:56:01","isFullCredit":false},{"lineNumber":4,"author":{"gitId":"henghengyh"},"content":"","lastModifiedDate":"2026-01-22T16:56:01","isFullCredit":false},{"lineNumber":5,"author":{"gitId":"henghengyh"},"content":"    public Task(String message) {","lastModifiedDate":"2026-01-22T16:56:01","isFullCredit":false},{"lineNumber":6,"author":{"gitId":"henghengyh"},"content":"        this.message \u003d message;","lastModifiedDate":"2026-01-22T16:56:01","isFullCredit":false},{"lineNumber":7,"author":{"gitId":"henghengyh"},"content":"        this.complete \u003d false;","lastModifiedDate":"2026-01-22T16:56:01","isFullCredit":false},{"lineNumber":8,"author":{"gitId":"henghengyh"},"content":"    }","lastModifiedDate":"2026-01-22T16:56:01","isFullCredit":false},{"lineNumber":9,"author":{"gitId":"henghengyh"},"content":"","lastModifiedDate":"2026-01-22T16:56:01","isFullCredit":false},{"lineNumber":10,"author":{"gitId":"henghengyh"},"content":"    public void mark() {","lastModifiedDate":"2026-01-22T16:56:01","isFullCredit":false},{"lineNumber":11,"author":{"gitId":"henghengyh"},"content":"        this.complete \u003d true;","lastModifiedDate":"2026-01-22T16:56:01","isFullCredit":false},{"lineNumber":12,"author":{"gitId":"henghengyh"},"content":"    }","lastModifiedDate":"2026-01-22T16:56:01","isFullCredit":false},{"lineNumber":13,"author":{"gitId":"henghengyh"},"content":"","lastModifiedDate":"2026-01-22T16:56:01","isFullCredit":false},{"lineNumber":14,"author":{"gitId":"henghengyh"},"content":"    public void unmark() {","lastModifiedDate":"2026-01-22T16:56:01","isFullCredit":false},{"lineNumber":15,"author":{"gitId":"henghengyh"},"content":"        this.complete \u003d false;","lastModifiedDate":"2026-01-22T16:56:01","isFullCredit":false},{"lineNumber":16,"author":{"gitId":"henghengyh"},"content":"    }","lastModifiedDate":"2026-01-22T16:56:01","isFullCredit":false},{"lineNumber":17,"author":{"gitId":"henghengyh"},"content":"","lastModifiedDate":"2026-01-22T16:56:01","isFullCredit":false},{"lineNumber":18,"author":{"gitId":"henghengyh"},"content":"    public String getMessage() {","lastModifiedDate":"2026-01-22T16:56:01","isFullCredit":false},{"lineNumber":19,"author":{"gitId":"henghengyh"},"content":"        return this.message;","lastModifiedDate":"2026-01-22T16:56:01","isFullCredit":false},{"lineNumber":20,"author":{"gitId":"henghengyh"},"content":"    }","lastModifiedDate":"2026-01-22T16:56:01","isFullCredit":false},{"lineNumber":21,"author":{"gitId":"henghengyh"},"content":"","lastModifiedDate":"2026-01-22T16:56:01","isFullCredit":false},{"lineNumber":22,"author":{"gitId":"henghengyh"},"content":"    public String getStatusIcon() {","lastModifiedDate":"2026-01-22T16:56:01","isFullCredit":false},{"lineNumber":23,"author":{"gitId":"henghengyh"},"content":"        return (complete ? \"X\" : \" \"); // mark done task with X","lastModifiedDate":"2026-01-22T16:56:01","isFullCredit":false},{"lineNumber":24,"author":{"gitId":"henghengyh"},"content":"    }","lastModifiedDate":"2026-01-22T16:56:01","isFullCredit":false},{"lineNumber":25,"author":{"gitId":"henghengyh"},"content":"","lastModifiedDate":"2026-01-22T16:56:01","isFullCredit":false},{"lineNumber":26,"author":{"gitId":"henghengyh"},"content":"    public String toString() {","lastModifiedDate":"2026-01-22T16:56:01","isFullCredit":false},{"lineNumber":27,"author":{"gitId":"henghengyh"},"content":"        return String.format(\"[%s] %s\", this.getStatusIcon(), this.getMessage());","lastModifiedDate":"2026-01-22T16:56:01","isFullCredit":false},{"lineNumber":28,"author":{"gitId":"henghengyh"},"content":"    }","lastModifiedDate":"2026-01-22T16:56:01","isFullCredit":false},{"lineNumber":29,"author":{"gitId":"henghengyh"},"content":"}","lastModifiedDate":"2026-01-22T16:56:01","isFullCredit":false}],"authorContributionMap":{"henghengyh":29}}]
