{"authorDailyContributionsMap":{"henghengyh":[{"date":"2026-01-22T00:00:00","commitResults":[{"hash":"334a506735e150612bab57f61ae2008abe6238df","isMergeCommit":false,"messageTitle":"[Level 0]. Rename, Greet, Exit","messageBody":"","fileTypesAndContributionMap":{"java":{"insertions":13,"deletions":0}}},{"hash":"e580bf77c151c71c796cf8edb2e7d24aa8e14e00","isMergeCommit":false,"messageTitle":"[Level 0] Removed all traces of Duke","messageBody":"","fileTypesAndContributionMap":{"java":{"insertions":0,"deletions":10}}},{"hash":"d35b9cbfb191dbad146b0488cab2d22181d992c4","isMergeCommit":false,"messageTitle":"[Level 0] Refactored chatbot code","messageBody":"","tags":["Level-0"],"fileTypesAndContributionMap":{"java":{"insertions":28,"deletions":9}}},{"hash":"b6c37a0b45b9c80175090e4ff34e754f4a635a15","isMergeCommit":false,"messageTitle":"[Level 1] Echo","messageBody":"","tags":["Level-1"],"fileTypesAndContributionMap":{"java":{"insertions":16,"deletions":0}}},{"hash":"ad7bffabeb8c3f595c68d569a5bdb78bb45aee61","isMergeCommit":false,"messageTitle":"[Level 2] Add, List","messageBody":"","tags":["Level-2"],"fileTypesAndContributionMap":{"java":{"insertions":27,"deletions":11}}},{"hash":"737d035be81cf60227fe039acecfb3a776de358d","isMergeCommit":false,"messageTitle":"[Level 3] Mark as Done","messageBody":"","tags":["Level-3"],"fileTypesAndContributionMap":{"java":{"insertions":58,"deletions":4}}},{"hash":"aca4d9de08ccc6ce2395ff458d85ebe63d437402","isMergeCommit":false,"messageTitle":"[Level 4] Deadline added","messageBody":"","fileTypesAndContributionMap":{"java":{"insertions":28,"deletions":2}}},{"hash":"04b67f9c8b7aad2225080adef3fe9e831fac5c60","isMergeCommit":false,"messageTitle":"[Level 4] ToDo and Event added","messageBody":"","fileTypesAndContributionMap":{"java":{"insertions":43,"deletions":2}}},{"hash":"565bfbb34ee22d71e6c2960c1b8f9fd1ecdb9a66","isMergeCommit":false,"messageTitle":"[Level 4] Added lines","messageBody":"","tags":["Level-4"],"fileTypesAndContributionMap":{"txt":{"insertions":2,"deletions":0},"java":{"insertions":2,"deletions":0},"sh":{"insertions":1,"deletions":1}}},{"hash":"8988a6a329be7d461f6903363c0b8f5d284ec695","isMergeCommit":false,"messageTitle":"[UI Test] Automated Text-based UI Testing","messageBody":"","tags":["A-TextUiTesting"],"fileTypesAndContributionMap":{"txt":{"insertions":6,"deletions":0}}},{"hash":"08beed05a03f27234d8e86b596372f6a5aeee86f","isMergeCommit":false,"messageTitle":"[Level 5] Handle 4 types of errors","messageBody":"","tags":["Level-5"],"fileTypesAndContributionMap":{"java":{"insertions":112,"deletions":34}}},{"hash":"293d7f77b403559ecd2630627f5727d52cbbdf27","isMergeCommit":false,"messageTitle":"[Level 6] Implement Delete function","messageBody":"","tags":["Level-6"],"fileTypesAndContributionMap":{"java":{"insertions":27,"deletions":2}}}]},{"date":"2026-01-23T00:00:00","commitResults":[{"hash":"0c750f0518047d4c09c78d0b73f3ded9ab56e811","isMergeCommit":false,"messageTitle":"[A-Enums] Create Command class using enum","messageBody":"","tags":["A-Enums"],"fileTypesAndContributionMap":{"txt":{"insertions":5,"deletions":0},"java":{"insertions":81,"deletions":47}}}]},{"date":"2026-01-28T00:00:00","commitResults":[{"hash":"ae6557bb04da68aa7099393645bfed885d81e25a","isMergeCommit":false,"messageTitle":"Added functions to print tasks to file","messageBody":"","fileTypesAndContributionMap":{"java":{"insertions":98,"deletions":55}}},{"hash":"ebca4340754e8cd538f76ba82b05af76504cd343","isMergeCommit":false,"messageTitle":"Beautify print layout to file","messageBody":"","fileTypesAndContributionMap":{"java":{"insertions":43,"deletions":8}}},{"hash":"75fd0a59da7d51274685de2f819a77b53ae30c8f","isMergeCommit":false,"messageTitle":"Update mark on print to file","messageBody":"","fileTypesAndContributionMap":{"java":{"insertions":2,"deletions":0}}},{"hash":"39d1beba070e941cf84fb385612de273abd49bbb","isMergeCommit":true,"messageTitle":"Merge branch \u0027branch-Level-7\u0027","messageBody":"","tags":["Level-7"],"fileTypesAndContributionMap":{}},{"hash":"591d2c6029a9d677a6c3c3949cc75ccdda648acc","isMergeCommit":false,"messageTitle":"Add DateTime features to deadline tasks","messageBody":"","fileTypesAndContributionMap":{"java":{"insertions":53,"deletions":6}}},{"hash":"6161fc342614e79e6e725ef1513db5fb08c5ceec","isMergeCommit":false,"messageTitle":"Add DateTime features to event tasks","messageBody":"","fileTypesAndContributionMap":{"java":{"insertions":24,"deletions":10}}}]},{"date":"2026-01-29T00:00:00","commitResults":[{"hash":"54092e4b716e87610c47885cb4db1c0bda0da7ee","isMergeCommit":false,"messageTitle":"Add command to list deadline/events by date","messageBody":"","fileTypesAndContributionMap":{"java":{"insertions":52,"deletions":0}}},{"hash":"df60649e51acf2753466cfeaed377c3ce17b949d","isMergeCommit":true,"messageTitle":"Merge branch \u0027branch-Level-8\u0027","messageBody":"","tags":["Level-8"],"fileTypesAndContributionMap":{}},{"hash":"99b0ac287898be307cd893849240f829617cd106","isMergeCommit":false,"messageTitle":"Refactor files and refactor ui logic","messageBody":"","fileTypesAndContributionMap":{"java":{"insertions":78,"deletions":52}}},{"hash":"181b4dc72052332440bd639887f91b64597be7ea","isMergeCommit":false,"messageTitle":"Add TaskList class without refactor","messageBody":"","fileTypesAndContributionMap":{"java":{"insertions":32,"deletions":0}}},{"hash":"67a9ef4eb610f86d9f8db77ba78fd046fe11e09c","isMergeCommit":false,"messageTitle":"Refactor tasks to TaskList class","messageBody":"","fileTypesAndContributionMap":{"java":{"insertions":5,"deletions":2}}},{"hash":"3661c1db67321266cce781521fd3b73d681c4f53","isMergeCommit":false,"messageTitle":"Refactor storage logic to Storage class","messageBody":"","fileTypesAndContributionMap":{"java":{"insertions":39,"deletions":32}}},{"hash":"2393d78903ab6ddcb8f7fc9c065ecb1c90989b9f","isMergeCommit":false,"messageTitle":"Refactor files to java/agnes/*","messageBody":"","fileTypesAndContributionMap":{"java":{"insertions":24,"deletions":29}}},{"hash":"dceb4ed4f0f7766c94e4ed69a4db41676052c3cd","isMergeCommit":false,"messageTitle":"Refactor conversation start \u0026 end to ui","messageBody":"","fileTypesAndContributionMap":{"java":{"insertions":32,"deletions":27}}},{"hash":"ad9fbcb9fb0f3c8fe54883b9fd96a7d55150982a","isMergeCommit":false,"messageTitle":"Refactor handleCommands to Parser.java","messageBody":"","fileTypesAndContributionMap":{"java":{"insertions":193,"deletions":155}}},{"hash":"0facd837ab2242d2f07283289b757b6bc3a101b2","isMergeCommit":false,"messageTitle":"Refactor and fix refactor bugs","messageBody":"","fileTypesAndContributionMap":{"java":{"insertions":174,"deletions":137}}},{"hash":"8104c2dfaa2497c6b9fa775a2ca4982595e67279","isMergeCommit":false,"messageTitle":"Fix refactor bugs","messageBody":"","fileTypesAndContributionMap":{"txt":{"insertions":10,"deletions":2},"java":{"insertions":93,"deletions":99},"bat":{"insertions":1,"deletions":1},"sh":{"insertions":1,"deletions":1}}},{"hash":"aaff9e77460f30c70cfb5fc1029f3b3870826e6b","isMergeCommit":true,"messageTitle":"Merge branch \u0027a-moreoop\u0027","messageBody":"","tags":["A-Packages","A-MoreOOP"],"fileTypesAndContributionMap":{}},{"hash":"a9d27706bb9b54c4fc30be6d547d267dab94c117","isMergeCommit":true,"messageTitle":"Merge branch \u0027add-gradle-support\u0027","messageBody":"","fileTypesAndContributionMap":{}},{"hash":"ec9dc4966987c2c5afcb1daf743a17bbe2e784cb","isMergeCommit":false,"messageTitle":"Initialise Gradle to automate some build tasks","messageBody":"","tags":["A-Gradle"],"fileTypesAndContributionMap":{"gradle":{"insertions":1,"deletions":1}}}]}]},"authorFileTypeContributionMap":{"henghengyh":{"java":654,"md":0,"fxml":0,"sh":2,"bat":1,"gradle":1,"txt":21}},"authorContributionVariance":{"henghengyh":80989.29},"authorDisplayNameMap":{"henghengyh":"CS2103T-W13-3 LEE ..HENG"}}
