{"authorDailyContributionsMap":{"tortin":[{"date":"2026-01-22T00:00:00","commitResults":[{"hash":"66e25c8c66a44dc4b6471597ccbd56d3db908762","isMergeCommit":false,"messageTitle":"Rename, Greet, Exit","messageBody":"","tags":["Level-0"],"fileTypesAndContributionMap":{"java":{"insertions":7,"deletions":10}}},{"hash":"c5efaba6ba5b9ef526856f04709bbf10229d7484","isMergeCommit":false,"messageTitle":"Echo","messageBody":"","tags":["Level-1"],"fileTypesAndContributionMap":{"java":{"insertions":17,"deletions":0}}},{"hash":"c19e46d01f8d21c444cf4997eda05454be0d9c12","isMergeCommit":false,"messageTitle":"Add, List","messageBody":"","tags":["Level-2"],"fileTypesAndContributionMap":{"java":{"insertions":25,"deletions":9}}},{"hash":"646165ef834f062ae27b0c425e81862febbbc24c","isMergeCommit":false,"messageTitle":"Mark as Done","messageBody":"","tags":["Level-3"],"fileTypesAndContributionMap":{"java":{"insertions":18,"deletions":11}}},{"hash":"f3bace09502078d39706241b7c0f292fddd8b6d5","isMergeCommit":false,"messageTitle":"ToDos, Events, Deadlines","messageBody":"","tags":["Level-4"],"fileTypesAndContributionMap":{"java":{"insertions":126,"deletions":13}}},{"hash":"82bbbecce03b820e7455ee78723e7c25e0294977","isMergeCommit":false,"messageTitle":"Automated Text UI Testing","messageBody":"","tags":["A-TextUiTesting"],"fileTypesAndContributionMap":{"txt":{"insertions":21,"deletions":0},"bat":{"insertions":2,"deletions":2}}},{"hash":"2726d54fbad492b264272d37ae459adb1c89e0ba","isMergeCommit":false,"messageTitle":"Handle Errors","messageBody":"","tags":["Level-5"],"fileTypesAndContributionMap":{"txt":{"insertions":4,"deletions":0},"java":{"insertions":34,"deletions":14},"bat":{"insertions":1,"deletions":1}}},{"hash":"301c1ee5cec37e161c5a95c7ea7319a2e84a2b8b","isMergeCommit":false,"messageTitle":"Delete","messageBody":"","tags":["Level-6"],"fileTypesAndContributionMap":{"txt":{"insertions":3,"deletions":0},"java":{"insertions":28,"deletions":22}}}]},{"date":"2026-01-29T00:00:00","commitResults":[{"hash":"75f7d1ffbc7f756696fff14ad5ff804e34690518","isMergeCommit":false,"messageTitle":"Add saving feature","messageBody":"","fileTypesAndContributionMap":{"java":{"insertions":88,"deletions":12}}},{"hash":"d672f77b40d81beece66444d3757e94f55735069","isMergeCommit":true,"messageTitle":"Merge branch \u0027branch-level-7\u0027","messageBody":"","tags":["Level-7"],"fileTypesAndContributionMap":{}},{"hash":"550f069380b5d5efa506dba2187d479fed275e8b","isMergeCommit":false,"messageTitle":"Add TaskList class","messageBody":"","fileTypesAndContributionMap":{"java":{"insertions":102,"deletions":49}}}]}]},"authorFileTypeContributionMap":{"tortin":{"java":315,"md":0,"fxml":0,"sh":0,"bat":3,"gradle":0,"txt":28}},"authorContributionVariance":{"tortin":8579.963},"authorDisplayNameMap":{"tortin":"CS2103-F08-3 LOW ..JIAN"}}
