{"authorDailyContributionsMap":{"tortin":[{"date":"2026-01-22T00:00:00","commitResults":[{"hash":"66e25c8c66a44dc4b6471597ccbd56d3db908762","isMergeCommit":false,"messageTitle":"Rename, Greet, Exit","messageBody":"","tags":["Level-0"],"fileTypesAndContributionMap":{"java":{"insertions":7,"deletions":10}}},{"hash":"c5efaba6ba5b9ef526856f04709bbf10229d7484","isMergeCommit":false,"messageTitle":"Echo","messageBody":"","tags":["Level-1"],"fileTypesAndContributionMap":{"java":{"insertions":17,"deletions":0}}},{"hash":"c19e46d01f8d21c444cf4997eda05454be0d9c12","isMergeCommit":false,"messageTitle":"Add, List","messageBody":"","tags":["Level-2"],"fileTypesAndContributionMap":{"java":{"insertions":25,"deletions":9}}},{"hash":"646165ef834f062ae27b0c425e81862febbbc24c","isMergeCommit":false,"messageTitle":"Mark as Done","messageBody":"","tags":["Level-3"],"fileTypesAndContributionMap":{"java":{"insertions":18,"deletions":11}}},{"hash":"f3bace09502078d39706241b7c0f292fddd8b6d5","isMergeCommit":false,"messageTitle":"ToDos, Events, Deadlines","messageBody":"","tags":["Level-4"],"fileTypesAndContributionMap":{"java":{"insertions":126,"deletions":13}}},{"hash":"82bbbecce03b820e7455ee78723e7c25e0294977","isMergeCommit":false,"messageTitle":"Automated Text UI Testing","messageBody":"","tags":["A-TextUiTesting"],"fileTypesAndContributionMap":{"txt":{"insertions":21,"deletions":0},"bat":{"insertions":2,"deletions":2}}},{"hash":"2726d54fbad492b264272d37ae459adb1c89e0ba","isMergeCommit":false,"messageTitle":"Handle Errors","messageBody":"","tags":["Level-5"],"fileTypesAndContributionMap":{"txt":{"insertions":4,"deletions":0},"java":{"insertions":34,"deletions":14},"bat":{"insertions":1,"deletions":1}}},{"hash":"301c1ee5cec37e161c5a95c7ea7319a2e84a2b8b","isMergeCommit":false,"messageTitle":"Delete","messageBody":"","tags":["Level-6"],"fileTypesAndContributionMap":{"txt":{"insertions":3,"deletions":0},"java":{"insertions":28,"deletions":22}}}]},{"date":"2026-01-29T00:00:00","commitResults":[{"hash":"75f7d1ffbc7f756696fff14ad5ff804e34690518","isMergeCommit":false,"messageTitle":"Add saving feature","messageBody":"","fileTypesAndContributionMap":{"java":{"insertions":88,"deletions":12}}},{"hash":"d672f77b40d81beece66444d3757e94f55735069","isMergeCommit":true,"messageTitle":"Merge branch \u0027branch-level-7\u0027","messageBody":"","tags":["Level-7"],"fileTypesAndContributionMap":{}},{"hash":"550f069380b5d5efa506dba2187d479fed275e8b","isMergeCommit":false,"messageTitle":"Add TaskList class","messageBody":"","fileTypesAndContributionMap":{"java":{"insertions":102,"deletions":49}}}]},{"date":"2026-01-30T00:00:00","commitResults":[{"hash":"da95b1c677a75d59d1b16c0dd25dea9bce1074e0","isMergeCommit":false,"messageTitle":"Add use of LocalDateTime","messageBody":"","fileTypesAndContributionMap":{"txt":{"insertions":5,"deletions":5},"java":{"insertions":34,"deletions":20}}},{"hash":"8eeb932406ea3f87533c485c8075366279cf4b7d","isMergeCommit":true,"messageTitle":"Merge branch \u0027branch-level-8\u0027","messageBody":"","tags":["Level-8"],"fileTypesAndContributionMap":{}},{"hash":"fe9d51d27c39e14fc65327bfbc17e9b9ee790fb8","isMergeCommit":false,"messageTitle":"Add Parser, Command and Ui classes","messageBody":"","fileTypesAndContributionMap":{"java":{"insertions":321,"deletions":133}}},{"hash":"367e692ac315ae3df93a4439ad55c8137748d4bc","isMergeCommit":true,"messageTitle":"Merge branch \u0027branch-oop\u0027","messageBody":"","tags":["A-MoreOOP"],"fileTypesAndContributionMap":{}},{"hash":"86bb2b61fa4420c15a995ce7d5cc7f96bc6666a9","isMergeCommit":false,"messageTitle":"Package classes","messageBody":"","fileTypesAndContributionMap":{"java":{"insertions":88,"deletions":6},"bat":{"insertions":2,"deletions":2},"sh":{"insertions":5,"deletions":5}}},{"hash":"fc48b2f1e2e04aa6fc0f6dedf7c1ba44400088b6","isMergeCommit":true,"messageTitle":"Merge branch \u0027branch-package\u0027","messageBody":"","tags":["A-Packages"],"fileTypesAndContributionMap":{}},{"hash":"ac226db3966a56c89c243772f27055f10727c797","isMergeCommit":true,"messageTitle":"Merge remote-tracking branch \u0027upstream/add-gradle-support\u0027","messageBody":"","fileTypesAndContributionMap":{}}]},{"date":"2026-01-31T00:00:00","commitResults":[{"hash":"68a72ecb949a75c6afeab6aebcc65475d6a62b92","isMergeCommit":false,"messageTitle":"Setup gradle and checkstyle","messageBody":"","tags":["A-Gradle"],"fileTypesAndContributionMap":{"gradle":{"insertions":7,"deletions":2}}},{"hash":"27cefaaa8ce1acc82f15f5ad3ab1c4cd453d6112","isMergeCommit":false,"messageTitle":"Add Junit tests","messageBody":"","fileTypesAndContributionMap":{"java":{"insertions":144,"deletions":40}}},{"hash":"f01f49fca9e91cb2b6539f4e06c3702d692ce216","isMergeCommit":true,"messageTitle":"Merge branch \u0027branch-junit\u0027","messageBody":"","tags":["A-Jar","A-JUnit"],"fileTypesAndContributionMap":{}}]},{"date":"2026-02-01T00:00:00","commitResults":[{"hash":"51c495ca632345cdaaea831a37dc3b98fa68991b","isMergeCommit":false,"messageTitle":"Add Javadoc","messageBody":"","fileTypesAndContributionMap":{"java":{"insertions":158,"deletions":0}}},{"hash":"915806f7661caf0750025290b69f5f1840f3ebbb","isMergeCommit":false,"messageTitle":"Follow Coding Standard","messageBody":"","fileTypesAndContributionMap":{"java":{"insertions":19,"deletions":11}}},{"hash":"65a6c3974cd5a401a06537d53a73d1fd29f71072","isMergeCommit":false,"messageTitle":"Add Find Command","messageBody":"","fileTypesAndContributionMap":{"java":{"insertions":36,"deletions":0}}},{"hash":"a96e550f604bb45f14f61a57d5b2823b75557e99","isMergeCommit":true,"messageTitle":"Merge branch \u0027branch-A-JavaDoc\u0027","messageBody":"","tags":["A-JavaDoc"],"fileTypesAndContributionMap":{}},{"hash":"4c79b72f6e565fab41f4ce8412b73c9ba4ca901d","isMergeCommit":true,"messageTitle":"Merge branch \u0027branch-A-CodingStandard\u0027","messageBody":"","tags":["A-CodingStandard"],"fileTypesAndContributionMap":{}},{"hash":"aa19d27854b34a3a4b998545af4ddf9bd59d1c4f","isMergeCommit":true,"messageTitle":"Merge branch \u0027branch-level-9\u0027","messageBody":"","tags":["Level-9"],"fileTypesAndContributionMap":{}}]},{"date":"2026-02-04T00:00:00","commitResults":[{"hash":"43d9e1d8333894092ad8049d8fa93a925d7cb0b0","isMergeCommit":false,"messageTitle":"Add intermittent saving","messageBody":"","fileTypesAndContributionMap":{"java":{"insertions":158,"deletions":46}}}]},{"date":"2026-02-06T00:00:00","commitResults":[{"hash":"47f093f9feb2d4a2b7bc154df445661d68f868eb","isMergeCommit":false,"messageTitle":"Add GUI support","messageBody":"","fileTypesAndContributionMap":{"gradle":{"insertions":15,"deletions":1},"fxml":{"insertions":65,"deletions":0},"java":{"insertions":332,"deletions":243}}},{"hash":"45350634c41febcd1cb3bfb19338ac908b9b958b","isMergeCommit":false,"messageTitle":"Fix welcome message not showing","messageBody":"","fileTypesAndContributionMap":{"fxml":{"insertions":1,"deletions":1},"java":{"insertions":9,"deletions":0}}},{"hash":"83cde7fc4c938d71fcc5df3658e30051e6d8d6f0","isMergeCommit":true,"messageTitle":"Merge branch \u0027branch-level-10\u0027","messageBody":"","tags":["Level-10"],"fileTypesAndContributionMap":{}}]}]},"authorFileTypeContributionMap":{"tortin":{"java":1114,"md":0,"fxml":65,"sh":5,"bat":3,"gradle":21,"txt":28}},"authorContributionVariance":{"tortin":32516.777},"authorDisplayNameMap":{"tortin":"CS2103-F08-3 LOW ..JIAN"}}
