{"authorDailyContributionsMap":{"Blerargh":[{"date":"2026-01-22T00:00:00","commitResults":[{"hash":"6faf93ebe27b853cd7f42ef706135a2cc00f2c46","isMergeCommit":false,"messageTitle":"Update Spongebob.java to greet and exit","messageBody":"","tags":["Level-0"],"fileTypesAndContributionMap":{"java":{"insertions":12,"deletions":0}}},{"hash":"f5a8953c5236ecd6504bccf28a6925d594fb571a","isMergeCommit":false,"messageTitle":"Add echo feature for Spongebob","messageBody":"","tags":["Level-1"],"fileTypesAndContributionMap":{"java":{"insertions":16,"deletions":1}}},{"hash":"450c0e152442a3d6d64f9cf210cdd8629d71fda8","isMergeCommit":false,"messageTitle":"Close scanner in Spongebob.java","messageBody":"","fileTypesAndContributionMap":{"java":{"insertions":1,"deletions":0}}},{"hash":"8eb0e5930ca16a0b5fe98116cec19ac6ba993e9e","isMergeCommit":false,"messageTitle":"Remove Duke.java","messageBody":"","fileTypesAndContributionMap":{"java":{"insertions":0,"deletions":10}}},{"hash":"52383e21e2d5c8647ea239e3d5a2bb9a4bcb2f9a","isMergeCommit":false,"messageTitle":"Add list tracking functionality in Spongebob","messageBody":"","fileTypesAndContributionMap":{"java":{"insertions":40,"deletions":9}}},{"hash":"9b3ae9d3d95f108603526eb1c6878c14563bab2e","isMergeCommit":false,"messageTitle":"Rename variables and functions to fit personality","messageBody":"","fileTypesAndContributionMap":{"java":{"insertions":8,"deletions":8}}},{"hash":"748f6e4016a4522e775c8c45a898a93a350936f6","isMergeCommit":false,"messageTitle":"Change printOrders to instance method","messageBody":"","tags":["Level-2"],"fileTypesAndContributionMap":{"java":{"insertions":5,"deletions":5}}},{"hash":"1ba6a69f9f3d1dd9d3c8f2a61d5af4cb5d6f05e1","isMergeCommit":false,"messageTitle":"Separate action and order into individual classes","messageBody":"","tags":["A-Enums"],"fileTypesAndContributionMap":{"java":{"insertions":37,"deletions":10}}},{"hash":"e4e853f548d395267e09fa77ce7712b6ab2003f7","isMergeCommit":false,"messageTitle":"Handle empty user input","messageBody":"","fileTypesAndContributionMap":{"java":{"insertions":3,"deletions":1}}},{"hash":"4a99b15e5651103a7e9fb40353842d8b585dd48b","isMergeCommit":false,"messageTitle":"Use switch-case for conditional checking","messageBody":"","fileTypesAndContributionMap":{"java":{"insertions":34,"deletions":25}}},{"hash":"cf6c0e0dd798616f628a31cf3eaf0111b0edfcc8","isMergeCommit":false,"messageTitle":"Add mark and unmark feature","messageBody":"","tags":["Level-3"],"fileTypesAndContributionMap":{"java":{"insertions":112,"deletions":41}}},{"hash":"ae8038f23f55f4803120659dd0234dcd311c3467","isMergeCommit":false,"messageTitle":"Create 3 subtask classes under a parent Task class","messageBody":"","fileTypesAndContributionMap":{"java":{"insertions":115,"deletions":51}}},{"hash":"11b77297b79e3f69fd8a95fc402c12b07d5bd119","isMergeCommit":false,"messageTitle":"Rename time to deadline for delivery tasks","messageBody":"","fileTypesAndContributionMap":{"java":{"insertions":4,"deletions":4}}},{"hash":"17509368f031a02d203e1630b144999429985a4e","isMergeCommit":false,"messageTitle":"Add subtask enums","messageBody":"","fileTypesAndContributionMap":{"java":{"insertions":20,"deletions":1}}}]},{"date":"2026-01-23T00:00:00","commitResults":[{"hash":"297c279687a10edd36d4297b178be5bb24d2c9a2","isMergeCommit":false,"messageTitle":"Implement add order, delivery or reservation logic","messageBody":"","tags":["Level-4"],"fileTypesAndContributionMap":{"java":{"insertions":51,"deletions":0}}},{"hash":"b6be026a2fe2677a52fc5936e4ea1321d7bd589d","isMergeCommit":false,"messageTitle":"Implement text-ui testing","messageBody":"","tags":["A-TextUiTesting"],"fileTypesAndContributionMap":{"txt":{"insertions":20,"deletions":0},"bat":{"insertions":1,"deletions":1}}},{"hash":"2a8fbe3b6a6c5cc5137f7dfe9193f3edfd7ae86d","isMergeCommit":false,"messageTitle":"Add empty string handling for task details","messageBody":"","fileTypesAndContributionMap":{"java":{"insertions":20,"deletions":4}}},{"hash":"5b480be1d65e5351ae1688286acd4b0bd4ca1f0f","isMergeCommit":false,"messageTitle":"Add error handling for unrecognised inputs","messageBody":"","fileTypesAndContributionMap":{"java":{"insertions":7,"deletions":8}}},{"hash":"c5e2fc967f19239efbef963979ed892ceb2f568d","isMergeCommit":false,"messageTitle":"Fix wording error","messageBody":"","fileTypesAndContributionMap":{"java":{"insertions":1,"deletions":1}}},{"hash":"f384a220719d9a09d7c8c427df1754b5c14a648b","isMergeCommit":false,"messageTitle":"Update tests","messageBody":"","tags":["Level-5"],"fileTypesAndContributionMap":{"txt":{"insertions":4,"deletions":0}}},{"hash":"e9e10815f7745e5e91c8d4762761208bcc760c67","isMergeCommit":false,"messageTitle":"Add task deletion feature","messageBody":"","fileTypesAndContributionMap":{"java":{"insertions":26,"deletions":1}}},{"hash":"2cd9ef0b3e052e52bdc531bc3780de4669e0b53f","isMergeCommit":false,"messageTitle":"Standardise error message wording","messageBody":"","fileTypesAndContributionMap":{"java":{"insertions":2,"deletions":2}}},{"hash":"69124e2fe0183d489262edca77805c18bea4628f","isMergeCommit":false,"messageTitle":"Add tests for delete functionality","messageBody":"","fileTypesAndContributionMap":{"txt":{"insertions":3,"deletions":0}}},{"hash":"a62bc76d630d6bc8c0e2d5606acde325602b9d18","isMergeCommit":false,"messageTitle":"Add tests to check for out of bounds arguments","messageBody":"","tags":["Level-6"],"fileTypesAndContributionMap":{"txt":{"insertions":4,"deletions":0},"java":{"insertions":1,"deletions":1}}}]},{"date":"2026-01-29T00:00:00","commitResults":[{"hash":"55bd55511f37a634e19f71e5341e3d97baaa1754","isMergeCommit":false,"messageTitle":"Format code","messageBody":"","fileTypesAndContributionMap":{"java":{"insertions":22,"deletions":22}}},{"hash":"fe5d40ab562377bcb0eb3448ab9580b200c74acc","isMergeCommit":false,"messageTitle":"Package Krusty Krab tasks and actions","messageBody":"","fileTypesAndContributionMap":{"java":{"insertions":14,"deletions":0}}},{"hash":"5d3c7d09816b03f24435cd9adab3cd0bec910b0b","isMergeCommit":false,"messageTitle":"Add save functionality","messageBody":"","fileTypesAndContributionMap":{"java":{"insertions":28,"deletions":5}}},{"hash":"193fb3ab9c8e2908d186677d5e24e029088d1406","isMergeCommit":true,"messageTitle":"Merge branch \u0027branch-level-7\u0027","messageBody":"","tags":["Level-7"],"fileTypesAndContributionMap":{}},{"hash":"c9406340eed8f3b99fc87fae7a33671a5e03cb8d","isMergeCommit":false,"messageTitle":"Add datetime handling for delivery and reservation","messageBody":"","fileTypesAndContributionMap":{"java":{"insertions":58,"deletions":17}}},{"hash":"9e8f89f22a6343ef93af56921c0e06791bf6f727","isMergeCommit":false,"messageTitle":"Update tests for save and datetime functionalities","messageBody":"","fileTypesAndContributionMap":{"txt":{"insertions":9,"deletions":6},"bat":{"insertions":5,"deletions":2}}},{"hash":"f8999b3d647b347ac8c674b55eafc80448646e4c","isMergeCommit":true,"messageTitle":"Merge branch \u0027branch-level-8\u0027","messageBody":"","tags":["Level-8"],"fileTypesAndContributionMap":{}}]},{"date":"2026-02-02T00:00:00","commitResults":[{"hash":"c9c4d7b707e3612ec1e9a0f641275a533c6b65ce","isMergeCommit":false,"messageTitle":"Extract TaskList class","messageBody":"","fileTypesAndContributionMap":{"java":{"insertions":150,"deletions":146}}},{"hash":"8eb224a34ff2189512fd42a2d7319b28150c57db","isMergeCommit":false,"messageTitle":"Rename main file","messageBody":"","fileTypesAndContributionMap":{"java":{"insertions":6,"deletions":6}}},{"hash":"144007162ffb1829da456b32de47bbafb7cae0d0","isMergeCommit":false,"messageTitle":"Extract parser class with switch-case indent fix","messageBody":"","fileTypesAndContributionMap":{"java":{"insertions":141,"deletions":135}}},{"hash":"db4c7e4c9414baf3e9616a65bdfb52e1e844b600","isMergeCommit":false,"messageTitle":"Update test to use renamed files","messageBody":"","fileTypesAndContributionMap":{"bat":{"insertions":1,"deletions":1}}},{"hash":"4f0c8f709c55cf44ffff27fb04e66fb4f210fd3e","isMergeCommit":false,"messageTitle":"Extract storage class","messageBody":"","fileTypesAndContributionMap":{"java":{"insertions":37,"deletions":26}}},{"hash":"61e8e539a0d4f55074e82a81244ce2d0966f6e29","isMergeCommit":false,"messageTitle":"Remove unused getter","messageBody":"","tags":["A-MoreOOP"],"fileTypesAndContributionMap":{"java":{"insertions":0,"deletions":4}}},{"hash":"6f0f3ef2bcc07b662508bb33cffc25111e2922fa","isMergeCommit":false,"messageTitle":"Implement forgotten Level-7 load functionality","messageBody":"","fileTypesAndContributionMap":{"java":{"insertions":59,"deletions":4}}},{"hash":"a292bf9145d7949976f3394bdd2b8ad02ba812eb","isMergeCommit":false,"messageTitle":"Organise files into subpackages","messageBody":"","tags":["A-Packages"],"fileTypesAndContributionMap":{"java":{"insertions":25,"deletions":9}}},{"hash":"772a2d08958bb764222a7330d25983f59eca48c3","isMergeCommit":false,"messageTitle":"Extract ui class and subpackage","messageBody":"","fileTypesAndContributionMap":{"java":{"insertions":46,"deletions":31},"bat":{"insertions":2,"deletions":2}}},{"hash":"62bd8d9852d5ec4776dffbac8a9b3e770d6a46c4","isMergeCommit":true,"messageTitle":"Merge branch \u0027add-gradle-support\u0027","messageBody":"","fileTypesAndContributionMap":{}},{"hash":"6a043abab3ebf9474ac59168a39d0f1daee734de","isMergeCommit":false,"messageTitle":"Configure main class in build.gradle","messageBody":"","tags":["A-Gradle"],"fileTypesAndContributionMap":{"gradle":{"insertions":2,"deletions":2}}}]},{"date":"2026-02-03T00:00:00","commitResults":[{"hash":"641656d141baae9c7892d9375aca9e035753e9fd","isMergeCommit":false,"messageTitle":"Add JUnit tests for ActionParser","messageBody":"","fileTypesAndContributionMap":{"gradle":{"insertions":1,"deletions":1},"java":{"insertions":114,"deletions":0}}},{"hash":"dd838db82bc3a6055e4536de9ad369fd25a93886","isMergeCommit":false,"messageTitle":"Add JUnit tests for TaskList","messageBody":"","tags":["A-Jar","A-JUnit"],"fileTypesAndContributionMap":{"java":{"insertions":68,"deletions":0}}},{"hash":"95006b30a7c6b7e4db5a3a97d172c5aa22396bc6","isMergeCommit":false,"messageTitle":"Add Javadoc comments for storage class","messageBody":"","fileTypesAndContributionMap":{"java":{"insertions":18,"deletions":0}}},{"hash":"4a8802da9a063f2aaf0b1dfafaed25bbbea49e41","isMergeCommit":false,"messageTitle":"Add Javadoc comments for task list manager","messageBody":"","fileTypesAndContributionMap":{"java":{"insertions":47,"deletions":0}}},{"hash":"cfda4ef989fb7d7140c44777c6ef55c9d44c68c8","isMergeCommit":false,"messageTitle":"Add Javadoc comments for parser class","messageBody":"","fileTypesAndContributionMap":{"java":{"insertions":21,"deletions":2}}},{"hash":"78674a7ed80cda1888b05353dabfd9664bfb1f6f","isMergeCommit":false,"messageTitle":"Add Javadoc comments for SpongebobException","messageBody":"","fileTypesAndContributionMap":{"java":{"insertions":4,"deletions":0}}},{"hash":"476819fa1fcc539538fdb81a7f1660d4ef65b950","isMergeCommit":false,"messageTitle":"Add Javadoc comments for task types","messageBody":"","fileTypesAndContributionMap":{"java":{"insertions":14,"deletions":0}}},{"hash":"351a1e81f3f6a52af46e233b1a66dc39362dc0e4","isMergeCommit":false,"messageTitle":"Add Javadoc comments for ui and main classes","messageBody":"","fileTypesAndContributionMap":{"java":{"insertions":7,"deletions":0}}},{"hash":"8f182f7e19232c622d77e477fd73be715102db8d","isMergeCommit":false,"messageTitle":"Implement find functionality","messageBody":"","fileTypesAndContributionMap":{"java":{"insertions":36,"deletions":1}}},{"hash":"e2bd0713424a95257016fdc4734390d380c6d5e1","isMergeCommit":false,"messageTitle":"Add JUnit tests for find command parsing","messageBody":"","fileTypesAndContributionMap":{"java":{"insertions":6,"deletions":0}}},{"hash":"3a437777cbad0cc08d22797a79bf782c2bc12b32","isMergeCommit":true,"messageTitle":"Merge branch \u0027branch-A-JavaDoc\u0027","messageBody":"","tags":["A-JavaDoc"],"fileTypesAndContributionMap":{}},{"hash":"b24efba2b896fc5fd31c697290c4698b9ed70c13","isMergeCommit":true,"messageTitle":"Merge branch \u0027branch-Level-9\u0027","messageBody":"","tags":["Level-9"],"fileTypesAndContributionMap":{}},{"hash":"b669ef664e5c408747a1ae36705cccc350a9c150","isMergeCommit":false,"messageTitle":"Rename general task methods","messageBody":"","fileTypesAndContributionMap":{"java":{"insertions":4,"deletions":4}}},{"hash":"504ab240a86b6527f30ec43a58f91359c23f1c23","isMergeCommit":true,"messageTitle":"Merge branch \u0027branch-A-CodingStandard\u0027","messageBody":"","tags":["A-CodingStandard"],"fileTypesAndContributionMap":{}}]},{"date":"2026-02-12T00:00:00","commitResults":[{"hash":"89af553ea002faa4c5ff04b8fc626d92fce08803","isMergeCommit":false,"messageTitle":"Implement minimal working GUI","messageBody":"","fileTypesAndContributionMap":{"gradle":{"insertions":16,"deletions":1},"fxml":{"insertions":65,"deletions":0},"java":{"insertions":344,"deletions":112}}},{"hash":"9dd67636042a7c37995ade311274999d398b9634","isMergeCommit":false,"messageTitle":"Remove unused text-based ui","messageBody":"","fileTypesAndContributionMap":{"java":{"insertions":0,"deletions":21}}},{"hash":"4a28a2cdd00459d12f334db8a375c0b8183d797e","isMergeCommit":false,"messageTitle":"Update Javadoc comments for ui and main classes","messageBody":"","fileTypesAndContributionMap":{"java":{"insertions":14,"deletions":0}}},{"hash":"e72277757c325b59497afe187b54b227bdbd560e","isMergeCommit":false,"messageTitle":"Implement system exit for bye command","messageBody":"","fileTypesAndContributionMap":{"java":{"insertions":1,"deletions":0}}},{"hash":"f4eb5525cd713fb886f9955d23e2988cbbe1611a","isMergeCommit":false,"messageTitle":"Reinstate welcome message","messageBody":"","fileTypesAndContributionMap":{"java":{"insertions":3,"deletions":2}}},{"hash":"c4d2b183f5b8c5b4f7892b04af431449513729c1","isMergeCommit":false,"messageTitle":"Update Javadoc comments for tasklist commands","messageBody":"","fileTypesAndContributionMap":{"java":{"insertions":15,"deletions":3}}},{"hash":"ff87bc248825acb4081b0573fd5f3a544eb7e9c4","isMergeCommit":false,"messageTitle":"Update Javadoc comments for parser","messageBody":"","fileTypesAndContributionMap":{"java":{"insertions":1,"deletions":0}}},{"hash":"85a348bc6e8583c351e8692e194fc8f687b933ad","isMergeCommit":true,"messageTitle":"Merge branch \u0027branch-Level-10\u0027","messageBody":"","tags":["Level-10"],"fileTypesAndContributionMap":{}},{"hash":"e9c1270ab558c06da9823d21e6fe536fc41c6cf8","isMergeCommit":false,"messageTitle":"Fix checkstyle violations","messageBody":"","fileTypesAndContributionMap":{"gradle":{"insertions":5,"deletions":0},"java":{"insertions":56,"deletions":19}}},{"hash":"f2842a4a933d7e981a7a90f2b4767241570e23b7","isMergeCommit":true,"messageTitle":"Merge branch \u0027branch-A-CheckStyle\u0027","messageBody":"","tags":["A-CheckStyle"],"fileTypesAndContributionMap":{}}]},{"date":"2026-02-13T00:00:00","commitResults":[{"hash":"8635f203fb6eec60139b4f078ea4a00e71fdde0d","isMergeCommit":false,"messageTitle":"Enable assertions in build.gradle for dev/test","messageBody":"","fileTypesAndContributionMap":{"gradle":{"insertions":3,"deletions":0}}},{"hash":"9738944f98de3afa9cc962a45f25a901e83f703b","isMergeCommit":false,"messageTitle":"Add assertions to validate input parameters","messageBody":"The lack of checking allows null or malformed data to propagate through the system, which may lead to unpredictable runtime errors that are difficult to trace back to the source.\n\nLet\u0027s add `assert` statements to validate parameters across these core classes to ensure they meet expected pre-conditions, such as non-nullity.\n\nThe Java assertions approach is chosen as it maintains code performance in production (where assertions are typically disabled) while providing clear, documented assumptions for developers.\n\nEnsure that the `enableAssertions \u003d true` line is present in the `build.gradle` file under the `test` (Testing) and `run` (Development) blocks.\n","tags":["A-FullCommitMessage"],"fileTypesAndContributionMap":{"java":{"insertions":27,"deletions":0}}}]},{"date":"2026-02-15T00:00:00","commitResults":[{"hash":"7862e968dde49fcb7d8b2371675cfc4a87e4c078","isMergeCommit":false,"messageTitle":"Add assertions to validate task details format","messageBody":"","fileTypesAndContributionMap":{"java":{"insertions":18,"deletions":5}}},{"hash":"f3a09791a36a2e97eac0711062239d926b20cf49","isMergeCommit":false,"messageTitle":"Add assertion to validate loaded task is not null","messageBody":"","fileTypesAndContributionMap":{"java":{"insertions":2,"deletions":0}}},{"hash":"5bf466e7f99a328996535229bbd7c5e3dd9d1739","isMergeCommit":true,"messageTitle":"Merge pull request #2 from Blerargh/branch-A-Assertions","messageBody":"Assertions for Input Validation","tags":["A-Assertions"],"fileTypesAndContributionMap":{}},{"hash":"d00d3743cb9ff7ec8ce77c8f493b2ccf123fb961","isMergeCommit":false,"messageTitle":"Refactor loadTasks method to use Streams","messageBody":"","fileTypesAndContributionMap":{"java":{"insertions":34,"deletions":40}}},{"hash":"d173ee53a5ca74630711d75bdcc74762f7dddb80","isMergeCommit":true,"messageTitle":"Merge branch \u0027master\u0027 into branch-A-Streams","messageBody":"","fileTypesAndContributionMap":{}},{"hash":"02c11ca58c21a0ad4f852161b94acafc52c4adba","isMergeCommit":true,"messageTitle":"Merge pull request #3 from Blerargh/branch-A-Streams","messageBody":"Refactor task loading function to use Streams","tags":["A-Streams"],"fileTypesAndContributionMap":{}},{"hash":"c31a0b088ace5f4e783e62fe21753c3a717659f7","isMergeCommit":false,"messageTitle":"Refactor task loading logic in storage class","messageBody":"The `loadTasks()` method was unnecessarily long, with deep nesting of try-catch and if-else statements, violating code quality standards.\n\nLet\u0027s,\n* Extract the conversion logic from the file line to the corresponding `KrustyKrabTask` into a separate function\n* Further extract specific task type handling into 3 helper functions\n\nThis is done to adhere to the SLAP principle and improve code maintainability and readability.\n","fileTypesAndContributionMap":{"java":{"insertions":56,"deletions":44}}}]},{"date":"2026-02-16T00:00:00","commitResults":[{"hash":"cb92d8a2235912fb13e5e29174c2e085b48c308a","isMergeCommit":false,"messageTitle":"Extract command classes for task management","messageBody":"","fileTypesAndContributionMap":{"java":{"insertions":361,"deletions":0}}},{"hash":"7d932d297e48cd1c3c364515b29eba22609ca461","isMergeCommit":false,"messageTitle":"Refactor parser to streamline command execution","messageBody":"","fileTypesAndContributionMap":{"java":{"insertions":47,"deletions":255}}},{"hash":"802627de1511aee2a1a234629cef06bf3030c2a0","isMergeCommit":false,"messageTitle":"Refactor task management methods for readability","messageBody":"","fileTypesAndContributionMap":{"java":{"insertions":98,"deletions":116}}},{"hash":"a5f1593ea203f2a82829a99007802a6654de4c07","isMergeCommit":false,"messageTitle":"Document command classes with JavaDoc comments","messageBody":"","tags":["A-AiAssisted"],"fileTypesAndContributionMap":{"java":{"insertions":359,"deletions":0},"md":{"insertions":17,"deletions":0}}},{"hash":"d5dcc23ed2fb76da0e621955383191b755759ed4","isMergeCommit":false,"messageTitle":"Fix reservation line parser bug","messageBody":"","fileTypesAndContributionMap":{"java":{"insertions":2,"deletions":2}}},{"hash":"0395d20c11e7bac95971ba6b112d59699916fb99","isMergeCommit":false,"messageTitle":"Refactor ActionParser to a class","messageBody":"","fileTypesAndContributionMap":{"java":{"insertions":6,"deletions":17}}},{"hash":"5f6d6327860f0153c18eeb0608bd6fc1de65dcf9","isMergeCommit":false,"messageTitle":"Implement equals method in abstract command class","messageBody":"","fileTypesAndContributionMap":{"java":{"insertions":12,"deletions":0}}},{"hash":"d09d7195d686c393823493c746cacfdaf92781b9","isMergeCommit":false,"messageTitle":"Reinstate command validation in ActionParserTest","messageBody":"","fileTypesAndContributionMap":{"java":{"insertions":68,"deletions":2}}},{"hash":"a3f78d9ee9765c7a78a946e723bf7a8e1c577dd7","isMergeCommit":true,"messageTitle":"Merge branch \u0027master\u0027 into branch-A-CodeQuality","messageBody":"","fileTypesAndContributionMap":{}},{"hash":"69fbd5875c29cd05928b95db81ffce7bea3d568a","isMergeCommit":false,"messageTitle":"Update AI.md","messageBody":"","fileTypesAndContributionMap":{"md":{"insertions":6,"deletions":1}}},{"hash":"492139297c98055ba5fa35b9341736eff6b8a0db","isMergeCommit":true,"messageTitle":"Merge pull request #4 from Blerargh/branch-A-CodeQuality","messageBody":"Code Quality Improvements","tags":["A-CodeQuality"],"fileTypesAndContributionMap":{}},{"hash":"1fe62ad1170c233ba6deb1fc5fd5fb87cfc8b68b","isMergeCommit":false,"messageTitle":"Implement undo functionality for task modification","messageBody":"","fileTypesAndContributionMap":{"java":{"insertions":309,"deletions":47}}},{"hash":"3930515e66608a472b5cb5a267798fdfccebc0c7","isMergeCommit":false,"messageTitle":"Fix undo functionality to for unmark command","messageBody":"","fileTypesAndContributionMap":{"java":{"insertions":2,"deletions":1}}},{"hash":"6514ed4418035a046ccda78b186a8121a1476c93","isMergeCommit":true,"messageTitle":"Merge branch \u0027branch-C-Undo\u0027","messageBody":"","tags":["BCD-Extension"],"fileTypesAndContributionMap":{}},{"hash":"f3df523d9984f9cf3dac572ece877b4c9d41b209","isMergeCommit":false,"messageTitle":"Set missing title for JavaFX Stage","messageBody":"","fileTypesAndContributionMap":{"java":{"insertions":1,"deletions":0}}}]},{"date":"2026-02-17T00:00:00","commitResults":[{"hash":"d314b940a42fce478fd1766a37167a7846c7c35f","isMergeCommit":false,"messageTitle":"Update AI.md","messageBody":"","fileTypesAndContributionMap":{"md":{"insertions":3,"deletions":3}}},{"hash":"5713d7a06789a52fbe9e1b108701f58264d4b50d","isMergeCommit":false,"messageTitle":"Enhance input validation for index-based commands","messageBody":"","fileTypesAndContributionMap":{"java":{"insertions":20,"deletions":2}}},{"hash":"4486077889c259ddb8187672f6411bca3e58e07f","isMergeCommit":false,"messageTitle":"Standardise validation checks and error messages","messageBody":"","fileTypesAndContributionMap":{"java":{"insertions":6,"deletions":4}}},{"hash":"154295a063bfd9e54b284d68326b44f2fc41ac95","isMergeCommit":false,"messageTitle":"Add unit tests for command input validation","messageBody":"","fileTypesAndContributionMap":{"java":{"insertions":250,"deletions":0},"md":{"insertions":6,"deletions":3}}},{"hash":"6200117c672aeaba6078947cc6e37d8ba368edf2","isMergeCommit":true,"messageTitle":"Merge branch \u0027branch-A-MoreTesting\u0027","messageBody":"","tags":["A-MoreTesting"],"fileTypesAndContributionMap":{}},{"hash":"120fd3575096f0d44f262af3e143c29c66b13719","isMergeCommit":false,"messageTitle":"Fix checkstyle violations","messageBody":"","fileTypesAndContributionMap":{"java":{"insertions":4,"deletions":8}}},{"hash":"471f57ce638be52fd09be7f3acc3f9db0261cf72","isMergeCommit":false,"messageTitle":"Update AI.md","messageBody":"","fileTypesAndContributionMap":{"md":{"insertions":10,"deletions":8}}},{"hash":"063ebd82c620270e4970432178fa50caeb764364","isMergeCommit":false,"messageTitle":"Update storage to use relative paths","messageBody":"","fileTypesAndContributionMap":{"java":{"insertions":6,"deletions":6}}},{"hash":"cb5c308e7db9c57e3fa50424cfd61487ecbd6044","isMergeCommit":false,"messageTitle":"Update user guide","messageBody":"","tags":["A-UserGuide"],"fileTypesAndContributionMap":{"md":{"insertions":171,"deletions":14}}},{"hash":"73b11ea12e25ed8a002ed7b39f7f62e24cd556b4","isMergeCommit":false,"messageTitle":"Refine wording in AI.md for clarity","messageBody":"","fileTypesAndContributionMap":{"md":{"insertions":4,"deletions":3}}}]}]},"authorFileTypeContributionMap":{"Blerargh":{"java":2266,"md":199,"fxml":65,"sh":0,"bat":5,"gradle":25,"txt":34}},"authorContributionVariance":{"Blerargh":107112.36},"authorDisplayNameMap":{"Blerargh":"CS2103T-T10-1 SI W..ERRY"}}
