{"authorDailyContributionsMap":{"Blerargh":[{"date":"2026-01-22T00:00:00","commitResults":[{"hash":"6faf93ebe27b853cd7f42ef706135a2cc00f2c46","isMergeCommit":false,"messageTitle":"Update Spongebob.java to greet and exit","messageBody":"","tags":["Level-0"],"fileTypesAndContributionMap":{"java":{"insertions":12,"deletions":0}}},{"hash":"f5a8953c5236ecd6504bccf28a6925d594fb571a","isMergeCommit":false,"messageTitle":"Add echo feature for Spongebob","messageBody":"","tags":["Level-1"],"fileTypesAndContributionMap":{"java":{"insertions":16,"deletions":1}}},{"hash":"450c0e152442a3d6d64f9cf210cdd8629d71fda8","isMergeCommit":false,"messageTitle":"Close scanner in Spongebob.java","messageBody":"","fileTypesAndContributionMap":{"java":{"insertions":1,"deletions":0}}},{"hash":"8eb0e5930ca16a0b5fe98116cec19ac6ba993e9e","isMergeCommit":false,"messageTitle":"Remove Duke.java","messageBody":"","fileTypesAndContributionMap":{"java":{"insertions":0,"deletions":10}}},{"hash":"52383e21e2d5c8647ea239e3d5a2bb9a4bcb2f9a","isMergeCommit":false,"messageTitle":"Add list tracking functionality in Spongebob","messageBody":"","fileTypesAndContributionMap":{"java":{"insertions":40,"deletions":9}}},{"hash":"9b3ae9d3d95f108603526eb1c6878c14563bab2e","isMergeCommit":false,"messageTitle":"Rename variables and functions to fit personality","messageBody":"","fileTypesAndContributionMap":{"java":{"insertions":8,"deletions":8}}},{"hash":"748f6e4016a4522e775c8c45a898a93a350936f6","isMergeCommit":false,"messageTitle":"Change printOrders to instance method","messageBody":"","tags":["Level-2"],"fileTypesAndContributionMap":{"java":{"insertions":5,"deletions":5}}},{"hash":"1ba6a69f9f3d1dd9d3c8f2a61d5af4cb5d6f05e1","isMergeCommit":false,"messageTitle":"Separate action and order into individual classes","messageBody":"","tags":["A-Enums"],"fileTypesAndContributionMap":{"java":{"insertions":37,"deletions":10}}},{"hash":"e4e853f548d395267e09fa77ce7712b6ab2003f7","isMergeCommit":false,"messageTitle":"Handle empty user input","messageBody":"","fileTypesAndContributionMap":{"java":{"insertions":3,"deletions":1}}},{"hash":"4a99b15e5651103a7e9fb40353842d8b585dd48b","isMergeCommit":false,"messageTitle":"Use switch-case for conditional checking","messageBody":"","fileTypesAndContributionMap":{"java":{"insertions":34,"deletions":25}}},{"hash":"cf6c0e0dd798616f628a31cf3eaf0111b0edfcc8","isMergeCommit":false,"messageTitle":"Add mark and unmark feature","messageBody":"","tags":["Level-3"],"fileTypesAndContributionMap":{"java":{"insertions":112,"deletions":41}}},{"hash":"ae8038f23f55f4803120659dd0234dcd311c3467","isMergeCommit":false,"messageTitle":"Create 3 subtask classes under a parent Task class","messageBody":"","fileTypesAndContributionMap":{"java":{"insertions":115,"deletions":51}}},{"hash":"11b77297b79e3f69fd8a95fc402c12b07d5bd119","isMergeCommit":false,"messageTitle":"Rename time to deadline for delivery tasks","messageBody":"","fileTypesAndContributionMap":{"java":{"insertions":4,"deletions":4}}},{"hash":"17509368f031a02d203e1630b144999429985a4e","isMergeCommit":false,"messageTitle":"Add subtask enums","messageBody":"","fileTypesAndContributionMap":{"java":{"insertions":20,"deletions":1}}}]},{"date":"2026-01-23T00:00:00","commitResults":[{"hash":"297c279687a10edd36d4297b178be5bb24d2c9a2","isMergeCommit":false,"messageTitle":"Implement add order, delivery or reservation logic","messageBody":"","tags":["Level-4"],"fileTypesAndContributionMap":{"java":{"insertions":51,"deletions":0}}},{"hash":"b6be026a2fe2677a52fc5936e4ea1321d7bd589d","isMergeCommit":false,"messageTitle":"Implement text-ui testing","messageBody":"","tags":["A-TextUiTesting"],"fileTypesAndContributionMap":{"txt":{"insertions":20,"deletions":0},"bat":{"insertions":1,"deletions":1}}},{"hash":"2a8fbe3b6a6c5cc5137f7dfe9193f3edfd7ae86d","isMergeCommit":false,"messageTitle":"Add empty string handling for task details","messageBody":"","fileTypesAndContributionMap":{"java":{"insertions":20,"deletions":4}}},{"hash":"5b480be1d65e5351ae1688286acd4b0bd4ca1f0f","isMergeCommit":false,"messageTitle":"Add error handling for unrecognised inputs","messageBody":"","fileTypesAndContributionMap":{"java":{"insertions":7,"deletions":8}}},{"hash":"c5e2fc967f19239efbef963979ed892ceb2f568d","isMergeCommit":false,"messageTitle":"Fix wording error","messageBody":"","fileTypesAndContributionMap":{"java":{"insertions":1,"deletions":1}}},{"hash":"f384a220719d9a09d7c8c427df1754b5c14a648b","isMergeCommit":false,"messageTitle":"Update tests","messageBody":"","tags":["Level-5"],"fileTypesAndContributionMap":{"txt":{"insertions":4,"deletions":0}}},{"hash":"e9e10815f7745e5e91c8d4762761208bcc760c67","isMergeCommit":false,"messageTitle":"Add task deletion feature","messageBody":"","fileTypesAndContributionMap":{"java":{"insertions":26,"deletions":1}}},{"hash":"2cd9ef0b3e052e52bdc531bc3780de4669e0b53f","isMergeCommit":false,"messageTitle":"Standardise error message wording","messageBody":"","fileTypesAndContributionMap":{"java":{"insertions":2,"deletions":2}}},{"hash":"69124e2fe0183d489262edca77805c18bea4628f","isMergeCommit":false,"messageTitle":"Add tests for delete functionality","messageBody":"","fileTypesAndContributionMap":{"txt":{"insertions":3,"deletions":0}}},{"hash":"a62bc76d630d6bc8c0e2d5606acde325602b9d18","isMergeCommit":false,"messageTitle":"Add tests to check for out of bounds arguments","messageBody":"","tags":["Level-6"],"fileTypesAndContributionMap":{"txt":{"insertions":4,"deletions":0},"java":{"insertions":1,"deletions":1}}}]},{"date":"2026-01-29T00:00:00","commitResults":[{"hash":"55bd55511f37a634e19f71e5341e3d97baaa1754","isMergeCommit":false,"messageTitle":"Format code","messageBody":"","fileTypesAndContributionMap":{"java":{"insertions":22,"deletions":22}}},{"hash":"fe5d40ab562377bcb0eb3448ab9580b200c74acc","isMergeCommit":false,"messageTitle":"Package Krusty Krab tasks and actions","messageBody":"","fileTypesAndContributionMap":{"java":{"insertions":14,"deletions":0}}},{"hash":"5d3c7d09816b03f24435cd9adab3cd0bec910b0b","isMergeCommit":false,"messageTitle":"Add save functionality","messageBody":"","fileTypesAndContributionMap":{"java":{"insertions":28,"deletions":5}}},{"hash":"193fb3ab9c8e2908d186677d5e24e029088d1406","isMergeCommit":true,"messageTitle":"Merge branch \u0027branch-level-7\u0027","messageBody":"","tags":["Level-7"],"fileTypesAndContributionMap":{}},{"hash":"c9406340eed8f3b99fc87fae7a33671a5e03cb8d","isMergeCommit":false,"messageTitle":"Add datetime handling for delivery and reservation","messageBody":"","fileTypesAndContributionMap":{"java":{"insertions":58,"deletions":17}}},{"hash":"9e8f89f22a6343ef93af56921c0e06791bf6f727","isMergeCommit":false,"messageTitle":"Update tests for save and datetime functionalities","messageBody":"","fileTypesAndContributionMap":{"txt":{"insertions":9,"deletions":6},"bat":{"insertions":5,"deletions":2}}},{"hash":"f8999b3d647b347ac8c674b55eafc80448646e4c","isMergeCommit":true,"messageTitle":"Merge branch \u0027branch-level-8\u0027","messageBody":"","tags":["Level-8"],"fileTypesAndContributionMap":{}}]},{"date":"2026-02-02T00:00:00","commitResults":[{"hash":"c9c4d7b707e3612ec1e9a0f641275a533c6b65ce","isMergeCommit":false,"messageTitle":"Extract TaskList class","messageBody":"","fileTypesAndContributionMap":{"java":{"insertions":150,"deletions":146}}},{"hash":"8eb224a34ff2189512fd42a2d7319b28150c57db","isMergeCommit":false,"messageTitle":"Rename main file","messageBody":"","fileTypesAndContributionMap":{"java":{"insertions":6,"deletions":6}}},{"hash":"144007162ffb1829da456b32de47bbafb7cae0d0","isMergeCommit":false,"messageTitle":"Extract parser class with switch-case indent fix","messageBody":"","fileTypesAndContributionMap":{"java":{"insertions":141,"deletions":135}}},{"hash":"db4c7e4c9414baf3e9616a65bdfb52e1e844b600","isMergeCommit":false,"messageTitle":"Update test to use renamed files","messageBody":"","fileTypesAndContributionMap":{"bat":{"insertions":1,"deletions":1}}},{"hash":"4f0c8f709c55cf44ffff27fb04e66fb4f210fd3e","isMergeCommit":false,"messageTitle":"Extract storage class","messageBody":"","fileTypesAndContributionMap":{"java":{"insertions":37,"deletions":26}}},{"hash":"61e8e539a0d4f55074e82a81244ce2d0966f6e29","isMergeCommit":false,"messageTitle":"Remove unused getter","messageBody":"","tags":["A-MoreOOP"],"fileTypesAndContributionMap":{"java":{"insertions":0,"deletions":4}}},{"hash":"6f0f3ef2bcc07b662508bb33cffc25111e2922fa","isMergeCommit":false,"messageTitle":"Implement forgotten Level-7 load functionality","messageBody":"","fileTypesAndContributionMap":{"java":{"insertions":59,"deletions":4}}},{"hash":"a292bf9145d7949976f3394bdd2b8ad02ba812eb","isMergeCommit":false,"messageTitle":"Organise files into subpackages","messageBody":"","tags":["A-Packages"],"fileTypesAndContributionMap":{"java":{"insertions":25,"deletions":9}}},{"hash":"772a2d08958bb764222a7330d25983f59eca48c3","isMergeCommit":false,"messageTitle":"Extract ui class and subpackage","messageBody":"","fileTypesAndContributionMap":{"java":{"insertions":46,"deletions":31},"bat":{"insertions":2,"deletions":2}}},{"hash":"62bd8d9852d5ec4776dffbac8a9b3e770d6a46c4","isMergeCommit":true,"messageTitle":"Merge branch \u0027add-gradle-support\u0027","messageBody":"","fileTypesAndContributionMap":{}},{"hash":"6a043abab3ebf9474ac59168a39d0f1daee734de","isMergeCommit":false,"messageTitle":"Configure main class in build.gradle","messageBody":"","tags":["A-Gradle"],"fileTypesAndContributionMap":{"gradle":{"insertions":2,"deletions":2}}}]},{"date":"2026-02-03T00:00:00","commitResults":[{"hash":"641656d141baae9c7892d9375aca9e035753e9fd","isMergeCommit":false,"messageTitle":"Add JUnit tests for ActionParser","messageBody":"","fileTypesAndContributionMap":{"gradle":{"insertions":1,"deletions":1},"java":{"insertions":114,"deletions":0}}},{"hash":"dd838db82bc3a6055e4536de9ad369fd25a93886","isMergeCommit":false,"messageTitle":"Add JUnit tests for TaskList","messageBody":"","tags":["A-Jar","A-JUnit"],"fileTypesAndContributionMap":{"java":{"insertions":68,"deletions":0}}}]}]},"authorFileTypeContributionMap":{"Blerargh":{"java":705,"md":0,"fxml":0,"sh":0,"bat":5,"gradle":2,"txt":34}},"authorContributionVariance":{"Blerargh":37510.09},"authorDisplayNameMap":{"Blerargh":"CS2103T-T10-1 SI W..ERRY"}}
