{"authorDailyContributionsMap":{"gaoze24":[{"date":"2026-01-18T00:00:00","commitResults":[{"hash":"11269f772466d1f603b9044f7de89c264a98acc5","isMergeCommit":false,"messageTitle":"Level-0. Changed the name of the chatbot from Duke to Yoyo. Added greeting and exit.","messageBody":"","tags":["Level-0"],"fileTypesAndContributionMap":{"java":{"insertions":10,"deletions":10},"bat":{"insertions":1,"deletions":1},"md":{"insertions":3,"deletions":3}}},{"hash":"42576b8ce59e11b9c69d69987d5dc33aa755ecf6","isMergeCommit":false,"messageTitle":"Level-1. Echo and modifications to readme Added an echo function to the chatbot to respond to input. Modified readme file","messageBody":"","tags":["Level-1"],"fileTypesAndContributionMap":{"java":{"insertions":15,"deletions":1},"md":{"insertions":3,"deletions":25}}},{"hash":"e394a81d6f6c59c207a66b31cd401b1b16f3af02","isMergeCommit":false,"messageTitle":"Level-2. Add,list Add the ability to store the text entered by the user and display back to the user when requested.","messageBody":"","tags":["Level-2"],"fileTypesAndContributionMap":{"java":{"insertions":12,"deletions":1}}},{"hash":"f002676dc3139b63a1c81d07e6921a2036de79f6","isMergeCommit":false,"messageTitle":"Code reconstruction Split functions into multiple classes and methods. Created Chatbot class and Items class.","messageBody":"","fileTypesAndContributionMap":{"java":{"insertions":65,"deletions":30}}},{"hash":"8789c4fb576efc73e3a96519df7ce9fe7d0eef39","isMergeCommit":false,"messageTitle":"Level-3 Add the ability to mark tasks as done, and the ability to change the task back to not done","messageBody":"","tags":["Level-3"],"fileTypesAndContributionMap":{"java":{"insertions":60,"deletions":4}}},{"hash":"20f8b580778f51a5780c0b361b88fc5b2e5cf764","isMergeCommit":false,"messageTitle":"Level-4 Add support for tracking three new types ToDos: tasks without any date/time attached to it Deadlines: tasks that need to be done before a specific date/time Events: tasks that start at a specific date/time and ends at a specific date/time","messageBody":"","tags":["Level-4"],"fileTypesAndContributionMap":{"java":{"insertions":104,"deletions":53}}},{"hash":"d0f382d21628479e3e1e0ee3d7712288e91244d3","isMergeCommit":false,"messageTitle":"A-TextUiTesting Add the ability to semi-automate the testing of Yoyo.","messageBody":"","tags":["A-TextUiTesting"],"fileTypesAndContributionMap":{"txt":{"insertions":5,"deletions":0},"java":{"insertions":1,"deletions":1},"sh":{"insertions":1,"deletions":1}}}]},{"date":"2026-01-19T00:00:00","commitResults":[{"hash":"211fe132ba584380fab8bfa729e512091c9c0c74","isMergeCommit":false,"messageTitle":"Level-5 Error Handling Add the ability of error handling to detect errors in input for all the tasks.","messageBody":"","tags":["Level-5"],"fileTypesAndContributionMap":{"java":{"insertions":83,"deletions":17}}},{"hash":"bec12b8abdc7b74640f7f9853e7ae0270929ffc8","isMergeCommit":false,"messageTitle":"Level-6 Delete Functionality Add the ability to delete a task. Add the exception handling logics for deleting tasks.","messageBody":"","tags":["Level-6"],"fileTypesAndContributionMap":{"java":{"insertions":54,"deletions":25}}}]},{"date":"2026-01-21T00:00:00","commitResults":[{"hash":"f5492e7c9b95547c7d77af2f482c060130649db4","isMergeCommit":false,"messageTitle":"Error handling Fixed a bug in mark/unmark error handling to reject index smaller or equal to zero.","messageBody":"","fileTypesAndContributionMap":{"java":{"insertions":1,"deletions":1}}}]}]},"authorFileTypeContributionMap":{"gaoze24":{"java":272,"md":4,"fxml":0,"sh":1,"bat":1,"gradle":0,"txt":5}},"authorContributionVariance":{"gaoze24":13329.017},"authorDisplayNameMap":{"gaoze24":"GAO ..O ZE"}}
