{"authorDailyContributionsMap":{"gaoze24":[{"date":"2026-01-18T00:00:00","commitResults":[{"hash":"11269f772466d1f603b9044f7de89c264a98acc5","isMergeCommit":false,"messageTitle":"Level-0. Changed the name of the chatbot from Duke to Yoyo. Added greeting and exit.","messageBody":"","tags":["Level-0"],"fileTypesAndContributionMap":{"java":{"insertions":10,"deletions":10},"bat":{"insertions":1,"deletions":1},"md":{"insertions":3,"deletions":3}}},{"hash":"42576b8ce59e11b9c69d69987d5dc33aa755ecf6","isMergeCommit":false,"messageTitle":"Level-1. Echo and modifications to readme Added an echo function to the chatbot to respond to input. Modified readme file","messageBody":"","tags":["Level-1"],"fileTypesAndContributionMap":{"java":{"insertions":15,"deletions":1},"md":{"insertions":3,"deletions":25}}},{"hash":"e394a81d6f6c59c207a66b31cd401b1b16f3af02","isMergeCommit":false,"messageTitle":"Level-2. Add,list Add the ability to store the text entered by the user and display back to the user when requested.","messageBody":"","tags":["Level-2"],"fileTypesAndContributionMap":{"java":{"insertions":12,"deletions":1}}},{"hash":"f002676dc3139b63a1c81d07e6921a2036de79f6","isMergeCommit":false,"messageTitle":"Code reconstruction Split functions into multiple classes and methods. Created Chatbot class and Items class.","messageBody":"","fileTypesAndContributionMap":{"java":{"insertions":65,"deletions":30}}},{"hash":"8789c4fb576efc73e3a96519df7ce9fe7d0eef39","isMergeCommit":false,"messageTitle":"Level-3 Add the ability to mark tasks as done, and the ability to change the task back to not done","messageBody":"","tags":["Level-3"],"fileTypesAndContributionMap":{"java":{"insertions":60,"deletions":4}}},{"hash":"20f8b580778f51a5780c0b361b88fc5b2e5cf764","isMergeCommit":false,"messageTitle":"Level-4 Add support for tracking three new types ToDos: tasks without any date/time attached to it Deadlines: tasks that need to be done before a specific date/time Events: tasks that start at a specific date/time and ends at a specific date/time","messageBody":"","tags":["Level-4"],"fileTypesAndContributionMap":{"java":{"insertions":104,"deletions":53}}},{"hash":"d0f382d21628479e3e1e0ee3d7712288e91244d3","isMergeCommit":false,"messageTitle":"A-TextUiTesting Add the ability to semi-automate the testing of Yoyo.","messageBody":"","tags":["A-TextUiTesting"],"fileTypesAndContributionMap":{"txt":{"insertions":5,"deletions":0},"java":{"insertions":1,"deletions":1},"sh":{"insertions":1,"deletions":1}}}]},{"date":"2026-01-19T00:00:00","commitResults":[{"hash":"211fe132ba584380fab8bfa729e512091c9c0c74","isMergeCommit":false,"messageTitle":"Level-5 Error Handling Add the ability of error handling to detect errors in input for all the tasks.","messageBody":"","tags":["Level-5"],"fileTypesAndContributionMap":{"java":{"insertions":83,"deletions":17}}},{"hash":"bec12b8abdc7b74640f7f9853e7ae0270929ffc8","isMergeCommit":false,"messageTitle":"Level-6 Delete Functionality Add the ability to delete a task. Add the exception handling logics for deleting tasks.","messageBody":"","tags":["Level-6"],"fileTypesAndContributionMap":{"java":{"insertions":54,"deletions":25}}}]},{"date":"2026-01-21T00:00:00","commitResults":[{"hash":"f5492e7c9b95547c7d77af2f482c060130649db4","isMergeCommit":false,"messageTitle":"Error handling Fixed a bug in mark/unmark error handling to reject index smaller or equal to zero.","messageBody":"","fileTypesAndContributionMap":{"java":{"insertions":1,"deletions":1}}}]},{"date":"2026-01-22T00:00:00","commitResults":[{"hash":"6a4bc43d06598f0ae372d822acb1c901e7232e43","isMergeCommit":false,"messageTitle":"Code Documentation Add comments to major methods to explain what they do.","messageBody":"","fileTypesAndContributionMap":{"java":{"insertions":26,"deletions":5}}}]},{"date":"2026-01-25T00:00:00","commitResults":[{"hash":"cbf90b2be4371a8ab8fca693b7769e645e7cae9b","isMergeCommit":false,"messageTitle":"Add tasks save functionality Introduce a new TaskFile class to handle logics about reading and writing to a txt file for tasks information storage. Add taskOutput method to Task, ToDos, Deadlines and Events class to output tasks information in an easy to manipulate way. Add fileOutput method to Tasks class to organise each task information in a single String. Add an overloaded storeTask method to Tasks class to store tasks information from file. Add readTask and saveTask methods to Chatbot class to handle read and save tasks logic.","messageBody":"","fileTypesAndContributionMap":{"java":{"insertions":174,"deletions":4}}},{"hash":"102191eda5f7dde502a8a5002f74ea7ea42318c6","isMergeCommit":false,"messageTitle":"Refactor Task class Small edits to Task class.","messageBody":"","fileTypesAndContributionMap":{"java":{"insertions":0,"deletions":2}}},{"hash":"413c054c0c18fb151fe2e6d0ed29f0e93851b539","isMergeCommit":true,"messageTitle":"Merge \"branch-Level-7\"","messageBody":"","tags":["Level-7"],"fileTypesAndContributionMap":{}},{"hash":"1552b9d54c9dd2f897378e94c36b8c787a48eca5","isMergeCommit":false,"messageTitle":"Add Date support The app now understand dates for deadline and events tasks. Deadline dates, Events from and to dates are now stored as LocalDate variable. Add checkDate method to Tasks class to check any tasks are active on a specific date. Add getType method to Task, ToDos, Deadlines and Events class to return the type of the tasks. Add checkDate method to Task, ToDos, Deadlines and Events class to return if the task is active on the date.","messageBody":"","fileTypesAndContributionMap":{"java":{"insertions":156,"deletions":16}}},{"hash":"508a5e5f271296b03707be8b516d71bcef6e7879","isMergeCommit":true,"messageTitle":"Merge \"branch-Level-8\"","messageBody":"","tags":["Level-8"],"fileTypesAndContributionMap":{}},{"hash":"e03bce5eb928f5c14acdac09c6241b149fbfeb72","isMergeCommit":false,"messageTitle":"A-MoreOOP, Refactor of Chatbot Class, introduce Command and Parser class Move tasks parsing logics from Chatbot class to Parser class. Move tasks execution logics from Chatbot class to Command class. Parser class creates Task variable based on the input given. Command class executes all the tasks.","messageBody":"","fileTypesAndContributionMap":{"java":{"insertions":216,"deletions":137}}},{"hash":"a2709b2215ec268ff9deac5bd4673fdb198a2c5b","isMergeCommit":true,"messageTitle":"Merge \"A-MoreOOP\"","messageBody":"","tags":["A-MoreOOP"],"fileTypesAndContributionMap":{}},{"hash":"0f3611395a330a60897e54d64ea7a7e26c8ce28a","isMergeCommit":false,"messageTitle":"A-Packages Organize classes into different packages for better future maintainability.","messageBody":"","fileTypesAndContributionMap":{"java":{"insertions":48,"deletions":19},"bat":{"insertions":1,"deletions":1},"md":{"insertions":3,"deletions":3}}},{"hash":"fcf2a69605d480d016d5aa5d63f8c1ff3992efbd","isMergeCommit":true,"messageTitle":"Merge branch \"A-Packages\"","messageBody":"","tags":["A-Packages"],"fileTypesAndContributionMap":{}},{"hash":"f938a38d46ec3ddf8671b2519a29caa3812e5b4f","isMergeCommit":true,"messageTitle":"Merge branch \u0027add-gradle-support\u0027 of https://github.com/gaoze24/ip into A-Gradle","messageBody":"","fileTypesAndContributionMap":{}},{"hash":"f7e335fc889aca3eaf26dd85d6b9950ea8fb765d","isMergeCommit":true,"messageTitle":"Merge \"A-Gradle\"","messageBody":"","tags":["A-Gradle"],"fileTypesAndContributionMap":{}}]},{"date":"2026-01-26T00:00:00","commitResults":[{"hash":"e6a54f5b4e096564b0dbfc6fe8a391b8198fb313","isMergeCommit":false,"messageTitle":"Junit Test Add test class for each class in the project.","messageBody":"","fileTypesAndContributionMap":{"java":{"insertions":47,"deletions":18}}},{"hash":"888c47d68172014ab20ef8a6e4cf7196d7fc8db0","isMergeCommit":false,"messageTitle":"Junit Test, ParserTest, CommandTest Add test methods for Parser class and Command class.","messageBody":"","fileTypesAndContributionMap":{"java":{"insertions":152,"deletions":13}}},{"hash":"299d30acc131418854ceb4bafedba126d56eba7e","isMergeCommit":false,"messageTitle":"Junit Test Add test methods for Chatbot, Deadlines, Events, TaskFile, Task, Task, ToDos class.","messageBody":"","fileTypesAndContributionMap":{"java":{"insertions":380,"deletions":0}}},{"hash":"3ce1c81154f836ca098875a14a862018bea57ac9","isMergeCommit":false,"messageTitle":"A-JUnit Add JUnit tests to test the behavior of the code.","messageBody":"","fileTypesAndContributionMap":{"java":{"insertions":0,"deletions":1}}},{"hash":"1559e46387fde41312db59e81b988fd7335a36f0","isMergeCommit":true,"messageTitle":"Merge branch \"A-JUnit\"","messageBody":"","tags":["A-JUnit"],"fileTypesAndContributionMap":{}},{"hash":"a6d2d66bdf09fcc86bc9dcd7f67a082b90e68221","isMergeCommit":false,"messageTitle":"A-Jar A small change in UI.","messageBody":"","fileTypesAndContributionMap":{"java":{"insertions":1,"deletions":1}}},{"hash":"e387af45ca79834ad16460be523de8e5a0fabb0b","isMergeCommit":true,"messageTitle":"Merge branch \"A-Jar\"","messageBody":"","tags":["A-Jar"],"fileTypesAndContributionMap":{}}]},{"date":"2026-01-27T00:00:00","commitResults":[{"hash":"1b3238584d711d3c0a96f39830d67b5e48325b64","isMergeCommit":false,"messageTitle":"A-JavaDoc Add JavaDoc comments for all classes and methods.","messageBody":"","fileTypesAndContributionMap":{"java":{"insertions":174,"deletions":30}}},{"hash":"350344ba8c3652b9a9b0330177189ced627094ed","isMergeCommit":false,"messageTitle":"A-CodingStandard Restructures the project to comply with coding standard.","messageBody":"","fileTypesAndContributionMap":{"java":{"insertions":30,"deletions":28}}},{"hash":"a4df789c43c1e9a164eb3fd9ae0633a4d6b58fe3","isMergeCommit":false,"messageTitle":"Level-9 Add find word function, allows the user to search for tasks based on a keyword.","messageBody":"","fileTypesAndContributionMap":{"java":{"insertions":33,"deletions":1}}},{"hash":"ebea0d291d4ea84676fdf5c45ea358fb4b09e476","isMergeCommit":true,"messageTitle":"Merge branch \"A-JavaDoc\"","messageBody":"","tags":["A-JavaDoc"],"fileTypesAndContributionMap":{}},{"hash":"c20d1a3d96b18212c214bfb66ee12a88df373f97","isMergeCommit":true,"messageTitle":"Merge branch \"A-CodingStandard\"","messageBody":"# Conflicts:\n#\tsrc/main/java/yoyo/command/Parser.java\n#\tsrc/main/java/yoyo/task/Tasks.java\n","tags":["A-CodingStandard"],"fileTypesAndContributionMap":{}},{"hash":"3a18b3e4dd6bd3d364076a98165a75a41fb8bd55","isMergeCommit":true,"messageTitle":"Merge branch \"Level-9\"","messageBody":"# Conflicts:\n#\tsrc/main/java/yoyo/command/Parser.java\n#\tsrc/main/java/yoyo/task/Tasks.java\n","tags":["Level-9"],"fileTypesAndContributionMap":{}}]},{"date":"2026-01-31T00:00:00","commitResults":[{"hash":"2cc49354762a8975dc458da3f492d273309590c5","isMergeCommit":false,"messageTitle":"Fix CheckStyle violations and configure CheckStyle","messageBody":"- Add CheckStyle plugin to build.gradle\n- Add CheckStyle configuration and suppression files\n- Fix various linting issues:\n    - Standardize import ordering\n    - Correct naming conventions (e.g., camelCase for methods)\n    - Remove redundant spacing and formatting inconsistencies\n    - Refactor magic strings into constants (e.g., HORIZONTAL_LINE)\n","fileTypesAndContributionMap":{"gradle":{"insertions":5,"deletions":0},"java":{"insertions":29,"deletions":32}}},{"hash":"40e20c63fdaac0746084cfdcf2982661d763748e","isMergeCommit":true,"messageTitle":"Merge \"branch-A-CheckStyle\"","messageBody":"","tags":["A-CheckStyle"],"fileTypesAndContributionMap":{}}]},{"date":"2026-02-03T00:00:00","commitResults":[{"hash":"cf6136c283ebd736754a581768dc18cff222cde6","isMergeCommit":false,"messageTitle":"GUI setup","messageBody":"Add support to GUI interface.\n","fileTypesAndContributionMap":{"gradle":{"insertions":3,"deletions":2},"java":{"insertions":31,"deletions":0}}},{"hash":"28d1234062c629436da3281414e76378ea4119f0","isMergeCommit":false,"messageTitle":"Level-10 GUI","messageBody":"Implement JavaFX GUI with FXML styling and responsive layout\n\nCompleted the transition from a text-based interface to a modern\ngraphical user interface. Key improvements include:\n\n- Core Logic Refactoring: Modified Tasks and Command classes to return\n  response strings, enabling the GUI to capture and display output.\n- FXML Integration: Migrated layout definitions to FXML files\n  (MainWindow.fxml, DialogBox.fxml) and implemented dedicated\n  controllers for better separation of concerns.\n- Visual Design: Applied a modern light theme inspired by Gemini using\n  CSS, featuring rounded chat bubbles, custom scrollbars, and a\n  responsive AnchorPane layout.\n- UX \u0026 Stability:\n    - Added minimum window dimensions (400x600).\n    - Implemented auto-resizing with `fitToWidth` to ensure content\n      remains stable and fills the window correctly.\n    - Added an initial welcome message from Yoyo.\n- Test Suite Update: Refactored existing tests to align with the new\n  string-return logic, ensuring all 43 tests pass.\n","fileTypesAndContributionMap":{"java":{"insertions":70,"deletions":40}}},{"hash":"3959299175eade4d81902fb162b41facaf7162b7","isMergeCommit":true,"messageTitle":"Merge \"branch-Level-10\"","messageBody":"","fileTypesAndContributionMap":{}},{"hash":"040d1994c862ec5bdfd710e3761c186036db12ac","isMergeCommit":false,"messageTitle":"GUI","messageBody":"Add missing FXML, CSS, and image resources for GUI\n\nIncludes the layout and styling files required for the JavaFX\ninterface that were omitted in the previous commit:\n\n- Add MainWindow.fxml and DialogBox.fxml for UI layout.\n- Add main.css for Gemini-inspired light theme styling.\n- Add user and chatbot avatar images to resources.\n","tags":["Level-10"],"fileTypesAndContributionMap":{"fxml":{"insertions":43,"deletions":0},"java":{"insertions":119,"deletions":0}}},{"hash":"2c25fdd2a0b4587de684e503c44bf743186bd17a","isMergeCommit":false,"messageTitle":"Add Javadoc","messageBody":"Add Javadoc for DialogBox.java and MainWindow.java\n","fileTypesAndContributionMap":{"java":{"insertions":17,"deletions":2}}}]}]},"authorFileTypeContributionMap":{"gaoze24":{"java":1628,"md":4,"fxml":43,"sh":1,"bat":1,"gradle":8,"txt":5}},"authorContributionVariance":{"gaoze24":42421.54},"authorDisplayNameMap":{"gaoze24":"CS2103T-W13-4 GAO ..O ZE"}}
