{"authorDailyContributionsMap":{"Whimsyturtle":[{"date":"2026-01-17T00:00:00","commitResults":[{"hash":"9d96b28da883504ea1150e801e66776920831c67","isMergeCommit":false,"messageTitle":"Rename Duke to Turtle, because I like turtles","messageBody":"","fileTypesAndContributionMap":{"java":{"insertions":1,"deletions":1}}},{"hash":"59ae71f370b85ed8e3dfd4e6872309fbfd18150f","isMergeCommit":false,"messageTitle":"Add greet and exit messages","messageBody":"","tags":["Level-0"],"fileTypesAndContributionMap":{"java":{"insertions":10,"deletions":6}}},{"hash":"258c38bd5961a6a229884700797f8b12b9170365","isMergeCommit":false,"messageTitle":"Add command Echo","messageBody":"","tags":["Level-1"],"fileTypesAndContributionMap":{"java":{"insertions":14,"deletions":0}}},{"hash":"9b77c4f24e2d3a8fc7c8c6aa958b637b83ac2938","isMergeCommit":false,"messageTitle":"Add \u0027Add\u0027 \u0026 \u0027List\u0027 features test description","messageBody":"","tags":["Level-2","A-Collections"],"fileTypesAndContributionMap":{"java":{"insertions":50,"deletions":1}}},{"hash":"dadd5ec073cd904ae459d95cade8aef90e155f5e","isMergeCommit":false,"messageTitle":"Refactor Turtle Moved some functions into a separate Chatbot class","messageBody":"","fileTypesAndContributionMap":{"java":{"insertions":32,"deletions":22}}},{"hash":"f776a8d64b9c660faae812681006f5d6138e6ce0","isMergeCommit":false,"messageTitle":"Add \u0027mark\u0027 and \u0027unmark\u0027 commands Cascaded logic changes to Task \u0026 TaskList accordingly","messageBody":"","tags":["Level-3","A-Classes"],"fileTypesAndContributionMap":{"java":{"insertions":44,"deletions":4}}},{"hash":"52d17291c02c7323ec4272fe7c2bc397118e983c","isMergeCommit":false,"messageTitle":"Fix \u0027mark\u0027 \u0026 \u0027unmark\u0027 indexing Bug was caused by idx+1 being used, instead of idx-1","messageBody":"","fileTypesAndContributionMap":{"java":{"insertions":2,"deletions":2}}},{"hash":"dea9c249eeca9e39320ecb42c00bef42634de47c","isMergeCommit":false,"messageTitle":"Create \u0027deadline\u0027, \u0027event\u0027, \u0027todo\u0027 Task subclasses - Refactored Task-related classes to be under a new package - Re-worked userCommand parsing and error handling","messageBody":"","tags":["Level-4","A-Inheritance"],"fileTypesAndContributionMap":{"java":{"insertions":100,"deletions":10}}},{"hash":"605cb602703fe4a4f744127015b97fe860483609","isMergeCommit":false,"messageTitle":"More extensive error handling - Added more comprehensive checks on command validity for all multipart commands","messageBody":"","tags":["Level-5"],"fileTypesAndContributionMap":{"java":{"insertions":72,"deletions":8}}}]},{"date":"2026-01-18T00:00:00","commitResults":[{"hash":"565e3a3cb01cf46ba88205ae697fc27c5960028b","isMergeCommit":false,"messageTitle":"Create and use TurtleException - Added try-catch block for TurtleException in Chatbot - Replaced instances of bot.error() with TurtleException","messageBody":"","tags":["A-Exceptions"],"fileTypesAndContributionMap":{"java":{"insertions":106,"deletions":98}}},{"hash":"81e61f98b719463d903bafdde21bdceddc354094","isMergeCommit":false,"messageTitle":"Add \u0027delete\u0027 command - Modified classes accordingly to support deletion of tasks","messageBody":"","tags":["Level-6"],"fileTypesAndContributionMap":{"java":{"insertions":24,"deletions":1}}}]},{"date":"2026-01-21T00:00:00","commitResults":[{"hash":"c455d0b42d849e28de299075da1b54d938c76b4e","isMergeCommit":false,"messageTitle":"Add test cases - Includes all the test cases and edge cases I could think of","messageBody":"","tags":["A-TextUiTesting"],"fileTypesAndContributionMap":{"txt":{"insertions":43,"deletions":0},"bat":{"insertions":1,"deletions":1},"sh":{"insertions":1,"deletions":1}}}]}]},"authorFileTypeContributionMap":{"Whimsyturtle":{"java":310,"md":0,"fxml":0,"sh":1,"bat":1,"gradle":0,"txt":43}},"authorContributionVariance":{"Whimsyturtle":12714.545},"authorDisplayNameMap":{"Whimsyturtle":"LIM ..NETT"}}
