{"authorDailyContributionsMap":{"phfabs":[{"date":"2026-01-23T00:00:00","commitResults":[{"hash":"1c57a2b18a9e8373b42627f5116c62e39ee36caf","isMergeCommit":false,"messageTitle":"Ignore .class files","messageBody":"","fileTypesAndContributionMap":{"java":{"insertions":0,"deletions":0}}},{"hash":"61c59bf74f78ffbc40c348cfe1920945ad55681d","isMergeCommit":false,"messageTitle":"Rename, Greet, Exit","messageBody":"","tags":["Level-0"],"fileTypesAndContributionMap":{"java":{"insertions":7,"deletions":7}}},{"hash":"962f05f50f3278a77d5495fa10eade59c8ea326f","isMergeCommit":false,"messageTitle":"Echo in African American Style","messageBody":"","tags":["Level-1"],"fileTypesAndContributionMap":{"java":{"insertions":24,"deletions":4}}}]},{"date":"2026-01-28T00:00:00","commitResults":[{"hash":"396bb4acfb0850dc09a116168d6ce3497c0c60dd","isMergeCommit":false,"messageTitle":"Add List feature","messageBody":"","tags":["Level-2"],"fileTypesAndContributionMap":{"java":{"insertions":22,"deletions":4}}},{"hash":"cf8912ce72cfc844feb124b652ff1f003923b65d","isMergeCommit":false,"messageTitle":"Add Task Class with mark and unmark","messageBody":"","tags":["Level-3"],"fileTypesAndContributionMap":{"java":{"insertions":64,"deletions":10}}},{"hash":"f2ca6dfb9b159962247df8a5882164316c875395","isMergeCommit":false,"messageTitle":"Add Different Task Types: Todo, Deadline, Event","messageBody":"","tags":["Level-4"],"fileTypesAndContributionMap":{"java":{"insertions":58,"deletions":1}}}]},{"date":"2026-01-29T00:00:00","commitResults":[{"hash":"0e618c77be81f0d07f3bc4dbedfb1a2fc6558dfc","isMergeCommit":false,"messageTitle":"Add Semi-automated Testing by Using the I/O Redirection Technique","messageBody":"","tags":["A-TextUiTesting"],"fileTypesAndContributionMap":{"txt":{"insertions":10,"deletions":0},"bat":{"insertions":3,"deletions":3}}},{"hash":"7df59cc0ca30501137a0b669a05061a52111a8a6","isMergeCommit":false,"messageTitle":"Add EmptyTaskInputException","messageBody":"","fileTypesAndContributionMap":{"java":{"insertions":63,"deletions":9}}},{"hash":"51cc4243d5fc1cf6948e51919fc3ea3dc381c5ab","isMergeCommit":false,"messageTitle":"Add InvalidTaskNumberException","messageBody":"","tags":["Level-5"],"fileTypesAndContributionMap":{"java":{"insertions":35,"deletions":15}}},{"hash":"fb7d5f5d7960dff8d48bb92645d7d467007635f3","isMergeCommit":false,"messageTitle":"Add delete task funtion","messageBody":"","tags":["Level-6"],"fileTypesAndContributionMap":{"java":{"insertions":24,"deletions":4}}}]}]},"authorFileTypeContributionMap":{"phfabs":{"java":250,"md":0,"fxml":0,"sh":0,"bat":2,"gradle":0,"txt":10}},"authorContributionVariance":{"phfabs":2294.6301},"authorDisplayNameMap":{"phfabs":"CS2103T-W08-3 WANG..IFEI"}}
