{"authorDailyContributionsMap":{"XZHHHHHH":[{"date":"2026-01-23T00:00:00","commitResults":[{"hash":"99932f45419e87a3f5babaf087213a6c20582677","isMergeCommit":false,"messageTitle":"Level-0. Rename, Greet, Exit","messageBody":"","fileTypesAndContributionMap":{"java":{"insertions":15,"deletions":10}}},{"hash":"c0794f1d2a050a8dec0d0d69c9b72af4e4eeb067","isMergeCommit":false,"messageTitle":"Level. Echo","messageBody":"","tags":["Level-1"],"fileTypesAndContributionMap":{"java":{"insertions":20,"deletions":1}}}]}]},"authorFileTypeContributionMap":{"XZHHHHHH":{"java":34,"md":0,"fxml":0,"sh":0,"bat":0,"gradle":0,"txt":0}},"authorContributionVariance":{"XZHHHHHH":131.66222},"authorDisplayNameMap":{"XZHHHHHH":"CS2103T-F10-2 XU Z..IHAO"}}
