{"authorDailyContributionsMap":{"XZHHHHHH":[{"date":"2026-01-26T00:00:00","commitResults":[{"hash":"4a5805504acdde377f2035afb42931561485f3ee","isMergeCommit":false,"messageTitle":"Rename bot, Add greet, Add exit","messageBody":"","tags":["Level-0"],"fileTypesAndContributionMap":{"java":{"insertions":15,"deletions":10}}},{"hash":"3f562c9701f2cf0e15360529180a0906b84cd813","isMergeCommit":false,"messageTitle":"Add echo effect","messageBody":"","tags":["Level-1"],"fileTypesAndContributionMap":{"java":{"insertions":20,"deletions":1}}},{"hash":"1e1b2128c7dca71b36985cc20a801235fa19e629","isMergeCommit":false,"messageTitle":"Fix formatting","messageBody":"","fileTypesAndContributionMap":{"java":{"insertions":3,"deletions":3}}},{"hash":"3c7d54fea9e2cfc5df20fb0154119211e8742c7d","isMergeCommit":false,"messageTitle":"Add task","messageBody":"","fileTypesAndContributionMap":{"java":{"insertions":13,"deletions":0}}},{"hash":"5f822f4a91e78e413c4747d7ca0da4cabaf4c430","isMergeCommit":false,"messageTitle":"Add list storage and display","messageBody":"","tags":["Level-2"],"fileTypesAndContributionMap":{"java":{"insertions":16,"deletions":4}}},{"hash":"13b6dda9d10d320f3222df5bbe12fcab6ff34a6b","isMergeCommit":false,"messageTitle":"Add mark function","messageBody":"","fileTypesAndContributionMap":{"java":{"insertions":19,"deletions":1}}},{"hash":"caada9eac2db5778c5d96e29fad05179f1ecb698","isMergeCommit":false,"messageTitle":"Add mark and unmark display","messageBody":"","tags":["Level-3"],"fileTypesAndContributionMap":{"java":{"insertions":17,"deletions":0}}}]},{"date":"2026-01-27T00:00:00","commitResults":[{"hash":"bc9534ca213c58c07a7c2db74810f2f0bd6877a6","isMergeCommit":false,"messageTitle":"Add Deadline, Event and ToDo","messageBody":"","fileTypesAndContributionMap":{"java":{"insertions":38,"deletions":0}}},{"hash":"78eed97067e354ce732f0bfe895428eb78296e30","isMergeCommit":false,"messageTitle":"Add Deadline, Event and ToDo functions","messageBody":"","tags":["Level-4"],"fileTypesAndContributionMap":{"java":{"insertions":54,"deletions":17}}},{"hash":"124bab9321780aa7f13febd4d0e825a5d7304bcf","isMergeCommit":false,"messageTitle":"Add TextUiTesting","messageBody":"","tags":["A-TextUiTesting"],"fileTypesAndContributionMap":{"txt":{"insertions":8,"deletions":0},"bat":{"insertions":1,"deletions":1}}},{"hash":"58479a01a2fe75289e9078d25c15cb9acc336511","isMergeCommit":false,"messageTitle":"Add Exception to handle errors","messageBody":"","tags":["Level-5"],"fileTypesAndContributionMap":{"java":{"insertions":82,"deletions":64}}}]},{"date":"2026-01-28T00:00:00","commitResults":[{"hash":"f18ac5a85446f38201f80708adc0fff5a84042cb","isMergeCommit":false,"messageTitle":"Add Delete function","messageBody":"","tags":["Level-6"],"fileTypesAndContributionMap":{"java":{"insertions":27,"deletions":22}}}]},{"date":"2026-01-31T00:00:00","commitResults":[{"hash":"0f3bba7f3c62ed7ff58f840ac688009fe37f2d22","isMergeCommit":false,"messageTitle":"Add Storage componenet","messageBody":"","fileTypesAndContributionMap":{"java":{"insertions":98,"deletions":0}}},{"hash":"5ff98b2ed14a10a1887b029fdc64ca634123725f","isMergeCommit":false,"messageTitle":"Refine task components for storage support","messageBody":"","fileTypesAndContributionMap":{"java":{"insertions":114,"deletions":14}}},{"hash":"5967b197b7377d995f294eabe88cf0b9af077474","isMergeCommit":true,"messageTitle":"Merge branch \u0027branch-Level-7\u0027","messageBody":"","fileTypesAndContributionMap":{}},{"hash":"69b0eecde9dbf63567ad3786ea33817662fa5551","isMergeCommit":false,"messageTitle":"Fix formatting","messageBody":"","tags":["Level-7"],"fileTypesAndContributionMap":{"java":{"insertions":1,"deletions":3}}}]}]},"authorFileTypeContributionMap":{"XZHHHHHH":{"java":388,"md":0,"fxml":0,"sh":0,"bat":1,"gradle":0,"txt":8}},"authorContributionVariance":{"XZHHHHHH":5266.302},"authorDisplayNameMap":{"XZHHHHHH":"CS2103T-F10-2 XU Z..IHAO"}}
