{"authorDailyContributionsMap":{"jolenechong":[{"date":"2026-01-17T00:00:00","commitResults":[{"hash":"2f8376bb416ebd618931b4f525fcbfc5f9b29069","isMergeCommit":false,"messageTitle":"Added sayHi and sayBye to the chatbot","messageBody":"","tags":["Level-0"],"fileTypesAndContributionMap":{"java":{"insertions":27,"deletions":10},"bat":{"insertions":1,"deletions":1},"md":{"insertions":3,"deletions":3}}},{"hash":"52575faffd034a7e9ae104d2ae0cff92213b442d","isMergeCommit":false,"messageTitle":"Added Echo to Simon","messageBody":"","fileTypesAndContributionMap":{"java":{"insertions":18,"deletions":1}}},{"hash":"9482221357c13d25e862ced6af35515f4abaa03c","isMergeCommit":false,"messageTitle":"Refactor echo to its own function","messageBody":"","tags":["Level-1"],"fileTypesAndContributionMap":{"java":{"insertions":9,"deletions":5}}},{"hash":"97a0f8862130d995a11b5c069f825c25a9aa0de7","isMergeCommit":false,"messageTitle":"Added list feature","messageBody":"","tags":["Level-2"],"fileTypesAndContributionMap":{"java":{"insertions":28,"deletions":2}}},{"hash":"5caca3ad14e22fe074e6367b8e454f326daa360e","isMergeCommit":false,"messageTitle":"Added Mark As Done feature with Task.java class","messageBody":"","tags":["Level-3"],"fileTypesAndContributionMap":{"java":{"insertions":67,"deletions":5}}},{"hash":"a4fd4264bb15dd2372db17f891b5657766cc93b4","isMergeCommit":false,"messageTitle":"Added Task Subclasses deadline, event and todos","messageBody":"","fileTypesAndContributionMap":{"java":{"insertions":58,"deletions":8}}},{"hash":"4c92d210dd195265eaeca7c06c718ef47d898a54","isMergeCommit":false,"messageTitle":"Added todo, event, deadline features to list","messageBody":"","tags":["Level-4"],"fileTypesAndContributionMap":{"java":{"insertions":66,"deletions":24}}},{"hash":"22fb4f9a574374fe538b1fc86d5f3f1cea061095","isMergeCommit":false,"messageTitle":"Added text ui testing input and expected outputs","messageBody":"","tags":["A-TextUiTesting"],"fileTypesAndContributionMap":{"txt":{"insertions":14,"deletions":0},"sh":{"insertions":1,"deletions":1},"md":{"insertions":12,"deletions":0}}},{"hash":"2444f9a4589edebc09d3d128f76a214c4eac1d3d","isMergeCommit":false,"messageTitle":"Handling errors with input format exception, updated text ui testing","messageBody":"","tags":["Level-5"],"fileTypesAndContributionMap":{"txt":{"insertions":3,"deletions":0},"java":{"insertions":110,"deletions":47}}},{"hash":"2db14bcc65421f94e3f3d10a6326bf3b5d08ed0e","isMergeCommit":false,"messageTitle":"Added utilities class","messageBody":"","fileTypesAndContributionMap":{"java":{"insertions":15,"deletions":8}}},{"hash":"d0b015bfe6cce26ca5867a2c03f4b916160d0870","isMergeCommit":false,"messageTitle":"Added Delete Task feature, updated text ui testing","messageBody":"","tags":["Level-6"],"fileTypesAndContributionMap":{"txt":{"insertions":2,"deletions":0},"java":{"insertions":18,"deletions":0}}},{"hash":"720438e7d8e19b12c9b47b93766bb123df1c1bb1","isMergeCommit":false,"messageTitle":"Added usage of enums to improve readability","messageBody":"","tags":["A-Enums"],"fileTypesAndContributionMap":{"java":{"insertions":39,"deletions":44}}}]},{"date":"2026-01-21T00:00:00","commitResults":[{"hash":"76f3b8fb546f235910a17ac269bcbee63bb1c46d","isMergeCommit":false,"messageTitle":"refactor: add main package, update imports, switch","messageBody":"","fileTypesAndContributionMap":{"java":{"insertions":69,"deletions":43},"sh":{"insertions":1,"deletions":1},"md":{"insertions":15,"deletions":8}}},{"hash":"e05ef561a8dbb71147b6e1225e699e20a4b046e8","isMergeCommit":false,"messageTitle":"feat: add storage.java, read and update data file","messageBody":"","fileTypesAndContributionMap":{"java":{"insertions":165,"deletions":13}}},{"hash":"3032266abfad6cbb9e5d2eab685e951e27539b4e","isMergeCommit":false,"messageTitle":"docs: add javadocs for Storage.java","messageBody":"","fileTypesAndContributionMap":{"java":{"insertions":37,"deletions":2}}},{"hash":"df78b3b8876d6d2ddade4ea331fef05577346243","isMergeCommit":true,"messageTitle":"Merge branch \u0027branch-Level-7\u0027 into master","messageBody":"","tags":["Level-7"],"fileTypesAndContributionMap":{}},{"hash":"e338f9c690cff207e1027b0e62fa6c4ddd0aad1a","isMergeCommit":false,"messageTitle":"feat: add DateParser class","messageBody":"","fileTypesAndContributionMap":{"java":{"insertions":37,"deletions":2}}},{"hash":"266810fff6cbba2f8c572f801aeaf45556ba792f","isMergeCommit":false,"messageTitle":"feat: replace with DateTime, connect to events and deadlines","messageBody":"","fileTypesAndContributionMap":{"java":{"insertions":67,"deletions":17}}},{"hash":"04d12e7cb8493cf7ae2784c74f72d1dd5e5b583b","isMergeCommit":false,"messageTitle":"feat: add on \u003cdate\u003e command","messageBody":"","fileTypesAndContributionMap":{"java":{"insertions":45,"deletions":3}}},{"hash":"826900a27f2be5dae4f9548030d730c2fafafaf2","isMergeCommit":false,"messageTitle":"fix: use cross-platform file paths and update text-ui-test","messageBody":"","fileTypesAndContributionMap":{"txt":{"insertions":4,"deletions":5},"java":{"insertions":12,"deletions":2},"sh":{"insertions":7,"deletions":1}}},{"hash":"0bc29d07aab3650c648986457eb96cb06044063c","isMergeCommit":true,"messageTitle":"Merge branch-Level-8 into master","messageBody":"","tags":["Level-8"],"fileTypesAndContributionMap":{}},{"hash":"61f2ccd9a6ea5897bb523970f01f800af87534ee","isMergeCommit":false,"messageTitle":"refactor: add UI, UIParser, TaskList, and Command classes","messageBody":"","fileTypesAndContributionMap":{"java":{"insertions":379,"deletions":238}}},{"hash":"9d0cd92f6d216bb2c7d9af8a03e12c817b9c2b26","isMergeCommit":true,"messageTitle":"Merge branch \u0027A-MoreOOP\u0027 into master","messageBody":"","tags":["A-Packages","A-MoreOOP"],"fileTypesAndContributionMap":{}}]},{"date":"2026-01-22T00:00:00","commitResults":[{"hash":"ded3587e877b32c80b0caeacee849464d95f0f5b","isMergeCommit":false,"messageTitle":"refactor: remove unused imports in Simon.java","messageBody":"","fileTypesAndContributionMap":{"java":{"insertions":0,"deletions":17}}},{"hash":"b4394a25338cd753092449ff31d24aca281dd651","isMergeCommit":true,"messageTitle":"Merge remote-tracking branch \u0027origin/add-gradle-support\u0027","messageBody":"","tags":["A-Gradle"],"fileTypesAndContributionMap":{}}]},{"date":"2026-01-23T00:00:00","commitResults":[{"hash":"9c04296cf20355b626e41131bd310d9717516133","isMergeCommit":false,"messageTitle":"feat: add JUnit tests for Simon and UI","messageBody":"","tags":["v1.0.0","A-JUnit"],"fileTypesAndContributionMap":{"java":{"insertions":150,"deletions":5},"md":{"insertions":10,"deletions":0}}},{"hash":"253c9c25bfafcaf68fe35d032bbe15db78093ed6","isMergeCommit":false,"messageTitle":"docs: add gitignore, JavaFX and test/README.md","messageBody":"","tags":["A-Jar"],"fileTypesAndContributionMap":{"gradle":{"insertions":21,"deletions":2},"md":{"insertions":15,"deletions":0}}},{"hash":"34208cc772112351a96b6ee08366a7f9e3bdd627","isMergeCommit":false,"messageTitle":"docs: add javadocs to Simon.java","messageBody":"","fileTypesAndContributionMap":{"java":{"insertions":24,"deletions":2}}},{"hash":"e76e93324122526dd471afc9d428bb19528d7d2c","isMergeCommit":false,"messageTitle":"docs: add javadocs to util classes","messageBody":"","fileTypesAndContributionMap":{"java":{"insertions":63,"deletions":11}}},{"hash":"c73fd0b5bfd9ba8c7d67b239e68b8608e1137dda","isMergeCommit":false,"messageTitle":"docs: add javadocs UI package ui.java","messageBody":"","fileTypesAndContributionMap":{"java":{"insertions":27,"deletions":0}}},{"hash":"058a7b44243513612aea89eb4a66694ebf4a5c54","isMergeCommit":false,"messageTitle":"docs: add javadocs tasks","messageBody":"","fileTypesAndContributionMap":{"java":{"insertions":140,"deletions":0}}},{"hash":"897596c8b3b12e99a993353653e2c1264d8911e5","isMergeCommit":false,"messageTitle":"docs: remove unused imports and add docs for storage, tasklist","messageBody":"","fileTypesAndContributionMap":{"java":{"insertions":39,"deletions":6}}},{"hash":"17104e05f0e658c8f0609c147dc8811227bb5915","isMergeCommit":false,"messageTitle":"docs: update text ui test and javadocs commands","messageBody":"","fileTypesAndContributionMap":{"txt":{"insertions":1,"deletions":0},"java":{"insertions":79,"deletions":4}}},{"hash":"6b67f8fc33bf5d0f40fc6655fc9e20bdd75ab825","isMergeCommit":false,"messageTitle":"feat: add next lines and edits for coding standard","messageBody":"","fileTypesAndContributionMap":{"java":{"insertions":16,"deletions":1}}},{"hash":"e2d2bd1894aa1497b2a6e2ba9f129edf8eafba0f","isMergeCommit":false,"messageTitle":"feat: add find command","messageBody":"","fileTypesAndContributionMap":{"txt":{"insertions":1,"deletions":0},"java":{"insertions":49,"deletions":1}}},{"hash":"60fcb93dc64e363ea1070e50f7b84df239fdde11","isMergeCommit":true,"messageTitle":"Merge branch-A-JavaDoc into master","messageBody":"","tags":["A-JavaDoc"],"fileTypesAndContributionMap":{}},{"hash":"8a970ea8bc0bfafdc4a23fdd3f725f046a25876b","isMergeCommit":true,"messageTitle":"Merge branch-A-CodingStandard into master","messageBody":"","tags":["A-CodingStandard"],"fileTypesAndContributionMap":{}},{"hash":"84fbd2bef366e349db5d6d938c3e5d8305866c31","isMergeCommit":true,"messageTitle":"Merge branch-Level-9 into master","messageBody":"","tags":["Level-9"],"fileTypesAndContributionMap":{}}]},{"date":"2026-01-24T00:00:00","commitResults":[{"hash":"8beed383305bfe9b423da11b91c0e7c102ea891c","isMergeCommit":false,"messageTitle":"docs: add project structure to root README","messageBody":"","fileTypesAndContributionMap":{"md":{"insertions":53,"deletions":1}}}]},{"date":"2026-01-28T00:00:00","commitResults":[{"hash":"a2e87e50370a5bef3dd1fc6cd516c30e34f39e88","isMergeCommit":false,"messageTitle":"feat: add javadocs, align with conventions","messageBody":"","fileTypesAndContributionMap":{"java":{"insertions":133,"deletions":83}}}]},{"date":"2026-01-30T00:00:00","commitResults":[{"hash":"6fb230c201c5d03724835976b36d57908bffa7e0","isMergeCommit":false,"messageTitle":"feat: add checkstyle config and resolve issues","messageBody":"","tags":["A-CheckStyle"],"fileTypesAndContributionMap":{"gradle":{"insertions":5,"deletions":0},"java":{"insertions":182,"deletions":164}}},{"hash":"cba42197b829618afb1c4407534cc64f238f53d1","isMergeCommit":true,"messageTitle":"Merge branch \u0027branch-A-CheckStyle\u0027","messageBody":"","fileTypesAndContributionMap":{}},{"hash":"715b09712b2a5a202954cff97f1b48a037ce8bf4","isMergeCommit":false,"messageTitle":"fix: resolve import checkstyle issues","messageBody":"","fileTypesAndContributionMap":{"java":{"insertions":6,"deletions":7}}}]},{"date":"2026-01-31T00:00:00","commitResults":[{"hash":"ed92739df34726a5b7fdd3eb6b397dee135111bf","isMergeCommit":false,"messageTitle":"feat: add GUI for simon","messageBody":"","fileTypesAndContributionMap":{"gradle":{"insertions":2,"deletions":1},"fxml":{"insertions":50,"deletions":0},"java":{"insertions":219,"deletions":0}}},{"hash":"c4295f1f44685a3894a5522818bd0199a45f83b8","isMergeCommit":false,"messageTitle":"feat: add javadocs and clean up methods","messageBody":"","fileTypesAndContributionMap":{"fxml":{"insertions":9,"deletions":7},"java":{"insertions":26,"deletions":16}}},{"hash":"c8daaefc810476b201cbd32beba3084ed77a3da9","isMergeCommit":true,"messageTitle":"Merge branch \u0027branch-Level-10\u0027","messageBody":"","tags":["Level-10"],"fileTypesAndContributionMap":{}},{"hash":"2c7cd7d3bd8b207943502fb9ea577d4570a5901a","isMergeCommit":false,"messageTitle":"feat: refactor css styling and add scrollbar css","messageBody":"","fileTypesAndContributionMap":{"fxml":{"insertions":5,"deletions":5},"java":{"insertions":21,"deletions":13}}},{"hash":"c2f5631de2d93b77b9e347dac406543fffbbeedb","isMergeCommit":false,"messageTitle":"fix: adjust padding on main window ScrollPane","messageBody":"","fileTypesAndContributionMap":{"fxml":{"insertions":1,"deletions":1}}}]},{"date":"2026-02-03T00:00:00","commitResults":[{"hash":"687a53fbc29ac6a95f42c77d216999a8e1c17ee2","isMergeCommit":false,"messageTitle":"fix: encapsulation issues with TaskList and find","messageBody":"","fileTypesAndContributionMap":{"java":{"insertions":30,"deletions":12}}}]},{"date":"2026-02-06T00:00:00","commitResults":[{"hash":"01d49ec226a45b9a6cef28694e3b3d9f975b687d","isMergeCommit":false,"messageTitle":"feat: resolve naming issues, add exit","messageBody":"","tags":["v1.1.0"],"fileTypesAndContributionMap":{"java":{"insertions":96,"deletions":44}}},{"hash":"28e9bac05ba2a40f38bdc1fd1c4c47188a902457","isMergeCommit":false,"messageTitle":"feat: update gradle project version","messageBody":"","fileTypesAndContributionMap":{"gradle":{"insertions":1,"deletions":1}}},{"hash":"8766f748e1c145d180a865caf9593b5e0baf9cb9","isMergeCommit":false,"messageTitle":"feat: add assertions for assumptions made","messageBody":"Several parts of the code rely on implicit assumptions,\nsuch as TaskList and filePath being non-null.\n\nThese assumptions are not enforced, which makes failures harder to\ndiagnose and can allow invalid states to propagate silently.\n\nAdd assertions at important boundaries to explicitly document and\nvalidate these assumptions.\n\nUsing assertions provide many benefits, such as\n* makes the intended invariants clear to readers\n* causes failures to surface early during development, improving\ndebuggability and code robustness\n","tags":["A-FullCommitMessage"],"fileTypesAndContributionMap":{"java":{"insertions":26,"deletions":3}}},{"hash":"6f10b449cee3092a33489440c4acba6598c0e5cb","isMergeCommit":true,"messageTitle":"Merge pull request #1 from jolenechong/branch-A-Assertions","messageBody":"Add Assertions","tags":["A-Assertions"],"fileTypesAndContributionMap":{}},{"hash":"9e49d717f67c54f7bbc282c7e9e6a0c5e77e1f48","isMergeCommit":false,"messageTitle":"refactor: fix code quality issues","messageBody":"","fileTypesAndContributionMap":{"java":{"insertions":92,"deletions":61}}},{"hash":"d733334e9053b51cae1326ea8f5ff098d97b340b","isMergeCommit":true,"messageTitle":"Merge branch \u0027master\u0027 into branch-A-CodeQuality","messageBody":"","fileTypesAndContributionMap":{}},{"hash":"b6b46ea025d5a17e3adf49217fd46f0a44176a10","isMergeCommit":false,"messageTitle":"feat: add IntStream to find","messageBody":"","fileTypesAndContributionMap":{"java":{"insertions":12,"deletions":7}}},{"hash":"04be8b17d26c1dd09f88a02a41b522452ec353b1","isMergeCommit":true,"messageTitle":"Merge branch \u0027master\u0027 into branch-A-Streams","messageBody":"","fileTypesAndContributionMap":{}},{"hash":"30f00577766fc2f8eb2b5fd38976d0c8621cf43f","isMergeCommit":true,"messageTitle":"Merge pull request #3 from jolenechong/branch-A-CodeQuality","messageBody":"Add Code Quality improvements","tags":["A-CodeQuality"],"fileTypesAndContributionMap":{}},{"hash":"4778f2b7490c71a0f570b1bcaf2c75f96f1d95f1","isMergeCommit":true,"messageTitle":"fix: resolve merge conflict in find","messageBody":"","fileTypesAndContributionMap":{}},{"hash":"e27490aba184a99ccde880c0db3c4504287924f6","isMergeCommit":true,"messageTitle":"Merge pull request #2 from jolenechong/branch-A-Streams","messageBody":"Add Streams","tags":["A-Streams"],"fileTypesAndContributionMap":{}},{"hash":"8b0b84a02e7b2532a196cb019b15271c9be48204","isMergeCommit":false,"messageTitle":"feat: add undo command with command history","messageBody":"","fileTypesAndContributionMap":{"java":{"insertions":136,"deletions":5}}},{"hash":"535004fa85961ea2cc21c8e2738772e7df03a6d2","isMergeCommit":false,"messageTitle":"feat: fix code quality issues and add seek history","messageBody":"","fileTypesAndContributionMap":{"java":{"insertions":238,"deletions":103}}},{"hash":"e94fe3dd17036f2e752b76483b32c7fcd121381f","isMergeCommit":true,"messageTitle":"Merge branch \u0027branch-C-Undo\u0027","messageBody":"","tags":["BCD-Extension"],"fileTypesAndContributionMap":{}},{"hash":"b6d2625ecdc0ce50699e338ae1689cbbc38c59af","isMergeCommit":false,"messageTitle":"fix: class issues in test files","messageBody":"","fileTypesAndContributionMap":{"java":{"insertions":4,"deletions":4}}}]},{"date":"2026-02-08T00:00:00","commitResults":[{"hash":"3118974063df9ee359fdc9a4ba73bb65b2534ee6","isMergeCommit":false,"messageTitle":"refactor: IntStream in find command","messageBody":"","fileTypesAndContributionMap":{"java":{"insertions":5,"deletions":12}}}]},{"date":"2026-02-13T00:00:00","commitResults":[{"hash":"f6c45bd3b9654d28bad6d9fec0b6a5d90c778c83","isMergeCommit":false,"messageTitle":"feat: add command chain capabilities","messageBody":"","fileTypesAndContributionMap":{"java":{"insertions":116,"deletions":2}}},{"hash":"67159805e0e3b934f1dd759811d03e3d787c6ba5","isMergeCommit":false,"messageTitle":"fix: resolve checkstyle issues","messageBody":"","fileTypesAndContributionMap":{"java":{"insertions":3,"deletions":5}}},{"hash":"feaa31775e94de136ca16517136c9ba37bb2735d","isMergeCommit":false,"messageTitle":"feat: add masops for mark and delete","messageBody":"","fileTypesAndContributionMap":{"java":{"insertions":270,"deletions":7}}},{"hash":"d9911de4e57d0fed9fff09e03854ba94de7fe134","isMergeCommit":true,"messageTitle":"Merge pull request #4 from jolenechong/branch-C-MassOps","messageBody":"Add command chaining and mass ops","tags":["A-Personality","A-BetterGui"],"fileTypesAndContributionMap":{}},{"hash":"453cb315e09676d156c7e2405324c008f137064f","isMergeCommit":false,"messageTitle":"feat: add AI.md documentation","messageBody":"","tags":["A-AiAssisted"],"fileTypesAndContributionMap":{"md":{"insertions":36,"deletions":0}}},{"hash":"3e6ea79dc3a9f57eb642f33ba47f5007e7e2f3db","isMergeCommit":false,"messageTitle":"feat: add Ui image and fix undo messages","messageBody":"","fileTypesAndContributionMap":{"java":{"insertions":40,"deletions":4}}},{"hash":"154efd66d17d563a25535b260b6a4f0e017af740","isMergeCommit":false,"messageTitle":"docs: add simon user guide","messageBody":"","tags":["A-UserGuide"],"fileTypesAndContributionMap":{"md":{"insertions":150,"deletions":13}}}]}]},"authorFileTypeContributionMap":{"jolenechong":{"java":2437,"md":290,"fxml":52,"sh":8,"bat":1,"gradle":27,"txt":20}},"authorContributionVariance":{"jolenechong":82513.97},"authorDisplayNameMap":{"jolenechong":"CS2103T-W08-2 JOLE.. LIN"}}
