{"authorDailyContributionsMap":{"niikseah":[{"date":"2026-01-23T00:00:00","commitResults":[{"hash":"b1edcb4ad5651598c58deaa9e030178e6199bbca","isMergeCommit":false,"messageTitle":"Added Level 0","messageBody":"","tags":["level-0"],"fileTypesAndContributionMap":{"java":{"insertions":5,"deletions":10}}},{"hash":"073e6d992c992fbefa2c22cf261dc18ac9fbea65","isMergeCommit":false,"messageTitle":"Added Level 1","messageBody":"","tags":["level-1"],"fileTypesAndContributionMap":{"java":{"insertions":14,"deletions":1}}},{"hash":"13e5151adbf740ce6fd461be1749f253564d6200","isMergeCommit":false,"messageTitle":"Added Level 2","messageBody":"","tags":["level-2"],"fileTypesAndContributionMap":{"java":{"insertions":12,"deletions":2}}},{"hash":"61dbc7aa30631a0c1b1000f11af054f4cc70f1f1","isMergeCommit":false,"messageTitle":"Added Level 3","messageBody":"","tags":["level-3"],"fileTypesAndContributionMap":{"java":{"insertions":40,"deletions":4}}},{"hash":"012bb279314e5637754ab1f1438c0c5cd77e87e2","isMergeCommit":false,"messageTitle":"Added Level 4","messageBody":"","tags":["level-4"],"fileTypesAndContributionMap":{"java":{"insertions":56,"deletions":0}}},{"hash":"fecfcc5f9fbc2611de78693e781f6a6660528d56","isMergeCommit":false,"messageTitle":"Added Level 5","messageBody":"","fileTypesAndContributionMap":{"java":{"insertions":70,"deletions":39}}},{"hash":"3e3c69b14b7d174b7db32d8b42688e1ec9bd0f81","isMergeCommit":false,"messageTitle":"Added Level 6","messageBody":"","fileTypesAndContributionMap":{"java":{"insertions":35,"deletions":22}}},{"hash":"b34a1a8e9ea5dedb61d0ed6a96436737350551b9","isMergeCommit":false,"messageTitle":"Added TextUITesting","messageBody":"","fileTypesAndContributionMap":{"sh":{"insertions":1,"deletions":1}}}]},{"date":"2026-01-30T00:00:00","commitResults":[{"hash":"21f432befb67d2eec04558461cd0bc69d938d3dd","isMergeCommit":false,"messageTitle":"Add Level-7","messageBody":"","fileTypesAndContributionMap":{"txt":{"insertions":1,"deletions":0},"java":{"insertions":173,"deletions":79}}},{"hash":"37013be91a42b309701c0892f3a7469cdf4932ec","isMergeCommit":true,"messageTitle":"Merge branch-Level-7 into master","messageBody":"","fileTypesAndContributionMap":{}},{"hash":"30eb512a9091ea5bcc4a5499e2e53f457023ed1b","isMergeCommit":false,"messageTitle":"Add Level-8","messageBody":"","fileTypesAndContributionMap":{"txt":{"insertions":1,"deletions":0},"java":{"insertions":26,"deletions":14}}},{"hash":"119f917143390f859adc5fcf44cc8254214c964a","isMergeCommit":true,"messageTitle":"Merge branch-Level-8 into master","messageBody":"","fileTypesAndContributionMap":{}},{"hash":"2c25951c8f95ad8174baef69359886d7f93279ac","isMergeCommit":false,"messageTitle":"Add A-MoreOOP","messageBody":"","fileTypesAndContributionMap":{"txt":{"insertions":6,"deletions":0},"java":{"insertions":278,"deletions":142}}},{"hash":"9b0fd3862c5e4864ef78d2c6ce5db1179c0e4231","isMergeCommit":false,"messageTitle":"Add A-Packages","messageBody":"","fileTypesAndContributionMap":{"java":{"insertions":0,"deletions":0}}},{"hash":"b4ae5800c2f53547e2e2dc187e57d38ddc44621a","isMergeCommit":true,"messageTitle":"Merge branch \u0027add-gradle-support\u0027","messageBody":"","fileTypesAndContributionMap":{}},{"hash":"2760d98057fc7a28a4a24467bf50858348c3742a","isMergeCommit":false,"messageTitle":"Add A-JUnit","messageBody":"","fileTypesAndContributionMap":{"java":{"insertions":48,"deletions":0}}}]},{"date":"2026-01-31T00:00:00","commitResults":[{"hash":"0bed41f3a2246149f65758dcff9e0008fa35ba3c","isMergeCommit":false,"messageTitle":"Add JavaDoc","messageBody":"","fileTypesAndContributionMap":{"java":{"insertions":288,"deletions":5}}},{"hash":"44960de8fc7b19aa7cc788edf2c6ea023c3470d2","isMergeCommit":true,"messageTitle":"Merge branch-A-JavaDoc into master","messageBody":"","fileTypesAndContributionMap":{}},{"hash":"54c93174b205741b069ea2baf876a1d53f8de602","isMergeCommit":false,"messageTitle":"Add Level 9","messageBody":"","fileTypesAndContributionMap":{"java":{"insertions":30,"deletions":2}}},{"hash":"29dbe59992ae1689c327360636ebe905a995a54d","isMergeCommit":true,"messageTitle":"Merge branch-Level-9 into master","messageBody":"","tags":["Level-9"],"fileTypesAndContributionMap":{}}]},{"date":"2026-02-06T00:00:00","commitResults":[{"hash":"14966e56aa3f58cf4f825c0ae80d212353b31c84","isMergeCommit":false,"messageTitle":"Add Level 10. GUI","messageBody":"","tags":["Level-10"],"fileTypesAndContributionMap":{"gradle":{"insertions":16,"deletions":1},"txt":{"insertions":6,"deletions":0},"fxml":{"insertions":70,"deletions":0},"java":{"insertions":286,"deletions":28}}}]},{"date":"2026-02-08T00:00:00","commitResults":[{"hash":"1ea6a0c277543b33ff86160f950aa5b2066aacb9","isMergeCommit":true,"messageTitle":"Merge branch-Level-10 into master","messageBody":"","fileTypesAndContributionMap":{}}]}]},"authorFileTypeContributionMap":{"niikseah":{"java":1023,"md":0,"fxml":70,"sh":1,"bat":0,"gradle":16,"txt":14}},"authorContributionVariance":{"niikseah":27500.889},"authorDisplayNameMap":{"niikseah":"CS2103-F11-4 NIIK..SEAH"}}
