[{"path":"data/stitch.txt","fileType":"txt","lines":[{"lineNumber":1,"author":{"gitId":"Jasmitha-05"},"content":"T | 1 | read book","lastModifiedDate":"2026-01-24T16:47:40","isFullCredit":false},{"lineNumber":2,"author":{"gitId":"Jasmitha-05"},"content":"D | 0 | return book | 2025-11-25 16:1","lastModifiedDate":"2026-01-24T14:43:40","isFullCredit":false},{"lineNumber":3,"author":{"gitId":"Jasmitha-05"},"content":"E | 0 | project meeting | 2025-12-1 2:0 | 2025-12-3 15:0","lastModifiedDate":"2026-01-24T16:47:40","isFullCredit":false},{"lineNumber":4,"author":{"gitId":"Jasmitha-05"},"content":"D | 1 | return book | 2025-11-25 16:5","lastModifiedDate":"2026-01-24T16:47:40","isFullCredit":false}],"authorContributionMap":{"Jasmitha-05":4}},{"path":"src/main/java/stitch/Deadline.java","fileType":"java","lines":[{"lineNumber":1,"author":{"gitId":"Jasmitha-05"},"content":"package stitch;","lastModifiedDate":"2026-01-24T18:17:11","isFullCredit":false},{"lineNumber":2,"author":{"gitId":"Jasmitha-05"},"content":"import java.time.LocalDateTime;","lastModifiedDate":"2026-01-24T01:34:44","isFullCredit":false},{"lineNumber":3,"author":{"gitId":"Jasmitha-05"},"content":"import java.time.format.DateTimeParseException;","lastModifiedDate":"2026-01-24T14:43:40","isFullCredit":false},{"lineNumber":4,"author":{"gitId":"Jasmitha-05"},"content":"","lastModifiedDate":"2026-01-24T01:34:44","isFullCredit":false},{"lineNumber":5,"author":{"gitId":"Jasmitha-05"},"content":"public class Deadline extends Task {","lastModifiedDate":"2026-01-17T17:26:11","isFullCredit":false},{"lineNumber":6,"author":{"gitId":"Jasmitha-05"},"content":"    protected LocalDateTime by;","lastModifiedDate":"2026-01-24T01:34:44","isFullCredit":false},{"lineNumber":7,"author":{"gitId":"Jasmitha-05"},"content":"","lastModifiedDate":"2026-01-17T17:26:11","isFullCredit":false},{"lineNumber":8,"author":{"gitId":"Jasmitha-05"},"content":"    public Deadline(String description, String by) throws StitchException {","lastModifiedDate":"2026-01-24T14:43:40","isFullCredit":false},{"lineNumber":9,"author":{"gitId":"Jasmitha-05"},"content":"        super(description);","lastModifiedDate":"2026-01-17T17:26:11","isFullCredit":false},{"lineNumber":10,"author":{"gitId":"Jasmitha-05"},"content":"        try {","lastModifiedDate":"2026-01-24T14:43:40","isFullCredit":false},{"lineNumber":11,"author":{"gitId":"Jasmitha-05"},"content":"            this.by \u003d LocalDateTime.parse(by.trim(), INPUT);","lastModifiedDate":"2026-01-24T01:34:44","isFullCredit":false},{"lineNumber":12,"author":{"gitId":"Jasmitha-05"},"content":"        } catch (DateTimeParseException e) {","lastModifiedDate":"2026-01-24T14:43:40","isFullCredit":false},{"lineNumber":13,"author":{"gitId":"Jasmitha-05"},"content":"            throw new StitchException(\"OOPS! Please use the format yyyy-M-d H:m\");","lastModifiedDate":"2026-01-24T14:43:40","isFullCredit":false},{"lineNumber":14,"author":{"gitId":"Jasmitha-05"},"content":"        }","lastModifiedDate":"2026-01-24T14:43:40","isFullCredit":false},{"lineNumber":15,"author":{"gitId":"Jasmitha-05"},"content":"    }","lastModifiedDate":"2026-01-17T17:26:11","isFullCredit":false},{"lineNumber":16,"author":{"gitId":"Jasmitha-05"},"content":"","lastModifiedDate":"2026-01-17T17:26:11","isFullCredit":false},{"lineNumber":17,"author":{"gitId":"Jasmitha-05"},"content":"    @Override","lastModifiedDate":"2026-01-17T17:26:11","isFullCredit":false},{"lineNumber":18,"author":{"gitId":"Jasmitha-05"},"content":"    public String toString() {","lastModifiedDate":"2026-01-17T17:26:11","isFullCredit":false},{"lineNumber":19,"author":{"gitId":"Jasmitha-05"},"content":"        return \"[D]\" + super.toString() + \" (by: \" + by.format(OUTPUT) + \")\";","lastModifiedDate":"2026-01-24T01:34:44","isFullCredit":false},{"lineNumber":20,"author":{"gitId":"Jasmitha-05"},"content":"    }","lastModifiedDate":"2026-01-17T17:26:11","isFullCredit":false},{"lineNumber":21,"author":{"gitId":"Jasmitha-05"},"content":"","lastModifiedDate":"2026-01-17T17:26:11","isFullCredit":false},{"lineNumber":22,"author":{"gitId":"Jasmitha-05"},"content":"}","lastModifiedDate":"2026-01-17T17:26:11","isFullCredit":false}],"authorContributionMap":{"Jasmitha-05":22}},{"path":"src/main/java/stitch/Event.java","fileType":"java","lines":[{"lineNumber":1,"author":{"gitId":"Jasmitha-05"},"content":"package stitch;","lastModifiedDate":"2026-01-24T18:17:11","isFullCredit":false},{"lineNumber":2,"author":{"gitId":"Jasmitha-05"},"content":"import java.time.LocalDateTime;","lastModifiedDate":"2026-01-24T01:34:44","isFullCredit":false},{"lineNumber":3,"author":{"gitId":"Jasmitha-05"},"content":"import java.time.format.DateTimeParseException;","lastModifiedDate":"2026-01-24T14:43:40","isFullCredit":false},{"lineNumber":4,"author":{"gitId":"Jasmitha-05"},"content":"","lastModifiedDate":"2026-01-24T01:34:44","isFullCredit":false},{"lineNumber":5,"author":{"gitId":"Jasmitha-05"},"content":"public class Event extends Task {","lastModifiedDate":"2026-01-17T17:26:11","isFullCredit":false},{"lineNumber":6,"author":{"gitId":"Jasmitha-05"},"content":"    protected LocalDateTime from;","lastModifiedDate":"2026-01-24T01:34:44","isFullCredit":false},{"lineNumber":7,"author":{"gitId":"Jasmitha-05"},"content":"    protected LocalDateTime to;","lastModifiedDate":"2026-01-24T01:34:44","isFullCredit":false},{"lineNumber":8,"author":{"gitId":"Jasmitha-05"},"content":"","lastModifiedDate":"2026-01-17T17:26:11","isFullCredit":false},{"lineNumber":9,"author":{"gitId":"Jasmitha-05"},"content":"    public Event(String description, String from, String to) throws StitchException {","lastModifiedDate":"2026-01-24T14:43:40","isFullCredit":false},{"lineNumber":10,"author":{"gitId":"Jasmitha-05"},"content":"        super(description);","lastModifiedDate":"2026-01-17T17:26:11","isFullCredit":false},{"lineNumber":11,"author":{"gitId":"Jasmitha-05"},"content":"        try {","lastModifiedDate":"2026-01-24T14:43:40","isFullCredit":false},{"lineNumber":12,"author":{"gitId":"Jasmitha-05"},"content":"            this.from \u003d LocalDateTime.parse(from.trim(), INPUT);","lastModifiedDate":"2026-01-24T01:34:44","isFullCredit":false},{"lineNumber":13,"author":{"gitId":"Jasmitha-05"},"content":"            this.to \u003d LocalDateTime.parse(to.trim(), INPUT);","lastModifiedDate":"2026-01-24T01:34:44","isFullCredit":false},{"lineNumber":14,"author":{"gitId":"Jasmitha-05"},"content":"        } catch (DateTimeParseException e) {","lastModifiedDate":"2026-01-24T14:43:40","isFullCredit":false},{"lineNumber":15,"author":{"gitId":"Jasmitha-05"},"content":"            throw new StitchException(\"OOPS! Please use the format yyyy-M-d H:m\");","lastModifiedDate":"2026-01-24T14:43:40","isFullCredit":false},{"lineNumber":16,"author":{"gitId":"Jasmitha-05"},"content":"        }","lastModifiedDate":"2026-01-24T14:43:40","isFullCredit":false},{"lineNumber":17,"author":{"gitId":"Jasmitha-05"},"content":"    }","lastModifiedDate":"2026-01-17T17:26:11","isFullCredit":false},{"lineNumber":18,"author":{"gitId":"Jasmitha-05"},"content":"","lastModifiedDate":"2026-01-17T17:26:11","isFullCredit":false},{"lineNumber":19,"author":{"gitId":"Jasmitha-05"},"content":"    @Override","lastModifiedDate":"2026-01-17T17:26:11","isFullCredit":false},{"lineNumber":20,"author":{"gitId":"Jasmitha-05"},"content":"    public String toString() {","lastModifiedDate":"2026-01-17T17:26:11","isFullCredit":false},{"lineNumber":21,"author":{"gitId":"Jasmitha-05"},"content":"        return \"[E]\" + super.toString() + \" (from: \" + from.format(OUTPUT) + \" to: \" + to.format(OUTPUT) + \")\";","lastModifiedDate":"2026-01-24T01:34:44","isFullCredit":false},{"lineNumber":22,"author":{"gitId":"Jasmitha-05"},"content":"    }","lastModifiedDate":"2026-01-17T17:26:11","isFullCredit":false},{"lineNumber":23,"author":{"gitId":"Jasmitha-05"},"content":"","lastModifiedDate":"2026-01-17T17:26:11","isFullCredit":false},{"lineNumber":24,"author":{"gitId":"Jasmitha-05"},"content":"}","lastModifiedDate":"2026-01-17T17:26:11","isFullCredit":false}],"authorContributionMap":{"Jasmitha-05":24}},{"path":"src/main/java/stitch/Parser.java","fileType":"java","lines":[{"lineNumber":1,"author":{"gitId":"Jasmitha-05"},"content":"package stitch;","lastModifiedDate":"2026-01-24T18:17:11","isFullCredit":false},{"lineNumber":2,"author":{"gitId":"Jasmitha-05"},"content":"public class Parser {","lastModifiedDate":"2026-01-24T17:52:58","isFullCredit":false},{"lineNumber":3,"author":{"gitId":"Jasmitha-05"},"content":"","lastModifiedDate":"2026-01-24T17:52:58","isFullCredit":false},{"lineNumber":4,"author":{"gitId":"Jasmitha-05"},"content":"    public static String[] parse(String userInput) throws StitchException {","lastModifiedDate":"2026-01-24T17:52:58","isFullCredit":false},{"lineNumber":5,"author":{"gitId":"Jasmitha-05"},"content":"        userInput \u003d userInput.trim();","lastModifiedDate":"2026-01-24T17:52:58","isFullCredit":false},{"lineNumber":6,"author":{"gitId":"Jasmitha-05"},"content":"","lastModifiedDate":"2026-01-24T17:52:58","isFullCredit":false},{"lineNumber":7,"author":{"gitId":"Jasmitha-05"},"content":"        if (userInput.equalsIgnoreCase(\"list\")) {","lastModifiedDate":"2026-01-24T17:52:58","isFullCredit":false},{"lineNumber":8,"author":{"gitId":"Jasmitha-05"},"content":"            return new String[] {\"list\"};","lastModifiedDate":"2026-01-24T17:52:58","isFullCredit":false},{"lineNumber":9,"author":{"gitId":"Jasmitha-05"},"content":"        }","lastModifiedDate":"2026-01-24T17:52:58","isFullCredit":false},{"lineNumber":10,"author":{"gitId":"Jasmitha-05"},"content":"","lastModifiedDate":"2026-01-24T17:52:58","isFullCredit":false},{"lineNumber":11,"author":{"gitId":"Jasmitha-05"},"content":"        else if (userInput.startsWith(\"mark\")) {","lastModifiedDate":"2026-01-24T17:52:58","isFullCredit":false},{"lineNumber":12,"author":{"gitId":"Jasmitha-05"},"content":"            int order;","lastModifiedDate":"2026-01-24T17:52:58","isFullCredit":false},{"lineNumber":13,"author":{"gitId":"Jasmitha-05"},"content":"            try {","lastModifiedDate":"2026-01-24T17:52:58","isFullCredit":false},{"lineNumber":14,"author":{"gitId":"Jasmitha-05"},"content":"                order \u003d Integer.parseInt(userInput.split(\" \")[1]) - 1;","lastModifiedDate":"2026-01-24T17:52:58","isFullCredit":false},{"lineNumber":15,"author":{"gitId":"Jasmitha-05"},"content":"                } catch (NumberFormatException e) {","lastModifiedDate":"2026-01-24T17:52:58","isFullCredit":false},{"lineNumber":16,"author":{"gitId":"Jasmitha-05"},"content":"                    throw new StitchException(\"OOPS! not a valid number. Was it a mistake?\");","lastModifiedDate":"2026-01-24T17:58:11","isFullCredit":false},{"lineNumber":17,"author":{"gitId":"Jasmitha-05"},"content":"                }","lastModifiedDate":"2026-01-24T17:52:58","isFullCredit":false},{"lineNumber":18,"author":{"gitId":"Jasmitha-05"},"content":"            return new String[] {\"mark\", String.valueOf(order)};","lastModifiedDate":"2026-01-24T17:52:58","isFullCredit":false},{"lineNumber":19,"author":{"gitId":"Jasmitha-05"},"content":"        }","lastModifiedDate":"2026-01-24T17:52:58","isFullCredit":false},{"lineNumber":20,"author":{"gitId":"Jasmitha-05"},"content":"","lastModifiedDate":"2026-01-24T17:52:58","isFullCredit":false},{"lineNumber":21,"author":{"gitId":"Jasmitha-05"},"content":"        else if (userInput.startsWith(\"unmark\")) {","lastModifiedDate":"2026-01-24T17:52:58","isFullCredit":false},{"lineNumber":22,"author":{"gitId":"Jasmitha-05"},"content":"            int order;","lastModifiedDate":"2026-01-24T17:52:58","isFullCredit":false},{"lineNumber":23,"author":{"gitId":"Jasmitha-05"},"content":"            try {","lastModifiedDate":"2026-01-24T17:52:58","isFullCredit":false},{"lineNumber":24,"author":{"gitId":"Jasmitha-05"},"content":"                order \u003d Integer.parseInt(userInput.split(\" \")[1]) - 1;","lastModifiedDate":"2026-01-24T17:52:58","isFullCredit":false},{"lineNumber":25,"author":{"gitId":"Jasmitha-05"},"content":"                } catch (NumberFormatException e) {","lastModifiedDate":"2026-01-24T17:52:58","isFullCredit":false},{"lineNumber":26,"author":{"gitId":"Jasmitha-05"},"content":"                    throw new StitchException(\"OOPS! not a valid number. Was it a mistake?\");","lastModifiedDate":"2026-01-24T17:58:11","isFullCredit":false},{"lineNumber":27,"author":{"gitId":"Jasmitha-05"},"content":"                }","lastModifiedDate":"2026-01-24T17:52:58","isFullCredit":false},{"lineNumber":28,"author":{"gitId":"Jasmitha-05"},"content":"            return new String[] {\"unmark\", String.valueOf(order)};","lastModifiedDate":"2026-01-24T17:52:58","isFullCredit":false},{"lineNumber":29,"author":{"gitId":"Jasmitha-05"},"content":"        }","lastModifiedDate":"2026-01-24T17:52:58","isFullCredit":false},{"lineNumber":30,"author":{"gitId":"Jasmitha-05"},"content":"","lastModifiedDate":"2026-01-24T17:52:58","isFullCredit":false},{"lineNumber":31,"author":{"gitId":"Jasmitha-05"},"content":"        else if (userInput.startsWith(\"todo\")) {","lastModifiedDate":"2026-01-24T17:52:58","isFullCredit":false},{"lineNumber":32,"author":{"gitId":"Jasmitha-05"},"content":"            String removeToDOString \u003d userInput.replaceFirst(\"todo\", \"\").trim();","lastModifiedDate":"2026-01-24T17:52:58","isFullCredit":false},{"lineNumber":33,"author":{"gitId":"Jasmitha-05"},"content":"            if (removeToDOString.isEmpty()) {","lastModifiedDate":"2026-01-24T17:52:58","isFullCredit":false},{"lineNumber":34,"author":{"gitId":"Jasmitha-05"},"content":"                throw new StitchException(\"OOPS! did you forget to add the name of the todo task?\");","lastModifiedDate":"2026-01-24T17:52:58","isFullCredit":false},{"lineNumber":35,"author":{"gitId":"Jasmitha-05"},"content":"            }","lastModifiedDate":"2026-01-24T17:52:58","isFullCredit":false},{"lineNumber":36,"author":{"gitId":"Jasmitha-05"},"content":"            return new String[] {\"todo\", removeToDOString};","lastModifiedDate":"2026-01-24T17:52:58","isFullCredit":false},{"lineNumber":37,"author":{"gitId":"Jasmitha-05"},"content":"        }","lastModifiedDate":"2026-01-24T17:52:58","isFullCredit":false},{"lineNumber":38,"author":{"gitId":"Jasmitha-05"},"content":"","lastModifiedDate":"2026-01-24T17:52:58","isFullCredit":false},{"lineNumber":39,"author":{"gitId":"Jasmitha-05"},"content":"        else if (userInput.startsWith(\"deadline\")) {","lastModifiedDate":"2026-01-24T17:52:58","isFullCredit":false},{"lineNumber":40,"author":{"gitId":"Jasmitha-05"},"content":"            String[] removeToDOString \u003d userInput.replaceFirst(\"deadline \", \"\").split(\" /by\");","lastModifiedDate":"2026-01-24T17:52:58","isFullCredit":false},{"lineNumber":41,"author":{"gitId":"Jasmitha-05"},"content":"            if (removeToDOString.length \u003c 2 || removeToDOString[0].trim().isEmpty() || removeToDOString[1].trim().isEmpty()) {","lastModifiedDate":"2026-01-24T17:52:58","isFullCredit":false},{"lineNumber":42,"author":{"gitId":"Jasmitha-05"},"content":"                throw new StitchException(\"OOPS! did you forget to add the name/date/time of the deadline task?\");","lastModifiedDate":"2026-01-24T17:52:58","isFullCredit":false},{"lineNumber":43,"author":{"gitId":"Jasmitha-05"},"content":"            }","lastModifiedDate":"2026-01-24T17:52:58","isFullCredit":false},{"lineNumber":44,"author":{"gitId":"Jasmitha-05"},"content":"            return new String[] {\"deadline\", removeToDOString[0].trim(), removeToDOString[1].trim()};","lastModifiedDate":"2026-01-24T17:52:58","isFullCredit":false},{"lineNumber":45,"author":{"gitId":"Jasmitha-05"},"content":"        }","lastModifiedDate":"2026-01-24T17:52:58","isFullCredit":false},{"lineNumber":46,"author":{"gitId":"Jasmitha-05"},"content":"","lastModifiedDate":"2026-01-24T17:52:58","isFullCredit":false},{"lineNumber":47,"author":{"gitId":"Jasmitha-05"},"content":"        else if (userInput.startsWith(\"event\")) {","lastModifiedDate":"2026-01-24T17:52:58","isFullCredit":false},{"lineNumber":48,"author":{"gitId":"Jasmitha-05"},"content":"            String[] removeToDOString \u003d userInput.replaceFirst(\"event \", \"\").split(\" /from| /to\");","lastModifiedDate":"2026-01-24T17:52:58","isFullCredit":false},{"lineNumber":49,"author":{"gitId":"Jasmitha-05"},"content":"            if (removeToDOString.length \u003c 3 || removeToDOString[0].trim().isEmpty() || removeToDOString[1].trim().isEmpty() || removeToDOString[2].trim().isEmpty()) {","lastModifiedDate":"2026-01-24T17:52:58","isFullCredit":false},{"lineNumber":50,"author":{"gitId":"Jasmitha-05"},"content":"                throw new StitchException(\"OOPS! did you forget to add the name/date/timing of the event task?\");","lastModifiedDate":"2026-01-24T17:52:58","isFullCredit":false},{"lineNumber":51,"author":{"gitId":"Jasmitha-05"},"content":"            }","lastModifiedDate":"2026-01-24T17:52:58","isFullCredit":false},{"lineNumber":52,"author":{"gitId":"Jasmitha-05"},"content":"            return new String[] {\"event\", removeToDOString[0].trim(), removeToDOString[1].trim(), removeToDOString[2].trim()};","lastModifiedDate":"2026-01-24T17:52:58","isFullCredit":false},{"lineNumber":53,"author":{"gitId":"Jasmitha-05"},"content":"        }","lastModifiedDate":"2026-01-24T17:52:58","isFullCredit":false},{"lineNumber":54,"author":{"gitId":"Jasmitha-05"},"content":"","lastModifiedDate":"2026-01-24T17:52:58","isFullCredit":false},{"lineNumber":55,"author":{"gitId":"Jasmitha-05"},"content":"        else if (userInput.startsWith(\"delete\")) {","lastModifiedDate":"2026-01-24T17:52:58","isFullCredit":false},{"lineNumber":56,"author":{"gitId":"Jasmitha-05"},"content":"            int order;","lastModifiedDate":"2026-01-24T17:52:58","isFullCredit":false},{"lineNumber":57,"author":{"gitId":"Jasmitha-05"},"content":"            try {","lastModifiedDate":"2026-01-24T17:52:58","isFullCredit":false},{"lineNumber":58,"author":{"gitId":"Jasmitha-05"},"content":"                order \u003d Integer.parseInt(userInput.split(\" \")[1]) - 1;","lastModifiedDate":"2026-01-24T17:52:58","isFullCredit":false},{"lineNumber":59,"author":{"gitId":"Jasmitha-05"},"content":"                } catch (NumberFormatException e) {","lastModifiedDate":"2026-01-24T17:52:58","isFullCredit":false},{"lineNumber":60,"author":{"gitId":"Jasmitha-05"},"content":"                    throw new StitchException(\"OOPS! not a valid number. Maybe it\u0027s a mistake?\");","lastModifiedDate":"2026-01-24T17:52:58","isFullCredit":false},{"lineNumber":61,"author":{"gitId":"Jasmitha-05"},"content":"                }","lastModifiedDate":"2026-01-24T17:52:58","isFullCredit":false},{"lineNumber":62,"author":{"gitId":"Jasmitha-05"},"content":"            return new String[] {\"delete\", String.valueOf(order)};","lastModifiedDate":"2026-01-24T17:52:58","isFullCredit":false},{"lineNumber":63,"author":{"gitId":"Jasmitha-05"},"content":"        }","lastModifiedDate":"2026-01-24T17:52:58","isFullCredit":false},{"lineNumber":64,"author":{"gitId":"Jasmitha-05"},"content":"","lastModifiedDate":"2026-01-24T17:52:58","isFullCredit":false},{"lineNumber":65,"author":{"gitId":"Jasmitha-05"},"content":"        else if (userInput.startsWith(\"search\")) {","lastModifiedDate":"2026-01-24T17:52:58","isFullCredit":false},{"lineNumber":66,"author":{"gitId":"Jasmitha-05"},"content":"            String removeToDOString \u003d userInput.replaceFirst(\"search\", \"\").trim();","lastModifiedDate":"2026-01-24T17:52:58","isFullCredit":false},{"lineNumber":67,"author":{"gitId":"Jasmitha-05"},"content":"            if (removeToDOString.isEmpty()) {","lastModifiedDate":"2026-01-24T17:52:58","isFullCredit":false},{"lineNumber":68,"author":{"gitId":"Jasmitha-05"},"content":"                throw new StitchException(\"OOPS! did you forget to add the search date?\");","lastModifiedDate":"2026-01-24T17:52:58","isFullCredit":false},{"lineNumber":69,"author":{"gitId":"Jasmitha-05"},"content":"            }","lastModifiedDate":"2026-01-24T17:52:58","isFullCredit":false},{"lineNumber":70,"author":{"gitId":"Jasmitha-05"},"content":"            return new String[] {\"search\", removeToDOString};","lastModifiedDate":"2026-01-24T17:52:58","isFullCredit":false},{"lineNumber":71,"author":{"gitId":"Jasmitha-05"},"content":"        }","lastModifiedDate":"2026-01-24T17:52:58","isFullCredit":false},{"lineNumber":72,"author":{"gitId":"Jasmitha-05"},"content":"","lastModifiedDate":"2026-01-24T17:52:58","isFullCredit":false},{"lineNumber":73,"author":{"gitId":"Jasmitha-05"},"content":"        else if (userInput.equalsIgnoreCase(\"bye\")) {","lastModifiedDate":"2026-01-24T17:52:58","isFullCredit":false},{"lineNumber":74,"author":{"gitId":"Jasmitha-05"},"content":"            return new String[] {\"bye\"};","lastModifiedDate":"2026-01-24T17:52:58","isFullCredit":false},{"lineNumber":75,"author":{"gitId":"Jasmitha-05"},"content":"        }","lastModifiedDate":"2026-01-24T17:52:58","isFullCredit":false},{"lineNumber":76,"author":{"gitId":"Jasmitha-05"},"content":"        ","lastModifiedDate":"2026-01-24T17:52:58","isFullCredit":false},{"lineNumber":77,"author":{"gitId":"Jasmitha-05"},"content":"        else {","lastModifiedDate":"2026-01-24T17:52:58","isFullCredit":false},{"lineNumber":78,"author":{"gitId":"Jasmitha-05"},"content":"            throw new StitchException(\"I\u0027m sorry, I don\u0027t understand.\");","lastModifiedDate":"2026-01-24T17:52:58","isFullCredit":false},{"lineNumber":79,"author":{"gitId":"Jasmitha-05"},"content":"        }","lastModifiedDate":"2026-01-24T17:52:58","isFullCredit":false},{"lineNumber":80,"author":{"gitId":"Jasmitha-05"},"content":"    }","lastModifiedDate":"2026-01-24T17:52:58","isFullCredit":false},{"lineNumber":81,"author":{"gitId":"Jasmitha-05"},"content":"}","lastModifiedDate":"2026-01-24T17:52:58","isFullCredit":false}],"authorContributionMap":{"Jasmitha-05":81}},{"path":"src/main/java/stitch/Stitch.java","fileType":"java","lines":[{"lineNumber":1,"author":{"gitId":"Jasmitha-05"},"content":"package stitch;","lastModifiedDate":"2026-01-24T18:17:11","isFullCredit":false},{"lineNumber":2,"author":{"gitId":"Jasmitha-05"},"content":"import java.util.Scanner;","lastModifiedDate":"2026-01-16T21:13:44","isFullCredit":false},{"lineNumber":3,"author":{"gitId":"Jasmitha-05"},"content":"","lastModifiedDate":"2026-01-16T21:13:44","isFullCredit":false},{"lineNumber":4,"author":{"gitId":"Jasmitha-05"},"content":"public class Stitch {","lastModifiedDate":"2026-01-16T20:42:26","isFullCredit":false},{"lineNumber":5,"author":{"gitId":"Jasmitha-05"},"content":"    public static void main(String[] args) {","lastModifiedDate":"2026-01-16T20:42:26","isFullCredit":false},{"lineNumber":6,"author":{"gitId":"Jasmitha-05"},"content":"        String chatBotName \u003d \"Stitch\";","lastModifiedDate":"2026-01-16T21:13:44","isFullCredit":false},{"lineNumber":7,"author":{"gitId":"Jasmitha-05"},"content":"        Scanner scanner \u003d new Scanner(System.in);","lastModifiedDate":"2026-01-16T21:13:44","isFullCredit":false},{"lineNumber":8,"author":{"gitId":"Jasmitha-05"},"content":"        Storage storage \u003d new Storage();","lastModifiedDate":"2026-01-23T23:26:15","isFullCredit":false},{"lineNumber":9,"author":{"gitId":"Jasmitha-05"},"content":"        Ui ui \u003d new Ui();","lastModifiedDate":"2026-01-24T15:44:50","isFullCredit":false},{"lineNumber":10,"author":{"gitId":"Jasmitha-05"},"content":"        TaskList taskList \u003d new TaskList(ui, storage);","lastModifiedDate":"2026-01-24T16:47:40","isFullCredit":false},{"lineNumber":11,"author":{"gitId":"Jasmitha-05"},"content":"","lastModifiedDate":"2026-01-24T16:47:40","isFullCredit":false},{"lineNumber":12,"author":{"gitId":"Jasmitha-05"},"content":"        ui.showGreet(chatBotName);","lastModifiedDate":"2026-01-24T15:44:50","isFullCredit":false},{"lineNumber":13,"author":{"gitId":"Jasmitha-05"},"content":"","lastModifiedDate":"2026-01-16T20:42:26","isFullCredit":false},{"lineNumber":14,"author":{"gitId":"Jasmitha-05"},"content":"        while(true) {","lastModifiedDate":"2026-01-16T21:13:44","isFullCredit":false},{"lineNumber":15,"author":{"gitId":"Jasmitha-05"},"content":"","lastModifiedDate":"2026-01-17T21:07:03","isFullCredit":false},{"lineNumber":16,"author":{"gitId":"Jasmitha-05"},"content":"            String userInput \u003d scanner.nextLine().trim();","lastModifiedDate":"2026-01-24T17:52:58","isFullCredit":false},{"lineNumber":17,"author":{"gitId":"Jasmitha-05"},"content":"            try {","lastModifiedDate":"2026-01-17T21:07:03","isFullCredit":false},{"lineNumber":18,"author":{"gitId":"Jasmitha-05"},"content":"                String[] parsedInput \u003d Parser.parse(userInput);","lastModifiedDate":"2026-01-24T17:52:58","isFullCredit":false},{"lineNumber":19,"author":{"gitId":"Jasmitha-05"},"content":"                switch (parsedInput[0]) {","lastModifiedDate":"2026-01-24T17:52:58","isFullCredit":false},{"lineNumber":20,"author":{"gitId":"Jasmitha-05"},"content":"                    case \"list\" -\u003e taskList.DisplayAllTasks();","lastModifiedDate":"2026-01-24T17:52:58","isFullCredit":false},{"lineNumber":21,"author":{"gitId":"Jasmitha-05"},"content":"                    case \"mark\" -\u003e taskList.MarkTask(Integer.parseInt(parsedInput[1]));","lastModifiedDate":"2026-01-24T17:52:58","isFullCredit":false},{"lineNumber":22,"author":{"gitId":"Jasmitha-05"},"content":"                    case \"unmark\" -\u003e taskList.UnmarkTask(Integer.parseInt(parsedInput[1]));","lastModifiedDate":"2026-01-24T17:52:58","isFullCredit":false},{"lineNumber":23,"author":{"gitId":"Jasmitha-05"},"content":"                    case \"todo\" -\u003e taskList.ToDoTask(parsedInput[1]);","lastModifiedDate":"2026-01-24T17:52:58","isFullCredit":false},{"lineNumber":24,"author":{"gitId":"Jasmitha-05"},"content":"                    case \"deadline\" -\u003e taskList.DeadlineTask(parsedInput[1], parsedInput[2]);","lastModifiedDate":"2026-01-24T17:52:58","isFullCredit":false},{"lineNumber":25,"author":{"gitId":"Jasmitha-05"},"content":"                    case \"event\" -\u003e taskList.EventTask(parsedInput[1], parsedInput[2], parsedInput[3]);","lastModifiedDate":"2026-01-24T17:52:58","isFullCredit":false},{"lineNumber":26,"author":{"gitId":"Jasmitha-05"},"content":"                    case \"delete\" -\u003e taskList.DeleteTask(Integer.parseInt(parsedInput[1]));","lastModifiedDate":"2026-01-24T17:52:58","isFullCredit":false},{"lineNumber":27,"author":{"gitId":"Jasmitha-05"},"content":"                    case \"search\" -\u003e taskList.SameDateTask(parsedInput[1]);","lastModifiedDate":"2026-01-24T17:52:58","isFullCredit":false},{"lineNumber":28,"author":{"gitId":"Jasmitha-05"},"content":"                    case \"bye\" -\u003e {","lastModifiedDate":"2026-01-24T17:52:58","isFullCredit":false},{"lineNumber":29,"author":{"gitId":"Jasmitha-05"},"content":"                        ui.showBye();","lastModifiedDate":"2026-01-24T17:52:58","isFullCredit":false},{"lineNumber":30,"author":{"gitId":"Jasmitha-05"},"content":"                        scanner.close();","lastModifiedDate":"2026-01-24T17:52:58","isFullCredit":false},{"lineNumber":31,"author":{"gitId":"Jasmitha-05"},"content":"                        return;","lastModifiedDate":"2026-01-24T17:52:58","isFullCredit":false},{"lineNumber":32,"author":{"gitId":"Jasmitha-05"},"content":"                    }","lastModifiedDate":"2026-01-17T22:33:27","isFullCredit":false},{"lineNumber":33,"author":{"gitId":"Jasmitha-05"},"content":"                    default -\u003e ui.showErrorMessage(\"I\u0027m sorry, I don\u0027t understand.\");","lastModifiedDate":"2026-01-24T17:52:58","isFullCredit":false},{"lineNumber":34,"author":{"gitId":"Jasmitha-05"},"content":"                }","lastModifiedDate":"2026-01-24T14:43:40","isFullCredit":false},{"lineNumber":35,"author":{"gitId":"Jasmitha-05"},"content":"            } catch (StitchException e) {","lastModifiedDate":"2026-01-24T16:47:40","isFullCredit":false},{"lineNumber":36,"author":{"gitId":"Jasmitha-05"},"content":"                ui.showErrorMessage(e.getMessage());","lastModifiedDate":"2026-01-24T16:47:40","isFullCredit":false},{"lineNumber":37,"author":{"gitId":"Jasmitha-05"},"content":"            }","lastModifiedDate":"2026-01-24T14:43:40","isFullCredit":false},{"lineNumber":38,"author":{"gitId":"Jasmitha-05"},"content":"        }","lastModifiedDate":"2026-01-24T14:43:40","isFullCredit":false},{"lineNumber":39,"author":{"gitId":"Jasmitha-05"},"content":"    }","lastModifiedDate":"2026-01-24T14:43:40","isFullCredit":false},{"lineNumber":40,"author":{"gitId":"Jasmitha-05"},"content":"}","lastModifiedDate":"2026-01-16T20:42:26","isFullCredit":false}],"authorContributionMap":{"Jasmitha-05":40}},{"path":"src/main/java/stitch/StitchException.java","fileType":"java","lines":[{"lineNumber":1,"author":{"gitId":"Jasmitha-05"},"content":"package stitch;","lastModifiedDate":"2026-01-24T18:17:11","isFullCredit":false},{"lineNumber":2,"author":{"gitId":"Jasmitha-05"},"content":"","lastModifiedDate":"2026-01-24T18:17:11","isFullCredit":false},{"lineNumber":3,"author":{"gitId":"Jasmitha-05"},"content":"public class StitchException extends Exception {","lastModifiedDate":"2026-01-17T21:07:03","isFullCredit":false},{"lineNumber":4,"author":{"gitId":"Jasmitha-05"},"content":"    public StitchException(String message) {","lastModifiedDate":"2026-01-17T21:07:03","isFullCredit":false},{"lineNumber":5,"author":{"gitId":"Jasmitha-05"},"content":"        super(message);","lastModifiedDate":"2026-01-17T21:07:03","isFullCredit":false},{"lineNumber":6,"author":{"gitId":"Jasmitha-05"},"content":"    }","lastModifiedDate":"2026-01-17T21:07:03","isFullCredit":false},{"lineNumber":7,"author":{"gitId":"Jasmitha-05"},"content":"}","lastModifiedDate":"2026-01-17T21:07:03","isFullCredit":false}],"authorContributionMap":{"Jasmitha-05":7}},{"path":"src/main/java/stitch/Storage.java","fileType":"java","lines":[{"lineNumber":1,"author":{"gitId":"Jasmitha-05"},"content":"package stitch;","lastModifiedDate":"2026-01-24T18:17:11","isFullCredit":false},{"lineNumber":2,"author":{"gitId":"Jasmitha-05"},"content":"import java.io.BufferedReader;","lastModifiedDate":"2026-01-23T23:26:15","isFullCredit":false},{"lineNumber":3,"author":{"gitId":"Jasmitha-05"},"content":"import java.io.BufferedWriter;","lastModifiedDate":"2026-01-23T23:26:15","isFullCredit":false},{"lineNumber":4,"author":{"gitId":"Jasmitha-05"},"content":"import java.io.File;","lastModifiedDate":"2026-01-23T23:26:15","isFullCredit":false},{"lineNumber":5,"author":{"gitId":"Jasmitha-05"},"content":"import java.io.FileReader;","lastModifiedDate":"2026-01-23T23:26:15","isFullCredit":false},{"lineNumber":6,"author":{"gitId":"Jasmitha-05"},"content":"import java.io.FileWriter;","lastModifiedDate":"2026-01-23T23:26:15","isFullCredit":false},{"lineNumber":7,"author":{"gitId":"Jasmitha-05"},"content":"import java.util.ArrayList;","lastModifiedDate":"2026-01-23T23:26:15","isFullCredit":false},{"lineNumber":8,"author":{"gitId":"Jasmitha-05"},"content":"","lastModifiedDate":"2026-01-23T23:26:15","isFullCredit":false},{"lineNumber":9,"author":{"gitId":"Jasmitha-05"},"content":"public class Storage {","lastModifiedDate":"2026-01-23T23:26:15","isFullCredit":false},{"lineNumber":10,"author":{"gitId":"Jasmitha-05"},"content":"    private String path \u003d \"./data/stitch.txt\";","lastModifiedDate":"2026-01-23T23:26:15","isFullCredit":false},{"lineNumber":11,"author":{"gitId":"Jasmitha-05"},"content":"    String text;","lastModifiedDate":"2026-01-23T23:26:15","isFullCredit":false},{"lineNumber":12,"author":{"gitId":"Jasmitha-05"},"content":"","lastModifiedDate":"2026-01-23T23:26:15","isFullCredit":false},{"lineNumber":13,"author":{"gitId":"Jasmitha-05"},"content":"    public ArrayList\u003cTask\u003e load() {","lastModifiedDate":"2026-01-23T23:26:15","isFullCredit":false},{"lineNumber":14,"author":{"gitId":"Jasmitha-05"},"content":"        ArrayList\u003cTask\u003e tasks \u003d new ArrayList\u003cTask\u003e();","lastModifiedDate":"2026-01-23T23:26:15","isFullCredit":false},{"lineNumber":15,"author":{"gitId":"Jasmitha-05"},"content":"","lastModifiedDate":"2026-01-23T23:26:15","isFullCredit":false},{"lineNumber":16,"author":{"gitId":"Jasmitha-05"},"content":"        try {","lastModifiedDate":"2026-01-23T23:26:15","isFullCredit":false},{"lineNumber":17,"author":{"gitId":"Jasmitha-05"},"content":"            File file \u003d new File(path);","lastModifiedDate":"2026-01-23T23:26:15","isFullCredit":false},{"lineNumber":18,"author":{"gitId":"Jasmitha-05"},"content":"            file.getParentFile().mkdirs();","lastModifiedDate":"2026-01-23T23:26:15","isFullCredit":false},{"lineNumber":19,"author":{"gitId":"Jasmitha-05"},"content":"            file.createNewFile();","lastModifiedDate":"2026-01-23T23:26:15","isFullCredit":false},{"lineNumber":20,"author":{"gitId":"Jasmitha-05"},"content":"            BufferedReader read \u003d new BufferedReader(new FileReader(file));","lastModifiedDate":"2026-01-23T23:26:15","isFullCredit":false},{"lineNumber":21,"author":{"gitId":"Jasmitha-05"},"content":"","lastModifiedDate":"2026-01-23T23:26:15","isFullCredit":false},{"lineNumber":22,"author":{"gitId":"Jasmitha-05"},"content":"            while ((text \u003d read.readLine()) !\u003d null) {","lastModifiedDate":"2026-01-23T23:26:15","isFullCredit":false},{"lineNumber":23,"author":{"gitId":"Jasmitha-05"},"content":"                Task task \u003d parse(text);","lastModifiedDate":"2026-01-23T23:26:15","isFullCredit":false},{"lineNumber":24,"author":{"gitId":"Jasmitha-05"},"content":"                tasks.add(task);","lastModifiedDate":"2026-01-23T23:26:15","isFullCredit":false},{"lineNumber":25,"author":{"gitId":"Jasmitha-05"},"content":"            }","lastModifiedDate":"2026-01-23T23:26:15","isFullCredit":false},{"lineNumber":26,"author":{"gitId":"Jasmitha-05"},"content":"","lastModifiedDate":"2026-01-23T23:26:15","isFullCredit":false},{"lineNumber":27,"author":{"gitId":"Jasmitha-05"},"content":"            read.close();","lastModifiedDate":"2026-01-23T23:26:15","isFullCredit":false},{"lineNumber":28,"author":{"gitId":"Jasmitha-05"},"content":"        } catch (Exception e) {","lastModifiedDate":"2026-01-23T23:26:15","isFullCredit":false},{"lineNumber":29,"author":{"gitId":"Jasmitha-05"},"content":"            System.out.println(\"Error in loading file\");","lastModifiedDate":"2026-01-23T23:26:15","isFullCredit":false},{"lineNumber":30,"author":{"gitId":"Jasmitha-05"},"content":"        }","lastModifiedDate":"2026-01-23T23:26:15","isFullCredit":false},{"lineNumber":31,"author":{"gitId":"Jasmitha-05"},"content":"        return tasks;","lastModifiedDate":"2026-01-23T23:26:15","isFullCredit":false},{"lineNumber":32,"author":{"gitId":"Jasmitha-05"},"content":"    }","lastModifiedDate":"2026-01-23T23:26:15","isFullCredit":false},{"lineNumber":33,"author":{"gitId":"Jasmitha-05"},"content":"","lastModifiedDate":"2026-01-23T23:26:15","isFullCredit":false},{"lineNumber":34,"author":{"gitId":"Jasmitha-05"},"content":"    public void save (ArrayList\u003cTask\u003e tasks) {","lastModifiedDate":"2026-01-23T23:26:15","isFullCredit":false},{"lineNumber":35,"author":{"gitId":"Jasmitha-05"},"content":"        try {","lastModifiedDate":"2026-01-23T23:26:15","isFullCredit":false},{"lineNumber":36,"author":{"gitId":"Jasmitha-05"},"content":"            BufferedWriter writer \u003d new BufferedWriter(new FileWriter(path));","lastModifiedDate":"2026-01-23T23:26:15","isFullCredit":false},{"lineNumber":37,"author":{"gitId":"Jasmitha-05"},"content":"","lastModifiedDate":"2026-01-23T23:26:15","isFullCredit":false},{"lineNumber":38,"author":{"gitId":"Jasmitha-05"},"content":"            for (int i \u003d 0; i \u003c tasks.size(); i++) {","lastModifiedDate":"2026-01-23T23:26:15","isFullCredit":false},{"lineNumber":39,"author":{"gitId":"Jasmitha-05"},"content":"                Task task \u003d tasks.get(i);","lastModifiedDate":"2026-01-23T23:26:15","isFullCredit":false},{"lineNumber":40,"author":{"gitId":"Jasmitha-05"},"content":"                writer.write(format(task));","lastModifiedDate":"2026-01-23T23:26:15","isFullCredit":false},{"lineNumber":41,"author":{"gitId":"Jasmitha-05"},"content":"                writer.newLine();","lastModifiedDate":"2026-01-23T23:26:15","isFullCredit":false},{"lineNumber":42,"author":{"gitId":"Jasmitha-05"},"content":"            }","lastModifiedDate":"2026-01-23T23:26:15","isFullCredit":false},{"lineNumber":43,"author":{"gitId":"Jasmitha-05"},"content":"","lastModifiedDate":"2026-01-23T23:26:15","isFullCredit":false},{"lineNumber":44,"author":{"gitId":"Jasmitha-05"},"content":"            writer.close();","lastModifiedDate":"2026-01-23T23:26:15","isFullCredit":false},{"lineNumber":45,"author":{"gitId":"Jasmitha-05"},"content":"        } catch (Exception e) {","lastModifiedDate":"2026-01-23T23:26:15","isFullCredit":false},{"lineNumber":46,"author":{"gitId":"Jasmitha-05"},"content":"            System.out.println(\"Error in saving file\");","lastModifiedDate":"2026-01-23T23:26:15","isFullCredit":false},{"lineNumber":47,"author":{"gitId":"Jasmitha-05"},"content":"        }","lastModifiedDate":"2026-01-23T23:26:15","isFullCredit":false},{"lineNumber":48,"author":{"gitId":"Jasmitha-05"},"content":"    }","lastModifiedDate":"2026-01-23T23:26:15","isFullCredit":false},{"lineNumber":49,"author":{"gitId":"Jasmitha-05"},"content":"","lastModifiedDate":"2026-01-23T23:26:15","isFullCredit":false},{"lineNumber":50,"author":{"gitId":"Jasmitha-05"},"content":"    private Task parse (String text) throws IllegalArgumentException, StitchException {","lastModifiedDate":"2026-01-24T14:43:40","isFullCredit":false},{"lineNumber":51,"author":{"gitId":"Jasmitha-05"},"content":"        String[] split \u003d text.split(\" \\\\| \");","lastModifiedDate":"2026-01-23T23:26:15","isFullCredit":false},{"lineNumber":52,"author":{"gitId":"Jasmitha-05"},"content":"        String symbolString \u003d split[0];","lastModifiedDate":"2026-01-23T23:26:15","isFullCredit":false},{"lineNumber":53,"author":{"gitId":"Jasmitha-05"},"content":"        String isDone \u003d split[1];","lastModifiedDate":"2026-01-23T23:26:15","isFullCredit":false},{"lineNumber":54,"author":{"gitId":"Jasmitha-05"},"content":"        String description \u003d split[2];","lastModifiedDate":"2026-01-23T23:26:15","isFullCredit":false},{"lineNumber":55,"author":{"gitId":"Jasmitha-05"},"content":"","lastModifiedDate":"2026-01-23T23:26:15","isFullCredit":false},{"lineNumber":56,"author":{"gitId":"Jasmitha-05"},"content":"        if (symbolString.equals(\"T\")) {","lastModifiedDate":"2026-01-23T23:26:15","isFullCredit":false},{"lineNumber":57,"author":{"gitId":"Jasmitha-05"},"content":"            Task todo \u003d new ToDo(description);","lastModifiedDate":"2026-01-23T23:26:15","isFullCredit":false},{"lineNumber":58,"author":{"gitId":"Jasmitha-05"},"content":"            if (isDone.equals(\"1\")) {","lastModifiedDate":"2026-01-23T23:26:15","isFullCredit":false},{"lineNumber":59,"author":{"gitId":"Jasmitha-05"},"content":"                todo.markAsDone();","lastModifiedDate":"2026-01-23T23:26:15","isFullCredit":false},{"lineNumber":60,"author":{"gitId":"Jasmitha-05"},"content":"            }","lastModifiedDate":"2026-01-23T23:26:15","isFullCredit":false},{"lineNumber":61,"author":{"gitId":"Jasmitha-05"},"content":"            return todo;","lastModifiedDate":"2026-01-23T23:26:15","isFullCredit":false},{"lineNumber":62,"author":{"gitId":"Jasmitha-05"},"content":"        } else if (symbolString.equals(\"D\")) {","lastModifiedDate":"2026-01-23T23:26:15","isFullCredit":false},{"lineNumber":63,"author":{"gitId":"Jasmitha-05"},"content":"            String by \u003d split[3];","lastModifiedDate":"2026-01-23T23:26:15","isFullCredit":false},{"lineNumber":64,"author":{"gitId":"Jasmitha-05"},"content":"            Task deadline \u003d new Deadline(description, by);","lastModifiedDate":"2026-01-23T23:26:15","isFullCredit":false},{"lineNumber":65,"author":{"gitId":"Jasmitha-05"},"content":"            if (isDone.equals(\"1\")) {","lastModifiedDate":"2026-01-23T23:26:15","isFullCredit":false},{"lineNumber":66,"author":{"gitId":"Jasmitha-05"},"content":"                deadline.markAsDone();","lastModifiedDate":"2026-01-23T23:26:15","isFullCredit":false},{"lineNumber":67,"author":{"gitId":"Jasmitha-05"},"content":"            }","lastModifiedDate":"2026-01-23T23:26:15","isFullCredit":false},{"lineNumber":68,"author":{"gitId":"Jasmitha-05"},"content":"            return deadline;","lastModifiedDate":"2026-01-23T23:26:15","isFullCredit":false},{"lineNumber":69,"author":{"gitId":"Jasmitha-05"},"content":"        } else if (symbolString.equals(\"E\")) {","lastModifiedDate":"2026-01-23T23:26:15","isFullCredit":false},{"lineNumber":70,"author":{"gitId":"Jasmitha-05"},"content":"            String from \u003d split[3];","lastModifiedDate":"2026-01-23T23:26:15","isFullCredit":false},{"lineNumber":71,"author":{"gitId":"Jasmitha-05"},"content":"            String to \u003d split[4];","lastModifiedDate":"2026-01-23T23:26:15","isFullCredit":false},{"lineNumber":72,"author":{"gitId":"Jasmitha-05"},"content":"            Task event \u003d new Event(description, from, to);","lastModifiedDate":"2026-01-23T23:26:15","isFullCredit":false},{"lineNumber":73,"author":{"gitId":"Jasmitha-05"},"content":"            if (isDone.equals(\"1\")) {","lastModifiedDate":"2026-01-23T23:26:15","isFullCredit":false},{"lineNumber":74,"author":{"gitId":"Jasmitha-05"},"content":"                event.markAsDone();","lastModifiedDate":"2026-01-23T23:26:15","isFullCredit":false},{"lineNumber":75,"author":{"gitId":"Jasmitha-05"},"content":"            }","lastModifiedDate":"2026-01-23T23:26:15","isFullCredit":false},{"lineNumber":76,"author":{"gitId":"Jasmitha-05"},"content":"            return event;","lastModifiedDate":"2026-01-23T23:26:15","isFullCredit":false},{"lineNumber":77,"author":{"gitId":"Jasmitha-05"},"content":"        } else {","lastModifiedDate":"2026-01-23T23:26:15","isFullCredit":false},{"lineNumber":78,"author":{"gitId":"Jasmitha-05"},"content":"            throw new IllegalArgumentException(\"Unknown task\");","lastModifiedDate":"2026-01-23T23:26:15","isFullCredit":false},{"lineNumber":79,"author":{"gitId":"Jasmitha-05"},"content":"        }","lastModifiedDate":"2026-01-23T23:26:15","isFullCredit":false},{"lineNumber":80,"author":{"gitId":"Jasmitha-05"},"content":"    }","lastModifiedDate":"2026-01-23T23:26:15","isFullCredit":false},{"lineNumber":81,"author":{"gitId":"Jasmitha-05"},"content":"","lastModifiedDate":"2026-01-23T23:26:15","isFullCredit":false},{"lineNumber":82,"author":{"gitId":"Jasmitha-05"},"content":"    private String format(Task task) throws IllegalArgumentException {","lastModifiedDate":"2026-01-23T23:26:15","isFullCredit":false},{"lineNumber":83,"author":{"gitId":"Jasmitha-05"},"content":"        String isDone \u003d task.isDone ? \"1\" : \"0\";","lastModifiedDate":"2026-01-23T23:26:15","isFullCredit":false},{"lineNumber":84,"author":{"gitId":"Jasmitha-05"},"content":"        if (task instanceof ToDo) {","lastModifiedDate":"2026-01-23T23:26:15","isFullCredit":false},{"lineNumber":85,"author":{"gitId":"Jasmitha-05"},"content":"            return \"T | \" + isDone + \" | \" + task.description;","lastModifiedDate":"2026-01-23T23:26:15","isFullCredit":false},{"lineNumber":86,"author":{"gitId":"Jasmitha-05"},"content":"        } else if (task instanceof Deadline) {","lastModifiedDate":"2026-01-23T23:26:15","isFullCredit":false},{"lineNumber":87,"author":{"gitId":"Jasmitha-05"},"content":"            Deadline deadline \u003d (Deadline) task;","lastModifiedDate":"2026-01-23T23:26:15","isFullCredit":false},{"lineNumber":88,"author":{"gitId":"Jasmitha-05"},"content":"            return \"D | \" + isDone + \" | \" + task.description + \" | \" + deadline.by.format(Task.INPUT);","lastModifiedDate":"2026-01-24T01:34:44","isFullCredit":false},{"lineNumber":89,"author":{"gitId":"Jasmitha-05"},"content":"        } else if (task instanceof Event) {","lastModifiedDate":"2026-01-23T23:26:15","isFullCredit":false},{"lineNumber":90,"author":{"gitId":"Jasmitha-05"},"content":"            Event event \u003d (Event) task;","lastModifiedDate":"2026-01-23T23:26:15","isFullCredit":false},{"lineNumber":91,"author":{"gitId":"Jasmitha-05"},"content":"            return \"E | \" + isDone + \" | \" + task.description + \" | \" + event.from.format(Task.INPUT) + \" | \" + event.to.format(Task.INPUT);","lastModifiedDate":"2026-01-24T01:34:44","isFullCredit":false},{"lineNumber":92,"author":{"gitId":"Jasmitha-05"},"content":"        } else {","lastModifiedDate":"2026-01-23T23:26:15","isFullCredit":false},{"lineNumber":93,"author":{"gitId":"Jasmitha-05"},"content":"            throw new IllegalArgumentException(\"Unknown task\");","lastModifiedDate":"2026-01-23T23:26:15","isFullCredit":false},{"lineNumber":94,"author":{"gitId":"Jasmitha-05"},"content":"        }","lastModifiedDate":"2026-01-23T23:26:15","isFullCredit":false},{"lineNumber":95,"author":{"gitId":"Jasmitha-05"},"content":"    }","lastModifiedDate":"2026-01-23T23:26:15","isFullCredit":false},{"lineNumber":96,"author":{"gitId":"Jasmitha-05"},"content":"}","lastModifiedDate":"2026-01-23T23:26:15","isFullCredit":false}],"authorContributionMap":{"Jasmitha-05":96}},{"path":"src/main/java/stitch/Task.java","fileType":"java","lines":[{"lineNumber":1,"author":{"gitId":"Jasmitha-05"},"content":"package stitch;","lastModifiedDate":"2026-01-24T18:17:11","isFullCredit":false},{"lineNumber":2,"author":{"gitId":"Jasmitha-05"},"content":"import java.time.format.DateTimeFormatter;","lastModifiedDate":"2026-01-24T01:34:44","isFullCredit":false},{"lineNumber":3,"author":{"gitId":"Jasmitha-05"},"content":"","lastModifiedDate":"2026-01-24T01:34:44","isFullCredit":false},{"lineNumber":4,"author":{"gitId":"Jasmitha-05"},"content":"public class Task {","lastModifiedDate":"2026-01-17T16:30:37","isFullCredit":false},{"lineNumber":5,"author":{"gitId":"Jasmitha-05"},"content":"","lastModifiedDate":"2026-01-24T01:34:44","isFullCredit":false},{"lineNumber":6,"author":{"gitId":"Jasmitha-05"},"content":"    protected static final DateTimeFormatter INPUT \u003d DateTimeFormatter.ofPattern(\"yyyy-M-d H:m\");","lastModifiedDate":"2026-01-24T01:34:44","isFullCredit":false},{"lineNumber":7,"author":{"gitId":"Jasmitha-05"},"content":"    protected static final DateTimeFormatter OUTPUT \u003d DateTimeFormatter.ofPattern(\"MMM dd yyyy, HH:mm\");","lastModifiedDate":"2026-01-24T01:34:44","isFullCredit":false},{"lineNumber":8,"author":{"gitId":"Jasmitha-05"},"content":"    protected String description;","lastModifiedDate":"2026-01-17T16:30:37","isFullCredit":false},{"lineNumber":9,"author":{"gitId":"Jasmitha-05"},"content":"    protected boolean isDone;","lastModifiedDate":"2026-01-17T16:30:37","isFullCredit":false},{"lineNumber":10,"author":{"gitId":"Jasmitha-05"},"content":"","lastModifiedDate":"2026-01-17T16:30:37","isFullCredit":false},{"lineNumber":11,"author":{"gitId":"Jasmitha-05"},"content":"    public Task(String description) {","lastModifiedDate":"2026-01-17T16:30:37","isFullCredit":false},{"lineNumber":12,"author":{"gitId":"Jasmitha-05"},"content":"        this.description \u003d description;","lastModifiedDate":"2026-01-17T16:30:37","isFullCredit":false},{"lineNumber":13,"author":{"gitId":"Jasmitha-05"},"content":"        this.isDone \u003d false;","lastModifiedDate":"2026-01-17T16:30:37","isFullCredit":false},{"lineNumber":14,"author":{"gitId":"Jasmitha-05"},"content":"    }","lastModifiedDate":"2026-01-17T16:30:37","isFullCredit":false},{"lineNumber":15,"author":{"gitId":"Jasmitha-05"},"content":"","lastModifiedDate":"2026-01-17T16:30:37","isFullCredit":false},{"lineNumber":16,"author":{"gitId":"Jasmitha-05"},"content":"    public String getStatusIcon() {","lastModifiedDate":"2026-01-17T16:30:37","isFullCredit":false},{"lineNumber":17,"author":{"gitId":"Jasmitha-05"},"content":"        return (isDone ? \"X\" : \" \"); // mark done task with X","lastModifiedDate":"2026-01-17T16:30:37","isFullCredit":false},{"lineNumber":18,"author":{"gitId":"Jasmitha-05"},"content":"    }","lastModifiedDate":"2026-01-17T16:30:37","isFullCredit":false},{"lineNumber":19,"author":{"gitId":"Jasmitha-05"},"content":"","lastModifiedDate":"2026-01-17T16:30:37","isFullCredit":false},{"lineNumber":20,"author":{"gitId":"Jasmitha-05"},"content":"    public void markAsDone() {","lastModifiedDate":"2026-01-17T16:30:37","isFullCredit":false},{"lineNumber":21,"author":{"gitId":"Jasmitha-05"},"content":"        this.isDone \u003d true;","lastModifiedDate":"2026-01-17T16:30:37","isFullCredit":false},{"lineNumber":22,"author":{"gitId":"Jasmitha-05"},"content":"    }","lastModifiedDate":"2026-01-17T16:30:37","isFullCredit":false},{"lineNumber":23,"author":{"gitId":"Jasmitha-05"},"content":"","lastModifiedDate":"2026-01-17T16:30:37","isFullCredit":false},{"lineNumber":24,"author":{"gitId":"Jasmitha-05"},"content":"    public void markAsUnDone() { // undo task","lastModifiedDate":"2026-01-17T16:30:37","isFullCredit":false},{"lineNumber":25,"author":{"gitId":"Jasmitha-05"},"content":"        this.isDone \u003d false;","lastModifiedDate":"2026-01-17T16:30:37","isFullCredit":false},{"lineNumber":26,"author":{"gitId":"Jasmitha-05"},"content":"    }","lastModifiedDate":"2026-01-17T16:30:37","isFullCredit":false},{"lineNumber":27,"author":{"gitId":"Jasmitha-05"},"content":"","lastModifiedDate":"2026-01-17T16:30:37","isFullCredit":false},{"lineNumber":28,"author":{"gitId":"Jasmitha-05"},"content":"    @Override","lastModifiedDate":"2026-01-17T16:30:37","isFullCredit":false},{"lineNumber":29,"author":{"gitId":"Jasmitha-05"},"content":"    public String toString() {","lastModifiedDate":"2026-01-17T16:30:37","isFullCredit":false},{"lineNumber":30,"author":{"gitId":"Jasmitha-05"},"content":"        return \"[\" + getStatusIcon() + \"] \" + description;","lastModifiedDate":"2026-01-17T16:30:37","isFullCredit":false},{"lineNumber":31,"author":{"gitId":"Jasmitha-05"},"content":"    }","lastModifiedDate":"2026-01-17T16:30:37","isFullCredit":false},{"lineNumber":32,"author":{"gitId":"Jasmitha-05"},"content":"}","lastModifiedDate":"2026-01-17T16:30:37","isFullCredit":false}],"authorContributionMap":{"Jasmitha-05":32}},{"path":"src/main/java/stitch/TaskList.java","fileType":"java","lines":[{"lineNumber":1,"author":{"gitId":"Jasmitha-05"},"content":"package stitch;","lastModifiedDate":"2026-01-24T18:17:11","isFullCredit":false},{"lineNumber":2,"author":{"gitId":"Jasmitha-05"},"content":"import java.time.LocalDate;","lastModifiedDate":"2026-01-24T16:47:40","isFullCredit":false},{"lineNumber":3,"author":{"gitId":"Jasmitha-05"},"content":"import java.time.format.DateTimeFormatter;","lastModifiedDate":"2026-01-24T16:47:40","isFullCredit":false},{"lineNumber":4,"author":{"gitId":"Jasmitha-05"},"content":"import java.time.format.DateTimeParseException;","lastModifiedDate":"2026-01-24T16:47:40","isFullCredit":false},{"lineNumber":5,"author":{"gitId":"Jasmitha-05"},"content":"import java.util.ArrayList;","lastModifiedDate":"2026-01-24T16:47:40","isFullCredit":false},{"lineNumber":6,"author":{"gitId":"Jasmitha-05"},"content":"","lastModifiedDate":"2026-01-24T16:47:40","isFullCredit":false},{"lineNumber":7,"author":{"gitId":"Jasmitha-05"},"content":"public class TaskList {","lastModifiedDate":"2026-01-24T16:47:40","isFullCredit":false},{"lineNumber":8,"author":{"gitId":"Jasmitha-05"},"content":"    private ArrayList\u003cTask\u003e tasks;","lastModifiedDate":"2026-01-24T16:47:40","isFullCredit":false},{"lineNumber":9,"author":{"gitId":"Jasmitha-05"},"content":"    private Storage storage;","lastModifiedDate":"2026-01-24T16:47:40","isFullCredit":false},{"lineNumber":10,"author":{"gitId":"Jasmitha-05"},"content":"    private Ui ui;","lastModifiedDate":"2026-01-24T16:47:40","isFullCredit":false},{"lineNumber":11,"author":{"gitId":"Jasmitha-05"},"content":"","lastModifiedDate":"2026-01-24T16:47:40","isFullCredit":false},{"lineNumber":12,"author":{"gitId":"Jasmitha-05"},"content":"    public TaskList(Ui ui, Storage storage) {","lastModifiedDate":"2026-01-24T16:47:40","isFullCredit":false},{"lineNumber":13,"author":{"gitId":"Jasmitha-05"},"content":"        this.ui \u003d ui;","lastModifiedDate":"2026-01-24T16:47:40","isFullCredit":false},{"lineNumber":14,"author":{"gitId":"Jasmitha-05"},"content":"        this.storage \u003d storage;","lastModifiedDate":"2026-01-24T16:47:40","isFullCredit":false},{"lineNumber":15,"author":{"gitId":"Jasmitha-05"},"content":"        this.tasks \u003d storage.load();","lastModifiedDate":"2026-01-24T16:47:40","isFullCredit":false},{"lineNumber":16,"author":{"gitId":"Jasmitha-05"},"content":"    }","lastModifiedDate":"2026-01-24T16:47:40","isFullCredit":false},{"lineNumber":17,"author":{"gitId":"Jasmitha-05"},"content":"","lastModifiedDate":"2026-01-24T16:47:40","isFullCredit":false},{"lineNumber":18,"author":{"gitId":"Jasmitha-05"},"content":"    public void DisplayAllTasks() {","lastModifiedDate":"2026-01-24T16:47:40","isFullCredit":false},{"lineNumber":19,"author":{"gitId":"Jasmitha-05"},"content":"        ui.showAllTask(tasks, tasks.size());","lastModifiedDate":"2026-01-24T16:47:40","isFullCredit":false},{"lineNumber":20,"author":{"gitId":"Jasmitha-05"},"content":"    }","lastModifiedDate":"2026-01-24T16:47:40","isFullCredit":false},{"lineNumber":21,"author":{"gitId":"Jasmitha-05"},"content":"","lastModifiedDate":"2026-01-24T16:47:40","isFullCredit":false},{"lineNumber":22,"author":{"gitId":"Jasmitha-05"},"content":"    public void MarkTask(int order) throws StitchException {","lastModifiedDate":"2026-01-24T16:47:40","isFullCredit":false},{"lineNumber":23,"author":{"gitId":"Jasmitha-05"},"content":"        if (tasks.size() \u003d\u003d 0) {","lastModifiedDate":"2026-01-24T16:47:40","isFullCredit":false},{"lineNumber":24,"author":{"gitId":"Jasmitha-05"},"content":"                throw new StitchException(\"OOPS! no more task to mark.\");","lastModifiedDate":"2026-01-24T16:47:40","isFullCredit":false},{"lineNumber":25,"author":{"gitId":"Jasmitha-05"},"content":"        }","lastModifiedDate":"2026-01-24T16:47:40","isFullCredit":false},{"lineNumber":26,"author":{"gitId":"Jasmitha-05"},"content":"","lastModifiedDate":"2026-01-24T16:47:40","isFullCredit":false},{"lineNumber":27,"author":{"gitId":"Jasmitha-05"},"content":"        if (order \u003c 0 || order \u003e\u003d tasks.size()) {","lastModifiedDate":"2026-01-24T16:47:40","isFullCredit":false},{"lineNumber":28,"author":{"gitId":"Jasmitha-05"},"content":"            throw new StitchException(\"OOPS! the number is invalid.\");","lastModifiedDate":"2026-01-24T16:47:40","isFullCredit":false},{"lineNumber":29,"author":{"gitId":"Jasmitha-05"},"content":"        }","lastModifiedDate":"2026-01-24T16:47:40","isFullCredit":false},{"lineNumber":30,"author":{"gitId":"Jasmitha-05"},"content":"","lastModifiedDate":"2026-01-24T16:47:40","isFullCredit":false},{"lineNumber":31,"author":{"gitId":"Jasmitha-05"},"content":"        tasks.get(order).markAsDone();","lastModifiedDate":"2026-01-24T16:47:40","isFullCredit":false},{"lineNumber":32,"author":{"gitId":"Jasmitha-05"},"content":"        storage.save(tasks);","lastModifiedDate":"2026-01-24T16:47:40","isFullCredit":false},{"lineNumber":33,"author":{"gitId":"Jasmitha-05"},"content":"        ui.showMarkTask(tasks.get(order));","lastModifiedDate":"2026-01-24T16:47:40","isFullCredit":false},{"lineNumber":34,"author":{"gitId":"Jasmitha-05"},"content":"    }","lastModifiedDate":"2026-01-24T16:47:40","isFullCredit":false},{"lineNumber":35,"author":{"gitId":"Jasmitha-05"},"content":"","lastModifiedDate":"2026-01-24T16:47:40","isFullCredit":false},{"lineNumber":36,"author":{"gitId":"Jasmitha-05"},"content":"    public void UnmarkTask(int order) throws StitchException {","lastModifiedDate":"2026-01-24T16:47:40","isFullCredit":false},{"lineNumber":37,"author":{"gitId":"Jasmitha-05"},"content":"        if (tasks.size() \u003d\u003d 0) {","lastModifiedDate":"2026-01-24T16:47:40","isFullCredit":false},{"lineNumber":38,"author":{"gitId":"Jasmitha-05"},"content":"            throw new StitchException(\"OOPS! no more task to unmark.\");","lastModifiedDate":"2026-01-24T16:47:40","isFullCredit":false},{"lineNumber":39,"author":{"gitId":"Jasmitha-05"},"content":"        } ","lastModifiedDate":"2026-01-24T16:47:40","isFullCredit":false},{"lineNumber":40,"author":{"gitId":"Jasmitha-05"},"content":"        ","lastModifiedDate":"2026-01-24T16:47:40","isFullCredit":false},{"lineNumber":41,"author":{"gitId":"Jasmitha-05"},"content":"        if (order \u003c 0 || order \u003e\u003d tasks.size()) {","lastModifiedDate":"2026-01-24T16:47:40","isFullCredit":false},{"lineNumber":42,"author":{"gitId":"Jasmitha-05"},"content":"            throw new StitchException(\"OOPS! the number is invalid.\");","lastModifiedDate":"2026-01-24T16:47:40","isFullCredit":false},{"lineNumber":43,"author":{"gitId":"Jasmitha-05"},"content":"        }","lastModifiedDate":"2026-01-24T16:47:40","isFullCredit":false},{"lineNumber":44,"author":{"gitId":"Jasmitha-05"},"content":"","lastModifiedDate":"2026-01-24T16:47:40","isFullCredit":false},{"lineNumber":45,"author":{"gitId":"Jasmitha-05"},"content":"        tasks.get(order).markAsUnDone();","lastModifiedDate":"2026-01-24T16:47:40","isFullCredit":false},{"lineNumber":46,"author":{"gitId":"Jasmitha-05"},"content":"        storage.save(tasks); ","lastModifiedDate":"2026-01-24T16:47:40","isFullCredit":false},{"lineNumber":47,"author":{"gitId":"Jasmitha-05"},"content":"        ui.showUnmarkTask(tasks.get(order));","lastModifiedDate":"2026-01-24T16:47:40","isFullCredit":false},{"lineNumber":48,"author":{"gitId":"Jasmitha-05"},"content":"    }","lastModifiedDate":"2026-01-24T16:47:40","isFullCredit":false},{"lineNumber":49,"author":{"gitId":"Jasmitha-05"},"content":"","lastModifiedDate":"2026-01-24T16:47:40","isFullCredit":false},{"lineNumber":50,"author":{"gitId":"Jasmitha-05"},"content":"    public void ToDoTask(String description) throws StitchException {","lastModifiedDate":"2026-01-24T16:47:40","isFullCredit":false},{"lineNumber":51,"author":{"gitId":"Jasmitha-05"},"content":"        if (description.isEmpty()) {","lastModifiedDate":"2026-01-24T16:47:40","isFullCredit":false},{"lineNumber":52,"author":{"gitId":"Jasmitha-05"},"content":"            throw new StitchException(\"OOPS! you forgot to name the todo task\");","lastModifiedDate":"2026-01-24T16:47:40","isFullCredit":false},{"lineNumber":53,"author":{"gitId":"Jasmitha-05"},"content":"        }","lastModifiedDate":"2026-01-24T16:47:40","isFullCredit":false},{"lineNumber":54,"author":{"gitId":"Jasmitha-05"},"content":"","lastModifiedDate":"2026-01-24T16:47:40","isFullCredit":false},{"lineNumber":55,"author":{"gitId":"Jasmitha-05"},"content":"        Task newTask \u003d new ToDo(description);","lastModifiedDate":"2026-01-24T16:47:40","isFullCredit":false},{"lineNumber":56,"author":{"gitId":"Jasmitha-05"},"content":"        tasks.add(newTask);","lastModifiedDate":"2026-01-24T16:47:40","isFullCredit":false},{"lineNumber":57,"author":{"gitId":"Jasmitha-05"},"content":"        storage.save(tasks);","lastModifiedDate":"2026-01-24T16:47:40","isFullCredit":false},{"lineNumber":58,"author":{"gitId":"Jasmitha-05"},"content":"        ui.showAddTask(newTask, tasks.size());","lastModifiedDate":"2026-01-24T16:47:40","isFullCredit":false},{"lineNumber":59,"author":{"gitId":"Jasmitha-05"},"content":"    }","lastModifiedDate":"2026-01-24T16:47:40","isFullCredit":false},{"lineNumber":60,"author":{"gitId":"Jasmitha-05"},"content":"","lastModifiedDate":"2026-01-24T16:47:40","isFullCredit":false},{"lineNumber":61,"author":{"gitId":"Jasmitha-05"},"content":"    public void DeadlineTask(String description, String by) throws StitchException {","lastModifiedDate":"2026-01-24T16:47:40","isFullCredit":false},{"lineNumber":62,"author":{"gitId":"Jasmitha-05"},"content":"        if (description.isEmpty()) {","lastModifiedDate":"2026-01-24T16:47:40","isFullCredit":false},{"lineNumber":63,"author":{"gitId":"Jasmitha-05"},"content":"            throw new StitchException(\"OOPS! you forget to add the deadline task\");","lastModifiedDate":"2026-01-24T16:47:40","isFullCredit":false},{"lineNumber":64,"author":{"gitId":"Jasmitha-05"},"content":"        }","lastModifiedDate":"2026-01-24T16:47:40","isFullCredit":false},{"lineNumber":65,"author":{"gitId":"Jasmitha-05"},"content":"","lastModifiedDate":"2026-01-24T16:47:40","isFullCredit":false},{"lineNumber":66,"author":{"gitId":"Jasmitha-05"},"content":"        if(by.isEmpty()) {","lastModifiedDate":"2026-01-24T16:47:40","isFullCredit":false},{"lineNumber":67,"author":{"gitId":"Jasmitha-05"},"content":"            throw new StitchException(\"OOPS! you forget to add the deadline date and time\");","lastModifiedDate":"2026-01-24T16:47:40","isFullCredit":false},{"lineNumber":68,"author":{"gitId":"Jasmitha-05"},"content":"        }","lastModifiedDate":"2026-01-24T16:47:40","isFullCredit":false},{"lineNumber":69,"author":{"gitId":"Jasmitha-05"},"content":"","lastModifiedDate":"2026-01-24T16:47:40","isFullCredit":false},{"lineNumber":70,"author":{"gitId":"Jasmitha-05"},"content":"        Task newTask \u003d new Deadline(description, by);","lastModifiedDate":"2026-01-24T16:47:40","isFullCredit":false},{"lineNumber":71,"author":{"gitId":"Jasmitha-05"},"content":"        tasks.add(newTask);","lastModifiedDate":"2026-01-24T16:47:40","isFullCredit":false},{"lineNumber":72,"author":{"gitId":"Jasmitha-05"},"content":"        storage.save(tasks); ","lastModifiedDate":"2026-01-24T16:47:40","isFullCredit":false},{"lineNumber":73,"author":{"gitId":"Jasmitha-05"},"content":"        ui.showAddTask(newTask, tasks.size());","lastModifiedDate":"2026-01-24T16:47:40","isFullCredit":false},{"lineNumber":74,"author":{"gitId":"Jasmitha-05"},"content":"    }","lastModifiedDate":"2026-01-24T16:47:40","isFullCredit":false},{"lineNumber":75,"author":{"gitId":"Jasmitha-05"},"content":"","lastModifiedDate":"2026-01-24T16:47:40","isFullCredit":false},{"lineNumber":76,"author":{"gitId":"Jasmitha-05"},"content":"    public void EventTask(String description, String from, String to) throws StitchException {","lastModifiedDate":"2026-01-24T16:47:40","isFullCredit":false},{"lineNumber":77,"author":{"gitId":"Jasmitha-05"},"content":"        if (description.isEmpty()) {","lastModifiedDate":"2026-01-24T16:47:40","isFullCredit":false},{"lineNumber":78,"author":{"gitId":"Jasmitha-05"},"content":"            throw new StitchException(\"OOPS! you forget to add the event task\");","lastModifiedDate":"2026-01-24T16:47:40","isFullCredit":false},{"lineNumber":79,"author":{"gitId":"Jasmitha-05"},"content":"        }","lastModifiedDate":"2026-01-24T16:47:40","isFullCredit":false},{"lineNumber":80,"author":{"gitId":"Jasmitha-05"},"content":"        if (from.isEmpty()) {","lastModifiedDate":"2026-01-24T16:47:40","isFullCredit":false},{"lineNumber":81,"author":{"gitId":"Jasmitha-05"},"content":"            throw new StitchException(\"OOPS! you forget to add the event start date and time\");","lastModifiedDate":"2026-01-24T16:47:40","isFullCredit":false},{"lineNumber":82,"author":{"gitId":"Jasmitha-05"},"content":"        }","lastModifiedDate":"2026-01-24T16:47:40","isFullCredit":false},{"lineNumber":83,"author":{"gitId":"Jasmitha-05"},"content":"        if (to.isEmpty()) {","lastModifiedDate":"2026-01-24T16:47:40","isFullCredit":false},{"lineNumber":84,"author":{"gitId":"Jasmitha-05"},"content":"            throw new StitchException(\"OOPS! you forget to add the event end date and time\");","lastModifiedDate":"2026-01-24T16:47:40","isFullCredit":false},{"lineNumber":85,"author":{"gitId":"Jasmitha-05"},"content":"        }","lastModifiedDate":"2026-01-24T16:47:40","isFullCredit":false},{"lineNumber":86,"author":{"gitId":"Jasmitha-05"},"content":"","lastModifiedDate":"2026-01-24T16:47:40","isFullCredit":false},{"lineNumber":87,"author":{"gitId":"Jasmitha-05"},"content":"        Task newTask \u003d new Event(description, from, to);","lastModifiedDate":"2026-01-24T16:47:40","isFullCredit":false},{"lineNumber":88,"author":{"gitId":"Jasmitha-05"},"content":"        tasks.add(newTask);","lastModifiedDate":"2026-01-24T16:47:40","isFullCredit":false},{"lineNumber":89,"author":{"gitId":"Jasmitha-05"},"content":"        storage.save(tasks); ","lastModifiedDate":"2026-01-24T16:47:40","isFullCredit":false},{"lineNumber":90,"author":{"gitId":"Jasmitha-05"},"content":"        ui.showAddTask(newTask, tasks.size());","lastModifiedDate":"2026-01-24T16:47:40","isFullCredit":false},{"lineNumber":91,"author":{"gitId":"Jasmitha-05"},"content":"    }","lastModifiedDate":"2026-01-24T16:47:40","isFullCredit":false},{"lineNumber":92,"author":{"gitId":"Jasmitha-05"},"content":"","lastModifiedDate":"2026-01-24T16:47:40","isFullCredit":false},{"lineNumber":93,"author":{"gitId":"Jasmitha-05"},"content":"    public void DeleteTask(int order) throws StitchException {","lastModifiedDate":"2026-01-24T16:47:40","isFullCredit":false},{"lineNumber":94,"author":{"gitId":"Jasmitha-05"},"content":"        if (tasks.size() \u003d\u003d 0) {","lastModifiedDate":"2026-01-24T16:47:40","isFullCredit":false},{"lineNumber":95,"author":{"gitId":"Jasmitha-05"},"content":"            throw new StitchException(\"OOPS! no task to delete.\");","lastModifiedDate":"2026-01-24T16:47:40","isFullCredit":false},{"lineNumber":96,"author":{"gitId":"Jasmitha-05"},"content":"        }","lastModifiedDate":"2026-01-24T16:47:40","isFullCredit":false},{"lineNumber":97,"author":{"gitId":"Jasmitha-05"},"content":"        if (order \u003c 0 || order \u003e\u003d tasks.size()) {","lastModifiedDate":"2026-01-24T16:47:40","isFullCredit":false},{"lineNumber":98,"author":{"gitId":"Jasmitha-05"},"content":"            throw new StitchException(\"OOPS! the number is invalid.\");","lastModifiedDate":"2026-01-24T16:47:40","isFullCredit":false},{"lineNumber":99,"author":{"gitId":"Jasmitha-05"},"content":"        }","lastModifiedDate":"2026-01-24T16:47:40","isFullCredit":false},{"lineNumber":100,"author":{"gitId":"Jasmitha-05"},"content":"        ","lastModifiedDate":"2026-01-24T16:47:40","isFullCredit":false},{"lineNumber":101,"author":{"gitId":"Jasmitha-05"},"content":"        Task deletedTask \u003d tasks.get(order);","lastModifiedDate":"2026-01-24T16:47:40","isFullCredit":false},{"lineNumber":102,"author":{"gitId":"Jasmitha-05"},"content":"        tasks.remove(order);","lastModifiedDate":"2026-01-24T16:47:40","isFullCredit":false},{"lineNumber":103,"author":{"gitId":"Jasmitha-05"},"content":"        storage.save(tasks); ","lastModifiedDate":"2026-01-24T16:47:40","isFullCredit":false},{"lineNumber":104,"author":{"gitId":"Jasmitha-05"},"content":"        ui.showDeleteTask(deletedTask, tasks.size());","lastModifiedDate":"2026-01-24T16:47:40","isFullCredit":false},{"lineNumber":105,"author":{"gitId":"Jasmitha-05"},"content":"    }","lastModifiedDate":"2026-01-24T16:47:40","isFullCredit":false},{"lineNumber":106,"author":{"gitId":"Jasmitha-05"},"content":"","lastModifiedDate":"2026-01-24T16:47:40","isFullCredit":false},{"lineNumber":107,"author":{"gitId":"Jasmitha-05"},"content":"    public void SameDateTask(String date) throws StitchException {","lastModifiedDate":"2026-01-24T16:47:40","isFullCredit":false},{"lineNumber":108,"author":{"gitId":"Jasmitha-05"},"content":"        if (tasks.size() \u003d\u003d 0) {","lastModifiedDate":"2026-01-24T16:47:40","isFullCredit":false},{"lineNumber":109,"author":{"gitId":"Jasmitha-05"},"content":"            throw new StitchException(\"OOPS! no tasks currently.\");","lastModifiedDate":"2026-01-24T16:47:40","isFullCredit":false},{"lineNumber":110,"author":{"gitId":"Jasmitha-05"},"content":"        } ","lastModifiedDate":"2026-01-24T16:47:40","isFullCredit":false},{"lineNumber":111,"author":{"gitId":"Jasmitha-05"},"content":"","lastModifiedDate":"2026-01-24T16:47:40","isFullCredit":false},{"lineNumber":112,"author":{"gitId":"Jasmitha-05"},"content":"        DateTimeFormatter INPUT \u003d DateTimeFormatter.ofPattern(\"yyyy-M-d\");","lastModifiedDate":"2026-01-24T16:47:40","isFullCredit":false},{"lineNumber":113,"author":{"gitId":"Jasmitha-05"},"content":"        DateTimeFormatter OUTPUT \u003d DateTimeFormatter.ofPattern(\"MMM dd yyyy\");","lastModifiedDate":"2026-01-24T16:47:40","isFullCredit":false},{"lineNumber":114,"author":{"gitId":"Jasmitha-05"},"content":"        LocalDate searchDate;","lastModifiedDate":"2026-01-24T16:47:40","isFullCredit":false},{"lineNumber":115,"author":{"gitId":"Jasmitha-05"},"content":"        boolean present \u003d false;","lastModifiedDate":"2026-01-24T16:47:40","isFullCredit":false},{"lineNumber":116,"author":{"gitId":"Jasmitha-05"},"content":"        ","lastModifiedDate":"2026-01-24T16:47:40","isFullCredit":false},{"lineNumber":117,"author":{"gitId":"Jasmitha-05"},"content":"        try {","lastModifiedDate":"2026-01-24T16:47:40","isFullCredit":false},{"lineNumber":118,"author":{"gitId":"Jasmitha-05"},"content":"            searchDate \u003d LocalDate.parse(date, INPUT);","lastModifiedDate":"2026-01-24T16:47:40","isFullCredit":false},{"lineNumber":119,"author":{"gitId":"Jasmitha-05"},"content":"        } catch (DateTimeParseException e) {","lastModifiedDate":"2026-01-24T16:47:40","isFullCredit":false},{"lineNumber":120,"author":{"gitId":"Jasmitha-05"},"content":"            throw new StitchException(\"OOPS! wrong format, use format: yyyy-M-d\");","lastModifiedDate":"2026-01-24T16:47:40","isFullCredit":false},{"lineNumber":121,"author":{"gitId":"Jasmitha-05"},"content":"        }","lastModifiedDate":"2026-01-24T16:47:40","isFullCredit":false},{"lineNumber":122,"author":{"gitId":"Jasmitha-05"},"content":"","lastModifiedDate":"2026-01-24T16:47:40","isFullCredit":false},{"lineNumber":123,"author":{"gitId":"Jasmitha-05"},"content":"        System.out.println(\"     ______________________________\");","lastModifiedDate":"2026-01-24T16:47:40","isFullCredit":false},{"lineNumber":124,"author":{"gitId":"Jasmitha-05"},"content":"        System.out.println(\"     Got it. Tasks on \" + searchDate.format(OUTPUT) + \":\");","lastModifiedDate":"2026-01-24T16:47:40","isFullCredit":false},{"lineNumber":125,"author":{"gitId":"Jasmitha-05"},"content":"","lastModifiedDate":"2026-01-24T16:47:40","isFullCredit":false},{"lineNumber":126,"author":{"gitId":"Jasmitha-05"},"content":"","lastModifiedDate":"2026-01-24T16:47:40","isFullCredit":false},{"lineNumber":127,"author":{"gitId":"Jasmitha-05"},"content":"        for (int i \u003d 0; i \u003c tasks.size(); i++) {","lastModifiedDate":"2026-01-24T16:47:40","isFullCredit":false},{"lineNumber":128,"author":{"gitId":"Jasmitha-05"},"content":"            if (tasks.get(i) instanceof Deadline) {","lastModifiedDate":"2026-01-24T16:47:40","isFullCredit":false},{"lineNumber":129,"author":{"gitId":"Jasmitha-05"},"content":"                LocalDate taskDate \u003d ((Deadline) tasks.get(i)).by.toLocalDate();","lastModifiedDate":"2026-01-24T16:47:40","isFullCredit":false},{"lineNumber":130,"author":{"gitId":"Jasmitha-05"},"content":"                if (taskDate.equals(searchDate)) {","lastModifiedDate":"2026-01-24T16:47:40","isFullCredit":false},{"lineNumber":131,"author":{"gitId":"Jasmitha-05"},"content":"                    present \u003d true;","lastModifiedDate":"2026-01-24T16:47:40","isFullCredit":false},{"lineNumber":132,"author":{"gitId":"Jasmitha-05"},"content":"                    System.out.println(\"     \" + tasks.get(i).toString());","lastModifiedDate":"2026-01-24T16:47:40","isFullCredit":false},{"lineNumber":133,"author":{"gitId":"Jasmitha-05"},"content":"                }","lastModifiedDate":"2026-01-24T16:47:40","isFullCredit":false},{"lineNumber":134,"author":{"gitId":"Jasmitha-05"},"content":"            ","lastModifiedDate":"2026-01-24T16:47:40","isFullCredit":false},{"lineNumber":135,"author":{"gitId":"Jasmitha-05"},"content":"            } else if (tasks.get(i) instanceof Event) {","lastModifiedDate":"2026-01-24T16:47:40","isFullCredit":false},{"lineNumber":136,"author":{"gitId":"Jasmitha-05"},"content":"                LocalDate from \u003d ((Event) tasks.get(i)).from.toLocalDate();","lastModifiedDate":"2026-01-24T16:47:40","isFullCredit":false},{"lineNumber":137,"author":{"gitId":"Jasmitha-05"},"content":"                LocalDate to \u003d ((Event) tasks.get(i)).to.toLocalDate();","lastModifiedDate":"2026-01-24T16:47:40","isFullCredit":false},{"lineNumber":138,"author":{"gitId":"Jasmitha-05"},"content":"                if (from.equals(searchDate) || to.equals(searchDate) || (searchDate.isAfter(from) \u0026\u0026 searchDate.isBefore(to))) {","lastModifiedDate":"2026-01-24T16:47:40","isFullCredit":false},{"lineNumber":139,"author":{"gitId":"Jasmitha-05"},"content":"                    present \u003d true;","lastModifiedDate":"2026-01-24T16:47:40","isFullCredit":false},{"lineNumber":140,"author":{"gitId":"Jasmitha-05"},"content":"                    System.out.println(\"     \" + tasks.get(i).toString());","lastModifiedDate":"2026-01-24T16:47:40","isFullCredit":false},{"lineNumber":141,"author":{"gitId":"Jasmitha-05"},"content":"                }","lastModifiedDate":"2026-01-24T16:47:40","isFullCredit":false},{"lineNumber":142,"author":{"gitId":"Jasmitha-05"},"content":"            } else {","lastModifiedDate":"2026-01-24T16:47:40","isFullCredit":false},{"lineNumber":143,"author":{"gitId":"Jasmitha-05"},"content":"                continue;","lastModifiedDate":"2026-01-24T16:47:40","isFullCredit":false},{"lineNumber":144,"author":{"gitId":"Jasmitha-05"},"content":"            }      ","lastModifiedDate":"2026-01-24T16:47:40","isFullCredit":false},{"lineNumber":145,"author":{"gitId":"Jasmitha-05"},"content":"        }","lastModifiedDate":"2026-01-24T16:47:40","isFullCredit":false},{"lineNumber":146,"author":{"gitId":"Jasmitha-05"},"content":"        if (present !\u003d true) {","lastModifiedDate":"2026-01-24T16:47:40","isFullCredit":false},{"lineNumber":147,"author":{"gitId":"Jasmitha-05"},"content":"            System.out.println(\"     YAYYY no tasks!!\");","lastModifiedDate":"2026-01-24T16:47:40","isFullCredit":false},{"lineNumber":148,"author":{"gitId":"Jasmitha-05"},"content":"        }","lastModifiedDate":"2026-01-24T16:47:40","isFullCredit":false},{"lineNumber":149,"author":{"gitId":"Jasmitha-05"},"content":"        System.out.println(\"     ______________________________\");","lastModifiedDate":"2026-01-24T16:47:40","isFullCredit":false},{"lineNumber":150,"author":{"gitId":"Jasmitha-05"},"content":"    }","lastModifiedDate":"2026-01-24T16:47:40","isFullCredit":false},{"lineNumber":151,"author":{"gitId":"Jasmitha-05"},"content":"}","lastModifiedDate":"2026-01-24T16:47:40","isFullCredit":false}],"authorContributionMap":{"Jasmitha-05":151}},{"path":"src/main/java/stitch/ToDo.java","fileType":"java","lines":[{"lineNumber":1,"author":{"gitId":"Jasmitha-05"},"content":"package stitch;","lastModifiedDate":"2026-01-24T18:17:11","isFullCredit":false},{"lineNumber":2,"author":{"gitId":"Jasmitha-05"},"content":"","lastModifiedDate":"2026-01-24T18:17:11","isFullCredit":false},{"lineNumber":3,"author":{"gitId":"Jasmitha-05"},"content":"public class ToDo extends Task {","lastModifiedDate":"2026-01-17T17:26:11","isFullCredit":false},{"lineNumber":4,"author":{"gitId":"Jasmitha-05"},"content":"","lastModifiedDate":"2026-01-17T17:26:11","isFullCredit":false},{"lineNumber":5,"author":{"gitId":"Jasmitha-05"},"content":"    public ToDo(String description) {","lastModifiedDate":"2026-01-17T17:26:11","isFullCredit":false},{"lineNumber":6,"author":{"gitId":"Jasmitha-05"},"content":"        super(description);","lastModifiedDate":"2026-01-17T17:26:11","isFullCredit":false},{"lineNumber":7,"author":{"gitId":"Jasmitha-05"},"content":"    }","lastModifiedDate":"2026-01-17T17:26:11","isFullCredit":false},{"lineNumber":8,"author":{"gitId":"Jasmitha-05"},"content":"","lastModifiedDate":"2026-01-17T17:26:11","isFullCredit":false},{"lineNumber":9,"author":{"gitId":"Jasmitha-05"},"content":"    @Override","lastModifiedDate":"2026-01-17T17:26:11","isFullCredit":false},{"lineNumber":10,"author":{"gitId":"Jasmitha-05"},"content":"    public String toString() {","lastModifiedDate":"2026-01-17T17:26:11","isFullCredit":false},{"lineNumber":11,"author":{"gitId":"Jasmitha-05"},"content":"        return \"[T]\" + super.toString();","lastModifiedDate":"2026-01-17T17:26:11","isFullCredit":false},{"lineNumber":12,"author":{"gitId":"Jasmitha-05"},"content":"    }","lastModifiedDate":"2026-01-17T17:26:11","isFullCredit":false},{"lineNumber":13,"author":{"gitId":"Jasmitha-05"},"content":"}","lastModifiedDate":"2026-01-17T17:26:11","isFullCredit":false}],"authorContributionMap":{"Jasmitha-05":13}},{"path":"src/main/java/stitch/Ui.java","fileType":"java","lines":[{"lineNumber":1,"author":{"gitId":"Jasmitha-05"},"content":"package stitch;","lastModifiedDate":"2026-01-24T18:17:11","isFullCredit":false},{"lineNumber":2,"author":{"gitId":"Jasmitha-05"},"content":"import java.util.ArrayList;","lastModifiedDate":"2026-01-24T15:44:50","isFullCredit":false},{"lineNumber":3,"author":{"gitId":"Jasmitha-05"},"content":"","lastModifiedDate":"2026-01-24T15:44:50","isFullCredit":false},{"lineNumber":4,"author":{"gitId":"Jasmitha-05"},"content":"public class Ui {","lastModifiedDate":"2026-01-24T15:44:50","isFullCredit":false},{"lineNumber":5,"author":{"gitId":"Jasmitha-05"},"content":"    public void showGreet(String chatBotName) {","lastModifiedDate":"2026-01-24T15:44:50","isFullCredit":false},{"lineNumber":6,"author":{"gitId":"Jasmitha-05"},"content":"        System.out.println(\"     ______________________________\"); //Greet","lastModifiedDate":"2026-01-24T15:44:50","isFullCredit":false},{"lineNumber":7,"author":{"gitId":"Jasmitha-05"},"content":"        System.out.println(\"     Hello! I\u0027m \" + chatBotName);","lastModifiedDate":"2026-01-24T15:44:50","isFullCredit":false},{"lineNumber":8,"author":{"gitId":"Jasmitha-05"},"content":"        System.out.println(\"     What can I do for you?\");","lastModifiedDate":"2026-01-24T15:44:50","isFullCredit":false},{"lineNumber":9,"author":{"gitId":"Jasmitha-05"},"content":"        System.out.println(\"     ______________________________\");","lastModifiedDate":"2026-01-24T15:44:50","isFullCredit":false},{"lineNumber":10,"author":{"gitId":"Jasmitha-05"},"content":"    }","lastModifiedDate":"2026-01-24T15:44:50","isFullCredit":false},{"lineNumber":11,"author":{"gitId":"Jasmitha-05"},"content":"","lastModifiedDate":"2026-01-24T15:44:50","isFullCredit":false},{"lineNumber":12,"author":{"gitId":"Jasmitha-05"},"content":"    public void showBye() {","lastModifiedDate":"2026-01-24T15:44:50","isFullCredit":false},{"lineNumber":13,"author":{"gitId":"Jasmitha-05"},"content":"        System.out.println(\"     ______________________________\");","lastModifiedDate":"2026-01-24T15:44:50","isFullCredit":false},{"lineNumber":14,"author":{"gitId":"Jasmitha-05"},"content":"        System.out.println(\"     Bye. Hope to see you again soon!\");","lastModifiedDate":"2026-01-24T15:44:50","isFullCredit":false},{"lineNumber":15,"author":{"gitId":"Jasmitha-05"},"content":"        System.out.println(\"     ______________________________\");","lastModifiedDate":"2026-01-24T15:44:50","isFullCredit":false},{"lineNumber":16,"author":{"gitId":"Jasmitha-05"},"content":"    }","lastModifiedDate":"2026-01-24T15:44:50","isFullCredit":false},{"lineNumber":17,"author":{"gitId":"Jasmitha-05"},"content":"","lastModifiedDate":"2026-01-24T15:44:50","isFullCredit":false},{"lineNumber":18,"author":{"gitId":"Jasmitha-05"},"content":"    public void showErrorMessage(String message) {","lastModifiedDate":"2026-01-24T15:44:50","isFullCredit":false},{"lineNumber":19,"author":{"gitId":"Jasmitha-05"},"content":"        System.out.println(\"     ______________________________\");","lastModifiedDate":"2026-01-24T15:44:50","isFullCredit":false},{"lineNumber":20,"author":{"gitId":"Jasmitha-05"},"content":"        System.out.println(\"     \" + message);","lastModifiedDate":"2026-01-24T15:44:50","isFullCredit":false},{"lineNumber":21,"author":{"gitId":"Jasmitha-05"},"content":"        System.out.println(\"     ______________________________\");","lastModifiedDate":"2026-01-24T15:44:50","isFullCredit":false},{"lineNumber":22,"author":{"gitId":"Jasmitha-05"},"content":"    }","lastModifiedDate":"2026-01-24T15:44:50","isFullCredit":false},{"lineNumber":23,"author":{"gitId":"Jasmitha-05"},"content":"","lastModifiedDate":"2026-01-24T15:44:50","isFullCredit":false},{"lineNumber":24,"author":{"gitId":"Jasmitha-05"},"content":"    public void showAddTask(Task task, int numOfTasks) {","lastModifiedDate":"2026-01-24T15:44:50","isFullCredit":false},{"lineNumber":25,"author":{"gitId":"Jasmitha-05"},"content":"        System.out.println(\"     ______________________________\");","lastModifiedDate":"2026-01-24T15:44:50","isFullCredit":false},{"lineNumber":26,"author":{"gitId":"Jasmitha-05"},"content":"        System.out.println(\"     Got it. I\u0027ve added this task:\");","lastModifiedDate":"2026-01-24T15:44:50","isFullCredit":false},{"lineNumber":27,"author":{"gitId":"Jasmitha-05"},"content":"        System.out.println(\"     \" + task.toString());","lastModifiedDate":"2026-01-24T15:44:50","isFullCredit":false},{"lineNumber":28,"author":{"gitId":"Jasmitha-05"},"content":"        System.out.println(\"     Now you have \" + (numOfTasks) + \" tasks in the list.\");","lastModifiedDate":"2026-01-24T15:44:50","isFullCredit":false},{"lineNumber":29,"author":{"gitId":"Jasmitha-05"},"content":"        System.out.println(\"     ______________________________\");","lastModifiedDate":"2026-01-24T15:44:50","isFullCredit":false},{"lineNumber":30,"author":{"gitId":"Jasmitha-05"},"content":"    }","lastModifiedDate":"2026-01-24T15:44:50","isFullCredit":false},{"lineNumber":31,"author":{"gitId":"Jasmitha-05"},"content":"","lastModifiedDate":"2026-01-24T15:44:50","isFullCredit":false},{"lineNumber":32,"author":{"gitId":"Jasmitha-05"},"content":"    public void showDeleteTask(Task task, int numOfTasks) {","lastModifiedDate":"2026-01-24T15:44:50","isFullCredit":false},{"lineNumber":33,"author":{"gitId":"Jasmitha-05"},"content":"        System.out.println(\"     ______________________________\");","lastModifiedDate":"2026-01-24T15:44:50","isFullCredit":false},{"lineNumber":34,"author":{"gitId":"Jasmitha-05"},"content":"        System.out.println(\"     Noted. I\u0027ve removed this task:\");","lastModifiedDate":"2026-01-24T15:44:50","isFullCredit":false},{"lineNumber":35,"author":{"gitId":"Jasmitha-05"},"content":"        System.out.println(\"     \" + task.toString());","lastModifiedDate":"2026-01-24T15:44:50","isFullCredit":false},{"lineNumber":36,"author":{"gitId":"Jasmitha-05"},"content":"        System.out.println(\"     Now you have \" + (numOfTasks) + \" tasks in the list.\");","lastModifiedDate":"2026-01-24T15:44:50","isFullCredit":false},{"lineNumber":37,"author":{"gitId":"Jasmitha-05"},"content":"        System.out.println(\"     ______________________________\");","lastModifiedDate":"2026-01-24T15:44:50","isFullCredit":false},{"lineNumber":38,"author":{"gitId":"Jasmitha-05"},"content":"    }","lastModifiedDate":"2026-01-24T15:44:50","isFullCredit":false},{"lineNumber":39,"author":{"gitId":"Jasmitha-05"},"content":"","lastModifiedDate":"2026-01-24T15:44:50","isFullCredit":false},{"lineNumber":40,"author":{"gitId":"Jasmitha-05"},"content":"    public void showMarkTask(Task task) {","lastModifiedDate":"2026-01-24T15:44:50","isFullCredit":false},{"lineNumber":41,"author":{"gitId":"Jasmitha-05"},"content":"        System.out.println(\"     ______________________________\");","lastModifiedDate":"2026-01-24T15:44:50","isFullCredit":false},{"lineNumber":42,"author":{"gitId":"Jasmitha-05"},"content":"        System.out.println(\"     Nice! I\u0027ve marked this task as done:\");","lastModifiedDate":"2026-01-24T15:44:50","isFullCredit":false},{"lineNumber":43,"author":{"gitId":"Jasmitha-05"},"content":"        System.out.println(\"     \" + task.toString());","lastModifiedDate":"2026-01-24T15:44:50","isFullCredit":false},{"lineNumber":44,"author":{"gitId":"Jasmitha-05"},"content":"        System.out.println(\"     ______________________________\");","lastModifiedDate":"2026-01-24T15:44:50","isFullCredit":false},{"lineNumber":45,"author":{"gitId":"Jasmitha-05"},"content":"    }","lastModifiedDate":"2026-01-24T15:44:50","isFullCredit":false},{"lineNumber":46,"author":{"gitId":"Jasmitha-05"},"content":"","lastModifiedDate":"2026-01-24T15:44:50","isFullCredit":false},{"lineNumber":47,"author":{"gitId":"Jasmitha-05"},"content":"    public void showUnmarkTask(Task task) {","lastModifiedDate":"2026-01-24T15:44:50","isFullCredit":false},{"lineNumber":48,"author":{"gitId":"Jasmitha-05"},"content":"        System.out.println(\"     ______________________________\");","lastModifiedDate":"2026-01-24T15:44:50","isFullCredit":false},{"lineNumber":49,"author":{"gitId":"Jasmitha-05"},"content":"        System.out.println(\"     OK, I\u0027ve marked this task as not done yet:\");","lastModifiedDate":"2026-01-24T15:44:50","isFullCredit":false},{"lineNumber":50,"author":{"gitId":"Jasmitha-05"},"content":"        System.out.println(\"     \" + task.toString());","lastModifiedDate":"2026-01-24T15:44:50","isFullCredit":false},{"lineNumber":51,"author":{"gitId":"Jasmitha-05"},"content":"        System.out.println(\"     ______________________________\");","lastModifiedDate":"2026-01-24T15:44:50","isFullCredit":false},{"lineNumber":52,"author":{"gitId":"Jasmitha-05"},"content":"    }","lastModifiedDate":"2026-01-24T15:44:50","isFullCredit":false},{"lineNumber":53,"author":{"gitId":"Jasmitha-05"},"content":"","lastModifiedDate":"2026-01-24T15:44:50","isFullCredit":false},{"lineNumber":54,"author":{"gitId":"Jasmitha-05"},"content":"    public void showAllTask(ArrayList\u003cTask\u003e tasks, int numOfTasks) {","lastModifiedDate":"2026-01-24T15:44:50","isFullCredit":false},{"lineNumber":55,"author":{"gitId":"Jasmitha-05"},"content":"        System.out.println(\"     ______________________________\");","lastModifiedDate":"2026-01-24T15:44:50","isFullCredit":false},{"lineNumber":56,"author":{"gitId":"Jasmitha-05"},"content":"        if (numOfTasks \u003d\u003d 0) {","lastModifiedDate":"2026-01-24T15:44:50","isFullCredit":false},{"lineNumber":57,"author":{"gitId":"Jasmitha-05"},"content":"            System.out.println(\"     Good job! You have no more tasks.\");","lastModifiedDate":"2026-01-24T15:44:50","isFullCredit":false},{"lineNumber":58,"author":{"gitId":"Jasmitha-05"},"content":"        } else {","lastModifiedDate":"2026-01-24T15:44:50","isFullCredit":false},{"lineNumber":59,"author":{"gitId":"Jasmitha-05"},"content":"            System.out.println(\"     Here are the tasks in your list:\");","lastModifiedDate":"2026-01-24T15:44:50","isFullCredit":false},{"lineNumber":60,"author":{"gitId":"Jasmitha-05"},"content":"            int order \u003d 1;","lastModifiedDate":"2026-01-24T15:44:50","isFullCredit":false},{"lineNumber":61,"author":{"gitId":"Jasmitha-05"},"content":"            for (int i \u003d 0; i \u003c tasks.size(); i++) {","lastModifiedDate":"2026-01-24T15:44:50","isFullCredit":false},{"lineNumber":62,"author":{"gitId":"Jasmitha-05"},"content":"                System.out.println(\"     \" + order + \". \" + tasks.get(i).toString());","lastModifiedDate":"2026-01-24T15:44:50","isFullCredit":false},{"lineNumber":63,"author":{"gitId":"Jasmitha-05"},"content":"                order++;","lastModifiedDate":"2026-01-24T15:44:50","isFullCredit":false},{"lineNumber":64,"author":{"gitId":"Jasmitha-05"},"content":"            }","lastModifiedDate":"2026-01-24T15:44:50","isFullCredit":false},{"lineNumber":65,"author":{"gitId":"Jasmitha-05"},"content":"        }","lastModifiedDate":"2026-01-24T15:44:50","isFullCredit":false},{"lineNumber":66,"author":{"gitId":"Jasmitha-05"},"content":"            System.out.println(\"     ______________________________\");","lastModifiedDate":"2026-01-24T15:44:50","isFullCredit":false},{"lineNumber":67,"author":{"gitId":"Jasmitha-05"},"content":"    }","lastModifiedDate":"2026-01-24T15:44:50","isFullCredit":false},{"lineNumber":68,"author":{"gitId":"Jasmitha-05"},"content":"}","lastModifiedDate":"2026-01-24T15:44:50","isFullCredit":false}],"authorContributionMap":{"Jasmitha-05":68}},{"path":"text-ui-test/data/stitch.txt","fileType":"txt","lines":[{"lineNumber":1,"author":{"gitId":"Jasmitha-05"},"content":"T | 0 | read book","lastModifiedDate":"2026-01-24T01:34:44","isFullCredit":false},{"lineNumber":2,"author":{"gitId":"Jasmitha-05"},"content":"D | 0 | return book | 2025-11-25 16:1","lastModifiedDate":"2026-01-24T01:34:44","isFullCredit":false},{"lineNumber":3,"author":{"gitId":"Jasmitha-05"},"content":"E | 1 | project meeting | 2025-12-1 2:0 | 2025-12-3 15:0","lastModifiedDate":"2026-01-24T01:34:44","isFullCredit":false}],"authorContributionMap":{"Jasmitha-05":3}},{"path":"text-ui-test/input.txt","fileType":"txt","lines":[{"lineNumber":1,"author":{"gitId":"Jasmitha-05"},"content":"todo read book","lastModifiedDate":"2026-01-17T18:45:32","isFullCredit":false},{"lineNumber":2,"author":{"gitId":"Jasmitha-05"},"content":"mark 1","lastModifiedDate":"2026-01-17T18:45:32","isFullCredit":false},{"lineNumber":3,"author":{"gitId":"Jasmitha-05"},"content":"deadline return book /by 2025-11-25 16:01","lastModifiedDate":"2026-01-24T01:34:44","isFullCredit":false},{"lineNumber":4,"author":{"gitId":"Jasmitha-05"},"content":"event project meeting /from 2025-12-1 2:00 /to 2025-12-3 15:00","lastModifiedDate":"2026-01-24T01:34:44","isFullCredit":false},{"lineNumber":5,"author":{"gitId":"Jasmitha-05"},"content":"mark 3","lastModifiedDate":"2026-01-17T18:45:32","isFullCredit":false},{"lineNumber":6,"author":{"gitId":"Jasmitha-05"},"content":"unmark 1","lastModifiedDate":"2026-01-17T18:45:32","isFullCredit":false},{"lineNumber":7,"author":{"gitId":"Jasmitha-05"},"content":"list","lastModifiedDate":"2026-01-17T18:45:32","isFullCredit":false},{"lineNumber":8,"author":{"gitId":"Jasmitha-05"},"content":"bye","lastModifiedDate":"2026-01-17T18:45:32","isFullCredit":false}],"authorContributionMap":{"Jasmitha-05":8}},{"path":"text-ui-test/runtest.sh","fileType":"sh","lines":[{"lineNumber":1,"author":{"gitId":"-"},"content":"#!/usr/bin/env bash","lastModifiedDate":"2020-05-25T00:03:55","isFullCredit":false},{"lineNumber":2,"author":{"gitId":"-"},"content":"","lastModifiedDate":"2020-05-25T00:03:55","isFullCredit":false},{"lineNumber":3,"author":{"gitId":"-"},"content":"# create bin directory if it doesn\u0027t exist","lastModifiedDate":"2020-05-25T00:03:55","isFullCredit":false},{"lineNumber":4,"author":{"gitId":"-"},"content":"if [ ! -d \"../bin\" ]","lastModifiedDate":"2020-05-25T00:03:55","isFullCredit":false},{"lineNumber":5,"author":{"gitId":"-"},"content":"then","lastModifiedDate":"2020-05-25T00:03:55","isFullCredit":false},{"lineNumber":6,"author":{"gitId":"-"},"content":"    mkdir ../bin","lastModifiedDate":"2020-05-25T00:03:55","isFullCredit":false},{"lineNumber":7,"author":{"gitId":"-"},"content":"fi","lastModifiedDate":"2020-05-25T00:03:55","isFullCredit":false},{"lineNumber":8,"author":{"gitId":"-"},"content":"","lastModifiedDate":"2020-05-25T00:03:55","isFullCredit":false},{"lineNumber":9,"author":{"gitId":"-"},"content":"# delete output from previous run","lastModifiedDate":"2020-05-25T00:03:55","isFullCredit":false},{"lineNumber":10,"author":{"gitId":"-"},"content":"if [ -e \"./ACTUAL.TXT\" ]","lastModifiedDate":"2020-05-25T00:03:55","isFullCredit":false},{"lineNumber":11,"author":{"gitId":"-"},"content":"then","lastModifiedDate":"2020-05-25T00:03:55","isFullCredit":false},{"lineNumber":12,"author":{"gitId":"-"},"content":"    rm ACTUAL.TXT","lastModifiedDate":"2020-05-25T00:03:55","isFullCredit":false},{"lineNumber":13,"author":{"gitId":"-"},"content":"fi","lastModifiedDate":"2020-05-25T00:03:55","isFullCredit":false},{"lineNumber":14,"author":{"gitId":"-"},"content":"","lastModifiedDate":"2020-05-25T00:03:55","isFullCredit":false},{"lineNumber":15,"author":{"gitId":"-"},"content":"# compile the code into the bin folder, terminates if error occurred","lastModifiedDate":"2020-05-25T00:03:55","isFullCredit":false},{"lineNumber":16,"author":{"gitId":"-"},"content":"if ! javac -cp ../src/main/java -Xlint:none -d ../bin ../src/main/java/*.java","lastModifiedDate":"2020-08-25T17:23:26","isFullCredit":false},{"lineNumber":17,"author":{"gitId":"-"},"content":"then","lastModifiedDate":"2020-05-25T00:03:55","isFullCredit":false},{"lineNumber":18,"author":{"gitId":"-"},"content":"    echo \"********** BUILD FAILURE **********\"","lastModifiedDate":"2020-05-25T00:03:55","isFullCredit":false},{"lineNumber":19,"author":{"gitId":"-"},"content":"    exit 1","lastModifiedDate":"2020-05-25T00:03:55","isFullCredit":false},{"lineNumber":20,"author":{"gitId":"-"},"content":"fi","lastModifiedDate":"2020-05-25T00:03:55","isFullCredit":false},{"lineNumber":21,"author":{"gitId":"-"},"content":"","lastModifiedDate":"2020-05-25T00:03:55","isFullCredit":false},{"lineNumber":22,"author":{"gitId":"-"},"content":"# run the program, feed commands from input.txt file and redirect the output to the ACTUAL.TXT","lastModifiedDate":"2020-05-25T00:03:55","isFullCredit":false},{"lineNumber":23,"author":{"gitId":"Jasmitha-05"},"content":"java -classpath ../bin Stitch \u003c input.txt \u003e ACTUAL.TXT","lastModifiedDate":"2026-01-17T18:45:32","isFullCredit":false},{"lineNumber":24,"author":{"gitId":"-"},"content":"","lastModifiedDate":"2020-05-25T00:03:55","isFullCredit":false},{"lineNumber":25,"author":{"gitId":"-"},"content":"# convert to UNIX format","lastModifiedDate":"2020-05-25T00:03:55","isFullCredit":false},{"lineNumber":26,"author":{"gitId":"Jasmitha-05"},"content":"tr -d \u0027\\r\u0027 \u003c EXPECTED.TXT \u003e EXPECTED-UNIX.TXT","lastModifiedDate":"2026-01-17T18:45:32","isFullCredit":false},{"lineNumber":27,"author":{"gitId":"Jasmitha-05"},"content":"tr -d \u0027\\r\u0027 \u003c ACTUAL.TXT \u003e ACTUAL-UNIX.TXT","lastModifiedDate":"2026-01-17T18:45:32","isFullCredit":false},{"lineNumber":28,"author":{"gitId":"-"},"content":"","lastModifiedDate":"2020-05-25T00:03:55","isFullCredit":false},{"lineNumber":29,"author":{"gitId":"-"},"content":"# compare the output to the expected output","lastModifiedDate":"2020-05-25T00:03:55","isFullCredit":false},{"lineNumber":30,"author":{"gitId":"Jasmitha-05"},"content":"diff ACTUAL-UNIX.TXT EXPECTED-UNIX.TXT","lastModifiedDate":"2026-01-17T18:45:32","isFullCredit":false},{"lineNumber":31,"author":{"gitId":"-"},"content":"if [ $? -eq 0 ]","lastModifiedDate":"2020-05-25T00:03:55","isFullCredit":false},{"lineNumber":32,"author":{"gitId":"-"},"content":"then","lastModifiedDate":"2020-05-25T00:03:55","isFullCredit":false},{"lineNumber":33,"author":{"gitId":"-"},"content":"    echo \"Test result: PASSED\"","lastModifiedDate":"2020-05-25T00:03:55","isFullCredit":false},{"lineNumber":34,"author":{"gitId":"-"},"content":"    exit 0","lastModifiedDate":"2020-05-25T00:03:55","isFullCredit":false},{"lineNumber":35,"author":{"gitId":"-"},"content":"else","lastModifiedDate":"2020-05-25T00:03:55","isFullCredit":false},{"lineNumber":36,"author":{"gitId":"-"},"content":"    echo \"Test result: FAILED\"","lastModifiedDate":"2020-05-25T00:03:55","isFullCredit":false},{"lineNumber":37,"author":{"gitId":"-"},"content":"    exit 1","lastModifiedDate":"2020-05-25T00:03:55","isFullCredit":false},{"lineNumber":38,"author":{"gitId":"-"},"content":"fi","lastModifiedDate":"2020-05-25T00:03:55","isFullCredit":false}],"authorContributionMap":{"Jasmitha-05":4,"-":34}}]
