{"authorDailyContributionsMap":{"Jasmitha-05":[{"date":"2026-01-16T00:00:00","commitResults":[{"hash":"7bc77c9b08b84cf850132f947b559c81c6561050","isMergeCommit":false,"messageTitle":"Initial skeletal version","messageBody":"Remained the main class to new ChatBot Name and added greeting and exit.\n","tags":["Level-0"],"fileTypesAndContributionMap":{"java":{"insertions":13,"deletions":10}}},{"hash":"bc908bc60a8f0ebc1224402e7ec1bc7221aff759","isMergeCommit":false,"messageTitle":"Echo","messageBody":"repeats all command entered by user and exits when user enters bye\n","tags":["Level-1"],"fileTypesAndContributionMap":{"java":{"insertions":25,"deletions":7}}},{"hash":"6e60e719017596e724b9990051fb1e21f2c2b554","isMergeCommit":false,"messageTitle":"Add, List","messageBody":"store texts entered by user and display them when prompted by the command \"list\"\n","tags":["Level-2"],"fileTypesAndContributionMap":{"java":{"insertions":24,"deletions":5}}}]},{"date":"2026-01-17T00:00:00","commitResults":[{"hash":"13d5ce20d61cac5e3277f11b35d3ee05c4a49065","isMergeCommit":false,"messageTitle":"Mark as Done","messageBody":"allow users to mark and unmark tasks\n","tags":["Level-3"],"fileTypesAndContributionMap":{"java":{"insertions":65,"deletions":6}}},{"hash":"6cf8b3ea71e312e915e6557f92086bfb30359dae","isMergeCommit":false,"messageTitle":"ToDos, Events, Deadlines","messageBody":"handle 3 types of tasks (event, todo, deadline) for the users\n","tags":["Level-4"],"fileTypesAndContributionMap":{"java":{"insertions":82,"deletions":5}}},{"hash":"2f1e2f8b836d0fa2472516a97d78571a3e2b3170","isMergeCommit":false,"messageTitle":"Automated Text UI Testing","messageBody":"automate the testing to check if the chatbot gives the correct output\n","tags":["A-TextUiTesting"],"fileTypesAndContributionMap":{"txt":{"insertions":8,"deletions":0},"java":{"insertions":23,"deletions":23},"sh":{"insertions":4,"deletions":4}}},{"hash":"802e1e51e49568b10a7e389681d479520b527cef","isMergeCommit":false,"messageTitle":"Handle Errors","messageBody":"create StitchException to handle possible errors\n","tags":["Level-5"],"fileTypesAndContributionMap":{"java":{"insertions":96,"deletions":56}}},{"hash":"ec360f72bc366e21c7d67175fa48f191139afd1a","isMergeCommit":false,"messageTitle":"Delete","messageBody":"changed list to arraylist to allow easy deleting of tasks requested by user\n","tags":["Level-6"],"fileTypesAndContributionMap":{"java":{"insertions":86,"deletions":33}}}]},{"date":"2026-01-23T00:00:00","commitResults":[{"hash":"d7f09be26cd5e1f0fd0f39a4fb685bf015733f80","isMergeCommit":false,"messageTitle":"Save task list changes","messageBody":"","fileTypesAndContributionMap":{"java":{"insertions":234,"deletions":130}}}]},{"date":"2026-01-24T00:00:00","commitResults":[{"hash":"c4a7b0c1a458a82f54286445e3db3f8928e33cb5","isMergeCommit":true,"messageTitle":"Merge branch \u0027branch-Level-7\u0027","messageBody":"","tags":["Level-7"],"fileTypesAndContributionMap":{}},{"hash":"a2bc31d27f96050fd451face8866d2b113200680","isMergeCommit":false,"messageTitle":"Dates and Times","messageBody":"","fileTypesAndContributionMap":{"txt":{"insertions":5,"deletions":2},"java":{"insertions":20,"deletions":11}}},{"hash":"bd58c009548a66d9a0d0d47f34164ac787c47d5b","isMergeCommit":false,"messageTitle":"Search tasks due on the specified date","messageBody":"","fileTypesAndContributionMap":{"txt":{"insertions":4,"deletions":0},"java":{"insertions":72,"deletions":7}}},{"hash":"58682fc2485c8160926c2b8bd76a305f88007b06","isMergeCommit":true,"messageTitle":"Merge branch \u0027branch-Level-8\u0027","messageBody":"","tags":["Level-8"],"fileTypesAndContributionMap":{}},{"hash":"0cb3dfce78ee3ff83af4eb7fec1f8aa688e068e2","isMergeCommit":false,"messageTitle":"Add Ui Class","messageBody":"","fileTypesAndContributionMap":{"txt":{"insertions":0,"deletions":3},"java":{"insertions":86,"deletions":54}}},{"hash":"ff57bec1d315bafad40a352f7f19692ac689a9ae","isMergeCommit":false,"messageTitle":"Add TaskList Class","messageBody":"","fileTypesAndContributionMap":{"txt":{"insertions":6,"deletions":3},"java":{"insertions":183,"deletions":199}}},{"hash":"2accf471f756de280953a927e0b687707eff2d4b","isMergeCommit":false,"messageTitle":"Add Parser Class","messageBody":"","fileTypesAndContributionMap":{"java":{"insertions":96,"deletions":47}}},{"hash":"3b10067b1d0fdb59a93af2a2f4b1ada6996434fe","isMergeCommit":true,"messageTitle":"Merge branch \u0027branch-OOP\u0027","messageBody":"","fileTypesAndContributionMap":{}},{"hash":"017c4ad1e7f194c115dfc8208c160e7667fc364f","isMergeCommit":false,"messageTitle":"Add more classes for OOP","messageBody":"","tags":["A-MoreOOP"],"fileTypesAndContributionMap":{"java":{"insertions":2,"deletions":2}}},{"hash":"cdade1857d6711ce9dfd8af7a66d27c96caf3f56","isMergeCommit":false,"messageTitle":"Make a stitch package","messageBody":"move all the files into the package\n","fileTypesAndContributionMap":{"java":{"insertions":12,"deletions":0}}},{"hash":"f7b40e09c4632289c1cb7aa7cdff1c65757acb66","isMergeCommit":true,"messageTitle":"Merge branch \u0027branch-package\u0027","messageBody":"","tags":["A-Packages"],"fileTypesAndContributionMap":{}},{"hash":"1524dd5f0ef52d2477d5dd96f902d35421165d96","isMergeCommit":true,"messageTitle":"Merge remote-tracking branch \u0027origin/add-gradle-support\u0027","messageBody":"","tags":["A-Gradle"],"fileTypesAndContributionMap":{}}]}]},"authorFileTypeContributionMap":{"Jasmitha-05":{"java":534,"md":0,"fxml":0,"sh":4,"bat":0,"gradle":0,"txt":15}},"authorContributionVariance":{"Jasmitha-05":53197.87},"authorDisplayNameMap":{"Jasmitha-05":"CS2103T-F10-4 VISW..ITHA"}}
