{"authorDailyContributionsMap":{"HoneyGlazedPorkChops":[{"date":"2026-01-20T00:00:00","commitResults":[{"hash":"794737e957fc31037ddad9b135ed65a9bd01da07","isMergeCommit":false,"messageTitle":"Renamed bot","messageBody":"","tags":["Level-0"],"fileTypesAndContributionMap":{"java":{"insertions":12,"deletions":10}}},{"hash":"9a47dddbde64e676167f5f71975141309f4e98b4","isMergeCommit":false,"messageTitle":"Added echo feature","messageBody":"","tags":["Level-1"],"fileTypesAndContributionMap":{"java":{"insertions":24,"deletions":0}}},{"hash":"e2daf642501b10e5219fc7750825819d5ad7a944","isMergeCommit":false,"messageTitle":"Add, List feature","messageBody":"","tags":["Level-2"],"fileTypesAndContributionMap":{"java":{"insertions":15,"deletions":1}}},{"hash":"d4c85ccd339776ce64312001862362f1a9fece6b","isMergeCommit":false,"messageTitle":"Mark as Done, Task class","messageBody":"","tags":["Level-3"],"fileTypesAndContributionMap":{"java":{"insertions":78,"deletions":3}}}]},{"date":"2026-01-21T00:00:00","commitResults":[{"hash":"f01b7cf4273d0c2f0f03b189b82d59019c44116f","isMergeCommit":false,"messageTitle":"Added Todo, Event and Deadline classes","messageBody":"","tags":["Level-4"],"fileTypesAndContributionMap":{"java":{"insertions":124,"deletions":23}}},{"hash":"894b0bab4d2336bd3c8e3a4c33545b2eed1af69b","isMergeCommit":false,"messageTitle":"Added TextUITesting, Changes to dialogue","messageBody":"","tags":["A-TextUITesting"],"fileTypesAndContributionMap":{"txt":{"insertions":14,"deletions":0},"java":{"insertions":63,"deletions":40},"sh":{"insertions":1,"deletions":1}}},{"hash":"4855192f3050183e625ac59c4191dd38c48befd3","isMergeCommit":false,"messageTitle":"Added unknown command exception handling","messageBody":"","tags":["Level-5"],"fileTypesAndContributionMap":{"txt":{"insertions":1,"deletions":0},"java":{"insertions":223,"deletions":119}}},{"hash":"0ac96197b50cc7c58528ac5c1e623869fc4cb189","isMergeCommit":false,"messageTitle":"Added Delete command, minor adjustments to dialogue","messageBody":"","tags":["Level-6"],"fileTypesAndContributionMap":{"txt":{"insertions":3,"deletions":1},"java":{"insertions":43,"deletions":6}}}]},{"date":"2026-01-26T00:00:00","commitResults":[{"hash":"065a0d60053b1bae92b36c87fc9c818f863fbe1a","isMergeCommit":false,"messageTitle":"Added save feature","messageBody":"","fileTypesAndContributionMap":{"java":{"insertions":83,"deletions":1}}},{"hash":"5e45d6e8f85e627684d6b30b245339f47d9aa08e","isMergeCommit":true,"messageTitle":"Merge branch \u0027branch-Level-7\u0027","messageBody":"","tags":["Level-7"],"fileTypesAndContributionMap":{}},{"hash":"57e1bbc9963bbc29a8226b34367b0d456219aa22","isMergeCommit":false,"messageTitle":"Level-8","messageBody":"","fileTypesAndContributionMap":{"java":{"insertions":93,"deletions":43}}},{"hash":"fb5c3038ec01dfb9e2db811f0fae92f9928a27e1","isMergeCommit":true,"messageTitle":"Merge branch \u0027branch-Level-8\u0027","messageBody":"","tags":["Level-8"],"fileTypesAndContributionMap":{}},{"hash":"d20a7dd2aef7ff1f7f2709a094ee9ee80006f51d","isMergeCommit":false,"messageTitle":"Improved text-UI test for saving","messageBody":"","fileTypesAndContributionMap":{"java":{"insertions":1,"deletions":1},"sh":{"insertions":3,"deletions":0}}},{"hash":"d3fb26c640b627b5b7602f8fcd769711b217fbf4","isMergeCommit":true,"messageTitle":"Merge branch \u0027branch-Level-7\u0027","messageBody":"","tags":["Test-Improvement"],"fileTypesAndContributionMap":{}},{"hash":"05aa4e57610dddc27ee55b9efdfdce9638bf37d7","isMergeCommit":false,"messageTitle":"Changed to include DateTime","messageBody":"","fileTypesAndContributionMap":{"txt":{"insertions":5,"deletions":5},"java":{"insertions":55,"deletions":22}}},{"hash":"f911bf0b68d03ebcf9770858002011191d0c6fc1","isMergeCommit":true,"messageTitle":"Merge branch \u0027branch-Level-8\u0027","messageBody":"","tags":["DateTime-format"],"fileTypesAndContributionMap":{}}]},{"date":"2026-01-27T00:00:00","commitResults":[{"hash":"0c4a76b67095e79289953260de2426928019923c","isMergeCommit":false,"messageTitle":"Add Storage class","messageBody":"","fileTypesAndContributionMap":{"java":{"insertions":157,"deletions":71}}},{"hash":"14c47b91a771869b02e71c5c943a04a0a47ffece","isMergeCommit":false,"messageTitle":"Add Ui class","messageBody":"","fileTypesAndContributionMap":{"txt":{"insertions":1,"deletions":1},"java":{"insertions":140,"deletions":175}}},{"hash":"7f34a3c67331643ef0f3295f4ef30a43e81c0ed5","isMergeCommit":false,"messageTitle":"Add TaskList class","messageBody":"","fileTypesAndContributionMap":{"java":{"insertions":48,"deletions":10}}},{"hash":"41d6d00ca4bc95614ae23236e3746735683cdacb","isMergeCommit":false,"messageTitle":"Add Command classes","messageBody":"","fileTypesAndContributionMap":{"java":{"insertions":430,"deletions":350}}},{"hash":"002dd4f0714a051c590211c7e992a3af4adea0a4","isMergeCommit":true,"messageTitle":"Merge branch \u0027A-MoreOOP\u0027","messageBody":"","tags":["A-MoreOOP"],"fileTypesAndContributionMap":{}}]},{"date":"2026-01-28T00:00:00","commitResults":[{"hash":"d1aedaa7ab05ec81e887d5ac7a60cf2059ab426b","isMergeCommit":false,"messageTitle":"Add packages for existing classes","messageBody":"","fileTypesAndContributionMap":{"java":{"insertions":93,"deletions":3},"sh":{"insertions":2,"deletions":2}}},{"hash":"d790225887077add557e32beab1bbf3ab6f8ed4c","isMergeCommit":true,"messageTitle":"Merge branch \u0027branch-A-Packages\u0027","messageBody":"","tags":["Packages"],"fileTypesAndContributionMap":{}},{"hash":"55577e989ed9408f0803f52ff0b46b3822e7e6a6","isMergeCommit":true,"messageTitle":"Merge branch \u0027add-gradle-support\u0027","messageBody":"","fileTypesAndContributionMap":{}}]},{"date":"2026-01-29T00:00:00","commitResults":[{"hash":"63b3b75920446c97f15e8b7c17ae67ea4ff33c02","isMergeCommit":false,"messageTitle":"Add gradle support","messageBody":"","fileTypesAndContributionMap":{"gradle":{"insertions":2,"deletions":2},"java":{"insertions":286,"deletions":62}}},{"hash":"9df67a9239cd681e637e7aadf5be2b87a752610d","isMergeCommit":true,"messageTitle":"Merge branch \u0027branch-A-gradle\u0027","messageBody":"","tags":["A-Gradle"],"fileTypesAndContributionMap":{}},{"hash":"ed9ed1ea90c8074defa06aae16807b60644628e1","isMergeCommit":false,"messageTitle":"Add Junit tests","messageBody":"","fileTypesAndContributionMap":{"java":{"insertions":30,"deletions":0}}},{"hash":"8f698feb5da39f604062e0a57c875a1c8ed68cdb","isMergeCommit":true,"messageTitle":"Merge branch \u0027branch-A-JUnit\u0027","messageBody":"","tags":["A-Jar","A-JUnit"],"fileTypesAndContributionMap":{}},{"hash":"08bf0288545a6ae9483cefaa02e4d514905300a7","isMergeCommit":false,"messageTitle":"Add JavaDoc","messageBody":"","fileTypesAndContributionMap":{"java":{"insertions":172,"deletions":0}}},{"hash":"541fd70db242f74bdcd6472931e770a9d02bd66a","isMergeCommit":true,"messageTitle":"Merge branch \u0027branch-A-JavaDoc\u0027","messageBody":"","tags":["A-JavaDoc"],"fileTypesAndContributionMap":{}},{"hash":"41595e1cb237f593fdf3626ace6d6ae3c1b9d039","isMergeCommit":false,"messageTitle":"Change Switch-case Coding Style","messageBody":"","fileTypesAndContributionMap":{"java":{"insertions":10,"deletions":10}}},{"hash":"4747e2f61121d17150b5a844790f14138012a812","isMergeCommit":true,"messageTitle":"Merge branch \u0027branch-A-CodingStandard\u0027","messageBody":"","tags":["CodingStandard"],"fileTypesAndContributionMap":{}},{"hash":"f172418aa0bf75f68f987e4357a2bf087f3be2cf","isMergeCommit":false,"messageTitle":"Add Find command","messageBody":"","fileTypesAndContributionMap":{"java":{"insertions":65,"deletions":1}}},{"hash":"e25f0f46fa25ef3436f11a7bc048997c9c1026d1","isMergeCommit":true,"messageTitle":"Merge branch \u0027branch-Level-9\u0027","messageBody":"","tags":["Level-9"],"fileTypesAndContributionMap":{}}]},{"date":"2026-01-30T00:00:00","commitResults":[{"hash":"fd515ec894649fcfc0fcb4af488e15ed0c9ff78d","isMergeCommit":false,"messageTitle":"Add checkstyle","messageBody":"","fileTypesAndContributionMap":{"gradle":{"insertions":9,"deletions":0},"java":{"insertions":102,"deletions":50}}},{"hash":"43448b0d7fbd4e21015770ed5407a64877d8e0bf","isMergeCommit":true,"messageTitle":"Merge branch \u0027branch-A-CheckStyle\u0027","messageBody":"","tags":["A-CheckStyle"],"fileTypesAndContributionMap":{}}]},{"date":"2026-02-06T00:00:00","commitResults":[{"hash":"6aefe688c8b2366f21e098e963c0d3ef616042d0","isMergeCommit":false,"messageTitle":"Add GUI feature","messageBody":"","fileTypesAndContributionMap":{"gradle":{"insertions":2,"deletions":6},"fxml":{"insertions":70,"deletions":0},"java":{"insertions":351,"deletions":172}}},{"hash":"0217f0a314e0e28d849d0b538147adb3b701d9cb","isMergeCommit":true,"messageTitle":"Merge branch \u0027branch-Level-10\u0027","messageBody":"","tags":["Level-10"],"fileTypesAndContributionMap":{}},{"hash":"eae8822e5357d042fc4b7e754392eacf89e63a7d","isMergeCommit":false,"messageTitle":"Add BGM, pause and resume command","messageBody":"","fileTypesAndContributionMap":{"java":{"insertions":45,"deletions":20}}},{"hash":"9eca25ed6af15c07d00644215e18ca869185039a","isMergeCommit":true,"messageTitle":"Merge branch \u0027branch-Level-10\u0027","messageBody":"","fileTypesAndContributionMap":{}}]}]},"authorFileTypeContributionMap":{"HoneyGlazedPorkChops":{"java":1560,"md":0,"fxml":70,"sh":5,"bat":0,"gradle":7,"txt":17}},"authorContributionVariance":{"HoneyGlazedPorkChops":96118.68},"authorDisplayNameMap":{"HoneyGlazedPorkChops":"CS2103T-W11-4 EUGE.. YOU"}}
