{"authorDailyContributionsMap":{"jiajunchang2002g":[{"date":"2026-01-15T00:00:00","commitResults":[{"hash":"51b2b8bba91cdef43f5cdc693703803099a461c6","isMergeCommit":false,"messageTitle":"Rename, Greet, Exit","messageBody":"","tags":["Level-0"],"fileTypesAndContributionMap":{"java":{"insertions":0,"deletions":0}}},{"hash":"4f173be0524fc6f578812c279d89eb7908f5122c","isMergeCommit":false,"messageTitle":"Echo","messageBody":"","tags":["Level-1"],"fileTypesAndContributionMap":{"java":{"insertions":15,"deletions":7}}},{"hash":"89d47785d642a87a876e2c6f97c7a50d42605dd7","isMergeCommit":false,"messageTitle":"Add, List","messageBody":"","tags":["Level-2"],"fileTypesAndContributionMap":{"java":{"insertions":61,"deletions":10}}},{"hash":"c59a79ce66a8769d0e524834430b416db03ee74d","isMergeCommit":false,"messageTitle":"Mark as Done","messageBody":"","tags":["Level-3"],"fileTypesAndContributionMap":{"java":{"insertions":11,"deletions":1}}},{"hash":"3bc77b699ea6725ce3524b9a5903a0baaf0c2607","isMergeCommit":false,"messageTitle":"Todo, Event, Deadline","messageBody":"","tags":["Level-4"],"fileTypesAndContributionMap":{"java":{"insertions":66,"deletions":6}}}]},{"date":"2026-01-16T00:00:00","commitResults":[{"hash":"14eff97e770ebb16025e382c571ca7e915f5f3d4","isMergeCommit":false,"messageTitle":"Handle Errors","messageBody":"","tags":["Level-5"],"fileTypesAndContributionMap":{"txt":{"insertions":11,"deletions":0},"java":{"insertions":142,"deletions":47},"bat":{"insertions":1,"deletions":1},"sh":{"insertions":1,"deletions":1}}},{"hash":"4416c82a0965505760a37436d53a07b93b8d66f0","isMergeCommit":false,"messageTitle":"Fix Handle Errors","messageBody":"","tags":["Level-6","A-TextUiTesting","A-Enum"],"fileTypesAndContributionMap":{"txt":{"insertions":4,"deletions":5},"java":{"insertions":18,"deletions":8}}},{"hash":"dda3dbb588d268e09146592041328ed7333fd340","isMergeCommit":false,"messageTitle":"Update readme","messageBody":"","fileTypesAndContributionMap":{"md":{"insertions":91,"deletions":9}}},{"hash":"0f91aabd036d69907019b741edb59a089c431343","isMergeCommit":false,"messageTitle":"Update docs readme","messageBody":"","fileTypesAndContributionMap":{"md":{"insertions":1,"deletions":1}}}]}]},"authorFileTypeContributionMap":{"jiajunchang2002g":{"java":242,"md":92,"fxml":0,"sh":1,"bat":1,"gradle":0,"txt":10}},"authorContributionVariance":{"jiajunchang2002g":14258.6875},"authorDisplayNameMap":{"jiajunchang2002g":"CHAN.. JUN"}}
