[{"path":"src/main/java/Bluga.java","fileType":"java","lines":[{"lineNumber":1,"author":{"gitId":"woshingmachine"},"content":"import java.util.ArrayList;","lastModifiedDate":"2026-01-21T18:47:07","isFullCredit":false},{"lineNumber":2,"author":{"gitId":"woshingmachine"},"content":"import java.util.Scanner;","lastModifiedDate":"2026-01-21T18:30:55","isFullCredit":false},{"lineNumber":3,"author":{"gitId":"woshingmachine"},"content":"","lastModifiedDate":"2026-01-21T18:30:55","isFullCredit":false},{"lineNumber":4,"author":{"gitId":"woshingmachine"},"content":"public class Bluga {","lastModifiedDate":"2026-01-21T18:06:29","isFullCredit":false},{"lineNumber":5,"author":{"gitId":"woshingmachine"},"content":"    public static void main(String[] args) {","lastModifiedDate":"2026-01-21T18:06:29","isFullCredit":false},{"lineNumber":6,"author":{"gitId":"woshingmachine"},"content":"        Scanner scanner \u003d new Scanner(System.in);","lastModifiedDate":"2026-01-21T18:30:55","isFullCredit":false},{"lineNumber":7,"author":{"gitId":"woshingmachine"},"content":"        ArrayList\u003cTask\u003e list \u003d new ArrayList\u003c\u003e();","lastModifiedDate":"2026-01-21T21:33:08","isFullCredit":false},{"lineNumber":8,"author":{"gitId":"woshingmachine"},"content":"","lastModifiedDate":"2026-01-21T21:33:08","isFullCredit":false},{"lineNumber":9,"author":{"gitId":"woshingmachine"},"content":"        String name \u003d \"______ _                   \\n\" +","lastModifiedDate":"2026-01-21T18:06:29","isFullCredit":false},{"lineNumber":10,"author":{"gitId":"woshingmachine"},"content":"                \"| ___ \\\\ |                  \\n\" +","lastModifiedDate":"2026-01-21T18:06:29","isFullCredit":false},{"lineNumber":11,"author":{"gitId":"woshingmachine"},"content":"                \"| |_/ / |_   _  __ _  __ _ \\n\" +","lastModifiedDate":"2026-01-21T18:06:29","isFullCredit":false},{"lineNumber":12,"author":{"gitId":"woshingmachine"},"content":"                \"| ___ \\\\ | | | |/ _` |/ _` |\\n\" +","lastModifiedDate":"2026-01-21T18:06:29","isFullCredit":false},{"lineNumber":13,"author":{"gitId":"woshingmachine"},"content":"                \"| |_/ / | |_| | (_| | (_| |\\n\" +","lastModifiedDate":"2026-01-21T18:06:29","isFullCredit":false},{"lineNumber":14,"author":{"gitId":"woshingmachine"},"content":"                \"\\\\____/|_|\\\\__,_|\\\\__, |\\\\__,_|\\n\" +","lastModifiedDate":"2026-01-21T18:06:29","isFullCredit":false},{"lineNumber":15,"author":{"gitId":"woshingmachine"},"content":"                \"                __/ |      \\n\" +","lastModifiedDate":"2026-01-21T18:06:29","isFullCredit":false},{"lineNumber":16,"author":{"gitId":"woshingmachine"},"content":"                \"               |___/       \\n\";","lastModifiedDate":"2026-01-21T18:06:29","isFullCredit":false},{"lineNumber":17,"author":{"gitId":"woshingmachine"},"content":"        String lines \u003d \"------------------------------\\n\";","lastModifiedDate":"2026-01-21T18:06:29","isFullCredit":false},{"lineNumber":18,"author":{"gitId":"woshingmachine"},"content":"","lastModifiedDate":"2026-01-21T21:33:08","isFullCredit":false},{"lineNumber":19,"author":{"gitId":"woshingmachine"},"content":"        System.out.println(","lastModifiedDate":"2026-01-21T18:06:29","isFullCredit":false},{"lineNumber":20,"author":{"gitId":"woshingmachine"},"content":"                lines","lastModifiedDate":"2026-01-21T18:06:29","isFullCredit":false},{"lineNumber":21,"author":{"gitId":"woshingmachine"},"content":"                + \"What\u0027s up twin, I\u0027m\\n\"","lastModifiedDate":"2026-01-21T21:33:08","isFullCredit":false},{"lineNumber":22,"author":{"gitId":"woshingmachine"},"content":"                + name","lastModifiedDate":"2026-01-21T18:06:29","isFullCredit":false},{"lineNumber":23,"author":{"gitId":"woshingmachine"},"content":"                + lines","lastModifiedDate":"2026-01-21T18:06:29","isFullCredit":false},{"lineNumber":24,"author":{"gitId":"woshingmachine"},"content":"                + \"What can I do for you twin?\\n\"","lastModifiedDate":"2026-01-21T21:33:08","isFullCredit":false},{"lineNumber":25,"author":{"gitId":"woshingmachine"},"content":"                + lines);","lastModifiedDate":"2026-01-21T18:30:55","isFullCredit":false},{"lineNumber":26,"author":{"gitId":"woshingmachine"},"content":"","lastModifiedDate":"2026-01-21T18:30:55","isFullCredit":false},{"lineNumber":27,"author":{"gitId":"woshingmachine"},"content":"        while (true) {","lastModifiedDate":"2026-01-21T18:30:55","isFullCredit":false},{"lineNumber":28,"author":{"gitId":"woshingmachine"},"content":"            String input \u003d scanner.nextLine();","lastModifiedDate":"2026-01-21T18:30:55","isFullCredit":false},{"lineNumber":29,"author":{"gitId":"woshingmachine"},"content":"            // Handle bye case","lastModifiedDate":"2026-01-21T21:33:08","isFullCredit":false},{"lineNumber":30,"author":{"gitId":"woshingmachine"},"content":"            if (input.equalsIgnoreCase(\"bye\")) {","lastModifiedDate":"2026-01-21T18:30:55","isFullCredit":false},{"lineNumber":31,"author":{"gitId":"woshingmachine"},"content":"                System.out.println(lines + \"See you soon twin.\\n\" + lines);","lastModifiedDate":"2026-01-21T21:33:08","isFullCredit":false},{"lineNumber":32,"author":{"gitId":"woshingmachine"},"content":"                break;","lastModifiedDate":"2026-01-21T18:30:55","isFullCredit":false},{"lineNumber":33,"author":{"gitId":"woshingmachine"},"content":"            }","lastModifiedDate":"2026-01-21T18:47:07","isFullCredit":false},{"lineNumber":34,"author":{"gitId":"woshingmachine"},"content":"            // Handle list case","lastModifiedDate":"2026-01-21T21:33:08","isFullCredit":false},{"lineNumber":35,"author":{"gitId":"woshingmachine"},"content":"            else if (input.equalsIgnoreCase(\"list\")){","lastModifiedDate":"2026-01-21T21:33:08","isFullCredit":false},{"lineNumber":36,"author":{"gitId":"woshingmachine"},"content":"                System.out.println(lines + \"Here are your tasks, twin:\\n\");","lastModifiedDate":"2026-01-21T21:33:08","isFullCredit":false},{"lineNumber":37,"author":{"gitId":"woshingmachine"},"content":"                Bluga.printList(list);","lastModifiedDate":"2026-01-21T21:33:08","isFullCredit":false},{"lineNumber":38,"author":{"gitId":"woshingmachine"},"content":"                System.out.println(lines);","lastModifiedDate":"2026-01-21T21:33:08","isFullCredit":false},{"lineNumber":39,"author":{"gitId":"woshingmachine"},"content":"            }","lastModifiedDate":"2026-01-21T21:33:08","isFullCredit":false},{"lineNumber":40,"author":{"gitId":"woshingmachine"},"content":"            // Handle mark and unmark cases with error handling","lastModifiedDate":"2026-01-21T21:33:08","isFullCredit":false},{"lineNumber":41,"author":{"gitId":"woshingmachine"},"content":"            else if (input.toLowerCase().startsWith(\"mark\") || input.toLowerCase().startsWith(\"unmark\")) {","lastModifiedDate":"2026-01-21T21:33:08","isFullCredit":false},{"lineNumber":42,"author":{"gitId":"woshingmachine"},"content":"                boolean isMark \u003d input.toLowerCase().startsWith(\"mark\");","lastModifiedDate":"2026-01-21T21:33:08","isFullCredit":false},{"lineNumber":43,"author":{"gitId":"woshingmachine"},"content":"                try {","lastModifiedDate":"2026-01-21T21:33:08","isFullCredit":false},{"lineNumber":44,"author":{"gitId":"woshingmachine"},"content":"                    int index \u003d Integer.parseInt(input.split(\" \")[1]) - 1; // -1 because of 1 indexing","lastModifiedDate":"2026-01-21T21:33:08","isFullCredit":false},{"lineNumber":45,"author":{"gitId":"woshingmachine"},"content":"                    if (index \u003e\u003d 0 \u0026\u0026 index \u003c list.size()) {","lastModifiedDate":"2026-01-21T21:33:08","isFullCredit":false},{"lineNumber":46,"author":{"gitId":"woshingmachine"},"content":"                        if (isMark) {","lastModifiedDate":"2026-01-21T21:33:08","isFullCredit":false},{"lineNumber":47,"author":{"gitId":"woshingmachine"},"content":"                            list.get(index).mark();","lastModifiedDate":"2026-01-21T21:33:08","isFullCredit":false},{"lineNumber":48,"author":{"gitId":"woshingmachine"},"content":"                        } else {","lastModifiedDate":"2026-01-21T18:30:55","isFullCredit":false},{"lineNumber":49,"author":{"gitId":"woshingmachine"},"content":"                            list.get(index).unmark();","lastModifiedDate":"2026-01-21T21:33:08","isFullCredit":false},{"lineNumber":50,"author":{"gitId":"woshingmachine"},"content":"                        }","lastModifiedDate":"2026-01-21T21:33:08","isFullCredit":false},{"lineNumber":51,"author":{"gitId":"woshingmachine"},"content":"                        String action \u003d isMark ? \"marked\" : \"unmarked\";","lastModifiedDate":"2026-01-21T21:33:08","isFullCredit":false},{"lineNumber":52,"author":{"gitId":"woshingmachine"},"content":"                        printListWithHeader(\"Nice, twin! I\u0027ve \" + action + \" the item.\\n\", list, lines);","lastModifiedDate":"2026-01-21T21:33:08","isFullCredit":false},{"lineNumber":53,"author":{"gitId":"woshingmachine"},"content":"                    } else {","lastModifiedDate":"2026-01-21T21:33:08","isFullCredit":false},{"lineNumber":54,"author":{"gitId":"woshingmachine"},"content":"                        System.out.println(\"Invalid Number.\\n\");","lastModifiedDate":"2026-01-21T21:33:08","isFullCredit":false},{"lineNumber":55,"author":{"gitId":"woshingmachine"},"content":"                    }","lastModifiedDate":"2026-01-21T21:33:08","isFullCredit":false},{"lineNumber":56,"author":{"gitId":"woshingmachine"},"content":"                } catch (Exception e) {","lastModifiedDate":"2026-01-21T21:33:08","isFullCredit":false},{"lineNumber":57,"author":{"gitId":"woshingmachine"},"content":"                    System.out.println(\"Please enter a valid number after mark.\\n\");","lastModifiedDate":"2026-01-21T21:33:08","isFullCredit":false},{"lineNumber":58,"author":{"gitId":"woshingmachine"},"content":"                }","lastModifiedDate":"2026-01-21T21:33:08","isFullCredit":false},{"lineNumber":59,"author":{"gitId":"woshingmachine"},"content":"            }","lastModifiedDate":"2026-01-21T21:33:08","isFullCredit":false},{"lineNumber":60,"author":{"gitId":"woshingmachine"},"content":"            // Handle input case","lastModifiedDate":"2026-01-21T21:33:08","isFullCredit":false},{"lineNumber":61,"author":{"gitId":"woshingmachine"},"content":"            else {","lastModifiedDate":"2026-01-21T21:33:08","isFullCredit":false},{"lineNumber":62,"author":{"gitId":"woshingmachine"},"content":"                list.add(new Task(input));","lastModifiedDate":"2026-01-21T21:33:08","isFullCredit":false},{"lineNumber":63,"author":{"gitId":"woshingmachine"},"content":"                System.out.println(lines + \"Added: \" + input + \"\\n\" + lines);","lastModifiedDate":"2026-01-21T18:47:07","isFullCredit":false},{"lineNumber":64,"author":{"gitId":"woshingmachine"},"content":"            }","lastModifiedDate":"2026-01-21T18:30:55","isFullCredit":false},{"lineNumber":65,"author":{"gitId":"woshingmachine"},"content":"        }","lastModifiedDate":"2026-01-21T18:30:55","isFullCredit":false},{"lineNumber":66,"author":{"gitId":"woshingmachine"},"content":"    }","lastModifiedDate":"2026-01-21T18:06:29","isFullCredit":false},{"lineNumber":67,"author":{"gitId":"woshingmachine"},"content":"","lastModifiedDate":"2026-01-21T21:33:08","isFullCredit":false},{"lineNumber":68,"author":{"gitId":"woshingmachine"},"content":"    public static void printList(ArrayList\u003cTask\u003e list) {","lastModifiedDate":"2026-01-21T21:33:08","isFullCredit":false},{"lineNumber":69,"author":{"gitId":"woshingmachine"},"content":"        for (int i \u003d 0; i \u003c list.size(); i++) {","lastModifiedDate":"2026-01-21T21:33:08","isFullCredit":false},{"lineNumber":70,"author":{"gitId":"woshingmachine"},"content":"            System.out.println(i + 1","lastModifiedDate":"2026-01-21T21:33:08","isFullCredit":false},{"lineNumber":71,"author":{"gitId":"woshingmachine"},"content":"                    + \". \"","lastModifiedDate":"2026-01-21T21:33:08","isFullCredit":false},{"lineNumber":72,"author":{"gitId":"woshingmachine"},"content":"                    + list.get(i).getStatusIcon()","lastModifiedDate":"2026-01-21T21:33:08","isFullCredit":false},{"lineNumber":73,"author":{"gitId":"woshingmachine"},"content":"                    + list.get(i).getDescription()","lastModifiedDate":"2026-01-21T21:33:08","isFullCredit":false},{"lineNumber":74,"author":{"gitId":"woshingmachine"},"content":"                    + \"\\n\");","lastModifiedDate":"2026-01-21T21:33:08","isFullCredit":false},{"lineNumber":75,"author":{"gitId":"woshingmachine"},"content":"        }","lastModifiedDate":"2026-01-21T21:33:08","isFullCredit":false},{"lineNumber":76,"author":{"gitId":"woshingmachine"},"content":"    }","lastModifiedDate":"2026-01-21T21:33:08","isFullCredit":false},{"lineNumber":77,"author":{"gitId":"woshingmachine"},"content":"","lastModifiedDate":"2026-01-21T21:33:08","isFullCredit":false},{"lineNumber":78,"author":{"gitId":"woshingmachine"},"content":"    public static void printListWithHeader(String header, ArrayList\u003cTask\u003e list, String lines) {","lastModifiedDate":"2026-01-21T21:33:08","isFullCredit":false},{"lineNumber":79,"author":{"gitId":"woshingmachine"},"content":"        System.out.println(lines + header);","lastModifiedDate":"2026-01-21T21:33:08","isFullCredit":false},{"lineNumber":80,"author":{"gitId":"woshingmachine"},"content":"        Bluga.printList(list);","lastModifiedDate":"2026-01-21T21:33:08","isFullCredit":false},{"lineNumber":81,"author":{"gitId":"woshingmachine"},"content":"        System.out.println(lines);","lastModifiedDate":"2026-01-21T21:33:08","isFullCredit":false},{"lineNumber":82,"author":{"gitId":"woshingmachine"},"content":"    }","lastModifiedDate":"2026-01-21T21:33:08","isFullCredit":false},{"lineNumber":83,"author":{"gitId":"woshingmachine"},"content":"}","lastModifiedDate":"2026-01-21T18:06:29","isFullCredit":false}],"authorContributionMap":{"woshingmachine":83}},{"path":"src/main/java/Task.java","fileType":"java","lines":[{"lineNumber":1,"author":{"gitId":"woshingmachine"},"content":"public class Task {","lastModifiedDate":"2026-01-21T21:33:08","isFullCredit":false},{"lineNumber":2,"author":{"gitId":"woshingmachine"},"content":"    private String description;","lastModifiedDate":"2026-01-21T21:33:08","isFullCredit":false},{"lineNumber":3,"author":{"gitId":"woshingmachine"},"content":"    private boolean isDone;","lastModifiedDate":"2026-01-21T21:33:08","isFullCredit":false},{"lineNumber":4,"author":{"gitId":"woshingmachine"},"content":"","lastModifiedDate":"2026-01-21T21:33:08","isFullCredit":false},{"lineNumber":5,"author":{"gitId":"woshingmachine"},"content":"    public Task(String description) {","lastModifiedDate":"2026-01-21T21:33:08","isFullCredit":false},{"lineNumber":6,"author":{"gitId":"woshingmachine"},"content":"        this.description \u003d description;","lastModifiedDate":"2026-01-21T21:33:08","isFullCredit":false},{"lineNumber":7,"author":{"gitId":"woshingmachine"},"content":"        this.isDone \u003d false;","lastModifiedDate":"2026-01-21T21:33:08","isFullCredit":false},{"lineNumber":8,"author":{"gitId":"woshingmachine"},"content":"    }","lastModifiedDate":"2026-01-21T21:33:08","isFullCredit":false},{"lineNumber":9,"author":{"gitId":"woshingmachine"},"content":"","lastModifiedDate":"2026-01-21T21:33:08","isFullCredit":false},{"lineNumber":10,"author":{"gitId":"woshingmachine"},"content":"    public String getDescription() {","lastModifiedDate":"2026-01-21T21:33:08","isFullCredit":false},{"lineNumber":11,"author":{"gitId":"woshingmachine"},"content":"        return this.description;","lastModifiedDate":"2026-01-21T21:33:08","isFullCredit":false},{"lineNumber":12,"author":{"gitId":"woshingmachine"},"content":"    }","lastModifiedDate":"2026-01-21T21:33:08","isFullCredit":false},{"lineNumber":13,"author":{"gitId":"woshingmachine"},"content":"","lastModifiedDate":"2026-01-21T21:33:08","isFullCredit":false},{"lineNumber":14,"author":{"gitId":"woshingmachine"},"content":"    public boolean getIsDone() {","lastModifiedDate":"2026-01-21T21:33:08","isFullCredit":false},{"lineNumber":15,"author":{"gitId":"woshingmachine"},"content":"        return this.isDone;","lastModifiedDate":"2026-01-21T21:33:08","isFullCredit":false},{"lineNumber":16,"author":{"gitId":"woshingmachine"},"content":"    }","lastModifiedDate":"2026-01-21T21:33:08","isFullCredit":false},{"lineNumber":17,"author":{"gitId":"woshingmachine"},"content":"","lastModifiedDate":"2026-01-21T21:33:08","isFullCredit":false},{"lineNumber":18,"author":{"gitId":"woshingmachine"},"content":"    public void mark() {","lastModifiedDate":"2026-01-21T21:33:08","isFullCredit":false},{"lineNumber":19,"author":{"gitId":"woshingmachine"},"content":"        this.isDone \u003d true;","lastModifiedDate":"2026-01-21T21:33:08","isFullCredit":false},{"lineNumber":20,"author":{"gitId":"woshingmachine"},"content":"    }","lastModifiedDate":"2026-01-21T21:33:08","isFullCredit":false},{"lineNumber":21,"author":{"gitId":"woshingmachine"},"content":"","lastModifiedDate":"2026-01-21T21:33:08","isFullCredit":false},{"lineNumber":22,"author":{"gitId":"woshingmachine"},"content":"    public void unmark() {","lastModifiedDate":"2026-01-21T21:33:08","isFullCredit":false},{"lineNumber":23,"author":{"gitId":"woshingmachine"},"content":"        this.isDone \u003d false;","lastModifiedDate":"2026-01-21T21:33:08","isFullCredit":false},{"lineNumber":24,"author":{"gitId":"woshingmachine"},"content":"    }","lastModifiedDate":"2026-01-21T21:33:08","isFullCredit":false},{"lineNumber":25,"author":{"gitId":"woshingmachine"},"content":"","lastModifiedDate":"2026-01-21T21:33:08","isFullCredit":false},{"lineNumber":26,"author":{"gitId":"woshingmachine"},"content":"    public String getStatusIcon() {","lastModifiedDate":"2026-01-21T21:33:08","isFullCredit":false},{"lineNumber":27,"author":{"gitId":"woshingmachine"},"content":"        return (this.isDone ? \"[X]\" : \"[ ]\");","lastModifiedDate":"2026-01-21T21:33:08","isFullCredit":false},{"lineNumber":28,"author":{"gitId":"woshingmachine"},"content":"    }","lastModifiedDate":"2026-01-21T21:33:08","isFullCredit":false},{"lineNumber":29,"author":{"gitId":"woshingmachine"},"content":"}","lastModifiedDate":"2026-01-21T21:33:08","isFullCredit":false}],"authorContributionMap":{"woshingmachine":29}}]
