{"authorDailyContributionsMap":{"DPI2-HSS-HP217":[{"date":"2026-01-21T00:00:00","commitResults":[{"hash":"a59a5a52ace9845f08ac124cfcfa9dc618bed5f8","isMergeCommit":false,"messageTitle":"Rename Duke to Nephilim","messageBody":"Rename chatbot name and add a skeletal greeting/goodbye message.\n","tags":["Level-0"],"fileTypesAndContributionMap":{"java":{"insertions":16,"deletions":10},"bat":{"insertions":1,"deletions":1},"md":{"insertions":3,"deletions":3}}},{"hash":"969beee493247cd4468e0b6c6e3ed74cf04f5f07","isMergeCommit":false,"messageTitle":"Add support for echo","messageBody":"Chatbot will echo user input and exit on \"bye\" input.\n","tags":["Level-1"],"fileTypesAndContributionMap":{"java":{"insertions":12,"deletions":2}}}]},{"date":"2026-01-22T00:00:00","commitResults":[{"hash":"a1684d95219f98bcdf91735160901217ab8f97f9","isMergeCommit":false,"messageTitle":"Add list support","messageBody":"","tags":["Level-2"],"fileTypesAndContributionMap":{"java":{"insertions":25,"deletions":6}}},{"hash":"912dd58d1356fe49849495030603915ad12d059c","isMergeCommit":false,"messageTitle":"Add ability to mark tasks as done/not done","messageBody":"","tags":["Level-3"],"fileTypesAndContributionMap":{"java":{"insertions":47,"deletions":10}}},{"hash":"555014bb277995031811c3ef9cae938130fdede7","isMergeCommit":false,"messageTitle":"Add todos, events, deadlines","messageBody":"","tags":["Level-4"],"fileTypesAndContributionMap":{"java":{"insertions":73,"deletions":1}}},{"hash":"0ab21b0d437f1ab6e2fc62a0af4a1afa47eb0540","isMergeCommit":false,"messageTitle":"Add automated UI test","messageBody":"","tags":["A-TextUiTesting"],"fileTypesAndContributionMap":{"txt":{"insertions":7,"deletions":0}}},{"hash":"178a44426d07be8bb74c27571c5d428501d362ee","isMergeCommit":false,"messageTitle":"Add ability to delete tasks from list","messageBody":"","tags":["Level-6"],"fileTypesAndContributionMap":{"java":{"insertions":16,"deletions":4}}}]},{"date":"2026-01-23T00:00:00","commitResults":[{"hash":"3f95ef7b697ead549db8534ef55cabb7da9fba43","isMergeCommit":false,"messageTitle":"Add exception handling","messageBody":"","tags":["Level-5"],"fileTypesAndContributionMap":{"java":{"insertions":136,"deletions":77}}}]},{"date":"2026-01-28T00:00:00","commitResults":[{"hash":"508e79512c6ec810aafcdbd2c69feeda4b7034bf","isMergeCommit":false,"messageTitle":"Rename variables to fit CS2103T Coding Standard","messageBody":"","fileTypesAndContributionMap":{"java":{"insertions":52,"deletions":42}}},{"hash":"f39fec9d53ea1fef4a88bbd10e8ec596c97815b3","isMergeCommit":false,"messageTitle":"Separate formatting of message into a distinct method","messageBody":"","fileTypesAndContributionMap":{"java":{"insertions":44,"deletions":28}}}]},{"date":"2026-01-29T00:00:00","commitResults":[{"hash":"a1635615d5ffe1238a8d7e56a38caff4596dd623","isMergeCommit":false,"messageTitle":"Add saving to / reading from hard drive to task list","messageBody":"","fileTypesAndContributionMap":{"java":{"insertions":149,"deletions":29}}},{"hash":"27c8430a893d613dc63bac3fa810fe368fb0afb3","isMergeCommit":true,"messageTitle":"Merge branch \u0027branch-level-7\u0027","messageBody":"","tags":["Level-7"],"fileTypesAndContributionMap":{}}]},{"date":"2026-01-30T00:00:00","commitResults":[{"hash":"a66243528a1827c02ab32f710f9fffa7dcf354bc","isMergeCommit":false,"messageTitle":"Add recognising date/time functionality","messageBody":"","fileTypesAndContributionMap":{"java":{"insertions":46,"deletions":18}}},{"hash":"eeb6e96828337aec253308a4cf86e6b47b50bac3","isMergeCommit":true,"messageTitle":"Merge branch \u0027branch-Level-8\u0027, add recognising time/date functionality","messageBody":"","tags":["Level-8"],"fileTypesAndContributionMap":{}},{"hash":"a8b6b75e9f9a0d1a7ba7da38cf27bafb2debc8ab","isMergeCommit":false,"messageTitle":"Remove testing statement that was causing bugs","messageBody":"","fileTypesAndContributionMap":{"java":{"insertions":4,"deletions":5}}}]}]},"authorFileTypeContributionMap":{"DPI2-HSS-HP217":{"java":398,"md":3,"fxml":0,"sh":0,"bat":1,"gradle":0,"txt":7}},"authorContributionVariance":{"DPI2-HSS-HP217":5172.5146},"authorDisplayNameMap":{"DPI2-HSS-HP217":"CS2103T-F10-4 ETHA..YANG"}}
