{"authorDailyContributionsMap":{"ongjiacheng":[{"date":"2026-01-21T00:00:00","commitResults":[{"hash":"c72f15e0fac0bad2b1aae1600e766f5de30a1943","isMergeCommit":false,"messageTitle":"Complete Level 0. Rename, Greet, Exit","messageBody":"","fileTypesAndContributionMap":{"java":{"insertions":13,"deletions":10}}},{"hash":"a81789f2df5b323b7189a2fd459c402ed2f4d00a","isMergeCommit":false,"messageTitle":"Completed Level 0. Rename, Greet, Exit","messageBody":"","fileTypesAndContributionMap":{"java":{"insertions":13,"deletions":10}}},{"hash":"68280f31f025da65b089a2fb36ab711e193d7033","isMergeCommit":false,"messageTitle":"Updated Level 0 to feature new chatbot name.","messageBody":"","tags":["Level-0"],"fileTypesAndContributionMap":{"java":{"insertions":1,"deletions":1}}},{"hash":"0cafdd6cb898e0676ed0386577d745fe49249dd4","isMergeCommit":false,"messageTitle":"Updated Level 0 to feature new chatbot name.","messageBody":"","fileTypesAndContributionMap":{"java":{"insertions":1,"deletions":1}}},{"hash":"77781450ebda57b7056a6dcd8177bac1a720fb48","isMergeCommit":false,"messageTitle":"Complete Level 1. Echo","messageBody":"","tags":["Level-1"],"fileTypesAndContributionMap":{"java":{"insertions":27,"deletions":9}}},{"hash":"372d1cc423996f77f7d4c04c8e90641fb5b29030","isMergeCommit":false,"messageTitle":"Completed Level 1. Echo","messageBody":"","fileTypesAndContributionMap":{"java":{"insertions":27,"deletions":9}}},{"hash":"5ecda9af5513c8553547553cf5e07a7c35b8fa9a","isMergeCommit":false,"messageTitle":"Complete Level 2. Add, List","messageBody":"","tags":["Level-2"],"fileTypesAndContributionMap":{"java":{"insertions":15,"deletions":14}}},{"hash":"ad5f5c53f31e6424942ca966683e1f3f17c9773a","isMergeCommit":false,"messageTitle":"Completed Level 2. Add, List","messageBody":"","fileTypesAndContributionMap":{"java":{"insertions":15,"deletions":14}}},{"hash":"f13998d785c8dbffbbdeeb2084b5fd61743bfd35","isMergeCommit":false,"messageTitle":"Verified Level 2 completion","messageBody":"","fileTypesAndContributionMap":{"java":{"insertions":1,"deletions":1}}},{"hash":"cdfdce53aef7a9eb4815ea8276e2c9da419f5965","isMergeCommit":false,"messageTitle":"Verified Level 2 completion","messageBody":"","fileTypesAndContributionMap":{"java":{"insertions":1,"deletions":1}}},{"hash":"46fed402f955f0d03abb1364d32b72a648f2835c","isMergeCommit":false,"messageTitle":"Complete Level 3. Mark as Done","messageBody":"","fileTypesAndContributionMap":{"java":{"insertions":19,"deletions":1}}},{"hash":"ab928ff2e54c69f7558a5fb14e2e70b7c5c10f6d","isMergeCommit":false,"messageTitle":"Completed Level 3. Mark as Done","messageBody":"","fileTypesAndContributionMap":{"java":{"insertions":19,"deletions":1}}},{"hash":"5747f6212655cc66975e54ac6bfb647610a9efa2","isMergeCommit":false,"messageTitle":"Updated Level 3 to incorporate Task class","messageBody":"","fileTypesAndContributionMap":{"java":{"insertions":14,"deletions":18}}},{"hash":"f0777b3e6ce68ad30b76627276fe1dadf1a8bf6f","isMergeCommit":false,"messageTitle":"Updated Level 3 to incorporate Task class","messageBody":"","fileTypesAndContributionMap":{"java":{"insertions":14,"deletions":18}}}]},{"date":"2026-01-22T00:00:00","commitResults":[{"hash":"a299ebf473f6b75fa46795a45ff77cfd4c4fd764","isMergeCommit":false,"messageTitle":"Updated Level 3 to incorporate Task class","messageBody":"","tags":["Level-3"],"fileTypesAndContributionMap":{"java":{"insertions":25,"deletions":0}}},{"hash":"cffe2cbf11cd43a4eda1918c7173ca9ac0547e2e","isMergeCommit":false,"messageTitle":"Updated Level 3 to incorporate Task class","messageBody":"","fileTypesAndContributionMap":{"java":{"insertions":25,"deletions":0}}},{"hash":"963e9e3378eae852312ceecd86b2cd31aa981030","isMergeCommit":false,"messageTitle":"Complete Level 4. ToDos, Events, Deadlines","messageBody":"","tags":["Level-4"],"fileTypesAndContributionMap":{"java":{"insertions":86,"deletions":20}}},{"hash":"d9968b871266a970c672b30955468e28cc01272e","isMergeCommit":false,"messageTitle":"Completed Level 4. ToDos, Events, Deadlines","messageBody":"","fileTypesAndContributionMap":{"java":{"insertions":86,"deletions":20}}},{"hash":"cbafab7f17fba1902def7a3355ca851b80d9740c","isMergeCommit":false,"messageTitle":"Verified Level 4\u0027s completion","messageBody":"","fileTypesAndContributionMap":{"txt":{"insertions":1,"deletions":0},"java":{"insertions":1,"deletions":1},"sh":{"insertions":1,"deletions":1}}},{"hash":"298ae3ae647238c8da9c3625ac12ed78d4e8757a","isMergeCommit":false,"messageTitle":"Verified Level 4\u0027s completion","messageBody":"","fileTypesAndContributionMap":{"txt":{"insertions":1,"deletions":0},"java":{"insertions":1,"deletions":1},"sh":{"insertions":1,"deletions":1}}},{"hash":"63c5fee157febf134cf327396321f6553b02a867","isMergeCommit":false,"messageTitle":"Performed Automated Text UI Testing based on Level 4 example","messageBody":"","tags":["A-TextUiTesting"],"fileTypesAndContributionMap":{"txt":{"insertions":10,"deletions":0},"java":{"insertions":5,"deletions":4}}},{"hash":"7f1f1cd11a64450b40fe9e98d4b551e30936be31","isMergeCommit":false,"messageTitle":"Performed Automated Text UI Testing based on Level 4 example","messageBody":"","fileTypesAndContributionMap":{"txt":{"insertions":10,"deletions":0},"java":{"insertions":5,"deletions":4}}},{"hash":"cd1797a5b9dc3ef9ed41f6fa2097dadabe26c024","isMergeCommit":false,"messageTitle":"Complete Level 5. Handle Errors","messageBody":"","tags":["Level-5"],"fileTypesAndContributionMap":{"java":{"insertions":66,"deletions":25}}},{"hash":"2b66092a1ce85ea1ccc17ce9760da2f7f716a930","isMergeCommit":false,"messageTitle":"Completed Level 5. Handle Errors","messageBody":"","fileTypesAndContributionMap":{"java":{"insertions":66,"deletions":25}}},{"hash":"9f0dc2006ee7ce402ea22410db04606d145b31c3","isMergeCommit":false,"messageTitle":"Complete Level 6. Delete","messageBody":"","tags":["Level-6"],"fileTypesAndContributionMap":{"txt":{"insertions":1,"deletions":2},"java":{"insertions":24,"deletions":19}}},{"hash":"29088c67b34dbcff877e11500ede51b748a7e156","isMergeCommit":false,"messageTitle":"Completed Level 6. Delete","messageBody":"","fileTypesAndContributionMap":{"txt":{"insertions":1,"deletions":2},"java":{"insertions":24,"deletions":19}}}]},{"date":"2026-01-28T00:00:00","commitResults":[{"hash":"93cc1141da6aa7847f7dfa38d93fd72db2269df9","isMergeCommit":false,"messageTitle":"Complete Level 7. Save","messageBody":"","fileTypesAndContributionMap":{"java":{"insertions":81,"deletions":9}}},{"hash":"d250d1a116e2019396a02c71ac5df12a7e3a9b2b","isMergeCommit":false,"messageTitle":"Completed Level 7. Save","messageBody":"","fileTypesAndContributionMap":{"java":{"insertions":81,"deletions":9}}},{"hash":"869e648020c3d915cf93e3423b4b614f39d03df4","isMergeCommit":false,"messageTitle":"Complete Level 7. Save","messageBody":"","fileTypesAndContributionMap":{"java":{"insertions":1,"deletions":1}}},{"hash":"1015602bc91c079f57d0b0b09b44025b94459ddd","isMergeCommit":false,"messageTitle":"Completed Level 7. Save","messageBody":"","fileTypesAndContributionMap":{"java":{"insertions":1,"deletions":1}}},{"hash":"c61011dd085701e8180c0aa42f2b5eb900e959b2","isMergeCommit":true,"messageTitle":"Merge branch \u0027branch-Level-7\u0027","messageBody":"","tags":["Level-7"],"fileTypesAndContributionMap":{}},{"hash":"25b8c3b6538d98e769298da4b4054f68fa406f8e","isMergeCommit":true,"messageTitle":"Merge branch \u0027branch-Level-7\u0027","messageBody":"","fileTypesAndContributionMap":{}},{"hash":"801dbc3e7f634bfca3a5b1b2d9fa18c6835d8e04","isMergeCommit":false,"messageTitle":"Complete Level 8. Dates and Times","messageBody":"","fileTypesAndContributionMap":{"java":{"insertions":49,"deletions":13}}},{"hash":"bae3549f9fa2eaff566fba27a81e608282265d08","isMergeCommit":false,"messageTitle":"Completed Level 8. Dates and Times","messageBody":"","fileTypesAndContributionMap":{"java":{"insertions":49,"deletions":13}}},{"hash":"b86dbfc6d94a62230276dcd20164a523973201df","isMergeCommit":true,"messageTitle":"Merge branch \u0027branch-Level-8\u0027","messageBody":"","tags":["Level-8"],"fileTypesAndContributionMap":{}},{"hash":"e4cc98de90f0c97b22821b5d606655f8bd590c56","isMergeCommit":true,"messageTitle":"Merge branch \u0027branch-Level-8\u0027","messageBody":"","fileTypesAndContributionMap":{}},{"hash":"c14519c750a7ba9f3772ebe6d6f0a91a36e24089","isMergeCommit":false,"messageTitle":"Add TaskList class","messageBody":"","fileTypesAndContributionMap":{"java":{"insertions":96,"deletions":56}}},{"hash":"c30b5eaccca700cd99f8d68ddcb67e86cdb6dc77","isMergeCommit":false,"messageTitle":"Added TaskList class","messageBody":"","fileTypesAndContributionMap":{"java":{"insertions":96,"deletions":56}}},{"hash":"012969852721102e126e142267b368b8b129f98a","isMergeCommit":false,"messageTitle":"Add Storage class","messageBody":"","fileTypesAndContributionMap":{"java":{"insertions":139,"deletions":124}}},{"hash":"37d080b12f7885557bfbc02320a32e148519300e","isMergeCommit":false,"messageTitle":"Added Storage class","messageBody":"","fileTypesAndContributionMap":{"java":{"insertions":139,"deletions":124}}},{"hash":"2e50011ddbe52f1ff0967f5e2c8aad0f6e9c3faa","isMergeCommit":false,"messageTitle":"Add Storage class","messageBody":"","fileTypesAndContributionMap":{"java":{"insertions":1,"deletions":1}}},{"hash":"a21235b2efe0e2e74ef696253b84e5c582299664","isMergeCommit":false,"messageTitle":"Added Storage class","messageBody":"","fileTypesAndContributionMap":{"java":{"insertions":1,"deletions":1}}},{"hash":"c9c97fbe118db85063b9be2e5a90a6aa8163b7b3","isMergeCommit":false,"messageTitle":"Add Storage class","messageBody":"","tags":["A-MoreOOP"],"fileTypesAndContributionMap":{"txt":{"insertions":3,"deletions":0}}},{"hash":"ac29c7a426dcea89076c93451b55ebc05e0b25c8","isMergeCommit":false,"messageTitle":"Added Storage class","messageBody":"","fileTypesAndContributionMap":{"txt":{"insertions":3,"deletions":0}}}]},{"date":"2026-01-29T00:00:00","commitResults":[{"hash":"49baec10478b074981ab9ad1f614397aa839c19e","isMergeCommit":false,"messageTitle":"Add Ui and Parser classes","messageBody":"","fileTypesAndContributionMap":{"txt":{"insertions":3,"deletions":2},"java":{"insertions":194,"deletions":145}}},{"hash":"ffa0e39be2602403ee91e988d48aa3ba91ec8829","isMergeCommit":false,"messageTitle":"Added Ui and Parser classes","messageBody":"","fileTypesAndContributionMap":{"txt":{"insertions":3,"deletions":2},"java":{"insertions":194,"deletions":145}}},{"hash":"2c2a11062e5e4fbb6f4f06a5e8c265abff368944","isMergeCommit":false,"messageTitle":"Add Ui and Parser classes","messageBody":"","tags":["A-Packages"],"fileTypesAndContributionMap":{"java":{"insertions":0,"deletions":1}}},{"hash":"66556d37ff2735fe65e45f705278377872979d9c","isMergeCommit":false,"messageTitle":"Added Ui and Parser classes","messageBody":"","fileTypesAndContributionMap":{"java":{"insertions":0,"deletions":1}}},{"hash":"0e736962b7cca103a4b42cdc810c3e44b1ed8ed1","isMergeCommit":false,"messageTitle":"Organise into Packages","messageBody":"","fileTypesAndContributionMap":{"java":{"insertions":23,"deletions":3}}},{"hash":"92d41e43d7b0a940f198fff0440b9b2389d1f5c1","isMergeCommit":false,"messageTitle":"Organise into Packages","messageBody":"","fileTypesAndContributionMap":{"txt":{"insertions":2,"deletions":0},"java":{"insertions":1,"deletions":1}}},{"hash":"9128af6a18eda329dcb666a492a125821d24f26a","isMergeCommit":true,"messageTitle":"Merge remote-tracking branch \u0027origin/master\u0027","messageBody":"# Conflicts:\n#\ttel.txt\n#\ttext-ui-test/EXPECTED.TXT\n","fileTypesAndContributionMap":{}},{"hash":"8790a8a91bc9e1afe8b6291a34d0581e94d0f3cc","isMergeCommit":true,"messageTitle":"Merge remote-tracking branch \u0027origin/add-gradle-support\u0027","messageBody":"","fileTypesAndContributionMap":{}},{"hash":"f35fa690f2915c2f3961248caeb6afc6cc67e70f","isMergeCommit":false,"messageTitle":"Delete redundant files","messageBody":"","fileTypesAndContributionMap":{"java":{"insertions":0,"deletions":395}}},{"hash":"b6676e8245d1b0f0a39d39bc75986b6c0be63a4a","isMergeCommit":false,"messageTitle":"Use Gradle","messageBody":"","tags":["A-JUnit","A-Gradle"],"fileTypesAndContributionMap":{"java":{"insertions":8,"deletions":4}}},{"hash":"286a99df7edb9d86bb2982f6136230e1d762a794","isMergeCommit":false,"messageTitle":"Add JUnit Tests","messageBody":"","tags":["Level-9","A-JavaDoc","A-Jar","A-CodingStandard"],"fileTypesAndContributionMap":{"java":{"insertions":52,"deletions":0}}},{"hash":"e06e95057bcf856bf29ace1bef60cf7cec9c4a43","isMergeCommit":false,"messageTitle":"Add JavaDoc comments","messageBody":"","fileTypesAndContributionMap":{"java":{"insertions":162,"deletions":3}}},{"hash":"504ab291fa25b7e1d14ca963e66c75bcebed3260","isMergeCommit":false,"messageTitle":"Follow the coding standard","messageBody":"","fileTypesAndContributionMap":{"java":{"insertions":1,"deletions":0}}},{"hash":"7c1790edc0d7adc47b8fee507f37d327daaabb67","isMergeCommit":false,"messageTitle":"Complete Level 9. Find","messageBody":"","fileTypesAndContributionMap":{"java":{"insertions":51,"deletions":19}}},{"hash":"4164ab3ee1aa34c7601fe26852b970b2a72d452d","isMergeCommit":true,"messageTitle":"Merge branch \u0027branch-A-JavaDoc\u0027","messageBody":"# Conflicts:\n#\tsrc/main/java/tel/Parser.java\n","fileTypesAndContributionMap":{}},{"hash":"da3355b7bb5e6611077ba2cedd2cd63fe5e8ccc7","isMergeCommit":true,"messageTitle":"Merge branch \u0027branch-Level-9\u0027","messageBody":"# Conflicts:\n#\tsrc/main/java/tel/Ui.java\n","fileTypesAndContributionMap":{}},{"hash":"c09c4e11ff92f1bd7c91f18e7d221241b606f340","isMergeCommit":false,"messageTitle":"Verify main branch.","messageBody":"","fileTypesAndContributionMap":{"txt":{"insertions":1,"deletions":0}}}]}]},"authorFileTypeContributionMap":{"ongjiacheng":{"java":664,"md":0,"fxml":0,"sh":1,"bat":0,"gradle":0,"txt":16}},"authorContributionVariance":{"ongjiacheng":151655.47},"authorDisplayNameMap":{"ongjiacheng":"CS2103T-T08-2 ONG ..HENG"}}
