{"authorDailyContributionsMap":{"ephtale":[{"date":"2026-01-20T00:00:00","commitResults":[{"hash":"05067a5262ee6fc5e0b6c1e14d85a325ba120595","isMergeCommit":false,"messageTitle":"Level 0 complete","messageBody":"","fileTypesAndContributionMap":{"java":{"insertions":9,"deletions":10},"md":{"insertions":9,"deletions":51}}},{"hash":"8a63937ef55778583e2b90fdb80fedc3cae589fc","isMergeCommit":false,"messageTitle":"Level 1 complete","messageBody":"","fileTypesAndContributionMap":{"java":{"insertions":12,"deletions":0}}},{"hash":"bbe4870efa4b69ea2598122cfdcfc316f80dcf28","isMergeCommit":false,"messageTitle":"Level 2 complete","messageBody":"","tags":["Level-2"],"fileTypesAndContributionMap":{"java":{"insertions":26,"deletions":4}}},{"hash":"c6473848f72990adcf6bdbc8cbea53d05160d1a5","isMergeCommit":false,"messageTitle":"Level 3 complete","messageBody":"","tags":["Level-3"],"fileTypesAndContributionMap":{"java":{"insertions":102,"deletions":18}}},{"hash":"769411ed4d531c7bdd203edc9cf6737dfd6f33dd","isMergeCommit":false,"messageTitle":"Level 4 complete","messageBody":"","tags":["Level-4"],"fileTypesAndContributionMap":{"java":{"insertions":178,"deletions":55}}}]},{"date":"2026-01-21T00:00:00","commitResults":[{"hash":"bcff46384829b95be24b8c37ed2a68b4d940b521","isMergeCommit":false,"messageTitle":"TextUiTesting complete","messageBody":"","tags":["A-TextUiTesting"],"fileTypesAndContributionMap":{"txt":{"insertions":11,"deletions":0},"bat":{"insertions":1,"deletions":1},"sh":{"insertions":1,"deletions":1}}},{"hash":"aa6f35ff8073bfd7d9f99da53b6436feb2654c12","isMergeCommit":false,"messageTitle":"Level 5 and 6 complete","messageBody":"","tags":["Level-6","Level-5"],"fileTypesAndContributionMap":{"txt":{"insertions":7,"deletions":6},"java":{"insertions":20,"deletions":3}}},{"hash":"77ab326735b0721d7ef70576b24c2e82b495e825","isMergeCommit":false,"messageTitle":"Enums complete","messageBody":"","tags":["A-Enums"],"fileTypesAndContributionMap":{"java":{"insertions":31,"deletions":10}}},{"hash":"35d12727676bcfe9cd3c6b347c0366063254bd2d","isMergeCommit":false,"messageTitle":"Add AI.md","messageBody":"","fileTypesAndContributionMap":{"md":{"insertions":5,"deletions":0}}}]},{"date":"2026-01-24T00:00:00","commitResults":[{"hash":"4a1707ff35a8c535a50dc5544ca7b1d4eea96d40","isMergeCommit":false,"messageTitle":"Add Level 7","messageBody":"","fileTypesAndContributionMap":{"txt":{"insertions":4,"deletions":0},"java":{"insertions":229,"deletions":104},"md":{"insertions":117,"deletions":7}}},{"hash":"a8bfe5b41530ae521048cb072dcf980f135685a9","isMergeCommit":true,"messageTitle":"Merge branch-Level-7 into master","messageBody":"","tags":["Level-7"],"fileTypesAndContributionMap":{}},{"hash":"bd83e9646bcc38b48a038c36fd4a88bd8d308c1c","isMergeCommit":false,"messageTitle":"Add Level 8","messageBody":"","fileTypesAndContributionMap":{"txt":{"insertions":18,"deletions":3},"java":{"insertions":297,"deletions":15},"bat":{"insertions":7,"deletions":2},"sh":{"insertions":8,"deletions":2},"md":{"insertions":39,"deletions":9}}},{"hash":"2035935e61db9e99c08c5b40f86481af33dd8c65","isMergeCommit":true,"messageTitle":"Merge branch-Level-7 into master","messageBody":"","tags":["Level-8"],"fileTypesAndContributionMap":{}},{"hash":"02c3bc9e1ec6672c066f36f81a2f9fb429bcad98","isMergeCommit":false,"messageTitle":"Add more OOP and Packages","messageBody":"","tags":["A-Packages","A-MoreOOP"],"fileTypesAndContributionMap":{"txt":{"insertions":21,"deletions":0},"java":{"insertions":1050,"deletions":695},"bat":{"insertions":5,"deletions":2},"sh":{"insertions":2,"deletions":2}}},{"hash":"2b01851fd608170ce7d1aa5f10ba32f94b5d85d2","isMergeCommit":true,"messageTitle":"Merge add-gradle-support into master","messageBody":"","fileTypesAndContributionMap":{}},{"hash":"0b659e7573654d66e6febf2fd133ac88468969a8","isMergeCommit":false,"messageTitle":"Add Gradle, JUnit, Jar","messageBody":"","tags":["A-Jar","A-JUnit","A-Gradle"],"fileTypesAndContributionMap":{"gradle":{"insertions":16,"deletions":2},"java":{"insertions":186,"deletions":0}}},{"hash":"b76d57aa9b78878bb9973e6bba44e62ba73fa1af","isMergeCommit":false,"messageTitle":"Add JavaDoc","messageBody":"","tags":["A-JavaDoc","A-CodingStandard"],"fileTypesAndContributionMap":{"java":{"insertions":268,"deletions":0}}},{"hash":"5caf6a18339238d3d2dd10db85e95369b497d637","isMergeCommit":false,"messageTitle":"Add Level 9","messageBody":"","tags":["Level-9"],"fileTypesAndContributionMap":{"txt":{"insertions":2,"deletions":0},"java":{"insertions":63,"deletions":2}}},{"hash":"e50c3b7e4fc7913785f0f96bd4a7ee87bab609ad","isMergeCommit":true,"messageTitle":"Merge branch-A-JavaDoc into master","messageBody":"","fileTypesAndContributionMap":{}},{"hash":"32528e742768ac4f1e94af1c39e34f92bc72be7d","isMergeCommit":true,"messageTitle":"Merge branch-Level-9 into master","messageBody":"","fileTypesAndContributionMap":{}},{"hash":"739690b65bd751a0e0cb837cbcc27fe8a84e763a","isMergeCommit":false,"messageTitle":"Update AI.md","messageBody":"","fileTypesAndContributionMap":{"md":{"insertions":3,"deletions":1}}}]},{"date":"2026-01-31T00:00:00","commitResults":[{"hash":"b8273cf372bd43f73487b73153628c1f62a10389","isMergeCommit":false,"messageTitle":"Add Checkstyle and refactor code","messageBody":"","tags":["A-CheckStyle"],"fileTypesAndContributionMap":{"gradle":{"insertions":5,"deletions":0},"java":{"insertions":106,"deletions":62},"md":{"insertions":5,"deletions":1}}},{"hash":"0792726a0ba2cfd02604cd704a27053832997930","isMergeCommit":true,"messageTitle":"Merge branch \u0027A-CheckStyle\u0027 into master","messageBody":"","fileTypesAndContributionMap":{}},{"hash":"883eea5a919cdf1b3cdfe55819fff23347eafe55","isMergeCommit":false,"messageTitle":"Add Level 10","messageBody":"","fileTypesAndContributionMap":{"gradle":{"insertions":34,"deletions":0},"txt":{"insertions":0,"deletions":1},"fxml":{"insertions":35,"deletions":0},"java":{"insertions":344,"deletions":46},"md":{"insertions":3,"deletions":1}}},{"hash":"45689668e0e1ae07829dd50913f55f0ee4fc0e1b","isMergeCommit":false,"messageTitle":"Add Level 10","messageBody":"","tags":["Level-10"],"fileTypesAndContributionMap":{"md":{"insertions":1,"deletions":0}}},{"hash":"5541a472087793d5e8f4931f121119cfc16f097c","isMergeCommit":true,"messageTitle":"Merge branch-Level-10 into master","messageBody":"","fileTypesAndContributionMap":{}},{"hash":"36739494cb39d1da65366a7a62f20bd60622a0c6","isMergeCommit":false,"messageTitle":"Update documentation","messageBody":"","fileTypesAndContributionMap":{"md":{"insertions":81,"deletions":5}}}]}]},"authorFileTypeContributionMap":{"ephtale":{"java":1907,"md":232,"fxml":35,"sh":9,"bat":11,"gradle":55,"txt":53}},"authorContributionVariance":{"ephtale":435319.12},"authorDisplayNameMap":{"ephtale":"CS2103T-T17-1 NGUY.. NAM"}}
