{"authorDailyContributionsMap":{"yjiahao":[{"date":"2026-01-15T00:00:00","commitResults":[{"hash":"e90661951b2f119c44120d66f9564ca263462545","isMergeCommit":false,"messageTitle":"add package name to Duke.java","messageBody":"","fileTypesAndContributionMap":{"java":{"insertions":2,"deletions":0}}},{"hash":"d009f843ec9b441ca32fd569036af5ee8f640d3b","isMergeCommit":false,"messageTitle":"rename chatbot to Echo, complete greeting and exit","messageBody":"","fileTypesAndContributionMap":{"java":{"insertions":12,"deletions":12}}},{"hash":"adeb52f0facaa65f657e12e6f098c4e032ab7ec9","isMergeCommit":false,"messageTitle":"package Echo using OOP principles","messageBody":"","fileTypesAndContributionMap":{"java":{"insertions":33,"deletions":6}}}]},{"date":"2026-01-16T00:00:00","commitResults":[{"hash":"000d9cec9fd0f599f62824ce2c423a72245ea3c0","isMergeCommit":false,"messageTitle":"add javadoc for public methods","messageBody":"","fileTypesAndContributionMap":{"java":{"insertions":22,"deletions":9}}},{"hash":"4b8c5e0cbc81f921b96608c18cc7743f047e5525","isMergeCommit":false,"messageTitle":"adhere Echo to checkstyle","messageBody":"","tags":["Level-0"],"fileTypesAndContributionMap":{"java":{"insertions":2,"deletions":2}}},{"hash":"2ce955be355c23c5cd63af69f6e71134d100cf4b","isMergeCommit":false,"messageTitle":"add echo function for bot","messageBody":"","tags":["Level-1"],"fileTypesAndContributionMap":{"java":{"insertions":26,"deletions":16}}},{"hash":"d51f35970221dfe301498e67173e1a6268af0aa5","isMergeCommit":false,"messageTitle":"add task manager to manager to do tasks","messageBody":"","tags":["Level-2"],"fileTypesAndContributionMap":{"java":{"insertions":83,"deletions":8}}},{"hash":"6e3fecbd5ffcafc6029ab1d378bcdfc290108dd8","isMergeCommit":false,"messageTitle":"add function to mark tasks as done or undone","messageBody":"","tags":["Level-3"],"fileTypesAndContributionMap":{"java":{"insertions":81,"deletions":6}}},{"hash":"d305a5dbb4667c27299c19354781319950d537c2","isMergeCommit":false,"messageTitle":"add other tasks and instruction parsing","messageBody":"","fileTypesAndContributionMap":{"java":{"insertions":130,"deletions":1}}},{"hash":"43c437404e5115d058512b46bcda618296fb858e","isMergeCommit":false,"messageTitle":"add functionality for different task types","messageBody":"","tags":["Level-4"],"fileTypesAndContributionMap":{"java":{"insertions":65,"deletions":23}}},{"hash":"1a0948ecd590661b67a0ffb42506bd8d692ab48e","isMergeCommit":false,"messageTitle":"edit bot to remove additional newline","messageBody":"","fileTypesAndContributionMap":{"java":{"insertions":1,"deletions":1}}},{"hash":"dd9f9ebd959eea814b7173b890d2469984cc024f","isMergeCommit":false,"messageTitle":"add test input and expected behaviour","messageBody":"","tags":["A-TextUiTesting"],"fileTypesAndContributionMap":{"txt":{"insertions":19,"deletions":0},"sh":{"insertions":1,"deletions":1}}},{"hash":"a73833df66cef3c7575be615da9602b51d29b091","isMergeCommit":false,"messageTitle":"handle exceptions","messageBody":"","tags":["Level-5"],"fileTypesAndContributionMap":{"java":{"insertions":99,"deletions":54}}},{"hash":"78a26e41e97b18e6235521e8026ab77ae9e60cf8","isMergeCommit":false,"messageTitle":"enable deletion of tasks","messageBody":"","tags":["Level-6"],"fileTypesAndContributionMap":{"java":{"insertions":57,"deletions":17}}}]},{"date":"2026-01-19T00:00:00","commitResults":[{"hash":"8789a80e64ea3e99e4af2b1e796c7a343ac51936","isMergeCommit":false,"messageTitle":"change static variables to upper case","messageBody":"","tags":["A-Enums"],"fileTypesAndContributionMap":{"java":{"insertions":19,"deletions":19}}},{"hash":"da6c334d757cc0ba3d6a607481756dee9dba49e2","isMergeCommit":false,"messageTitle":"fix checkstyle indentation","messageBody":"","fileTypesAndContributionMap":{"java":{"insertions":63,"deletions":63}}}]},{"date":"2026-01-22T00:00:00","commitResults":[{"hash":"d73623ded68f330a28cd37b270590ea8c62c1ad5","isMergeCommit":false,"messageTitle":"feature: Allow Task and children of Task to save string representation","messageBody":"","fileTypesAndContributionMap":{"java":{"insertions":36,"deletions":1}}},{"hash":"4a99dc7fd909ea7530a9182800e113479e0c914a","isMergeCommit":false,"messageTitle":"feature: Add persistent task saving for TaskManager","messageBody":"Add methods to TaskManager to allow saving and loading of tasks into a\n.txt file, currently hardcoded\n","fileTypesAndContributionMap":{"java":{"insertions":96,"deletions":0}}},{"hash":"3dc746d5e1779b52fc7ab6faa44f8666c90d9a99","isMergeCommit":false,"messageTitle":"feature: Allow Echo to read and write tasks","messageBody":"","fileTypesAndContributionMap":{"java":{"insertions":27,"deletions":0}}},{"hash":"1806acadeae5702e94f981df61242d2d26215074","isMergeCommit":false,"messageTitle":"fix: Make Echo save tasks when task list changes","messageBody":"","fileTypesAndContributionMap":{"java":{"insertions":5,"deletions":1}}},{"hash":"7b9c6d135a50110c37e6cdad202c4e44749d6a38","isMergeCommit":true,"messageTitle":"Merge changes for Level-7","messageBody":"","fileTypesAndContributionMap":{}},{"hash":"c17006fc5d3c5877a5b61a977cb9161d9698376b","isMergeCommit":false,"messageTitle":"bug fix: Fix case when `data` directory does not exist yet","messageBody":"","fileTypesAndContributionMap":{"java":{"insertions":9,"deletions":0}}},{"hash":"ee0d7e354ef5be479aac61f208f50de6cd3a54c8","isMergeCommit":true,"messageTitle":"Merge branch \u0027branch-Level-7\u0027","messageBody":"","tags":["Level-7"],"fileTypesAndContributionMap":{}},{"hash":"813198b229122ea7e66a110f35bdffb27f905012","isMergeCommit":false,"messageTitle":"feature: Enable parsing of date strings for Event and Deadline","messageBody":"Previously, dates were treated as Java Strings.\nEnable parsing of the Strings into LocalDateTime types.\n","fileTypesAndContributionMap":{"java":{"insertions":35,"deletions":10}}},{"hash":"427bb791317291b902e96c91ae666e6266c1faea","isMergeCommit":true,"messageTitle":"Merge branch \u0027branch-Level-8\u0027","messageBody":"","fileTypesAndContributionMap":{}},{"hash":"a60951f4ea89fc4a0c912a79c8868b59ddecf6fb","isMergeCommit":false,"messageTitle":"fix: Update tests to suit new dates","messageBody":"","tags":["Level-8"],"fileTypesAndContributionMap":{"txt":{"insertions":5,"deletions":5}}},{"hash":"562a948b01775f8b7d60537e6fc7e05e70add7f2","isMergeCommit":false,"messageTitle":"refactor: Change return types of TaskManager methods","messageBody":"","fileTypesAndContributionMap":{"java":{"insertions":16,"deletions":22}}},{"hash":"80a0a3bc301df69c53e173b1116c001920d38027","isMergeCommit":false,"messageTitle":"refactor: Add Ui class to deal with formatting bot messages","messageBody":"","fileTypesAndContributionMap":{"java":{"insertions":87,"deletions":0}}},{"hash":"865a979f800b4dc22b7f5506014f6dc1ac9288ff","isMergeCommit":false,"messageTitle":"refactor: Make Echo use Ui class to format messages","messageBody":"","fileTypesAndContributionMap":{"java":{"insertions":20,"deletions":18}}},{"hash":"70ec3386611fcbce8ffe2a79a33654143af08fd5","isMergeCommit":false,"messageTitle":"refactor: Delete unused static variables","messageBody":"","fileTypesAndContributionMap":{"java":{"insertions":0,"deletions":4}}},{"hash":"6595b89dbb8829d142283020f1637c87202f5cdb","isMergeCommit":false,"messageTitle":"refactor: Add storage class for persistent storage of Tasks","messageBody":"","fileTypesAndContributionMap":{"java":{"insertions":116,"deletions":0}}},{"hash":"e1499c1ab2c4ccb6245ac56b51280407adda459e","isMergeCommit":false,"messageTitle":"refactor: Make Echo use Storage methods","messageBody":"","fileTypesAndContributionMap":{"java":{"insertions":17,"deletions":103}}},{"hash":"ea721f0ceb48021800225d0e29f7e29017f36d36","isMergeCommit":false,"messageTitle":"fix: Make TaskManager throw its own exception on errors","messageBody":"","fileTypesAndContributionMap":{"java":{"insertions":10,"deletions":10}}},{"hash":"b1124cfe9c577fdcd76628963828a82db60bc08a","isMergeCommit":false,"messageTitle":"chore: Edited javadoc for method","messageBody":"","fileTypesAndContributionMap":{"java":{"insertions":2,"deletions":2}}},{"hash":"b2cea522a83a2e72b5858c824f558e4c051b202f","isMergeCommit":false,"messageTitle":"bug fix: Correct save representation of Event","messageBody":"","fileTypesAndContributionMap":{"java":{"insertions":1,"deletions":1}}},{"hash":"ac3a4f43dc2253331c768f9238e3a12676244b88","isMergeCommit":true,"messageTitle":"Merge branch \u0027A-MoreOOP\u0027","messageBody":"Refactor code for an object-oriented design.\n- `Ui.java` is in charge of formatting messages\n- `Storage.java` is in charge of loading and saving tasks to persistent\nStorage\n- `TaskManager.java` is responsible for managing Tasks\n","tags":["A-MoreOOP"],"fileTypesAndContributionMap":{}},{"hash":"86bfd22755b9857c0a4f140df42a90579072cf74","isMergeCommit":false,"messageTitle":"refactor: Organize java files into packages","messageBody":"","fileTypesAndContributionMap":{"java":{"insertions":41,"deletions":14}}},{"hash":"fd6d5eec0ce9579ec6cc09417729819cfeb9878e","isMergeCommit":false,"messageTitle":"chore: Update javadoc of methods","messageBody":"","fileTypesAndContributionMap":{"java":{"insertions":7,"deletions":4}}},{"hash":"e3aa28536bfb69665a77cbae7baa9f2e45924e15","isMergeCommit":false,"messageTitle":"fix: Update bash file to run with new packages","messageBody":"","fileTypesAndContributionMap":{"sh":{"insertions":3,"deletions":2}}},{"hash":"8435615c1b4da74dd905d40ecc62676011a2c8c2","isMergeCommit":true,"messageTitle":"chore: Organize java files into packages","messageBody":"","tags":["A-Packages"],"fileTypesAndContributionMap":{}},{"hash":"c08355f91c4f920001578ecc702d9e0fb081e538","isMergeCommit":true,"messageTitle":"Merge branch \u0027add-gradle-support\u0027","messageBody":"","fileTypesAndContributionMap":{}},{"hash":"272c6050933752c00f25c23759d21d48d8c47fc7","isMergeCommit":false,"messageTitle":"fix: Change package names and imports to work with Gradle","messageBody":"","fileTypesAndContributionMap":{"java":{"insertions":35,"deletions":35}}},{"hash":"c2f741b2fab22d576f63d5c46c0a6a038f328b94","isMergeCommit":false,"messageTitle":"fix: Update gradle application main class","messageBody":"","tags":["A-Gradle"],"fileTypesAndContributionMap":{"gradle":{"insertions":1,"deletions":1}}}]},{"date":"2026-01-23T00:00:00","commitResults":[{"hash":"dc01c914caa6ffbc003bb4f3da959942ad6e7cab","isMergeCommit":false,"messageTitle":"refactor: Delegate parsing of arguments to InstructionParser","messageBody":"","fileTypesAndContributionMap":{"java":{"insertions":170,"deletions":99}}},{"hash":"88d5cb322c33d4a0e2eaa1e8489ff0e57dba575f","isMergeCommit":false,"messageTitle":"bug fix: Handle exception when date is written wrongly","messageBody":"","fileTypesAndContributionMap":{"java":{"insertions":34,"deletions":10}}},{"hash":"b116f694c1121c45204866f18c76fac490a26bd9","isMergeCommit":false,"messageTitle":"fix: Update application main class to Echo","messageBody":"","fileTypesAndContributionMap":{"gradle":{"insertions":1,"deletions":1}}},{"hash":"66e27ce7e6825f31c28fd27bc9542161bfe4a058","isMergeCommit":false,"messageTitle":"fix: Throw exception if Task description is empty","messageBody":"","fileTypesAndContributionMap":{"java":{"insertions":7,"deletions":2}}},{"hash":"4e13de2fc2c63ec0d7ca2b075be8410ab47f61b2","isMergeCommit":false,"messageTitle":"bug fix: Ensure Event start date before end date","messageBody":"","fileTypesAndContributionMap":{"java":{"insertions":12,"deletions":2}}},{"hash":"8f5685e33a3c09c54ee0c1904bdd78894559f881","isMergeCommit":false,"messageTitle":"test: Add unit tests for TaskManager","messageBody":"","fileTypesAndContributionMap":{"java":{"insertions":149,"deletions":0}}},{"hash":"7f2c0cf5b07417d3763a2064949c16def69d8385","isMergeCommit":false,"messageTitle":"fix: Move TaskManagerTest to correct folder","messageBody":"","fileTypesAndContributionMap":{"java":{"insertions":1,"deletions":3}}},{"hash":"a44d0fd933fdc136d6b48386471654078fdb3d3e","isMergeCommit":false,"messageTitle":"test: Add tests for InstructionParser","messageBody":"","fileTypesAndContributionMap":{"java":{"insertions":260,"deletions":0}}},{"hash":"9cd10d3665c5cb295b37f7cfadb020b1e3cf4eea","isMergeCommit":false,"messageTitle":"fix: Add checking of valid arguments","messageBody":"","fileTypesAndContributionMap":{"java":{"insertions":13,"deletions":2}}},{"hash":"b89df2d6cca84e0fc71058c891d17e75c9e61333","isMergeCommit":false,"messageTitle":"chore: Add note on exception handling","messageBody":"","fileTypesAndContributionMap":{"java":{"insertions":1,"deletions":0}}},{"hash":"6e2d7d5154e7115c411b3cbb886fd0e7e952d5a4","isMergeCommit":false,"messageTitle":"tests: Add more tests for InstructionParser methods","messageBody":"","fileTypesAndContributionMap":{"java":{"insertions":69,"deletions":3}}},{"hash":"6c2c31bfc74513e16ab5ac8d5abd012ae52589e1","isMergeCommit":true,"messageTitle":"Merge branch \u0027testing\u0027","messageBody":"","fileTypesAndContributionMap":{}},{"hash":"548a279d71120a5a77f1245e7acda2791af0668c","isMergeCommit":false,"messageTitle":"fix: Update InstructionParser to detect exceptions","messageBody":"","fileTypesAndContributionMap":{"java":{"insertions":31,"deletions":5}}},{"hash":"7097633d6e5603b80a3c9e3178930c5f9632d926","isMergeCommit":true,"messageTitle":"Merge branch \u0027testing\u0027","messageBody":"","tags":["A-Jar","A-JUnit"],"fileTypesAndContributionMap":{}},{"hash":"8b5a1aa21df61f7d2e7be9faa73e24e85b5a6aff","isMergeCommit":false,"messageTitle":"Add Javadoc comments for exception classes","messageBody":"","fileTypesAndContributionMap":{"java":{"insertions":28,"deletions":0}}},{"hash":"73ad8129f5fcba34dbf3d069ef2642c225039e08","isMergeCommit":false,"messageTitle":"chore: Add JavaDoc comments for Storage","messageBody":"","fileTypesAndContributionMap":{"java":{"insertions":4,"deletions":0}}},{"hash":"aa430c86a0c50cc308a64fb7bed809b677a8b4b6","isMergeCommit":false,"messageTitle":"chore: Update JavaDoc for Task and TaskManager","messageBody":"","fileTypesAndContributionMap":{"java":{"insertions":59,"deletions":4}}},{"hash":"250a95f810782d9a9dcee41dc93088c37dd05d4c","isMergeCommit":false,"messageTitle":"chore: Update JavaDoc for Ui","messageBody":"","fileTypesAndContributionMap":{"java":{"insertions":5,"deletions":0}}},{"hash":"05cca6f92fd89cea3360aa505bc1d623b430e036","isMergeCommit":false,"messageTitle":"chore: Update JavaDoc for Echo","messageBody":"","fileTypesAndContributionMap":{"java":{"insertions":7,"deletions":2}}},{"hash":"c840d6ead7563a8fc1101130dd6b81c926465339","isMergeCommit":false,"messageTitle":"chore: Adhere to Java coding standards","messageBody":"","fileTypesAndContributionMap":{"java":{"insertions":30,"deletions":0}}},{"hash":"404c63d5beff4eb44b523fab04f1980703d46469","isMergeCommit":true,"messageTitle":"Merge branch \u0027branch-A-CodingStandard\u0027","messageBody":"","fileTypesAndContributionMap":{}},{"hash":"4affc1d3b655dbc2e8c94c1735565fa33f460c98","isMergeCommit":false,"messageTitle":"chore: Update JavaDoc for Task","messageBody":"","fileTypesAndContributionMap":{"java":{"insertions":1,"deletions":1}}},{"hash":"b839dbeaa136da8fe3b1a85f4645f1bdbaac450c","isMergeCommit":true,"messageTitle":"Merge branch \u0027branch-A-JavaDoc\u0027","messageBody":"","tags":["A-JavaDoc","A-CodingStandard"],"fileTypesAndContributionMap":{}},{"hash":"82b4fdec845e6ad87c39e0437b8532d16f939e78","isMergeCommit":false,"messageTitle":"feature: Add functionality to search for descriptions in tasks","messageBody":"","fileTypesAndContributionMap":{"java":{"insertions":85,"deletions":8}}},{"hash":"d71bdee8707f5e94d41ed18d4c62f72f72d71a64","isMergeCommit":true,"messageTitle":"fix: Fix merge conflict","messageBody":"","fileTypesAndContributionMap":{}},{"hash":"1974249f2d04da2475230d7dd40903178ac6430b","isMergeCommit":false,"messageTitle":"fix: Add TimedTask to deal with dated tasks","messageBody":"","fileTypesAndContributionMap":{"java":{"insertions":40,"deletions":24}}},{"hash":"c2fb4e6eb79b35e2f2e41cc42a0d67ed529f643a","isMergeCommit":true,"messageTitle":"fix: Fix merge conflict","messageBody":"","tags":["Level-9"],"fileTypesAndContributionMap":{}}]},{"date":"2026-01-25T00:00:00","commitResults":[{"hash":"4d39a4da80352a18c782bb6a237c6e98f2d201ab","isMergeCommit":false,"messageTitle":"fix: Rename static variables to follow convention","messageBody":"","fileTypesAndContributionMap":{"java":{"insertions":9,"deletions":9}}},{"hash":"f4373f6b2a003a8a711af7487744f140ab521a85","isMergeCommit":false,"messageTitle":"Update JavaDoc strings","messageBody":"","fileTypesAndContributionMap":{"java":{"insertions":108,"deletions":34}}},{"hash":"79472068686be9ddd1e9828d39cc9d3ddebfff71","isMergeCommit":false,"messageTitle":"fix: Update TaskManager to throw if invalid Command type detected","messageBody":"","fileTypesAndContributionMap":{"java":{"insertions":7,"deletions":4}}},{"hash":"f3d1036a56d0bd68516a44b72b585256af7e2277","isMergeCommit":false,"messageTitle":"fix: Update tests for TaskManager","messageBody":"","fileTypesAndContributionMap":{"java":{"insertions":3,"deletions":3}}}]},{"date":"2026-01-29T00:00:00","commitResults":[{"hash":"4988b9b35155fca303258b87f02dc26832bd2efb","isMergeCommit":false,"messageTitle":"Update gradle file for checkstyle","messageBody":"","fileTypesAndContributionMap":{"gradle":{"insertions":19,"deletions":0}}},{"hash":"6fbc0e64f149d5bbb634426f2f65bd8a7869bb16","isMergeCommit":false,"messageTitle":"fix: Edit files to not violate checkstyle","messageBody":"","fileTypesAndContributionMap":{"java":{"insertions":82,"deletions":2}}},{"hash":"a5d937f0d4367374513e95c04114ff3629de4556","isMergeCommit":true,"messageTitle":"Merge branch \u0027branch-A-Checkstyle\u0027","messageBody":"","tags":["A-CheckStyle"],"fileTypesAndContributionMap":{}},{"hash":"daff3862e5fd15ee5a00941b5271913bcfcaa369","isMergeCommit":false,"messageTitle":"fix: Update build file and add resources","messageBody":"","fileTypesAndContributionMap":{"gradle":{"insertions":1,"deletions":1},"fxml":{"insertions":50,"deletions":0}}},{"hash":"8472e95df7d99f233e52c77cfb9ea5a5e398aef2","isMergeCommit":false,"messageTitle":"feature: integrate GUI to Echo","messageBody":"","fileTypesAndContributionMap":{"java":{"insertions":259,"deletions":31}}},{"hash":"118352d41a2dfcef5fd38cfbb94b9debaf3ae0b8","isMergeCommit":false,"messageTitle":"chore: Add todos","messageBody":"","fileTypesAndContributionMap":{"java":{"insertions":4,"deletions":0}}},{"hash":"042ee4e13ade03695648d91e8c721a2eca67fee5","isMergeCommit":false,"messageTitle":"fix: Reorganize files","messageBody":"","fileTypesAndContributionMap":{"fxml":{"insertions":1,"deletions":1},"java":{"insertions":141,"deletions":65}}},{"hash":"da363e00dc068f6c306698bbabf71a6c56d09e06","isMergeCommit":false,"messageTitle":"fix: Update MessageFormatter to not add separators","messageBody":"","fileTypesAndContributionMap":{"java":{"insertions":29,"deletions":20}}},{"hash":"397a0a112179d6805220aa54bad5630770a5106c","isMergeCommit":false,"messageTitle":"feature (ui): Update GUI to have nicer colours","messageBody":"","fileTypesAndContributionMap":{"fxml":{"insertions":5,"deletions":3},"java":{"insertions":0,"deletions":1}}},{"hash":"80c3735b1236528059b620f5ce7e31535be9e51a","isMergeCommit":false,"messageTitle":"feature (ui): Add spacing between picture and message","messageBody":"","fileTypesAndContributionMap":{"fxml":{"insertions":1,"deletions":0},"java":{"insertions":1,"deletions":0}}},{"hash":"a996971c089f761debd1088dde7269bdb5f71053","isMergeCommit":true,"messageTitle":"Merge branch \u0027branch-Level-10\u0027","messageBody":"","tags":["Level-10"],"fileTypesAndContributionMap":{}}]},{"date":"2026-02-03T00:00:00","commitResults":[{"hash":"5814ab33cf57882bb2c2085a6e5e29972f3f867c","isMergeCommit":false,"messageTitle":"bug fix: Display error message to GUI when loading of task list fails","messageBody":"Prior to this commit, error messages when failing to load task list\nfrom file is printed in the CLI. The user is unaware of the failure.\n\nShow user the error message in the GUI, so that they are informed when\nloading of tasks fails.\n","fileTypesAndContributionMap":{"java":{"insertions":44,"deletions":82}}},{"hash":"877d33e3ae5e02ab6b8c12f405595d73dca8fe69","isMergeCommit":true,"messageTitle":"Merge branch \u0027branch-Level-10\u0027","messageBody":"","fileTypesAndContributionMap":{}},{"hash":"7fc85b3d07610275975f297420766dd05abc4bea","isMergeCommit":false,"messageTitle":"fix: Remove unused imports","messageBody":"","fileTypesAndContributionMap":{"java":{"insertions":0,"deletions":1}}},{"hash":"679fed74059c700de8830287cd87a83df49481ca","isMergeCommit":false,"messageTitle":"fix: Remove trailing whitespace","messageBody":"","fileTypesAndContributionMap":{"java":{"insertions":1,"deletions":1}}}]},{"date":"2026-02-05T00:00:00","commitResults":[{"hash":"79633beeaf1e996b4e6add50950a27103a8bc194","isMergeCommit":false,"messageTitle":"Add assertions to InstructionParser","messageBody":"","fileTypesAndContributionMap":{"java":{"insertions":61,"deletions":17}}},{"hash":"e78ad4c4e802d635537f83cfcf5f378cb6860e93","isMergeCommit":false,"messageTitle":"Add assertions for task","messageBody":"","fileTypesAndContributionMap":{"java":{"insertions":23,"deletions":0}}},{"hash":"fd3463f2e61746e218a81934015bd01bd58d6dc5","isMergeCommit":false,"messageTitle":"Add assertions for MessageFormatter","messageBody":"","fileTypesAndContributionMap":{"java":{"insertions":17,"deletions":4}}},{"hash":"9f122d9ff8356aa0c99c3fb0c4f7d08c6cea1724","isMergeCommit":false,"messageTitle":"refactor: Remove unused code in comments for MessageFormatter","messageBody":"","fileTypesAndContributionMap":{"java":{"insertions":3,"deletions":18}}},{"hash":"e83de2b0ec32988ffbad067ff2d8090d72502271","isMergeCommit":false,"messageTitle":"Add assertions to Echo","messageBody":"","fileTypesAndContributionMap":{"java":{"insertions":4,"deletions":0}}}]},{"date":"2026-02-06T00:00:00","commitResults":[{"hash":"cb5114bbaddf2a29357d8a551e5c2c0e6d298c56","isMergeCommit":false,"messageTitle":"refactor: Abstract repeated code into private functions in parseCommand","messageBody":"parseCommand method has a lot of repeated checks that raise exceptions.\nThis reduces the readability and maintainability of the code.\n\nRefactor common exception checks for invalid user commands into private\nmethods.\n","tags":["A-FullCommitMessage"],"fileTypesAndContributionMap":{"java":{"insertions":28,"deletions":36}}},{"hash":"02d542e8e0497522850dddb1f8f48a33b5bea098","isMergeCommit":false,"messageTitle":"refactor: Add error messages as static variables","messageBody":"","fileTypesAndContributionMap":{"java":{"insertions":39,"deletions":13}}}]},{"date":"2026-02-07T00:00:00","commitResults":[{"hash":"676bd0b6ffc013e3621d0f9b0b57883c3e2ae415","isMergeCommit":false,"messageTitle":"refactor: Abstract validation checks from parseCommand","messageBody":"","fileTypesAndContributionMap":{"java":{"insertions":49,"deletions":27}}},{"hash":"9320611d0ca75cb0062df89fa2daeb914d7f6fc5","isMergeCommit":false,"messageTitle":"refactor: Rewrite Storage and Task subclasses to improve code quality","messageBody":"","fileTypesAndContributionMap":{"java":{"insertions":197,"deletions":45}}},{"hash":"276741e5fc062f0689311900ce1ce113dea9ccf1","isMergeCommit":false,"messageTitle":"refactor: Remove magic numbers in code","messageBody":"Code contains magic numbers\n\nRemove magic numbers to improve code quality\n","fileTypesAndContributionMap":{"java":{"insertions":23,"deletions":10}}},{"hash":"8f908350a30c668144fdcfea17bd8af95e34f24a","isMergeCommit":false,"messageTitle":"refactor: Add static variables for error messages","messageBody":"Error messages for parsing were not specified as static variables\n\nChange them to static variables to remove magic numbers\n","fileTypesAndContributionMap":{"java":{"insertions":44,"deletions":33}}},{"hash":"3b795b30d864af3bc0bb893d01b52000a58acab5","isMergeCommit":false,"messageTitle":"fix: Edit test cases to fit new error messages","messageBody":"","fileTypesAndContributionMap":{"java":{"insertions":4,"deletions":4}}},{"hash":"4ab777987372c3b4b81919608a73f35124b4aba2","isMergeCommit":false,"messageTitle":"refactor: Remove magic numbers","messageBody":"","fileTypesAndContributionMap":{"java":{"insertions":29,"deletions":14}}},{"hash":"8fdc6b0c002f34960d543134bdc7959a27cee64b","isMergeCommit":true,"messageTitle":"Merge pull request #1 from yjiahao/branch-A-Assertions","messageBody":"Add assertions to code","tags":["A-Assertions"],"fileTypesAndContributionMap":{}}]},{"date":"2026-02-08T00:00:00","commitResults":[{"hash":"c27bf74b41327bc059786ddbddcab7f8ec4a8d58","isMergeCommit":true,"messageTitle":"Merge master with CodeQuality branch","messageBody":"","fileTypesAndContributionMap":{}},{"hash":"51061fb42aec6582d81beb9991a0babb50e3b209","isMergeCommit":true,"messageTitle":"Merge pull request #2 from yjiahao/branch-A-CodeQuality","messageBody":"Improve code quality","tags":["A-CodeQuality"],"fileTypesAndContributionMap":{}},{"hash":"ebecd71a6e10c2378e2bdaa282ae00ac2d17ca5e","isMergeCommit":false,"messageTitle":"refactor: Add stream to replace for loop","messageBody":"","fileTypesAndContributionMap":{"java":{"insertions":9,"deletions":8}}},{"hash":"a1ff8e34d496d06eaec21a94bdb1b7737319806b","isMergeCommit":true,"messageTitle":"fix: Resolve merge conflicts","messageBody":"","fileTypesAndContributionMap":{}},{"hash":"4343996f7918c9d5601db7a42b53a4eb7caabd30","isMergeCommit":true,"messageTitle":"Merge pull request #3 from yjiahao/branch-A-Streams","messageBody":"refactor: Add stream to replace for loop","tags":["A-Streams"],"fileTypesAndContributionMap":{}},{"hash":"9a8a383c82adb5bafb29606c5bed4f14935a0c7a","isMergeCommit":false,"messageTitle":"Update build.gradle to enable assertions","messageBody":"","fileTypesAndContributionMap":{"gradle":{"insertions":1,"deletions":0}}},{"hash":"306e1f7061e7f178e46cdb94f13b2dfcba808956","isMergeCommit":false,"messageTitle":"refactor: Abstract getResponse() method further","messageBody":"","fileTypesAndContributionMap":{"java":{"insertions":79,"deletions":42}}},{"hash":"5472a536da31c5bdb76b1a9ab0e540b4faa89b7a","isMergeCommit":false,"messageTitle":"bug fix: Edit constants to pass test cases","messageBody":"","fileTypesAndContributionMap":{"java":{"insertions":2,"deletions":2}}},{"hash":"f1d34ee641702e2c85da617721d175ef425e0f45","isMergeCommit":false,"messageTitle":"fix: Run gradle tests without assertion checks","messageBody":"","fileTypesAndContributionMap":{"gradle":{"insertions":2,"deletions":0}}},{"hash":"8323a4b47bbea13948fe6bb9a2ba3fce3200280d","isMergeCommit":false,"messageTitle":"fix: disable assertions for testing","messageBody":"","fileTypesAndContributionMap":{"gradle":{"insertions":2,"deletions":0}}},{"hash":"cd836021544ef03cccab9e89e0f67e8eeee259d8","isMergeCommit":false,"messageTitle":"fix: Edit files to violating checkstyle","messageBody":"","fileTypesAndContributionMap":{"java":{"insertions":16,"deletions":16}}},{"hash":"398a36ea49d98fce91f9902012d6a944a96a412a","isMergeCommit":true,"messageTitle":"Merge pull request #4 from yjiahao/branch-A-CI","messageBody":"Add GitHub workflows for CI","tags":["A-CI"],"fileTypesAndContributionMap":{}}]}]},"authorFileTypeContributionMap":{"yjiahao":{"java":2426,"md":0,"fxml":53,"sh":3,"bat":0,"gradle":23,"txt":19}},"authorContributionVariance":{"yjiahao":86043.45},"authorDisplayNameMap":{"yjiahao":"CS2103-F09-1 NGU ..AHAO"}}
