[{"path":"src/main/java/Charmie.java","fileType":"java","lines":[{"lineNumber":1,"author":{"gitId":"Zhangshuhan05"},"content":"import java.util.Scanner;","lastModifiedDate":"2026-01-22T10:04:52","isFullCredit":false},{"lineNumber":2,"author":{"gitId":"Zhangshuhan05"},"content":"import java.util.ArrayList;","lastModifiedDate":"2026-01-22T11:04:17","isFullCredit":false},{"lineNumber":3,"author":{"gitId":"Zhangshuhan05"},"content":"import java.util.List;","lastModifiedDate":"2026-01-22T11:04:17","isFullCredit":false},{"lineNumber":4,"author":{"gitId":"Zhangshuhan05"},"content":"","lastModifiedDate":"2026-01-22T10:04:52","isFullCredit":false},{"lineNumber":5,"author":{"gitId":"Zhangshuhan05"},"content":"public class Charmie {","lastModifiedDate":"2026-01-22T01:35:46","isFullCredit":false},{"lineNumber":6,"author":{"gitId":"Zhangshuhan05"},"content":"","lastModifiedDate":"2026-01-22T15:30:08","isFullCredit":false},{"lineNumber":7,"author":{"gitId":"Zhangshuhan05"},"content":"    private static void addTaskMsg(String line, String indent, Task task, int taskCount) {","lastModifiedDate":"2026-01-22T15:30:08","isFullCredit":false},{"lineNumber":8,"author":{"gitId":"Zhangshuhan05"},"content":"        System.out.println(line);","lastModifiedDate":"2026-01-22T15:30:08","isFullCredit":false},{"lineNumber":9,"author":{"gitId":"Zhangshuhan05"},"content":"        System.out.println(indent + \"Got it. I\u0027ve added this task:\");","lastModifiedDate":"2026-01-22T15:30:08","isFullCredit":false},{"lineNumber":10,"author":{"gitId":"Zhangshuhan05"},"content":"        System.out.println(indent + \"  \" + task.getString());","lastModifiedDate":"2026-01-22T15:30:08","isFullCredit":false},{"lineNumber":11,"author":{"gitId":"Zhangshuhan05"},"content":"        System.out.println(indent + \"Now you have \" + taskCount + \" tasks in the list.\");","lastModifiedDate":"2026-01-22T15:30:08","isFullCredit":false},{"lineNumber":12,"author":{"gitId":"Zhangshuhan05"},"content":"        System.out.println(line);","lastModifiedDate":"2026-01-22T15:30:08","isFullCredit":false},{"lineNumber":13,"author":{"gitId":"Zhangshuhan05"},"content":"        System.out.println();","lastModifiedDate":"2026-01-22T15:30:08","isFullCredit":false},{"lineNumber":14,"author":{"gitId":"Zhangshuhan05"},"content":"    } // for easy calling of the add task messages","lastModifiedDate":"2026-01-22T15:30:08","isFullCredit":false},{"lineNumber":15,"author":{"gitId":"Zhangshuhan05"},"content":"","lastModifiedDate":"2026-01-22T15:30:08","isFullCredit":false},{"lineNumber":16,"author":{"gitId":"Zhangshuhan05"},"content":"","lastModifiedDate":"2026-01-22T15:30:08","isFullCredit":false},{"lineNumber":17,"author":{"gitId":"Zhangshuhan05"},"content":"    public static void main(String[] args) {","lastModifiedDate":"2026-01-22T01:35:46","isFullCredit":false},{"lineNumber":18,"author":{"gitId":"Zhangshuhan05"},"content":"        String INDENT \u003d \"    \";","lastModifiedDate":"2026-01-22T11:04:17","isFullCredit":false},{"lineNumber":19,"author":{"gitId":"Zhangshuhan05"},"content":"        List\u003cTask\u003e list \u003d new ArrayList\u003c\u003e();","lastModifiedDate":"2026-01-22T11:56:50","isFullCredit":false},{"lineNumber":20,"author":{"gitId":"Zhangshuhan05"},"content":"","lastModifiedDate":"2026-01-22T11:04:17","isFullCredit":false},{"lineNumber":21,"author":{"gitId":"Zhangshuhan05"},"content":"        String line \u003d INDENT + \"____________________________________________________________\";","lastModifiedDate":"2026-01-22T15:30:08","isFullCredit":false},{"lineNumber":22,"author":{"gitId":"Zhangshuhan05"},"content":"","lastModifiedDate":"2026-01-22T15:30:08","isFullCredit":false},{"lineNumber":23,"author":{"gitId":"Zhangshuhan05"},"content":"        System.out.println(line);","lastModifiedDate":"2026-01-22T15:30:08","isFullCredit":false},{"lineNumber":24,"author":{"gitId":"Zhangshuhan05"},"content":"        System.out.println(INDENT + \"Hello! I\u0027m Charmie\");","lastModifiedDate":"2026-01-22T11:04:17","isFullCredit":false},{"lineNumber":25,"author":{"gitId":"Zhangshuhan05"},"content":"        System.out.println(INDENT + \"What can I do for you? ;)\");","lastModifiedDate":"2026-01-22T11:04:17","isFullCredit":false},{"lineNumber":26,"author":{"gitId":"Zhangshuhan05"},"content":"        System.out.println(line);","lastModifiedDate":"2026-01-22T15:30:08","isFullCredit":false},{"lineNumber":27,"author":{"gitId":"Zhangshuhan05"},"content":"        System.out.println();","lastModifiedDate":"2026-01-22T10:04:52","isFullCredit":false},{"lineNumber":28,"author":{"gitId":"Zhangshuhan05"},"content":"        Scanner reader \u003d new Scanner(System.in);","lastModifiedDate":"2026-01-22T10:04:52","isFullCredit":false},{"lineNumber":29,"author":{"gitId":"Zhangshuhan05"},"content":"        while (true) {","lastModifiedDate":"2026-01-22T10:04:52","isFullCredit":false},{"lineNumber":30,"author":{"gitId":"Zhangshuhan05"},"content":"            String input \u003d reader.nextLine();","lastModifiedDate":"2026-01-22T10:04:52","isFullCredit":false},{"lineNumber":31,"author":{"gitId":"Zhangshuhan05"},"content":"            Scanner inputScanner \u003d new Scanner(input);","lastModifiedDate":"2026-01-22T11:56:50","isFullCredit":false},{"lineNumber":32,"author":{"gitId":"Zhangshuhan05"},"content":"            String instruction \u003d inputScanner.next(); // first word","lastModifiedDate":"2026-01-22T15:30:08","isFullCredit":false},{"lineNumber":33,"author":{"gitId":"Zhangshuhan05"},"content":"","lastModifiedDate":"2026-01-22T15:30:08","isFullCredit":false},{"lineNumber":34,"author":{"gitId":"Zhangshuhan05"},"content":"            if (instruction.equals(\"bye\")) {","lastModifiedDate":"2026-01-22T11:56:50","isFullCredit":false},{"lineNumber":35,"author":{"gitId":"Zhangshuhan05"},"content":"                System.out.println(line);","lastModifiedDate":"2026-01-22T15:30:08","isFullCredit":false},{"lineNumber":36,"author":{"gitId":"Zhangshuhan05"},"content":"                System.out.println(INDENT + \"Byee. Hope to see you again soon!\");","lastModifiedDate":"2026-01-22T11:04:17","isFullCredit":false},{"lineNumber":37,"author":{"gitId":"Zhangshuhan05"},"content":"                System.out.println(line);","lastModifiedDate":"2026-01-22T15:30:08","isFullCredit":false},{"lineNumber":38,"author":{"gitId":"Zhangshuhan05"},"content":"                return;","lastModifiedDate":"2026-01-22T10:04:52","isFullCredit":false},{"lineNumber":39,"author":{"gitId":"Zhangshuhan05"},"content":"","lastModifiedDate":"2026-01-22T15:30:08","isFullCredit":false},{"lineNumber":40,"author":{"gitId":"Zhangshuhan05"},"content":"            } else if (instruction.equals(\"list\")) {","lastModifiedDate":"2026-01-22T11:56:50","isFullCredit":false},{"lineNumber":41,"author":{"gitId":"Zhangshuhan05"},"content":"                System.out.println(line);","lastModifiedDate":"2026-01-22T15:30:08","isFullCredit":false},{"lineNumber":42,"author":{"gitId":"Zhangshuhan05"},"content":"                System.out.println(INDENT + \"Here are the tasks in your list:\");","lastModifiedDate":"2026-01-22T11:56:50","isFullCredit":false},{"lineNumber":43,"author":{"gitId":"Zhangshuhan05"},"content":"                for (int i \u003d 0; i \u003c list.size(); i++) {","lastModifiedDate":"2026-01-22T11:04:17","isFullCredit":false},{"lineNumber":44,"author":{"gitId":"Zhangshuhan05"},"content":"                    Task task \u003d list.get(i);","lastModifiedDate":"2026-01-22T11:56:50","isFullCredit":false},{"lineNumber":45,"author":{"gitId":"Zhangshuhan05"},"content":"                    System.out.print(INDENT + (i+1) + \".\");","lastModifiedDate":"2026-01-22T15:30:08","isFullCredit":false},{"lineNumber":46,"author":{"gitId":"Zhangshuhan05"},"content":"                    System.out.println(task.getString());","lastModifiedDate":"2026-01-22T15:30:08","isFullCredit":false},{"lineNumber":47,"author":{"gitId":"Zhangshuhan05"},"content":"                }","lastModifiedDate":"2026-01-22T11:04:17","isFullCredit":false},{"lineNumber":48,"author":{"gitId":"Zhangshuhan05"},"content":"                System.out.println(line);","lastModifiedDate":"2026-01-22T15:30:08","isFullCredit":false},{"lineNumber":49,"author":{"gitId":"Zhangshuhan05"},"content":"                System.out.println();","lastModifiedDate":"2026-01-22T11:56:50","isFullCredit":false},{"lineNumber":50,"author":{"gitId":"Zhangshuhan05"},"content":"            } else if (instruction.equals(\"todo\")) {","lastModifiedDate":"2026-01-22T15:30:08","isFullCredit":false},{"lineNumber":51,"author":{"gitId":"Zhangshuhan05"},"content":"                String task \u003d inputScanner.hasNextLine() ? inputScanner.nextLine().trim() : \"\";","lastModifiedDate":"2026-01-22T15:30:08","isFullCredit":false},{"lineNumber":52,"author":{"gitId":"Zhangshuhan05"},"content":"","lastModifiedDate":"2026-01-22T15:30:08","isFullCredit":false},{"lineNumber":53,"author":{"gitId":"Zhangshuhan05"},"content":"                ToDos toDo \u003d new ToDos(task);","lastModifiedDate":"2026-01-22T15:30:08","isFullCredit":false},{"lineNumber":54,"author":{"gitId":"Zhangshuhan05"},"content":"                list.add(toDo);","lastModifiedDate":"2026-01-22T15:30:08","isFullCredit":false},{"lineNumber":55,"author":{"gitId":"Zhangshuhan05"},"content":"                addTaskMsg(line, INDENT, toDo, list.size());","lastModifiedDate":"2026-01-22T15:30:08","isFullCredit":false},{"lineNumber":56,"author":{"gitId":"Zhangshuhan05"},"content":"            } else if (instruction.equals(\"deadline\")) {","lastModifiedDate":"2026-01-22T15:30:08","isFullCredit":false},{"lineNumber":57,"author":{"gitId":"Zhangshuhan05"},"content":"                String task \u003d inputScanner.hasNextLine() ? inputScanner.nextLine().trim() : \"\";","lastModifiedDate":"2026-01-22T15:30:08","isFullCredit":false},{"lineNumber":58,"author":{"gitId":"Zhangshuhan05"},"content":"                String[] params \u003d task.split(\"/by\", 2);","lastModifiedDate":"2026-01-22T15:30:08","isFullCredit":false},{"lineNumber":59,"author":{"gitId":"Zhangshuhan05"},"content":"                String description \u003d params[0].trim();","lastModifiedDate":"2026-01-22T15:30:08","isFullCredit":false},{"lineNumber":60,"author":{"gitId":"Zhangshuhan05"},"content":"                String by \u003d params[1].trim();","lastModifiedDate":"2026-01-22T15:30:08","isFullCredit":false},{"lineNumber":61,"author":{"gitId":"Zhangshuhan05"},"content":"","lastModifiedDate":"2026-01-22T15:30:08","isFullCredit":false},{"lineNumber":62,"author":{"gitId":"Zhangshuhan05"},"content":"                Deadline deadline \u003d new Deadline(description, by);","lastModifiedDate":"2026-01-22T15:30:08","isFullCredit":false},{"lineNumber":63,"author":{"gitId":"Zhangshuhan05"},"content":"                list.add(deadline);","lastModifiedDate":"2026-01-22T15:30:08","isFullCredit":false},{"lineNumber":64,"author":{"gitId":"Zhangshuhan05"},"content":"                addTaskMsg(line, INDENT, deadline, list.size());","lastModifiedDate":"2026-01-22T15:30:08","isFullCredit":false},{"lineNumber":65,"author":{"gitId":"Zhangshuhan05"},"content":"            } else if (instruction.equals(\"event\")) {","lastModifiedDate":"2026-01-22T15:30:08","isFullCredit":false},{"lineNumber":66,"author":{"gitId":"Zhangshuhan05"},"content":"                String task \u003d inputScanner.hasNextLine() ? inputScanner.nextLine().trim() : \"\";","lastModifiedDate":"2026-01-22T15:30:08","isFullCredit":false},{"lineNumber":67,"author":{"gitId":"Zhangshuhan05"},"content":"                String[] params \u003d task.split(\"/\", 3);","lastModifiedDate":"2026-01-22T15:30:08","isFullCredit":false},{"lineNumber":68,"author":{"gitId":"Zhangshuhan05"},"content":"                String description \u003d params[0].trim();","lastModifiedDate":"2026-01-22T15:30:08","isFullCredit":false},{"lineNumber":69,"author":{"gitId":"Zhangshuhan05"},"content":"                String start \u003d params[1].trim();","lastModifiedDate":"2026-01-22T15:30:08","isFullCredit":false},{"lineNumber":70,"author":{"gitId":"Zhangshuhan05"},"content":"                String end \u003d params[2].trim();","lastModifiedDate":"2026-01-22T15:30:08","isFullCredit":false},{"lineNumber":71,"author":{"gitId":"Zhangshuhan05"},"content":"","lastModifiedDate":"2026-01-22T15:30:08","isFullCredit":false},{"lineNumber":72,"author":{"gitId":"Zhangshuhan05"},"content":"                Event event \u003d new Event(description, start, end);","lastModifiedDate":"2026-01-22T15:30:08","isFullCredit":false},{"lineNumber":73,"author":{"gitId":"Zhangshuhan05"},"content":"                list.add(event);","lastModifiedDate":"2026-01-22T15:30:08","isFullCredit":false},{"lineNumber":74,"author":{"gitId":"Zhangshuhan05"},"content":"                addTaskMsg(line, INDENT, event, list.size());","lastModifiedDate":"2026-01-22T15:30:08","isFullCredit":false},{"lineNumber":75,"author":{"gitId":"Zhangshuhan05"},"content":"            } else if (instruction.equals(\"mark\")) {","lastModifiedDate":"2026-01-22T11:56:50","isFullCredit":false},{"lineNumber":76,"author":{"gitId":"Zhangshuhan05"},"content":"                int index \u003d inputScanner.nextInt() - 1;","lastModifiedDate":"2026-01-22T11:56:50","isFullCredit":false},{"lineNumber":77,"author":{"gitId":"Zhangshuhan05"},"content":"                if (index \u003e\u003d 0 \u0026\u0026 index \u003c list.size()) {","lastModifiedDate":"2026-01-22T11:56:50","isFullCredit":false},{"lineNumber":78,"author":{"gitId":"Zhangshuhan05"},"content":"                    Task toMark \u003d list.get(index);","lastModifiedDate":"2026-01-22T11:56:50","isFullCredit":false},{"lineNumber":79,"author":{"gitId":"Zhangshuhan05"},"content":"                    toMark.markAsDone();","lastModifiedDate":"2026-01-22T11:56:50","isFullCredit":false},{"lineNumber":80,"author":{"gitId":"Zhangshuhan05"},"content":"                    System.out.println(line);","lastModifiedDate":"2026-01-22T15:30:08","isFullCredit":false},{"lineNumber":81,"author":{"gitId":"Zhangshuhan05"},"content":"                    System.out.println(INDENT + \"Nicee! I\u0027ve marked this task as done:\");","lastModifiedDate":"2026-01-22T11:56:50","isFullCredit":false},{"lineNumber":82,"author":{"gitId":"Zhangshuhan05"},"content":"                    System.out.println(INDENT + toMark.getString()); // !!","lastModifiedDate":"2026-01-22T15:30:08","isFullCredit":false},{"lineNumber":83,"author":{"gitId":"Zhangshuhan05"},"content":"                    System.out.println(line);","lastModifiedDate":"2026-01-22T15:30:08","isFullCredit":false},{"lineNumber":84,"author":{"gitId":"Zhangshuhan05"},"content":"                    System.out.println();","lastModifiedDate":"2026-01-22T11:56:50","isFullCredit":false},{"lineNumber":85,"author":{"gitId":"Zhangshuhan05"},"content":"                } else {","lastModifiedDate":"2026-01-22T11:56:50","isFullCredit":false},{"lineNumber":86,"author":{"gitId":"Zhangshuhan05"},"content":"                    System.out.println(\"invalid task number, pls try again\");","lastModifiedDate":"2026-01-22T11:56:50","isFullCredit":false},{"lineNumber":87,"author":{"gitId":"Zhangshuhan05"},"content":"                    System.out.println();","lastModifiedDate":"2026-01-22T11:56:50","isFullCredit":false},{"lineNumber":88,"author":{"gitId":"Zhangshuhan05"},"content":"                }","lastModifiedDate":"2026-01-22T11:56:50","isFullCredit":false},{"lineNumber":89,"author":{"gitId":"Zhangshuhan05"},"content":"            } else if (instruction.equals(\"unmark\")) {","lastModifiedDate":"2026-01-22T12:01:58","isFullCredit":false},{"lineNumber":90,"author":{"gitId":"Zhangshuhan05"},"content":"                int index \u003d inputScanner.nextInt() - 1;","lastModifiedDate":"2026-01-22T12:01:58","isFullCredit":false},{"lineNumber":91,"author":{"gitId":"Zhangshuhan05"},"content":"                if (index \u003e\u003d 0 \u0026\u0026 index \u003c list.size()) {","lastModifiedDate":"2026-01-22T12:01:58","isFullCredit":false},{"lineNumber":92,"author":{"gitId":"Zhangshuhan05"},"content":"                    Task toUnMark \u003d list.get(index);","lastModifiedDate":"2026-01-22T12:01:58","isFullCredit":false},{"lineNumber":93,"author":{"gitId":"Zhangshuhan05"},"content":"                    toUnMark.unMark();","lastModifiedDate":"2026-01-22T12:01:58","isFullCredit":false},{"lineNumber":94,"author":{"gitId":"Zhangshuhan05"},"content":"                    System.out.println(line);","lastModifiedDate":"2026-01-22T15:30:08","isFullCredit":false},{"lineNumber":95,"author":{"gitId":"Zhangshuhan05"},"content":"                    System.out.println(INDENT + \"OKY, I\u0027ve marked this task as not done yet:\");","lastModifiedDate":"2026-01-22T12:01:58","isFullCredit":false},{"lineNumber":96,"author":{"gitId":"Zhangshuhan05"},"content":"                    System.out.println(INDENT + \"[\" + toUnMark.getStatusIcon() + \"]\" + toUnMark.description);","lastModifiedDate":"2026-01-22T12:01:58","isFullCredit":false},{"lineNumber":97,"author":{"gitId":"Zhangshuhan05"},"content":"                    System.out.println(line);","lastModifiedDate":"2026-01-22T15:30:08","isFullCredit":false},{"lineNumber":98,"author":{"gitId":"Zhangshuhan05"},"content":"                    System.out.println();","lastModifiedDate":"2026-01-22T12:01:58","isFullCredit":false},{"lineNumber":99,"author":{"gitId":"Zhangshuhan05"},"content":"                } else {","lastModifiedDate":"2026-01-22T12:01:58","isFullCredit":false},{"lineNumber":100,"author":{"gitId":"Zhangshuhan05"},"content":"                    System.out.println(\"invalid task number, pls try again\");","lastModifiedDate":"2026-01-22T12:01:58","isFullCredit":false},{"lineNumber":101,"author":{"gitId":"Zhangshuhan05"},"content":"                    System.out.println();","lastModifiedDate":"2026-01-22T12:01:58","isFullCredit":false},{"lineNumber":102,"author":{"gitId":"Zhangshuhan05"},"content":"                }","lastModifiedDate":"2026-01-22T12:01:58","isFullCredit":false},{"lineNumber":103,"author":{"gitId":"Zhangshuhan05"},"content":"            } else {","lastModifiedDate":"2026-01-22T10:04:52","isFullCredit":false},{"lineNumber":104,"author":{"gitId":"Zhangshuhan05"},"content":"                Task newTask \u003d new Task(input);","lastModifiedDate":"2026-01-22T11:56:50","isFullCredit":false},{"lineNumber":105,"author":{"gitId":"Zhangshuhan05"},"content":"                list.add(newTask);","lastModifiedDate":"2026-01-22T11:56:50","isFullCredit":false},{"lineNumber":106,"author":{"gitId":"Zhangshuhan05"},"content":"                System.out.println(line);","lastModifiedDate":"2026-01-22T15:30:08","isFullCredit":false},{"lineNumber":107,"author":{"gitId":"Zhangshuhan05"},"content":"                System.out.println(INDENT + \"added: \" + input);","lastModifiedDate":"2026-01-22T11:04:17","isFullCredit":false},{"lineNumber":108,"author":{"gitId":"Zhangshuhan05"},"content":"                System.out.println(line);","lastModifiedDate":"2026-01-22T15:30:08","isFullCredit":false},{"lineNumber":109,"author":{"gitId":"Zhangshuhan05"},"content":"                System.out.println();","lastModifiedDate":"2026-01-22T10:04:52","isFullCredit":false},{"lineNumber":110,"author":{"gitId":"Zhangshuhan05"},"content":"            }","lastModifiedDate":"2026-01-22T10:04:52","isFullCredit":false},{"lineNumber":111,"author":{"gitId":"Zhangshuhan05"},"content":"        }","lastModifiedDate":"2026-01-22T10:04:52","isFullCredit":false},{"lineNumber":112,"author":{"gitId":"Zhangshuhan05"},"content":"    }","lastModifiedDate":"2026-01-22T01:35:46","isFullCredit":false},{"lineNumber":113,"author":{"gitId":"Zhangshuhan05"},"content":"}","lastModifiedDate":"2026-01-22T01:35:46","isFullCredit":false}],"authorContributionMap":{"Zhangshuhan05":113}},{"path":"src/main/java/Deadline.java","fileType":"java","lines":[{"lineNumber":1,"author":{"gitId":"Zhangshuhan05"},"content":"public class Deadline extends Task {","lastModifiedDate":"2026-01-22T15:30:08","isFullCredit":false},{"lineNumber":2,"author":{"gitId":"Zhangshuhan05"},"content":"    protected String by;","lastModifiedDate":"2026-01-22T15:30:08","isFullCredit":false},{"lineNumber":3,"author":{"gitId":"Zhangshuhan05"},"content":"","lastModifiedDate":"2026-01-22T15:30:08","isFullCredit":false},{"lineNumber":4,"author":{"gitId":"Zhangshuhan05"},"content":"    Deadline(String description, String by) {","lastModifiedDate":"2026-01-22T15:30:08","isFullCredit":false},{"lineNumber":5,"author":{"gitId":"Zhangshuhan05"},"content":"        super(description);","lastModifiedDate":"2026-01-22T15:30:08","isFullCredit":false},{"lineNumber":6,"author":{"gitId":"Zhangshuhan05"},"content":"        this.by \u003d by;","lastModifiedDate":"2026-01-22T15:30:08","isFullCredit":false},{"lineNumber":7,"author":{"gitId":"Zhangshuhan05"},"content":"    }","lastModifiedDate":"2026-01-22T15:30:08","isFullCredit":false},{"lineNumber":8,"author":{"gitId":"Zhangshuhan05"},"content":"","lastModifiedDate":"2026-01-22T15:30:08","isFullCredit":false},{"lineNumber":9,"author":{"gitId":"Zhangshuhan05"},"content":"    @Override","lastModifiedDate":"2026-01-22T15:30:08","isFullCredit":false},{"lineNumber":10,"author":{"gitId":"Zhangshuhan05"},"content":"    public String getString() {","lastModifiedDate":"2026-01-22T15:30:08","isFullCredit":false},{"lineNumber":11,"author":{"gitId":"Zhangshuhan05"},"content":"        return \"[D]\" + \"[\" + getStatusIcon() + \"] \" + description + \" (by: \" + by + \")\";","lastModifiedDate":"2026-01-22T15:30:08","isFullCredit":false},{"lineNumber":12,"author":{"gitId":"Zhangshuhan05"},"content":"    }","lastModifiedDate":"2026-01-22T15:30:08","isFullCredit":false},{"lineNumber":13,"author":{"gitId":"Zhangshuhan05"},"content":"}","lastModifiedDate":"2026-01-22T15:30:08","isFullCredit":false}],"authorContributionMap":{"Zhangshuhan05":13}},{"path":"src/main/java/Event.java","fileType":"java","lines":[{"lineNumber":1,"author":{"gitId":"Zhangshuhan05"},"content":"public class Event extends Task {","lastModifiedDate":"2026-01-22T15:30:08","isFullCredit":false},{"lineNumber":2,"author":{"gitId":"Zhangshuhan05"},"content":"    protected String start;","lastModifiedDate":"2026-01-22T15:30:08","isFullCredit":false},{"lineNumber":3,"author":{"gitId":"Zhangshuhan05"},"content":"    protected String end;","lastModifiedDate":"2026-01-22T15:30:08","isFullCredit":false},{"lineNumber":4,"author":{"gitId":"Zhangshuhan05"},"content":"","lastModifiedDate":"2026-01-22T15:30:08","isFullCredit":false},{"lineNumber":5,"author":{"gitId":"Zhangshuhan05"},"content":"    Event(String description, String start, String end) {","lastModifiedDate":"2026-01-22T15:30:08","isFullCredit":false},{"lineNumber":6,"author":{"gitId":"Zhangshuhan05"},"content":"        super(description);","lastModifiedDate":"2026-01-22T15:30:08","isFullCredit":false},{"lineNumber":7,"author":{"gitId":"Zhangshuhan05"},"content":"        this.start \u003d start;","lastModifiedDate":"2026-01-22T15:30:08","isFullCredit":false},{"lineNumber":8,"author":{"gitId":"Zhangshuhan05"},"content":"        this.end \u003d end;","lastModifiedDate":"2026-01-22T15:30:08","isFullCredit":false},{"lineNumber":9,"author":{"gitId":"Zhangshuhan05"},"content":"    }","lastModifiedDate":"2026-01-22T15:30:08","isFullCredit":false},{"lineNumber":10,"author":{"gitId":"Zhangshuhan05"},"content":"","lastModifiedDate":"2026-01-22T15:30:08","isFullCredit":false},{"lineNumber":11,"author":{"gitId":"Zhangshuhan05"},"content":"    @Override","lastModifiedDate":"2026-01-22T15:30:08","isFullCredit":false},{"lineNumber":12,"author":{"gitId":"Zhangshuhan05"},"content":"    public String getString() {","lastModifiedDate":"2026-01-22T15:30:08","isFullCredit":false},{"lineNumber":13,"author":{"gitId":"Zhangshuhan05"},"content":"        return \"[E]\" + \"[\" + getStatusIcon() + \"] \" + description + \" (from: \" + start + \" to: \" + end + \")\";","lastModifiedDate":"2026-01-22T15:30:08","isFullCredit":false},{"lineNumber":14,"author":{"gitId":"Zhangshuhan05"},"content":"    }","lastModifiedDate":"2026-01-22T15:30:08","isFullCredit":false},{"lineNumber":15,"author":{"gitId":"Zhangshuhan05"},"content":"}","lastModifiedDate":"2026-01-22T15:30:08","isFullCredit":false}],"authorContributionMap":{"Zhangshuhan05":15}},{"path":"src/main/java/Task.java","fileType":"java","lines":[{"lineNumber":1,"author":{"gitId":"Zhangshuhan05"},"content":"public class Task {","lastModifiedDate":"2026-01-22T11:56:50","isFullCredit":false},{"lineNumber":2,"author":{"gitId":"Zhangshuhan05"},"content":"    protected String description;","lastModifiedDate":"2026-01-22T11:56:50","isFullCredit":false},{"lineNumber":3,"author":{"gitId":"Zhangshuhan05"},"content":"    protected boolean isDone;","lastModifiedDate":"2026-01-22T11:56:50","isFullCredit":false},{"lineNumber":4,"author":{"gitId":"Zhangshuhan05"},"content":"","lastModifiedDate":"2026-01-22T11:56:50","isFullCredit":false},{"lineNumber":5,"author":{"gitId":"Zhangshuhan05"},"content":"    public Task() {","lastModifiedDate":"2026-01-22T15:30:08","isFullCredit":false},{"lineNumber":6,"author":{"gitId":"Zhangshuhan05"},"content":"        this.description \u003d \" \";","lastModifiedDate":"2026-01-22T15:30:08","isFullCredit":false},{"lineNumber":7,"author":{"gitId":"Zhangshuhan05"},"content":"        this.isDone \u003d false;","lastModifiedDate":"2026-01-22T15:30:08","isFullCredit":false},{"lineNumber":8,"author":{"gitId":"Zhangshuhan05"},"content":"    }","lastModifiedDate":"2026-01-22T15:30:08","isFullCredit":false},{"lineNumber":9,"author":{"gitId":"Zhangshuhan05"},"content":"","lastModifiedDate":"2026-01-22T15:30:08","isFullCredit":false},{"lineNumber":10,"author":{"gitId":"Zhangshuhan05"},"content":"    public Task(String description) {","lastModifiedDate":"2026-01-22T11:56:50","isFullCredit":false},{"lineNumber":11,"author":{"gitId":"Zhangshuhan05"},"content":"        this.description \u003d description;","lastModifiedDate":"2026-01-22T11:56:50","isFullCredit":false},{"lineNumber":12,"author":{"gitId":"Zhangshuhan05"},"content":"        this.isDone \u003d false;","lastModifiedDate":"2026-01-22T11:56:50","isFullCredit":false},{"lineNumber":13,"author":{"gitId":"Zhangshuhan05"},"content":"    }","lastModifiedDate":"2026-01-22T11:56:50","isFullCredit":false},{"lineNumber":14,"author":{"gitId":"Zhangshuhan05"},"content":"","lastModifiedDate":"2026-01-22T11:56:50","isFullCredit":false},{"lineNumber":15,"author":{"gitId":"Zhangshuhan05"},"content":"    public String getStatusIcon() {","lastModifiedDate":"2026-01-22T11:56:50","isFullCredit":false},{"lineNumber":16,"author":{"gitId":"Zhangshuhan05"},"content":"        return (isDone ? \"X\" : \" \");","lastModifiedDate":"2026-01-22T11:56:50","isFullCredit":false},{"lineNumber":17,"author":{"gitId":"Zhangshuhan05"},"content":"    }","lastModifiedDate":"2026-01-22T11:56:50","isFullCredit":false},{"lineNumber":18,"author":{"gitId":"Zhangshuhan05"},"content":"","lastModifiedDate":"2026-01-22T11:56:50","isFullCredit":false},{"lineNumber":19,"author":{"gitId":"Zhangshuhan05"},"content":"    public void markAsDone() {","lastModifiedDate":"2026-01-22T11:56:50","isFullCredit":false},{"lineNumber":20,"author":{"gitId":"Zhangshuhan05"},"content":"        isDone \u003d true;","lastModifiedDate":"2026-01-22T11:56:50","isFullCredit":false},{"lineNumber":21,"author":{"gitId":"Zhangshuhan05"},"content":"    }","lastModifiedDate":"2026-01-22T11:56:50","isFullCredit":false},{"lineNumber":22,"author":{"gitId":"Zhangshuhan05"},"content":"","lastModifiedDate":"2026-01-22T12:01:58","isFullCredit":false},{"lineNumber":23,"author":{"gitId":"Zhangshuhan05"},"content":"    public void unMark() {","lastModifiedDate":"2026-01-22T12:01:58","isFullCredit":false},{"lineNumber":24,"author":{"gitId":"Zhangshuhan05"},"content":"        isDone \u003d false;","lastModifiedDate":"2026-01-22T12:01:58","isFullCredit":false},{"lineNumber":25,"author":{"gitId":"Zhangshuhan05"},"content":"    }","lastModifiedDate":"2026-01-22T12:01:58","isFullCredit":false},{"lineNumber":26,"author":{"gitId":"Zhangshuhan05"},"content":"","lastModifiedDate":"2026-01-22T15:30:08","isFullCredit":false},{"lineNumber":27,"author":{"gitId":"Zhangshuhan05"},"content":"    public String getString() {","lastModifiedDate":"2026-01-22T15:30:08","isFullCredit":false},{"lineNumber":28,"author":{"gitId":"Zhangshuhan05"},"content":"        return \"[\" + getStatusIcon() + \"] \" + description;","lastModifiedDate":"2026-01-22T15:30:08","isFullCredit":false},{"lineNumber":29,"author":{"gitId":"Zhangshuhan05"},"content":"    }","lastModifiedDate":"2026-01-22T15:30:08","isFullCredit":false},{"lineNumber":30,"author":{"gitId":"Zhangshuhan05"},"content":"","lastModifiedDate":"2026-01-22T15:30:08","isFullCredit":false},{"lineNumber":31,"author":{"gitId":"Zhangshuhan05"},"content":"}","lastModifiedDate":"2026-01-22T11:56:50","isFullCredit":false}],"authorContributionMap":{"Zhangshuhan05":31}},{"path":"src/main/java/ToDos.java","fileType":"java","lines":[{"lineNumber":1,"author":{"gitId":"Zhangshuhan05"},"content":"public class ToDos extends Task {","lastModifiedDate":"2026-01-22T15:30:08","isFullCredit":false},{"lineNumber":2,"author":{"gitId":"Zhangshuhan05"},"content":"","lastModifiedDate":"2026-01-22T15:30:08","isFullCredit":false},{"lineNumber":3,"author":{"gitId":"Zhangshuhan05"},"content":"    ToDos(String description) {","lastModifiedDate":"2026-01-22T15:30:08","isFullCredit":false},{"lineNumber":4,"author":{"gitId":"Zhangshuhan05"},"content":"        super(description);","lastModifiedDate":"2026-01-22T15:30:08","isFullCredit":false},{"lineNumber":5,"author":{"gitId":"Zhangshuhan05"},"content":"    }","lastModifiedDate":"2026-01-22T15:30:08","isFullCredit":false},{"lineNumber":6,"author":{"gitId":"Zhangshuhan05"},"content":"","lastModifiedDate":"2026-01-22T15:30:08","isFullCredit":false},{"lineNumber":7,"author":{"gitId":"Zhangshuhan05"},"content":"    @Override","lastModifiedDate":"2026-01-22T15:30:08","isFullCredit":false},{"lineNumber":8,"author":{"gitId":"Zhangshuhan05"},"content":"    public String getString() {","lastModifiedDate":"2026-01-22T15:30:08","isFullCredit":false},{"lineNumber":9,"author":{"gitId":"Zhangshuhan05"},"content":"        return \"[T]\" + \"[\" + getStatusIcon() + \"] \" + description;","lastModifiedDate":"2026-01-22T15:30:08","isFullCredit":false},{"lineNumber":10,"author":{"gitId":"Zhangshuhan05"},"content":"    }","lastModifiedDate":"2026-01-22T15:30:08","isFullCredit":false},{"lineNumber":11,"author":{"gitId":"Zhangshuhan05"},"content":"}","lastModifiedDate":"2026-01-22T15:30:08","isFullCredit":false}],"authorContributionMap":{"Zhangshuhan05":11}}]
