{"authorDailyContributionsMap":{"shainegan1407":[{"date":"2026-01-23T00:00:00","commitResults":[{"hash":"fcbebc18eb013bd413e50d39c1f6b30df4e40c5e","isMergeCommit":false,"messageTitle":"Added rename, greet and exit","messageBody":"","tags":["Level-0"],"fileTypesAndContributionMap":{"java":{"insertions":17,"deletions":10}}},{"hash":"bd3a574e8a89e299cee6b3dadffffeb4e962b182","isMergeCommit":false,"messageTitle":"Added echo, changed exit","messageBody":"","tags":["Level-1"],"fileTypesAndContributionMap":{"java":{"insertions":24,"deletions":6}}},{"hash":"d49486c1964ed7b787e79c97679ab197798ee645","isMergeCommit":false,"messageTitle":"Fixed logo warning","messageBody":"","fileTypesAndContributionMap":{"java":{"insertions":1,"deletions":1}}},{"hash":"b5edfceb68ff802ebb3023e33c4084020cb3c7de","isMergeCommit":false,"messageTitle":"Added tasks, display list","messageBody":"","tags":["Level-2"],"fileTypesAndContributionMap":{"java":{"insertions":21,"deletions":3}}},{"hash":"aa7c051340558ad8b707e6bcb8d694f228015167","isMergeCommit":false,"messageTitle":"Added task class","messageBody":"","fileTypesAndContributionMap":{"java":{"insertions":16,"deletions":3}}},{"hash":"7af37a9ff739cddaafdc55be47b1a10dc474166d","isMergeCommit":false,"messageTitle":"Added mark and unmark","messageBody":"","tags":["Level-3"],"fileTypesAndContributionMap":{"java":{"insertions":63,"deletions":12}}},{"hash":"0c3fb311510e42540b2cc44ac5c2bd347d817515","isMergeCommit":false,"messageTitle":"Added event and deadline classes","messageBody":"","fileTypesAndContributionMap":{"java":{"insertions":57,"deletions":23}}},{"hash":"3fe5b179f52a317d7d26291f37892bed4cc6f76b","isMergeCommit":false,"messageTitle":"Fixed event and deadline classes","messageBody":"","tags":["Level-4"],"fileTypesAndContributionMap":{"java":{"insertions":99,"deletions":28}}},{"hash":"ac2ea604b89ef22801d98c15ec99099ceaeb5930","isMergeCommit":false,"messageTitle":"Added test cases","messageBody":"","tags":["A-TextUiTesting"],"fileTypesAndContributionMap":{"txt":{"insertions":19,"deletions":0},"bat":{"insertions":3,"deletions":3}}},{"hash":"a19d6fbff87a96368e8af78bc2dc509c6f722dd2","isMergeCommit":false,"messageTitle":"Added Cherry Exceptions","messageBody":"","tags":["Level-5"],"fileTypesAndContributionMap":{"java":{"insertions":66,"deletions":52}}},{"hash":"32b949c9930f3104ba23c60623e36d657163ab45","isMergeCommit":false,"messageTitle":"Changed array to ArrayList, Added delete","messageBody":"","tags":["Level-6"],"fileTypesAndContributionMap":{"java":{"insertions":36,"deletions":17}}},{"hash":"952d093357a494a435c3b7841b48571f3073316d","isMergeCommit":false,"messageTitle":"Reduce redundancy","messageBody":"","fileTypesAndContributionMap":{"java":{"insertions":53,"deletions":78}}}]},{"date":"2026-01-29T00:00:00","commitResults":[{"hash":"5171b27896a680c48fd4c236cc324060439ec3da","isMergeCommit":false,"messageTitle":"Restructure for better OOP design (Add Storage, Parser, Ui, Command, TaskList classes)","messageBody":"","fileTypesAndContributionMap":{"java":{"insertions":553,"deletions":175}}},{"hash":"c3bdbab42fc4c53f52446b32fe428a8b1968de2f","isMergeCommit":true,"messageTitle":"Merge branch \u0027branch-Level-7\u0027","messageBody":"","tags":["Level-7","A-MoreOOP"],"fileTypesAndContributionMap":{}},{"hash":"21654da26e35d4647b08907c9139de6aff89a28c","isMergeCommit":true,"messageTitle":"Merge branch \u0027add-gradle-support\u0027","messageBody":"","fileTypesAndContributionMap":{}},{"hash":"d54f7baffa9dd7876e6db1e57a5f5acd4060204f","isMergeCommit":false,"messageTitle":"Add Gradle support Add checkstyle support Edit for checkstyle","messageBody":"","fileTypesAndContributionMap":{"gradle":{"insertions":10,"deletions":2},"java":{"insertions":184,"deletions":80},"bat":{"insertions":1,"deletions":1}}},{"hash":"4a5ad53b769a75949257b5ebffefa72cf8b887e4","isMergeCommit":false,"messageTitle":"Fix build.gradle","messageBody":"","tags":["A-Gradle"],"fileTypesAndContributionMap":{"gradle":{"insertions":1,"deletions":4}}}]}]},"authorFileTypeContributionMap":{"shainegan1407":{"java":712,"md":0,"fxml":0,"sh":0,"bat":2,"gradle":7,"txt":19}},"authorContributionVariance":{"shainegan1407":66020.86},"authorDisplayNameMap":{"shainegan1407":"CS2103T-F12-1 SHAI.. GAN"}}
