{"authorDailyContributionsMap":{"EOKwingster":[{"date":"2026-01-22T00:00:00","commitResults":[{"hash":"9767b3c5297bf76107f071c660bc1f6fe59f101b","isMergeCommit":false,"messageTitle":"Change chatbot name and logo","messageBody":"","fileTypesAndContributionMap":{"java":{"insertions":12,"deletions":10},"bat":{"insertions":1,"deletions":1},"md":{"insertions":1,"deletions":1}}},{"hash":"e781ed5c8a4a5a61133c7c5609d151daf8f6faca","isMergeCommit":false,"messageTitle":"add say() method to output formatted messages","messageBody":"","fileTypesAndContributionMap":{"java":{"insertions":17,"deletions":0}}},{"hash":"713cfb49e8b4c1a00d28632fa1b316a0700ed86b","isMergeCommit":false,"messageTitle":"add startChat() for chat starting messages","messageBody":"","fileTypesAndContributionMap":{"java":{"insertions":5,"deletions":0}}},{"hash":"6e03e4c83cbbc2c23917a107fc00734666115e32","isMergeCommit":false,"messageTitle":"add exitChat() for chat exiting messages","messageBody":"","fileTypesAndContributionMap":{"java":{"insertions":7,"deletions":0}}},{"hash":"273e07738019f75f84a8ba209577d18d7eb5804a","isMergeCommit":false,"messageTitle":"add doc of previous methods: say(), startChat(), exitChat()","messageBody":"","tags":["Level-0"],"fileTypesAndContributionMap":{"java":{"insertions":18,"deletions":7}}},{"hash":"0258593de22b52e2c189a3ef61f78c659a0bf4e1","isMergeCommit":false,"messageTitle":"add Responsor interface to define response behavior","messageBody":"","fileTypesAndContributionMap":{"java":{"insertions":16,"deletions":0}}},{"hash":"1fd9ce23a599f1652d411a546c3e4021d2bae5f7","isMergeCommit":false,"messageTitle":"Add ResponsorRegistry to handle keywords-Responsors connection.","messageBody":"","fileTypesAndContributionMap":{"java":{"insertions":30,"deletions":0}}},{"hash":"951e668ddaf290096f959c0bd4a4fa034e3e2185","isMergeCommit":false,"messageTitle":"add willExit() in Responsor interface","messageBody":"","fileTypesAndContributionMap":{"java":{"insertions":9,"deletions":1}}},{"hash":"a49ca8095f419a18b7eb1e460c0a8a8b814c9025","isMergeCommit":false,"messageTitle":"add ExitChatResponsor to replace exitChat() method in Wee","messageBody":"","fileTypesAndContributionMap":{"java":{"insertions":15,"deletions":8}}},{"hash":"c7b0523ebda41a079a874693eb046b70c7eabad0","isMergeCommit":false,"messageTitle":"replace startChat() in Wee by StartChatResponsor","messageBody":"","fileTypesAndContributionMap":{"java":{"insertions":10,"deletions":9}}},{"hash":"ac93b44e04b40235020927627d0f7e06ad0371cb","isMergeCommit":false,"messageTitle":"add getDefaultWee() in Wee for default set up","messageBody":"","fileTypesAndContributionMap":{"java":{"insertions":46,"deletions":14},"bat":{"insertions":1,"deletions":1}}},{"hash":"c4acc4631e1b325f5e3a881228a3f0938a9da2b3","isMergeCommit":false,"messageTitle":"add EchoResponsor","messageBody":"","fileTypesAndContributionMap":{"java":{"insertions":10,"deletions":0}}},{"hash":"a9294c21e6218b66e301ee83a7097717e71374ff","isMergeCommit":false,"messageTitle":"add doc of response() for all Responsors","messageBody":"","fileTypesAndContributionMap":{"java":{"insertions":14,"deletions":1}}},{"hash":"5ad145649334b0c888cf5cc73f7d337cbb9573fb","isMergeCommit":false,"messageTitle":"add main run logic to Wee","messageBody":"","tags":["Level-1"],"fileTypesAndContributionMap":{"java":{"insertions":26,"deletions":3}}},{"hash":"b81c33f50f052301d23be9fc8e5f011cdebebdbb","isMergeCommit":false,"messageTitle":"add ChatData for data storage and modify Responsor to support","messageBody":"","fileTypesAndContributionMap":{"java":{"insertions":29,"deletions":11}}},{"hash":"d25a61d9b0612883be418cab6c13a5b014ef749e","isMergeCommit":false,"messageTitle":"make ChatData supports storing an inputs list","messageBody":"","fileTypesAndContributionMap":{"java":{"insertions":11,"deletions":0}}},{"hash":"77fd2c8aa40113fcf91a38c0672027bcfaa50a71","isMergeCommit":false,"messageTitle":"add InputRecordResponsor for storing inputs and InputsListResponsor for listing stored inputs","messageBody":"","tags":["Level-2"],"fileTypesAndContributionMap":{"java":{"insertions":33,"deletions":11}}},{"hash":"ad251edab796e807a0453275aaa769d27e1a0da0","isMergeCommit":false,"messageTitle":"change String inputs storage to Task storage","messageBody":"","fileTypesAndContributionMap":{"java":{"insertions":45,"deletions":18}}},{"hash":"be3e44e33737fd1b40c1eae9e5153ed6ef674032","isMergeCommit":false,"messageTitle":"Rewrite input-response logic to support command input style","messageBody":"","fileTypesAndContributionMap":{"java":{"insertions":70,"deletions":61}}},{"hash":"8f6bcbeebe2eef6497f9d407e398975234227e13","isMergeCommit":false,"messageTitle":"add commands add;mark;unmark and corresponding Responsors","messageBody":"","tags":["Level-3"],"fileTypesAndContributionMap":{"java":{"insertions":65,"deletions":12}}},{"hash":"84d9eebf3c1dc8b55e3d86474d5a3864b5612304","isMergeCommit":false,"messageTitle":"make Task abstract and add three subclasses: ToDo,Deadline,Event","messageBody":"","fileTypesAndContributionMap":{"java":{"insertions":67,"deletions":4}}}]},{"date":"2026-01-23T00:00:00","commitResults":[{"hash":"13751a3e691543cbe03e0ae148f39fc2bb69b62c","isMergeCommit":false,"messageTitle":"rewrite input-response logic to support multiple commands for one response","messageBody":"","fileTypesAndContributionMap":{"java":{"insertions":98,"deletions":49}}},{"hash":"c245b49e728aa88b36bf20130ed4ab4dcd32a8f4","isMergeCommit":false,"messageTitle":"Response: add Builder for frequent changes; add Tag to support multiple special cases.","messageBody":"","fileTypesAndContributionMap":{"java":{"insertions":70,"deletions":20}}},{"hash":"d7f1a7d16c4ff2aeea8583a234430526014a2fe5","isMergeCommit":false,"messageTitle":"Modify input-response logic to adapt new Response structure and functions","messageBody":"","fileTypesAndContributionMap":{"java":{"insertions":15,"deletions":35}}},{"hash":"15b963ee0bd4db71858a5a73d419cb347fb765b8","isMergeCommit":false,"messageTitle":"fix all Responsors","messageBody":"","fileTypesAndContributionMap":{"java":{"insertions":165,"deletions":102}}},{"hash":"2249e9a5d907996e9f51733aff3068e4ac6b44b2","isMergeCommit":false,"messageTitle":"Add step start point label in output and change some texts","messageBody":"","fileTypesAndContributionMap":{"java":{"insertions":28,"deletions":11}}},{"hash":"154cdc08b4b021e5ff0a108e2cc61410d299b450","isMergeCommit":false,"messageTitle":"Add DynamicMessage to replace string for storage of output messages","messageBody":"","fileTypesAndContributionMap":{"java":{"insertions":60,"deletions":22}}},{"hash":"7ea607f3e371793cc3ee527bcbcc5126cf74c76c","isMergeCommit":false,"messageTitle":"Define Modifier Responsor, Modifier format, ErrorResponsor","messageBody":"","fileTypesAndContributionMap":{"java":{"insertions":48,"deletions":4}}},{"hash":"2e18df6c2965137c5fee208faabc77a09d5e80c3","isMergeCommit":false,"messageTitle":"add Keyword enum to maintain Modifier command rules","messageBody":"","fileTypesAndContributionMap":{"java":{"insertions":86,"deletions":31}}},{"hash":"cf09a60687dadc4fe2026a9214e9670cf419dd52","isMergeCommit":false,"messageTitle":"Add TaskBeginTimeResponsor and TaskEndTimeResponsor","messageBody":"","fileTypesAndContributionMap":{"java":{"insertions":84,"deletions":16}}}]},{"date":"2026-01-24T00:00:00","commitResults":[{"hash":"564a3b744e1693fdea5104cf5d0ce2b67c1856b1","isMergeCommit":false,"messageTitle":"change inheritance structure of Task and its subclasses","messageBody":"","tags":["Level-4"],"fileTypesAndContributionMap":{"java":{"insertions":49,"deletions":14}}},{"hash":"45b1fba091a708b6e7b99761fcae53ab2de0b63d","isMergeCommit":false,"messageTitle":"Automate text-Ui-testing","messageBody":"","tags":["A-TextUiTesting"],"fileTypesAndContributionMap":{"txt":{"insertions":7,"deletions":0},"java":{"insertions":7,"deletions":7},"bat":{"insertions":1,"deletions":1}}},{"hash":"6990d67efd79cdf8ebcd72dc525809fb19073439","isMergeCommit":false,"messageTitle":"remove and refine some methods in Response.Builder","messageBody":"","fileTypesAndContributionMap":{"java":{"insertions":5,"deletions":28}}},{"hash":"bb2e2def0694b7e679729668c6c637d1a6e5c43e","isMergeCommit":false,"messageTitle":"set warning format","messageBody":"","fileTypesAndContributionMap":{"java":{"insertions":51,"deletions":50}}},{"hash":"e06183d31e235eb5ace7c9f282654b771748799a","isMergeCommit":false,"messageTitle":"fix Step\u0027s toString()","messageBody":"","fileTypesAndContributionMap":{"java":{"insertions":3,"deletions":0}}},{"hash":"39a148e4319e8d60d1302682a6beb84303cd0ac4","isMergeCommit":false,"messageTitle":"make TaskType enum elements have a method to create their own type Task","messageBody":"","fileTypesAndContributionMap":{"java":{"insertions":21,"deletions":8}}},{"hash":"50b54134d8a7ca8a71aa008cba7d2f2d80bef56b","isMergeCommit":false,"messageTitle":"makes commands after error not execute","messageBody":"","fileTypesAndContributionMap":{"java":{"insertions":3,"deletions":2}}},{"hash":"0ca4da9b638edaa5ca03bfc51889323b1ba25a3e","isMergeCommit":false,"messageTitle":"makes description of task must not be blank or empty","messageBody":"","tags":["Level-5"],"fileTypesAndContributionMap":{"txt":{"insertions":5,"deletions":2},"java":{"insertions":4,"deletions":1}}},{"hash":"356c8bb7fb5d730ba7c9676650f386eb3ed0ed37","isMergeCommit":false,"messageTitle":"add TaskDeleteResponsor","messageBody":"","tags":["Level-6"],"fileTypesAndContributionMap":{"java":{"insertions":33,"deletions":4}}},{"hash":"4a165f6f7b0fa3cd6651784380dd4c07a3fa1417","isMergeCommit":false,"messageTitle":"Add ArgumentParser to take all the argument parsing","messageBody":"","fileTypesAndContributionMap":{"java":{"insertions":41,"deletions":25}}}]},{"date":"2026-01-27T00:00:00","commitResults":[{"hash":"a4431b15d7a27b92d15d1be8fb72359c93b98cc3","isMergeCommit":false,"messageTitle":"Correct import style","messageBody":"Expand all wildcard import statements\n","fileTypesAndContributionMap":{"java":{"insertions":14,"deletions":3}}},{"hash":"8f218143a9bc3d120dbae2d8e79aa957239c3e93","isMergeCommit":false,"messageTitle":"ArgumentParser class: move to com.eokwingster.command package","messageBody":"","fileTypesAndContributionMap":{"java":{"insertions":3,"deletions":3}}}]},{"date":"2026-01-28T00:00:00","commitResults":[{"hash":"fd19aee9d1f430eba6371e568dcd7a874e58abac","isMergeCommit":false,"messageTitle":"Change Keyword from enums to classes","messageBody":"Create a family of classes that inherit Keyword interface. Each class represent one keyword that associated with a responsor. Then keyword can now be responsible for the validation process before the execution of a command line\n\nKeyword objects have following methods:\n* getAliases(): get the string aliases input by user that can be converted to corresponding keyword.\n* validateCommandStep(): validate the argument input after the alias points to this keyword.\n","fileTypesAndContributionMap":{"java":{"insertions":205,"deletions":31}}},{"hash":"a93bfafa7a390dfa16d71510e2935fea1a319ea2","isMergeCommit":false,"messageTitle":"Modify fields of Step record class and move the command parser function to Wee class","messageBody":"Because keyword can now be associated with more than one string aliases. The field \"alias\" is added to Step record class to store the alias user input.\n\nFor making Step a pure temporary data storage class. The command parser function Step.listOf() and its helper functions are removed. The command parser logic is moved to Wee.getStepsFromInput().\n","fileTypesAndContributionMap":{"java":{"insertions":21,"deletions":20}}},{"hash":"a727953b379fd3ccec47a82a2a2a5e1f30040edf","isMergeCommit":false,"messageTitle":"Add registry of alias-keyword and combine the keyword-responsor registry into CommandRegistry class","messageBody":"Use a \u003cString, Keyword\u003e map to maintain the association between aliases and keyword. Keyword\u0027s aliases will be automatically-registered when a keyword is registered with a responsor.\n\nChange registry maps to static and related methods to functions.\n","fileTypesAndContributionMap":{"java":{"insertions":100,"deletions":71}}},{"hash":"130bd28655eaebfe8aed67a56bd3f0d61e534a9b","isMergeCommit":false,"messageTitle":"change from in-execution-validation to pre-execution-validation","messageBody":"Previously, in-execution-validation (validate argument inside responsor) will cause side effects in some error command line. For example, \"deadline read book /by \" will give blank task end time warning but a deadline task with null end time will still be created and added into data. Therefor, validate the whole command line before execution is a more proper mode for preventing side effects. Changes made:\n\n* limit the number of root keyword to one in one command line, other keywords are modifier keywords.\n* remove step label handling as no multiple steps command line anymore.\n* add validation process in Wee.getStepsFromInput().\n* remove all validation in responsors.\n* simplify Response.Builder and complete Javadoc in Response class.\n","fileTypesAndContributionMap":{"java":{"insertions":76,"deletions":166}}},{"hash":"9e8b6f06c8d0e3c6b88513d9966773fcf735e5e6","isMergeCommit":false,"messageTitle":"Remove Modifier interface, apply one-root-keyword and modifier validation by adding getRootKeywords() in Keyword interface","messageBody":"Root keyword: the keywords that do not rely on other keywords.\nModifier: the keywords that rely on other keywords.\nOne-root-keyword validation: one command line only contains one root keyword.\nModifier validation: modifier follows the right root keyword.\n","fileTypesAndContributionMap":{"java":{"insertions":87,"deletions":75}}},{"hash":"3b0333ab26b0fe56b4383b8f4c83d4eda79e8252","isMergeCommit":false,"messageTitle":"Fix minor bug: first line of output does not have \"|\" in prefix","messageBody":"","fileTypesAndContributionMap":{"java":{"insertions":1,"deletions":1}}},{"hash":"0cedf2d174ac62e1bd2ef559400722fbc9e55fd9","isMergeCommit":false,"messageTitle":"Fix minor bug: modifier can not be recognized","messageBody":"","fileTypesAndContributionMap":{"java":{"insertions":0,"deletions":1}}},{"hash":"77d44050d2de824ce2a3ecfd876a2e8d7156392b","isMergeCommit":false,"messageTitle":"Fix minor bug: wrong computation of task index","messageBody":"","fileTypesAndContributionMap":{"java":{"insertions":4,"deletions":3}}},{"hash":"11e14acfa35a15bc265af6f2d203142e9e1271b6","isMergeCommit":false,"messageTitle":"Add blank keyword exception handling","messageBody":"","fileTypesAndContributionMap":{"java":{"insertions":4,"deletions":1}}},{"hash":"8813acc025e1722c4cab8bcdf43bf24027526c6c","isMergeCommit":false,"messageTitle":"Remove Keyword.getRootKeywords() and add CommandRoot to support modifiers legality validation","messageBody":"Keyword.getRootKeywords() only supports validating if a modifier can follow a root. For more validation on the lost modifier and redundant modifier potentially input by user. CommandRoot.getRequiredModifiers() is added.\n\nThis interface has been implemented on all exist root keyword class.\n","fileTypesAndContributionMap":{"java":{"insertions":52,"deletions":36}}},{"hash":"b2b3a5482a2639e5c5ff6d82f2605ee6f0269761","isMergeCommit":false,"messageTitle":"Update input.txt and EXPECTED.TXT","messageBody":"","fileTypesAndContributionMap":{"txt":{"insertions":22,"deletions":6}}},{"hash":"ea4d6f493f04981b494b854ff34f350a9dae7d1d","isMergeCommit":false,"messageTitle":"Add auto save function","messageBody":"The ChatData will be saved after every response.\n","fileTypesAndContributionMap":{"java":{"insertions":92,"deletions":3}}},{"hash":"f2aa80dcd7679414c51d8e6ef5ad8b7667087403","isMergeCommit":false,"messageTitle":"Update runtest.bat to recognize third party packages","messageBody":"","fileTypesAndContributionMap":{"bat":{"insertions":2,"deletions":2}}},{"hash":"085976689c591c5babd0412ff7d786dca48797ff","isMergeCommit":false,"messageTitle":"Make auto-save triggered by new tag Response.Tag.SAVE","messageBody":"","fileTypesAndContributionMap":{"java":{"insertions":12,"deletions":7}}},{"hash":"ab8b23ee250edc284ce021c007a496a1bfc86b7f","isMergeCommit":false,"messageTitle":"Add TaskClearResponsor class and ClearTaskKeyword class","messageBody":"","fileTypesAndContributionMap":{"java":{"insertions":29,"deletions":0}}},{"hash":"77979f2cd392cab419884096543192e52fdbf5b5","isMergeCommit":false,"messageTitle":"Update input.txt and EXPECTED.TXT","messageBody":"Clear tasks after test to avoid side effects.\n","fileTypesAndContributionMap":{"txt":{"insertions":2,"deletions":0}}},{"hash":"fea225acb4a875d8a73b1f55b2f40d0b0bb5df8f","isMergeCommit":true,"messageTitle":"Merge branch \u0027branch-Level-7\u0027","messageBody":"","tags":["Level-7"],"fileTypesAndContributionMap":{}},{"hash":"f7f9e63b3c38cd85acd881b314447f18de153d3f","isMergeCommit":false,"messageTitle":"Make HasBeginTime tasks and HasEndTime tasks store LocalDateTime objects as time represents instead of String objects","messageBody":"","fileTypesAndContributionMap":{"java":{"insertions":23,"deletions":15}}}]},{"date":"2026-01-29T00:00:00","commitResults":[{"hash":"19a52fb221cfba32a04edca6e637d760440a906d","isMergeCommit":false,"messageTitle":"Change TaskAdapter to TaskTypeAdapterFactory","messageBody":"TypeAdapterFactory is better to keep Gson object single instance.\n","fileTypesAndContributionMap":{"java":{"insertions":71,"deletions":38}}},{"hash":"558efb70911725e5dbe65f3390089f2af37e24c4","isMergeCommit":false,"messageTitle":"Change time data from String to LocalDateTime objects","messageBody":"* Move HasBeginTime and HasEndTime to package com.eokwingster.data\n* Use LocalDateTime.parse() to validate argument in keyword and parse formatted string into LocalDateTime objects in responsors\n","fileTypesAndContributionMap":{"java":{"insertions":21,"deletions":7}}},{"hash":"78a445a9106ec1e73a4f948543c9792d5af8bffa","isMergeCommit":false,"messageTitle":"Rename TaskTypeAdapterFactory to TaskTAF","messageBody":"","fileTypesAndContributionMap":{"java":{"insertions":9,"deletions":9}}},{"hash":"9ba10b62fdeff314e11237091b83e323d8aa5a05","isMergeCommit":false,"messageTitle":"Add LocalDateTimeTAF for json-LocalDateTime convert","messageBody":"","fileTypesAndContributionMap":{"java":{"insertions":56,"deletions":2}}},{"hash":"7de979c0d240b2cf88a7504fdbef33701d547a00","isMergeCommit":false,"messageTitle":"Add ChatData.DATE_TIME_DISPLAY_FORMATTER","messageBody":"This formatter is used in toString() of Task subclasses to format the display of LocalDateTime.\n","fileTypesAndContributionMap":{"java":{"insertions":14,"deletions":6}}},{"hash":"8a10f439688b00c6115f66c476a9dba0e4741851","isMergeCommit":false,"messageTitle":"Make the year, hour, and minute omissible when input","messageBody":"Year default value: current year (not dynamic)\nHour default value: 23\nMinute default value: 59\n","fileTypesAndContributionMap":{"java":{"insertions":9,"deletions":1}}},{"hash":"5b57704125a0d65074497d8c3bf1ff18fd89263f","isMergeCommit":false,"messageTitle":"Update input.txt and EXPECTED.TXT","messageBody":"","tags":["Level-8"],"fileTypesAndContributionMap":{"txt":{"insertions":10,"deletions":13}}},{"hash":"c28e1f1164e91de7760e24a8d3007a4f9df5ca26","isMergeCommit":false,"messageTitle":"Complete some doc","messageBody":"","fileTypesAndContributionMap":{"java":{"insertions":24,"deletions":0}}},{"hash":"f6f0cb8941d0eefa7a588eb2494a1578cfa45bac","isMergeCommit":false,"messageTitle":"Move messages display logic from Response class to new class UI","messageBody":"","fileTypesAndContributionMap":{"java":{"insertions":34,"deletions":18}}},{"hash":"648946ca57bff7577b5452fdf4ecd2fa4a39dcd9","isMergeCommit":false,"messageTitle":"Move data storage logic from ChatData class to new class Storage","messageBody":"","fileTypesAndContributionMap":{"java":{"insertions":53,"deletions":44}}},{"hash":"4357f8bdd6ad12389956497356f4c8e228b017f0","isMergeCommit":false,"messageTitle":"Move input parse logic into new class CommandParser from Wee.java","messageBody":"","fileTypesAndContributionMap":{"java":{"insertions":74,"deletions":53}}},{"hash":"74f67ee89bbac011b7e65de8b2b89155570f54a4","isMergeCommit":false,"messageTitle":"Enhance the encapsulation of ChatData.java","messageBody":"Replace ChatData.getTasks() by some indirect get methods\n","fileTypesAndContributionMap":{"java":{"insertions":49,"deletions":15}}},{"hash":"de2b8d7df7a11a884b8e6a481647a366af1ecaa1","isMergeCommit":true,"messageTitle":"Merge branch \u0027branch-A-MoreOOP\u0027","messageBody":"","tags":["A-MoreOOP"],"fileTypesAndContributionMap":{}},{"hash":"97e98937cc65084fd984f757ff5b6c2aa51cb169","isMergeCommit":false,"messageTitle":"Rearrange packages under package path com.eokwingster.command.keyword","messageBody":"Split Keyword subclasses into asbtractkeywords package and keywords package\n","tags":["A-Packages"],"fileTypesAndContributionMap":{"java":{"insertions":72,"deletions":17}}},{"hash":"2f2338fc11550af675b4cf9d3a9dc9d71c34fa9f","isMergeCommit":true,"messageTitle":"Merge remote-tracking branch \u0027upstream/add-gradle-support\u0027","messageBody":"","tags":["A-Gradle"],"fileTypesAndContributionMap":{}}]},{"date":"2026-01-30T00:00:00","commitResults":[{"hash":"c2f48c3c145e2f2dbfe84bf885108f0328b22a5f","isMergeCommit":false,"messageTitle":"Set up gradle","messageBody":"add thirdparty library gson\n","fileTypesAndContributionMap":{"gradle":{"insertions":3,"deletions":1}}},{"hash":"46bd85c32743382214cc631ca8a1c592d51cc6ce","isMergeCommit":false,"messageTitle":"use gradle in text-ui-testing","messageBody":"","fileTypesAndContributionMap":{"bat":{"insertions":12,"deletions":12}}}]},{"date":"2026-01-31T00:00:00","commitResults":[{"hash":"75f49b13ae66f5a2e5e368db2b22fde9851332d7","isMergeCommit":false,"messageTitle":"Set up checkstyle","messageBody":"","fileTypesAndContributionMap":{"gradle":{"insertions":4,"deletions":0}}},{"hash":"120b33789ccef8dbd20f1b517a4ead67999b8405","isMergeCommit":false,"messageTitle":"Fix style violations","messageBody":"Add missing javadoc.\nReorder import statements.\nRearrange over long statements.\nRename some classes to same format.\n","tags":["A-JavaDoc","A-CodingStandard"],"fileTypesAndContributionMap":{"java":{"insertions":354,"deletions":147}}},{"hash":"36ccaaeded1d7772ddd32f36014ef01dfb7a810e","isMergeCommit":false,"messageTitle":"Wee class: Separate the logic in main function to methods","messageBody":"Move registration to method register()\nMove storage loading to setup()\nMove logo printing to printLogo()\nMove lifecycle handling to run()\n","fileTypesAndContributionMap":{"java":{"insertions":28,"deletions":16}}},{"hash":"0c4872638e0f72e54eb94121b0435dac4cf68178","isMergeCommit":false,"messageTitle":"Fix typo in task index illegal argument exception message","messageBody":"","fileTypesAndContributionMap":{"java":{"insertions":1,"deletions":1}}},{"hash":"9cf1e430558fcf4dc08e0264822d078708f395e2","isMergeCommit":false,"messageTitle":"Add JUnit test of Utils and Ui","messageBody":"","tags":["A-JUnit"],"fileTypesAndContributionMap":{"java":{"insertions":75,"deletions":0}}},{"hash":"a1a044e5412dfe8b55b07627691532ebfd981f88","isMergeCommit":false,"messageTitle":"Rename UI.java to Ui.java","messageBody":"","fileTypesAndContributionMap":{"java":{"insertions":4,"deletions":4}}},{"hash":"eaff249805bca0ab536589b67963b804a935816a","isMergeCommit":false,"messageTitle":"Setup shadowJar","messageBody":"","tags":["A-Jar"],"fileTypesAndContributionMap":{"gradle":{"insertions":1,"deletions":1}}},{"hash":"d4d56223f4ef19b6b56de7e9f70111feee8b0c71","isMergeCommit":false,"messageTitle":"Dummy commit","messageBody":"","fileTypesAndContributionMap":{"java":{"insertions":4,"deletions":0}}},{"hash":"cf253eec4aa21ad80987651ba42fda6167617115","isMergeCommit":false,"messageTitle":"Revert \"Dummy commit\"","messageBody":"This reverts commit d4d56223f4ef19b6b56de7e9f70111feee8b0c71.\n","fileTypesAndContributionMap":{"java":{"insertions":0,"deletions":4}}},{"hash":"6b6e90f394a40abeaddf31fbf047e2d330b94887","isMergeCommit":false,"messageTitle":"Dummy commit","messageBody":"","fileTypesAndContributionMap":{"java":{"insertions":4,"deletions":0}}},{"hash":"44f29ab5c04e39c5d2c373784c6175952c4cb6ed","isMergeCommit":false,"messageTitle":"Revert \"Dummy commit\"","messageBody":"This reverts commit 6b6e90f394a40abeaddf31fbf047e2d330b94887.\n","fileTypesAndContributionMap":{"java":{"insertions":0,"deletions":4}}},{"hash":"7b53d406b9c11a412064b709bc69654c2160b5ad","isMergeCommit":false,"messageTitle":"Add Response.appendTasks()","messageBody":"Prepares to be reused when encounter similar behavior of listing tasks.\n","fileTypesAndContributionMap":{"java":{"insertions":16,"deletions":5}}},{"hash":"dbca1bd7df904d6a1804e2605625efd25403825b","isMergeCommit":false,"messageTitle":"Add find function to search tasks","messageBody":"find must have argument follows it.\n\nfind will list all tasks that contain the argument in their description.\n","fileTypesAndContributionMap":{"txt":{"insertions":7,"deletions":0},"java":{"insertions":61,"deletions":1}}},{"hash":"10f7529bd03105ce742a4240361e82eb0ffaac40","isMergeCommit":true,"messageTitle":"Merge branch \u0027branch-Level-9\u0027","messageBody":"","tags":["Level-9"],"fileTypesAndContributionMap":{}}]},{"date":"2026-02-02T00:00:00","commitResults":[{"hash":"762eb3235ce74aac3ece938a657fe20f757d487f","isMergeCommit":false,"messageTitle":"Setup java FX","messageBody":"","fileTypesAndContributionMap":{"gradle":{"insertions":14,"deletions":0}}},{"hash":"451816b67b56f62ef340a2c89206d2e5fc3151fe","isMergeCommit":false,"messageTitle":"Add javadoc for FindTasksKeyword and TasksFindResponsor","messageBody":"","fileTypesAndContributionMap":{"java":{"insertions":6,"deletions":0}}},{"hash":"9051e119aed5df548762cb4760fa1f93af3f41eb","isMergeCommit":true,"messageTitle":"Merge branch \u0027branch-A-CheckStyle\u0027","messageBody":"","fileTypesAndContributionMap":{}},{"hash":"9200d9c9b94955ee637dc1748916cf8a82f09a70","isMergeCommit":false,"messageTitle":"add Gui","messageBody":"JavaFX is planned to be used for all GUI features.\n\nGui.java is the main GUI manager that associate directly with Wee.java\n","fileTypesAndContributionMap":{"gradle":{"insertions":1,"deletions":1},"java":{"insertions":46,"deletions":7}}},{"hash":"84f6ecf0bb8fdc95728cc0fbde77dd3da1d9c588","isMergeCommit":false,"messageTitle":"Setup main component in GUI window","messageBody":"","fileTypesAndContributionMap":{"java":{"insertions":56,"deletions":0}}}]},{"date":"2026-02-03T00:00:00","commitResults":[{"hash":"6d4a1e6e418552141e5a194025dfc90ca132e89b","isMergeCommit":false,"messageTitle":"Move input-response logic from Wee to Server","messageBody":"For splitting client and server, the logic that convert input to response should be put into a server class.\n\nWee class now act as a manager to connect server and client.\n","fileTypesAndContributionMap":{"java":{"insertions":101,"deletions":80}}},{"hash":"e5a736789ff63b361691a3371a6dbfa002cbb0d7","isMergeCommit":false,"messageTitle":"Complete GUI","messageBody":"","fileTypesAndContributionMap":{"java":{"insertions":145,"deletions":113}}},{"hash":"2d0b08689e2aa67fdc1b8a91955fd0ffd46f49e1","isMergeCommit":false,"messageTitle":"Delete text-ui-testing","messageBody":"","fileTypesAndContributionMap":{"txt":{"insertions":0,"deletions":32},"bat":{"insertions":0,"deletions":21},"sh":{"insertions":0,"deletions":38}}},{"hash":"bb3feccd5203787ea71679b8db1f0395df60bed1","isMergeCommit":true,"messageTitle":"Merge branch \u0027branch-Level-10\u0027","messageBody":"","tags":["Level-10","A-Varargs"],"fileTypesAndContributionMap":{}},{"hash":"29809ac74cac7464ba3c093be1fc936cd034f5a3","isMergeCommit":false,"messageTitle":"Rename Task.type() to Task.getType()","messageBody":"","fileTypesAndContributionMap":{"java":{"insertions":6,"deletions":6}}}]},{"date":"2026-02-05T00:00:00","commitResults":[{"hash":"90f70592f7dc9879a7aca20390b42885be27a656","isMergeCommit":false,"messageTitle":"Assert keyword has aliases to prevent \"ghost\" keyword","messageBody":"","fileTypesAndContributionMap":{"java":{"insertions":1,"deletions":0}}},{"hash":"1497cd83f0fd8bf9cde5759ededdd492ba1bb5b0","isMergeCommit":false,"messageTitle":"Remove stepN field in Response and related methods","messageBody":"","fileTypesAndContributionMap":{"java":{"insertions":4,"deletions":19}}},{"hash":"8f51fd352b9ccf17d9050a2f3db196a28f331cff","isMergeCommit":false,"messageTitle":"Change method of connecting responsors pipeline from for loop to Stream","messageBody":"","fileTypesAndContributionMap":{"java":{"insertions":7,"deletions":6}}},{"hash":"6f2b7cae1eaaec88c35170fdd6d8b1608e37687a","isMergeCommit":false,"messageTitle":"Remove steps parameter in Responsor.response()","messageBody":"","fileTypesAndContributionMap":{"java":{"insertions":15,"deletions":57}}},{"hash":"660d44f42a847cf2ca98d9f5830c9f5123a5a9c9","isMergeCommit":true,"messageTitle":"Merge pull request #1 from EOKwingster/branch-A-Assertions","messageBody":"Branch a assertions","tags":["A-Assertions"],"fileTypesAndContributionMap":{}},{"hash":"7c70fa797f9908952f08efc14da506d0ffa5385b","isMergeCommit":true,"messageTitle":"Merge branch \u0027master\u0027 into branch-A-CodeQuality","messageBody":"","fileTypesAndContributionMap":{}},{"hash":"02ddaf25d1e693748d079669977797a00dfeb5da","isMergeCommit":true,"messageTitle":"Merge branch \u0027master\u0027 into branch-A-Streams","messageBody":"","fileTypesAndContributionMap":{}},{"hash":"a5e18dba5333bfd307f0ee51052567b24a0b7626","isMergeCommit":true,"messageTitle":"Merge pull request #2 from EOKwingster/branch-A-CodeQuality","messageBody":"Branch a code quality","tags":["A-CodeQuality"],"fileTypesAndContributionMap":{}},{"hash":"15bc694ca2075dad74b46b0f52fc0027e6ce42d6","isMergeCommit":true,"messageTitle":"Merge branch \u0027master\u0027 into branch-A-Streams","messageBody":"","fileTypesAndContributionMap":{}},{"hash":"3bdf1fd3bb4ccadeffc9a03f24caf4b9cd52dc7e","isMergeCommit":true,"messageTitle":"Merge pull request #3 from EOKwingster/branch-A-Streams","messageBody":"Branch a streams","tags":["A-Streams"],"fileTypesAndContributionMap":{}},{"hash":"0414c76f495d0a2a522feeb8b931750b9bba2e76","isMergeCommit":false,"messageTitle":"Rename find tasks related things to search tasks","messageBody":"","fileTypesAndContributionMap":{"java":{"insertions":6,"deletions":6}}},{"hash":"09999e8a264d0f006ed4f9c32bf0b852b491c0f6","isMergeCommit":false,"messageTitle":"Support fuzzy search using N-Grams Dice factor algorithm","messageBody":"","fileTypesAndContributionMap":{"java":{"insertions":80,"deletions":3}}},{"hash":"96ce67f82fc9aa2cce29660234ec5fa8f478f1db","isMergeCommit":true,"messageTitle":"Merge branch \u0027branch-C-BetterSearch\u0027","messageBody":"","tags":["C-BetterSearch"],"fileTypesAndContributionMap":{}}]}]},"authorFileTypeContributionMap":{"EOKwingster":{"java":1941,"md":1,"fxml":0,"sh":0,"bat":0,"gradle":22,"txt":0}},"authorContributionVariance":{"EOKwingster":115419.94},"authorDisplayNameMap":{"EOKwingster":"CS2103-F13-4 YING..IRUI"}}
