{"authorDailyContributionsMap":{"JamieLoh":[{"date":"2026-01-15T00:00:00","commitResults":[{"hash":"7724b278e66b7d86cbd052385833a4bf7e778bcf","isMergeCommit":false,"messageTitle":"Rename main file and add greeting","messageBody":"","tags":["level-0"],"fileTypesAndContributionMap":{"java":{"insertions":16,"deletions":10}}}]},{"date":"2026-01-19T00:00:00","commitResults":[{"hash":"4773732460d8f8ac2f15ce4102a1810a45a1a9d1","isMergeCommit":false,"messageTitle":"Add echo feature and modified based on level 0 to make it more OOP","messageBody":"","tags":["level-1"],"fileTypesAndContributionMap":{"java":{"insertions":35,"deletions":12}}},{"hash":"3523f406af887b6d9fad6430ce102806359a73cd","isMergeCommit":false,"messageTitle":"Complete level-2: Add features of add and list","messageBody":"","tags":["level-2"],"fileTypesAndContributionMap":{"java":{"insertions":24,"deletions":1}}},{"hash":"6d2327f68f505b40f084a70e3d1d4529092decb8","isMergeCommit":false,"messageTitle":"Complete level-3: Add mark and unmark features","messageBody":"","tags":["level-3"],"fileTypesAndContributionMap":{"java":{"insertions":74,"deletions":15}}}]},{"date":"2026-01-20T00:00:00","commitResults":[{"hash":"3b12921fedf2680a75868016e03b6751dbb88c5e","isMergeCommit":false,"messageTitle":"Complete level-4: Add ToDos, Events, Deadline features","messageBody":"","tags":["level-4"],"fileTypesAndContributionMap":{"java":{"insertions":76,"deletions":4}}}]},{"date":"2026-01-21T00:00:00","commitResults":[{"hash":"1228c2a5be1a672a6c82a816c0ff46d6b56e430a","isMergeCommit":false,"messageTitle":"Complete level-5: Handle Errors","messageBody":"","tags":["level-5"],"fileTypesAndContributionMap":{"java":{"insertions":120,"deletions":44},"bat":{"insertions":2,"deletions":2}}},{"hash":"17e4c5b6eed21c6b61166b563d4990257136fbc2","isMergeCommit":false,"messageTitle":"Complete level-6: Delete","messageBody":"","tags":["level-6"],"fileTypesAndContributionMap":{"java":{"insertions":57,"deletions":32}}},{"hash":"8fc72a08d385f60944a75a0f4b766546ce8132ca","isMergeCommit":false,"messageTitle":"Complete A-TextUiTesting","messageBody":"","tags":["A-TextUiTesting"],"fileTypesAndContributionMap":{"txt":{"insertions":34,"deletions":0},"java":{"insertions":1,"deletions":1},"bat":{"insertions":1,"deletions":1}}}]},{"date":"2026-01-22T00:00:00","commitResults":[{"hash":"ae12ac4d6df9d455cf0b27b4d13a95c7c898095f","isMergeCommit":false,"messageTitle":"Complete A-Enums","messageBody":"","tags":["A-Enums"],"fileTypesAndContributionMap":{"java":{"insertions":100,"deletions":19}}}]},{"date":"2026-01-28T00:00:00","commitResults":[{"hash":"f77401579c1f0c9a87ad8cdb5daeb8b54b763f0d","isMergeCommit":false,"messageTitle":"Complete Level-7: Save","messageBody":"","fileTypesAndContributionMap":{"txt":{"insertions":4,"deletions":0},"java":{"insertions":133,"deletions":14},"bat":{"insertions":5,"deletions":0}}},{"hash":"43779a682fe114fd434cd5a991eda56a77dab2f6","isMergeCommit":true,"messageTitle":"Merge branch \u0027branch-level-7\u0027","messageBody":"","tags":["level-7"],"fileTypesAndContributionMap":{}}]},{"date":"2026-01-29T00:00:00","commitResults":[{"hash":"5bd6141fd62fcab3dcd125cea981a750d3a052cd","isMergeCommit":false,"messageTitle":"Complete level-8: Dates and Times","messageBody":"","fileTypesAndContributionMap":{"txt":{"insertions":21,"deletions":16},"java":{"insertions":78,"deletions":28}}},{"hash":"2a80989e1f9476a85297b179ab5383c1097c6ccf","isMergeCommit":true,"messageTitle":"Merge branch \u0027branch-Level-8\u0027","messageBody":"","tags":["level-8"],"fileTypesAndContributionMap":{}},{"hash":"6f11746d129ef5400f38171a2e74f1a98eaf1dfe","isMergeCommit":false,"messageTitle":"Complete A-MoreOOP","messageBody":"","fileTypesAndContributionMap":{"java":{"insertions":420,"deletions":364}}},{"hash":"77dd94e29850b121181b66380a5c703ee0ba7735","isMergeCommit":true,"messageTitle":"Merge branch \u0027A-MoreOOP\u0027","messageBody":"","tags":["A-MoreOOP"],"fileTypesAndContributionMap":{}},{"hash":"962f75569f8afe8ef7ffe2891600ca93a4c5ddf6","isMergeCommit":false,"messageTitle":"Complete A-Packages","messageBody":"","fileTypesAndContributionMap":{"txt":{"insertions":18,"deletions":0},"java":{"insertions":104,"deletions":2},"bat":{"insertions":11,"deletions":2}}},{"hash":"221a6250c990913b118b8c63412edab685c1032a","isMergeCommit":true,"messageTitle":"Merge branch \u0027branch-A-Packages\u0027","messageBody":"","tags":["A-Packages"],"fileTypesAndContributionMap":{}},{"hash":"bfedc452e248571c476d6a29f373be8bf475d328","isMergeCommit":true,"messageTitle":"Merge branch \u0027add-gradle-support\u0027","messageBody":"","fileTypesAndContributionMap":{}}]},{"date":"2026-01-30T00:00:00","commitResults":[{"hash":"b8a0721187f0ed977592ddda75e27d7b3b599a66","isMergeCommit":false,"messageTitle":"Complete A-Gradle","messageBody":"","tags":["A-Gradle"],"fileTypesAndContributionMap":{"gradle":{"insertions":8,"deletions":2},"java":{"insertions":2,"deletions":2}}},{"hash":"ac8d3ae8d3836e4dd37a5fc6b70405c4462c4821","isMergeCommit":false,"messageTitle":"Complete A-JavaDoc","messageBody":"","fileTypesAndContributionMap":{"java":{"insertions":546,"deletions":52}}},{"hash":"64826d4b5500f609087f6adfe93e1dca825c4577","isMergeCommit":false,"messageTitle":"Complete A-CodingStandard","messageBody":"","fileTypesAndContributionMap":{"java":{"insertions":546,"deletions":52}}},{"hash":"0222b99eaee4acfbbb18b0f71dcf660b86374688","isMergeCommit":true,"messageTitle":"Merge branch \u0027branch-A-JavaDoc\u0027","messageBody":"","tags":["A-JavaDoc"],"fileTypesAndContributionMap":{}},{"hash":"17ad201b301620a8940674e6f48d51080c1a4488","isMergeCommit":false,"messageTitle":"Complete Level-9: Find","messageBody":"","fileTypesAndContributionMap":{"txt":{"insertions":2,"deletions":0},"java":{"insertions":630,"deletions":55}}},{"hash":"b34c7d39bab73d7b6c39ec40846ddfd857e3f17e","isMergeCommit":true,"messageTitle":"Merge branch-Level-9","messageBody":"","tags":["level-9"],"fileTypesAndContributionMap":{}},{"hash":"527a0ae4bb25cc73ebb4eca79914a2aeaf32889c","isMergeCommit":false,"messageTitle":"Complete A-JUnit in minimum level","messageBody":"","tags":["A-JUnit"],"fileTypesAndContributionMap":{"java":{"insertions":59,"deletions":1}}},{"hash":"045ab4e1eaa035eb9deaabfdc99d2c98ce7684b7","isMergeCommit":false,"messageTitle":"Complete A-Jar","messageBody":"","tags":["A-Jar"],"fileTypesAndContributionMap":{"gradle":{"insertions":1,"deletions":0},"java":{"insertions":0,"deletions":5}}}]},{"date":"2026-02-04T00:00:00","commitResults":[{"hash":"6a046290395714889348d262fe84f2f33c20fb57","isMergeCommit":false,"messageTitle":"Complete A-CheckStyle(add already at A-Gradle part)","messageBody":"","fileTypesAndContributionMap":{"java":{"insertions":0,"deletions":1}}},{"hash":"eec3b83fb53d56ab14a7254a9315e8e75c3588dd","isMergeCommit":true,"messageTitle":"Merge branch \u0027branch-A-CheckStyle\u0027","messageBody":"","tags":["A-CheckStyle"],"fileTypesAndContributionMap":{}}]},{"date":"2026-02-06T00:00:00","commitResults":[{"hash":"aaacb670cf51ae307aab93b7f2dbf5055d78759e","isMergeCommit":false,"messageTitle":"Complete level-10 GUI(without CSS). CSS will be added later","messageBody":"","fileTypesAndContributionMap":{"gradle":{"insertions":15,"deletions":2},"txt":{"insertions":2,"deletions":0},"fxml":{"insertions":66,"deletions":0},"java":{"insertions":275,"deletions":74}}},{"hash":"ddccd3125a6c4a4f522d8aeaa9cb3fb8aeb51235","isMergeCommit":true,"messageTitle":"Merge branch \u0027branch-Level-10\u0027","messageBody":"","tags":["level-10"],"fileTypesAndContributionMap":{}}]},{"date":"2026-02-07T00:00:00","commitResults":[{"hash":"e5d91175514b853681491964ef8dcd31bf0c8884","isMergeCommit":false,"messageTitle":"Add some basic CSS","messageBody":"","fileTypesAndContributionMap":{"txt":{"insertions":2,"deletions":2},"fxml":{"insertions":13,"deletions":38},"java":{"insertions":37,"deletions":28}}},{"hash":"b53e975c81a8fe8cd3a298ce0d1192996b76b741","isMergeCommit":false,"messageTitle":"Fix some code standard problem","messageBody":"","fileTypesAndContributionMap":{"java":{"insertions":9,"deletions":8}}}]}]},"authorFileTypeContributionMap":{"JamieLoh":{"java":1540,"md":0,"fxml":41,"sh":0,"bat":16,"gradle":22,"txt":65}},"authorContributionVariance":{"JamieLoh":156505.78},"authorDisplayNameMap":{"JamieLoh":"CS2103T-W11-3 LOH .. KIT"}}
