[{"path":"src/main/java/Flora.java","fileType":"java","lines":[{"lineNumber":1,"author":{"gitId":"memoflora"},"content":"import java.util.Scanner;","lastModifiedDate":"2026-01-23T18:43:20","isFullCredit":false},{"lineNumber":2,"author":{"gitId":"memoflora"},"content":"","lastModifiedDate":"2026-01-23T18:43:20","isFullCredit":false},{"lineNumber":3,"author":{"gitId":"memoflora"},"content":"public class Flora {","lastModifiedDate":"2026-01-23T17:21:08","isFullCredit":false},{"lineNumber":4,"author":{"gitId":"memoflora"},"content":"    private static final String line \u003d \"    ____________________________________________________________\";","lastModifiedDate":"2026-01-30T11:08:29","isFullCredit":false},{"lineNumber":5,"author":{"gitId":"memoflora"},"content":"    private static final String indent \u003d \"     \";","lastModifiedDate":"2026-01-30T11:08:29","isFullCredit":false},{"lineNumber":6,"author":{"gitId":"memoflora"},"content":"    private static final String greeting \u003d indent + \"Hi there! Flora here.\\n\" + indent + \"Ask me anything!\";","lastModifiedDate":"2026-01-30T11:08:29","isFullCredit":false},{"lineNumber":7,"author":{"gitId":"memoflora"},"content":"    private static final String farewell \u003d indent + \"Talk to you later—bye!\";","lastModifiedDate":"2026-01-30T11:08:29","isFullCredit":false},{"lineNumber":8,"author":{"gitId":"memoflora"},"content":"","lastModifiedDate":"2026-01-30T11:08:29","isFullCredit":false},{"lineNumber":9,"author":{"gitId":"memoflora"},"content":"    public static void main(String[] args) {","lastModifiedDate":"2026-01-23T17:21:08","isFullCredit":false},{"lineNumber":10,"author":{"gitId":"memoflora"},"content":"        Scanner sc \u003d new Scanner(System.in);","lastModifiedDate":"2026-01-23T18:43:20","isFullCredit":false},{"lineNumber":11,"author":{"gitId":"memoflora"},"content":"        String input;","lastModifiedDate":"2026-01-23T18:43:20","isFullCredit":false},{"lineNumber":12,"author":{"gitId":"memoflora"},"content":"","lastModifiedDate":"2026-01-23T18:43:20","isFullCredit":false},{"lineNumber":13,"author":{"gitId":"memoflora"},"content":"        System.out.println(line);","lastModifiedDate":"2026-01-30T11:08:29","isFullCredit":false},{"lineNumber":14,"author":{"gitId":"memoflora"},"content":"        System.out.println(greeting);","lastModifiedDate":"2026-01-30T11:08:29","isFullCredit":false},{"lineNumber":15,"author":{"gitId":"memoflora"},"content":"","lastModifiedDate":"2026-01-23T17:21:08","isFullCredit":false},{"lineNumber":16,"author":{"gitId":"memoflora"},"content":"        while (true) {","lastModifiedDate":"2026-01-23T18:43:20","isFullCredit":false},{"lineNumber":17,"author":{"gitId":"memoflora"},"content":"            System.out.println(line);","lastModifiedDate":"2026-01-30T11:08:29","isFullCredit":false},{"lineNumber":18,"author":{"gitId":"memoflora"},"content":"            System.out.println();","lastModifiedDate":"2026-01-30T11:08:29","isFullCredit":false},{"lineNumber":19,"author":{"gitId":"memoflora"},"content":"","lastModifiedDate":"2026-01-30T11:08:29","isFullCredit":false},{"lineNumber":20,"author":{"gitId":"memoflora"},"content":"            input \u003d sc.nextLine();","lastModifiedDate":"2026-01-23T18:43:20","isFullCredit":false},{"lineNumber":21,"author":{"gitId":"memoflora"},"content":"            System.out.println(line);","lastModifiedDate":"2026-01-30T11:08:29","isFullCredit":false},{"lineNumber":22,"author":{"gitId":"memoflora"},"content":"","lastModifiedDate":"2026-01-30T11:22:18","isFullCredit":false},{"lineNumber":23,"author":{"gitId":"memoflora"},"content":"            if (input.equalsIgnoreCase(\"bye\")) {","lastModifiedDate":"2026-01-23T18:43:20","isFullCredit":false},{"lineNumber":24,"author":{"gitId":"memoflora"},"content":"                System.out.println(farewell);","lastModifiedDate":"2026-01-30T11:08:29","isFullCredit":false},{"lineNumber":25,"author":{"gitId":"memoflora"},"content":"                break;","lastModifiedDate":"2026-01-23T18:43:20","isFullCredit":false},{"lineNumber":26,"author":{"gitId":"memoflora"},"content":"            }","lastModifiedDate":"2026-01-23T18:43:20","isFullCredit":false},{"lineNumber":27,"author":{"gitId":"memoflora"},"content":"","lastModifiedDate":"2026-01-23T18:43:20","isFullCredit":false},{"lineNumber":28,"author":{"gitId":"memoflora"},"content":"            System.out.println(indent + input);","lastModifiedDate":"2026-01-30T11:08:29","isFullCredit":false},{"lineNumber":29,"author":{"gitId":"memoflora"},"content":"        }","lastModifiedDate":"2026-01-23T18:43:20","isFullCredit":false},{"lineNumber":30,"author":{"gitId":"memoflora"},"content":"","lastModifiedDate":"2026-01-23T17:21:08","isFullCredit":false},{"lineNumber":31,"author":{"gitId":"memoflora"},"content":"        System.out.println(line);","lastModifiedDate":"2026-01-30T11:08:29","isFullCredit":false},{"lineNumber":32,"author":{"gitId":"memoflora"},"content":"    }","lastModifiedDate":"2026-01-23T17:21:08","isFullCredit":false},{"lineNumber":33,"author":{"gitId":"memoflora"},"content":"}","lastModifiedDate":"2026-01-23T17:21:08","isFullCredit":false}],"authorContributionMap":{"memoflora":33}}]
