[{"path":"README.md","fileType":"md","lines":[{"lineNumber":1,"author":{"gitId":"eungi-hong"},"content":"# Bee.Bee project template","lastModifiedDate":"2026-02-08T01:45:56","isFullCredit":false},{"lineNumber":2,"author":{"gitId":"-"},"content":"","lastModifiedDate":"2020-05-25T00:03:55","isFullCredit":false},{"lineNumber":3,"author":{"gitId":"-"},"content":"This is a project template for a greenfield Java project. It\u0027s named after the Java mascot _Duke_. Given below are instructions on how to use it.","lastModifiedDate":"2020-05-25T00:03:55","isFullCredit":false},{"lineNumber":4,"author":{"gitId":"-"},"content":"","lastModifiedDate":"2020-05-25T00:03:55","isFullCredit":false},{"lineNumber":5,"author":{"gitId":"-"},"content":"## Setting up in Intellij","lastModifiedDate":"2020-05-25T00:03:55","isFullCredit":false},{"lineNumber":6,"author":{"gitId":"-"},"content":"","lastModifiedDate":"2020-05-25T00:03:55","isFullCredit":false},{"lineNumber":7,"author":{"gitId":"-"},"content":"Prerequisites: JDK 17, update Intellij to the most recent version.","lastModifiedDate":"2024-07-11T16:50:14","isFullCredit":false},{"lineNumber":8,"author":{"gitId":"-"},"content":"","lastModifiedDate":"2020-05-25T00:03:55","isFullCredit":false},{"lineNumber":9,"author":{"gitId":"-"},"content":"1. Open Intellij (if you are not in the welcome screen, click `File` \u003e `Close Project` to close the existing project first)","lastModifiedDate":"2021-01-17T12:25:53","isFullCredit":false},{"lineNumber":10,"author":{"gitId":"-"},"content":"1. Open the project into Intellij as follows:","lastModifiedDate":"2021-01-17T12:25:53","isFullCredit":false},{"lineNumber":11,"author":{"gitId":"-"},"content":"   1. Click `Open`.","lastModifiedDate":"2021-01-17T12:25:53","isFullCredit":false},{"lineNumber":12,"author":{"gitId":"-"},"content":"   1. Select the project directory, and click `OK`.","lastModifiedDate":"2021-01-17T12:25:53","isFullCredit":false},{"lineNumber":13,"author":{"gitId":"-"},"content":"   1. If there are any further prompts, accept the defaults.","lastModifiedDate":"2020-05-25T00:03:55","isFullCredit":false},{"lineNumber":14,"author":{"gitId":"-"},"content":"1. Configure the project to use **JDK 17** (not other versions) as explained in [here](https://www.jetbrains.com/help/idea/sdk.html#set-up-jdk).\u003cbr\u003e","lastModifiedDate":"2024-07-11T16:50:14","isFullCredit":false},{"lineNumber":15,"author":{"gitId":"-"},"content":"   In the same dialog, set the **Project language level** field to the `SDK default` option.","lastModifiedDate":"2021-07-29T20:29:39","isFullCredit":false},{"lineNumber":16,"author":{"gitId":"eungi-hong"},"content":"1. After that, locate the `src/main/java/Bee.Bee.java` file, right-click it, and choose `Run Bee.Bee.main()` (if the code editor is showing compile errors, try restarting the IDE). If the setup is correct, you should see something like the below as the output:","lastModifiedDate":"2026-02-08T01:45:56","isFullCredit":false},{"lineNumber":17,"author":{"gitId":"-"},"content":"   ```","lastModifiedDate":"2020-05-25T00:03:55","isFullCredit":false},{"lineNumber":18,"author":{"gitId":"-"},"content":"   Hello from","lastModifiedDate":"2020-05-25T00:03:55","isFullCredit":false},{"lineNumber":19,"author":{"gitId":"-"},"content":"    ____        _        ","lastModifiedDate":"2020-05-25T00:03:55","isFullCredit":false},{"lineNumber":20,"author":{"gitId":"-"},"content":"   |  _ \\ _   _| | _____ ","lastModifiedDate":"2020-05-25T00:03:55","isFullCredit":false},{"lineNumber":21,"author":{"gitId":"-"},"content":"   | | | | | | | |/ / _ \\","lastModifiedDate":"2020-05-25T00:03:55","isFullCredit":false},{"lineNumber":22,"author":{"gitId":"-"},"content":"   | |_| | |_| |   \u003c  __/","lastModifiedDate":"2020-05-25T00:03:55","isFullCredit":false},{"lineNumber":23,"author":{"gitId":"-"},"content":"   |____/ \\__,_|_|\\_\\___|","lastModifiedDate":"2020-05-25T00:03:55","isFullCredit":false},{"lineNumber":24,"author":{"gitId":"-"},"content":"   ```","lastModifiedDate":"2020-05-25T00:03:55","isFullCredit":false},{"lineNumber":25,"author":{"gitId":"-"},"content":"","lastModifiedDate":"2025-01-04T21:44:28","isFullCredit":false},{"lineNumber":26,"author":{"gitId":"-"},"content":"**Warning:** Keep the `src\\main\\java` folder as the root folder for Java files (i.e., don\u0027t rename those folders or move Java files to another folder outside of this folder path), as this is the default location some tools (e.g., Gradle) expect to find Java files.","lastModifiedDate":"2025-01-04T21:44:28","isFullCredit":false}],"authorContributionMap":{"eungi-hong":2,"-":24}},{"path":"docs/README.md","fileType":"md","lines":[{"lineNumber":1,"author":{"gitId":"eungi-hong"},"content":"# Bee.Bee User Guide","lastModifiedDate":"2026-02-08T01:45:56","isFullCredit":false},{"lineNumber":2,"author":{"gitId":"-"},"content":"","lastModifiedDate":"2019-07-29T17:14:46","isFullCredit":false},{"lineNumber":3,"author":{"gitId":"-"},"content":"// Update the title above to match the actual product name","lastModifiedDate":"2024-01-07T18:33:52","isFullCredit":false},{"lineNumber":4,"author":{"gitId":"-"},"content":"","lastModifiedDate":"2019-07-29T17:14:46","isFullCredit":false},{"lineNumber":5,"author":{"gitId":"-"},"content":"// Product screenshot goes here","lastModifiedDate":"2024-01-07T18:33:52","isFullCredit":false},{"lineNumber":6,"author":{"gitId":"-"},"content":"","lastModifiedDate":"2021-07-17T16:49:07","isFullCredit":false},{"lineNumber":7,"author":{"gitId":"-"},"content":"// Product intro goes here","lastModifiedDate":"2024-01-07T18:33:52","isFullCredit":false},{"lineNumber":8,"author":{"gitId":"-"},"content":"","lastModifiedDate":"2021-07-17T16:49:07","isFullCredit":false},{"lineNumber":9,"author":{"gitId":"-"},"content":"## Adding deadlines","lastModifiedDate":"2024-01-07T18:33:52","isFullCredit":false},{"lineNumber":10,"author":{"gitId":"-"},"content":"","lastModifiedDate":"2021-07-17T16:49:07","isFullCredit":false},{"lineNumber":11,"author":{"gitId":"-"},"content":"// Describe the action and its outcome.","lastModifiedDate":"2024-01-07T18:33:52","isFullCredit":false},{"lineNumber":12,"author":{"gitId":"-"},"content":"","lastModifiedDate":"2019-07-29T17:14:46","isFullCredit":false},{"lineNumber":13,"author":{"gitId":"-"},"content":"// Give examples of usage","lastModifiedDate":"2024-01-07T18:33:52","isFullCredit":false},{"lineNumber":14,"author":{"gitId":"-"},"content":"","lastModifiedDate":"2019-07-29T17:14:46","isFullCredit":false},{"lineNumber":15,"author":{"gitId":"-"},"content":"Example: `keyword (optional arguments)`","lastModifiedDate":"2024-01-07T18:33:52","isFullCredit":false},{"lineNumber":16,"author":{"gitId":"-"},"content":"","lastModifiedDate":"2019-07-29T17:14:46","isFullCredit":false},{"lineNumber":17,"author":{"gitId":"-"},"content":"// A description of the expected outcome goes here","lastModifiedDate":"2024-01-07T18:33:52","isFullCredit":false},{"lineNumber":18,"author":{"gitId":"-"},"content":"","lastModifiedDate":"2019-07-29T17:14:46","isFullCredit":false},{"lineNumber":19,"author":{"gitId":"-"},"content":"```","lastModifiedDate":"2024-01-07T18:33:52","isFullCredit":false},{"lineNumber":20,"author":{"gitId":"-"},"content":"expected output","lastModifiedDate":"2024-01-07T18:33:52","isFullCredit":false},{"lineNumber":21,"author":{"gitId":"-"},"content":"```","lastModifiedDate":"2024-01-07T18:33:52","isFullCredit":false},{"lineNumber":22,"author":{"gitId":"-"},"content":"","lastModifiedDate":"2019-07-29T17:14:46","isFullCredit":false},{"lineNumber":23,"author":{"gitId":"-"},"content":"## Feature ABC","lastModifiedDate":"2024-01-07T18:33:52","isFullCredit":false},{"lineNumber":24,"author":{"gitId":"-"},"content":"","lastModifiedDate":"2019-07-29T17:14:46","isFullCredit":false},{"lineNumber":25,"author":{"gitId":"-"},"content":"// Feature details","lastModifiedDate":"2024-01-07T18:33:52","isFullCredit":false},{"lineNumber":26,"author":{"gitId":"-"},"content":"","lastModifiedDate":"2019-07-29T17:14:46","isFullCredit":false},{"lineNumber":27,"author":{"gitId":"-"},"content":"","lastModifiedDate":"2021-07-17T16:49:07","isFullCredit":false},{"lineNumber":28,"author":{"gitId":"-"},"content":"## Feature XYZ","lastModifiedDate":"2024-01-07T18:33:52","isFullCredit":false},{"lineNumber":29,"author":{"gitId":"-"},"content":"","lastModifiedDate":"2024-01-07T18:33:52","isFullCredit":false},{"lineNumber":30,"author":{"gitId":"-"},"content":"// Feature details","lastModifiedDate":"2024-01-07T18:33:52","isFullCredit":false}],"authorContributionMap":{"eungi-hong":1,"-":29}},{"path":"src/main/java/Bee/Bee.java","fileType":"java","lines":[{"lineNumber":1,"author":{"gitId":"eungi-hong"},"content":"package Bee;","lastModifiedDate":"2026-02-08T01:45:56","isFullCredit":false},{"lineNumber":2,"author":{"gitId":"eungi-hong"},"content":"","lastModifiedDate":"2026-02-08T01:45:56","isFullCredit":false},{"lineNumber":3,"author":{"gitId":"eungi-hong"},"content":"import Bee.Exception.BeeException;","lastModifiedDate":"2026-02-08T01:45:56","isFullCredit":false},{"lineNumber":4,"author":{"gitId":"eungi-hong"},"content":"import java.io.FileNotFoundException;","lastModifiedDate":"2026-02-04T15:18:40","isFullCredit":false},{"lineNumber":5,"author":{"gitId":"eungi-hong"},"content":"import java.time.format.DateTimeParseException;","lastModifiedDate":"2026-02-06T22:44:38","isFullCredit":false},{"lineNumber":6,"author":{"gitId":"eungi-hong"},"content":"","lastModifiedDate":"2026-01-26T16:54:19","isFullCredit":false},{"lineNumber":7,"author":{"gitId":"eungi-hong"},"content":"public class Bee {","lastModifiedDate":"2026-01-26T16:31:23","isFullCredit":false},{"lineNumber":8,"author":{"gitId":"eungi-hong"},"content":"    private Storage storage;","lastModifiedDate":"2026-02-07T23:28:15","isFullCredit":false},{"lineNumber":9,"author":{"gitId":"eungi-hong"},"content":"    private Ui ui;","lastModifiedDate":"2026-02-07T23:28:15","isFullCredit":false},{"lineNumber":10,"author":{"gitId":"eungi-hong"},"content":"    private TaskList tasks;","lastModifiedDate":"2026-02-07T23:28:15","isFullCredit":false},{"lineNumber":11,"author":{"gitId":"eungi-hong"},"content":"","lastModifiedDate":"2026-02-04T03:43:12","isFullCredit":false},{"lineNumber":12,"author":{"gitId":"eungi-hong"},"content":"    public Bee(String filePath) {","lastModifiedDate":"2026-02-07T23:28:15","isFullCredit":false},{"lineNumber":13,"author":{"gitId":"eungi-hong"},"content":"        ui \u003d new Ui();","lastModifiedDate":"2026-02-07T23:28:15","isFullCredit":false},{"lineNumber":14,"author":{"gitId":"eungi-hong"},"content":"        storage \u003d new Storage(filePath);","lastModifiedDate":"2026-02-07T23:28:15","isFullCredit":false},{"lineNumber":15,"author":{"gitId":"eungi-hong"},"content":"        try {","lastModifiedDate":"2026-02-07T23:28:15","isFullCredit":false},{"lineNumber":16,"author":{"gitId":"eungi-hong"},"content":"            tasks \u003d storage.load();","lastModifiedDate":"2026-02-07T23:28:15","isFullCredit":false},{"lineNumber":17,"author":{"gitId":"eungi-hong"},"content":"        } catch (FileNotFoundException | IndexOutOfBoundsException | DateTimeParseException e) {","lastModifiedDate":"2026-02-07T23:28:15","isFullCredit":false},{"lineNumber":18,"author":{"gitId":"eungi-hong"},"content":"            ui.output(e.getMessage());","lastModifiedDate":"2026-02-08T01:37:18","isFullCredit":false},{"lineNumber":19,"author":{"gitId":"eungi-hong"},"content":"            tasks \u003d new TaskList();","lastModifiedDate":"2026-02-07T23:28:15","isFullCredit":false},{"lineNumber":20,"author":{"gitId":"eungi-hong"},"content":"        }","lastModifiedDate":"2026-02-04T15:18:40","isFullCredit":false},{"lineNumber":21,"author":{"gitId":"eungi-hong"},"content":"    }","lastModifiedDate":"2026-02-04T15:18:40","isFullCredit":false},{"lineNumber":22,"author":{"gitId":"eungi-hong"},"content":"","lastModifiedDate":"2026-02-04T03:43:12","isFullCredit":false},{"lineNumber":23,"author":{"gitId":"eungi-hong"},"content":"    public static void main(String[] args) {","lastModifiedDate":"2026-01-26T16:31:23","isFullCredit":false},{"lineNumber":24,"author":{"gitId":"eungi-hong"},"content":"        new Bee(\"src/main/java/Bee/data/tasks.txt\").run();","lastModifiedDate":"2026-02-08T01:45:56","isFullCredit":false},{"lineNumber":25,"author":{"gitId":"eungi-hong"},"content":"    }","lastModifiedDate":"2026-02-07T23:28:15","isFullCredit":false},{"lineNumber":26,"author":{"gitId":"eungi-hong"},"content":"","lastModifiedDate":"2026-02-07T23:28:15","isFullCredit":false},{"lineNumber":27,"author":{"gitId":"eungi-hong"},"content":"    public void run() {","lastModifiedDate":"2026-02-07T23:28:15","isFullCredit":false},{"lineNumber":28,"author":{"gitId":"eungi-hong"},"content":"        ui.output(\"Hello! I\u0027m Bee\");","lastModifiedDate":"2026-02-07T23:28:15","isFullCredit":false},{"lineNumber":29,"author":{"gitId":"eungi-hong"},"content":"        ui.output(\"What can I do for you?\");","lastModifiedDate":"2026-02-07T23:28:15","isFullCredit":false},{"lineNumber":30,"author":{"gitId":"eungi-hong"},"content":"        String input \u003d ui.nextLine();","lastModifiedDate":"2026-02-07T23:28:15","isFullCredit":false},{"lineNumber":31,"author":{"gitId":"eungi-hong"},"content":"","lastModifiedDate":"2026-01-26T16:54:19","isFullCredit":false},{"lineNumber":32,"author":{"gitId":"eungi-hong"},"content":"        while (true) {","lastModifiedDate":"2026-01-28T15:01:38","isFullCredit":false},{"lineNumber":33,"author":{"gitId":"eungi-hong"},"content":"            if (input.equals(\"bye\")) {","lastModifiedDate":"2026-02-07T23:28:15","isFullCredit":false},{"lineNumber":34,"author":{"gitId":"eungi-hong"},"content":"                System.out.println(\"Bye. Hope to see you again soon!\");","lastModifiedDate":"2026-01-26T16:31:23","isFullCredit":false},{"lineNumber":35,"author":{"gitId":"eungi-hong"},"content":"                return;","lastModifiedDate":"2026-01-26T17:52:17","isFullCredit":false},{"lineNumber":36,"author":{"gitId":"eungi-hong"},"content":"            } else {","lastModifiedDate":"2026-01-28T15:01:38","isFullCredit":false},{"lineNumber":37,"author":{"gitId":"eungi-hong"},"content":"                try {","lastModifiedDate":"2026-01-28T15:01:38","isFullCredit":false},{"lineNumber":38,"author":{"gitId":"eungi-hong"},"content":"                    Handler.handle(input, ui, storage, tasks);","lastModifiedDate":"2026-02-07T23:28:15","isFullCredit":false},{"lineNumber":39,"author":{"gitId":"eungi-hong"},"content":"                } catch (BeeException e) {","lastModifiedDate":"2026-01-28T15:01:38","isFullCredit":false},{"lineNumber":40,"author":{"gitId":"eungi-hong"},"content":"                    System.out.println(e.getMessage());","lastModifiedDate":"2026-01-28T15:01:38","isFullCredit":false},{"lineNumber":41,"author":{"gitId":"eungi-hong"},"content":"                }","lastModifiedDate":"2026-01-26T23:29:27","isFullCredit":false},{"lineNumber":42,"author":{"gitId":"eungi-hong"},"content":"            }","lastModifiedDate":"2026-01-26T23:29:27","isFullCredit":false},{"lineNumber":43,"author":{"gitId":"eungi-hong"},"content":"            input \u003d ui.nextLine();","lastModifiedDate":"2026-02-07T23:28:15","isFullCredit":false},{"lineNumber":44,"author":{"gitId":"eungi-hong"},"content":"        }","lastModifiedDate":"2026-01-26T17:52:17","isFullCredit":false},{"lineNumber":45,"author":{"gitId":"eungi-hong"},"content":"    }","lastModifiedDate":"2026-01-26T16:31:23","isFullCredit":false},{"lineNumber":46,"author":{"gitId":"eungi-hong"},"content":"}","lastModifiedDate":"2026-01-26T16:31:23","isFullCredit":false}],"authorContributionMap":{"eungi-hong":46}},{"path":"src/main/java/Bee/Deadline.java","fileType":"java","lines":[{"lineNumber":1,"author":{"gitId":"eungi-hong"},"content":"package Bee;","lastModifiedDate":"2026-02-08T01:45:56","isFullCredit":false},{"lineNumber":2,"author":{"gitId":"eungi-hong"},"content":"","lastModifiedDate":"2026-02-08T01:45:56","isFullCredit":false},{"lineNumber":3,"author":{"gitId":"eungi-hong"},"content":"import java.time.LocalDate;","lastModifiedDate":"2026-02-08T01:37:18","isFullCredit":false},{"lineNumber":4,"author":{"gitId":"eungi-hong"},"content":"import java.time.format.DateTimeFormatter;","lastModifiedDate":"2026-02-06T22:44:38","isFullCredit":false},{"lineNumber":5,"author":{"gitId":"eungi-hong"},"content":"","lastModifiedDate":"2026-02-06T22:44:38","isFullCredit":false},{"lineNumber":6,"author":{"gitId":"eungi-hong"},"content":"public class Deadline extends Task {","lastModifiedDate":"2026-01-26T23:29:27","isFullCredit":false},{"lineNumber":7,"author":{"gitId":"eungi-hong"},"content":"    protected LocalDate by;","lastModifiedDate":"2026-02-08T01:37:18","isFullCredit":false},{"lineNumber":8,"author":{"gitId":"eungi-hong"},"content":"","lastModifiedDate":"2026-01-26T23:29:27","isFullCredit":false},{"lineNumber":9,"author":{"gitId":"eungi-hong"},"content":"    public Deadline(String name, LocalDate by, boolean isDone) {","lastModifiedDate":"2026-02-08T01:37:18","isFullCredit":false},{"lineNumber":10,"author":{"gitId":"eungi-hong"},"content":"        super(name, isDone);","lastModifiedDate":"2026-02-04T15:18:40","isFullCredit":false},{"lineNumber":11,"author":{"gitId":"eungi-hong"},"content":"        this.by \u003d by;","lastModifiedDate":"2026-01-26T23:29:27","isFullCredit":false},{"lineNumber":12,"author":{"gitId":"eungi-hong"},"content":"    }","lastModifiedDate":"2026-01-26T23:29:27","isFullCredit":false},{"lineNumber":13,"author":{"gitId":"eungi-hong"},"content":"","lastModifiedDate":"2026-01-26T23:29:27","isFullCredit":false},{"lineNumber":14,"author":{"gitId":"eungi-hong"},"content":"    @Override","lastModifiedDate":"2026-01-26T23:29:27","isFullCredit":false},{"lineNumber":15,"author":{"gitId":"eungi-hong"},"content":"    public String toString() {","lastModifiedDate":"2026-01-26T23:29:27","isFullCredit":false},{"lineNumber":16,"author":{"gitId":"eungi-hong"},"content":"        DateTimeFormatter formatter \u003d DateTimeFormatter.ofPattern(\"dd MMM yyyy\");","lastModifiedDate":"2026-02-06T22:44:38","isFullCredit":false},{"lineNumber":17,"author":{"gitId":"eungi-hong"},"content":"        return \"[D]\" + super.toString() + \" (by: \" + by.format(formatter) + \")\";","lastModifiedDate":"2026-02-06T22:44:38","isFullCredit":false},{"lineNumber":18,"author":{"gitId":"eungi-hong"},"content":"    }","lastModifiedDate":"2026-02-06T22:44:38","isFullCredit":false},{"lineNumber":19,"author":{"gitId":"eungi-hong"},"content":"","lastModifiedDate":"2026-02-06T22:44:38","isFullCredit":false},{"lineNumber":20,"author":{"gitId":"eungi-hong"},"content":"    public String toStore() {","lastModifiedDate":"2026-02-06T22:44:38","isFullCredit":false},{"lineNumber":21,"author":{"gitId":"eungi-hong"},"content":"        return \"D / \" + super.toStore() + \" / \" + this.by;","lastModifiedDate":"2026-02-06T22:44:38","isFullCredit":false},{"lineNumber":22,"author":{"gitId":"eungi-hong"},"content":"    }","lastModifiedDate":"2026-01-26T23:29:27","isFullCredit":false},{"lineNumber":23,"author":{"gitId":"eungi-hong"},"content":"}","lastModifiedDate":"2026-01-26T23:29:27","isFullCredit":false}],"authorContributionMap":{"eungi-hong":23}},{"path":"src/main/java/Bee/Event.java","fileType":"java","lines":[{"lineNumber":1,"author":{"gitId":"eungi-hong"},"content":"package Bee;","lastModifiedDate":"2026-02-08T01:45:56","isFullCredit":false},{"lineNumber":2,"author":{"gitId":"eungi-hong"},"content":"","lastModifiedDate":"2026-02-08T01:45:56","isFullCredit":false},{"lineNumber":3,"author":{"gitId":"eungi-hong"},"content":"import java.time.LocalDate;","lastModifiedDate":"2026-02-08T01:37:18","isFullCredit":false},{"lineNumber":4,"author":{"gitId":"eungi-hong"},"content":"import java.time.format.DateTimeFormatter;","lastModifiedDate":"2026-02-06T22:44:38","isFullCredit":false},{"lineNumber":5,"author":{"gitId":"eungi-hong"},"content":"","lastModifiedDate":"2026-02-06T22:44:38","isFullCredit":false},{"lineNumber":6,"author":{"gitId":"eungi-hong"},"content":"public class Event extends Task {","lastModifiedDate":"2026-01-26T23:29:27","isFullCredit":false},{"lineNumber":7,"author":{"gitId":"eungi-hong"},"content":"    protected LocalDate from;","lastModifiedDate":"2026-02-08T01:37:18","isFullCredit":false},{"lineNumber":8,"author":{"gitId":"eungi-hong"},"content":"    protected LocalDate to;","lastModifiedDate":"2026-02-08T01:37:18","isFullCredit":false},{"lineNumber":9,"author":{"gitId":"eungi-hong"},"content":"","lastModifiedDate":"2026-01-26T23:29:27","isFullCredit":false},{"lineNumber":10,"author":{"gitId":"eungi-hong"},"content":"    public Event(String name, LocalDate from, LocalDate to, boolean isDone) {","lastModifiedDate":"2026-02-08T01:37:18","isFullCredit":false},{"lineNumber":11,"author":{"gitId":"eungi-hong"},"content":"        super(name, isDone);","lastModifiedDate":"2026-02-04T15:18:40","isFullCredit":false},{"lineNumber":12,"author":{"gitId":"eungi-hong"},"content":"        this.from \u003d from;","lastModifiedDate":"2026-01-26T23:29:27","isFullCredit":false},{"lineNumber":13,"author":{"gitId":"eungi-hong"},"content":"        this.to \u003d to;","lastModifiedDate":"2026-01-26T23:29:27","isFullCredit":false},{"lineNumber":14,"author":{"gitId":"eungi-hong"},"content":"    }","lastModifiedDate":"2026-01-26T23:29:27","isFullCredit":false},{"lineNumber":15,"author":{"gitId":"eungi-hong"},"content":"","lastModifiedDate":"2026-01-26T23:29:27","isFullCredit":false},{"lineNumber":16,"author":{"gitId":"eungi-hong"},"content":"    @Override","lastModifiedDate":"2026-01-26T23:29:27","isFullCredit":false},{"lineNumber":17,"author":{"gitId":"eungi-hong"},"content":"    public String toString() {","lastModifiedDate":"2026-01-26T23:29:27","isFullCredit":false},{"lineNumber":18,"author":{"gitId":"eungi-hong"},"content":"        DateTimeFormatter formatter \u003d DateTimeFormatter.ofPattern(\"dd MMM yyyy\");","lastModifiedDate":"2026-02-06T22:44:38","isFullCredit":false},{"lineNumber":19,"author":{"gitId":"eungi-hong"},"content":"        return \"[E]\" + super.toString() + \" (from: \" + from.format(formatter) + \" to: \" + to.format(formatter) + \")\";","lastModifiedDate":"2026-02-06T22:44:38","isFullCredit":false},{"lineNumber":20,"author":{"gitId":"eungi-hong"},"content":"    }","lastModifiedDate":"2026-02-06T22:44:38","isFullCredit":false},{"lineNumber":21,"author":{"gitId":"eungi-hong"},"content":"","lastModifiedDate":"2026-02-06T22:44:38","isFullCredit":false},{"lineNumber":22,"author":{"gitId":"eungi-hong"},"content":"    public String toStore() {","lastModifiedDate":"2026-02-06T22:44:38","isFullCredit":false},{"lineNumber":23,"author":{"gitId":"eungi-hong"},"content":"        return \"E / \" + super.toStore() + \" / \" + this.from + \" / \" + this.to;","lastModifiedDate":"2026-02-06T22:44:38","isFullCredit":false},{"lineNumber":24,"author":{"gitId":"eungi-hong"},"content":"    }","lastModifiedDate":"2026-01-26T23:29:27","isFullCredit":false},{"lineNumber":25,"author":{"gitId":"eungi-hong"},"content":"}","lastModifiedDate":"2026-01-26T23:29:27","isFullCredit":false}],"authorContributionMap":{"eungi-hong":25}},{"path":"src/main/java/Bee/Exception/BeeException.java","fileType":"java","lines":[{"lineNumber":1,"author":{"gitId":"eungi-hong"},"content":"package Bee.Exception;","lastModifiedDate":"2026-02-08T01:45:56","isFullCredit":false},{"lineNumber":2,"author":{"gitId":"eungi-hong"},"content":"","lastModifiedDate":"2026-02-04T03:43:12","isFullCredit":false},{"lineNumber":3,"author":{"gitId":"eungi-hong"},"content":"public class BeeException extends Exception {","lastModifiedDate":"2026-01-28T15:01:38","isFullCredit":false},{"lineNumber":4,"author":{"gitId":"eungi-hong"},"content":"    public BeeException(String message) {","lastModifiedDate":"2026-01-28T15:01:38","isFullCredit":false},{"lineNumber":5,"author":{"gitId":"eungi-hong"},"content":"        super(message);","lastModifiedDate":"2026-01-28T15:01:38","isFullCredit":false},{"lineNumber":6,"author":{"gitId":"eungi-hong"},"content":"    }","lastModifiedDate":"2026-01-28T15:01:38","isFullCredit":false},{"lineNumber":7,"author":{"gitId":"eungi-hong"},"content":"}","lastModifiedDate":"2026-01-28T15:01:38","isFullCredit":false},{"lineNumber":8,"author":{"gitId":"eungi-hong"},"content":"","lastModifiedDate":"2026-01-28T15:01:38","isFullCredit":false}],"authorContributionMap":{"eungi-hong":8}},{"path":"src/main/java/Bee/Exception/EmptyTaskException.java","fileType":"java","lines":[{"lineNumber":1,"author":{"gitId":"eungi-hong"},"content":"package Bee.Exception;","lastModifiedDate":"2026-02-08T01:45:56","isFullCredit":false},{"lineNumber":2,"author":{"gitId":"eungi-hong"},"content":"","lastModifiedDate":"2026-02-04T03:43:12","isFullCredit":false},{"lineNumber":3,"author":{"gitId":"eungi-hong"},"content":"public class EmptyTaskException extends BeeException {","lastModifiedDate":"2026-01-28T15:01:38","isFullCredit":false},{"lineNumber":4,"author":{"gitId":"eungi-hong"},"content":"    public EmptyTaskException() {","lastModifiedDate":"2026-01-28T15:01:38","isFullCredit":false},{"lineNumber":5,"author":{"gitId":"eungi-hong"},"content":"        super(\"A task needs a name... :(\");","lastModifiedDate":"2026-01-28T15:01:38","isFullCredit":false},{"lineNumber":6,"author":{"gitId":"eungi-hong"},"content":"    }","lastModifiedDate":"2026-01-28T15:01:38","isFullCredit":false},{"lineNumber":7,"author":{"gitId":"eungi-hong"},"content":"}","lastModifiedDate":"2026-01-28T15:01:38","isFullCredit":false}],"authorContributionMap":{"eungi-hong":7}},{"path":"src/main/java/Bee/Exception/IndexException.java","fileType":"java","lines":[{"lineNumber":1,"author":{"gitId":"eungi-hong"},"content":"package Bee.Exception;","lastModifiedDate":"2026-02-08T01:45:56","isFullCredit":false},{"lineNumber":2,"author":{"gitId":"eungi-hong"},"content":"","lastModifiedDate":"2026-02-08T01:45:56","isFullCredit":false},{"lineNumber":3,"author":{"gitId":"eungi-hong"},"content":"public class IndexException extends BeeException {","lastModifiedDate":"2026-02-08T01:45:56","isFullCredit":false},{"lineNumber":4,"author":{"gitId":"eungi-hong"},"content":"    public IndexException() {","lastModifiedDate":"2026-02-08T01:45:56","isFullCredit":false},{"lineNumber":5,"author":{"gitId":"eungi-hong"},"content":"        super(\"Bee.Task doesn\u0027t exit... please enter a valid task index!\");","lastModifiedDate":"2026-02-08T01:45:56","isFullCredit":false},{"lineNumber":6,"author":{"gitId":"eungi-hong"},"content":"    }","lastModifiedDate":"2026-02-08T01:45:56","isFullCredit":false},{"lineNumber":7,"author":{"gitId":"eungi-hong"},"content":"}","lastModifiedDate":"2026-02-08T01:45:56","isFullCredit":false}],"authorContributionMap":{"eungi-hong":7}},{"path":"src/main/java/Bee/Exception/NoDeadlineException.java","fileType":"java","lines":[{"lineNumber":1,"author":{"gitId":"eungi-hong"},"content":"package Bee.Exception;","lastModifiedDate":"2026-02-08T01:45:56","isFullCredit":false},{"lineNumber":2,"author":{"gitId":"eungi-hong"},"content":"","lastModifiedDate":"2026-02-04T03:43:12","isFullCredit":false},{"lineNumber":3,"author":{"gitId":"eungi-hong"},"content":"public class NoDeadlineException extends BeeException {","lastModifiedDate":"2026-01-28T15:01:38","isFullCredit":false},{"lineNumber":4,"author":{"gitId":"eungi-hong"},"content":"    public NoDeadlineException() {","lastModifiedDate":"2026-01-28T15:01:38","isFullCredit":false},{"lineNumber":5,"author":{"gitId":"eungi-hong"},"content":"        super(\"A deadline task... needs a deadline! Duh!\");","lastModifiedDate":"2026-01-28T15:01:38","isFullCredit":false},{"lineNumber":6,"author":{"gitId":"eungi-hong"},"content":"    }","lastModifiedDate":"2026-01-28T15:01:38","isFullCredit":false},{"lineNumber":7,"author":{"gitId":"eungi-hong"},"content":"}","lastModifiedDate":"2026-01-28T15:01:38","isFullCredit":false}],"authorContributionMap":{"eungi-hong":7}},{"path":"src/main/java/Bee/Exception/NoTimeFrameException.java","fileType":"java","lines":[{"lineNumber":1,"author":{"gitId":"eungi-hong"},"content":"package Bee.Exception;","lastModifiedDate":"2026-02-08T01:45:56","isFullCredit":false},{"lineNumber":2,"author":{"gitId":"eungi-hong"},"content":"","lastModifiedDate":"2026-02-04T03:43:12","isFullCredit":false},{"lineNumber":3,"author":{"gitId":"eungi-hong"},"content":"public class NoTimeFrameException extends BeeException {","lastModifiedDate":"2026-01-28T15:01:38","isFullCredit":false},{"lineNumber":4,"author":{"gitId":"eungi-hong"},"content":"    public NoTimeFrameException() {","lastModifiedDate":"2026-01-28T15:01:38","isFullCredit":false},{"lineNumber":5,"author":{"gitId":"eungi-hong"},"content":"        super(\"An event needs a time frame!\");","lastModifiedDate":"2026-01-28T15:01:38","isFullCredit":false},{"lineNumber":6,"author":{"gitId":"eungi-hong"},"content":"    }","lastModifiedDate":"2026-01-28T15:01:38","isFullCredit":false},{"lineNumber":7,"author":{"gitId":"eungi-hong"},"content":"}","lastModifiedDate":"2026-01-28T15:01:38","isFullCredit":false}],"authorContributionMap":{"eungi-hong":7}},{"path":"src/main/java/Bee/Exception/NotDateTimeException.java","fileType":"java","lines":[{"lineNumber":1,"author":{"gitId":"eungi-hong"},"content":"package Bee.Exception;","lastModifiedDate":"2026-02-08T01:45:56","isFullCredit":false},{"lineNumber":2,"author":{"gitId":"eungi-hong"},"content":"","lastModifiedDate":"2026-02-07T23:28:15","isFullCredit":false},{"lineNumber":3,"author":{"gitId":"eungi-hong"},"content":"public class NotDateTimeException extends BeeException{","lastModifiedDate":"2026-02-07T23:28:15","isFullCredit":false},{"lineNumber":4,"author":{"gitId":"eungi-hong"},"content":"    public NotDateTimeException() {","lastModifiedDate":"2026-02-07T23:28:15","isFullCredit":false},{"lineNumber":5,"author":{"gitId":"eungi-hong"},"content":"        super(\"Date \u0026 Time gotta be in 2020-01-01 format!!\");","lastModifiedDate":"2026-02-07T23:28:15","isFullCredit":false},{"lineNumber":6,"author":{"gitId":"eungi-hong"},"content":"    }","lastModifiedDate":"2026-02-07T23:28:15","isFullCredit":false},{"lineNumber":7,"author":{"gitId":"eungi-hong"},"content":"}","lastModifiedDate":"2026-02-07T23:28:15","isFullCredit":false}],"authorContributionMap":{"eungi-hong":7}},{"path":"src/main/java/Bee/Exception/NotNumberException.java","fileType":"java","lines":[{"lineNumber":1,"author":{"gitId":"eungi-hong"},"content":"package Bee.Exception;","lastModifiedDate":"2026-02-08T01:45:56","isFullCredit":false},{"lineNumber":2,"author":{"gitId":"eungi-hong"},"content":"","lastModifiedDate":"2026-02-07T23:28:15","isFullCredit":false},{"lineNumber":3,"author":{"gitId":"eungi-hong"},"content":"public class NotNumberException extends BeeException {","lastModifiedDate":"2026-02-07T23:28:15","isFullCredit":false},{"lineNumber":4,"author":{"gitId":"eungi-hong"},"content":"    public NotNumberException() {","lastModifiedDate":"2026-02-07T23:28:15","isFullCredit":false},{"lineNumber":5,"author":{"gitId":"eungi-hong"},"content":"        super(\"Please enter a number\");","lastModifiedDate":"2026-02-07T23:28:15","isFullCredit":false},{"lineNumber":6,"author":{"gitId":"eungi-hong"},"content":"    }","lastModifiedDate":"2026-02-07T23:28:15","isFullCredit":false},{"lineNumber":7,"author":{"gitId":"eungi-hong"},"content":"}","lastModifiedDate":"2026-02-07T23:28:15","isFullCredit":false}],"authorContributionMap":{"eungi-hong":7}},{"path":"src/main/java/Bee/Exception/UnknownCommandException.java","fileType":"java","lines":[{"lineNumber":1,"author":{"gitId":"eungi-hong"},"content":"package Bee.Exception;","lastModifiedDate":"2026-02-08T01:45:56","isFullCredit":false},{"lineNumber":2,"author":{"gitId":"eungi-hong"},"content":"","lastModifiedDate":"2026-02-04T03:43:12","isFullCredit":false},{"lineNumber":3,"author":{"gitId":"eungi-hong"},"content":"public class UnknownCommandException extends BeeException {","lastModifiedDate":"2026-01-28T15:01:38","isFullCredit":false},{"lineNumber":4,"author":{"gitId":"eungi-hong"},"content":"    public UnknownCommandException() {","lastModifiedDate":"2026-01-28T15:01:38","isFullCredit":false},{"lineNumber":5,"author":{"gitId":"eungi-hong"},"content":"        super(\"I don\u0027t understand... what do you mean?\");","lastModifiedDate":"2026-01-28T15:01:38","isFullCredit":false},{"lineNumber":6,"author":{"gitId":"eungi-hong"},"content":"    }","lastModifiedDate":"2026-01-28T15:01:38","isFullCredit":false},{"lineNumber":7,"author":{"gitId":"eungi-hong"},"content":"}","lastModifiedDate":"2026-01-28T15:01:38","isFullCredit":false}],"authorContributionMap":{"eungi-hong":7}},{"path":"src/main/java/Bee/Handler.java","fileType":"java","lines":[{"lineNumber":1,"author":{"gitId":"eungi-hong"},"content":"package Bee;","lastModifiedDate":"2026-02-08T01:45:56","isFullCredit":false},{"lineNumber":2,"author":{"gitId":"eungi-hong"},"content":"","lastModifiedDate":"2026-02-08T01:45:56","isFullCredit":false},{"lineNumber":3,"author":{"gitId":"eungi-hong"},"content":"import Bee.Exception.*;","lastModifiedDate":"2026-02-08T01:45:56","isFullCredit":false},{"lineNumber":4,"author":{"gitId":"eungi-hong"},"content":"import java.io.IOException;","lastModifiedDate":"2026-02-07T23:28:15","isFullCredit":false},{"lineNumber":5,"author":{"gitId":"eungi-hong"},"content":"","lastModifiedDate":"2026-02-07T23:28:15","isFullCredit":false},{"lineNumber":6,"author":{"gitId":"eungi-hong"},"content":"","lastModifiedDate":"2026-02-04T03:43:12","isFullCredit":false},{"lineNumber":7,"author":{"gitId":"eungi-hong"},"content":"public class Handler {","lastModifiedDate":"2026-01-28T15:01:38","isFullCredit":false},{"lineNumber":8,"author":{"gitId":"eungi-hong"},"content":"    public static void handle(String input, Ui ui, Storage storage, TaskList tasks) throws BeeException {","lastModifiedDate":"2026-02-07T23:28:15","isFullCredit":false},{"lineNumber":9,"author":{"gitId":"eungi-hong"},"content":"        if (input.equals(\"list\")) {","lastModifiedDate":"2026-01-28T15:01:38","isFullCredit":false},{"lineNumber":10,"author":{"gitId":"eungi-hong"},"content":"            ui.output(\"Here are the tasks in your list:\");","lastModifiedDate":"2026-02-07T23:28:15","isFullCredit":false},{"lineNumber":11,"author":{"gitId":"eungi-hong"},"content":"            ui.output(tasks.toString());","lastModifiedDate":"2026-02-07T23:28:15","isFullCredit":false},{"lineNumber":12,"author":{"gitId":"eungi-hong"},"content":"        }","lastModifiedDate":"2026-01-28T15:01:38","isFullCredit":false},{"lineNumber":13,"author":{"gitId":"eungi-hong"},"content":"        else if (input.startsWith(\"mark\")) {","lastModifiedDate":"2026-01-28T15:01:38","isFullCredit":false},{"lineNumber":14,"author":{"gitId":"eungi-hong"},"content":"            try {","lastModifiedDate":"2026-02-07T23:28:15","isFullCredit":false},{"lineNumber":15,"author":{"gitId":"eungi-hong"},"content":"                Integer ind \u003d Parser.validateIntInRange(input.split(\" \")[1], 1, tasks.getLength());","lastModifiedDate":"2026-02-07T23:28:15","isFullCredit":false},{"lineNumber":16,"author":{"gitId":"eungi-hong"},"content":"                tasks.doTask(ind);","lastModifiedDate":"2026-02-07T23:28:15","isFullCredit":false},{"lineNumber":17,"author":{"gitId":"eungi-hong"},"content":"                storage.updateFile(tasks);","lastModifiedDate":"2026-02-07T23:28:15","isFullCredit":false},{"lineNumber":18,"author":{"gitId":"eungi-hong"},"content":"                ui.output(\"Nice! I\u0027ve marked this task as done:\");","lastModifiedDate":"2026-02-07T23:28:15","isFullCredit":false},{"lineNumber":19,"author":{"gitId":"eungi-hong"},"content":"                ui.output(tasks.getTask(ind).toString());","lastModifiedDate":"2026-02-07T23:28:15","isFullCredit":false},{"lineNumber":20,"author":{"gitId":"eungi-hong"},"content":"            } catch (NotNumberException | IndexException | IOException err) {","lastModifiedDate":"2026-02-07T23:28:15","isFullCredit":false},{"lineNumber":21,"author":{"gitId":"eungi-hong"},"content":"                ui.output(err.toString());","lastModifiedDate":"2026-02-07T23:28:15","isFullCredit":false},{"lineNumber":22,"author":{"gitId":"eungi-hong"},"content":"            }","lastModifiedDate":"2026-01-28T15:01:38","isFullCredit":false},{"lineNumber":23,"author":{"gitId":"eungi-hong"},"content":"        }","lastModifiedDate":"2026-01-28T15:01:38","isFullCredit":false},{"lineNumber":24,"author":{"gitId":"eungi-hong"},"content":"        else if (input.startsWith(\"unmark\")) {","lastModifiedDate":"2026-01-28T15:01:38","isFullCredit":false},{"lineNumber":25,"author":{"gitId":"eungi-hong"},"content":"            try {","lastModifiedDate":"2026-02-07T23:28:15","isFullCredit":false},{"lineNumber":26,"author":{"gitId":"eungi-hong"},"content":"                Integer ind \u003d Parser.validateIntInRange(input.split(\" \")[1], 1, tasks.getLength());","lastModifiedDate":"2026-02-07T23:28:15","isFullCredit":false},{"lineNumber":27,"author":{"gitId":"eungi-hong"},"content":"                tasks.undoTask(ind);","lastModifiedDate":"2026-02-07T23:28:15","isFullCredit":false},{"lineNumber":28,"author":{"gitId":"eungi-hong"},"content":"                storage.updateFile(tasks);","lastModifiedDate":"2026-02-07T23:28:15","isFullCredit":false},{"lineNumber":29,"author":{"gitId":"eungi-hong"},"content":"                ui.output(\"Nice! I\u0027ve marked this task as done:\");","lastModifiedDate":"2026-02-07T23:28:15","isFullCredit":false},{"lineNumber":30,"author":{"gitId":"eungi-hong"},"content":"                ui.output(tasks.getTask(ind).toString());","lastModifiedDate":"2026-02-07T23:28:15","isFullCredit":false},{"lineNumber":31,"author":{"gitId":"eungi-hong"},"content":"            } catch (NotNumberException | IndexException | IOException err) {","lastModifiedDate":"2026-02-07T23:28:15","isFullCredit":false},{"lineNumber":32,"author":{"gitId":"eungi-hong"},"content":"                ui.output(err.toString());","lastModifiedDate":"2026-02-07T23:28:15","isFullCredit":false},{"lineNumber":33,"author":{"gitId":"eungi-hong"},"content":"            }","lastModifiedDate":"2026-01-28T15:01:38","isFullCredit":false},{"lineNumber":34,"author":{"gitId":"eungi-hong"},"content":"        }","lastModifiedDate":"2026-01-28T15:01:38","isFullCredit":false},{"lineNumber":35,"author":{"gitId":"eungi-hong"},"content":"        else if (input.startsWith(\"todo\")) {","lastModifiedDate":"2026-01-28T15:01:38","isFullCredit":false},{"lineNumber":36,"author":{"gitId":"eungi-hong"},"content":"            try {","lastModifiedDate":"2026-02-07T23:28:15","isFullCredit":false},{"lineNumber":37,"author":{"gitId":"eungi-hong"},"content":"                Todo t \u003d Parser.validateTodo(input);","lastModifiedDate":"2026-02-07T23:28:15","isFullCredit":false},{"lineNumber":38,"author":{"gitId":"eungi-hong"},"content":"                tasks.addTodo(t);","lastModifiedDate":"2026-02-07T23:28:15","isFullCredit":false},{"lineNumber":39,"author":{"gitId":"eungi-hong"},"content":"                storage.updateFile(tasks);","lastModifiedDate":"2026-02-07T23:28:15","isFullCredit":false},{"lineNumber":40,"author":{"gitId":"eungi-hong"},"content":"                ui.output(\"Got it. I\u0027ve added this task:\");","lastModifiedDate":"2026-02-07T23:28:15","isFullCredit":false},{"lineNumber":41,"author":{"gitId":"eungi-hong"},"content":"                ui.output(tasks.lastTask().toString());","lastModifiedDate":"2026-02-07T23:28:15","isFullCredit":false},{"lineNumber":42,"author":{"gitId":"eungi-hong"},"content":"                ui.output(\"Now you have \" + tasks.getLength() + \" tasks in the list.\");","lastModifiedDate":"2026-02-07T23:28:15","isFullCredit":false},{"lineNumber":43,"author":{"gitId":"eungi-hong"},"content":"            } catch (EmptyTaskException | IOException err) {","lastModifiedDate":"2026-02-07T23:28:15","isFullCredit":false},{"lineNumber":44,"author":{"gitId":"eungi-hong"},"content":"                ui.output(err.toString());","lastModifiedDate":"2026-02-07T23:28:15","isFullCredit":false},{"lineNumber":45,"author":{"gitId":"eungi-hong"},"content":"            }","lastModifiedDate":"2026-01-28T15:01:38","isFullCredit":false},{"lineNumber":46,"author":{"gitId":"eungi-hong"},"content":"        }","lastModifiedDate":"2026-01-28T15:01:38","isFullCredit":false},{"lineNumber":47,"author":{"gitId":"eungi-hong"},"content":"        else if (input.startsWith(\"deadline\")) {","lastModifiedDate":"2026-01-28T15:01:38","isFullCredit":false},{"lineNumber":48,"author":{"gitId":"eungi-hong"},"content":"            try {","lastModifiedDate":"2026-02-06T22:44:38","isFullCredit":false},{"lineNumber":49,"author":{"gitId":"eungi-hong"},"content":"                Deadline d \u003d Parser.validateDeadline(input);","lastModifiedDate":"2026-02-07T23:28:15","isFullCredit":false},{"lineNumber":50,"author":{"gitId":"eungi-hong"},"content":"                tasks.addDeadline(d);","lastModifiedDate":"2026-02-07T23:28:15","isFullCredit":false},{"lineNumber":51,"author":{"gitId":"eungi-hong"},"content":"                storage.updateFile(tasks);","lastModifiedDate":"2026-02-07T23:28:15","isFullCredit":false},{"lineNumber":52,"author":{"gitId":"eungi-hong"},"content":"                ui.output(\"Got it. I\u0027ve added this task:\");","lastModifiedDate":"2026-02-07T23:28:15","isFullCredit":false},{"lineNumber":53,"author":{"gitId":"eungi-hong"},"content":"                ui.output(tasks.lastTask().toString());","lastModifiedDate":"2026-02-07T23:28:15","isFullCredit":false},{"lineNumber":54,"author":{"gitId":"eungi-hong"},"content":"                ui.output(\"Now you have \" + tasks.getLength() + \" tasks in the list.\");","lastModifiedDate":"2026-02-07T23:28:15","isFullCredit":false},{"lineNumber":55,"author":{"gitId":"eungi-hong"},"content":"            } catch (EmptyTaskException | IOException err) {","lastModifiedDate":"2026-02-07T23:28:15","isFullCredit":false},{"lineNumber":56,"author":{"gitId":"eungi-hong"},"content":"                ui.output(err.toString());","lastModifiedDate":"2026-02-07T23:28:15","isFullCredit":false},{"lineNumber":57,"author":{"gitId":"eungi-hong"},"content":"            }","lastModifiedDate":"2026-02-06T22:44:38","isFullCredit":false},{"lineNumber":58,"author":{"gitId":"eungi-hong"},"content":"        }","lastModifiedDate":"2026-01-28T15:01:38","isFullCredit":false},{"lineNumber":59,"author":{"gitId":"eungi-hong"},"content":"        else if (input.startsWith(\"event\")) {","lastModifiedDate":"2026-01-28T15:01:38","isFullCredit":false},{"lineNumber":60,"author":{"gitId":"eungi-hong"},"content":"            try {","lastModifiedDate":"2026-02-06T22:44:38","isFullCredit":false},{"lineNumber":61,"author":{"gitId":"eungi-hong"},"content":"                Event e \u003d Parser.validateEvent(input);","lastModifiedDate":"2026-02-07T23:28:15","isFullCredit":false},{"lineNumber":62,"author":{"gitId":"eungi-hong"},"content":"                tasks.addEvent(e);","lastModifiedDate":"2026-02-07T23:28:15","isFullCredit":false},{"lineNumber":63,"author":{"gitId":"eungi-hong"},"content":"                storage.updateFile(tasks);","lastModifiedDate":"2026-02-07T23:28:15","isFullCredit":false},{"lineNumber":64,"author":{"gitId":"eungi-hong"},"content":"                ui.output(\"Got it. I\u0027ve added this task:\");","lastModifiedDate":"2026-02-07T23:28:15","isFullCredit":false},{"lineNumber":65,"author":{"gitId":"eungi-hong"},"content":"                ui.output(tasks.lastTask().toString());","lastModifiedDate":"2026-02-07T23:28:15","isFullCredit":false},{"lineNumber":66,"author":{"gitId":"eungi-hong"},"content":"                ui.output(\"Now you have \" + tasks.getLength() + \" tasks in the list.\");","lastModifiedDate":"2026-02-07T23:28:15","isFullCredit":false},{"lineNumber":67,"author":{"gitId":"eungi-hong"},"content":"            } catch (EmptyTaskException | IOException err) {","lastModifiedDate":"2026-02-07T23:28:15","isFullCredit":false},{"lineNumber":68,"author":{"gitId":"eungi-hong"},"content":"                ui.output(err.toString());","lastModifiedDate":"2026-02-07T23:28:15","isFullCredit":false},{"lineNumber":69,"author":{"gitId":"eungi-hong"},"content":"            }","lastModifiedDate":"2026-02-06T22:44:38","isFullCredit":false},{"lineNumber":70,"author":{"gitId":"eungi-hong"},"content":"        }","lastModifiedDate":"2026-01-28T15:01:38","isFullCredit":false},{"lineNumber":71,"author":{"gitId":"eungi-hong"},"content":"        else if (input.startsWith(\"delete\")) {","lastModifiedDate":"2026-01-28T15:18:22","isFullCredit":false},{"lineNumber":72,"author":{"gitId":"eungi-hong"},"content":"            try {","lastModifiedDate":"2026-02-07T23:28:15","isFullCredit":false},{"lineNumber":73,"author":{"gitId":"eungi-hong"},"content":"                Integer ind \u003d Parser.validateIntInRange(input.split(\" \")[1], 1, tasks.getLength());","lastModifiedDate":"2026-02-07T23:28:15","isFullCredit":false},{"lineNumber":74,"author":{"gitId":"eungi-hong"},"content":"                Task task \u003d tasks.getTask(ind);","lastModifiedDate":"2026-02-07T23:28:15","isFullCredit":false},{"lineNumber":75,"author":{"gitId":"eungi-hong"},"content":"                tasks.deleteTask(ind);","lastModifiedDate":"2026-02-07T23:28:15","isFullCredit":false},{"lineNumber":76,"author":{"gitId":"eungi-hong"},"content":"                storage.updateFile(tasks);","lastModifiedDate":"2026-02-07T23:28:15","isFullCredit":false},{"lineNumber":77,"author":{"gitId":"eungi-hong"},"content":"                ui.output(\"Noted. I\u0027ve removed this task:\");","lastModifiedDate":"2026-02-07T23:28:15","isFullCredit":false},{"lineNumber":78,"author":{"gitId":"eungi-hong"},"content":"                ui.output(task.toString());","lastModifiedDate":"2026-02-07T23:28:15","isFullCredit":false},{"lineNumber":79,"author":{"gitId":"eungi-hong"},"content":"                ui.output(\"Now you have \" + tasks.getLength() + \" tasks in the list.\");","lastModifiedDate":"2026-02-07T23:28:15","isFullCredit":false},{"lineNumber":80,"author":{"gitId":"eungi-hong"},"content":"            } catch (NotNumberException | IndexException | IOException err) {","lastModifiedDate":"2026-02-07T23:28:15","isFullCredit":false},{"lineNumber":81,"author":{"gitId":"eungi-hong"},"content":"                ui.output(err.toString());","lastModifiedDate":"2026-02-07T23:28:15","isFullCredit":false},{"lineNumber":82,"author":{"gitId":"eungi-hong"},"content":"            }","lastModifiedDate":"2026-01-28T15:18:22","isFullCredit":false},{"lineNumber":83,"author":{"gitId":"eungi-hong"},"content":"        }","lastModifiedDate":"2026-01-28T15:18:22","isFullCredit":false},{"lineNumber":84,"author":{"gitId":"eungi-hong"},"content":"        else {","lastModifiedDate":"2026-01-28T15:01:38","isFullCredit":false},{"lineNumber":85,"author":{"gitId":"eungi-hong"},"content":"            throw new UnknownCommandException();","lastModifiedDate":"2026-01-28T15:01:38","isFullCredit":false},{"lineNumber":86,"author":{"gitId":"eungi-hong"},"content":"        }","lastModifiedDate":"2026-01-28T15:01:38","isFullCredit":false},{"lineNumber":87,"author":{"gitId":"eungi-hong"},"content":"    }","lastModifiedDate":"2026-01-28T15:01:38","isFullCredit":false},{"lineNumber":88,"author":{"gitId":"eungi-hong"},"content":"}","lastModifiedDate":"2026-01-28T15:01:38","isFullCredit":false}],"authorContributionMap":{"eungi-hong":88}},{"path":"src/main/java/Bee/Parser.java","fileType":"java","lines":[{"lineNumber":1,"author":{"gitId":"eungi-hong"},"content":"package Bee;","lastModifiedDate":"2026-02-08T01:45:56","isFullCredit":false},{"lineNumber":2,"author":{"gitId":"eungi-hong"},"content":"","lastModifiedDate":"2026-02-08T01:45:56","isFullCredit":false},{"lineNumber":3,"author":{"gitId":"eungi-hong"},"content":"import java.time.LocalDate;","lastModifiedDate":"2026-02-08T01:37:18","isFullCredit":false},{"lineNumber":4,"author":{"gitId":"eungi-hong"},"content":"import java.time.format.DateTimeParseException;","lastModifiedDate":"2026-02-07T23:28:15","isFullCredit":false},{"lineNumber":5,"author":{"gitId":"eungi-hong"},"content":"","lastModifiedDate":"2026-02-08T01:45:56","isFullCredit":false},{"lineNumber":6,"author":{"gitId":"eungi-hong"},"content":"import Bee.Exception.*;","lastModifiedDate":"2026-02-08T01:45:56","isFullCredit":false},{"lineNumber":7,"author":{"gitId":"eungi-hong"},"content":"","lastModifiedDate":"2026-02-07T23:28:15","isFullCredit":false},{"lineNumber":8,"author":{"gitId":"eungi-hong"},"content":"public class Parser {","lastModifiedDate":"2026-02-07T23:28:15","isFullCredit":false},{"lineNumber":9,"author":{"gitId":"eungi-hong"},"content":"    public static LocalDate validateDate(String input) throws DateTimeParseException {","lastModifiedDate":"2026-02-08T01:37:18","isFullCredit":false},{"lineNumber":10,"author":{"gitId":"eungi-hong"},"content":"        return LocalDate.parse(input);","lastModifiedDate":"2026-02-08T01:37:18","isFullCredit":false},{"lineNumber":11,"author":{"gitId":"eungi-hong"},"content":"    }","lastModifiedDate":"2026-02-07T23:28:15","isFullCredit":false},{"lineNumber":12,"author":{"gitId":"eungi-hong"},"content":"","lastModifiedDate":"2026-02-07T23:28:15","isFullCredit":false},{"lineNumber":13,"author":{"gitId":"eungi-hong"},"content":"    public static Integer validateIntInRange(String input, int min, int max) throws NotNumberException, IndexException {","lastModifiedDate":"2026-02-07T23:28:15","isFullCredit":false},{"lineNumber":14,"author":{"gitId":"eungi-hong"},"content":"        try {","lastModifiedDate":"2026-02-07T23:28:15","isFullCredit":false},{"lineNumber":15,"author":{"gitId":"eungi-hong"},"content":"            int i \u003d Integer.parseInt(input);","lastModifiedDate":"2026-02-07T23:28:15","isFullCredit":false},{"lineNumber":16,"author":{"gitId":"eungi-hong"},"content":"            if (i \u003c min || i \u003e max) {","lastModifiedDate":"2026-02-07T23:28:15","isFullCredit":false},{"lineNumber":17,"author":{"gitId":"eungi-hong"},"content":"                throw new IndexException();","lastModifiedDate":"2026-02-07T23:28:15","isFullCredit":false},{"lineNumber":18,"author":{"gitId":"eungi-hong"},"content":"            } else {","lastModifiedDate":"2026-02-07T23:28:15","isFullCredit":false},{"lineNumber":19,"author":{"gitId":"eungi-hong"},"content":"                return i;","lastModifiedDate":"2026-02-07T23:28:15","isFullCredit":false},{"lineNumber":20,"author":{"gitId":"eungi-hong"},"content":"            }","lastModifiedDate":"2026-02-07T23:28:15","isFullCredit":false},{"lineNumber":21,"author":{"gitId":"eungi-hong"},"content":"        } catch (NumberFormatException err) {","lastModifiedDate":"2026-02-07T23:28:15","isFullCredit":false},{"lineNumber":22,"author":{"gitId":"eungi-hong"},"content":"            throw new NotNumberException();","lastModifiedDate":"2026-02-07T23:28:15","isFullCredit":false},{"lineNumber":23,"author":{"gitId":"eungi-hong"},"content":"        }","lastModifiedDate":"2026-02-07T23:28:15","isFullCredit":false},{"lineNumber":24,"author":{"gitId":"eungi-hong"},"content":"    }","lastModifiedDate":"2026-02-07T23:28:15","isFullCredit":false},{"lineNumber":25,"author":{"gitId":"eungi-hong"},"content":"","lastModifiedDate":"2026-02-07T23:28:15","isFullCredit":false},{"lineNumber":26,"author":{"gitId":"eungi-hong"},"content":"    public static Todo validateTodo(String input) throws EmptyTaskException {","lastModifiedDate":"2026-02-07T23:28:15","isFullCredit":false},{"lineNumber":27,"author":{"gitId":"eungi-hong"},"content":"        String[] taskInfo \u003d input.split(\"\\s+\", 2);","lastModifiedDate":"2026-02-07T23:28:15","isFullCredit":false},{"lineNumber":28,"author":{"gitId":"eungi-hong"},"content":"        if (taskInfo.length \u003d\u003d 1) {","lastModifiedDate":"2026-02-07T23:28:15","isFullCredit":false},{"lineNumber":29,"author":{"gitId":"eungi-hong"},"content":"            throw new EmptyTaskException();","lastModifiedDate":"2026-02-07T23:28:15","isFullCredit":false},{"lineNumber":30,"author":{"gitId":"eungi-hong"},"content":"        } else {","lastModifiedDate":"2026-02-07T23:28:15","isFullCredit":false},{"lineNumber":31,"author":{"gitId":"eungi-hong"},"content":"            return new Todo(taskInfo[1], false);","lastModifiedDate":"2026-02-07T23:28:15","isFullCredit":false},{"lineNumber":32,"author":{"gitId":"eungi-hong"},"content":"        }","lastModifiedDate":"2026-02-07T23:28:15","isFullCredit":false},{"lineNumber":33,"author":{"gitId":"eungi-hong"},"content":"    }","lastModifiedDate":"2026-02-07T23:28:15","isFullCredit":false},{"lineNumber":34,"author":{"gitId":"eungi-hong"},"content":"","lastModifiedDate":"2026-02-07T23:28:15","isFullCredit":false},{"lineNumber":35,"author":{"gitId":"eungi-hong"},"content":"    public static Deadline validateDeadline(String input) throws EmptyTaskException, NoDeadlineException, NotDateTimeException {","lastModifiedDate":"2026-02-07T23:28:15","isFullCredit":false},{"lineNumber":36,"author":{"gitId":"eungi-hong"},"content":"        String[] taskInfo \u003d input.split(\"\\s+\", 2);","lastModifiedDate":"2026-02-07T23:28:15","isFullCredit":false},{"lineNumber":37,"author":{"gitId":"eungi-hong"},"content":"        if (taskInfo.length \u003d\u003d 1) {","lastModifiedDate":"2026-02-07T23:28:15","isFullCredit":false},{"lineNumber":38,"author":{"gitId":"eungi-hong"},"content":"            throw new EmptyTaskException();","lastModifiedDate":"2026-02-07T23:28:15","isFullCredit":false},{"lineNumber":39,"author":{"gitId":"eungi-hong"},"content":"        }","lastModifiedDate":"2026-02-07T23:28:15","isFullCredit":false},{"lineNumber":40,"author":{"gitId":"eungi-hong"},"content":"        taskInfo \u003d taskInfo[1].split(\" /by \", 2);","lastModifiedDate":"2026-02-07T23:28:15","isFullCredit":false},{"lineNumber":41,"author":{"gitId":"eungi-hong"},"content":"        if (taskInfo.length \u003d\u003d 1) {","lastModifiedDate":"2026-02-07T23:28:15","isFullCredit":false},{"lineNumber":42,"author":{"gitId":"eungi-hong"},"content":"            throw new NoDeadlineException();","lastModifiedDate":"2026-02-07T23:28:15","isFullCredit":false},{"lineNumber":43,"author":{"gitId":"eungi-hong"},"content":"        }","lastModifiedDate":"2026-02-07T23:28:15","isFullCredit":false},{"lineNumber":44,"author":{"gitId":"eungi-hong"},"content":"        try {","lastModifiedDate":"2026-02-07T23:28:15","isFullCredit":false},{"lineNumber":45,"author":{"gitId":"eungi-hong"},"content":"            LocalDate date \u003d validateDate(taskInfo[1]);","lastModifiedDate":"2026-02-08T01:37:18","isFullCredit":false},{"lineNumber":46,"author":{"gitId":"eungi-hong"},"content":"            return new Deadline(taskInfo[0], date, false);","lastModifiedDate":"2026-02-08T01:37:18","isFullCredit":false},{"lineNumber":47,"author":{"gitId":"eungi-hong"},"content":"        } catch (DateTimeParseException err) {","lastModifiedDate":"2026-02-07T23:28:15","isFullCredit":false},{"lineNumber":48,"author":{"gitId":"eungi-hong"},"content":"            throw new NotDateTimeException();","lastModifiedDate":"2026-02-07T23:28:15","isFullCredit":false},{"lineNumber":49,"author":{"gitId":"eungi-hong"},"content":"        }","lastModifiedDate":"2026-02-07T23:28:15","isFullCredit":false},{"lineNumber":50,"author":{"gitId":"eungi-hong"},"content":"    }","lastModifiedDate":"2026-02-07T23:28:15","isFullCredit":false},{"lineNumber":51,"author":{"gitId":"eungi-hong"},"content":"","lastModifiedDate":"2026-02-07T23:28:15","isFullCredit":false},{"lineNumber":52,"author":{"gitId":"eungi-hong"},"content":"    public static Event validateEvent(String input) throws EmptyTaskException, NoTimeFrameException, NotDateTimeException {","lastModifiedDate":"2026-02-07T23:28:15","isFullCredit":false},{"lineNumber":53,"author":{"gitId":"eungi-hong"},"content":"        String[] taskInfo \u003d input.split(\"\\s+\", 2);","lastModifiedDate":"2026-02-07T23:28:15","isFullCredit":false},{"lineNumber":54,"author":{"gitId":"eungi-hong"},"content":"        if (taskInfo.length \u003d\u003d 1) {","lastModifiedDate":"2026-02-07T23:28:15","isFullCredit":false},{"lineNumber":55,"author":{"gitId":"eungi-hong"},"content":"            throw new EmptyTaskException();","lastModifiedDate":"2026-02-07T23:28:15","isFullCredit":false},{"lineNumber":56,"author":{"gitId":"eungi-hong"},"content":"        }","lastModifiedDate":"2026-02-07T23:28:15","isFullCredit":false},{"lineNumber":57,"author":{"gitId":"eungi-hong"},"content":"        taskInfo \u003d taskInfo[1].split(\" /from \", 2);","lastModifiedDate":"2026-02-07T23:28:15","isFullCredit":false},{"lineNumber":58,"author":{"gitId":"eungi-hong"},"content":"        String name \u003d taskInfo[0];","lastModifiedDate":"2026-02-07T23:28:15","isFullCredit":false},{"lineNumber":59,"author":{"gitId":"eungi-hong"},"content":"        if (taskInfo.length \u003d\u003d 1) {","lastModifiedDate":"2026-02-07T23:28:15","isFullCredit":false},{"lineNumber":60,"author":{"gitId":"eungi-hong"},"content":"            throw new NoTimeFrameException();","lastModifiedDate":"2026-02-07T23:28:15","isFullCredit":false},{"lineNumber":61,"author":{"gitId":"eungi-hong"},"content":"        }","lastModifiedDate":"2026-02-07T23:28:15","isFullCredit":false},{"lineNumber":62,"author":{"gitId":"eungi-hong"},"content":"        taskInfo \u003d taskInfo[1].split(\" /to \", 2);","lastModifiedDate":"2026-02-07T23:28:15","isFullCredit":false},{"lineNumber":63,"author":{"gitId":"eungi-hong"},"content":"        if (taskInfo.length \u003d\u003d 1) {","lastModifiedDate":"2026-02-07T23:28:15","isFullCredit":false},{"lineNumber":64,"author":{"gitId":"eungi-hong"},"content":"            throw new NoTimeFrameException();","lastModifiedDate":"2026-02-07T23:28:15","isFullCredit":false},{"lineNumber":65,"author":{"gitId":"eungi-hong"},"content":"        }","lastModifiedDate":"2026-02-07T23:28:15","isFullCredit":false},{"lineNumber":66,"author":{"gitId":"eungi-hong"},"content":"        try {","lastModifiedDate":"2026-02-07T23:28:15","isFullCredit":false},{"lineNumber":67,"author":{"gitId":"eungi-hong"},"content":"            LocalDate from \u003d validateDate(taskInfo[0]);","lastModifiedDate":"2026-02-08T01:37:18","isFullCredit":false},{"lineNumber":68,"author":{"gitId":"eungi-hong"},"content":"            LocalDate to \u003d validateDate(taskInfo[1]);","lastModifiedDate":"2026-02-08T01:37:18","isFullCredit":false},{"lineNumber":69,"author":{"gitId":"eungi-hong"},"content":"            return new Event(name, from, to, false);","lastModifiedDate":"2026-02-07T23:28:15","isFullCredit":false},{"lineNumber":70,"author":{"gitId":"eungi-hong"},"content":"        } catch (DateTimeParseException err) {","lastModifiedDate":"2026-02-07T23:28:15","isFullCredit":false},{"lineNumber":71,"author":{"gitId":"eungi-hong"},"content":"            throw new NotDateTimeException();","lastModifiedDate":"2026-02-07T23:28:15","isFullCredit":false},{"lineNumber":72,"author":{"gitId":"eungi-hong"},"content":"        }","lastModifiedDate":"2026-02-07T23:28:15","isFullCredit":false},{"lineNumber":73,"author":{"gitId":"eungi-hong"},"content":"    }","lastModifiedDate":"2026-02-07T23:28:15","isFullCredit":false},{"lineNumber":74,"author":{"gitId":"eungi-hong"},"content":"}","lastModifiedDate":"2026-02-07T23:28:15","isFullCredit":false}],"authorContributionMap":{"eungi-hong":74}},{"path":"src/main/java/Bee/Storage.java","fileType":"java","lines":[{"lineNumber":1,"author":{"gitId":"eungi-hong"},"content":"package Bee;","lastModifiedDate":"2026-02-08T01:45:56","isFullCredit":false},{"lineNumber":2,"author":{"gitId":"eungi-hong"},"content":"","lastModifiedDate":"2026-02-08T01:45:56","isFullCredit":false},{"lineNumber":3,"author":{"gitId":"eungi-hong"},"content":"import java.io.File;","lastModifiedDate":"2026-02-07T23:28:15","isFullCredit":false},{"lineNumber":4,"author":{"gitId":"eungi-hong"},"content":"import java.io.FileNotFoundException;","lastModifiedDate":"2026-02-07T23:28:15","isFullCredit":false},{"lineNumber":5,"author":{"gitId":"eungi-hong"},"content":"import java.io.FileWriter;","lastModifiedDate":"2026-02-07T23:28:15","isFullCredit":false},{"lineNumber":6,"author":{"gitId":"eungi-hong"},"content":"import java.io.IOException;","lastModifiedDate":"2026-02-07T23:28:15","isFullCredit":false},{"lineNumber":7,"author":{"gitId":"eungi-hong"},"content":"import java.time.format.DateTimeParseException;","lastModifiedDate":"2026-02-07T23:28:15","isFullCredit":false},{"lineNumber":8,"author":{"gitId":"eungi-hong"},"content":"import java.util.Scanner;","lastModifiedDate":"2026-02-07T23:28:15","isFullCredit":false},{"lineNumber":9,"author":{"gitId":"eungi-hong"},"content":"","lastModifiedDate":"2026-02-07T23:28:15","isFullCredit":false},{"lineNumber":10,"author":{"gitId":"eungi-hong"},"content":"public class Storage {","lastModifiedDate":"2026-02-07T23:28:15","isFullCredit":false},{"lineNumber":11,"author":{"gitId":"eungi-hong"},"content":"    String filePath;","lastModifiedDate":"2026-02-07T23:28:15","isFullCredit":false},{"lineNumber":12,"author":{"gitId":"eungi-hong"},"content":"","lastModifiedDate":"2026-02-07T23:28:15","isFullCredit":false},{"lineNumber":13,"author":{"gitId":"eungi-hong"},"content":"    Storage(String filePath) {","lastModifiedDate":"2026-02-07T23:28:15","isFullCredit":false},{"lineNumber":14,"author":{"gitId":"eungi-hong"},"content":"        this.filePath \u003d filePath;","lastModifiedDate":"2026-02-07T23:28:15","isFullCredit":false},{"lineNumber":15,"author":{"gitId":"eungi-hong"},"content":"    }","lastModifiedDate":"2026-02-07T23:28:15","isFullCredit":false},{"lineNumber":16,"author":{"gitId":"eungi-hong"},"content":"","lastModifiedDate":"2026-02-07T23:28:15","isFullCredit":false},{"lineNumber":17,"author":{"gitId":"eungi-hong"},"content":"    public TaskList load() throws FileNotFoundException, IndexOutOfBoundsException, DateTimeParseException {","lastModifiedDate":"2026-02-07T23:28:15","isFullCredit":false},{"lineNumber":18,"author":{"gitId":"eungi-hong"},"content":"        TaskList list \u003d new TaskList();","lastModifiedDate":"2026-02-07T23:28:15","isFullCredit":false},{"lineNumber":19,"author":{"gitId":"eungi-hong"},"content":"        File f \u003d new File(filePath);","lastModifiedDate":"2026-02-07T23:28:15","isFullCredit":false},{"lineNumber":20,"author":{"gitId":"eungi-hong"},"content":"        Scanner s \u003d new Scanner(f);","lastModifiedDate":"2026-02-07T23:28:15","isFullCredit":false},{"lineNumber":21,"author":{"gitId":"eungi-hong"},"content":";","lastModifiedDate":"2026-02-08T01:37:18","isFullCredit":false},{"lineNumber":22,"author":{"gitId":"eungi-hong"},"content":"        while (s.hasNext()) {","lastModifiedDate":"2026-02-07T23:28:15","isFullCredit":false},{"lineNumber":23,"author":{"gitId":"eungi-hong"},"content":"            String input[] \u003d s.nextLine().split(\" / \");","lastModifiedDate":"2026-02-08T01:37:18","isFullCredit":false},{"lineNumber":24,"author":{"gitId":"eungi-hong"},"content":"            if (input[0].equals(\"T\")) {","lastModifiedDate":"2026-02-07T23:28:15","isFullCredit":false},{"lineNumber":25,"author":{"gitId":"eungi-hong"},"content":"                Todo t \u003d new Todo(input[2], input[1].equals(\"1\"));","lastModifiedDate":"2026-02-07T23:28:15","isFullCredit":false},{"lineNumber":26,"author":{"gitId":"eungi-hong"},"content":"                list.addTodo(t);","lastModifiedDate":"2026-02-07T23:28:15","isFullCredit":false},{"lineNumber":27,"author":{"gitId":"eungi-hong"},"content":"            }","lastModifiedDate":"2026-02-07T23:28:15","isFullCredit":false},{"lineNumber":28,"author":{"gitId":"eungi-hong"},"content":"            if (input[0].equals(\"D\")) {","lastModifiedDate":"2026-02-07T23:28:15","isFullCredit":false},{"lineNumber":29,"author":{"gitId":"eungi-hong"},"content":"                Deadline d \u003d new Deadline(input[2], Parser.validateDate(input[3]), input[1].equals(\"1\"));","lastModifiedDate":"2026-02-08T01:37:18","isFullCredit":false},{"lineNumber":30,"author":{"gitId":"eungi-hong"},"content":"                list.addDeadline(d);","lastModifiedDate":"2026-02-07T23:28:15","isFullCredit":false},{"lineNumber":31,"author":{"gitId":"eungi-hong"},"content":"            }","lastModifiedDate":"2026-02-07T23:28:15","isFullCredit":false},{"lineNumber":32,"author":{"gitId":"eungi-hong"},"content":"            if (input[0].equals(\"E\")) {","lastModifiedDate":"2026-02-07T23:28:15","isFullCredit":false},{"lineNumber":33,"author":{"gitId":"eungi-hong"},"content":"                Event e \u003d new Event(input[2], Parser.validateDate(input[3]), Parser.validateDate(input[4]), input[1].equals(\"1\"));","lastModifiedDate":"2026-02-08T01:37:18","isFullCredit":false},{"lineNumber":34,"author":{"gitId":"eungi-hong"},"content":"                list.addEvent(e);","lastModifiedDate":"2026-02-07T23:28:15","isFullCredit":false},{"lineNumber":35,"author":{"gitId":"eungi-hong"},"content":"            }","lastModifiedDate":"2026-02-07T23:28:15","isFullCredit":false},{"lineNumber":36,"author":{"gitId":"eungi-hong"},"content":"        }","lastModifiedDate":"2026-02-07T23:28:15","isFullCredit":false},{"lineNumber":37,"author":{"gitId":"eungi-hong"},"content":"        return list;","lastModifiedDate":"2026-02-07T23:28:15","isFullCredit":false},{"lineNumber":38,"author":{"gitId":"eungi-hong"},"content":"    }","lastModifiedDate":"2026-02-07T23:28:15","isFullCredit":false},{"lineNumber":39,"author":{"gitId":"eungi-hong"},"content":"","lastModifiedDate":"2026-02-07T23:28:15","isFullCredit":false},{"lineNumber":40,"author":{"gitId":"eungi-hong"},"content":"    public void updateFile(TaskList list) throws IOException {","lastModifiedDate":"2026-02-07T23:28:15","isFullCredit":false},{"lineNumber":41,"author":{"gitId":"eungi-hong"},"content":"        FileWriter fw \u003d new FileWriter(filePath);","lastModifiedDate":"2026-02-07T23:28:15","isFullCredit":false},{"lineNumber":42,"author":{"gitId":"eungi-hong"},"content":"        fw.write(list.toStore());","lastModifiedDate":"2026-02-07T23:28:15","isFullCredit":false},{"lineNumber":43,"author":{"gitId":"eungi-hong"},"content":"        fw.close();","lastModifiedDate":"2026-02-07T23:28:15","isFullCredit":false},{"lineNumber":44,"author":{"gitId":"eungi-hong"},"content":"    }","lastModifiedDate":"2026-02-07T23:28:15","isFullCredit":false},{"lineNumber":45,"author":{"gitId":"eungi-hong"},"content":"}","lastModifiedDate":"2026-02-07T23:28:15","isFullCredit":false}],"authorContributionMap":{"eungi-hong":45}},{"path":"src/main/java/Bee/Task.java","fileType":"java","lines":[{"lineNumber":1,"author":{"gitId":"eungi-hong"},"content":"package Bee;","lastModifiedDate":"2026-02-08T01:45:56","isFullCredit":false},{"lineNumber":2,"author":{"gitId":"eungi-hong"},"content":"","lastModifiedDate":"2026-02-08T01:45:56","isFullCredit":false},{"lineNumber":3,"author":{"gitId":"eungi-hong"},"content":"public abstract class Task {","lastModifiedDate":"2026-01-26T23:29:27","isFullCredit":false},{"lineNumber":4,"author":{"gitId":"eungi-hong"},"content":"    protected final String name;","lastModifiedDate":"2026-01-26T18:33:28","isFullCredit":false},{"lineNumber":5,"author":{"gitId":"eungi-hong"},"content":"    protected boolean isDone;","lastModifiedDate":"2026-02-06T22:44:38","isFullCredit":false},{"lineNumber":6,"author":{"gitId":"eungi-hong"},"content":"","lastModifiedDate":"2026-01-26T18:33:28","isFullCredit":false},{"lineNumber":7,"author":{"gitId":"eungi-hong"},"content":"    Task(String name, boolean isDone) {","lastModifiedDate":"2026-02-04T15:18:40","isFullCredit":false},{"lineNumber":8,"author":{"gitId":"eungi-hong"},"content":"        this.name \u003d name;","lastModifiedDate":"2026-02-04T15:18:40","isFullCredit":false},{"lineNumber":9,"author":{"gitId":"eungi-hong"},"content":"        this.isDone \u003d isDone;","lastModifiedDate":"2026-02-04T15:18:40","isFullCredit":false},{"lineNumber":10,"author":{"gitId":"eungi-hong"},"content":"    }","lastModifiedDate":"2026-02-04T15:18:40","isFullCredit":false},{"lineNumber":11,"author":{"gitId":"eungi-hong"},"content":"","lastModifiedDate":"2026-02-04T15:18:40","isFullCredit":false},{"lineNumber":12,"author":{"gitId":"eungi-hong"},"content":"    @Override","lastModifiedDate":"2026-01-26T18:33:28","isFullCredit":false},{"lineNumber":13,"author":{"gitId":"eungi-hong"},"content":"    public String toString() {","lastModifiedDate":"2026-01-26T18:33:28","isFullCredit":false},{"lineNumber":14,"author":{"gitId":"eungi-hong"},"content":"        return  (isDone ? \"[X] \" : \"[ ] \") + name;","lastModifiedDate":"2026-02-04T15:18:40","isFullCredit":false},{"lineNumber":15,"author":{"gitId":"eungi-hong"},"content":"    }","lastModifiedDate":"2026-01-26T18:33:28","isFullCredit":false},{"lineNumber":16,"author":{"gitId":"eungi-hong"},"content":"","lastModifiedDate":"2026-01-26T18:33:28","isFullCredit":false},{"lineNumber":17,"author":{"gitId":"eungi-hong"},"content":"    public String toStore() {","lastModifiedDate":"2026-02-06T22:44:38","isFullCredit":false},{"lineNumber":18,"author":{"gitId":"eungi-hong"},"content":"        return (isDone ? 1 : 0) + \" / \" + name;","lastModifiedDate":"2026-02-06T22:44:38","isFullCredit":false},{"lineNumber":19,"author":{"gitId":"eungi-hong"},"content":"    }","lastModifiedDate":"2026-02-06T22:44:38","isFullCredit":false},{"lineNumber":20,"author":{"gitId":"eungi-hong"},"content":"","lastModifiedDate":"2026-02-06T22:44:38","isFullCredit":false},{"lineNumber":21,"author":{"gitId":"eungi-hong"},"content":"    public void doTask() {","lastModifiedDate":"2026-01-26T18:33:28","isFullCredit":false},{"lineNumber":22,"author":{"gitId":"eungi-hong"},"content":"        isDone \u003d true;","lastModifiedDate":"2026-02-08T01:37:18","isFullCredit":false},{"lineNumber":23,"author":{"gitId":"eungi-hong"},"content":"    }","lastModifiedDate":"2026-01-26T18:33:28","isFullCredit":false},{"lineNumber":24,"author":{"gitId":"eungi-hong"},"content":"","lastModifiedDate":"2026-01-26T18:33:28","isFullCredit":false},{"lineNumber":25,"author":{"gitId":"eungi-hong"},"content":"    public void undoTask() { isDone \u003d false; }","lastModifiedDate":"2026-02-08T01:37:18","isFullCredit":false},{"lineNumber":26,"author":{"gitId":"eungi-hong"},"content":"}","lastModifiedDate":"2026-01-26T18:33:28","isFullCredit":false}],"authorContributionMap":{"eungi-hong":26}},{"path":"src/main/java/Bee/TaskList.java","fileType":"java","lines":[{"lineNumber":1,"author":{"gitId":"eungi-hong"},"content":"package Bee;","lastModifiedDate":"2026-02-08T01:45:56","isFullCredit":false},{"lineNumber":2,"author":{"gitId":"eungi-hong"},"content":"","lastModifiedDate":"2026-02-08T01:45:56","isFullCredit":false},{"lineNumber":3,"author":{"gitId":"eungi-hong"},"content":"import java.util.ArrayList;","lastModifiedDate":"2026-01-28T15:18:22","isFullCredit":false},{"lineNumber":4,"author":{"gitId":"eungi-hong"},"content":"","lastModifiedDate":"2026-01-28T15:18:22","isFullCredit":false},{"lineNumber":5,"author":{"gitId":"eungi-hong"},"content":"public class TaskList {","lastModifiedDate":"2026-01-26T17:52:17","isFullCredit":false},{"lineNumber":6,"author":{"gitId":"eungi-hong"},"content":"    private ArrayList\u003cTask\u003e list;","lastModifiedDate":"2026-02-07T23:28:15","isFullCredit":false},{"lineNumber":7,"author":{"gitId":"eungi-hong"},"content":"","lastModifiedDate":"2026-01-26T17:52:17","isFullCredit":false},{"lineNumber":8,"author":{"gitId":"eungi-hong"},"content":"    TaskList(ArrayList\u003cTask\u003e list) {","lastModifiedDate":"2026-02-07T23:28:15","isFullCredit":false},{"lineNumber":9,"author":{"gitId":"eungi-hong"},"content":"        this.list \u003d list;","lastModifiedDate":"2026-02-07T23:28:15","isFullCredit":false},{"lineNumber":10,"author":{"gitId":"eungi-hong"},"content":"    }","lastModifiedDate":"2026-02-06T22:44:38","isFullCredit":false},{"lineNumber":11,"author":{"gitId":"eungi-hong"},"content":"","lastModifiedDate":"2026-02-07T23:28:15","isFullCredit":false},{"lineNumber":12,"author":{"gitId":"eungi-hong"},"content":"    TaskList() {","lastModifiedDate":"2026-02-07T23:28:15","isFullCredit":false},{"lineNumber":13,"author":{"gitId":"eungi-hong"},"content":"        this.list \u003d new ArrayList\u003c\u003e();","lastModifiedDate":"2026-02-07T23:28:15","isFullCredit":false},{"lineNumber":14,"author":{"gitId":"eungi-hong"},"content":"    }","lastModifiedDate":"2026-02-06T22:44:38","isFullCredit":false},{"lineNumber":15,"author":{"gitId":"eungi-hong"},"content":"","lastModifiedDate":"2026-02-06T22:44:38","isFullCredit":false},{"lineNumber":16,"author":{"gitId":"eungi-hong"},"content":"    public void addTodo(Todo todo) {","lastModifiedDate":"2026-02-07T23:28:15","isFullCredit":false},{"lineNumber":17,"author":{"gitId":"eungi-hong"},"content":"        list.add(todo);","lastModifiedDate":"2026-01-28T15:18:22","isFullCredit":false},{"lineNumber":18,"author":{"gitId":"eungi-hong"},"content":"    }","lastModifiedDate":"2026-01-26T23:29:27","isFullCredit":false},{"lineNumber":19,"author":{"gitId":"eungi-hong"},"content":"","lastModifiedDate":"2026-01-26T23:29:27","isFullCredit":false},{"lineNumber":20,"author":{"gitId":"eungi-hong"},"content":"    public void addDeadline(Deadline deadline) {","lastModifiedDate":"2026-02-07T23:28:15","isFullCredit":false},{"lineNumber":21,"author":{"gitId":"eungi-hong"},"content":"        list.add(deadline);","lastModifiedDate":"2026-01-28T15:18:22","isFullCredit":false},{"lineNumber":22,"author":{"gitId":"eungi-hong"},"content":"    }","lastModifiedDate":"2026-01-26T23:29:27","isFullCredit":false},{"lineNumber":23,"author":{"gitId":"eungi-hong"},"content":"","lastModifiedDate":"2026-01-26T23:29:27","isFullCredit":false},{"lineNumber":24,"author":{"gitId":"eungi-hong"},"content":"    public void addEvent(Event event) {","lastModifiedDate":"2026-02-07T23:28:15","isFullCredit":false},{"lineNumber":25,"author":{"gitId":"eungi-hong"},"content":"        list.add(event);","lastModifiedDate":"2026-01-28T15:18:22","isFullCredit":false},{"lineNumber":26,"author":{"gitId":"eungi-hong"},"content":"    }","lastModifiedDate":"2026-01-26T17:52:17","isFullCredit":false},{"lineNumber":27,"author":{"gitId":"eungi-hong"},"content":"","lastModifiedDate":"2026-01-26T17:52:17","isFullCredit":false},{"lineNumber":28,"author":{"gitId":"eungi-hong"},"content":"    @Override","lastModifiedDate":"2026-02-07T23:28:15","isFullCredit":false},{"lineNumber":29,"author":{"gitId":"eungi-hong"},"content":"    public String toString() {","lastModifiedDate":"2026-02-07T23:28:15","isFullCredit":false},{"lineNumber":30,"author":{"gitId":"eungi-hong"},"content":"        StringBuilder str \u003d new StringBuilder(\"\");","lastModifiedDate":"2026-02-07T23:28:15","isFullCredit":false},{"lineNumber":31,"author":{"gitId":"eungi-hong"},"content":"        for (int i \u003d 0; i \u003c list.size(); i++) {","lastModifiedDate":"2026-01-28T15:18:22","isFullCredit":false},{"lineNumber":32,"author":{"gitId":"eungi-hong"},"content":"            str.append(i + 1 + \". \" + list.get(i).toString() + \"\\n\");","lastModifiedDate":"2026-02-08T01:37:18","isFullCredit":false},{"lineNumber":33,"author":{"gitId":"eungi-hong"},"content":"        }","lastModifiedDate":"2026-01-26T17:52:17","isFullCredit":false},{"lineNumber":34,"author":{"gitId":"eungi-hong"},"content":"        return str.toString();","lastModifiedDate":"2026-02-07T23:28:15","isFullCredit":false},{"lineNumber":35,"author":{"gitId":"eungi-hong"},"content":"    }","lastModifiedDate":"2026-01-26T17:52:17","isFullCredit":false},{"lineNumber":36,"author":{"gitId":"eungi-hong"},"content":"","lastModifiedDate":"2026-01-26T18:33:28","isFullCredit":false},{"lineNumber":37,"author":{"gitId":"eungi-hong"},"content":"    public Task lastTask() {","lastModifiedDate":"2026-02-07T23:28:15","isFullCredit":false},{"lineNumber":38,"author":{"gitId":"eungi-hong"},"content":"        return list.get(list.size() - 1);","lastModifiedDate":"2026-02-07T23:28:15","isFullCredit":false},{"lineNumber":39,"author":{"gitId":"eungi-hong"},"content":"    }","lastModifiedDate":"2026-02-06T22:44:38","isFullCredit":false},{"lineNumber":40,"author":{"gitId":"eungi-hong"},"content":"","lastModifiedDate":"2026-02-06T22:44:38","isFullCredit":false},{"lineNumber":41,"author":{"gitId":"eungi-hong"},"content":"    public void doTask(Integer ind) {","lastModifiedDate":"2026-02-07T23:28:15","isFullCredit":false},{"lineNumber":42,"author":{"gitId":"eungi-hong"},"content":"        Task task \u003d list.get(ind - 1);","lastModifiedDate":"2026-01-28T15:18:22","isFullCredit":false},{"lineNumber":43,"author":{"gitId":"eungi-hong"},"content":"        task.doTask();","lastModifiedDate":"2026-01-26T18:33:28","isFullCredit":false},{"lineNumber":44,"author":{"gitId":"eungi-hong"},"content":"    }","lastModifiedDate":"2026-01-26T18:33:28","isFullCredit":false},{"lineNumber":45,"author":{"gitId":"eungi-hong"},"content":"","lastModifiedDate":"2026-01-26T18:33:28","isFullCredit":false},{"lineNumber":46,"author":{"gitId":"eungi-hong"},"content":"    public void undoTask(Integer ind) {","lastModifiedDate":"2026-02-07T23:28:15","isFullCredit":false},{"lineNumber":47,"author":{"gitId":"eungi-hong"},"content":"        list.get(ind - 1).undoTask();","lastModifiedDate":"2026-02-08T01:37:18","isFullCredit":false},{"lineNumber":48,"author":{"gitId":"eungi-hong"},"content":"    }","lastModifiedDate":"2026-01-26T18:33:28","isFullCredit":false},{"lineNumber":49,"author":{"gitId":"eungi-hong"},"content":"","lastModifiedDate":"2026-01-26T23:29:27","isFullCredit":false},{"lineNumber":50,"author":{"gitId":"eungi-hong"},"content":"    public void deleteTask(Integer ind) {","lastModifiedDate":"2026-02-07T23:28:15","isFullCredit":false},{"lineNumber":51,"author":{"gitId":"eungi-hong"},"content":"        Task task \u003d list.remove(ind - 1);","lastModifiedDate":"2026-01-28T15:18:22","isFullCredit":false},{"lineNumber":52,"author":{"gitId":"eungi-hong"},"content":"        System.out.println(task);","lastModifiedDate":"2026-01-28T15:18:22","isFullCredit":false},{"lineNumber":53,"author":{"gitId":"eungi-hong"},"content":"    }","lastModifiedDate":"2026-01-28T15:18:22","isFullCredit":false},{"lineNumber":54,"author":{"gitId":"eungi-hong"},"content":"","lastModifiedDate":"2026-01-28T15:18:22","isFullCredit":false},{"lineNumber":55,"author":{"gitId":"eungi-hong"},"content":"    public String toStore() {","lastModifiedDate":"2026-02-07T23:28:15","isFullCredit":false},{"lineNumber":56,"author":{"gitId":"eungi-hong"},"content":"        StringBuilder tasks \u003d new StringBuilder();","lastModifiedDate":"2026-02-07T23:28:15","isFullCredit":false},{"lineNumber":57,"author":{"gitId":"eungi-hong"},"content":"        for (int i \u003d 0; i \u003c this.getLength(); i++) {","lastModifiedDate":"2026-02-07T23:28:15","isFullCredit":false},{"lineNumber":58,"author":{"gitId":"eungi-hong"},"content":"            tasks.append(list.get(i).toStore() + \"\\n\");","lastModifiedDate":"2026-02-07T23:28:15","isFullCredit":false},{"lineNumber":59,"author":{"gitId":"eungi-hong"},"content":"        }","lastModifiedDate":"2026-02-07T23:28:15","isFullCredit":false},{"lineNumber":60,"author":{"gitId":"eungi-hong"},"content":"        return tasks.toString();","lastModifiedDate":"2026-02-07T23:28:15","isFullCredit":false},{"lineNumber":61,"author":{"gitId":"eungi-hong"},"content":"    }","lastModifiedDate":"2026-02-07T23:28:15","isFullCredit":false},{"lineNumber":62,"author":{"gitId":"eungi-hong"},"content":"","lastModifiedDate":"2026-02-07T23:28:15","isFullCredit":false},{"lineNumber":63,"author":{"gitId":"eungi-hong"},"content":"    public Integer getLength() {","lastModifiedDate":"2026-02-07T23:28:15","isFullCredit":false},{"lineNumber":64,"author":{"gitId":"eungi-hong"},"content":"        return list.size();","lastModifiedDate":"2026-01-28T15:18:22","isFullCredit":false},{"lineNumber":65,"author":{"gitId":"eungi-hong"},"content":"    }","lastModifiedDate":"2026-01-26T23:29:27","isFullCredit":false},{"lineNumber":66,"author":{"gitId":"eungi-hong"},"content":"","lastModifiedDate":"2026-02-07T23:28:15","isFullCredit":false},{"lineNumber":67,"author":{"gitId":"eungi-hong"},"content":"    public Task getTask(Integer ind) {","lastModifiedDate":"2026-02-07T23:28:15","isFullCredit":false},{"lineNumber":68,"author":{"gitId":"eungi-hong"},"content":"        return list.get(ind - 1);","lastModifiedDate":"2026-02-07T23:28:15","isFullCredit":false},{"lineNumber":69,"author":{"gitId":"eungi-hong"},"content":"    }","lastModifiedDate":"2026-02-07T23:28:15","isFullCredit":false},{"lineNumber":70,"author":{"gitId":"eungi-hong"},"content":"}","lastModifiedDate":"2026-01-26T17:52:17","isFullCredit":false}],"authorContributionMap":{"eungi-hong":70}},{"path":"src/main/java/Bee/Todo.java","fileType":"java","lines":[{"lineNumber":1,"author":{"gitId":"eungi-hong"},"content":"package Bee;","lastModifiedDate":"2026-02-08T01:45:56","isFullCredit":false},{"lineNumber":2,"author":{"gitId":"eungi-hong"},"content":"","lastModifiedDate":"2026-02-08T01:45:56","isFullCredit":false},{"lineNumber":3,"author":{"gitId":"eungi-hong"},"content":"public class Todo extends Task {","lastModifiedDate":"2026-01-26T23:29:27","isFullCredit":false},{"lineNumber":4,"author":{"gitId":"eungi-hong"},"content":"    Todo(String name, boolean isDone) {","lastModifiedDate":"2026-02-04T15:18:40","isFullCredit":false},{"lineNumber":5,"author":{"gitId":"eungi-hong"},"content":"        super(name, isDone);","lastModifiedDate":"2026-02-04T15:18:40","isFullCredit":false},{"lineNumber":6,"author":{"gitId":"eungi-hong"},"content":"    }","lastModifiedDate":"2026-01-26T23:29:27","isFullCredit":false},{"lineNumber":7,"author":{"gitId":"eungi-hong"},"content":"","lastModifiedDate":"2026-02-04T15:18:40","isFullCredit":false},{"lineNumber":8,"author":{"gitId":"eungi-hong"},"content":"    @Override","lastModifiedDate":"2026-01-26T23:29:27","isFullCredit":false},{"lineNumber":9,"author":{"gitId":"eungi-hong"},"content":"    public String toString() {","lastModifiedDate":"2026-01-26T23:29:27","isFullCredit":false},{"lineNumber":10,"author":{"gitId":"eungi-hong"},"content":"        return \"[T]\" + super.toString();","lastModifiedDate":"2026-01-26T23:29:27","isFullCredit":false},{"lineNumber":11,"author":{"gitId":"eungi-hong"},"content":"    }","lastModifiedDate":"2026-01-26T23:29:27","isFullCredit":false},{"lineNumber":12,"author":{"gitId":"eungi-hong"},"content":"","lastModifiedDate":"2026-02-08T01:37:18","isFullCredit":false},{"lineNumber":13,"author":{"gitId":"eungi-hong"},"content":"    public String toStore() {","lastModifiedDate":"2026-02-08T01:37:18","isFullCredit":false},{"lineNumber":14,"author":{"gitId":"eungi-hong"},"content":"        return \"T / \" + super.toStore();","lastModifiedDate":"2026-02-08T01:37:18","isFullCredit":false},{"lineNumber":15,"author":{"gitId":"eungi-hong"},"content":"    }","lastModifiedDate":"2026-02-08T01:37:18","isFullCredit":false},{"lineNumber":16,"author":{"gitId":"eungi-hong"},"content":"}","lastModifiedDate":"2026-01-26T23:29:27","isFullCredit":false}],"authorContributionMap":{"eungi-hong":16}},{"path":"src/main/java/Bee/Ui.java","fileType":"java","lines":[{"lineNumber":1,"author":{"gitId":"eungi-hong"},"content":"package Bee;","lastModifiedDate":"2026-02-08T01:45:56","isFullCredit":false},{"lineNumber":2,"author":{"gitId":"eungi-hong"},"content":"","lastModifiedDate":"2026-02-08T01:45:56","isFullCredit":false},{"lineNumber":3,"author":{"gitId":"eungi-hong"},"content":"import java.util.Scanner;","lastModifiedDate":"2026-02-07T23:28:15","isFullCredit":false},{"lineNumber":4,"author":{"gitId":"eungi-hong"},"content":"","lastModifiedDate":"2026-02-07T23:28:15","isFullCredit":false},{"lineNumber":5,"author":{"gitId":"eungi-hong"},"content":"public class Ui {","lastModifiedDate":"2026-02-07T23:28:15","isFullCredit":false},{"lineNumber":6,"author":{"gitId":"eungi-hong"},"content":"    Scanner sc \u003d new Scanner(System.in);","lastModifiedDate":"2026-02-07T23:28:15","isFullCredit":false},{"lineNumber":7,"author":{"gitId":"eungi-hong"},"content":"","lastModifiedDate":"2026-02-07T23:28:15","isFullCredit":false},{"lineNumber":8,"author":{"gitId":"eungi-hong"},"content":"    public String nextLine() {","lastModifiedDate":"2026-02-07T23:28:15","isFullCredit":false},{"lineNumber":9,"author":{"gitId":"eungi-hong"},"content":"        return sc.nextLine().toLowerCase();","lastModifiedDate":"2026-02-07T23:28:15","isFullCredit":false},{"lineNumber":10,"author":{"gitId":"eungi-hong"},"content":"    }","lastModifiedDate":"2026-02-07T23:28:15","isFullCredit":false},{"lineNumber":11,"author":{"gitId":"eungi-hong"},"content":"","lastModifiedDate":"2026-02-07T23:28:15","isFullCredit":false},{"lineNumber":12,"author":{"gitId":"eungi-hong"},"content":"    public void output(String content) {","lastModifiedDate":"2026-02-07T23:28:15","isFullCredit":false},{"lineNumber":13,"author":{"gitId":"eungi-hong"},"content":"        System.out.println(content);","lastModifiedDate":"2026-02-07T23:28:15","isFullCredit":false},{"lineNumber":14,"author":{"gitId":"eungi-hong"},"content":"    }","lastModifiedDate":"2026-02-07T23:28:15","isFullCredit":false},{"lineNumber":15,"author":{"gitId":"eungi-hong"},"content":"}","lastModifiedDate":"2026-02-07T23:28:15","isFullCredit":false}],"authorContributionMap":{"eungi-hong":15}},{"path":"src/main/java/Bee/data/tasks.txt","fileType":"txt","lines":[{"lineNumber":1,"author":{"gitId":"eungi-hong"},"content":"D / 1 / bi / 2020-03-03","lastModifiedDate":"2026-02-08T01:45:56","isFullCredit":false},{"lineNumber":2,"author":{"gitId":"eungi-hong"},"content":"T / 1 / boo","lastModifiedDate":"2026-02-08T01:45:56","isFullCredit":false},{"lineNumber":3,"author":{"gitId":"eungi-hong"},"content":"T / 0 / bong","lastModifiedDate":"2026-02-08T01:45:56","isFullCredit":false}],"authorContributionMap":{"eungi-hong":3}},{"path":"text-ui-test/input.txt","fileType":"txt","lines":[{"lineNumber":1,"author":{"gitId":"eungi-hong"},"content":"todo borrow book","lastModifiedDate":"2026-01-28T15:01:38","isFullCredit":false},{"lineNumber":2,"author":{"gitId":"eungi-hong"},"content":"list","lastModifiedDate":"2026-01-28T15:01:38","isFullCredit":false},{"lineNumber":3,"author":{"gitId":"eungi-hong"},"content":"deadline return book /by Sunday","lastModifiedDate":"2026-01-28T15:01:38","isFullCredit":false},{"lineNumber":4,"author":{"gitId":"eungi-hong"},"content":"event project meeting /from Mon 2pm /to 4pm","lastModifiedDate":"2026-01-28T15:01:38","isFullCredit":false},{"lineNumber":5,"author":{"gitId":"eungi-hong"},"content":"quit","lastModifiedDate":"2026-01-28T15:01:38","isFullCredit":false}],"authorContributionMap":{"eungi-hong":5}},{"path":"text-ui-test/runtest.bat","fileType":"bat","lines":[{"lineNumber":1,"author":{"gitId":"-"},"content":"@ECHO OFF","lastModifiedDate":"2020-05-25T00:03:55","isFullCredit":false},{"lineNumber":2,"author":{"gitId":"-"},"content":"","lastModifiedDate":"2020-05-25T00:03:55","isFullCredit":false},{"lineNumber":3,"author":{"gitId":"-"},"content":"REM create bin directory if it doesn\u0027t exist","lastModifiedDate":"2020-05-25T00:03:55","isFullCredit":false},{"lineNumber":4,"author":{"gitId":"-"},"content":"if not exist ..\\bin mkdir ..\\bin","lastModifiedDate":"2020-05-25T00:03:55","isFullCredit":false},{"lineNumber":5,"author":{"gitId":"-"},"content":"","lastModifiedDate":"2020-05-25T00:03:55","isFullCredit":false},{"lineNumber":6,"author":{"gitId":"-"},"content":"REM delete output from previous run","lastModifiedDate":"2020-05-25T00:03:55","isFullCredit":false},{"lineNumber":7,"author":{"gitId":"-"},"content":"if exist ACTUAL.TXT del ACTUAL.TXT","lastModifiedDate":"2020-08-25T17:23:26","isFullCredit":false},{"lineNumber":8,"author":{"gitId":"-"},"content":"","lastModifiedDate":"2020-05-25T00:03:55","isFullCredit":false},{"lineNumber":9,"author":{"gitId":"-"},"content":"REM compile the code into the bin folder","lastModifiedDate":"2020-05-25T00:03:55","isFullCredit":false},{"lineNumber":10,"author":{"gitId":"-"},"content":"javac  -cp ..\\src\\main\\java -Xlint:none -d ..\\bin ..\\src\\main\\java\\*.java","lastModifiedDate":"2020-08-25T17:23:26","isFullCredit":false},{"lineNumber":11,"author":{"gitId":"-"},"content":"IF ERRORLEVEL 1 (","lastModifiedDate":"2020-05-25T00:03:55","isFullCredit":false},{"lineNumber":12,"author":{"gitId":"-"},"content":"    echo ********** BUILD FAILURE **********","lastModifiedDate":"2020-05-25T00:03:55","isFullCredit":false},{"lineNumber":13,"author":{"gitId":"-"},"content":"    exit /b 1","lastModifiedDate":"2020-05-25T00:03:55","isFullCredit":false},{"lineNumber":14,"author":{"gitId":"-"},"content":")","lastModifiedDate":"2020-05-25T00:03:55","isFullCredit":false},{"lineNumber":15,"author":{"gitId":"-"},"content":"REM no error here, errorlevel \u003d\u003d 0","lastModifiedDate":"2020-05-25T00:03:55","isFullCredit":false},{"lineNumber":16,"author":{"gitId":"-"},"content":"","lastModifiedDate":"2020-05-25T00:03:55","isFullCredit":false},{"lineNumber":17,"author":{"gitId":"-"},"content":"REM run the program, feed commands from input.txt file and redirect the output to the ACTUAL.TXT","lastModifiedDate":"2020-05-25T00:03:55","isFullCredit":false},{"lineNumber":18,"author":{"gitId":"eungi-hong"},"content":"java -classpath ..\\bin Bee.Bee \u003c input.txt \u003e ACTUAL.TXT","lastModifiedDate":"2026-02-08T01:45:56","isFullCredit":false},{"lineNumber":19,"author":{"gitId":"-"},"content":"","lastModifiedDate":"2020-05-25T00:03:55","isFullCredit":false},{"lineNumber":20,"author":{"gitId":"-"},"content":"REM compare the output to the expected output","lastModifiedDate":"2020-05-25T00:03:55","isFullCredit":false},{"lineNumber":21,"author":{"gitId":"-"},"content":"FC ACTUAL.TXT EXPECTED.TXT","lastModifiedDate":"2020-05-25T00:03:55","isFullCredit":false}],"authorContributionMap":{"eungi-hong":1,"-":20}},{"path":"text-ui-test/runtest.sh","fileType":"sh","lines":[{"lineNumber":1,"author":{"gitId":"-"},"content":"#!/usr/bin/env bash","lastModifiedDate":"2020-05-25T00:03:55","isFullCredit":false},{"lineNumber":2,"author":{"gitId":"-"},"content":"","lastModifiedDate":"2020-05-25T00:03:55","isFullCredit":false},{"lineNumber":3,"author":{"gitId":"-"},"content":"# create bin directory if it doesn\u0027t exist","lastModifiedDate":"2020-05-25T00:03:55","isFullCredit":false},{"lineNumber":4,"author":{"gitId":"-"},"content":"if [ ! -d \"../bin\" ]","lastModifiedDate":"2020-05-25T00:03:55","isFullCredit":false},{"lineNumber":5,"author":{"gitId":"-"},"content":"then","lastModifiedDate":"2020-05-25T00:03:55","isFullCredit":false},{"lineNumber":6,"author":{"gitId":"-"},"content":"    mkdir ../bin","lastModifiedDate":"2020-05-25T00:03:55","isFullCredit":false},{"lineNumber":7,"author":{"gitId":"-"},"content":"fi","lastModifiedDate":"2020-05-25T00:03:55","isFullCredit":false},{"lineNumber":8,"author":{"gitId":"-"},"content":"","lastModifiedDate":"2020-05-25T00:03:55","isFullCredit":false},{"lineNumber":9,"author":{"gitId":"-"},"content":"# delete output from previous run","lastModifiedDate":"2020-05-25T00:03:55","isFullCredit":false},{"lineNumber":10,"author":{"gitId":"-"},"content":"if [ -e \"./ACTUAL.TXT\" ]","lastModifiedDate":"2020-05-25T00:03:55","isFullCredit":false},{"lineNumber":11,"author":{"gitId":"-"},"content":"then","lastModifiedDate":"2020-05-25T00:03:55","isFullCredit":false},{"lineNumber":12,"author":{"gitId":"-"},"content":"    rm ACTUAL.TXT","lastModifiedDate":"2020-05-25T00:03:55","isFullCredit":false},{"lineNumber":13,"author":{"gitId":"-"},"content":"fi","lastModifiedDate":"2020-05-25T00:03:55","isFullCredit":false},{"lineNumber":14,"author":{"gitId":"-"},"content":"","lastModifiedDate":"2020-05-25T00:03:55","isFullCredit":false},{"lineNumber":15,"author":{"gitId":"-"},"content":"# compile the code into the bin folder, terminates if error occurred","lastModifiedDate":"2020-05-25T00:03:55","isFullCredit":false},{"lineNumber":16,"author":{"gitId":"-"},"content":"if ! javac -cp ../src/main/java -Xlint:none -d ../bin ../src/main/java/*.java","lastModifiedDate":"2020-08-25T17:23:26","isFullCredit":false},{"lineNumber":17,"author":{"gitId":"-"},"content":"then","lastModifiedDate":"2020-05-25T00:03:55","isFullCredit":false},{"lineNumber":18,"author":{"gitId":"-"},"content":"    echo \"********** BUILD FAILURE **********\"","lastModifiedDate":"2020-05-25T00:03:55","isFullCredit":false},{"lineNumber":19,"author":{"gitId":"-"},"content":"    exit 1","lastModifiedDate":"2020-05-25T00:03:55","isFullCredit":false},{"lineNumber":20,"author":{"gitId":"-"},"content":"fi","lastModifiedDate":"2020-05-25T00:03:55","isFullCredit":false},{"lineNumber":21,"author":{"gitId":"-"},"content":"","lastModifiedDate":"2020-05-25T00:03:55","isFullCredit":false},{"lineNumber":22,"author":{"gitId":"-"},"content":"# run the program, feed commands from input.txt file and redirect the output to the ACTUAL.TXT","lastModifiedDate":"2020-05-25T00:03:55","isFullCredit":false},{"lineNumber":23,"author":{"gitId":"eungi-hong"},"content":"java -classpath ../bin Bee \u003c input.txt \u003e ACTUAL.TXT","lastModifiedDate":"2026-01-28T15:01:38","isFullCredit":false},{"lineNumber":24,"author":{"gitId":"-"},"content":"","lastModifiedDate":"2020-05-25T00:03:55","isFullCredit":false},{"lineNumber":25,"author":{"gitId":"-"},"content":"# convert to UNIX format","lastModifiedDate":"2020-05-25T00:03:55","isFullCredit":false},{"lineNumber":26,"author":{"gitId":"-"},"content":"cp EXPECTED.TXT EXPECTED-UNIX.TXT","lastModifiedDate":"2020-05-25T00:03:55","isFullCredit":false},{"lineNumber":27,"author":{"gitId":"-"},"content":"dos2unix ACTUAL.TXT EXPECTED-UNIX.TXT","lastModifiedDate":"2020-05-25T00:03:55","isFullCredit":false},{"lineNumber":28,"author":{"gitId":"-"},"content":"","lastModifiedDate":"2020-05-25T00:03:55","isFullCredit":false},{"lineNumber":29,"author":{"gitId":"-"},"content":"# compare the output to the expected output","lastModifiedDate":"2020-05-25T00:03:55","isFullCredit":false},{"lineNumber":30,"author":{"gitId":"-"},"content":"diff ACTUAL.TXT EXPECTED-UNIX.TXT","lastModifiedDate":"2020-05-25T00:03:55","isFullCredit":false},{"lineNumber":31,"author":{"gitId":"-"},"content":"if [ $? -eq 0 ]","lastModifiedDate":"2020-05-25T00:03:55","isFullCredit":false},{"lineNumber":32,"author":{"gitId":"-"},"content":"then","lastModifiedDate":"2020-05-25T00:03:55","isFullCredit":false},{"lineNumber":33,"author":{"gitId":"-"},"content":"    echo \"Test result: PASSED\"","lastModifiedDate":"2020-05-25T00:03:55","isFullCredit":false},{"lineNumber":34,"author":{"gitId":"-"},"content":"    exit 0","lastModifiedDate":"2020-05-25T00:03:55","isFullCredit":false},{"lineNumber":35,"author":{"gitId":"-"},"content":"else","lastModifiedDate":"2020-05-25T00:03:55","isFullCredit":false},{"lineNumber":36,"author":{"gitId":"-"},"content":"    echo \"Test result: FAILED\"","lastModifiedDate":"2020-05-25T00:03:55","isFullCredit":false},{"lineNumber":37,"author":{"gitId":"-"},"content":"    exit 1","lastModifiedDate":"2020-05-25T00:03:55","isFullCredit":false},{"lineNumber":38,"author":{"gitId":"-"},"content":"fi","lastModifiedDate":"2020-05-25T00:03:55","isFullCredit":false}],"authorContributionMap":{"eungi-hong":1,"-":37}}]
