{"authorDailyContributionsMap":{"r-a-y-y-a":[{"date":"2026-01-22T00:00:00","commitResults":[{"hash":"1dc337ed36c2ee603e6ac2c8b47fdd2992924393","isMergeCommit":false,"messageTitle":"Level-0","messageBody":"","tags":["Level-0"],"fileTypesAndContributionMap":{"java":{"insertions":15,"deletions":10}}},{"hash":"f3769ea8e179da2f4a9e01af945a765155bea3c7","isMergeCommit":false,"messageTitle":"v-1","messageBody":"","tags":["Level-1"],"fileTypesAndContributionMap":{"java":{"insertions":21,"deletions":5},"md":{"insertions":8,"deletions":8}}},{"hash":"0cfbbec67fe40a75f9874b7729d62c810adc15be","isMergeCommit":false,"messageTitle":"v-2","messageBody":"","tags":["Level-2"],"fileTypesAndContributionMap":{"java":{"insertions":17,"deletions":4}}},{"hash":"f8d0705e7e498b90b2cd8ab1f87dd1ef61df877a","isMergeCommit":false,"messageTitle":"mark, unmark, list, Task class implemented","messageBody":"","tags":["Level-3"],"fileTypesAndContributionMap":{"java":{"insertions":63,"deletions":8}}},{"hash":"1536ff67782f39d50a894780713ecb192c07e006","isMergeCommit":false,"messageTitle":"Implemented todo, deadline, event with some error-checking","messageBody":"","tags":["Level-4"],"fileTypesAndContributionMap":{"java":{"insertions":133,"deletions":14}}},{"hash":"fdb6f8b54301230df27cdc9749302d8ee16f5940","isMergeCommit":false,"messageTitle":"Tested runtest.bat to implement semi-automated testing, to compare results","messageBody":"","tags":["A-TextUiTesting"],"fileTypesAndContributionMap":{"txt":{"insertions":4,"deletions":0},"bat":{"insertions":1,"deletions":1},"sh":{"insertions":1,"deletions":1}}},{"hash":"c1b407d972ae5e230c8b290b787ba967bcd132e0","isMergeCommit":false,"messageTitle":"Implemented FishballExceptions, fixed wrong output for \"unmark\" command","messageBody":"","tags":["Level-5"],"fileTypesAndContributionMap":{"java":{"insertions":154,"deletions":96}}},{"hash":"f97384f3dac7fac900f1df65bfca6ebb78788cf9","isMergeCommit":false,"messageTitle":"Implemented delete command, fix erroneous mark logic causing task to be printed before it was marked, showing the task as \"unmarked\" during the \"successfully marked this task\" output message.","messageBody":"","tags":["Level-6"],"fileTypesAndContributionMap":{"java":{"insertions":21,"deletions":4}}}]}]},"authorFileTypeContributionMap":{"r-a-y-y-a":{"java":293,"md":8,"fxml":0,"sh":1,"bat":1,"gradle":0,"txt":4}},"authorContributionVariance":{"r-a-y-y-a":23010.066},"authorDisplayNameMap":{"r-a-y-y-a":"CS2103T-T17-4 RAYS.. JUN"}}
