{"authorDailyContributionsMap":{"Ch3ngK":[{"date":"2026-01-22T00:00:00","commitResults":[{"hash":"e3c03a3b3e0b956282e46c30b0a16bca420b9026","isMergeCommit":false,"messageTitle":"Renamed the bot, added several lines","messageBody":"","tags":["Level-0"],"fileTypesAndContributionMap":{"java":{"insertions":8,"deletions":10}}},{"hash":"ff6edcd1a1a6041f0aee75c4b0543e1f89becb86","isMergeCommit":false,"messageTitle":"Added support for echo, and response for bye","messageBody":"","tags":["Level-1"],"fileTypesAndContributionMap":{"java":{"insertions":19,"deletions":1}}},{"hash":"9a36baea6632e0ef6b36b742ac4b98aefbd0590a","isMergeCommit":false,"messageTitle":"Added ability to store text and display upon list input","messageBody":"","tags":["Level-2"],"fileTypesAndContributionMap":{"java":{"insertions":12,"deletions":1}}},{"hash":"ae900ece9b4c2dad7755798d0d94cd521d9c86da","isMergeCommit":false,"messageTitle":"Added Task class for use, and the function to mark tasks as done and undone","messageBody":"","tags":["Level-3"],"fileTypesAndContributionMap":{"java":{"insertions":63,"deletions":5}}},{"hash":"700f6c53ee67d221c9818612da2c1fa33431ffce","isMergeCommit":false,"messageTitle":"Added specific types of tasks such as ToDos, Events, Deadlines, and provided support for them","messageBody":"","tags":["Level-4"],"fileTypesAndContributionMap":{"java":{"insertions":77,"deletions":7}}}]},{"date":"2026-01-23T00:00:00","commitResults":[{"hash":"cb4521d8f14e6340dd76f4ecf1de054e51a8b9bc","isMergeCommit":false,"messageTitle":"Performed basic Automated Text UI Testing","messageBody":"","fileTypesAndContributionMap":{"txt":{"insertions":9,"deletions":0},"sh":{"insertions":1,"deletions":1}}},{"hash":"15e59bdcf2a127c68e52ff1009a3580f650b774c","isMergeCommit":false,"messageTitle":"Improve chatbot input handling and validation","messageBody":"","tags":["Level-5"],"fileTypesAndContributionMap":{"java":{"insertions":69,"deletions":24}}},{"hash":"0eb650efa43df2785c3dde5651a17f14ef28ff74","isMergeCommit":false,"messageTitle":"Added delete function","messageBody":"","tags":["Level-6"],"fileTypesAndContributionMap":{"java":{"insertions":14,"deletions":1}}}]}]},"authorFileTypeContributionMap":{"Ch3ngK":{"java":223,"md":0,"fxml":0,"sh":1,"bat":0,"gradle":0,"txt":9}},"authorContributionVariance":{"Ch3ngK":3230.5154},"authorDisplayNameMap":{"Ch3ngK":"CS2103T-F14-1 CHEN.. WAI"}}
