{"authorDailyContributionsMap":{"SSHiroy":[{"date":"2026-01-22T00:00:00","commitResults":[{"hash":"95bf51d25358e4f180cfcaf77f174a4b3d737b9d","isMergeCommit":false,"messageTitle":"refactor: rename chatbot from Duke to Katty","messageBody":"- Rename Duke.java to Katty.java\n- Update class name and all references\n- Update base testcase\n","fileTypesAndContributionMap":{"java":{"insertions":14,"deletions":10},"bat":{"insertions":1,"deletions":1},"sh":{"insertions":1,"deletions":1},"md":{"insertions":16,"deletions":14}}},{"hash":"239c8491035bd5f0b9300017863706fe5e6d716b","isMergeCommit":false,"messageTitle":"feat: add greet and exit","messageBody":"- Initial greeting and exit messages\n- Add KattyExpression enum for visual variety\n- Implement formatted ASCII cat response system\n","fileTypesAndContributionMap":{"java":{"insertions":67,"deletions":4}}},{"hash":"aac894fd07c4b25ea97db3750470885548310a71","isMergeCommit":false,"messageTitle":"style: cleanup Katty.java","messageBody":"- Corrected indentation in Katty.java for better readability.\n- Added explicit \u0027throws\u0027 clause to kattyMessage signature.\n","tags":["Level-0"],"fileTypesAndContributionMap":{"java":{"insertions":5,"deletions":5}}},{"hash":"beade2c3d1786da05de7909b25c849dfb0f14ca5","isMergeCommit":false,"messageTitle":"feat: implement basic command functionality","messageBody":"- Added Scanner for user commands. Echoes the same command back.\n- \"bye\" command exits program, triggers farewell message.\n","tags":["Level-1"],"fileTypesAndContributionMap":{"java":{"insertions":22,"deletions":1}}},{"hash":"e5ebff8fa7eb1334b0f3abee6553a5c648c2d55b","isMergeCommit":false,"messageTitle":"feat: add task management system","messageBody":"- Tasks and TaskManager added\n- Improved handling of user commands with the new task features.\n","tags":["Level-2"],"fileTypesAndContributionMap":{"java":{"insertions":90,"deletions":4}}},{"hash":"bfd2475308a136995063a4bc2958e0c067d7cc9b","isMergeCommit":false,"messageTitle":"feat: task completion added","messageBody":"- Tasks can now be marked as complete or incomplete.\n- Tasks now have an internal state through objects.\n- Implements operation result system to handle separation of concerns.\n","tags":["Level-3"],"fileTypesAndContributionMap":{"java":{"insertions":149,"deletions":29}}},{"hash":"ecd2a189b0c46ea386073aaec79a824fcf69f1a8","isMergeCommit":false,"messageTitle":"feat: add event types","messageBody":"- Adds Todo, Deadlines and Event type tasks.\n- Modularised command parsing and handling to manage the new task types.\n","tags":["Level-4"],"fileTypesAndContributionMap":{"java":{"insertions":106,"deletions":14}}},{"hash":"b97e34d6d4875dcab4aad14fd39634c3eaa28d34","isMergeCommit":false,"messageTitle":"test: add testcase for user interface and logic","messageBody":"","tags":["A-TextUiTesting"],"fileTypesAndContributionMap":{"txt":{"insertions":19,"deletions":0}}}]},{"date":"2026-01-23T00:00:00","commitResults":[{"hash":"7d9e5a0f5bf63114ea293d928653b564cad39003","isMergeCommit":false,"messageTitle":"feat: add custom exception for errors","messageBody":"","tags":["Level-5"],"fileTypesAndContributionMap":{"java":{"insertions":110,"deletions":62}}}]}]},"authorFileTypeContributionMap":{"SSHiroy":{"java":444,"md":15,"fxml":0,"sh":1,"bat":1,"gradle":0,"txt":19}},"authorContributionVariance":{"SSHiroy":21394.088},"authorDisplayNameMap":{"SSHiroy":"SATT..LIND"}}
