{"authorDailyContributionsMap":{"derpymoo":[{"date":"2026-01-21T00:00:00","commitResults":[{"hash":"98db940bfdda6f3665e86410fe3da8faf4536365","isMergeCommit":false,"messageTitle":"Level-0: Rename chatbot, greet and exit","messageBody":"","tags":["level-0"],"fileTypesAndContributionMap":{"java":{"insertions":21,"deletions":10}}}]},{"date":"2026-01-22T00:00:00","commitResults":[{"hash":"6128d61736d3eb9b703943c5dad8f4e38adcc612","isMergeCommit":false,"messageTitle":"Level-1: Echo user input and exit on bye","messageBody":"","tags":["Level-1"],"fileTypesAndContributionMap":{"java":{"insertions":24,"deletions":2}}},{"hash":"b794749db9daf9ac0985565a3268d1a7a1573a86","isMergeCommit":false,"messageTitle":"Level-2 Add, List","messageBody":"","tags":["Level-2"],"fileTypesAndContributionMap":{"java":{"insertions":11,"deletions":1}}},{"hash":"4f8d3b177fb149099eb5e5826114373397f0ffbe","isMergeCommit":false,"messageTitle":"Level 3: Mark as done and undone","messageBody":"","tags":["Level-3"],"fileTypesAndContributionMap":{"java":{"insertions":51,"deletions":7}}},{"hash":"2d39476f140d174a408b1b98a1c46a95ce68dc45","isMergeCommit":false,"messageTitle":"Level-4. ToDos, Events, Deadlines added and use switch case for cleaner code","messageBody":"","tags":["Level-4"],"fileTypesAndContributionMap":{"java":{"insertions":133,"deletions":29}}},{"hash":"1f125728124e09557bca6c672fe00e0a2ebdcec3","isMergeCommit":false,"messageTitle":"A-TextUiTesting Added automated testing and tested code to work","messageBody":"","fileTypesAndContributionMap":{"txt":{"insertions":7,"deletions":0},"java":{"insertions":2,"deletions":1},"bat":{"insertions":1,"deletions":1}}},{"hash":"f49670c21222808f165d83d839a043ece81ef483","isMergeCommit":false,"messageTitle":"A-TextUiTesting Fixed testing error","messageBody":"","tags":["A-TextUiTesting"],"fileTypesAndContributionMap":{"txt":{"insertions":2,"deletions":0}}},{"hash":"37089f1f6f31939a8cd664b315d491d077493daa","isMergeCommit":false,"messageTitle":"Level-5 Handle Errors Added Exceptions for non-desc and unknown commands","messageBody":"","tags":["Level-5"],"fileTypesAndContributionMap":{"java":{"insertions":67,"deletions":34}}},{"hash":"baaef753ab46424f24fe740b8202a0b83d73995d","isMergeCommit":false,"messageTitle":"Level-6 Delete added function and error handling for delete","messageBody":"","tags":["Level-6"],"fileTypesAndContributionMap":{"java":{"insertions":17,"deletions":0}}},{"hash":"c633dcebe19a14951b28107d5805afdc8cfbb9d4","isMergeCommit":false,"messageTitle":"Added AUiTesting for error handling and deletion","messageBody":"","fileTypesAndContributionMap":{"txt":{"insertions":8,"deletions":0}}}]}]},"authorFileTypeContributionMap":{"derpymoo":{"java":252,"md":0,"fxml":0,"sh":0,"bat":1,"gradle":0,"txt":17}},"authorContributionVariance":{"derpymoo":10444.2295},"authorDisplayNameMap":{"derpymoo":"CS2103T-F10-2 ZHEN..IJIE"}}
