{"authorDailyContributionsMap":{"Arrus218":[{"date":"2026-01-25T00:00:00","commitResults":[{"hash":"14bd762ac9ccf09544cb6f76dae8d6f08a3a387e","isMergeCommit":false,"messageTitle":"Rename, greet, exit","messageBody":"Renamed the chatbot from Duke to Ginger. Added the greeting and exit.\n","tags":["Level-0"],"fileTypesAndContributionMap":{"java":{"insertions":7,"deletions":10}}},{"hash":"845512fa90f3087a67c1ab1345a5b2e7972184d8","isMergeCommit":false,"messageTitle":"Add new class ChatBot","messageBody":"","fileTypesAndContributionMap":{"java":{"insertions":18,"deletions":3}}},{"hash":"c6e9a34dc442f46b46eaec63d5b96a4143b329b0","isMergeCommit":false,"messageTitle":"Add echo feature","messageBody":"","fileTypesAndContributionMap":{"java":{"insertions":22,"deletions":1}}},{"hash":"057925045791acab1887393b1936fd3a38551a3f","isMergeCommit":false,"messageTitle":"Add padMessage","messageBody":"Added the padding of messages with dashes using a method. Completed echo\nfeature.\n","fileTypesAndContributionMap":{"java":{"insertions":9,"deletions":9}}},{"hash":"2bc1d0f12326aaf85282fec8039e2d4a16fe5bd8","isMergeCommit":false,"messageTitle":"Rename echo method to listen","messageBody":"","fileTypesAndContributionMap":{"java":{"insertions":2,"deletions":2}}},{"hash":"3e9fbf87cacfb45c8148ba1cb4b9273cbb6edf00","isMergeCommit":false,"messageTitle":"Change from static to instanced methods","messageBody":"","fileTypesAndContributionMap":{"java":{"insertions":11,"deletions":10}}},{"hash":"64258aa196090af501e7fae06a762b002c1cb5f2","isMergeCommit":false,"messageTitle":"Add list function","messageBody":"Allow user to add tasks and display tasks in the list\n","tags":["Level-2"],"fileTypesAndContributionMap":{"java":{"insertions":15,"deletions":1}}},{"hash":"e4fa4f947e4ed5c9a0b4ccd32b6b138ebd81ac8f","isMergeCommit":false,"messageTitle":"Create task class","messageBody":"","fileTypesAndContributionMap":{"java":{"insertions":17,"deletions":2}}},{"hash":"75db1ca9ed5d19e1da25934ffff696e9426953e8","isMergeCommit":false,"messageTitle":"Update list feature to include description and status","messageBody":"","fileTypesAndContributionMap":{"java":{"insertions":6,"deletions":2}}},{"hash":"566e62acb91044b6e84058a5260cec589e232d79","isMergeCommit":false,"messageTitle":"Add mark as done feature","messageBody":"Added mark as done feature as well as unmarking. Use enum to keep track\nof all the commands currently available.\n","tags":["Level-3","A-Enums"],"fileTypesAndContributionMap":{"java":{"insertions":60,"deletions":10}}},{"hash":"997a7557bbf99bfbcd57ed3f63634db00d900a4a","isMergeCommit":false,"messageTitle":"Change start and stop messages","messageBody":"","fileTypesAndContributionMap":{"java":{"insertions":2,"deletions":2}}},{"hash":"3a88a6bd4bf9bf0b6c16fe297b78f6524800b1a2","isMergeCommit":false,"messageTitle":"Add ToDo class","messageBody":"","fileTypesAndContributionMap":{"java":{"insertions":7,"deletions":0}}},{"hash":"208ea36512269436c1135a7392793c4b313d8e0e","isMergeCommit":false,"messageTitle":"Change display of description to use toString","messageBody":"","fileTypesAndContributionMap":{"java":{"insertions":21,"deletions":8}}},{"hash":"1307aa2a035cca879540945226df8cf2a2921002","isMergeCommit":false,"messageTitle":"Change setTaskCompletion method to be more concise","messageBody":"","fileTypesAndContributionMap":{"java":{"insertions":3,"deletions":5}}},{"hash":"7724f1508184b4dd300272f1c3d566b1f4659802","isMergeCommit":false,"messageTitle":"Change Task to abstract class","messageBody":"","fileTypesAndContributionMap":{"java":{"insertions":8,"deletions":2}}},{"hash":"c9df59608f28f1e6ba2a6a35b235ad30e3c26292","isMergeCommit":false,"messageTitle":"Move logic to enum","messageBody":"","fileTypesAndContributionMap":{"java":{"insertions":43,"deletions":25}}},{"hash":"e0e9b3e54d9b94dfe06c2a0616280e82eeefed12","isMergeCommit":false,"messageTitle":"Add new task types ToDo, Deadline, Event","messageBody":"New task types that inherit from abstract class Task\n","tags":["Level-4","A-Inheritance"],"fileTypesAndContributionMap":{"java":{"insertions":88,"deletions":11}}},{"hash":"079f3b797d97e11c8b94db0ca7a3bc672bf1665b","isMergeCommit":false,"messageTitle":"Fix bug with indexing in mark and unmark","messageBody":"","fileTypesAndContributionMap":{"java":{"insertions":2,"deletions":2}}},{"hash":"5ca853c8c16832651ab620cc65a41ce9a6e23f34","isMergeCommit":false,"messageTitle":"Add testing script","messageBody":"","tags":["A-TextUiTesting"],"fileTypesAndContributionMap":{"txt":{"insertions":9,"deletions":0},"java":{"insertions":4,"deletions":6},"bat":{"insertions":1,"deletions":1},"sh":{"insertions":2,"deletions":2}}}]}]},"authorFileTypeContributionMap":{"Arrus218":{"java":244,"md":0,"fxml":0,"sh":2,"bat":1,"gradle":0,"txt":9}},"authorContributionVariance":{"Arrus218":12281.855},"authorDisplayNameMap":{"Arrus218":"LEA ..HENG"}}
