{"authorDailyContributionsMap":{"baglaanugrah":[{"date":"2026-01-22T00:00:00","commitResults":[{"hash":"b17edd534f1bbf8b23a661930f0c2005af6bb602","isMergeCommit":false,"messageTitle":"Add welcome message","messageBody":"","tags":["Level-0"],"fileTypesAndContributionMap":{"java":{"insertions":14,"deletions":10}}},{"hash":"c3bc112b901b536da41fd360493be0dbef438293","isMergeCommit":false,"messageTitle":"Add echo feature","messageBody":"","tags":["Level-1"],"fileTypesAndContributionMap":{"java":{"insertions":31,"deletions":10}}}]},{"date":"2026-01-23T00:00:00","commitResults":[{"hash":"7d69d3b1f13acefe7de2cbae09d7966cc848440c","isMergeCommit":false,"messageTitle":"Add store and display feature","messageBody":"","tags":["Level-2"],"fileTypesAndContributionMap":{"java":{"insertions":13,"deletions":1}}},{"hash":"a41edd0595454f4be67f6307197c9c63a7c49e7d","isMergeCommit":false,"messageTitle":"Add task status","messageBody":"","tags":["Level-3"],"fileTypesAndContributionMap":{"java":{"insertions":56,"deletions":5}}},{"hash":"0c126a791bc0e3f65d9f15c985d752247c9a2129","isMergeCommit":false,"messageTitle":"Add diff task kinds","messageBody":"","tags":["Level-4"],"fileTypesAndContributionMap":{"java":{"insertions":122,"deletions":35}}}]}]},"authorFileTypeContributionMap":{"baglaanugrah":{"java":185,"md":0,"fxml":0,"sh":0,"bat":0,"gradle":0,"txt":0}},"authorContributionVariance":{"baglaanugrah":3477.8933},"authorDisplayNameMap":{"baglaanugrah":"BAGL..GRAH"}}
