{"authorDailyContributionsMap":{"idunruniroll":[{"date":"2026-01-22T00:00:00","commitResults":[{"hash":"fba2e47adce7c0af289b4b78dc37177b88b99eac","isMergeCommit":false,"messageTitle":"Level-0 rename Duke to Chad and add greeting","messageBody":"","fileTypesAndContributionMap":{"java":{"insertions":11,"deletions":10}}}]}]},"authorFileTypeContributionMap":{"idunruniroll":{"java":11,"md":0,"fxml":0,"sh":0,"bat":0,"gradle":0,"txt":0}},"authorContributionVariance":{"idunruniroll":29.25},"authorDisplayNameMap":{"idunruniroll":"TAN ..QIAN"}}
