{"authorDailyContributionsMap":{"amir-hyder":[{"date":"2026-01-22T00:00:00","commitResults":[{"hash":"bba1d18de79e4001f2184129b3aace1acd36cfe4","isMergeCommit":false,"messageTitle":"Level 0","messageBody":"","tags":["Level-0"],"fileTypesAndContributionMap":{"java":{"insertions":18,"deletions":10}}},{"hash":"8e263032ae3e56ce9e2a6908ae8d23b8af2db49e","isMergeCommit":false,"messageTitle":"Level 1","messageBody":"","tags":["Level-1"],"fileTypesAndContributionMap":{"java":{"insertions":21,"deletions":12}}},{"hash":"ff926c1217dc9a9655e6ddda9a84008413e829aa","isMergeCommit":false,"messageTitle":"Level 2","messageBody":"","tags":["Level-2"],"fileTypesAndContributionMap":{"java":{"insertions":12,"deletions":1}}},{"hash":"3efe3d8de0639441f33e26e5b6f40a283b71bc7c","isMergeCommit":false,"messageTitle":"Level 3","messageBody":"","tags":["Level-3"],"fileTypesAndContributionMap":{"java":{"insertions":50,"deletions":8}}}]},{"date":"2026-01-23T00:00:00","commitResults":[{"hash":"7f0e2b0ec2e85025646242ff24f3968682bf381b","isMergeCommit":false,"messageTitle":"Level 4","messageBody":"","tags":["Level-4"],"fileTypesAndContributionMap":{"java":{"insertions":115,"deletions":26}}}]}]},"authorFileTypeContributionMap":{"amir-hyder":{"java":169,"md":0,"fxml":0,"sh":0,"bat":0,"gradle":0,"txt":0}},"authorContributionVariance":{"amir-hyder":2155.76},"authorDisplayNameMap":{"amir-hyder":"CS2103T-F10-3 AMIR..ISAL"}}
