{"authorDailyContributionsMap":{"xiuxikwey":[{"date":"2026-01-20T00:00:00","commitResults":[{"hash":"740f9797a51e0ffcdce8b459df0f507a730b33cf","isMergeCommit":false,"messageTitle":"Initialise oliver with greet and exit","messageBody":"","tags":["Level-0"],"fileTypesAndContributionMap":{"java":{"insertions":37,"deletions":0}}},{"hash":"c11d74f15f29000d650e68564d28ab5408df0641","isMergeCommit":false,"messageTitle":"Add listen, echo, exit","messageBody":"Can only exit program by typing \"bye\"\n","fileTypesAndContributionMap":{"java":{"insertions":28,"deletions":21}}},{"hash":"1c13f953ed47cfb578c4be81106f0e8709b8713a","isMergeCommit":false,"messageTitle":"Add list functionality","messageBody":"Keeps track of user input and repeats past input by typing list.\n","fileTypesAndContributionMap":{"java":{"insertions":30,"deletions":8}}}]},{"date":"2026-01-21T00:00:00","commitResults":[{"hash":"a14f2de6f329176c8ab893d2d962f42ec0883101","isMergeCommit":false,"messageTitle":"Add task mark and unmark","messageBody":"Add new class Task to keep track of done/undone.\nUI more specific to task tracking.\n","tags":["Level-3"],"fileTypesAndContributionMap":{"java":{"insertions":57,"deletions":12}}},{"hash":"0bcec1ccf42376dd16386ec7e3c2027da440d9c0","isMergeCommit":false,"messageTitle":"Add task types","messageBody":"","tags":["Level-4"],"fileTypesAndContributionMap":{"java":{"insertions":91,"deletions":13}}},{"hash":"18f7dceb20483194bb27918aec6aa6559d2c5577","isMergeCommit":false,"messageTitle":"Add test file","messageBody":"","tags":["A-TextUiTesting"],"fileTypesAndContributionMap":{"txt":{"insertions":12,"deletions":0},"java":{"insertions":4,"deletions":8},"bat":{"insertions":1,"deletions":1}}},{"hash":"b01e53435becd55586255f675e69b6d4c89fe8ba","isMergeCommit":false,"messageTitle":"Add empty field exception to tasks","messageBody":"This does not allow task names or dates to be\nwhitespace or the empty string.\n","tags":["Level-5"],"fileTypesAndContributionMap":{"txt":{"insertions":4,"deletions":0},"java":{"insertions":54,"deletions":34}}},{"hash":"2c3f4d37887cf7e541fba47fe01fc4e1498fa6b6","isMergeCommit":false,"messageTitle":"Added delete task function","messageBody":"","tags":["Level-6"],"fileTypesAndContributionMap":{"txt":{"insertions":4,"deletions":0},"java":{"insertions":15,"deletions":2}}},{"hash":"694e108d00b37bc87498a7fc728ca997f25ca2d1","isMergeCommit":false,"messageTitle":"Change greeting slightly","messageBody":"","fileTypesAndContributionMap":{"java":{"insertions":2,"deletions":2}}}]},{"date":"2026-01-26T00:00:00","commitResults":[{"hash":"f6499f8f9a1e179624f14dd1e39633fa6de3a15a","isMergeCommit":false,"messageTitle":"Conform to style guide","messageBody":"","fileTypesAndContributionMap":{"java":{"insertions":58,"deletions":19}}}]},{"date":"2026-01-28T00:00:00","commitResults":[{"hash":"fc9c6e4d88315944d66be259b036c68c3cbc78b7","isMergeCommit":false,"messageTitle":"Add classes TaskList and Ui","messageBody":"","fileTypesAndContributionMap":{"java":{"insertions":178,"deletions":128},"bat":{"insertions":1,"deletions":1}}},{"hash":"16593e2b7f192017f7eebbdcb39fe69dee162145","isMergeCommit":false,"messageTitle":"Add storage, taskList and parser","messageBody":"","tags":["Level-8","Level-7","A-Packages","A-MoreOOP"],"fileTypesAndContributionMap":{"txt":{"insertions":6,"deletions":1},"java":{"insertions":265,"deletions":82},"bat":{"insertions":8,"deletions":4}}}]},{"date":"2026-01-29T00:00:00","commitResults":[{"hash":"7b5419ccfd7d850590a53ce3c821e1e5975da5b6","isMergeCommit":false,"messageTitle":"Add date recognition","messageBody":"","fileTypesAndContributionMap":{"txt":{"insertions":6,"deletions":2},"java":{"insertions":114,"deletions":4}}},{"hash":"7f9444dbceb95b1f2b1e2d5b38f24ec9953e4d88","isMergeCommit":true,"messageTitle":"Merge remote-tracking branch \u0027origin/add-gradle-support\u0027 into branch-Level-8","messageBody":"","fileTypesAndContributionMap":{}},{"hash":"de54f232e49de990888e383b1adabc367476afee","isMergeCommit":true,"messageTitle":"Merge branch \u0027branch-Level-8\u0027","messageBody":"","fileTypesAndContributionMap":{}},{"hash":"7d3a5850b515144c3b4124ca76ea0eb72dba8cce","isMergeCommit":false,"messageTitle":"Add gradle","messageBody":"","tags":["A-Gradle"],"fileTypesAndContributionMap":{"gradle":{"insertions":2,"deletions":2}}},{"hash":"b1adb58c4962b0d3e28f96f92658ffe3b8615950","isMergeCommit":false,"messageTitle":"Add StorageTest","messageBody":"","fileTypesAndContributionMap":{"java":{"insertions":18,"deletions":4}}},{"hash":"32bbff6bfef6a999752a7f7a77482e728ee2e230","isMergeCommit":false,"messageTitle":"Add Junit tests","messageBody":"","tags":["A-Jar","A-JUnit"],"fileTypesAndContributionMap":{"java":{"insertions":152,"deletions":33}}}]},{"date":"2026-01-30T00:00:00","commitResults":[{"hash":"5b5bb8b9e3c35130be509261b218386e5e1f27d3","isMergeCommit":false,"messageTitle":"Add Javadoc","messageBody":"","fileTypesAndContributionMap":{"java":{"insertions":39,"deletions":42}}},{"hash":"1afa51933982afc189631c610d1f2fe512b94715","isMergeCommit":false,"messageTitle":"Edit style","messageBody":"","fileTypesAndContributionMap":{"java":{"insertions":25,"deletions":11}}},{"hash":"5e95d9c7a77015b4f67419b88479bb677476af61","isMergeCommit":false,"messageTitle":"Add search","messageBody":"","fileTypesAndContributionMap":{"txt":{"insertions":4,"deletions":0},"java":{"insertions":23,"deletions":1}}},{"hash":"681d787883910ac8807fdb625eafb7c05fefafc7","isMergeCommit":true,"messageTitle":"Merge branch \u0027branch-A-Coding-Standard\u0027","messageBody":"","fileTypesAndContributionMap":{}},{"hash":"30de917a2c0a0abae92bb0f5d198184086dfcdfe","isMergeCommit":true,"messageTitle":"Merge branch \u0027branch-Level-9\u0027","messageBody":"","tags":["Level-9","A-JavaDoc","A-CodingStandard"],"fileTypesAndContributionMap":{}}]}]},"authorFileTypeContributionMap":{"xiuxikwey":{"java":776,"md":0,"fxml":0,"sh":0,"bat":8,"gradle":2,"txt":33}},"authorContributionVariance":{"xiuxikwey":26491.225},"authorDisplayNameMap":{"xiuxikwey":"CS2103T-F14-2 KWEY..U XI"}}
