[{"path":"src/data/data.txt","fileType":"txt","lines":[{"lineNumber":1,"author":{"gitId":"limzishen"},"content":"TODO | false | wdjwowjefw","lastModifiedDate":"2026-01-21T17:20:13","isFullCredit":false},{"lineNumber":2,"author":{"gitId":"limzishen"},"content":"EVENT | true | eat | 12 | eat","lastModifiedDate":"2026-01-21T17:20:13","isFullCredit":false},{"lineNumber":3,"author":{"gitId":"limzishen"},"content":"DEADLINE | false | sleep | tonight","lastModifiedDate":"2026-01-21T17:20:13","isFullCredit":false},{"lineNumber":4,"author":{"gitId":"limzishen"},"content":"TODO | false | sleep","lastModifiedDate":"2026-01-21T17:20:13","isFullCredit":false}],"authorContributionMap":{"limzishen":4}},{"path":"src/main/java/Command.java","fileType":"java","lines":[{"lineNumber":1,"author":{"gitId":"limzishen"},"content":"public enum Command {","lastModifiedDate":"2026-01-18T19:36:23","isFullCredit":false},{"lineNumber":2,"author":{"gitId":"limzishen"},"content":"    TODO, DEADLINE, EVENT, LIST, MARK, UNMARK, EXIT, DELETE, UNKNOWN;","lastModifiedDate":"2026-01-18T19:36:23","isFullCredit":false},{"lineNumber":3,"author":{"gitId":"limzishen"},"content":"","lastModifiedDate":"2026-01-18T19:36:23","isFullCredit":false},{"lineNumber":4,"author":{"gitId":"limzishen"},"content":"    /**","lastModifiedDate":"2026-01-18T19:36:23","isFullCredit":false},{"lineNumber":5,"author":{"gitId":"limzishen"},"content":"     * Converts a string to a Command enum.","lastModifiedDate":"2026-01-18T19:36:23","isFullCredit":false},{"lineNumber":6,"author":{"gitId":"limzishen"},"content":"     * @param str The user input command word","lastModifiedDate":"2026-01-18T19:36:23","isFullCredit":false},{"lineNumber":7,"author":{"gitId":"limzishen"},"content":"     * @return The matching Command or UNKNOWN","lastModifiedDate":"2026-01-18T19:36:23","isFullCredit":false},{"lineNumber":8,"author":{"gitId":"limzishen"},"content":"     */","lastModifiedDate":"2026-01-18T19:36:23","isFullCredit":false},{"lineNumber":9,"author":{"gitId":"limzishen"},"content":"    public static Command fromString(String str) {","lastModifiedDate":"2026-01-18T19:36:23","isFullCredit":false},{"lineNumber":10,"author":{"gitId":"limzishen"},"content":"        try {","lastModifiedDate":"2026-01-18T19:36:23","isFullCredit":false},{"lineNumber":11,"author":{"gitId":"limzishen"},"content":"            return Command.valueOf(str.toUpperCase());","lastModifiedDate":"2026-01-18T19:36:23","isFullCredit":false},{"lineNumber":12,"author":{"gitId":"limzishen"},"content":"        } catch (IllegalArgumentException e) {","lastModifiedDate":"2026-01-18T19:36:23","isFullCredit":false},{"lineNumber":13,"author":{"gitId":"limzishen"},"content":"            return UNKNOWN;","lastModifiedDate":"2026-01-18T19:36:23","isFullCredit":false},{"lineNumber":14,"author":{"gitId":"limzishen"},"content":"        }","lastModifiedDate":"2026-01-18T19:36:23","isFullCredit":false},{"lineNumber":15,"author":{"gitId":"limzishen"},"content":"    }","lastModifiedDate":"2026-01-18T19:36:23","isFullCredit":false},{"lineNumber":16,"author":{"gitId":"limzishen"},"content":"}","lastModifiedDate":"2026-01-18T19:36:23","isFullCredit":false}],"authorContributionMap":{"limzishen":16}},{"path":"src/main/java/Deadlines.java","fileType":"java","lines":[{"lineNumber":1,"author":{"gitId":"limzishen"},"content":"public class Deadlines extends Task{","lastModifiedDate":"2026-01-18T02:15:31","isFullCredit":false},{"lineNumber":2,"author":{"gitId":"limzishen"},"content":"    String deadline;","lastModifiedDate":"2026-01-18T02:15:31","isFullCredit":false},{"lineNumber":3,"author":{"gitId":"limzishen"},"content":"","lastModifiedDate":"2026-01-21T17:20:13","isFullCredit":false},{"lineNumber":4,"author":{"gitId":"limzishen"},"content":"    public Deadlines (String taskName, Boolean status, String deadline) {","lastModifiedDate":"2026-01-21T17:20:13","isFullCredit":false},{"lineNumber":5,"author":{"gitId":"limzishen"},"content":"        super(taskName, status);","lastModifiedDate":"2026-01-21T17:20:13","isFullCredit":false},{"lineNumber":6,"author":{"gitId":"limzishen"},"content":"        this.deadline \u003d deadline;","lastModifiedDate":"2026-01-21T17:20:13","isFullCredit":false},{"lineNumber":7,"author":{"gitId":"limzishen"},"content":"    }","lastModifiedDate":"2026-01-21T17:20:13","isFullCredit":false},{"lineNumber":8,"author":{"gitId":"limzishen"},"content":"    public Deadlines(String taskName, String deadline) {","lastModifiedDate":"2026-01-18T02:15:31","isFullCredit":false},{"lineNumber":9,"author":{"gitId":"limzishen"},"content":"        super(taskName);","lastModifiedDate":"2026-01-18T02:15:31","isFullCredit":false},{"lineNumber":10,"author":{"gitId":"limzishen"},"content":"        this.deadline \u003d deadline;","lastModifiedDate":"2026-01-18T02:15:31","isFullCredit":false},{"lineNumber":11,"author":{"gitId":"limzishen"},"content":"    }","lastModifiedDate":"2026-01-18T02:15:31","isFullCredit":false},{"lineNumber":12,"author":{"gitId":"limzishen"},"content":"","lastModifiedDate":"2026-01-18T02:15:31","isFullCredit":false},{"lineNumber":13,"author":{"gitId":"limzishen"},"content":"    @Override","lastModifiedDate":"2026-01-21T17:20:13","isFullCredit":false},{"lineNumber":14,"author":{"gitId":"limzishen"},"content":"    public String storeTask() {","lastModifiedDate":"2026-01-21T17:20:13","isFullCredit":false},{"lineNumber":15,"author":{"gitId":"limzishen"},"content":"        return String.format(\"DEADLINE | %s | %s | %s\", status.toString(), super.taskName, deadline);","lastModifiedDate":"2026-01-21T17:20:13","isFullCredit":false},{"lineNumber":16,"author":{"gitId":"limzishen"},"content":"    }","lastModifiedDate":"2026-01-21T17:20:13","isFullCredit":false},{"lineNumber":17,"author":{"gitId":"limzishen"},"content":"","lastModifiedDate":"2026-01-21T17:20:13","isFullCredit":false},{"lineNumber":18,"author":{"gitId":"limzishen"},"content":"    @Override","lastModifiedDate":"2026-01-18T02:15:31","isFullCredit":false},{"lineNumber":19,"author":{"gitId":"limzishen"},"content":"    public String toString() {","lastModifiedDate":"2026-01-18T02:15:31","isFullCredit":false},{"lineNumber":20,"author":{"gitId":"limzishen"},"content":"        String statusIcon \u003d status ? \"X\" : \" \"; // X if true, space if false","lastModifiedDate":"2026-01-18T02:15:31","isFullCredit":false},{"lineNumber":21,"author":{"gitId":"limzishen"},"content":"        return String.format(\"[D] [%s] %s Datetime: %s\",","lastModifiedDate":"2026-01-18T19:36:23","isFullCredit":false},{"lineNumber":22,"author":{"gitId":"limzishen"},"content":"                statusIcon, taskName, deadline);","lastModifiedDate":"2026-01-18T02:15:31","isFullCredit":false},{"lineNumber":23,"author":{"gitId":"limzishen"},"content":"    }","lastModifiedDate":"2026-01-18T02:15:31","isFullCredit":false},{"lineNumber":24,"author":{"gitId":"limzishen"},"content":"}","lastModifiedDate":"2026-01-18T02:15:31","isFullCredit":false}],"authorContributionMap":{"limzishen":24}},{"path":"src/main/java/Dicky.java","fileType":"java","lines":[{"lineNumber":1,"author":{"gitId":"limzishen"},"content":"import java.nio.file.FileSystemNotFoundException;","lastModifiedDate":"2026-01-18T04:35:40","isFullCredit":false},{"lineNumber":2,"author":{"gitId":"limzishen"},"content":"import java.util.ArrayList;","lastModifiedDate":"2026-01-16T10:34:28","isFullCredit":false},{"lineNumber":3,"author":{"gitId":"limzishen"},"content":"import java.util.Arrays;","lastModifiedDate":"2026-01-18T02:15:31","isFullCredit":false},{"lineNumber":4,"author":{"gitId":"limzishen"},"content":"import java.util.Scanner;","lastModifiedDate":"2026-01-15T16:52:14","isFullCredit":false},{"lineNumber":5,"author":{"gitId":"limzishen"},"content":"import exception.InvalidActionException;","lastModifiedDate":"2026-01-18T04:35:40","isFullCredit":false},{"lineNumber":6,"author":{"gitId":"limzishen"},"content":"import exception.MissingTaskException;","lastModifiedDate":"2026-01-18T04:35:40","isFullCredit":false},{"lineNumber":7,"author":{"gitId":"limzishen"},"content":"","lastModifiedDate":"2026-01-15T16:52:14","isFullCredit":false},{"lineNumber":8,"author":{"gitId":"limzishen"},"content":"import java.io.BufferedWriter;","lastModifiedDate":"2026-01-21T17:20:13","isFullCredit":false},{"lineNumber":9,"author":{"gitId":"limzishen"},"content":"import java.io.File;","lastModifiedDate":"2026-01-21T17:20:13","isFullCredit":false},{"lineNumber":10,"author":{"gitId":"limzishen"},"content":"import java.io.FileWriter;","lastModifiedDate":"2026-01-21T17:20:13","isFullCredit":false},{"lineNumber":11,"author":{"gitId":"limzishen"},"content":"import java.io.IOException;","lastModifiedDate":"2026-01-21T17:20:13","isFullCredit":false},{"lineNumber":12,"author":{"gitId":"limzishen"},"content":"import java.io.FileNotFoundException;","lastModifiedDate":"2026-01-21T17:20:13","isFullCredit":false},{"lineNumber":13,"author":{"gitId":"limzishen"},"content":"","lastModifiedDate":"2026-01-21T17:20:13","isFullCredit":false},{"lineNumber":14,"author":{"gitId":"limzishen"},"content":"public class Dicky {","lastModifiedDate":"2026-01-15T16:52:14","isFullCredit":false},{"lineNumber":15,"author":{"gitId":"limzishen"},"content":"    /**","lastModifiedDate":"2026-01-21T17:20:13","isFullCredit":false},{"lineNumber":16,"author":{"gitId":"limzishen"},"content":"     * Reads and prints the content of the file.","lastModifiedDate":"2026-01-21T17:20:13","isFullCredit":false},{"lineNumber":17,"author":{"gitId":"limzishen"},"content":"     * @param file The file to read.","lastModifiedDate":"2026-01-21T17:20:13","isFullCredit":false},{"lineNumber":18,"author":{"gitId":"limzishen"},"content":"     */","lastModifiedDate":"2026-01-21T17:20:13","isFullCredit":false},{"lineNumber":19,"author":{"gitId":"limzishen"},"content":"    private static ArrayList\u003cTask\u003e readFromFile(File file) {","lastModifiedDate":"2026-01-21T17:20:13","isFullCredit":false},{"lineNumber":20,"author":{"gitId":"limzishen"},"content":"        ArrayList\u003cTask\u003e tasks \u003d new ArrayList\u003c\u003e();","lastModifiedDate":"2026-01-21T17:20:13","isFullCredit":false},{"lineNumber":21,"author":{"gitId":"limzishen"},"content":"        if (!file.exists()) return tasks;","lastModifiedDate":"2026-01-21T17:20:13","isFullCredit":false},{"lineNumber":22,"author":{"gitId":"limzishen"},"content":"","lastModifiedDate":"2026-01-21T17:20:13","isFullCredit":false},{"lineNumber":23,"author":{"gitId":"limzishen"},"content":"        try (Scanner scanner \u003d new Scanner(file)) {","lastModifiedDate":"2026-01-21T17:20:13","isFullCredit":false},{"lineNumber":24,"author":{"gitId":"limzishen"},"content":"            while (scanner.hasNextLine()) {","lastModifiedDate":"2026-01-21T17:20:13","isFullCredit":false},{"lineNumber":25,"author":{"gitId":"limzishen"},"content":"                String line \u003d scanner.nextLine();","lastModifiedDate":"2026-01-21T17:20:13","isFullCredit":false},{"lineNumber":26,"author":{"gitId":"limzishen"},"content":"                System.out.println(line);","lastModifiedDate":"2026-01-21T17:20:13","isFullCredit":false},{"lineNumber":27,"author":{"gitId":"limzishen"},"content":"                String[] details \u003d line.split(\" \\\\| \");","lastModifiedDate":"2026-01-21T17:20:13","isFullCredit":false},{"lineNumber":28,"author":{"gitId":"limzishen"},"content":"","lastModifiedDate":"2026-01-21T17:20:13","isFullCredit":false},{"lineNumber":29,"author":{"gitId":"limzishen"},"content":"                Task task;","lastModifiedDate":"2026-01-21T17:20:13","isFullCredit":false},{"lineNumber":30,"author":{"gitId":"limzishen"},"content":"                switch (details[0]) {","lastModifiedDate":"2026-01-21T17:20:13","isFullCredit":false},{"lineNumber":31,"author":{"gitId":"limzishen"},"content":"                    case \"TODO\":","lastModifiedDate":"2026-01-21T17:20:13","isFullCredit":false},{"lineNumber":32,"author":{"gitId":"limzishen"},"content":"                        task \u003d new Task(details[2], Boolean.parseBoolean(details[1]));","lastModifiedDate":"2026-01-21T17:20:13","isFullCredit":false},{"lineNumber":33,"author":{"gitId":"limzishen"},"content":"                        break;","lastModifiedDate":"2026-01-21T17:20:13","isFullCredit":false},{"lineNumber":34,"author":{"gitId":"limzishen"},"content":"                    case \"EVENT\":","lastModifiedDate":"2026-01-21T17:20:13","isFullCredit":false},{"lineNumber":35,"author":{"gitId":"limzishen"},"content":"                        task \u003d new Event(details[2], Boolean.parseBoolean(details[1]), details[3], details[4]);","lastModifiedDate":"2026-01-21T17:20:13","isFullCredit":false},{"lineNumber":36,"author":{"gitId":"limzishen"},"content":"                        break;","lastModifiedDate":"2026-01-21T17:20:13","isFullCredit":false},{"lineNumber":37,"author":{"gitId":"limzishen"},"content":"                    case \"DEADLINE\":","lastModifiedDate":"2026-01-21T17:20:13","isFullCredit":false},{"lineNumber":38,"author":{"gitId":"limzishen"},"content":"                        task \u003d new Deadlines(details[2], Boolean.parseBoolean(details[1]), details[3]);","lastModifiedDate":"2026-01-21T17:20:13","isFullCredit":false},{"lineNumber":39,"author":{"gitId":"limzishen"},"content":"                        break;","lastModifiedDate":"2026-01-21T17:20:13","isFullCredit":false},{"lineNumber":40,"author":{"gitId":"limzishen"},"content":"                    default:","lastModifiedDate":"2026-01-21T17:20:13","isFullCredit":false},{"lineNumber":41,"author":{"gitId":"limzishen"},"content":"                        continue;","lastModifiedDate":"2026-01-21T17:20:13","isFullCredit":false},{"lineNumber":42,"author":{"gitId":"limzishen"},"content":"                }","lastModifiedDate":"2026-01-21T17:20:13","isFullCredit":false},{"lineNumber":43,"author":{"gitId":"limzishen"},"content":"                tasks.add(task);","lastModifiedDate":"2026-01-21T17:20:13","isFullCredit":false},{"lineNumber":44,"author":{"gitId":"limzishen"},"content":"            }","lastModifiedDate":"2026-01-21T17:20:13","isFullCredit":false},{"lineNumber":45,"author":{"gitId":"limzishen"},"content":"        } catch (FileNotFoundException e) {","lastModifiedDate":"2026-01-21T17:20:13","isFullCredit":false},{"lineNumber":46,"author":{"gitId":"limzishen"},"content":"            System.err.println(\"File not found! Check the path.\");","lastModifiedDate":"2026-01-21T17:20:13","isFullCredit":false},{"lineNumber":47,"author":{"gitId":"limzishen"},"content":"        }","lastModifiedDate":"2026-01-21T17:20:13","isFullCredit":false},{"lineNumber":48,"author":{"gitId":"limzishen"},"content":"        return tasks;","lastModifiedDate":"2026-01-21T17:20:13","isFullCredit":false},{"lineNumber":49,"author":{"gitId":"limzishen"},"content":"    }","lastModifiedDate":"2026-01-21T17:20:13","isFullCredit":false},{"lineNumber":50,"author":{"gitId":"limzishen"},"content":"","lastModifiedDate":"2026-01-21T17:20:13","isFullCredit":false},{"lineNumber":51,"author":{"gitId":"limzishen"},"content":"","lastModifiedDate":"2026-01-21T17:20:13","isFullCredit":false},{"lineNumber":52,"author":{"gitId":"limzishen"},"content":"    /**","lastModifiedDate":"2026-01-21T17:20:13","isFullCredit":false},{"lineNumber":53,"author":{"gitId":"limzishen"},"content":"     * Creates a new, empty file.","lastModifiedDate":"2026-01-21T17:20:13","isFullCredit":false},{"lineNumber":54,"author":{"gitId":"limzishen"},"content":"     * @param file The file to create.","lastModifiedDate":"2026-01-21T17:20:13","isFullCredit":false},{"lineNumber":55,"author":{"gitId":"limzishen"},"content":"     */","lastModifiedDate":"2026-01-21T17:20:13","isFullCredit":false},{"lineNumber":56,"author":{"gitId":"limzishen"},"content":"    private static void createFile(File file) {","lastModifiedDate":"2026-01-21T17:20:13","isFullCredit":false},{"lineNumber":57,"author":{"gitId":"limzishen"},"content":"        try {","lastModifiedDate":"2026-01-21T17:20:13","isFullCredit":false},{"lineNumber":58,"author":{"gitId":"limzishen"},"content":"            if (file.createNewFile()) {","lastModifiedDate":"2026-01-21T17:20:13","isFullCredit":false},{"lineNumber":59,"author":{"gitId":"limzishen"},"content":"                System.out.println(\"File created successfully: \" + file.getAbsolutePath());","lastModifiedDate":"2026-01-21T17:20:13","isFullCredit":false},{"lineNumber":60,"author":{"gitId":"limzishen"},"content":"            } else {","lastModifiedDate":"2026-01-21T17:20:13","isFullCredit":false},{"lineNumber":61,"author":{"gitId":"limzishen"},"content":"                System.out.println(\"File already existed (unexpected in this logic path).\");","lastModifiedDate":"2026-01-21T17:20:13","isFullCredit":false},{"lineNumber":62,"author":{"gitId":"limzishen"},"content":"            }","lastModifiedDate":"2026-01-21T17:20:13","isFullCredit":false},{"lineNumber":63,"author":{"gitId":"limzishen"},"content":"        } catch (IOException e) {","lastModifiedDate":"2026-01-21T17:20:13","isFullCredit":false},{"lineNumber":64,"author":{"gitId":"limzishen"},"content":"            System.err.println(\"Error creating file: \" + e.getMessage());","lastModifiedDate":"2026-01-21T17:20:13","isFullCredit":false},{"lineNumber":65,"author":{"gitId":"limzishen"},"content":"        }","lastModifiedDate":"2026-01-21T17:20:13","isFullCredit":false},{"lineNumber":66,"author":{"gitId":"limzishen"},"content":"    }","lastModifiedDate":"2026-01-21T17:20:13","isFullCredit":false},{"lineNumber":67,"author":{"gitId":"limzishen"},"content":"","lastModifiedDate":"2026-01-21T17:20:13","isFullCredit":false},{"lineNumber":68,"author":{"gitId":"limzishen"},"content":"    private static void writeFile(ArrayList\u003cTask\u003e TaskList, File file) {","lastModifiedDate":"2026-01-21T17:20:13","isFullCredit":false},{"lineNumber":69,"author":{"gitId":"limzishen"},"content":"        try (BufferedWriter writer \u003d new BufferedWriter(new FileWriter(file))) {","lastModifiedDate":"2026-01-21T17:20:13","isFullCredit":false},{"lineNumber":70,"author":{"gitId":"limzishen"},"content":"            for (Task task : TaskList) {","lastModifiedDate":"2026-01-21T17:20:13","isFullCredit":false},{"lineNumber":71,"author":{"gitId":"limzishen"},"content":"                writer.write(task.storeTask());","lastModifiedDate":"2026-01-21T17:20:13","isFullCredit":false},{"lineNumber":72,"author":{"gitId":"limzishen"},"content":"                writer.newLine();","lastModifiedDate":"2026-01-21T17:20:13","isFullCredit":false},{"lineNumber":73,"author":{"gitId":"limzishen"},"content":"            }","lastModifiedDate":"2026-01-21T17:20:13","isFullCredit":false},{"lineNumber":74,"author":{"gitId":"limzishen"},"content":"        } catch (IOException e) {","lastModifiedDate":"2026-01-21T17:20:13","isFullCredit":false},{"lineNumber":75,"author":{"gitId":"limzishen"},"content":"            System.err.println(\"Error saving tasks: \" + e.getMessage());","lastModifiedDate":"2026-01-21T17:20:13","isFullCredit":false},{"lineNumber":76,"author":{"gitId":"limzishen"},"content":"        }","lastModifiedDate":"2026-01-21T17:20:13","isFullCredit":false},{"lineNumber":77,"author":{"gitId":"limzishen"},"content":"    }","lastModifiedDate":"2026-01-21T17:20:13","isFullCredit":false},{"lineNumber":78,"author":{"gitId":"limzishen"},"content":"","lastModifiedDate":"2026-01-21T17:20:13","isFullCredit":false},{"lineNumber":79,"author":{"gitId":"limzishen"},"content":"","lastModifiedDate":"2026-01-16T10:34:28","isFullCredit":false},{"lineNumber":80,"author":{"gitId":"limzishen"},"content":"    public static void main(String[] args) {","lastModifiedDate":"2026-01-15T16:52:14","isFullCredit":false},{"lineNumber":81,"author":{"gitId":"limzishen"},"content":"        String filePath \u003d \"src/data/data.txt\";","lastModifiedDate":"2026-01-21T17:20:13","isFullCredit":false},{"lineNumber":82,"author":{"gitId":"limzishen"},"content":"        File file \u003d new File(filePath);","lastModifiedDate":"2026-01-21T17:20:13","isFullCredit":false},{"lineNumber":83,"author":{"gitId":"limzishen"},"content":"        ArrayList\u003cTask\u003e tasks;","lastModifiedDate":"2026-01-21T17:20:13","isFullCredit":false},{"lineNumber":84,"author":{"gitId":"limzishen"},"content":"","lastModifiedDate":"2026-01-21T17:20:13","isFullCredit":false},{"lineNumber":85,"author":{"gitId":"limzishen"},"content":"        if (file.exists()) {","lastModifiedDate":"2026-01-21T17:20:13","isFullCredit":false},{"lineNumber":86,"author":{"gitId":"limzishen"},"content":"            System.out.println(\"File exists. Reading from file...\");","lastModifiedDate":"2026-01-21T17:20:13","isFullCredit":false},{"lineNumber":87,"author":{"gitId":"limzishen"},"content":"            tasks \u003d readFromFile(file);","lastModifiedDate":"2026-01-21T17:20:13","isFullCredit":false},{"lineNumber":88,"author":{"gitId":"limzishen"},"content":"        } else {","lastModifiedDate":"2026-01-21T17:20:13","isFullCredit":false},{"lineNumber":89,"author":{"gitId":"limzishen"},"content":"            System.out.println(\"File does not exist. Creating file...\");","lastModifiedDate":"2026-01-21T17:20:13","isFullCredit":false},{"lineNumber":90,"author":{"gitId":"limzishen"},"content":"            createFile(file);","lastModifiedDate":"2026-01-21T17:20:13","isFullCredit":false},{"lineNumber":91,"author":{"gitId":"limzishen"},"content":"            tasks \u003d new ArrayList\u003c\u003e();","lastModifiedDate":"2026-01-21T17:20:13","isFullCredit":false},{"lineNumber":92,"author":{"gitId":"limzishen"},"content":"        }","lastModifiedDate":"2026-01-21T17:20:13","isFullCredit":false},{"lineNumber":93,"author":{"gitId":"limzishen"},"content":"","lastModifiedDate":"2026-01-21T17:20:13","isFullCredit":false},{"lineNumber":94,"author":{"gitId":"limzishen"},"content":"        String line \u003d \"------------------------------\";","lastModifiedDate":"2026-01-15T16:52:14","isFullCredit":false},{"lineNumber":95,"author":{"gitId":"limzishen"},"content":"        Scanner scanner \u003d new Scanner(System.in);","lastModifiedDate":"2026-01-15T17:01:51","isFullCredit":false},{"lineNumber":96,"author":{"gitId":"limzishen"},"content":"","lastModifiedDate":"2026-01-21T17:20:13","isFullCredit":false},{"lineNumber":97,"author":{"gitId":"limzishen"},"content":"","lastModifiedDate":"2026-01-15T16:52:14","isFullCredit":false},{"lineNumber":98,"author":{"gitId":"limzishen"},"content":"        //greet","lastModifiedDate":"2026-01-15T16:52:14","isFullCredit":false},{"lineNumber":99,"author":{"gitId":"limzishen"},"content":"        String welcomeMessage \u003d \"Hello I\u0027m Dicky.\";","lastModifiedDate":"2026-01-15T17:01:51","isFullCredit":false},{"lineNumber":100,"author":{"gitId":"limzishen"},"content":"        System.out.println(line);","lastModifiedDate":"2026-01-15T16:52:14","isFullCredit":false},{"lineNumber":101,"author":{"gitId":"limzishen"},"content":"        System.out.println(welcomeMessage);","lastModifiedDate":"2026-01-15T16:52:14","isFullCredit":false},{"lineNumber":102,"author":{"gitId":"limzishen"},"content":"        System.out.println(line);","lastModifiedDate":"2026-01-15T16:52:14","isFullCredit":false},{"lineNumber":103,"author":{"gitId":"limzishen"},"content":"","lastModifiedDate":"2026-01-15T16:52:14","isFullCredit":false},{"lineNumber":104,"author":{"gitId":"limzishen"},"content":"        // Scan for input","lastModifiedDate":"2026-01-15T17:01:51","isFullCredit":false},{"lineNumber":105,"author":{"gitId":"limzishen"},"content":"        while (scanner.hasNextLine()) {","lastModifiedDate":"2026-01-15T17:01:51","isFullCredit":false},{"lineNumber":106,"author":{"gitId":"limzishen"},"content":"            System.out.println(line);","lastModifiedDate":"2026-01-18T19:36:23","isFullCredit":false},{"lineNumber":107,"author":{"gitId":"limzishen"},"content":"            try {","lastModifiedDate":"2026-01-18T04:35:40","isFullCredit":false},{"lineNumber":108,"author":{"gitId":"limzishen"},"content":"                String action \u003d scanner.nextLine().strip();","lastModifiedDate":"2026-01-18T02:15:31","isFullCredit":false},{"lineNumber":109,"author":{"gitId":"limzishen"},"content":"                if (action.isEmpty()) continue;","lastModifiedDate":"2026-01-18T19:36:23","isFullCredit":false},{"lineNumber":110,"author":{"gitId":"limzishen"},"content":"","lastModifiedDate":"2026-01-18T19:36:23","isFullCredit":false},{"lineNumber":111,"author":{"gitId":"limzishen"},"content":"                String[] input \u003d action.split(\"\\\\s+\");","lastModifiedDate":"2026-01-16T14:10:11","isFullCredit":false},{"lineNumber":112,"author":{"gitId":"limzishen"},"content":"                Command cmd \u003d Command.fromString(input[0]);","lastModifiedDate":"2026-01-18T19:36:23","isFullCredit":false},{"lineNumber":113,"author":{"gitId":"limzishen"},"content":"                int index;","lastModifiedDate":"2026-01-18T19:36:23","isFullCredit":false},{"lineNumber":114,"author":{"gitId":"limzishen"},"content":"","lastModifiedDate":"2026-01-15T17:01:51","isFullCredit":false},{"lineNumber":115,"author":{"gitId":"limzishen"},"content":"                switch (cmd) {","lastModifiedDate":"2026-01-18T19:36:23","isFullCredit":false},{"lineNumber":116,"author":{"gitId":"limzishen"},"content":"                    case LIST:","lastModifiedDate":"2026-01-18T19:36:23","isFullCredit":false},{"lineNumber":117,"author":{"gitId":"limzishen"},"content":"                        if (tasks.isEmpty()) {","lastModifiedDate":"2026-01-16T10:34:28","isFullCredit":false},{"lineNumber":118,"author":{"gitId":"limzishen"},"content":"                            System.out.println(\"No items in list\");","lastModifiedDate":"2026-01-16T10:34:28","isFullCredit":false},{"lineNumber":119,"author":{"gitId":"limzishen"},"content":"                        } else {","lastModifiedDate":"2026-01-16T10:34:28","isFullCredit":false},{"lineNumber":120,"author":{"gitId":"limzishen"},"content":"                            for (int i \u003d 0; i \u003c tasks.size(); i++) {","lastModifiedDate":"2026-01-16T10:34:28","isFullCredit":false},{"lineNumber":121,"author":{"gitId":"limzishen"},"content":"                                System.out.printf(\"%d: %s%n\", i + 1, tasks.get(i));","lastModifiedDate":"2026-01-16T10:34:28","isFullCredit":false},{"lineNumber":122,"author":{"gitId":"limzishen"},"content":"                            }","lastModifiedDate":"2026-01-16T10:34:28","isFullCredit":false},{"lineNumber":123,"author":{"gitId":"limzishen"},"content":"                        }","lastModifiedDate":"2026-01-16T10:34:28","isFullCredit":false},{"lineNumber":124,"author":{"gitId":"limzishen"},"content":"                        break;","lastModifiedDate":"2026-01-18T19:36:23","isFullCredit":false},{"lineNumber":125,"author":{"gitId":"limzishen"},"content":"","lastModifiedDate":"2026-01-16T14:10:11","isFullCredit":false},{"lineNumber":126,"author":{"gitId":"limzishen"},"content":"                    case MARK:","lastModifiedDate":"2026-01-18T19:36:23","isFullCredit":false},{"lineNumber":127,"author":{"gitId":"limzishen"},"content":"                    case UNMARK:","lastModifiedDate":"2026-01-18T19:36:23","isFullCredit":false},{"lineNumber":128,"author":{"gitId":"limzishen"},"content":"                        index \u003d Integer.parseInt(input[1]) - 1;","lastModifiedDate":"2026-01-18T19:36:23","isFullCredit":false},{"lineNumber":129,"author":{"gitId":"limzishen"},"content":"                        boolean isDone \u003d (cmd \u003d\u003d Command.MARK);","lastModifiedDate":"2026-01-18T19:36:23","isFullCredit":false},{"lineNumber":130,"author":{"gitId":"limzishen"},"content":"                        tasks.get(index).status \u003d isDone;","lastModifiedDate":"2026-01-18T19:36:23","isFullCredit":false},{"lineNumber":131,"author":{"gitId":"limzishen"},"content":"","lastModifiedDate":"2026-01-16T14:10:11","isFullCredit":false},{"lineNumber":132,"author":{"gitId":"limzishen"},"content":"                        System.out.println(isDone ? \"Nice! I\u0027ve marked this task as done:\"","lastModifiedDate":"2026-01-18T19:36:23","isFullCredit":false},{"lineNumber":133,"author":{"gitId":"limzishen"},"content":"                                : \"OK, I\u0027ve marked this task as not done yet:\");","lastModifiedDate":"2026-01-18T19:36:23","isFullCredit":false},{"lineNumber":134,"author":{"gitId":"limzishen"},"content":"                        System.out.println(tasks.get(index));","lastModifiedDate":"2026-01-16T14:10:11","isFullCredit":false},{"lineNumber":135,"author":{"gitId":"limzishen"},"content":"                        break;","lastModifiedDate":"2026-01-18T19:36:23","isFullCredit":false},{"lineNumber":136,"author":{"gitId":"limzishen"},"content":"                    case DELETE:","lastModifiedDate":"2026-01-18T19:36:23","isFullCredit":false},{"lineNumber":137,"author":{"gitId":"limzishen"},"content":"                        Task task \u003d tasks.get(Integer.parseInt(input[1]) - 1);","lastModifiedDate":"2026-01-18T19:36:23","isFullCredit":false},{"lineNumber":138,"author":{"gitId":"limzishen"},"content":"                        index \u003d Integer.parseInt(input[1]) - 1;","lastModifiedDate":"2026-01-18T19:36:23","isFullCredit":false},{"lineNumber":139,"author":{"gitId":"limzishen"},"content":"                        tasks.remove(index);","lastModifiedDate":"2026-01-18T19:36:23","isFullCredit":false},{"lineNumber":140,"author":{"gitId":"limzishen"},"content":"                        System.out.printf(\"Task removed: %s \\n\", task.toString());","lastModifiedDate":"2026-01-18T19:36:23","isFullCredit":false},{"lineNumber":141,"author":{"gitId":"limzishen"},"content":"                        break;","lastModifiedDate":"2026-01-18T19:36:23","isFullCredit":false},{"lineNumber":142,"author":{"gitId":"limzishen"},"content":"                    case EXIT:","lastModifiedDate":"2026-01-18T19:36:23","isFullCredit":false},{"lineNumber":143,"author":{"gitId":"limzishen"},"content":"                        writeFile(tasks, file);","lastModifiedDate":"2026-01-21T17:20:13","isFullCredit":false},{"lineNumber":144,"author":{"gitId":"limzishen"},"content":"                        return; // or break the loop","lastModifiedDate":"2026-01-18T19:36:23","isFullCredit":false},{"lineNumber":145,"author":{"gitId":"limzishen"},"content":"","lastModifiedDate":"2026-01-18T19:36:23","isFullCredit":false},{"lineNumber":146,"author":{"gitId":"limzishen"},"content":"                    case TODO:","lastModifiedDate":"2026-01-18T19:36:23","isFullCredit":false},{"lineNumber":147,"author":{"gitId":"limzishen"},"content":"                    case DEADLINE:","lastModifiedDate":"2026-01-18T19:36:23","isFullCredit":false},{"lineNumber":148,"author":{"gitId":"limzishen"},"content":"                    case EVENT:","lastModifiedDate":"2026-01-18T19:36:23","isFullCredit":false},{"lineNumber":149,"author":{"gitId":"limzishen"},"content":"                        if (input.length \u003c 2) throw new MissingTaskException(\"No task\");","lastModifiedDate":"2026-01-18T19:36:23","isFullCredit":false},{"lineNumber":150,"author":{"gitId":"limzishen"},"content":"                        String splice \u003d String.join(\" \", Arrays.copyOfRange(input, 1, input.length));","lastModifiedDate":"2026-01-18T19:36:23","isFullCredit":false},{"lineNumber":151,"author":{"gitId":"limzishen"},"content":"                        Task newTask \u003d switch (cmd) {","lastModifiedDate":"2026-01-18T19:36:23","isFullCredit":false},{"lineNumber":152,"author":{"gitId":"limzishen"},"content":"                            case TODO -\u003e new Task(splice);","lastModifiedDate":"2026-01-18T19:36:23","isFullCredit":false},{"lineNumber":153,"author":{"gitId":"limzishen"},"content":"                            case DEADLINE -\u003e {","lastModifiedDate":"2026-01-18T19:36:23","isFullCredit":false},{"lineNumber":154,"author":{"gitId":"limzishen"},"content":"                                String[] deadlinesPart \u003d splice.split(\" /by \");","lastModifiedDate":"2026-01-18T19:36:23","isFullCredit":false},{"lineNumber":155,"author":{"gitId":"limzishen"},"content":"                                if (deadlinesPart.length \u003c 2) throw new InvalidActionException(\"missing deadline\");","lastModifiedDate":"2026-01-18T19:36:23","isFullCredit":false},{"lineNumber":156,"author":{"gitId":"limzishen"},"content":"                                yield new Deadlines(deadlinesPart[0], deadlinesPart[1]);","lastModifiedDate":"2026-01-18T19:36:23","isFullCredit":false},{"lineNumber":157,"author":{"gitId":"limzishen"},"content":"                            }","lastModifiedDate":"2026-01-15T17:01:51","isFullCredit":false},{"lineNumber":158,"author":{"gitId":"limzishen"},"content":"                            case EVENT -\u003e {","lastModifiedDate":"2026-01-18T19:36:23","isFullCredit":false},{"lineNumber":159,"author":{"gitId":"limzishen"},"content":"                                String[] eventParts \u003d splice.split(\" /from | /to \");","lastModifiedDate":"2026-01-18T19:36:23","isFullCredit":false},{"lineNumber":160,"author":{"gitId":"limzishen"},"content":"                                if (eventParts.length \u003c 3) throw new InvalidActionException(\"missing start/end time\");","lastModifiedDate":"2026-01-18T19:36:23","isFullCredit":false},{"lineNumber":161,"author":{"gitId":"limzishen"},"content":"                                yield new Event(eventParts[0], eventParts[1], eventParts[0]);","lastModifiedDate":"2026-01-18T19:36:23","isFullCredit":false},{"lineNumber":162,"author":{"gitId":"limzishen"},"content":"                            }","lastModifiedDate":"2026-01-18T04:35:40","isFullCredit":false},{"lineNumber":163,"author":{"gitId":"limzishen"},"content":"                            default -\u003e throw new InvalidActionException(\"Unexpected error\");","lastModifiedDate":"2026-01-18T19:36:23","isFullCredit":false},{"lineNumber":164,"author":{"gitId":"limzishen"},"content":"                        };","lastModifiedDate":"2026-01-18T04:35:40","isFullCredit":false},{"lineNumber":165,"author":{"gitId":"limzishen"},"content":"                        tasks.add(newTask);","lastModifiedDate":"2026-01-16T14:10:11","isFullCredit":false},{"lineNumber":166,"author":{"gitId":"limzishen"},"content":"                        System.out.println(newTask.taskAddedMessage(tasks.size()));","lastModifiedDate":"2026-01-18T02:15:31","isFullCredit":false},{"lineNumber":167,"author":{"gitId":"limzishen"},"content":"                        break;","lastModifiedDate":"2026-01-18T19:36:23","isFullCredit":false},{"lineNumber":168,"author":{"gitId":"limzishen"},"content":"","lastModifiedDate":"2026-01-18T19:36:23","isFullCredit":false},{"lineNumber":169,"author":{"gitId":"limzishen"},"content":"                    case UNKNOWN:","lastModifiedDate":"2026-01-18T19:36:23","isFullCredit":false},{"lineNumber":170,"author":{"gitId":"limzishen"},"content":"                    default:","lastModifiedDate":"2026-01-18T19:36:23","isFullCredit":false},{"lineNumber":171,"author":{"gitId":"limzishen"},"content":"                        throw new InvalidActionException(\"Invalid Action: \" + input[0]);","lastModifiedDate":"2026-01-18T19:36:23","isFullCredit":false},{"lineNumber":172,"author":{"gitId":"limzishen"},"content":"                }","lastModifiedDate":"2026-01-16T11:18:49","isFullCredit":false},{"lineNumber":173,"author":{"gitId":"limzishen"},"content":"            } catch (InvalidActionException | MissingTaskException e) {","lastModifiedDate":"2026-01-18T19:36:23","isFullCredit":false},{"lineNumber":174,"author":{"gitId":"limzishen"},"content":"                System.out.printf(\"Error: %s%n\\n\", e.getMessage());","lastModifiedDate":"2026-01-18T04:35:40","isFullCredit":false},{"lineNumber":175,"author":{"gitId":"limzishen"},"content":"            } catch (NumberFormatException | IndexOutOfBoundsException e) {","lastModifiedDate":"2026-01-18T19:36:23","isFullCredit":false},{"lineNumber":176,"author":{"gitId":"limzishen"},"content":"                System.out.println(\"Error: Please provide a valid task number.\");","lastModifiedDate":"2026-01-18T19:36:23","isFullCredit":false},{"lineNumber":177,"author":{"gitId":"limzishen"},"content":"            }","lastModifiedDate":"2026-01-18T04:35:40","isFullCredit":false},{"lineNumber":178,"author":{"gitId":"limzishen"},"content":"            System.out.println(line);","lastModifiedDate":"2026-01-18T19:36:23","isFullCredit":false},{"lineNumber":179,"author":{"gitId":"limzishen"},"content":"        }","lastModifiedDate":"2026-01-15T17:01:51","isFullCredit":false},{"lineNumber":180,"author":{"gitId":"limzishen"},"content":"","lastModifiedDate":"2026-01-15T17:01:51","isFullCredit":false},{"lineNumber":181,"author":{"gitId":"limzishen"},"content":"        // Exit","lastModifiedDate":"2026-01-15T16:52:14","isFullCredit":false},{"lineNumber":182,"author":{"gitId":"limzishen"},"content":"        System.out.println(line);","lastModifiedDate":"2026-01-15T17:01:51","isFullCredit":false},{"lineNumber":183,"author":{"gitId":"limzishen"},"content":"        String exitMessage \u003d \"Bye. Hope to see you again soon!\";","lastModifiedDate":"2026-01-15T16:52:14","isFullCredit":false},{"lineNumber":184,"author":{"gitId":"limzishen"},"content":"        System.out.println(exitMessage);","lastModifiedDate":"2026-01-15T16:52:14","isFullCredit":false},{"lineNumber":185,"author":{"gitId":"limzishen"},"content":"        System.out.println(line);","lastModifiedDate":"2026-01-15T16:52:14","isFullCredit":false},{"lineNumber":186,"author":{"gitId":"limzishen"},"content":"    }","lastModifiedDate":"2026-01-15T16:52:14","isFullCredit":false},{"lineNumber":187,"author":{"gitId":"limzishen"},"content":"}","lastModifiedDate":"2026-01-15T16:52:14","isFullCredit":false}],"authorContributionMap":{"limzishen":187}},{"path":"src/main/java/Event.java","fileType":"java","lines":[{"lineNumber":1,"author":{"gitId":"limzishen"},"content":"class Event extends Task{","lastModifiedDate":"2026-01-18T02:15:31","isFullCredit":false},{"lineNumber":2,"author":{"gitId":"limzishen"},"content":"    public String startTime;","lastModifiedDate":"2026-01-18T02:15:31","isFullCredit":false},{"lineNumber":3,"author":{"gitId":"limzishen"},"content":"    public String endTime;","lastModifiedDate":"2026-01-18T02:15:31","isFullCredit":false},{"lineNumber":4,"author":{"gitId":"limzishen"},"content":"","lastModifiedDate":"2026-01-21T17:20:13","isFullCredit":false},{"lineNumber":5,"author":{"gitId":"limzishen"},"content":"    public Event (String taskName, Boolean status, String startTime, String endTime) {","lastModifiedDate":"2026-01-21T17:20:13","isFullCredit":false},{"lineNumber":6,"author":{"gitId":"limzishen"},"content":"        super(taskName, status);","lastModifiedDate":"2026-01-21T17:20:13","isFullCredit":false},{"lineNumber":7,"author":{"gitId":"limzishen"},"content":"        this.startTime \u003d startTime;","lastModifiedDate":"2026-01-21T17:20:13","isFullCredit":false},{"lineNumber":8,"author":{"gitId":"limzishen"},"content":"        this.endTime \u003d endTime;","lastModifiedDate":"2026-01-21T17:20:13","isFullCredit":false},{"lineNumber":9,"author":{"gitId":"limzishen"},"content":"    }","lastModifiedDate":"2026-01-21T17:20:13","isFullCredit":false},{"lineNumber":10,"author":{"gitId":"limzishen"},"content":"    public Event(String taskName, String startTime, String endTime) {","lastModifiedDate":"2026-01-18T02:15:31","isFullCredit":false},{"lineNumber":11,"author":{"gitId":"limzishen"},"content":"        super(taskName);","lastModifiedDate":"2026-01-18T02:15:31","isFullCredit":false},{"lineNumber":12,"author":{"gitId":"limzishen"},"content":"        this.startTime \u003d startTime;","lastModifiedDate":"2026-01-18T02:15:31","isFullCredit":false},{"lineNumber":13,"author":{"gitId":"limzishen"},"content":"        this.endTime \u003d endTime;","lastModifiedDate":"2026-01-18T02:15:31","isFullCredit":false},{"lineNumber":14,"author":{"gitId":"limzishen"},"content":"    }","lastModifiedDate":"2026-01-18T02:15:31","isFullCredit":false},{"lineNumber":15,"author":{"gitId":"limzishen"},"content":"","lastModifiedDate":"2026-01-18T02:15:31","isFullCredit":false},{"lineNumber":16,"author":{"gitId":"limzishen"},"content":"    @Override","lastModifiedDate":"2026-01-21T17:20:13","isFullCredit":false},{"lineNumber":17,"author":{"gitId":"limzishen"},"content":"    public String storeTask() {","lastModifiedDate":"2026-01-21T17:20:13","isFullCredit":false},{"lineNumber":18,"author":{"gitId":"limzishen"},"content":"        return String.format(\"EVENT | %s | %s | %s | %s\", status.toString(), super.taskName, startTime, endTime);","lastModifiedDate":"2026-01-21T17:20:13","isFullCredit":false},{"lineNumber":19,"author":{"gitId":"limzishen"},"content":"    }","lastModifiedDate":"2026-01-21T17:20:13","isFullCredit":false},{"lineNumber":20,"author":{"gitId":"limzishen"},"content":"","lastModifiedDate":"2026-01-21T17:20:13","isFullCredit":false},{"lineNumber":21,"author":{"gitId":"limzishen"},"content":"    @Override","lastModifiedDate":"2026-01-18T02:15:31","isFullCredit":false},{"lineNumber":22,"author":{"gitId":"limzishen"},"content":"    public String toString() {","lastModifiedDate":"2026-01-18T02:15:31","isFullCredit":false},{"lineNumber":23,"author":{"gitId":"limzishen"},"content":"        String statusIcon \u003d status ? \"X\" : \" \"; // X if true, space if false","lastModifiedDate":"2026-01-18T02:15:31","isFullCredit":false},{"lineNumber":24,"author":{"gitId":"limzishen"},"content":"        return String.format(\"[E] [%s] %s Start Time: %s End Time: %s\",","lastModifiedDate":"2026-01-18T02:15:31","isFullCredit":false},{"lineNumber":25,"author":{"gitId":"limzishen"},"content":"                statusIcon, taskName, startTime, endTime);","lastModifiedDate":"2026-01-18T02:15:31","isFullCredit":false},{"lineNumber":26,"author":{"gitId":"limzishen"},"content":"    }","lastModifiedDate":"2026-01-18T02:15:31","isFullCredit":false},{"lineNumber":27,"author":{"gitId":"limzishen"},"content":"","lastModifiedDate":"2026-01-18T02:15:31","isFullCredit":false},{"lineNumber":28,"author":{"gitId":"limzishen"},"content":"}","lastModifiedDate":"2026-01-18T02:15:31","isFullCredit":false}],"authorContributionMap":{"limzishen":28}},{"path":"src/main/java/Task.java","fileType":"java","lines":[{"lineNumber":1,"author":{"gitId":"limzishen"},"content":"public class Task {","lastModifiedDate":"2026-01-16T14:10:11","isFullCredit":false},{"lineNumber":2,"author":{"gitId":"limzishen"},"content":"    public Boolean status;","lastModifiedDate":"2026-01-16T14:10:11","isFullCredit":false},{"lineNumber":3,"author":{"gitId":"limzishen"},"content":"    public String taskName;","lastModifiedDate":"2026-01-16T14:10:11","isFullCredit":false},{"lineNumber":4,"author":{"gitId":"limzishen"},"content":"","lastModifiedDate":"2026-01-16T14:10:11","isFullCredit":false},{"lineNumber":5,"author":{"gitId":"limzishen"},"content":"    public Task(String taskName, boolean status) {","lastModifiedDate":"2026-01-16T14:10:11","isFullCredit":false},{"lineNumber":6,"author":{"gitId":"limzishen"},"content":"        this.taskName \u003d taskName;","lastModifiedDate":"2026-01-16T14:10:11","isFullCredit":false},{"lineNumber":7,"author":{"gitId":"limzishen"},"content":"        this.status \u003d status;","lastModifiedDate":"2026-01-16T14:10:11","isFullCredit":false},{"lineNumber":8,"author":{"gitId":"limzishen"},"content":"    }","lastModifiedDate":"2026-01-16T14:10:11","isFullCredit":false},{"lineNumber":9,"author":{"gitId":"limzishen"},"content":"","lastModifiedDate":"2026-01-16T14:10:11","isFullCredit":false},{"lineNumber":10,"author":{"gitId":"limzishen"},"content":"    public Task(String taskName) {","lastModifiedDate":"2026-01-16T14:10:11","isFullCredit":false},{"lineNumber":11,"author":{"gitId":"limzishen"},"content":"        this(taskName, false);","lastModifiedDate":"2026-01-16T14:10:11","isFullCredit":false},{"lineNumber":12,"author":{"gitId":"limzishen"},"content":"    }","lastModifiedDate":"2026-01-16T14:10:11","isFullCredit":false},{"lineNumber":13,"author":{"gitId":"limzishen"},"content":"","lastModifiedDate":"2026-01-16T14:10:11","isFullCredit":false},{"lineNumber":14,"author":{"gitId":"limzishen"},"content":"    public String taskAddedMessage(int taskCount) {","lastModifiedDate":"2026-01-18T02:15:31","isFullCredit":false},{"lineNumber":15,"author":{"gitId":"limzishen"},"content":"        return String.format(","lastModifiedDate":"2026-01-18T02:15:31","isFullCredit":false},{"lineNumber":16,"author":{"gitId":"limzishen"},"content":"                \"Got it. I\u0027ve added this task: \\n \" +","lastModifiedDate":"2026-01-18T02:15:31","isFullCredit":false},{"lineNumber":17,"author":{"gitId":"limzishen"},"content":"                        \"%s\" +","lastModifiedDate":"2026-01-18T02:15:31","isFullCredit":false},{"lineNumber":18,"author":{"gitId":"limzishen"},"content":"                        \"\\n Now you have %d tasks in the list.\",","lastModifiedDate":"2026-01-18T02:15:31","isFullCredit":false},{"lineNumber":19,"author":{"gitId":"limzishen"},"content":"                this.toString(), taskCount);","lastModifiedDate":"2026-01-18T02:15:31","isFullCredit":false},{"lineNumber":20,"author":{"gitId":"limzishen"},"content":"    }","lastModifiedDate":"2026-01-18T02:15:31","isFullCredit":false},{"lineNumber":21,"author":{"gitId":"limzishen"},"content":"","lastModifiedDate":"2026-01-18T02:15:31","isFullCredit":false},{"lineNumber":22,"author":{"gitId":"limzishen"},"content":"    public String storeTask() {","lastModifiedDate":"2026-01-21T17:20:13","isFullCredit":false},{"lineNumber":23,"author":{"gitId":"limzishen"},"content":"        return String.format(\"TODO | %s | %s\", status.toString(), taskName);","lastModifiedDate":"2026-01-21T17:20:13","isFullCredit":false},{"lineNumber":24,"author":{"gitId":"limzishen"},"content":"    }","lastModifiedDate":"2026-01-21T17:20:13","isFullCredit":false},{"lineNumber":25,"author":{"gitId":"limzishen"},"content":"","lastModifiedDate":"2026-01-21T17:20:13","isFullCredit":false},{"lineNumber":26,"author":{"gitId":"limzishen"},"content":"","lastModifiedDate":"2026-01-21T17:20:13","isFullCredit":false},{"lineNumber":27,"author":{"gitId":"limzishen"},"content":"    @Override","lastModifiedDate":"2026-01-16T14:10:11","isFullCredit":false},{"lineNumber":28,"author":{"gitId":"limzishen"},"content":"    public String toString() {","lastModifiedDate":"2026-01-16T14:10:11","isFullCredit":false},{"lineNumber":29,"author":{"gitId":"limzishen"},"content":"        String statusIcon \u003d status ? \"X\" : \" \"; // X if true, space if false","lastModifiedDate":"2026-01-18T02:15:31","isFullCredit":false},{"lineNumber":30,"author":{"gitId":"limzishen"},"content":"        return String.format(\"[T] [%s] %s\",","lastModifiedDate":"2026-01-18T02:15:31","isFullCredit":false},{"lineNumber":31,"author":{"gitId":"limzishen"},"content":"                statusIcon, taskName);","lastModifiedDate":"2026-01-18T02:15:31","isFullCredit":false},{"lineNumber":32,"author":{"gitId":"limzishen"},"content":"    }","lastModifiedDate":"2026-01-16T14:10:11","isFullCredit":false},{"lineNumber":33,"author":{"gitId":"limzishen"},"content":"","lastModifiedDate":"2026-01-18T02:15:31","isFullCredit":false},{"lineNumber":34,"author":{"gitId":"limzishen"},"content":"}","lastModifiedDate":"2026-01-16T14:10:11","isFullCredit":false}],"authorContributionMap":{"limzishen":34}},{"path":"src/main/java/exception/InvalidActionException.java","fileType":"java","lines":[{"lineNumber":1,"author":{"gitId":"limzishen"},"content":"package exception;","lastModifiedDate":"2026-01-18T04:35:40","isFullCredit":false},{"lineNumber":2,"author":{"gitId":"limzishen"},"content":"","lastModifiedDate":"2026-01-18T04:35:40","isFullCredit":false},{"lineNumber":3,"author":{"gitId":"limzishen"},"content":"public class InvalidActionException extends Exception{","lastModifiedDate":"2026-01-18T04:35:40","isFullCredit":false},{"lineNumber":4,"author":{"gitId":"limzishen"},"content":"    public InvalidActionException (String message) {","lastModifiedDate":"2026-01-18T04:35:40","isFullCredit":false},{"lineNumber":5,"author":{"gitId":"limzishen"},"content":"        super(message);","lastModifiedDate":"2026-01-18T04:35:40","isFullCredit":false},{"lineNumber":6,"author":{"gitId":"limzishen"},"content":"    }","lastModifiedDate":"2026-01-18T04:35:40","isFullCredit":false},{"lineNumber":7,"author":{"gitId":"limzishen"},"content":"","lastModifiedDate":"2026-01-18T04:35:40","isFullCredit":false},{"lineNumber":8,"author":{"gitId":"limzishen"},"content":"    @Override","lastModifiedDate":"2026-01-18T04:35:40","isFullCredit":false},{"lineNumber":9,"author":{"gitId":"limzishen"},"content":"    public String getMessage() {","lastModifiedDate":"2026-01-18T04:35:40","isFullCredit":false},{"lineNumber":10,"author":{"gitId":"limzishen"},"content":"        // Adds a custom prefix to every error message automatically","lastModifiedDate":"2026-01-18T04:35:40","isFullCredit":false},{"lineNumber":11,"author":{"gitId":"limzishen"},"content":"        return \" ☹ OOPS!!! \" + super.getMessage();","lastModifiedDate":"2026-01-18T04:35:40","isFullCredit":false},{"lineNumber":12,"author":{"gitId":"limzishen"},"content":"    }","lastModifiedDate":"2026-01-18T04:35:40","isFullCredit":false},{"lineNumber":13,"author":{"gitId":"limzishen"},"content":"","lastModifiedDate":"2026-01-18T04:35:40","isFullCredit":false},{"lineNumber":14,"author":{"gitId":"limzishen"},"content":"}","lastModifiedDate":"2026-01-18T04:35:40","isFullCredit":false}],"authorContributionMap":{"limzishen":14}},{"path":"src/main/java/exception/MissingTaskException.java","fileType":"java","lines":[{"lineNumber":1,"author":{"gitId":"limzishen"},"content":"package exception;","lastModifiedDate":"2026-01-18T04:35:40","isFullCredit":false},{"lineNumber":2,"author":{"gitId":"limzishen"},"content":"","lastModifiedDate":"2026-01-18T04:35:40","isFullCredit":false},{"lineNumber":3,"author":{"gitId":"limzishen"},"content":"public class MissingTaskException extends Exception{","lastModifiedDate":"2026-01-18T04:35:40","isFullCredit":false},{"lineNumber":4,"author":{"gitId":"limzishen"},"content":"    public MissingTaskException(String message) {","lastModifiedDate":"2026-01-18T04:35:40","isFullCredit":false},{"lineNumber":5,"author":{"gitId":"limzishen"},"content":"        super(message);","lastModifiedDate":"2026-01-18T04:35:40","isFullCredit":false},{"lineNumber":6,"author":{"gitId":"limzishen"},"content":"    }","lastModifiedDate":"2026-01-18T04:35:40","isFullCredit":false},{"lineNumber":7,"author":{"gitId":"limzishen"},"content":"","lastModifiedDate":"2026-01-18T04:35:40","isFullCredit":false},{"lineNumber":8,"author":{"gitId":"limzishen"},"content":"    @Override","lastModifiedDate":"2026-01-18T04:35:40","isFullCredit":false},{"lineNumber":9,"author":{"gitId":"limzishen"},"content":"    public String getMessage() {","lastModifiedDate":"2026-01-18T04:35:40","isFullCredit":false},{"lineNumber":10,"author":{"gitId":"limzishen"},"content":"        // Adds a custom prefix to every error message automatically","lastModifiedDate":"2026-01-18T04:35:40","isFullCredit":false},{"lineNumber":11,"author":{"gitId":"limzishen"},"content":"        return \" ☹ OOPS!!! \" + super.getMessage();","lastModifiedDate":"2026-01-18T04:35:40","isFullCredit":false},{"lineNumber":12,"author":{"gitId":"limzishen"},"content":"    }","lastModifiedDate":"2026-01-18T04:35:40","isFullCredit":false},{"lineNumber":13,"author":{"gitId":"limzishen"},"content":"}","lastModifiedDate":"2026-01-18T04:35:40","isFullCredit":false}],"authorContributionMap":{"limzishen":13}},{"path":"text-ui-test/input.txt","fileType":"txt","lines":[{"lineNumber":1,"author":{"gitId":"limzishen"},"content":"todo read book","lastModifiedDate":"2026-01-18T02:41:52","isFullCredit":false},{"lineNumber":2,"author":{"gitId":"limzishen"},"content":"deadline study /by 8pm","lastModifiedDate":"2026-01-18T19:36:23","isFullCredit":false},{"lineNumber":3,"author":{"gitId":"limzishen"},"content":"event lunch /from 12 /to 3","lastModifiedDate":"2026-01-18T19:36:23","isFullCredit":false},{"lineNumber":4,"author":{"gitId":"limzishen"},"content":"list","lastModifiedDate":"2026-01-18T02:41:52","isFullCredit":false},{"lineNumber":5,"author":{"gitId":"limzishen"},"content":"mark 1","lastModifiedDate":"2026-01-18T02:41:52","isFullCredit":false},{"lineNumber":6,"author":{"gitId":"limzishen"},"content":"unmark 2","lastModifiedDate":"2026-01-18T19:36:23","isFullCredit":false},{"lineNumber":7,"author":{"gitId":"limzishen"},"content":"delete 1","lastModifiedDate":"2026-01-18T19:36:23","isFullCredit":false},{"lineNumber":8,"author":{"gitId":"limzishen"},"content":"todo","lastModifiedDate":"2026-01-18T19:36:23","isFullCredit":false},{"lineNumber":9,"author":{"gitId":"limzishen"},"content":"deadline","lastModifiedDate":"2026-01-18T19:36:23","isFullCredit":false},{"lineNumber":10,"author":{"gitId":"limzishen"},"content":"event","lastModifiedDate":"2026-01-18T19:36:23","isFullCredit":false},{"lineNumber":11,"author":{"gitId":"limzishen"},"content":"deadline sleep /by","lastModifiedDate":"2026-01-18T19:36:23","isFullCredit":false},{"lineNumber":12,"author":{"gitId":"limzishen"},"content":"event dinner /from 3","lastModifiedDate":"2026-01-18T19:36:23","isFullCredit":false}],"authorContributionMap":{"limzishen":12}},{"path":"text-ui-test/runtest.sh","fileType":"sh","lines":[{"lineNumber":1,"author":{"gitId":"-"},"content":"#!/usr/bin/env bash","lastModifiedDate":"2020-05-25T00:03:55","isFullCredit":false},{"lineNumber":2,"author":{"gitId":"-"},"content":"","lastModifiedDate":"2020-05-25T00:03:55","isFullCredit":false},{"lineNumber":3,"author":{"gitId":"limzishen"},"content":"# Create bin directory if it doesn\u0027t exist","lastModifiedDate":"2026-01-18T19:36:23","isFullCredit":false},{"lineNumber":4,"author":{"gitId":"limzishen"},"content":"if [ ! -d \"bin\" ]","lastModifiedDate":"2026-01-18T19:36:23","isFullCredit":false},{"lineNumber":5,"author":{"gitId":"-"},"content":"then","lastModifiedDate":"2020-05-25T00:03:55","isFullCredit":false},{"lineNumber":6,"author":{"gitId":"limzishen"},"content":"    mkdir bin","lastModifiedDate":"2026-01-18T19:36:23","isFullCredit":false},{"lineNumber":7,"author":{"gitId":"-"},"content":"fi","lastModifiedDate":"2020-05-25T00:03:55","isFullCredit":false},{"lineNumber":8,"author":{"gitId":"-"},"content":"","lastModifiedDate":"2020-05-25T00:03:55","isFullCredit":false},{"lineNumber":9,"author":{"gitId":"limzishen"},"content":"# Delete output from previous run","lastModifiedDate":"2026-01-18T19:36:23","isFullCredit":false},{"lineNumber":10,"author":{"gitId":"limzishen"},"content":"if [ -e \"text-ui-test/ACTUAL.TXT\" ]","lastModifiedDate":"2026-01-18T19:36:23","isFullCredit":false},{"lineNumber":11,"author":{"gitId":"-"},"content":"then","lastModifiedDate":"2020-05-25T00:03:55","isFullCredit":false},{"lineNumber":12,"author":{"gitId":"limzishen"},"content":"    rm text-ui-test/ACTUAL.TXT","lastModifiedDate":"2026-01-18T19:36:23","isFullCredit":false},{"lineNumber":13,"author":{"gitId":"-"},"content":"fi","lastModifiedDate":"2020-05-25T00:03:55","isFullCredit":false},{"lineNumber":14,"author":{"gitId":"-"},"content":"","lastModifiedDate":"2020-05-25T00:03:55","isFullCredit":false},{"lineNumber":15,"author":{"gitId":"limzishen"},"content":"# Compile the code into the bin folder","lastModifiedDate":"2026-01-18T19:36:23","isFullCredit":false},{"lineNumber":16,"author":{"gitId":"limzishen"},"content":"# Note: We point to src/main/java and include the exception subfolder","lastModifiedDate":"2026-01-18T19:36:23","isFullCredit":false},{"lineNumber":17,"author":{"gitId":"limzishen"},"content":"if ! javac -cp src/main/java -Xlint:none -d bin src/main/java/*.java src/main/java/exception/*.java","lastModifiedDate":"2026-01-18T19:36:23","isFullCredit":false},{"lineNumber":18,"author":{"gitId":"-"},"content":"then","lastModifiedDate":"2020-05-25T00:03:55","isFullCredit":false},{"lineNumber":19,"author":{"gitId":"-"},"content":"    echo \"********** BUILD FAILURE **********\"","lastModifiedDate":"2020-05-25T00:03:55","isFullCredit":false},{"lineNumber":20,"author":{"gitId":"-"},"content":"    exit 1","lastModifiedDate":"2020-05-25T00:03:55","isFullCredit":false},{"lineNumber":21,"author":{"gitId":"-"},"content":"fi","lastModifiedDate":"2020-05-25T00:03:55","isFullCredit":false},{"lineNumber":22,"author":{"gitId":"-"},"content":"","lastModifiedDate":"2020-05-25T00:03:55","isFullCredit":false},{"lineNumber":23,"author":{"gitId":"limzishen"},"content":"# Run the program, feed commands from input.txt and redirect to ACTUAL.TXT","lastModifiedDate":"2026-01-18T19:36:23","isFullCredit":false},{"lineNumber":24,"author":{"gitId":"limzishen"},"content":"# Changed \u0027Duke\u0027 to \u0027Dicky\u0027 to match your class name","lastModifiedDate":"2026-01-18T19:36:23","isFullCredit":false},{"lineNumber":25,"author":{"gitId":"limzishen"},"content":"java -classpath bin Dicky \u003c text-ui-test/input.txt \u003e text-ui-test/ACTUAL.TXT","lastModifiedDate":"2026-01-18T19:36:23","isFullCredit":false},{"lineNumber":26,"author":{"gitId":"-"},"content":"","lastModifiedDate":"2020-05-25T00:03:55","isFullCredit":false},{"lineNumber":27,"author":{"gitId":"limzishen"},"content":"# Compare the output to the expected output","lastModifiedDate":"2026-01-18T19:36:23","isFullCredit":false},{"lineNumber":28,"author":{"gitId":"limzishen"},"content":"# We use -w to ignore trailing whitespace which often causes false failures","lastModifiedDate":"2026-01-18T19:36:23","isFullCredit":false},{"lineNumber":29,"author":{"gitId":"limzishen"},"content":"diff text-ui-test/ACTUAL.TXT text-ui-test/EXPECTED.TXT","lastModifiedDate":"2026-01-18T19:36:23","isFullCredit":false},{"lineNumber":30,"author":{"gitId":"-"},"content":"if [ $? -eq 0 ]","lastModifiedDate":"2020-05-25T00:03:55","isFullCredit":false},{"lineNumber":31,"author":{"gitId":"-"},"content":"then","lastModifiedDate":"2020-05-25T00:03:55","isFullCredit":false},{"lineNumber":32,"author":{"gitId":"-"},"content":"    echo \"Test result: PASSED\"","lastModifiedDate":"2020-05-25T00:03:55","isFullCredit":false},{"lineNumber":33,"author":{"gitId":"-"},"content":"    exit 0","lastModifiedDate":"2020-05-25T00:03:55","isFullCredit":false},{"lineNumber":34,"author":{"gitId":"-"},"content":"else","lastModifiedDate":"2020-05-25T00:03:55","isFullCredit":false},{"lineNumber":35,"author":{"gitId":"-"},"content":"    echo \"Test result: FAILED\"","lastModifiedDate":"2020-05-25T00:03:55","isFullCredit":false},{"lineNumber":36,"author":{"gitId":"-"},"content":"    exit 1","lastModifiedDate":"2020-05-25T00:03:55","isFullCredit":false},{"lineNumber":37,"author":{"gitId":"-"},"content":"fi","lastModifiedDate":"2020-05-25T00:03:55","isFullCredit":false}],"authorContributionMap":{"limzishen":15,"-":22}}]
