{"authorDailyContributionsMap":{"limzishen":[{"date":"2026-01-15T00:00:00","commitResults":[{"hash":"cb690460f936c98a18a81c168541f04a2306be7d","isMergeCommit":false,"messageTitle":"Implemented Level-0 Rename, Greet, Exit","messageBody":"","tags":["Level-0"],"fileTypesAndContributionMap":{"java":{"insertions":18,"deletions":0}}},{"hash":"3bf7cba7322663d9c416c292efe8547e570cd064","isMergeCommit":false,"messageTitle":"implemented echo","messageBody":"","tags":["Level-1"],"fileTypesAndContributionMap":{"java":{"insertions":14,"deletions":1}}}]},{"date":"2026-01-16T00:00:00","commitResults":[{"hash":"5e6f3e4e54dd4b7fe117ef62c5b9150069e7be57","isMergeCommit":false,"messageTitle":"implemented read list","messageBody":"","tags":["Level-2"],"fileTypesAndContributionMap":{"java":{"insertions":16,"deletions":2}}},{"hash":"34f45fcee6d0c041d3428e32ed637e116171da3d","isMergeCommit":false,"messageTitle":"improved on the task adding feature","messageBody":"","fileTypesAndContributionMap":{"java":{"insertions":6,"deletions":5}}},{"hash":"5bbf242e28583fb7a8f69453a38c6483a971d58b","isMergeCommit":false,"messageTitle":"Implement mark as done feature","messageBody":"","tags":["Level-3"],"fileTypesAndContributionMap":{"java":{"insertions":40,"deletions":4}}}]},{"date":"2026-01-18T00:00:00","commitResults":[{"hash":"3c3644787a58d80307088a0b5f12b2fe9568c162","isMergeCommit":false,"messageTitle":"Implement todo, deadline, event feature","messageBody":"","tags":["Level-4"],"fileTypesAndContributionMap":{"java":{"insertions":65,"deletions":11}}},{"hash":"749047cb90c366838b88d19c58dcd06ff94702fb","isMergeCommit":false,"messageTitle":"Implement testing","messageBody":"","tags":["TextUITesting"],"fileTypesAndContributionMap":{"txt":{"insertions":5,"deletions":0},"java":{"insertions":1,"deletions":0}}},{"hash":"b140b6fab3b281ba98d965ba7ccdb52d5272e56f","isMergeCommit":false,"messageTitle":"Implement Exception Handling","messageBody":"","tags":["Level-5"],"fileTypesAndContributionMap":{"java":{"insertions":78,"deletions":41}}},{"hash":"2793795ebc3af9fa8676317b4205b90970f0beb8","isMergeCommit":false,"messageTitle":"Implement delete feature","messageBody":"","tags":["Level-6"],"fileTypesAndContributionMap":{"txt":{"insertions":9,"deletions":2},"java":{"insertions":81,"deletions":57},"sh":{"insertions":15,"deletions":16}}}]},{"date":"2026-01-21T00:00:00","commitResults":[{"hash":"47f7d86a2193370d878bf41ca4cda5e053c6dace","isMergeCommit":false,"messageTitle":"implement save file feature","messageBody":"","tags":["Level-7"],"fileTypesAndContributionMap":{"txt":{"insertions":4,"deletions":0},"java":{"insertions":111,"deletions":3}}},{"hash":"8f7266a16ef268cafd2b0eb50788ed8974637bdb","isMergeCommit":true,"messageTitle":"Merge branch \u0027branch-level-7\u0027","messageBody":"","fileTypesAndContributionMap":{}}]},{"date":"2026-01-22T00:00:00","commitResults":[{"hash":"952b1435bab29865a728b7290d3ee7386ee59b45","isMergeCommit":false,"messageTitle":"implement date time format","messageBody":"","tags":["A-TextUiTesting"],"fileTypesAndContributionMap":{"txt":{"insertions":7,"deletions":13},"java":{"insertions":47,"deletions":16},"sh":{"insertions":4,"deletions":0}}}]},{"date":"2026-01-23T00:00:00","commitResults":[{"hash":"f81473e50fc1f78d7aebb80e79241f22414f5d86","isMergeCommit":false,"messageTitle":"improve on oop","messageBody":"","fileTypesAndContributionMap":{"txt":{"insertions":1,"deletions":1},"java":{"insertions":159,"deletions":109}}},{"hash":"5162887e18832b8331990315d84f3e9e0e0f214a","isMergeCommit":false,"messageTitle":"implement packages","messageBody":"","fileTypesAndContributionMap":{"java":{"insertions":14,"deletions":5}}}]},{"date":"2026-01-24T00:00:00","commitResults":[{"hash":"5483623b3cc517b13da03ba52d8d440d860560b3","isMergeCommit":false,"messageTitle":"implement grable build","messageBody":"","fileTypesAndContributionMap":{"gradle":{"insertions":61,"deletions":0},"txt":{"insertions":1,"deletions":8},"java":{"insertions":19,"deletions":8},"bat":{"insertions":0,"deletions":21},"sh":{"insertions":0,"deletions":41}}},{"hash":"5b9bb2df983e3f20762f8feaf1a5eaf1e843fa70","isMergeCommit":false,"messageTitle":"add Junit test cases","messageBody":"","fileTypesAndContributionMap":{"gradle":{"insertions":18,"deletions":5},"txt":{"insertions":2,"deletions":3},"java":{"insertions":250,"deletions":5}}}]},{"date":"2026-01-25T00:00:00","commitResults":[{"hash":"50eed159d365d5c144ac46e2f16c0a43fdb93ca5","isMergeCommit":false,"messageTitle":"Adds java docs","messageBody":"","fileTypesAndContributionMap":{"java":{"insertions":161,"deletions":1}}},{"hash":"912465dc4d03a6a797870a044d0888e246e7748a","isMergeCommit":false,"messageTitle":"code style update","messageBody":"","fileTypesAndContributionMap":{"java":{"insertions":112,"deletions":103}}},{"hash":"e10db141b828e15bd5a744f06ce0c7b628e2053e","isMergeCommit":false,"messageTitle":"implement find feature","messageBody":"","fileTypesAndContributionMap":{"txt":{"insertions":2,"deletions":1},"java":{"insertions":37,"deletions":2}}},{"hash":"344b15d128953ea7f48a6c09157f9ed149920696","isMergeCommit":true,"messageTitle":"merge style changes","messageBody":"","fileTypesAndContributionMap":{}},{"hash":"b463a21bb9a4872977017e43460a42bb60f9cbb8","isMergeCommit":true,"messageTitle":"merge find feature branch","messageBody":"","fileTypesAndContributionMap":{}},{"hash":"4d495554aabf6391f26e7bed0af1287db51b8779","isMergeCommit":false,"messageTitle":"merge all branches and changes","messageBody":"","fileTypesAndContributionMap":{"java":{"insertions":62,"deletions":53}}}]}]},"authorFileTypeContributionMap":{"limzishen":{"java":873,"md":0,"fxml":0,"sh":0,"bat":0,"gradle":74,"txt":3}},"authorContributionVariance":{"limzishen":30107.516},"authorDisplayNameMap":{"limzishen":"CS2103T-T13-2 LIM ..SHEN"}}
