[{"path":"README.md","fileType":"md","lines":[{"lineNumber":1,"author":{"gitId":"kinyean"},"content":"# King project template","lastModifiedDate":"2026-01-21T16:07:27","isFullCredit":false},{"lineNumber":2,"author":{"gitId":"-"},"content":"","lastModifiedDate":"2020-05-25T00:03:55","isFullCredit":false},{"lineNumber":3,"author":{"gitId":"-"},"content":"This is a project template for a greenfield Java project. It\u0027s named after the Java mascot _Duke_. Given below are instructions on how to use it.","lastModifiedDate":"2020-05-25T00:03:55","isFullCredit":false},{"lineNumber":4,"author":{"gitId":"-"},"content":"","lastModifiedDate":"2020-05-25T00:03:55","isFullCredit":false},{"lineNumber":5,"author":{"gitId":"-"},"content":"## Setting up in Intellij","lastModifiedDate":"2020-05-25T00:03:55","isFullCredit":false},{"lineNumber":6,"author":{"gitId":"-"},"content":"","lastModifiedDate":"2020-05-25T00:03:55","isFullCredit":false},{"lineNumber":7,"author":{"gitId":"-"},"content":"Prerequisites: JDK 17, update Intellij to the most recent version.","lastModifiedDate":"2024-07-11T16:50:14","isFullCredit":false},{"lineNumber":8,"author":{"gitId":"-"},"content":"","lastModifiedDate":"2020-05-25T00:03:55","isFullCredit":false},{"lineNumber":9,"author":{"gitId":"-"},"content":"1. Open Intellij (if you are not in the welcome screen, click `File` \u003e `Close Project` to close the existing project first)","lastModifiedDate":"2021-01-17T12:25:53","isFullCredit":false},{"lineNumber":10,"author":{"gitId":"-"},"content":"1. Open the project into Intellij as follows:","lastModifiedDate":"2021-01-17T12:25:53","isFullCredit":false},{"lineNumber":11,"author":{"gitId":"-"},"content":"   1. Click `Open`.","lastModifiedDate":"2021-01-17T12:25:53","isFullCredit":false},{"lineNumber":12,"author":{"gitId":"-"},"content":"   1. Select the project directory, and click `OK`.","lastModifiedDate":"2021-01-17T12:25:53","isFullCredit":false},{"lineNumber":13,"author":{"gitId":"-"},"content":"   1. If there are any further prompts, accept the defaults.","lastModifiedDate":"2020-05-25T00:03:55","isFullCredit":false},{"lineNumber":14,"author":{"gitId":"-"},"content":"1. Configure the project to use **JDK 17** (not other versions) as explained in [here](https://www.jetbrains.com/help/idea/sdk.html#set-up-jdk).\u003cbr\u003e","lastModifiedDate":"2024-07-11T16:50:14","isFullCredit":false},{"lineNumber":15,"author":{"gitId":"-"},"content":"   In the same dialog, set the **Project language level** field to the `SDK default` option.","lastModifiedDate":"2021-07-29T20:29:39","isFullCredit":false},{"lineNumber":16,"author":{"gitId":"kinyean"},"content":"1. After that, locate the `src/main/java/King.java` file, right-click it, and choose `Run King.main()` (if the code editor is showing compile errors, try restarting the IDE). If the setup is correct, you should see something like the below as the output:","lastModifiedDate":"2026-01-21T16:07:27","isFullCredit":false},{"lineNumber":17,"author":{"gitId":"-"},"content":"   ```","lastModifiedDate":"2020-05-25T00:03:55","isFullCredit":false},{"lineNumber":18,"author":{"gitId":"-"},"content":"   Hello from","lastModifiedDate":"2020-05-25T00:03:55","isFullCredit":false},{"lineNumber":19,"author":{"gitId":"-"},"content":"    ____        _        ","lastModifiedDate":"2020-05-25T00:03:55","isFullCredit":false},{"lineNumber":20,"author":{"gitId":"-"},"content":"   |  _ \\ _   _| | _____ ","lastModifiedDate":"2020-05-25T00:03:55","isFullCredit":false},{"lineNumber":21,"author":{"gitId":"-"},"content":"   | | | | | | | |/ / _ \\","lastModifiedDate":"2020-05-25T00:03:55","isFullCredit":false},{"lineNumber":22,"author":{"gitId":"-"},"content":"   | |_| | |_| |   \u003c  __/","lastModifiedDate":"2020-05-25T00:03:55","isFullCredit":false},{"lineNumber":23,"author":{"gitId":"-"},"content":"   |____/ \\__,_|_|\\_\\___|","lastModifiedDate":"2020-05-25T00:03:55","isFullCredit":false},{"lineNumber":24,"author":{"gitId":"-"},"content":"   ```","lastModifiedDate":"2020-05-25T00:03:55","isFullCredit":false},{"lineNumber":25,"author":{"gitId":"-"},"content":"","lastModifiedDate":"2025-01-04T21:44:28","isFullCredit":false},{"lineNumber":26,"author":{"gitId":"-"},"content":"**Warning:** Keep the `src\\main\\java` folder as the root folder for Java files (i.e., don\u0027t rename those folders or move Java files to another folder outside of this folder path), as this is the default location some tools (e.g., Gradle) expect to find Java files.","lastModifiedDate":"2025-01-04T21:44:28","isFullCredit":false}],"authorContributionMap":{"kinyean":2,"-":24}},{"path":"docs/README.md","fileType":"md","lines":[{"lineNumber":1,"author":{"gitId":"kinyean"},"content":"# King User Guide","lastModifiedDate":"2026-01-21T16:07:27","isFullCredit":false},{"lineNumber":2,"author":{"gitId":"-"},"content":"","lastModifiedDate":"2019-07-29T17:14:46","isFullCredit":false},{"lineNumber":3,"author":{"gitId":"-"},"content":"// Update the title above to match the actual product name","lastModifiedDate":"2024-01-07T18:33:52","isFullCredit":false},{"lineNumber":4,"author":{"gitId":"-"},"content":"","lastModifiedDate":"2019-07-29T17:14:46","isFullCredit":false},{"lineNumber":5,"author":{"gitId":"-"},"content":"// Product screenshot goes here","lastModifiedDate":"2024-01-07T18:33:52","isFullCredit":false},{"lineNumber":6,"author":{"gitId":"-"},"content":"","lastModifiedDate":"2021-07-17T16:49:07","isFullCredit":false},{"lineNumber":7,"author":{"gitId":"-"},"content":"// Product intro goes here","lastModifiedDate":"2024-01-07T18:33:52","isFullCredit":false},{"lineNumber":8,"author":{"gitId":"-"},"content":"","lastModifiedDate":"2021-07-17T16:49:07","isFullCredit":false},{"lineNumber":9,"author":{"gitId":"-"},"content":"## Adding deadlines","lastModifiedDate":"2024-01-07T18:33:52","isFullCredit":false},{"lineNumber":10,"author":{"gitId":"-"},"content":"","lastModifiedDate":"2021-07-17T16:49:07","isFullCredit":false},{"lineNumber":11,"author":{"gitId":"-"},"content":"// Describe the action and its outcome.","lastModifiedDate":"2024-01-07T18:33:52","isFullCredit":false},{"lineNumber":12,"author":{"gitId":"-"},"content":"","lastModifiedDate":"2019-07-29T17:14:46","isFullCredit":false},{"lineNumber":13,"author":{"gitId":"-"},"content":"// Give examples of usage","lastModifiedDate":"2024-01-07T18:33:52","isFullCredit":false},{"lineNumber":14,"author":{"gitId":"-"},"content":"","lastModifiedDate":"2019-07-29T17:14:46","isFullCredit":false},{"lineNumber":15,"author":{"gitId":"-"},"content":"Example: `keyword (optional arguments)`","lastModifiedDate":"2024-01-07T18:33:52","isFullCredit":false},{"lineNumber":16,"author":{"gitId":"-"},"content":"","lastModifiedDate":"2019-07-29T17:14:46","isFullCredit":false},{"lineNumber":17,"author":{"gitId":"-"},"content":"// A description of the expected outcome goes here","lastModifiedDate":"2024-01-07T18:33:52","isFullCredit":false},{"lineNumber":18,"author":{"gitId":"-"},"content":"","lastModifiedDate":"2019-07-29T17:14:46","isFullCredit":false},{"lineNumber":19,"author":{"gitId":"-"},"content":"```","lastModifiedDate":"2024-01-07T18:33:52","isFullCredit":false},{"lineNumber":20,"author":{"gitId":"-"},"content":"expected output","lastModifiedDate":"2024-01-07T18:33:52","isFullCredit":false},{"lineNumber":21,"author":{"gitId":"-"},"content":"```","lastModifiedDate":"2024-01-07T18:33:52","isFullCredit":false},{"lineNumber":22,"author":{"gitId":"-"},"content":"","lastModifiedDate":"2019-07-29T17:14:46","isFullCredit":false},{"lineNumber":23,"author":{"gitId":"-"},"content":"## Feature ABC","lastModifiedDate":"2024-01-07T18:33:52","isFullCredit":false},{"lineNumber":24,"author":{"gitId":"-"},"content":"","lastModifiedDate":"2019-07-29T17:14:46","isFullCredit":false},{"lineNumber":25,"author":{"gitId":"-"},"content":"// Feature details","lastModifiedDate":"2024-01-07T18:33:52","isFullCredit":false},{"lineNumber":26,"author":{"gitId":"-"},"content":"","lastModifiedDate":"2019-07-29T17:14:46","isFullCredit":false},{"lineNumber":27,"author":{"gitId":"-"},"content":"","lastModifiedDate":"2021-07-17T16:49:07","isFullCredit":false},{"lineNumber":28,"author":{"gitId":"-"},"content":"## Feature XYZ","lastModifiedDate":"2024-01-07T18:33:52","isFullCredit":false},{"lineNumber":29,"author":{"gitId":"-"},"content":"","lastModifiedDate":"2024-01-07T18:33:52","isFullCredit":false},{"lineNumber":30,"author":{"gitId":"-"},"content":"// Feature details","lastModifiedDate":"2024-01-07T18:33:52","isFullCredit":false}],"authorContributionMap":{"kinyean":1,"-":29}},{"path":"src/main/java/Deadline.java","fileType":"java","lines":[{"lineNumber":1,"author":{"gitId":"kinyean"},"content":"public class Deadline extends Task{","lastModifiedDate":"2026-01-22T17:51:58","isFullCredit":false},{"lineNumber":2,"author":{"gitId":"kinyean"},"content":"","lastModifiedDate":"2026-01-22T17:51:58","isFullCredit":false},{"lineNumber":3,"author":{"gitId":"kinyean"},"content":"    private String by;","lastModifiedDate":"2026-01-22T17:51:58","isFullCredit":false},{"lineNumber":4,"author":{"gitId":"kinyean"},"content":"","lastModifiedDate":"2026-01-22T17:51:58","isFullCredit":false},{"lineNumber":5,"author":{"gitId":"kinyean"},"content":"    public Deadline(String description, String by) {","lastModifiedDate":"2026-01-22T17:51:58","isFullCredit":false},{"lineNumber":6,"author":{"gitId":"kinyean"},"content":"        super(description);","lastModifiedDate":"2026-01-22T17:51:58","isFullCredit":false},{"lineNumber":7,"author":{"gitId":"kinyean"},"content":"        this.by \u003d by;","lastModifiedDate":"2026-01-22T17:51:58","isFullCredit":false},{"lineNumber":8,"author":{"gitId":"kinyean"},"content":"    }","lastModifiedDate":"2026-01-22T17:51:58","isFullCredit":false},{"lineNumber":9,"author":{"gitId":"kinyean"},"content":"","lastModifiedDate":"2026-01-22T17:51:58","isFullCredit":false},{"lineNumber":10,"author":{"gitId":"kinyean"},"content":"    @Override","lastModifiedDate":"2026-01-22T17:51:58","isFullCredit":false},{"lineNumber":11,"author":{"gitId":"kinyean"},"content":"    public String toString() {","lastModifiedDate":"2026-01-22T17:51:58","isFullCredit":false},{"lineNumber":12,"author":{"gitId":"kinyean"},"content":"        return String.format(\"[D][%s] %s (by: %s)\", this.getStatus(), super.desc, this.by);","lastModifiedDate":"2026-01-22T17:51:58","isFullCredit":false},{"lineNumber":13,"author":{"gitId":"kinyean"},"content":"    }","lastModifiedDate":"2026-01-22T17:51:58","isFullCredit":false},{"lineNumber":14,"author":{"gitId":"kinyean"},"content":"}","lastModifiedDate":"2026-01-22T17:51:58","isFullCredit":false}],"authorContributionMap":{"kinyean":14}},{"path":"src/main/java/Event.java","fileType":"java","lines":[{"lineNumber":1,"author":{"gitId":"kinyean"},"content":"public class Event extends Task{","lastModifiedDate":"2026-01-22T17:51:58","isFullCredit":false},{"lineNumber":2,"author":{"gitId":"kinyean"},"content":"    private String from;","lastModifiedDate":"2026-01-22T17:51:58","isFullCredit":false},{"lineNumber":3,"author":{"gitId":"kinyean"},"content":"    private String to;","lastModifiedDate":"2026-01-22T17:51:58","isFullCredit":false},{"lineNumber":4,"author":{"gitId":"kinyean"},"content":"","lastModifiedDate":"2026-01-22T17:51:58","isFullCredit":false},{"lineNumber":5,"author":{"gitId":"kinyean"},"content":"    public Event(String description, String from, String to) {","lastModifiedDate":"2026-01-22T17:51:58","isFullCredit":false},{"lineNumber":6,"author":{"gitId":"kinyean"},"content":"        super(description);","lastModifiedDate":"2026-01-22T17:51:58","isFullCredit":false},{"lineNumber":7,"author":{"gitId":"kinyean"},"content":"        this.from \u003d from;","lastModifiedDate":"2026-01-22T17:51:58","isFullCredit":false},{"lineNumber":8,"author":{"gitId":"kinyean"},"content":"        this.to \u003d to;","lastModifiedDate":"2026-01-22T17:51:58","isFullCredit":false},{"lineNumber":9,"author":{"gitId":"kinyean"},"content":"    }","lastModifiedDate":"2026-01-22T17:51:58","isFullCredit":false},{"lineNumber":10,"author":{"gitId":"kinyean"},"content":"","lastModifiedDate":"2026-01-22T17:51:58","isFullCredit":false},{"lineNumber":11,"author":{"gitId":"kinyean"},"content":"    @Override","lastModifiedDate":"2026-01-22T17:51:58","isFullCredit":false},{"lineNumber":12,"author":{"gitId":"kinyean"},"content":"    public String toString() {","lastModifiedDate":"2026-01-22T17:51:58","isFullCredit":false},{"lineNumber":13,"author":{"gitId":"kinyean"},"content":"        return String.format(\"[E][%s] %s (from: %s to: %s)\", this.getStatus(), super.desc, this.from, this.to);","lastModifiedDate":"2026-01-22T17:51:58","isFullCredit":false},{"lineNumber":14,"author":{"gitId":"kinyean"},"content":"    }","lastModifiedDate":"2026-01-22T17:51:58","isFullCredit":false},{"lineNumber":15,"author":{"gitId":"kinyean"},"content":"}","lastModifiedDate":"2026-01-22T17:51:58","isFullCredit":false}],"authorContributionMap":{"kinyean":15}},{"path":"src/main/java/King.java","fileType":"java","lines":[{"lineNumber":1,"author":{"gitId":"kinyean"},"content":"import java.util.Scanner;","lastModifiedDate":"2026-01-21T16:07:27","isFullCredit":false},{"lineNumber":2,"author":{"gitId":"kinyean"},"content":"","lastModifiedDate":"2026-01-21T16:07:27","isFullCredit":false},{"lineNumber":3,"author":{"gitId":"kinyean"},"content":"public class King {","lastModifiedDate":"2026-01-21T16:07:27","isFullCredit":false},{"lineNumber":4,"author":{"gitId":"kinyean"},"content":"    public static void main(String[] args) {","lastModifiedDate":"2026-01-21T14:48:57","isFullCredit":false},{"lineNumber":5,"author":{"gitId":"kinyean"},"content":"        Scanner scan \u003d new Scanner(System.in);","lastModifiedDate":"2026-01-21T16:07:27","isFullCredit":false},{"lineNumber":6,"author":{"gitId":"kinyean"},"content":"        Task[] tarr \u003d new Task[100];","lastModifiedDate":"2026-01-21T22:58:08","isFullCredit":false},{"lineNumber":7,"author":{"gitId":"kinyean"},"content":"        int counter \u003d 0;","lastModifiedDate":"2026-01-21T17:03:38","isFullCredit":false},{"lineNumber":8,"author":{"gitId":"kinyean"},"content":"        String greet \u003d \"____________________________________________________________\\n\" +","lastModifiedDate":"2026-01-21T16:07:27","isFullCredit":false},{"lineNumber":9,"author":{"gitId":"kinyean"},"content":"                \" Hello! I\u0027m King\\n\" +","lastModifiedDate":"2026-01-21T14:48:57","isFullCredit":false},{"lineNumber":10,"author":{"gitId":"kinyean"},"content":"                \" What can I do for you?\\n\" +","lastModifiedDate":"2026-01-21T14:48:57","isFullCredit":false},{"lineNumber":11,"author":{"gitId":"kinyean"},"content":"                \"____________________________________________________________\\n\";","lastModifiedDate":"2026-01-21T14:48:57","isFullCredit":false},{"lineNumber":12,"author":{"gitId":"kinyean"},"content":"        String exit \u003d \" Bye. Hope to see you again soon!\\n\";","lastModifiedDate":"2026-01-21T16:07:27","isFullCredit":false},{"lineNumber":13,"author":{"gitId":"kinyean"},"content":"        System.out.println(greet);","lastModifiedDate":"2026-01-21T16:07:27","isFullCredit":false},{"lineNumber":14,"author":{"gitId":"kinyean"},"content":"        while (true) {","lastModifiedDate":"2026-01-21T16:07:27","isFullCredit":false},{"lineNumber":15,"author":{"gitId":"kinyean"},"content":"            String[] s \u003d scan.nextLine().split(\" \",2);","lastModifiedDate":"2026-01-22T17:51:58","isFullCredit":false},{"lineNumber":16,"author":{"gitId":"kinyean"},"content":"            if (s[0].equals(\"mark\")) {","lastModifiedDate":"2026-01-21T22:58:08","isFullCredit":false},{"lineNumber":17,"author":{"gitId":"kinyean"},"content":"                tarr[Integer.parseInt(s[1])-1].mark();","lastModifiedDate":"2026-01-21T22:58:08","isFullCredit":false},{"lineNumber":18,"author":{"gitId":"kinyean"},"content":"                System.out.println(\"Nice! I\u0027ve marked this task as done:\");","lastModifiedDate":"2026-01-21T22:58:08","isFullCredit":false},{"lineNumber":19,"author":{"gitId":"kinyean"},"content":"                System.out.printf(tarr[Integer.parseInt(s[1])-1].toString() + \"\\n\");","lastModifiedDate":"2026-01-22T17:51:58","isFullCredit":false},{"lineNumber":20,"author":{"gitId":"kinyean"},"content":"            } else if (s[0].equals(\"unmark\")) {","lastModifiedDate":"2026-01-21T22:58:08","isFullCredit":false},{"lineNumber":21,"author":{"gitId":"kinyean"},"content":"                tarr[Integer.parseInt(s[1])-1].unmark();","lastModifiedDate":"2026-01-21T22:58:08","isFullCredit":false},{"lineNumber":22,"author":{"gitId":"kinyean"},"content":"                System.out.println(\"OK, I\u0027ve marked this task as not done yet:\");","lastModifiedDate":"2026-01-21T22:58:08","isFullCredit":false},{"lineNumber":23,"author":{"gitId":"kinyean"},"content":"                System.out.printf(tarr[Integer.parseInt(s[1])-1].toString() + \"\\n\");","lastModifiedDate":"2026-01-22T17:51:58","isFullCredit":false},{"lineNumber":24,"author":{"gitId":"kinyean"},"content":"            } else if (s[0].equals(\"bye\")) {","lastModifiedDate":"2026-01-21T22:58:08","isFullCredit":false},{"lineNumber":25,"author":{"gitId":"kinyean"},"content":"                System.out.println(exit);","lastModifiedDate":"2026-01-21T16:07:27","isFullCredit":false},{"lineNumber":26,"author":{"gitId":"kinyean"},"content":"                break;","lastModifiedDate":"2026-01-21T16:07:27","isFullCredit":false},{"lineNumber":27,"author":{"gitId":"kinyean"},"content":"            } else if (s[0].equals(\"list\")) {","lastModifiedDate":"2026-01-21T22:58:08","isFullCredit":false},{"lineNumber":28,"author":{"gitId":"kinyean"},"content":"                System.out.println(\"Here are the tasks in your list:\");","lastModifiedDate":"2026-01-21T22:58:08","isFullCredit":false},{"lineNumber":29,"author":{"gitId":"kinyean"},"content":"                for (int i \u003d 0; i \u003c counter; i++) {","lastModifiedDate":"2026-01-21T17:03:38","isFullCredit":false},{"lineNumber":30,"author":{"gitId":"kinyean"},"content":"                    System.out.printf(i + 1 + \". \" + tarr[i].toString() + \"\\n\");","lastModifiedDate":"2026-01-22T17:51:58","isFullCredit":false},{"lineNumber":31,"author":{"gitId":"kinyean"},"content":"                }","lastModifiedDate":"2026-01-21T17:03:38","isFullCredit":false},{"lineNumber":32,"author":{"gitId":"kinyean"},"content":"            } else if (s[0].equals(\"deadline\")) {","lastModifiedDate":"2026-01-22T17:51:58","isFullCredit":false},{"lineNumber":33,"author":{"gitId":"kinyean"},"content":"                String[] temp \u003d s[1].split(\"/by\");","lastModifiedDate":"2026-01-22T17:51:58","isFullCredit":false},{"lineNumber":34,"author":{"gitId":"kinyean"},"content":"                tarr[counter] \u003d new Deadline(temp[0].trim(), temp[1].trim());","lastModifiedDate":"2026-01-22T17:51:58","isFullCredit":false},{"lineNumber":35,"author":{"gitId":"kinyean"},"content":"                System.out.println(\"Got it. I\u0027ve added this task:\");","lastModifiedDate":"2026-01-22T17:51:58","isFullCredit":false},{"lineNumber":36,"author":{"gitId":"kinyean"},"content":"                System.out.println(tarr[counter].toString());","lastModifiedDate":"2026-01-22T17:51:58","isFullCredit":false},{"lineNumber":37,"author":{"gitId":"kinyean"},"content":"                counter++;","lastModifiedDate":"2026-01-22T17:51:58","isFullCredit":false},{"lineNumber":38,"author":{"gitId":"kinyean"},"content":"                System.out.println(\"Now you have \" + counter + \" tasks in the list.\");","lastModifiedDate":"2026-01-22T17:51:58","isFullCredit":false},{"lineNumber":39,"author":{"gitId":"kinyean"},"content":"            } else if (s[0].equals(\"event\")) {","lastModifiedDate":"2026-01-22T17:51:58","isFullCredit":false},{"lineNumber":40,"author":{"gitId":"kinyean"},"content":"                String[] temp \u003d s[1].split(\"/from\", 2);","lastModifiedDate":"2026-01-22T17:51:58","isFullCredit":false},{"lineNumber":41,"author":{"gitId":"kinyean"},"content":"                String[] temp2 \u003d temp[1].split(\"/to\");","lastModifiedDate":"2026-01-22T17:51:58","isFullCredit":false},{"lineNumber":42,"author":{"gitId":"kinyean"},"content":"                tarr[counter] \u003d new Event(temp[0].trim(),temp2[0].trim(), temp2[1].trim());","lastModifiedDate":"2026-01-22T17:51:58","isFullCredit":false},{"lineNumber":43,"author":{"gitId":"kinyean"},"content":"                System.out.println(\"Got it. I\u0027ve added this task:\");","lastModifiedDate":"2026-01-22T17:51:58","isFullCredit":false},{"lineNumber":44,"author":{"gitId":"kinyean"},"content":"                System.out.println(tarr[counter].toString());","lastModifiedDate":"2026-01-22T17:51:58","isFullCredit":false},{"lineNumber":45,"author":{"gitId":"kinyean"},"content":"                counter++;","lastModifiedDate":"2026-01-22T17:51:58","isFullCredit":false},{"lineNumber":46,"author":{"gitId":"kinyean"},"content":"                System.out.println(\"Now you have \" + counter + \" tasks in the list.\");","lastModifiedDate":"2026-01-22T17:51:58","isFullCredit":false},{"lineNumber":47,"author":{"gitId":"kinyean"},"content":"            } else {","lastModifiedDate":"2026-01-21T17:03:38","isFullCredit":false},{"lineNumber":48,"author":{"gitId":"kinyean"},"content":"                tarr[counter] \u003d new Task(s[0]);","lastModifiedDate":"2026-01-21T22:58:08","isFullCredit":false},{"lineNumber":49,"author":{"gitId":"kinyean"},"content":"                counter++;","lastModifiedDate":"2026-01-21T17:03:38","isFullCredit":false},{"lineNumber":50,"author":{"gitId":"kinyean"},"content":"                System.out.println(\"added:\" + s[0]);","lastModifiedDate":"2026-01-21T22:58:08","isFullCredit":false},{"lineNumber":51,"author":{"gitId":"kinyean"},"content":"            }","lastModifiedDate":"2026-01-21T16:07:27","isFullCredit":false},{"lineNumber":52,"author":{"gitId":"kinyean"},"content":"        }","lastModifiedDate":"2026-01-21T16:07:27","isFullCredit":false},{"lineNumber":53,"author":{"gitId":"kinyean"},"content":"    }","lastModifiedDate":"2026-01-21T14:48:57","isFullCredit":false},{"lineNumber":54,"author":{"gitId":"kinyean"},"content":"}","lastModifiedDate":"2026-01-21T14:48:57","isFullCredit":false}],"authorContributionMap":{"kinyean":54}},{"path":"src/main/java/Task.java","fileType":"java","lines":[{"lineNumber":1,"author":{"gitId":"kinyean"},"content":"public class Task {","lastModifiedDate":"2026-01-21T22:58:08","isFullCredit":false},{"lineNumber":2,"author":{"gitId":"kinyean"},"content":"    protected Boolean isDone \u003d false;","lastModifiedDate":"2026-01-22T17:51:58","isFullCredit":false},{"lineNumber":3,"author":{"gitId":"kinyean"},"content":"    protected String desc;","lastModifiedDate":"2026-01-22T17:51:58","isFullCredit":false},{"lineNumber":4,"author":{"gitId":"kinyean"},"content":"","lastModifiedDate":"2026-01-21T22:58:08","isFullCredit":false},{"lineNumber":5,"author":{"gitId":"kinyean"},"content":"    public Task(String desc) {","lastModifiedDate":"2026-01-21T22:58:08","isFullCredit":false},{"lineNumber":6,"author":{"gitId":"kinyean"},"content":"        this.desc \u003d desc;","lastModifiedDate":"2026-01-21T22:58:08","isFullCredit":false},{"lineNumber":7,"author":{"gitId":"kinyean"},"content":"    }","lastModifiedDate":"2026-01-21T22:58:08","isFullCredit":false},{"lineNumber":8,"author":{"gitId":"kinyean"},"content":"","lastModifiedDate":"2026-01-21T22:58:08","isFullCredit":false},{"lineNumber":9,"author":{"gitId":"kinyean"},"content":"    public String getStatus() {","lastModifiedDate":"2026-01-21T22:58:08","isFullCredit":false},{"lineNumber":10,"author":{"gitId":"kinyean"},"content":"        return isDone? \"X\" : \" \";","lastModifiedDate":"2026-01-21T22:58:08","isFullCredit":false},{"lineNumber":11,"author":{"gitId":"kinyean"},"content":"    }","lastModifiedDate":"2026-01-21T22:58:08","isFullCredit":false},{"lineNumber":12,"author":{"gitId":"kinyean"},"content":"","lastModifiedDate":"2026-01-21T22:58:08","isFullCredit":false},{"lineNumber":13,"author":{"gitId":"kinyean"},"content":"    public void mark() {","lastModifiedDate":"2026-01-21T22:58:08","isFullCredit":false},{"lineNumber":14,"author":{"gitId":"kinyean"},"content":"        this.isDone \u003d true;","lastModifiedDate":"2026-01-21T22:58:08","isFullCredit":false},{"lineNumber":15,"author":{"gitId":"kinyean"},"content":"    }","lastModifiedDate":"2026-01-21T22:58:08","isFullCredit":false},{"lineNumber":16,"author":{"gitId":"kinyean"},"content":"","lastModifiedDate":"2026-01-21T22:58:08","isFullCredit":false},{"lineNumber":17,"author":{"gitId":"kinyean"},"content":"    public void unmark() {","lastModifiedDate":"2026-01-21T22:58:08","isFullCredit":false},{"lineNumber":18,"author":{"gitId":"kinyean"},"content":"        this.isDone \u003d false;","lastModifiedDate":"2026-01-21T22:58:08","isFullCredit":false},{"lineNumber":19,"author":{"gitId":"kinyean"},"content":"    }","lastModifiedDate":"2026-01-21T22:58:08","isFullCredit":false},{"lineNumber":20,"author":{"gitId":"kinyean"},"content":"","lastModifiedDate":"2026-01-21T22:58:08","isFullCredit":false},{"lineNumber":21,"author":{"gitId":"kinyean"},"content":"    @Override","lastModifiedDate":"2026-01-21T22:58:08","isFullCredit":false},{"lineNumber":22,"author":{"gitId":"kinyean"},"content":"    public String toString() {","lastModifiedDate":"2026-01-21T22:58:08","isFullCredit":false},{"lineNumber":23,"author":{"gitId":"kinyean"},"content":"        return String.format(\"[T][%s] \" + this.desc, this.getStatus());","lastModifiedDate":"2026-01-22T17:51:58","isFullCredit":false},{"lineNumber":24,"author":{"gitId":"kinyean"},"content":"    }","lastModifiedDate":"2026-01-21T22:58:08","isFullCredit":false},{"lineNumber":25,"author":{"gitId":"kinyean"},"content":"","lastModifiedDate":"2026-01-21T22:58:08","isFullCredit":false},{"lineNumber":26,"author":{"gitId":"kinyean"},"content":"}","lastModifiedDate":"2026-01-21T22:58:08","isFullCredit":false}],"authorContributionMap":{"kinyean":26}},{"path":"text-ui-test/runtest.bat","fileType":"bat","lines":[{"lineNumber":1,"author":{"gitId":"-"},"content":"@ECHO OFF","lastModifiedDate":"2020-05-25T00:03:55","isFullCredit":false},{"lineNumber":2,"author":{"gitId":"-"},"content":"","lastModifiedDate":"2020-05-25T00:03:55","isFullCredit":false},{"lineNumber":3,"author":{"gitId":"-"},"content":"REM create bin directory if it doesn\u0027t exist","lastModifiedDate":"2020-05-25T00:03:55","isFullCredit":false},{"lineNumber":4,"author":{"gitId":"-"},"content":"if not exist ..\\bin mkdir ..\\bin","lastModifiedDate":"2020-05-25T00:03:55","isFullCredit":false},{"lineNumber":5,"author":{"gitId":"-"},"content":"","lastModifiedDate":"2020-05-25T00:03:55","isFullCredit":false},{"lineNumber":6,"author":{"gitId":"-"},"content":"REM delete output from previous run","lastModifiedDate":"2020-05-25T00:03:55","isFullCredit":false},{"lineNumber":7,"author":{"gitId":"-"},"content":"if exist ACTUAL.TXT del ACTUAL.TXT","lastModifiedDate":"2020-08-25T17:23:26","isFullCredit":false},{"lineNumber":8,"author":{"gitId":"-"},"content":"","lastModifiedDate":"2020-05-25T00:03:55","isFullCredit":false},{"lineNumber":9,"author":{"gitId":"-"},"content":"REM compile the code into the bin folder","lastModifiedDate":"2020-05-25T00:03:55","isFullCredit":false},{"lineNumber":10,"author":{"gitId":"-"},"content":"javac  -cp ..\\src\\main\\java -Xlint:none -d ..\\bin ..\\src\\main\\java\\*.java","lastModifiedDate":"2020-08-25T17:23:26","isFullCredit":false},{"lineNumber":11,"author":{"gitId":"-"},"content":"IF ERRORLEVEL 1 (","lastModifiedDate":"2020-05-25T00:03:55","isFullCredit":false},{"lineNumber":12,"author":{"gitId":"-"},"content":"    echo ********** BUILD FAILURE **********","lastModifiedDate":"2020-05-25T00:03:55","isFullCredit":false},{"lineNumber":13,"author":{"gitId":"-"},"content":"    exit /b 1","lastModifiedDate":"2020-05-25T00:03:55","isFullCredit":false},{"lineNumber":14,"author":{"gitId":"-"},"content":")","lastModifiedDate":"2020-05-25T00:03:55","isFullCredit":false},{"lineNumber":15,"author":{"gitId":"-"},"content":"REM no error here, errorlevel \u003d\u003d 0","lastModifiedDate":"2020-05-25T00:03:55","isFullCredit":false},{"lineNumber":16,"author":{"gitId":"-"},"content":"","lastModifiedDate":"2020-05-25T00:03:55","isFullCredit":false},{"lineNumber":17,"author":{"gitId":"-"},"content":"REM run the program, feed commands from input.txt file and redirect the output to the ACTUAL.TXT","lastModifiedDate":"2020-05-25T00:03:55","isFullCredit":false},{"lineNumber":18,"author":{"gitId":"kinyean"},"content":"java -classpath ..\\bin King \u003c input.txt \u003e ACTUAL.TXT","lastModifiedDate":"2026-01-21T16:07:27","isFullCredit":false},{"lineNumber":19,"author":{"gitId":"-"},"content":"","lastModifiedDate":"2020-05-25T00:03:55","isFullCredit":false},{"lineNumber":20,"author":{"gitId":"-"},"content":"REM compare the output to the expected output","lastModifiedDate":"2020-05-25T00:03:55","isFullCredit":false},{"lineNumber":21,"author":{"gitId":"-"},"content":"FC ACTUAL.TXT EXPECTED.TXT","lastModifiedDate":"2020-05-25T00:03:55","isFullCredit":false}],"authorContributionMap":{"kinyean":1,"-":20}}]
