{"authorDailyContributionsMap":{"jxgohh":[{"date":"2026-01-21T00:00:00","commitResults":[{"hash":"d00904f992ce8b0e3fde2fcea42fb2b0f355729d","isMergeCommit":false,"messageTitle":"Added greeting and goodbye messages and renamed duke to ultron","messageBody":"","tags":["Level-0"],"fileTypesAndContributionMap":{"java":{"insertions":14,"deletions":10}}},{"hash":"ac5a537e898c9eb2d7aa23f1f1813e7a6596f207","isMergeCommit":false,"messageTitle":"Added echo for Ultron","messageBody":"","tags":["Level-1"],"fileTypesAndContributionMap":{"java":{"insertions":20,"deletions":3}}},{"hash":"9cfd36a3d74ce6be786c6a72950caeadc2cc6279","isMergeCommit":false,"messageTitle":"Added add and list function to Ultron along with minor fixes to lines","messageBody":"","tags":["Level-2"],"fileTypesAndContributionMap":{"java":{"insertions":22,"deletions":2}}},{"hash":"e71a99b20fefb289f36f678bcd3efa632be3ba9a","isMergeCommit":false,"messageTitle":"Added task class with task marking and unmarking","messageBody":"","tags":["Level-3"],"fileTypesAndContributionMap":{"java":{"insertions":61,"deletions":6}}},{"hash":"a8325a48cd51c7ee12434fccc13bf0878dba7ab6","isMergeCommit":false,"messageTitle":"Added todos, events and deadlines with more ui polishing","messageBody":"","tags":["Level-4"],"fileTypesAndContributionMap":{"java":{"insertions":83,"deletions":4}}},{"hash":"37c0996d74d576f35aefd3376e4bedf4f020ee82","isMergeCommit":false,"messageTitle":"Added TextUiTesting to project","messageBody":"","tags":["A-TextUiTesting"],"fileTypesAndContributionMap":{"txt":{"insertions":9,"deletions":0},"bat":{"insertions":1,"deletions":1}}}]},{"date":"2026-01-22T00:00:00","commitResults":[{"hash":"56b1fb48bf07f22634b12b5b62da38a45ea5cc60","isMergeCommit":false,"messageTitle":"Added exception classes and exception handling for many scenarios i.e: Invalid task numbers for marking and unmarking tasks, empty task descriptions, missing date for deadlines and event tasks, and invalid inputs","messageBody":"","tags":["Level-5"],"fileTypesAndContributionMap":{"java":{"insertions":149,"deletions":119},"bat":{"insertions":1,"deletions":1}}},{"hash":"ba22830ce3dedfa5807fdbb48ec7e048b6d19ed4","isMergeCommit":false,"messageTitle":"Added delete function to list which was already an ArrayList, also increased length of separator line for longer output messages","messageBody":"","tags":["Level-6"],"fileTypesAndContributionMap":{"java":{"insertions":19,"deletions":1}}}]},{"date":"2026-01-26T00:00:00","commitResults":[{"hash":"a292650a0a04d68040da0b3f6f3972c2bb89025b","isMergeCommit":false,"messageTitle":"Added new class Storage which handles storing and retrieval of the data necessary. File will be located in src/main/data. Corrupted files will return an empty list","messageBody":"","fileTypesAndContributionMap":{"java":{"insertions":124,"deletions":6}}},{"hash":"ea5a9f27de69616d6a8ec541faa67bba671381eb","isMergeCommit":false,"messageTitle":"Fixed path issues with storage class. New file related error handling have been added. Added in loading and saving of the data when Chaird.java is first launched and whenever the list is updated.","messageBody":"","fileTypesAndContributionMap":{"txt":{"insertions":2,"deletions":0},"java":{"insertions":11,"deletions":7}}},{"hash":"83c05ea44bc92066697f0a8468f69e932ee96f1a","isMergeCommit":false,"messageTitle":"Bug fixes","messageBody":"","fileTypesAndContributionMap":{"java":{"insertions":1,"deletions":1}}},{"hash":"3c1cae677e8397c4fa635757c0bc5712aa46128f","isMergeCommit":true,"messageTitle":"Merge branch \u0027branch-Level-7\u0027","messageBody":"","tags":["Level-7"],"fileTypesAndContributionMap":{}}]},{"date":"2026-01-28T00:00:00","commitResults":[{"hash":"9e917bc6bc2f03fc36f65237139b02d5248c0766","isMergeCommit":false,"messageTitle":"update .gitignore file to ignore the data directory when pushing","messageBody":"","fileTypesAndContributionMap":{"txt":{"insertions":0,"deletions":2}}},{"hash":"91bc16335febcbfaed954d2624ac145b24fd50c3","isMergeCommit":false,"messageTitle":"add date and time for deadline and event tasks","messageBody":"","tags":["Level-8"],"fileTypesAndContributionMap":{"txt":{"insertions":1,"deletions":0},"java":{"insertions":69,"deletions":25}}},{"hash":"edaf2ba5b4216ab5431e179340a3a5db2c50f82b","isMergeCommit":false,"messageTitle":"split Chaird.java class into more oop classes Ui, Tasklist, Parser, and Command. rewrite main logic of Chaird.java","messageBody":"","tags":["A-MoreOOP"],"fileTypesAndContributionMap":{"txt":{"insertions":0,"deletions":1},"java":{"insertions":228,"deletions":160}}}]}]},"authorFileTypeContributionMap":{"jxgohh":{"java":467,"md":0,"fxml":0,"sh":0,"bat":1,"gradle":0,"txt":9}},"authorContributionVariance":{"jxgohh":16567.559},"authorDisplayNameMap":{"jxgohh":"CS2103T-T08-4 GOH ..IANG"}}
