[{"path":"src/main/java/Deadline.java","fileType":"java","lines":[{"lineNumber":1,"author":{"gitId":"ZSYUYIIE"},"content":"public class Deadline extends Task {","lastModifiedDate":"2026-01-21T17:33:16","isFullCredit":false},{"lineNumber":2,"author":{"gitId":"ZSYUYIIE"},"content":"    private String date;","lastModifiedDate":"2026-01-21T17:33:16","isFullCredit":false},{"lineNumber":3,"author":{"gitId":"ZSYUYIIE"},"content":"","lastModifiedDate":"2026-01-21T17:33:16","isFullCredit":false},{"lineNumber":4,"author":{"gitId":"ZSYUYIIE"},"content":"    public Deadline(String description, String date) {","lastModifiedDate":"2026-01-21T17:33:16","isFullCredit":false},{"lineNumber":5,"author":{"gitId":"ZSYUYIIE"},"content":"        super(description);","lastModifiedDate":"2026-01-21T17:33:16","isFullCredit":false},{"lineNumber":6,"author":{"gitId":"ZSYUYIIE"},"content":"        this.date \u003d date;","lastModifiedDate":"2026-01-21T17:33:16","isFullCredit":false},{"lineNumber":7,"author":{"gitId":"ZSYUYIIE"},"content":"    }","lastModifiedDate":"2026-01-21T17:33:16","isFullCredit":false},{"lineNumber":8,"author":{"gitId":"ZSYUYIIE"},"content":"","lastModifiedDate":"2026-01-21T17:33:16","isFullCredit":false},{"lineNumber":9,"author":{"gitId":"ZSYUYIIE"},"content":"    @Override","lastModifiedDate":"2026-01-21T17:33:16","isFullCredit":false},{"lineNumber":10,"author":{"gitId":"ZSYUYIIE"},"content":"    public String toString() {","lastModifiedDate":"2026-01-21T17:33:16","isFullCredit":false},{"lineNumber":11,"author":{"gitId":"ZSYUYIIE"},"content":"        return \"[D]\" + super.toString() + \" (by: \" + date + \")\";","lastModifiedDate":"2026-01-21T17:33:16","isFullCredit":false},{"lineNumber":12,"author":{"gitId":"ZSYUYIIE"},"content":"    }","lastModifiedDate":"2026-01-21T17:33:16","isFullCredit":false},{"lineNumber":13,"author":{"gitId":"ZSYUYIIE"},"content":"}","lastModifiedDate":"2026-01-21T17:33:16","isFullCredit":false}],"authorContributionMap":{"ZSYUYIIE":13}},{"path":"src/main/java/Event.java","fileType":"java","lines":[{"lineNumber":1,"author":{"gitId":"ZSYUYIIE"},"content":"public class Event extends Task {","lastModifiedDate":"2026-01-21T17:33:16","isFullCredit":false},{"lineNumber":2,"author":{"gitId":"ZSYUYIIE"},"content":"    private String startDate;","lastModifiedDate":"2026-01-21T17:33:16","isFullCredit":false},{"lineNumber":3,"author":{"gitId":"ZSYUYIIE"},"content":"    private String endDate;","lastModifiedDate":"2026-01-21T17:33:16","isFullCredit":false},{"lineNumber":4,"author":{"gitId":"ZSYUYIIE"},"content":"","lastModifiedDate":"2026-01-21T17:33:16","isFullCredit":false},{"lineNumber":5,"author":{"gitId":"ZSYUYIIE"},"content":"    public Event(String description, String startDate, String endDate) {","lastModifiedDate":"2026-01-21T17:33:16","isFullCredit":false},{"lineNumber":6,"author":{"gitId":"ZSYUYIIE"},"content":"        super(description);","lastModifiedDate":"2026-01-21T17:33:16","isFullCredit":false},{"lineNumber":7,"author":{"gitId":"ZSYUYIIE"},"content":"        this.startDate \u003d startDate;","lastModifiedDate":"2026-01-21T17:33:16","isFullCredit":false},{"lineNumber":8,"author":{"gitId":"ZSYUYIIE"},"content":"        this.endDate \u003d endDate;","lastModifiedDate":"2026-01-21T17:33:16","isFullCredit":false},{"lineNumber":9,"author":{"gitId":"ZSYUYIIE"},"content":"    }","lastModifiedDate":"2026-01-21T17:33:16","isFullCredit":false},{"lineNumber":10,"author":{"gitId":"ZSYUYIIE"},"content":"","lastModifiedDate":"2026-01-21T17:33:16","isFullCredit":false},{"lineNumber":11,"author":{"gitId":"ZSYUYIIE"},"content":"    @Override","lastModifiedDate":"2026-01-21T17:33:16","isFullCredit":false},{"lineNumber":12,"author":{"gitId":"ZSYUYIIE"},"content":"    public String toString() {","lastModifiedDate":"2026-01-21T17:33:16","isFullCredit":false},{"lineNumber":13,"author":{"gitId":"ZSYUYIIE"},"content":"        return \"[E]\" + super.toString() + \" (from: \" + startDate + \" to: \" + endDate + \")\";","lastModifiedDate":"2026-01-21T18:30:45","isFullCredit":false},{"lineNumber":14,"author":{"gitId":"ZSYUYIIE"},"content":"    }","lastModifiedDate":"2026-01-21T17:33:16","isFullCredit":false},{"lineNumber":15,"author":{"gitId":"ZSYUYIIE"},"content":"    ","lastModifiedDate":"2026-01-21T17:33:16","isFullCredit":false},{"lineNumber":16,"author":{"gitId":"ZSYUYIIE"},"content":"}","lastModifiedDate":"2026-01-21T17:33:16","isFullCredit":false}],"authorContributionMap":{"ZSYUYIIE":16}},{"path":"src/main/java/Task.java","fileType":"java","lines":[{"lineNumber":1,"author":{"gitId":"ZSYUYIIE"},"content":"public class Task {","lastModifiedDate":"2026-01-21T12:01:14","isFullCredit":false},{"lineNumber":2,"author":{"gitId":"ZSYUYIIE"},"content":"    private String description;","lastModifiedDate":"2026-01-21T12:01:14","isFullCredit":false},{"lineNumber":3,"author":{"gitId":"ZSYUYIIE"},"content":"    private boolean isDone;","lastModifiedDate":"2026-01-21T12:01:14","isFullCredit":false},{"lineNumber":4,"author":{"gitId":"ZSYUYIIE"},"content":"","lastModifiedDate":"2026-01-21T12:01:14","isFullCredit":false},{"lineNumber":5,"author":{"gitId":"ZSYUYIIE"},"content":"    public Task(String description) {","lastModifiedDate":"2026-01-21T12:01:14","isFullCredit":false},{"lineNumber":6,"author":{"gitId":"ZSYUYIIE"},"content":"        this.description \u003d description;","lastModifiedDate":"2026-01-21T12:01:14","isFullCredit":false},{"lineNumber":7,"author":{"gitId":"ZSYUYIIE"},"content":"        this.isDone \u003d false;","lastModifiedDate":"2026-01-21T12:01:14","isFullCredit":false},{"lineNumber":8,"author":{"gitId":"ZSYUYIIE"},"content":"    }","lastModifiedDate":"2026-01-21T12:01:14","isFullCredit":false},{"lineNumber":9,"author":{"gitId":"ZSYUYIIE"},"content":"","lastModifiedDate":"2026-01-21T12:01:14","isFullCredit":false},{"lineNumber":10,"author":{"gitId":"ZSYUYIIE"},"content":"    public void mark() {","lastModifiedDate":"2026-01-21T12:01:14","isFullCredit":false},{"lineNumber":11,"author":{"gitId":"ZSYUYIIE"},"content":"        this.isDone \u003d true;","lastModifiedDate":"2026-01-21T12:01:14","isFullCredit":false},{"lineNumber":12,"author":{"gitId":"ZSYUYIIE"},"content":"    }","lastModifiedDate":"2026-01-21T12:01:14","isFullCredit":false},{"lineNumber":13,"author":{"gitId":"ZSYUYIIE"},"content":"","lastModifiedDate":"2026-01-21T12:01:14","isFullCredit":false},{"lineNumber":14,"author":{"gitId":"ZSYUYIIE"},"content":"    public void unmark() {","lastModifiedDate":"2026-01-21T12:01:14","isFullCredit":false},{"lineNumber":15,"author":{"gitId":"ZSYUYIIE"},"content":"        this.isDone \u003d false;","lastModifiedDate":"2026-01-21T12:01:14","isFullCredit":false},{"lineNumber":16,"author":{"gitId":"ZSYUYIIE"},"content":"    }","lastModifiedDate":"2026-01-21T12:01:14","isFullCredit":false},{"lineNumber":17,"author":{"gitId":"ZSYUYIIE"},"content":"    ","lastModifiedDate":"2026-01-21T12:01:14","isFullCredit":false},{"lineNumber":18,"author":{"gitId":"ZSYUYIIE"},"content":"    @Override","lastModifiedDate":"2026-01-21T12:01:14","isFullCredit":false},{"lineNumber":19,"author":{"gitId":"ZSYUYIIE"},"content":"    public String toString() {","lastModifiedDate":"2026-01-21T12:01:14","isFullCredit":false},{"lineNumber":20,"author":{"gitId":"ZSYUYIIE"},"content":"        return (isDone ? \"[X] \" : \"[ ] \") + description;","lastModifiedDate":"2026-01-21T12:01:14","isFullCredit":false},{"lineNumber":21,"author":{"gitId":"ZSYUYIIE"},"content":"    }","lastModifiedDate":"2026-01-21T12:01:14","isFullCredit":false},{"lineNumber":22,"author":{"gitId":"ZSYUYIIE"},"content":"}","lastModifiedDate":"2026-01-21T12:01:14","isFullCredit":false}],"authorContributionMap":{"ZSYUYIIE":22}},{"path":"src/main/java/TasksList.java","fileType":"java","lines":[{"lineNumber":1,"author":{"gitId":"ZSYUYIIE"},"content":"public class TasksList {","lastModifiedDate":"2026-01-21T17:33:16","isFullCredit":false},{"lineNumber":2,"author":{"gitId":"ZSYUYIIE"},"content":"    private Task[] tasks;","lastModifiedDate":"2026-01-21T17:33:16","isFullCredit":false},{"lineNumber":3,"author":{"gitId":"ZSYUYIIE"},"content":"    private int taskCount;","lastModifiedDate":"2026-01-21T17:33:16","isFullCredit":false},{"lineNumber":4,"author":{"gitId":"ZSYUYIIE"},"content":"","lastModifiedDate":"2026-01-21T17:33:16","isFullCredit":false},{"lineNumber":5,"author":{"gitId":"ZSYUYIIE"},"content":"    public TasksList() {","lastModifiedDate":"2026-01-21T17:33:16","isFullCredit":false},{"lineNumber":6,"author":{"gitId":"ZSYUYIIE"},"content":"        this.tasks \u003d new Task[100];","lastModifiedDate":"2026-01-21T17:33:16","isFullCredit":false},{"lineNumber":7,"author":{"gitId":"ZSYUYIIE"},"content":"        this.taskCount \u003d 0;","lastModifiedDate":"2026-01-21T17:33:16","isFullCredit":false},{"lineNumber":8,"author":{"gitId":"ZSYUYIIE"},"content":"    }","lastModifiedDate":"2026-01-21T17:33:16","isFullCredit":false},{"lineNumber":9,"author":{"gitId":"ZSYUYIIE"},"content":"","lastModifiedDate":"2026-01-21T17:33:16","isFullCredit":false},{"lineNumber":10,"author":{"gitId":"ZSYUYIIE"},"content":"    public void addTask(Task task) {","lastModifiedDate":"2026-01-21T17:33:16","isFullCredit":false},{"lineNumber":11,"author":{"gitId":"ZSYUYIIE"},"content":"        tasks[taskCount] \u003d task;","lastModifiedDate":"2026-01-21T17:33:16","isFullCredit":false},{"lineNumber":12,"author":{"gitId":"ZSYUYIIE"},"content":"        taskCount++;","lastModifiedDate":"2026-01-21T17:33:16","isFullCredit":false},{"lineNumber":13,"author":{"gitId":"ZSYUYIIE"},"content":"    }","lastModifiedDate":"2026-01-21T17:33:16","isFullCredit":false},{"lineNumber":14,"author":{"gitId":"ZSYUYIIE"},"content":"    public Task getTask(int index) {","lastModifiedDate":"2026-01-21T17:33:16","isFullCredit":false},{"lineNumber":15,"author":{"gitId":"ZSYUYIIE"},"content":"        return tasks[index];","lastModifiedDate":"2026-01-21T17:33:16","isFullCredit":false},{"lineNumber":16,"author":{"gitId":"ZSYUYIIE"},"content":"    }","lastModifiedDate":"2026-01-21T17:33:16","isFullCredit":false},{"lineNumber":17,"author":{"gitId":"ZSYUYIIE"},"content":"","lastModifiedDate":"2026-01-21T17:33:16","isFullCredit":false},{"lineNumber":18,"author":{"gitId":"ZSYUYIIE"},"content":"      public Task mark(int taskNumber) { ","lastModifiedDate":"2026-01-21T17:33:16","isFullCredit":false},{"lineNumber":19,"author":{"gitId":"ZSYUYIIE"},"content":"        Task task \u003d tasks[taskNumber - 1];","lastModifiedDate":"2026-01-21T17:33:16","isFullCredit":false},{"lineNumber":20,"author":{"gitId":"ZSYUYIIE"},"content":"        task.mark();","lastModifiedDate":"2026-01-21T17:33:16","isFullCredit":false},{"lineNumber":21,"author":{"gitId":"ZSYUYIIE"},"content":"        return task;","lastModifiedDate":"2026-01-21T17:33:16","isFullCredit":false},{"lineNumber":22,"author":{"gitId":"ZSYUYIIE"},"content":"    }","lastModifiedDate":"2026-01-21T17:33:16","isFullCredit":false},{"lineNumber":23,"author":{"gitId":"ZSYUYIIE"},"content":"","lastModifiedDate":"2026-01-21T17:33:16","isFullCredit":false},{"lineNumber":24,"author":{"gitId":"ZSYUYIIE"},"content":"    public Task unmark(int taskNumber) { ","lastModifiedDate":"2026-01-21T17:33:16","isFullCredit":false},{"lineNumber":25,"author":{"gitId":"ZSYUYIIE"},"content":"        Task task \u003d tasks[taskNumber - 1];","lastModifiedDate":"2026-01-21T17:33:16","isFullCredit":false},{"lineNumber":26,"author":{"gitId":"ZSYUYIIE"},"content":"        task.unmark();","lastModifiedDate":"2026-01-21T17:33:16","isFullCredit":false},{"lineNumber":27,"author":{"gitId":"ZSYUYIIE"},"content":"        return task;","lastModifiedDate":"2026-01-21T17:33:16","isFullCredit":false},{"lineNumber":28,"author":{"gitId":"ZSYUYIIE"},"content":"    }","lastModifiedDate":"2026-01-21T17:33:16","isFullCredit":false},{"lineNumber":29,"author":{"gitId":"ZSYUYIIE"},"content":"","lastModifiedDate":"2026-01-21T17:33:16","isFullCredit":false},{"lineNumber":30,"author":{"gitId":"ZSYUYIIE"},"content":"    public int getTaskCount() {","lastModifiedDate":"2026-01-21T17:33:16","isFullCredit":false},{"lineNumber":31,"author":{"gitId":"ZSYUYIIE"},"content":"        return taskCount;","lastModifiedDate":"2026-01-21T17:33:16","isFullCredit":false},{"lineNumber":32,"author":{"gitId":"ZSYUYIIE"},"content":"    }","lastModifiedDate":"2026-01-21T17:33:16","isFullCredit":false},{"lineNumber":33,"author":{"gitId":"ZSYUYIIE"},"content":"","lastModifiedDate":"2026-01-23T00:56:06","isFullCredit":false},{"lineNumber":34,"author":{"gitId":"ZSYUYIIE"},"content":"    public void deleteTask(int taskNumber) {","lastModifiedDate":"2026-01-23T00:56:06","isFullCredit":false},{"lineNumber":35,"author":{"gitId":"ZSYUYIIE"},"content":"        for (int i \u003d taskNumber - 1; i \u003c taskCount - 1; i++) {","lastModifiedDate":"2026-01-23T00:56:06","isFullCredit":false},{"lineNumber":36,"author":{"gitId":"ZSYUYIIE"},"content":"            tasks[i] \u003d tasks[i + 1];","lastModifiedDate":"2026-01-23T00:56:06","isFullCredit":false},{"lineNumber":37,"author":{"gitId":"ZSYUYIIE"},"content":"        }","lastModifiedDate":"2026-01-23T00:56:06","isFullCredit":false},{"lineNumber":38,"author":{"gitId":"ZSYUYIIE"},"content":"        tasks[taskCount - 1] \u003d null;","lastModifiedDate":"2026-01-23T00:56:06","isFullCredit":false},{"lineNumber":39,"author":{"gitId":"ZSYUYIIE"},"content":"        taskCount--;","lastModifiedDate":"2026-01-23T00:56:06","isFullCredit":false},{"lineNumber":40,"author":{"gitId":"ZSYUYIIE"},"content":"    }","lastModifiedDate":"2026-01-23T00:56:06","isFullCredit":false},{"lineNumber":41,"author":{"gitId":"ZSYUYIIE"},"content":"}","lastModifiedDate":"2026-01-21T17:33:16","isFullCredit":false}],"authorContributionMap":{"ZSYUYIIE":41}},{"path":"src/main/java/Todo.java","fileType":"java","lines":[{"lineNumber":1,"author":{"gitId":"ZSYUYIIE"},"content":"public class Todo extends Task {","lastModifiedDate":"2026-01-21T17:33:16","isFullCredit":false},{"lineNumber":2,"author":{"gitId":"ZSYUYIIE"},"content":"    public Todo(String description) {","lastModifiedDate":"2026-01-21T17:33:16","isFullCredit":false},{"lineNumber":3,"author":{"gitId":"ZSYUYIIE"},"content":"        super(description);","lastModifiedDate":"2026-01-21T17:33:16","isFullCredit":false},{"lineNumber":4,"author":{"gitId":"ZSYUYIIE"},"content":"    }","lastModifiedDate":"2026-01-21T17:33:16","isFullCredit":false},{"lineNumber":5,"author":{"gitId":"ZSYUYIIE"},"content":"","lastModifiedDate":"2026-01-21T17:33:16","isFullCredit":false},{"lineNumber":6,"author":{"gitId":"ZSYUYIIE"},"content":"    @Override","lastModifiedDate":"2026-01-21T17:33:16","isFullCredit":false},{"lineNumber":7,"author":{"gitId":"ZSYUYIIE"},"content":"    public String toString() {","lastModifiedDate":"2026-01-21T17:33:16","isFullCredit":false},{"lineNumber":8,"author":{"gitId":"ZSYUYIIE"},"content":"        return \"[T]\" + super.toString();","lastModifiedDate":"2026-01-21T17:33:16","isFullCredit":false},{"lineNumber":9,"author":{"gitId":"ZSYUYIIE"},"content":"    }","lastModifiedDate":"2026-01-21T17:33:16","isFullCredit":false},{"lineNumber":10,"author":{"gitId":"ZSYUYIIE"},"content":"}","lastModifiedDate":"2026-01-21T17:33:16","isFullCredit":false}],"authorContributionMap":{"ZSYUYIIE":10}},{"path":"src/main/java/Zwee.java","fileType":"java","lines":[{"lineNumber":1,"author":{"gitId":"ZSYUYIIE"},"content":"import java.util.Scanner;","lastModifiedDate":"2026-01-20T19:43:54","isFullCredit":false},{"lineNumber":2,"author":{"gitId":"ZSYUYIIE"},"content":"","lastModifiedDate":"2026-01-20T19:43:54","isFullCredit":false},{"lineNumber":3,"author":{"gitId":"ZSYUYIIE"},"content":"public class Zwee {","lastModifiedDate":"2026-01-20T19:04:53","isFullCredit":false},{"lineNumber":4,"author":{"gitId":"ZSYUYIIE"},"content":"    private static TasksList tasklist \u003d new TasksList();","lastModifiedDate":"2026-01-21T17:33:16","isFullCredit":false},{"lineNumber":5,"author":{"gitId":"ZSYUYIIE"},"content":"    private static void printTasks(Task task) {","lastModifiedDate":"2026-01-21T17:33:16","isFullCredit":false},{"lineNumber":6,"author":{"gitId":"ZSYUYIIE"},"content":"        if (tasklist.getTaskCount() \u003d\u003d 1) {","lastModifiedDate":"2026-01-21T17:33:16","isFullCredit":false},{"lineNumber":7,"author":{"gitId":"ZSYUYIIE"},"content":"            System.out.println(\"Got it. I\u0027ve added this task:\\n  \" + task","lastModifiedDate":"2026-01-21T17:33:16","isFullCredit":false},{"lineNumber":8,"author":{"gitId":"ZSYUYIIE"},"content":"            + \"\\nNow you have \" + tasklist.getTaskCount() + \" task in the list.\");","lastModifiedDate":"2026-01-21T17:33:16","isFullCredit":false},{"lineNumber":9,"author":{"gitId":"ZSYUYIIE"},"content":"            return;","lastModifiedDate":"2026-01-21T17:33:16","isFullCredit":false},{"lineNumber":10,"author":{"gitId":"ZSYUYIIE"},"content":"        } else {","lastModifiedDate":"2026-01-21T17:33:16","isFullCredit":false},{"lineNumber":11,"author":{"gitId":"ZSYUYIIE"},"content":"            System.out.println(\"Got it. I\u0027ve added this task:\\n  \" + task","lastModifiedDate":"2026-01-21T17:33:16","isFullCredit":false},{"lineNumber":12,"author":{"gitId":"ZSYUYIIE"},"content":"            + \"\\nNow you have \" + tasklist.getTaskCount() + \" tasks in the list.\");","lastModifiedDate":"2026-01-21T17:33:16","isFullCredit":false},{"lineNumber":13,"author":{"gitId":"ZSYUYIIE"},"content":"            return;","lastModifiedDate":"2026-01-21T17:33:16","isFullCredit":false},{"lineNumber":14,"author":{"gitId":"ZSYUYIIE"},"content":"        }","lastModifiedDate":"2026-01-21T17:33:16","isFullCredit":false},{"lineNumber":15,"author":{"gitId":"ZSYUYIIE"},"content":"    }","lastModifiedDate":"2026-01-21T17:33:16","isFullCredit":false},{"lineNumber":16,"author":{"gitId":"ZSYUYIIE"},"content":"    public static void main(String[] args) {","lastModifiedDate":"2026-01-20T19:04:53","isFullCredit":false},{"lineNumber":17,"author":{"gitId":"ZSYUYIIE"},"content":"        boolean isExit \u003d false;","lastModifiedDate":"2026-01-21T17:33:16","isFullCredit":false},{"lineNumber":18,"author":{"gitId":"ZSYUYIIE"},"content":"        System.out.println(\"Hello! I\u0027m Zwee\\n\" +","lastModifiedDate":"2026-01-20T19:04:53","isFullCredit":false},{"lineNumber":19,"author":{"gitId":"ZSYUYIIE"},"content":"                \"What can I do for you?\\n\"","lastModifiedDate":"2026-01-20T19:43:54","isFullCredit":false},{"lineNumber":20,"author":{"gitId":"ZSYUYIIE"},"content":"            );","lastModifiedDate":"2026-01-20T19:04:53","isFullCredit":false},{"lineNumber":21,"author":{"gitId":"ZSYUYIIE"},"content":"","lastModifiedDate":"2026-01-21T12:01:14","isFullCredit":false},{"lineNumber":22,"author":{"gitId":"ZSYUYIIE"},"content":"        Scanner scanner \u003d new Scanner(System.in);","lastModifiedDate":"2026-01-20T19:43:54","isFullCredit":false},{"lineNumber":23,"author":{"gitId":"ZSYUYIIE"},"content":"","lastModifiedDate":"2026-01-21T12:01:14","isFullCredit":false},{"lineNumber":24,"author":{"gitId":"ZSYUYIIE"},"content":"        while (!isExit) {","lastModifiedDate":"2026-01-21T17:33:16","isFullCredit":false},{"lineNumber":25,"author":{"gitId":"ZSYUYIIE"},"content":"            String input \u003d scanner.nextLine().trim();","lastModifiedDate":"2026-01-23T00:49:27","isFullCredit":false},{"lineNumber":26,"author":{"gitId":"ZSYUYIIE"},"content":"            switch (input) {","lastModifiedDate":"2026-01-21T17:33:16","isFullCredit":false},{"lineNumber":27,"author":{"gitId":"ZSYUYIIE"},"content":"                case \"bye\" -\u003e {","lastModifiedDate":"2026-01-21T17:33:16","isFullCredit":false},{"lineNumber":28,"author":{"gitId":"ZSYUYIIE"},"content":"                    System.out.println(\"Bye. Hope to see you again soon!\");","lastModifiedDate":"2026-01-20T19:43:54","isFullCredit":false},{"lineNumber":29,"author":{"gitId":"ZSYUYIIE"},"content":"                    isExit \u003d true;","lastModifiedDate":"2026-01-21T17:33:16","isFullCredit":false},{"lineNumber":30,"author":{"gitId":"ZSYUYIIE"},"content":"                    return;","lastModifiedDate":"2026-01-21T17:33:16","isFullCredit":false},{"lineNumber":31,"author":{"gitId":"ZSYUYIIE"},"content":"                }","lastModifiedDate":"2026-01-20T19:43:54","isFullCredit":false},{"lineNumber":32,"author":{"gitId":"ZSYUYIIE"},"content":"                case \"list\" -\u003e {","lastModifiedDate":"2026-01-21T17:33:16","isFullCredit":false},{"lineNumber":33,"author":{"gitId":"ZSYUYIIE"},"content":"                    System.out.println(\"Here are the tasks in your list: \");","lastModifiedDate":"2026-01-21T12:01:14","isFullCredit":false},{"lineNumber":34,"author":{"gitId":"ZSYUYIIE"},"content":"                    for (int i \u003d 0; i \u003c tasklist.getTaskCount(); i++) {","lastModifiedDate":"2026-01-21T17:33:16","isFullCredit":false},{"lineNumber":35,"author":{"gitId":"ZSYUYIIE"},"content":"                        System.out.println((i + 1) + \". \" + tasklist.getTask(i));","lastModifiedDate":"2026-01-21T17:33:16","isFullCredit":false},{"lineNumber":36,"author":{"gitId":"ZSYUYIIE"},"content":"                    }","lastModifiedDate":"2026-01-20T20:04:54","isFullCredit":false},{"lineNumber":37,"author":{"gitId":"ZSYUYIIE"},"content":"                    continue;","lastModifiedDate":"2026-01-20T20:04:54","isFullCredit":false},{"lineNumber":38,"author":{"gitId":"ZSYUYIIE"},"content":"                }","lastModifiedDate":"2026-01-21T17:33:16","isFullCredit":false},{"lineNumber":39,"author":{"gitId":"ZSYUYIIE"},"content":"            }","lastModifiedDate":"2026-01-20T20:04:54","isFullCredit":false},{"lineNumber":40,"author":{"gitId":"ZSYUYIIE"},"content":"","lastModifiedDate":"2026-01-21T12:01:14","isFullCredit":false},{"lineNumber":41,"author":{"gitId":"ZSYUYIIE"},"content":"            switch (input.split(\" \")[0]) {","lastModifiedDate":"2026-01-21T17:33:16","isFullCredit":false},{"lineNumber":42,"author":{"gitId":"ZSYUYIIE"},"content":"                case \"mark\" -\u003e {","lastModifiedDate":"2026-01-21T17:33:16","isFullCredit":false},{"lineNumber":43,"author":{"gitId":"ZSYUYIIE"},"content":"                    int taskNumber \u003d Integer.parseInt(input.split(\" \")[1]);","lastModifiedDate":"2026-01-21T12:01:14","isFullCredit":false},{"lineNumber":44,"author":{"gitId":"ZSYUYIIE"},"content":"                    try {","lastModifiedDate":"2026-01-23T00:49:27","isFullCredit":false},{"lineNumber":45,"author":{"gitId":"ZSYUYIIE"},"content":"                        if (taskNumber \u003c\u003d 0 || taskNumber \u003e tasklist.getTaskCount()) {","lastModifiedDate":"2026-01-23T00:49:27","isFullCredit":false},{"lineNumber":46,"author":{"gitId":"ZSYUYIIE"},"content":"                            throw new IndexOutOfBoundsException();","lastModifiedDate":"2026-01-23T00:49:27","isFullCredit":false},{"lineNumber":47,"author":{"gitId":"ZSYUYIIE"},"content":"                        }","lastModifiedDate":"2026-01-23T00:49:27","isFullCredit":false},{"lineNumber":48,"author":{"gitId":"ZSYUYIIE"},"content":"                        if (taskNumber \u003e 0 \u0026\u0026 taskNumber \u003c\u003d tasklist.getTaskCount()) {","lastModifiedDate":"2026-01-21T17:33:16","isFullCredit":false},{"lineNumber":49,"author":{"gitId":"ZSYUYIIE"},"content":"                            tasklist.mark(taskNumber);","lastModifiedDate":"2026-01-21T17:33:16","isFullCredit":false},{"lineNumber":50,"author":{"gitId":"ZSYUYIIE"},"content":"                            System.out.println(\"Nice! I\u0027ve marked this task as done:\\n  \" + tasklist.getTask(taskNumber - 1));","lastModifiedDate":"2026-01-21T17:33:16","isFullCredit":false},{"lineNumber":51,"author":{"gitId":"ZSYUYIIE"},"content":"                        } ","lastModifiedDate":"2026-01-21T12:01:14","isFullCredit":false},{"lineNumber":52,"author":{"gitId":"ZSYUYIIE"},"content":"                    } catch (IndexOutOfBoundsException e) {","lastModifiedDate":"2026-01-23T00:49:27","isFullCredit":false},{"lineNumber":53,"author":{"gitId":"ZSYUYIIE"},"content":"                        System.out.println(\"OOPS!!! The task number you entered is invalid.\");","lastModifiedDate":"2026-01-23T00:49:27","isFullCredit":false},{"lineNumber":54,"author":{"gitId":"ZSYUYIIE"},"content":"                    } catch (Exception e) {","lastModifiedDate":"2026-01-23T00:49:27","isFullCredit":false},{"lineNumber":55,"author":{"gitId":"ZSYUYIIE"},"content":"                        System.out.println(e.getMessage());","lastModifiedDate":"2026-01-23T00:49:27","isFullCredit":false},{"lineNumber":56,"author":{"gitId":"ZSYUYIIE"},"content":"                    }","lastModifiedDate":"2026-01-23T00:49:27","isFullCredit":false},{"lineNumber":57,"author":{"gitId":"ZSYUYIIE"},"content":"                    continue;","lastModifiedDate":"2026-01-21T12:01:14","isFullCredit":false},{"lineNumber":58,"author":{"gitId":"ZSYUYIIE"},"content":"                }","lastModifiedDate":"2026-01-21T12:01:14","isFullCredit":false},{"lineNumber":59,"author":{"gitId":"ZSYUYIIE"},"content":"","lastModifiedDate":"2026-01-21T12:01:14","isFullCredit":false},{"lineNumber":60,"author":{"gitId":"ZSYUYIIE"},"content":"                case \"unmark\" -\u003e {","lastModifiedDate":"2026-01-21T17:33:16","isFullCredit":false},{"lineNumber":61,"author":{"gitId":"ZSYUYIIE"},"content":"                    int taskNumber \u003d Integer.parseInt(input.split(\" \")[1]);","lastModifiedDate":"2026-01-21T12:01:14","isFullCredit":false},{"lineNumber":62,"author":{"gitId":"ZSYUYIIE"},"content":"                    try {","lastModifiedDate":"2026-01-23T00:49:27","isFullCredit":false},{"lineNumber":63,"author":{"gitId":"ZSYUYIIE"},"content":"                        if (taskNumber \u003c\u003d 0 || taskNumber \u003e tasklist.getTaskCount()) {","lastModifiedDate":"2026-01-23T00:49:27","isFullCredit":false},{"lineNumber":64,"author":{"gitId":"ZSYUYIIE"},"content":"                            throw new IndexOutOfBoundsException();","lastModifiedDate":"2026-01-23T00:49:27","isFullCredit":false},{"lineNumber":65,"author":{"gitId":"ZSYUYIIE"},"content":"                        }","lastModifiedDate":"2026-01-23T00:49:27","isFullCredit":false},{"lineNumber":66,"author":{"gitId":"ZSYUYIIE"},"content":"                        if (taskNumber \u003e 0 \u0026\u0026 taskNumber \u003c\u003d tasklist.getTaskCount()) {","lastModifiedDate":"2026-01-21T17:33:16","isFullCredit":false},{"lineNumber":67,"author":{"gitId":"ZSYUYIIE"},"content":"                            tasklist.unmark(taskNumber);","lastModifiedDate":"2026-01-21T17:33:16","isFullCredit":false},{"lineNumber":68,"author":{"gitId":"ZSYUYIIE"},"content":"                            System.out.println(\"OK, I\u0027ve marked this task as not done yet:\\n  \" + tasklist.getTask(taskNumber - 1));","lastModifiedDate":"2026-01-21T17:33:16","isFullCredit":false},{"lineNumber":69,"author":{"gitId":"ZSYUYIIE"},"content":"                        }","lastModifiedDate":"2026-01-21T12:01:14","isFullCredit":false},{"lineNumber":70,"author":{"gitId":"ZSYUYIIE"},"content":"                    } catch (IndexOutOfBoundsException e) {","lastModifiedDate":"2026-01-23T00:49:27","isFullCredit":false},{"lineNumber":71,"author":{"gitId":"ZSYUYIIE"},"content":"                        System.out.println(\"OOPS!!! The task number you entered is invalid.\");","lastModifiedDate":"2026-01-23T00:49:27","isFullCredit":false},{"lineNumber":72,"author":{"gitId":"ZSYUYIIE"},"content":"                    } catch (Exception e) {","lastModifiedDate":"2026-01-23T00:49:27","isFullCredit":false},{"lineNumber":73,"author":{"gitId":"ZSYUYIIE"},"content":"                        System.out.println(e.getMessage());","lastModifiedDate":"2026-01-23T00:49:27","isFullCredit":false},{"lineNumber":74,"author":{"gitId":"ZSYUYIIE"},"content":"                    }","lastModifiedDate":"2026-01-23T00:49:27","isFullCredit":false},{"lineNumber":75,"author":{"gitId":"ZSYUYIIE"},"content":"                    continue;","lastModifiedDate":"2026-01-21T12:01:14","isFullCredit":false},{"lineNumber":76,"author":{"gitId":"ZSYUYIIE"},"content":"                }","lastModifiedDate":"2026-01-21T12:01:14","isFullCredit":false},{"lineNumber":77,"author":{"gitId":"ZSYUYIIE"},"content":"                case \"todo\" -\u003e {","lastModifiedDate":"2026-01-21T17:33:16","isFullCredit":false},{"lineNumber":78,"author":{"gitId":"ZSYUYIIE"},"content":"                    if (input.length() \u003c\u003d 5 || input.substring(5).trim().isEmpty()) {","lastModifiedDate":"2026-01-23T00:49:27","isFullCredit":false},{"lineNumber":79,"author":{"gitId":"ZSYUYIIE"},"content":"                        System.out.println(\"OOPS!!! The description of a todo cannot be empty.\");","lastModifiedDate":"2026-01-23T00:49:27","isFullCredit":false},{"lineNumber":80,"author":{"gitId":"ZSYUYIIE"},"content":"                        continue;","lastModifiedDate":"2026-01-23T00:49:27","isFullCredit":false},{"lineNumber":81,"author":{"gitId":"ZSYUYIIE"},"content":"                    }","lastModifiedDate":"2026-01-23T00:49:27","isFullCredit":false},{"lineNumber":82,"author":{"gitId":"ZSYUYIIE"},"content":"                    String description \u003d input.substring(5).trim();","lastModifiedDate":"2026-01-21T17:33:16","isFullCredit":false},{"lineNumber":83,"author":{"gitId":"ZSYUYIIE"},"content":"                    Task task \u003d new Todo(description);","lastModifiedDate":"2026-01-21T17:33:16","isFullCredit":false},{"lineNumber":84,"author":{"gitId":"ZSYUYIIE"},"content":"                    tasklist.addTask(task);","lastModifiedDate":"2026-01-21T17:33:16","isFullCredit":false},{"lineNumber":85,"author":{"gitId":"ZSYUYIIE"},"content":"                    printTasks(task);","lastModifiedDate":"2026-01-21T17:33:16","isFullCredit":false},{"lineNumber":86,"author":{"gitId":"ZSYUYIIE"},"content":"                    continue;","lastModifiedDate":"2026-01-21T17:33:16","isFullCredit":false},{"lineNumber":87,"author":{"gitId":"ZSYUYIIE"},"content":"                }","lastModifiedDate":"2026-01-21T17:33:16","isFullCredit":false},{"lineNumber":88,"author":{"gitId":"ZSYUYIIE"},"content":"                case \"deadline\" -\u003e {","lastModifiedDate":"2026-01-21T17:33:16","isFullCredit":false},{"lineNumber":89,"author":{"gitId":"ZSYUYIIE"},"content":"                    if (input.length() \u003c\u003d 9 || input.substring(9).trim().isEmpty()) {","lastModifiedDate":"2026-01-23T00:49:27","isFullCredit":false},{"lineNumber":90,"author":{"gitId":"ZSYUYIIE"},"content":"                        System.out.println(\"OOPS!!! The description of a deadline cannot be empty.\");","lastModifiedDate":"2026-01-23T00:49:27","isFullCredit":false},{"lineNumber":91,"author":{"gitId":"ZSYUYIIE"},"content":"                        continue;","lastModifiedDate":"2026-01-23T00:49:27","isFullCredit":false},{"lineNumber":92,"author":{"gitId":"ZSYUYIIE"},"content":"                    }","lastModifiedDate":"2026-01-23T00:49:27","isFullCredit":false},{"lineNumber":93,"author":{"gitId":"ZSYUYIIE"},"content":"                    if (!input.contains(\" /by \")) {","lastModifiedDate":"2026-01-23T00:49:27","isFullCredit":false},{"lineNumber":94,"author":{"gitId":"ZSYUYIIE"},"content":"                        System.out.println(\"OOPS!!! The deadline must have a /by date.\");","lastModifiedDate":"2026-01-23T00:49:27","isFullCredit":false},{"lineNumber":95,"author":{"gitId":"ZSYUYIIE"},"content":"                        continue;","lastModifiedDate":"2026-01-23T00:49:27","isFullCredit":false},{"lineNumber":96,"author":{"gitId":"ZSYUYIIE"},"content":"                    }","lastModifiedDate":"2026-01-23T00:49:27","isFullCredit":false},{"lineNumber":97,"author":{"gitId":"ZSYUYIIE"},"content":"                    String[] parts \u003d input.substring(9).split(\" /by \");","lastModifiedDate":"2026-01-21T17:33:16","isFullCredit":false},{"lineNumber":98,"author":{"gitId":"ZSYUYIIE"},"content":"                    String description \u003d parts[0].trim();","lastModifiedDate":"2026-01-21T17:33:16","isFullCredit":false},{"lineNumber":99,"author":{"gitId":"ZSYUYIIE"},"content":"                    String date \u003d parts[1].trim();","lastModifiedDate":"2026-01-21T17:33:16","isFullCredit":false},{"lineNumber":100,"author":{"gitId":"ZSYUYIIE"},"content":"                    Task task \u003d new Deadline(description, date);","lastModifiedDate":"2026-01-21T17:33:16","isFullCredit":false},{"lineNumber":101,"author":{"gitId":"ZSYUYIIE"},"content":"                    tasklist.addTask(task);","lastModifiedDate":"2026-01-21T17:33:16","isFullCredit":false},{"lineNumber":102,"author":{"gitId":"ZSYUYIIE"},"content":"                    printTasks(task);","lastModifiedDate":"2026-01-21T17:33:16","isFullCredit":false},{"lineNumber":103,"author":{"gitId":"ZSYUYIIE"},"content":"                    continue;","lastModifiedDate":"2026-01-21T17:33:16","isFullCredit":false},{"lineNumber":104,"author":{"gitId":"ZSYUYIIE"},"content":"                }","lastModifiedDate":"2026-01-21T17:33:16","isFullCredit":false},{"lineNumber":105,"author":{"gitId":"ZSYUYIIE"},"content":"                case \"event\" -\u003e {","lastModifiedDate":"2026-01-21T17:33:16","isFullCredit":false},{"lineNumber":106,"author":{"gitId":"ZSYUYIIE"},"content":"                    if (input.length() \u003c\u003d 6 || input.substring(6).trim().isEmpty()) {","lastModifiedDate":"2026-01-23T00:49:27","isFullCredit":false},{"lineNumber":107,"author":{"gitId":"ZSYUYIIE"},"content":"                        System.out.println(\"OOPS!!! The description of an event cannot be empty.\");","lastModifiedDate":"2026-01-23T00:49:27","isFullCredit":false},{"lineNumber":108,"author":{"gitId":"ZSYUYIIE"},"content":"                        continue;","lastModifiedDate":"2026-01-23T00:49:27","isFullCredit":false},{"lineNumber":109,"author":{"gitId":"ZSYUYIIE"},"content":"                    }","lastModifiedDate":"2026-01-23T00:49:27","isFullCredit":false},{"lineNumber":110,"author":{"gitId":"ZSYUYIIE"},"content":"                    if (!input.contains(\" /from \") || !input.contains(\" /to \")) {","lastModifiedDate":"2026-01-23T00:49:27","isFullCredit":false},{"lineNumber":111,"author":{"gitId":"ZSYUYIIE"},"content":"                        System.out.println(\"OOPS!!! The event must have a /from and /to date.\");","lastModifiedDate":"2026-01-23T00:49:27","isFullCredit":false},{"lineNumber":112,"author":{"gitId":"ZSYUYIIE"},"content":"                        continue;","lastModifiedDate":"2026-01-23T00:49:27","isFullCredit":false},{"lineNumber":113,"author":{"gitId":"ZSYUYIIE"},"content":"                    }","lastModifiedDate":"2026-01-23T00:49:27","isFullCredit":false},{"lineNumber":114,"author":{"gitId":"ZSYUYIIE"},"content":"                    if (input.indexOf(\" /to \") \u003c input.indexOf(\" /from \")) {","lastModifiedDate":"2026-01-23T00:49:27","isFullCredit":false},{"lineNumber":115,"author":{"gitId":"ZSYUYIIE"},"content":"                        System.out.println(\"OOPS!!! The /to date must come after the /from date.\");","lastModifiedDate":"2026-01-23T00:49:27","isFullCredit":false},{"lineNumber":116,"author":{"gitId":"ZSYUYIIE"},"content":"                        continue;","lastModifiedDate":"2026-01-23T00:49:27","isFullCredit":false},{"lineNumber":117,"author":{"gitId":"ZSYUYIIE"},"content":"                    }","lastModifiedDate":"2026-01-23T00:49:27","isFullCredit":false},{"lineNumber":118,"author":{"gitId":"ZSYUYIIE"},"content":"                    String[] parts \u003d input.substring(6).split(\" /from \");","lastModifiedDate":"2026-01-21T17:33:16","isFullCredit":false},{"lineNumber":119,"author":{"gitId":"ZSYUYIIE"},"content":"                    String description \u003d parts[0].trim();","lastModifiedDate":"2026-01-21T17:33:16","isFullCredit":false},{"lineNumber":120,"author":{"gitId":"ZSYUYIIE"},"content":"                    String Dates \u003d parts[1].trim();","lastModifiedDate":"2026-01-21T18:30:45","isFullCredit":false},{"lineNumber":121,"author":{"gitId":"ZSYUYIIE"},"content":"                    String startDate \u003d Dates.split(\" /to \")[0].trim();","lastModifiedDate":"2026-01-21T18:30:45","isFullCredit":false},{"lineNumber":122,"author":{"gitId":"ZSYUYIIE"},"content":"                    String endDate \u003d parts[1].split(\" /to \")[1].trim();","lastModifiedDate":"2026-01-21T17:33:16","isFullCredit":false},{"lineNumber":123,"author":{"gitId":"ZSYUYIIE"},"content":"                    Task task \u003d new Event(description, startDate, endDate);","lastModifiedDate":"2026-01-21T17:33:16","isFullCredit":false},{"lineNumber":124,"author":{"gitId":"ZSYUYIIE"},"content":"                    tasklist.addTask(task);","lastModifiedDate":"2026-01-21T17:33:16","isFullCredit":false},{"lineNumber":125,"author":{"gitId":"ZSYUYIIE"},"content":"                    printTasks(task);","lastModifiedDate":"2026-01-21T17:33:16","isFullCredit":false},{"lineNumber":126,"author":{"gitId":"ZSYUYIIE"},"content":"                    continue;","lastModifiedDate":"2026-01-21T17:33:16","isFullCredit":false},{"lineNumber":127,"author":{"gitId":"ZSYUYIIE"},"content":"                }","lastModifiedDate":"2026-01-21T17:33:16","isFullCredit":false},{"lineNumber":128,"author":{"gitId":"ZSYUYIIE"},"content":"                case \"delete\" -\u003e {","lastModifiedDate":"2026-01-23T00:56:06","isFullCredit":false},{"lineNumber":129,"author":{"gitId":"ZSYUYIIE"},"content":"                    int taskNumber \u003d Integer.parseInt(input.split(\" \")[1]);","lastModifiedDate":"2026-01-23T00:56:06","isFullCredit":false},{"lineNumber":130,"author":{"gitId":"ZSYUYIIE"},"content":"                    try {","lastModifiedDate":"2026-01-23T00:56:06","isFullCredit":false},{"lineNumber":131,"author":{"gitId":"ZSYUYIIE"},"content":"                        if (taskNumber \u003c\u003d 0 || taskNumber \u003e tasklist.getTaskCount()) {","lastModifiedDate":"2026-01-23T00:56:06","isFullCredit":false},{"lineNumber":132,"author":{"gitId":"ZSYUYIIE"},"content":"                            throw new IndexOutOfBoundsException();","lastModifiedDate":"2026-01-23T00:56:06","isFullCredit":false},{"lineNumber":133,"author":{"gitId":"ZSYUYIIE"},"content":"                        }","lastModifiedDate":"2026-01-23T00:56:06","isFullCredit":false},{"lineNumber":134,"author":{"gitId":"ZSYUYIIE"},"content":"                        Task removedTask \u003d tasklist.getTask(taskNumber - 1);","lastModifiedDate":"2026-01-23T00:56:06","isFullCredit":false},{"lineNumber":135,"author":{"gitId":"ZSYUYIIE"},"content":"                        tasklist.deleteTask(taskNumber);","lastModifiedDate":"2026-01-23T00:56:06","isFullCredit":false},{"lineNumber":136,"author":{"gitId":"ZSYUYIIE"},"content":"                        System.out.println(\"Noted. I\u0027ve removed this task:\\n  \" + removedTask","lastModifiedDate":"2026-01-23T00:56:06","isFullCredit":false},{"lineNumber":137,"author":{"gitId":"ZSYUYIIE"},"content":"                                + \"\\nNow you have \" + tasklist.getTaskCount() + \" tasks in the list.\");","lastModifiedDate":"2026-01-23T00:56:06","isFullCredit":false},{"lineNumber":138,"author":{"gitId":"ZSYUYIIE"},"content":"                    } catch (IndexOutOfBoundsException e) {","lastModifiedDate":"2026-01-23T00:56:06","isFullCredit":false},{"lineNumber":139,"author":{"gitId":"ZSYUYIIE"},"content":"                        System.out.println(\"OOPS!!! The task number you entered is invalid.\");","lastModifiedDate":"2026-01-23T00:56:06","isFullCredit":false},{"lineNumber":140,"author":{"gitId":"ZSYUYIIE"},"content":"                    } catch (Exception e) {","lastModifiedDate":"2026-01-23T00:56:06","isFullCredit":false},{"lineNumber":141,"author":{"gitId":"ZSYUYIIE"},"content":"                        System.out.println(e.getMessage());","lastModifiedDate":"2026-01-23T00:56:06","isFullCredit":false},{"lineNumber":142,"author":{"gitId":"ZSYUYIIE"},"content":"                    }","lastModifiedDate":"2026-01-23T00:56:06","isFullCredit":false},{"lineNumber":143,"author":{"gitId":"ZSYUYIIE"},"content":"                    continue;","lastModifiedDate":"2026-01-23T00:56:06","isFullCredit":false},{"lineNumber":144,"author":{"gitId":"ZSYUYIIE"},"content":"                }","lastModifiedDate":"2026-01-23T00:56:06","isFullCredit":false},{"lineNumber":145,"author":{"gitId":"ZSYUYIIE"},"content":"                default -\u003e {","lastModifiedDate":"2026-01-23T00:49:27","isFullCredit":false},{"lineNumber":146,"author":{"gitId":"ZSYUYIIE"},"content":"                    System.out.println(\"OOPS!!! Please enter a valid command among todo, deadline, event, mark, unmark, list, bye.\");","lastModifiedDate":"2026-01-23T00:49:27","isFullCredit":false},{"lineNumber":147,"author":{"gitId":"ZSYUYIIE"},"content":"                }","lastModifiedDate":"2026-01-23T00:49:27","isFullCredit":false},{"lineNumber":148,"author":{"gitId":"ZSYUYIIE"},"content":"            }   ","lastModifiedDate":"2026-01-21T17:33:16","isFullCredit":false},{"lineNumber":149,"author":{"gitId":"ZSYUYIIE"},"content":"        }","lastModifiedDate":"2026-01-20T19:43:54","isFullCredit":false},{"lineNumber":150,"author":{"gitId":"ZSYUYIIE"},"content":"        scanner.close();","lastModifiedDate":"2026-01-21T17:33:16","isFullCredit":false},{"lineNumber":151,"author":{"gitId":"ZSYUYIIE"},"content":"    }","lastModifiedDate":"2026-01-20T19:04:53","isFullCredit":false},{"lineNumber":152,"author":{"gitId":"ZSYUYIIE"},"content":"}","lastModifiedDate":"2026-01-20T19:04:53","isFullCredit":false}],"authorContributionMap":{"ZSYUYIIE":152}}]
