{"authorDailyContributionsMap":{"danielyap4103":[{"date":"2026-01-24T00:00:00","commitResults":[{"hash":"208b14ebb5ca0e334d7dee8679286196af00d795","isMergeCommit":false,"messageTitle":"Rename chatbot to Atlas and add greeting","messageBody":"","tags":["Level-0"],"fileTypesAndContributionMap":{"java":{"insertions":7,"deletions":10},"bat":{"insertions":1,"deletions":1},"md":{"insertions":3,"deletions":3}}},{"hash":"92cdd9a85eaf876490e3522ae5adfa56b23566e3","isMergeCommit":false,"messageTitle":"Add echo behaviour and exit on bye","messageBody":"","tags":["Level-1"],"fileTypesAndContributionMap":{"java":{"insertions":18,"deletions":1}}},{"hash":"6df4859584f1e40e6935bfbb4eb9026a1063dd71","isMergeCommit":false,"messageTitle":"Add ability to store items and list them","messageBody":"","tags":["Level-2"],"fileTypesAndContributionMap":{"java":{"insertions":10,"deletions":2}}},{"hash":"022d4ea512d81080cdee3d6d1fa0d07a5698a386","isMergeCommit":false,"messageTitle":"Add ability to mark tasks as done and undone","messageBody":"","tags":["Level-3"],"fileTypesAndContributionMap":{"java":{"insertions":33,"deletions":3}}}]},{"date":"2026-01-25T00:00:00","commitResults":[{"hash":"8a7893bfa1c088b21a4eaab0d0c884221fa2bb51","isMergeCommit":false,"messageTitle":"Add support for tracking todos, deadlines and events","messageBody":"","tags":["Level-4"],"fileTypesAndContributionMap":{"java":{"insertions":66,"deletions":8}}},{"hash":"421167883b6533de3b94866f6b7c7f7896ab9731","isMergeCommit":false,"messageTitle":"Add text UI test cases","messageBody":"","fileTypesAndContributionMap":{"txt":{"insertions":5,"deletions":0}}},{"hash":"3b2cd5afd498aa548ce5c36f6c94ae7f73c1986e","isMergeCommit":false,"messageTitle":"Added functionality to deal with incorrect inputs","messageBody":"","tags":["Level-5"],"fileTypesAndContributionMap":{"java":{"insertions":64,"deletions":36}}}]},{"date":"2026-01-26T00:00:00","commitResults":[{"hash":"969730301c3a8aaddcc0a74963fd762041039708","isMergeCommit":false,"messageTitle":"Add support for deleting tasks from the list","messageBody":"","tags":["Level-6","A-TextUiTesting"],"fileTypesAndContributionMap":{"java":{"insertions":32,"deletions":17}}}]},{"date":"2026-01-29T00:00:00","commitResults":[{"hash":"1fe6d9baef984aa10dca52704fd94bb8533b2a29","isMergeCommit":false,"messageTitle":"Add functionality to save and load task into a storage","messageBody":"","fileTypesAndContributionMap":{"java":{"insertions":124,"deletions":3}}},{"hash":"53f4318fcae81d9fc93e509cc310337b01be7d5b","isMergeCommit":true,"messageTitle":"Merge branch \u0027branch-Level-7\u0027","messageBody":"","tags":["Level-7"],"fileTypesAndContributionMap":{}}]},{"date":"2026-01-30T00:00:00","commitResults":[{"hash":"214df08248ef9453255146348d3e231dbc51ec53","isMergeCommit":false,"messageTitle":"Add functionality to allow chatbot to understand dates and times","messageBody":"","fileTypesAndContributionMap":{"txt":{"insertions":1,"deletions":0},"java":{"insertions":42,"deletions":12}}},{"hash":"fac86aedfbaee7fd74ed3841c3f396f038e75868","isMergeCommit":true,"messageTitle":"Merge branch \u0027branch-Level-8\u0027","messageBody":"","tags":["Level-8"],"fileTypesAndContributionMap":{}},{"hash":"4718fb3bfe6c9e925ae56585e5260618b4d4ad3f","isMergeCommit":false,"messageTitle":"Add TaskList class","messageBody":"","fileTypesAndContributionMap":{"java":{"insertions":58,"deletions":9}}},{"hash":"0abc668bdef64d16bcf5b8bbf406b7fdb4739927","isMergeCommit":false,"messageTitle":"Add Ui class","messageBody":"","fileTypesAndContributionMap":{"java":{"insertions":85,"deletions":33}}},{"hash":"b0c3d43d841e941233b276d50bbeec0dbf283d21","isMergeCommit":false,"messageTitle":"Add Parser class","messageBody":"","fileTypesAndContributionMap":{"txt":{"insertions":1,"deletions":1},"java":{"insertions":157,"deletions":80}}},{"hash":"4063cade2e726a5cbbf142c56138bc8303836f57","isMergeCommit":true,"messageTitle":"Merge branch \u0027branch-A-MoreOOP\u0027","messageBody":"","tags":["A-MoreOOP"],"fileTypesAndContributionMap":{}},{"hash":"6ea69c5735453d1c4eacca4daac89128df2ebdfa","isMergeCommit":false,"messageTitle":"Organize classes into packages","messageBody":"","fileTypesAndContributionMap":{"java":{"insertions":52,"deletions":18},"bat":{"insertions":1,"deletions":1},"md":{"insertions":3,"deletions":3}}},{"hash":"38bf7918cfb6742c8f243fb4c38e0392b4af51dc","isMergeCommit":true,"messageTitle":"Merge branch \u0027branch-A-Packages\u0027","messageBody":"","tags":["A-Packages"],"fileTypesAndContributionMap":{}},{"hash":"49d9dd6397fb3e954f399a90a305b612f2a1197c","isMergeCommit":true,"messageTitle":"Merge branch \u0027add-gradle-support\u0027","messageBody":"","tags":["A-Gradle"],"fileTypesAndContributionMap":{}},{"hash":"42fafc1c634b23016a2b1c464fbf03e25db3d130","isMergeCommit":false,"messageTitle":"Add JUnit tests and fixed Parser whitespace handling","messageBody":"","fileTypesAndContributionMap":{"gradle":{"insertions":1,"deletions":1},"java":{"insertions":73,"deletions":1}}},{"hash":"df96ca4ea8f5244bdaabd58afbe1cbed54888190","isMergeCommit":true,"messageTitle":"Merge branch \u0027branch-A-JUnit\u0027","messageBody":"","tags":["A-JUnit"],"fileTypesAndContributionMap":{}}]},{"date":"2026-02-01T00:00:00","commitResults":[{"hash":"cabab7b38b907f7bdedb1f63694b0cf8de13c692","isMergeCommit":false,"messageTitle":"Add JavaDoc comments","messageBody":"","fileTypesAndContributionMap":{"java":{"insertions":234,"deletions":4}}},{"hash":"a126ab67ae85c07f458fc923f1a022c393a545f9","isMergeCommit":false,"messageTitle":"Apply coding standard improvements","messageBody":"","fileTypesAndContributionMap":{"java":{"insertions":108,"deletions":55}}},{"hash":"d3c2bd17dfae9111fb25f1760b243f906ef3e03d","isMergeCommit":false,"messageTitle":"Add functionality to find task by searching for keyword in task description","messageBody":"","fileTypesAndContributionMap":{"java":{"insertions":48,"deletions":16}}},{"hash":"5e0d3ad8698fc58be39a37d0670a2aaa8a1d1f0b","isMergeCommit":true,"messageTitle":"Merge branch \u0027branch-A-JavaDoc\u0027","messageBody":"","tags":["A-JavaDoc"],"fileTypesAndContributionMap":{}},{"hash":"e6bf8d850f0ac362eb6e6d7d1ecbc676224f6634","isMergeCommit":true,"messageTitle":"Merge branch \u0027branch-A-CodingStandard\u0027","messageBody":"","tags":["A-CodingStandard"],"fileTypesAndContributionMap":{}},{"hash":"9d9ba6226350fb1c093428159ae1229cc5cec045","isMergeCommit":true,"messageTitle":"Merge branch \u0027branch-Level-9\u0027","messageBody":"","tags":["Level-9"],"fileTypesAndContributionMap":{}}]},{"date":"2026-02-07T00:00:00","commitResults":[{"hash":"ac8f2c1fe193a563d809732dd5b02df5c7483fe3","isMergeCommit":false,"messageTitle":"Add GUI support","messageBody":"","fileTypesAndContributionMap":{"gradle":{"insertions":24,"deletions":12},"txt":{"insertions":4,"deletions":0},"fxml":{"insertions":41,"deletions":0},"java":{"insertions":251,"deletions":157}}},{"hash":"de3b98ebc8356226ad17abadc1abca82ad1f4a08","isMergeCommit":true,"messageTitle":"Add Level 10 changes","messageBody":"","tags":["Level-10"],"fileTypesAndContributionMap":{}},{"hash":"cb36822ccbb1c5e88f9e041f3c9b3a737e2ec073","isMergeCommit":false,"messageTitle":"Add feature allowing application to close on bye command","messageBody":"","fileTypesAndContributionMap":{"txt":{"insertions":0,"deletions":5},"java":{"insertions":5,"deletions":0}}}]}]},"authorFileTypeContributionMap":{"danielyap4103":{"java":1019,"md":3,"fxml":41,"sh":0,"bat":1,"gradle":23,"txt":5}},"authorContributionVariance":{"danielyap4103":26189.512},"authorDisplayNameMap":{"danielyap4103":"CS2103T-T13-2 YAP ..NIEL"}}
