{"authorDailyContributionsMap":{"gracias022":[{"date":"2026-01-19T00:00:00","commitResults":[{"hash":"5a69515ceee9ec85ea878b920b54bde2779ea197","isMergeCommit":false,"messageTitle":"Level 0: Add greet and exit functionality","messageBody":"","tags":["Level-0"],"fileTypesAndContributionMap":{"java":{"insertions":9,"deletions":10}}},{"hash":"64281cc562a79c078455958b13126cb2007d7241","isMergeCommit":false,"messageTitle":"Level 1: Add echo functionality","messageBody":"","tags":["Level-1"],"fileTypesAndContributionMap":{"java":{"insertions":24,"deletions":5}}}]},{"date":"2026-01-20T00:00:00","commitResults":[{"hash":"48aacfacb68608240cbb609a767a034d95dc21c8","isMergeCommit":false,"messageTitle":"Level 2: Add text storage and listing functionality","messageBody":"","fileTypesAndContributionMap":{"java":{"insertions":14,"deletions":1}}},{"hash":"adab3908dd8c9dee43d3cb12ad17554a84d14a9e","isMergeCommit":false,"messageTitle":"Level 2: Refactor code for handling listing functionality","messageBody":"Task management is currently handled directly in Miffy.main().\n\nDirect array manipulation in main() breaks encapsulation\nand the Single Responsibility Principle.\n\nLet\u0027s extract task storage and basic operations (add, list)\ninto a TaskList class with:\n* private String[100] tasks array\n* private taskCount variable for tracking tasks added\n* public add(String) method\n* public list() method\n\nCreating a TaskList class encapsulates data and operations\nrelated to task management and hides implementation details from Miffy\n","tags":["Level-2"],"fileTypesAndContributionMap":{"java":{"insertions":23,"deletions":8}}},{"hash":"ecb1390ccf528182d2e77663643a841a86da720f","isMergeCommit":false,"messageTitle":"Level 3: Add mark-as-done functionality","messageBody":"","tags":["Level-3"],"fileTypesAndContributionMap":{"java":{"insertions":91,"deletions":11}}},{"hash":"27458ae5d7758569c71e5f7f5fb9b2707b2eab77","isMergeCommit":false,"messageTitle":"Level 4: Add support for tracking Todos, Deadlines and Events","messageBody":"","fileTypesAndContributionMap":{"java":{"insertions":108,"deletions":17}}},{"hash":"6e718427140efb122a6d11a0989cc2eb39481ffe","isMergeCommit":false,"messageTitle":"Level 4: Correct task count pluralization in confirmation feedback","messageBody":"","tags":["Level-4"],"fileTypesAndContributionMap":{"java":{"insertions":3,"deletions":1}}},{"hash":"add6128f59c47a17b97a093445aa3f8560643856","isMergeCommit":false,"messageTitle":"A-TextUiTesting: Add automated Text UI Testing using I/O redirection","messageBody":"","tags":["A-TextUiTesting"],"fileTypesAndContributionMap":{"txt":{"insertions":14,"deletions":0},"sh":{"insertions":1,"deletions":1}}},{"hash":"ce46ff5730a871fc4c1f3f3ea29668891174cd3e","isMergeCommit":false,"messageTitle":"Level 5: Add and refine error-handling functionality","messageBody":"","tags":["Level-5"],"fileTypesAndContributionMap":{"java":{"insertions":106,"deletions":68}}},{"hash":"3f26bdba19f36862c2ff3497d7c9aaa4b4336d0b","isMergeCommit":false,"messageTitle":"Level 5: Add consistent 2-space padding to error messages","messageBody":"","fileTypesAndContributionMap":{"java":{"insertions":2,"deletions":2}}},{"hash":"a9555ed8bfbdd6ba404733e68621f8b2317a48a4","isMergeCommit":false,"messageTitle":"A-TextUiTesting: Update Text UI test cases and expected results","messageBody":"","fileTypesAndContributionMap":{"txt":{"insertions":5,"deletions":0}}}]},{"date":"2026-01-21T00:00:00","commitResults":[{"hash":"cab4c4b317e2974eba5f12f52838e7668c9c8e98","isMergeCommit":false,"messageTitle":"Level 6: Add delete-task functionality","messageBody":"","tags":["Level-6"],"fileTypesAndContributionMap":{"java":{"insertions":50,"deletions":26}}}]}]},"authorFileTypeContributionMap":{"gracias022":{"java":291,"md":0,"fxml":0,"sh":1,"bat":0,"gradle":0,"txt":19}},"authorContributionVariance":{"gracias022":15920.285},"authorDisplayNameMap":{"gracias022":"CHEW..ACIA"}}
