{"authorDailyContributionsMap":{"Depsheng":[{"date":"2026-01-21T00:00:00","commitResults":[{"hash":"8c0aa716cf23c70adbc7e6be58d104994c8d0034","isMergeCommit":false,"messageTitle":"Level-0","messageBody":"Changed bot name to Lala and changed text output\n","tags":["Level-1"],"fileTypesAndContributionMap":{"java":{"insertions":20,"deletions":10}}},{"hash":"c4e8dd94a0fab303fc524a0d249b55f8b332a0b8","isMergeCommit":false,"messageTitle":"Level-1","messageBody":"added echo function\n","fileTypesAndContributionMap":{"java":{"insertions":25,"deletions":0}}},{"hash":"68945b099be9496ecc1d9985057b35f61b0bfd08","isMergeCommit":false,"messageTitle":"Level-2","messageBody":"added Add and List to chatbot\n","tags":["Level-2"],"fileTypesAndContributionMap":{"java":{"insertions":26,"deletions":1}}},{"hash":"7cf3d236bfe28b3da68f97f2343364026dae46a6","isMergeCommit":false,"messageTitle":"Level-3","messageBody":"added mark and unmark function to the chatbot and created a Task class\n","tags":["Level-3"],"fileTypesAndContributionMap":{"java":{"insertions":74,"deletions":9}}}]},{"date":"2026-01-22T00:00:00","commitResults":[{"hash":"cdc5d7f95533f9630318ae09e06fa12d316d3103","isMergeCommit":false,"messageTitle":"Level-4","messageBody":"Added 3 different classes which extends from Task class and accept its inputs to create said Tasks\n","tags":["Level-4"],"fileTypesAndContributionMap":{"java":{"insertions":136,"deletions":3}}},{"hash":"f93ec6462500f9b2005e6a48c686462c98e3dae4","isMergeCommit":false,"messageTitle":"I/O testing","messageBody":"Ran some expected inputs and compared the outputs with the actual outputs\n","tags":["A-TextUiTesting"],"fileTypesAndContributionMap":{"txt":{"insertions":2,"deletions":0},"java":{"insertions":8,"deletions":4},"bat":{"insertions":1,"deletions":1}}},{"hash":"ee54d2ab8df568f944d965d614e41f55f3fc34a8","isMergeCommit":false,"messageTitle":"Added Exception handling","messageBody":"Lala is now able to catch errors of noSuchCommand and NoDescription for the 3 tasks\n","tags":["Level-5"],"fileTypesAndContributionMap":{"java":{"insertions":81,"deletions":46}}},{"hash":"88fc55d1cf444dca774155fdf8473943814a07b4","isMergeCommit":false,"messageTitle":"Delete function added","messageBody":"Able to delete selected tasks\n","tags":["Level-6"],"fileTypesAndContributionMap":{"java":{"insertions":20,"deletions":1}}}]}]},"authorFileTypeContributionMap":{"Depsheng":{"java":326,"md":0,"fxml":0,"sh":0,"bat":1,"gradle":0,"txt":2}},"authorContributionVariance":{"Depsheng":7384.96},"authorDisplayNameMap":{"Depsheng":"YEO ..HENG"}}
