{"authorDailyContributionsMap":{"nana-6381":[{"date":"2026-02-04T00:00:00","commitResults":[{"hash":"70ea339d5e5e27491f1883d2a45a04467604cec5","isMergeCommit":false,"messageTitle":"Level-0: Rename, greet, exit","messageBody":"","tags":["Level-0"],"fileTypesAndContributionMap":{"java":{"insertions":14,"deletions":10},"bat":{"insertions":1,"deletions":1},"md":{"insertions":3,"deletions":3}}}]}]},"authorFileTypeContributionMap":{"nana-6381":{"java":14,"md":3,"fxml":0,"sh":0,"bat":1,"gradle":0,"txt":0}},"authorContributionVariance":{"nana-6381":36.521263},"authorDisplayNameMap":{"nana-6381":"CS2103T-W14-1 LIU ..IAQI"}}
