{"authorDailyContributionsMap":{"serny-afk":[{"date":"2026-01-16T00:00:00","commitResults":[{"hash":"8c6aa5412eb4d50945357cb50a6c93c24ea3ad0d","isMergeCommit":false,"messageTitle":"Skeletal Version","messageBody":"","tags":["Level-0"],"fileTypesAndContributionMap":{"java":{"insertions":11,"deletions":10},"bat":{"insertions":1,"deletions":1},"md":{"insertions":3,"deletions":3}}}]},{"date":"2026-01-18T00:00:00","commitResults":[{"hash":"69709d35e5a3313a9243141279c47fa3afb8103b","isMergeCommit":false,"messageTitle":"Echo","messageBody":"","tags":["Level-1"],"fileTypesAndContributionMap":{"java":{"insertions":46,"deletions":4}}},{"hash":"e0ef3114bf16995fd3b4e9564832b108dc082348","isMergeCommit":false,"messageTitle":"Add, List","messageBody":"","tags":["Level-2"],"fileTypesAndContributionMap":{"java":{"insertions":76,"deletions":8}}},{"hash":"9d293039993f0805b2ad0e92664f61423967c2ce","isMergeCommit":false,"messageTitle":"Mark as Done","messageBody":"","tags":["Level-3"],"fileTypesAndContributionMap":{"java":{"insertions":93,"deletions":13}}}]},{"date":"2026-01-19T00:00:00","commitResults":[{"hash":"5c2a10a974c96deced853592adf13506bd0abe47","isMergeCommit":false,"messageTitle":"ToDos, Events, Deadlines","messageBody":"","tags":["Level-4"],"fileTypesAndContributionMap":{"java":{"insertions":84,"deletions":12}}},{"hash":"96f632174bb180249a56fdc85fc9a3c55430fa97","isMergeCommit":false,"messageTitle":"Handle Errors","messageBody":"","tags":["Level-5"],"fileTypesAndContributionMap":{"java":{"insertions":107,"deletions":65}}},{"hash":"9d68fd0d5eebe6ef4c885520b6ec5639d561f3dd","isMergeCommit":false,"messageTitle":"Delete","messageBody":"","tags":["Level-6"],"fileTypesAndContributionMap":{"java":{"insertions":49,"deletions":28}}},{"hash":"daae26f46c734c593d3456d0187fba039446929c","isMergeCommit":false,"messageTitle":"Automated Text UI Testing","messageBody":"","tags":["A-TextUiTesting"],"fileTypesAndContributionMap":{"txt":{"insertions":10,"deletions":0},"java":{"insertions":4,"deletions":0}}}]},{"date":"2026-01-22T00:00:00","commitResults":[{"hash":"1d163a5b98a49be2122744cf7852a96260ffe3de","isMergeCommit":false,"messageTitle":"Save","messageBody":"","fileTypesAndContributionMap":{"java":{"insertions":160,"deletions":19}}},{"hash":"6dc03cc364cc5a7b421637a2fa964fab99b0be40","isMergeCommit":true,"messageTitle":"Merge level 7 branch","messageBody":"","tags":["Level-7"],"fileTypesAndContributionMap":{}}]},{"date":"2026-01-23T00:00:00","commitResults":[{"hash":"953c3a8e3ba27dc1115821f2fcc6019f1b0bc3d7","isMergeCommit":false,"messageTitle":"Added date time parsing","messageBody":"","fileTypesAndContributionMap":{"java":{"insertions":84,"deletions":17}}},{"hash":"2872528618860266c0e6f2566b04ef6fed86d98e","isMergeCommit":true,"messageTitle":"Merge branch-level-8 with LocalDateTime support","messageBody":"","tags":["Level-8"],"fileTypesAndContributionMap":{}},{"hash":"7232cab012ef881d49c843123814c5e2b835c74f","isMergeCommit":false,"messageTitle":"Add Parser.java","messageBody":"","fileTypesAndContributionMap":{"java":{"insertions":77,"deletions":39}}},{"hash":"37d9c3cfe2d11057ed743b5c79884ea4ed99ed51","isMergeCommit":false,"messageTitle":"Update Parser.java logic","messageBody":"","fileTypesAndContributionMap":{"java":{"insertions":8,"deletions":8}}},{"hash":"1fcfe004e8a0acf06359fec90fd6719dd028ec57","isMergeCommit":true,"messageTitle":"Merge branch \u0027A-MoreOOP\u0027 Integrated More OOP logic, commands now handled in Parser.java","messageBody":"","tags":["A-MoreOOP"],"fileTypesAndContributionMap":{}},{"hash":"771bcf28cd5f1f96cae9d1530c3a0845c27ddf1e","isMergeCommit":false,"messageTitle":"Update project structure with packages","messageBody":"","fileTypesAndContributionMap":{"java":{"insertions":61,"deletions":6},"bat":{"insertions":1,"deletions":1},"md":{"insertions":3,"deletions":3}}},{"hash":"167cea942900432823c73c099aa464204530622e","isMergeCommit":true,"messageTitle":"Merge branch \u0027branch-a-packages\u0027 Merge with branch-a-packages to implement branch structure","messageBody":"","tags":["A-Packages"],"fileTypesAndContributionMap":{}},{"hash":"9085e438c7cfcb3a07c05e19396db56bdc9d010f","isMergeCommit":true,"messageTitle":"Merge remote-tracking branch \u0027origin/add-gradle-support\u0027 Added gradle support","messageBody":"","fileTypesAndContributionMap":{}},{"hash":"09d8326d5413cb74ff946de7c2afa34a66418171","isMergeCommit":false,"messageTitle":"Add gradle support","messageBody":"","fileTypesAndContributionMap":{"gradle":{"insertions":1,"deletions":1}}},{"hash":"c06eed6b7f328a2d196f4b8e7d94a12b3f89591f","isMergeCommit":true,"messageTitle":"Merge branch \u0027branch-a-gradle\u0027 Add gradle support to run chatbot","messageBody":"","tags":["A-Gradle"],"fileTypesAndContributionMap":{}},{"hash":"cd4fb04af6903dfc0af43e3c54c06195f6d2c4e1","isMergeCommit":false,"messageTitle":"Add JUnit tests for 2 methods","messageBody":"","fileTypesAndContributionMap":{"java":{"insertions":86,"deletions":4}}},{"hash":"6042ee22f731ee2c5d0449472785935ea7f0976d","isMergeCommit":true,"messageTitle":"Merge branch \u0027branch-a-junit\u0027 Merge branch including new JUnit tests for non-trivial methods","messageBody":"","tags":["A-JUnit"],"fileTypesAndContributionMap":{}}]},{"date":"2026-01-24T00:00:00","commitResults":[{"hash":"9cfe9ed8ebc3fa2bd4bf24743f00a4716edd4695","isMergeCommit":false,"messageTitle":"Add JavaDoc comments","messageBody":"","fileTypesAndContributionMap":{"java":{"insertions":238,"deletions":30}}},{"hash":"27c5cbe37f5633036b9eb13bb781ff6111ef0fa1","isMergeCommit":false,"messageTitle":"Add JavaDoc comments for exception classes","messageBody":"","fileTypesAndContributionMap":{"java":{"insertions":62,"deletions":1}}},{"hash":"dc3f01feda83e1f3dd784134762daa1e682f5abb","isMergeCommit":false,"messageTitle":"Add class-level JavaDoc for tasks, fix line breaks","messageBody":"","fileTypesAndContributionMap":{"java":{"insertions":11,"deletions":4}}},{"hash":"77e065bf11df98683e486dc6c5f527eb632b1176","isMergeCommit":false,"messageTitle":"Fix coding standard issues","messageBody":"","tags":["A-CodingStandard"],"fileTypesAndContributionMap":{"java":{"insertions":5,"deletions":1}}},{"hash":"efd55dff483f9efed19c09b6a192b52ed90ba560","isMergeCommit":false,"messageTitle":"Add find command support","messageBody":"","fileTypesAndContributionMap":{"java":{"insertions":37,"deletions":1}}},{"hash":"a536c95b8a2ceb8e7133adb704ea3342d98a5f36","isMergeCommit":true,"messageTitle":"Merge branch \u0027branch-A-JavaDoc\u0027 Add JavaDoc comments to project","messageBody":"Add comments on use of public methods and classes\n","tags":["A-JavaDoc"],"fileTypesAndContributionMap":{}},{"hash":"a6b1d5a87fbedb09da65c2e866c32cb9616c0216","isMergeCommit":true,"messageTitle":"Fix merge conflicts","messageBody":"","fileTypesAndContributionMap":{}},{"hash":"41c1484a0ae1535ae95c98f3f9a6ebe07efdfe65","isMergeCommit":true,"messageTitle":"Fix merge conflicts between coding standard and level 9","messageBody":"","tags":["Level-9"],"fileTypesAndContributionMap":{}},{"hash":"aeee8ecc5359ea78b772613a59568002a7536dec","isMergeCommit":false,"messageTitle":"Fix tasklist bug","messageBody":"","fileTypesAndContributionMap":{"java":{"insertions":12,"deletions":0}}},{"hash":"ef4a98c5ff50970ea1f4120a7a87be8c9abf145a","isMergeCommit":false,"messageTitle":"Fix UI bug","messageBody":"","fileTypesAndContributionMap":{"java":{"insertions":14,"deletions":0}}}]},{"date":"2026-01-28T00:00:00","commitResults":[{"hash":"c90e394366e0b887def9fea8f9e12727f2a06e96","isMergeCommit":false,"messageTitle":"Fix checkstyle for main","messageBody":"","fileTypesAndContributionMap":{"gradle":{"insertions":21,"deletions":0},"java":{"insertions":32,"deletions":10}}},{"hash":"2fa19dc6b760b78bc615a66c37be03fc2ac35b5e","isMergeCommit":false,"messageTitle":"Fix checkstyle for task classes","messageBody":"","fileTypesAndContributionMap":{"java":{"insertions":24,"deletions":15}}},{"hash":"7e852d83337549d9f36f20236ee53bdf10705877","isMergeCommit":false,"messageTitle":"Fix checkstyle for parser and storage","messageBody":"","fileTypesAndContributionMap":{"java":{"insertions":15,"deletions":11}}},{"hash":"d26ddc8f1f1d33c9813eaade5c97ec253c0e592b","isMergeCommit":true,"messageTitle":"Merge branch \u0027branch-a-checkstyle\u0027 Update files with checkstyle requirements","messageBody":"Add JavaDoc comments where relevant\nFix order of import statements\nFix indentation and spacing issue\n","tags":["A-CheckStyle"],"fileTypesAndContributionMap":{}}]},{"date":"2026-01-29T00:00:00","commitResults":[{"hash":"aa868b72bf23a1ddb7eba9825eca5bd4eac28995","isMergeCommit":false,"messageTitle":"Reformat code","messageBody":"","fileTypesAndContributionMap":{"gradle":{"insertions":1,"deletions":1},"java":{"insertions":394,"deletions":298}}},{"hash":"2a489841c3cf2978e2d11c940086e0634f849813","isMergeCommit":false,"messageTitle":"Fix parser bugs","messageBody":"","fileTypesAndContributionMap":{"java":{"insertions":104,"deletions":138}}},{"hash":"71c955ee893de3540dc6b9b073e8aa8a2bf95231","isMergeCommit":false,"messageTitle":"Update JUnit tests","messageBody":"","fileTypesAndContributionMap":{"java":{"insertions":119,"deletions":0}}}]},{"date":"2026-01-30T00:00:00","commitResults":[{"hash":"d76acfb93cf38e3c69f7a193608d2d96f83927c5","isMergeCommit":false,"messageTitle":"Add support for GUI","messageBody":"","fileTypesAndContributionMap":{"fxml":{"insertions":28,"deletions":0},"java":{"insertions":16,"deletions":0}}},{"hash":"95a2c876c96285869adf18c71f9406d66f60b9c6","isMergeCommit":false,"messageTitle":"Fix bugs for JavaFX GUI","messageBody":"","tags":["Level-10"],"fileTypesAndContributionMap":{"fxml":{"insertions":34,"deletions":21},"java":{"insertions":226,"deletions":88}}}]},{"date":"2026-02-05T00:00:00","commitResults":[{"hash":"de567b1d32cadff4b316d6f54b2ca8782ee31010","isMergeCommit":false,"messageTitle":"Refactor Duke components to improve code structure and readability","messageBody":"Reformat code to add command type objects, remove exception subclasses,\nand switch if-else statements to switch-case.\n\nUpdate parser, tasklist, and storage logic for consistency.\n\nEdit Javadoc comments for clarity.\n\nThese changes reduce duplication, improve maintainability, and make\nthe codebase easier to extend in the future.\n","tags":["A-FullCommitMessage"],"fileTypesAndContributionMap":{"java":{"insertions":1,"deletions":1}}}]},{"date":"2026-02-08T00:00:00","commitResults":[{"hash":"bef24d1484b0ef39385ed16d1ae91c61e6828b14","isMergeCommit":false,"messageTitle":"Add assertions to Ui, TaskList, Storage classes","messageBody":"","fileTypesAndContributionMap":{"java":{"insertions":30,"deletions":0}}},{"hash":"0bb0b2ce86579a2cd2bbab91e6c44e4862e0ddcd","isMergeCommit":false,"messageTitle":"Add single level abstraction to methods in main","messageBody":"","fileTypesAndContributionMap":{"java":{"insertions":27,"deletions":14}}}]},{"date":"2026-02-09T00:00:00","commitResults":[{"hash":"36f96fb1aa894bacfe80caeef1e586af3deff88f","isMergeCommit":false,"messageTitle":"Add javadoc comments","messageBody":"","fileTypesAndContributionMap":{"java":{"insertions":24,"deletions":18}}},{"hash":"9393bbd00db1341f6746832921fc9f0ff4daf744","isMergeCommit":true,"messageTitle":"Merge pull request #1 from serny-afk/branch-a-CodeQuality","messageBody":"Branch A CodeQuality","tags":["A-CodeQuality"],"fileTypesAndContributionMap":{}},{"hash":"a78acbef870363ec48492ce2051af93674e4d44b","isMergeCommit":true,"messageTitle":"Merge branch \u0027master\u0027 into branch-a-assertions","messageBody":"","fileTypesAndContributionMap":{}},{"hash":"a47d44f374c24cb7e3b4fa16c27af3a6732b2fe3","isMergeCommit":true,"messageTitle":"Merge pull request #2 from serny-afk/branch-a-assertions","messageBody":"Add assertions to Ui, TaskList, Storage classes","tags":["A-Assertions"],"fileTypesAndContributionMap":{}},{"hash":"a0096d56bb962abcd213ff678f3103357e7d3c30","isMergeCommit":false,"messageTitle":"Add help functionality","messageBody":"","tags":["BCD-Extension"],"fileTypesAndContributionMap":{"java":{"insertions":4,"deletions":0}}}]},{"date":"2026-02-17T00:00:00","commitResults":[{"hash":"75d445214abf1f187d56b7d11a67788b390d1fa7","isMergeCommit":false,"messageTitle":"Add javadoc comments","messageBody":"","fileTypesAndContributionMap":{"java":{"insertions":90,"deletions":29}}},{"hash":"31f2ed6b2ff893c71794fed61e5d2f7685b068b0","isMergeCommit":false,"messageTitle":"Fix user welcome bug","messageBody":"","fileTypesAndContributionMap":{"java":{"insertions":17,"deletions":2}}},{"hash":"36380f4f4f03f932322467538730a37f1196059f","isMergeCommit":false,"messageTitle":"Use ai to improve gui features","messageBody":"","tags":["A-AiAssisted"],"fileTypesAndContributionMap":{"java":{"insertions":9,"deletions":0}}}]}]},"authorFileTypeContributionMap":{"serny-afk":{"java":1538,"md":3,"fxml":41,"sh":0,"bat":1,"gradle":22,"txt":10}},"authorContributionVariance":{"serny-afk":39438.4},"authorDisplayNameMap":{"serny-afk":"CS2103T-T13-4 ONG ..YUAN"}}
