{"authorDailyContributionsMap":{"reyestyh":[{"date":"2026-01-21T00:00:00","commitResults":[{"hash":"09ae04b04c1df9949464b16f1415bf26e3cb35f4","isMergeCommit":false,"messageTitle":"Change name Duke to Advisor","messageBody":"","fileTypesAndContributionMap":{"java":{"insertions":15,"deletions":10}}},{"hash":"3dc12597519764ddb4f19f4e793c46b26f4bb9f2","isMergeCommit":false,"messageTitle":"Add Greeting and Exit messages","messageBody":"","tags":["Level-0"],"fileTypesAndContributionMap":{"java":{"insertions":12,"deletions":0}}},{"hash":"7bff100c49073166d9b2e3764a015ccb4ed61a2c","isMergeCommit":false,"messageTitle":"Add functionality for input","messageBody":"","fileTypesAndContributionMap":{"java":{"insertions":15,"deletions":2}}},{"hash":"e0611c41667ab730ea47884706868c64b67471e5","isMergeCommit":false,"messageTitle":"Add echo and exit functionality","messageBody":"","tags":["Level-1"],"fileTypesAndContributionMap":{"java":{"insertions":17,"deletions":4}}},{"hash":"a194a71c809acaa8974a9d27b63e1828bbae4d59","isMergeCommit":false,"messageTitle":"Change function name getCommand() to getInput()","messageBody":"","fileTypesAndContributionMap":{"java":{"insertions":4,"deletions":5}}},{"hash":"7cc0c35c089a83f0b5fd5945e9e8e65a042a3dde","isMergeCommit":false,"messageTitle":"Add functionality to store text in a list","messageBody":"","fileTypesAndContributionMap":{"java":{"insertions":11,"deletions":4}}},{"hash":"5fa4af53fa06335f52cb1b7c9a72342f4747ee5e","isMergeCommit":false,"messageTitle":"Add \"list\" functionality to show user inputted text","messageBody":"","tags":["Level-2"],"fileTypesAndContributionMap":{"java":{"insertions":7,"deletions":0}}},{"hash":"30084d8d77935aded69581f61c78d9e36e7bde1e","isMergeCommit":false,"messageTitle":"Add Task Class","messageBody":"","fileTypesAndContributionMap":{"java":{"insertions":32,"deletions":0}}},{"hash":"ba52c90f17d4f7f37f0edc775b2b90ecaed4b52e","isMergeCommit":false,"messageTitle":"Add Task class to Advisor.java","messageBody":"","fileTypesAndContributionMap":{"java":{"insertions":5,"deletions":5}}},{"hash":"0c96509dd377d4a09bf26fc340c2c346bc933f49","isMergeCommit":false,"messageTitle":"Update access modifiers in Task class","messageBody":"","fileTypesAndContributionMap":{"java":{"insertions":2,"deletions":2}}},{"hash":"4b2e5def9c7b3106312a0e12dccd71196f260caa","isMergeCommit":false,"messageTitle":"Implement getStatus() for Task class","messageBody":"","fileTypesAndContributionMap":{"java":{"insertions":5,"deletions":0}}},{"hash":"34063841efa8d3bec528e1cf2d0b9648fb50c947","isMergeCommit":false,"messageTitle":"Group getter functions","messageBody":"","fileTypesAndContributionMap":{"java":{"insertions":3,"deletions":4}}},{"hash":"45a469adbdd2963c78e155f3e2d6657d6a94fade","isMergeCommit":false,"messageTitle":"Add undo function to Task class","messageBody":"","fileTypesAndContributionMap":{"java":{"insertions":4,"deletions":0}}},{"hash":"c073834cb6d2ba1be8741c14432541efde50b04f","isMergeCommit":false,"messageTitle":"Update toString() in Task class","messageBody":"","fileTypesAndContributionMap":{"java":{"insertions":1,"deletions":5}}},{"hash":"ce447d475864dd52bd7229a9fa543a0c054a4a4b","isMergeCommit":false,"messageTitle":"Add \"mark\" function to main","messageBody":"","fileTypesAndContributionMap":{"java":{"insertions":8,"deletions":0}}},{"hash":"bce3ac21a79c6c95d94157f5338174009f071611","isMergeCommit":false,"messageTitle":"Add \"unmark\" function to main","messageBody":"","tags":["Level-3"],"fileTypesAndContributionMap":{"java":{"insertions":8,"deletions":0}}}]},{"date":"2026-01-22T00:00:00","commitResults":[{"hash":"377923708d52b607f0a12506d36804eceb3ac504","isMergeCommit":false,"messageTitle":"Add ToDoTask class","messageBody":"","fileTypesAndContributionMap":{"java":{"insertions":13,"deletions":0}}},{"hash":"727f49c5216e0a1b7f33fd8ddb76bfe89c8f7a78","isMergeCommit":false,"messageTitle":"Add DeadlineTask class","messageBody":"","fileTypesAndContributionMap":{"java":{"insertions":14,"deletions":0}}},{"hash":"64c51f657c151d6cd28cd779dfc1c3dd0b9609f6","isMergeCommit":false,"messageTitle":"Add EventTask class","messageBody":"","fileTypesAndContributionMap":{"java":{"insertions":17,"deletions":0}}},{"hash":"f34123fbca4548723d09ff4b4cde896e253b9d19","isMergeCommit":false,"messageTitle":"Add InputParser class","messageBody":"","fileTypesAndContributionMap":{"java":{"insertions":20,"deletions":0}}},{"hash":"3d53d39b73083fa463e73c04eb5a8def6a593811","isMergeCommit":false,"messageTitle":"Add \"mark\" and \"unmark\" input parsing","messageBody":"","fileTypesAndContributionMap":{"java":{"insertions":10,"deletions":1}}},{"hash":"79de5ccc4df93ba6244cb44f21e1a1b7c2b38813","isMergeCommit":false,"messageTitle":"Fix typo in toString in EventTask","messageBody":"","fileTypesAndContributionMap":{"java":{"insertions":1,"deletions":1}}},{"hash":"40bd9c3ccd3243c6cc06611ec3ec2540192520d5","isMergeCommit":false,"messageTitle":"Update UI strings to static class variables","messageBody":"","fileTypesAndContributionMap":{"java":{"insertions":11,"deletions":11}}},{"hash":"a68c402bf8796a596ed9496048bbba1556a3f036","isMergeCommit":false,"messageTitle":"Implement InputParser in main","messageBody":"","fileTypesAndContributionMap":{"java":{"insertions":5,"deletions":2}}},{"hash":"4a5cfa738973bdb81c7b50d02e608fd8f4d9e1af","isMergeCommit":false,"messageTitle":"Update Task adding by task type","messageBody":"Modify updateToDoList argument to Task\n","fileTypesAndContributionMap":{"java":{"insertions":22,"deletions":8}}},{"hash":"e7709fd0c450cccf827da7652f19ebd442637fb0","isMergeCommit":false,"messageTitle":"Rename todo variable to taskList","messageBody":"","fileTypesAndContributionMap":{"java":{"insertions":7,"deletions":7}}},{"hash":"f1451a8849b202e85091716159479394ca0301d6","isMergeCommit":false,"messageTitle":"Update UI message in updateToDoList","messageBody":"","fileTypesAndContributionMap":{"java":{"insertions":1,"deletions":1}}},{"hash":"45f5baad841604e9cd3a19b3b93219c30c9c125f","isMergeCommit":false,"messageTitle":"Update command parsing","messageBody":"","fileTypesAndContributionMap":{"java":{"insertions":8,"deletions":7}}},{"hash":"7e50bb76cda092766d9c48612aa8b8e7acca15a0","isMergeCommit":false,"messageTitle":"Modify updateToDoList message string","messageBody":"","tags":["Level-4"],"fileTypesAndContributionMap":{"java":{"insertions":1,"deletions":1}}},{"hash":"be8a3da0d7bfcd8027014ee5d5088857bc596739","isMergeCommit":false,"messageTitle":"Update inputs for testcase","messageBody":"","fileTypesAndContributionMap":{"txt":{"insertions":12,"deletions":0}}},{"hash":"95c4157e6883fdc278963b216718192dae579051","isMergeCommit":false,"messageTitle":"Update filename to Advisor","messageBody":"","tags":["A-TextUiTesting"],"fileTypesAndContributionMap":{"sh":{"insertions":1,"deletions":1}}},{"hash":"d73ceae20420f5d638f893a4bcffd23f79bdf283","isMergeCommit":false,"messageTitle":"Add message for unknown command","messageBody":"","fileTypesAndContributionMap":{"java":{"insertions":4,"deletions":0}}},{"hash":"e441ffb6eaaae5f96e7f422108ab9c5700a0190f","isMergeCommit":false,"messageTitle":"Update user input parsing","messageBody":"","fileTypesAndContributionMap":{"java":{"insertions":9,"deletions":6}}},{"hash":"df11b8d556ed31248fc6033a109aca5c917b5f46","isMergeCommit":false,"messageTitle":"Add error handling for \u0027todo\u0027","messageBody":"","fileTypesAndContributionMap":{"java":{"insertions":14,"deletions":2}}},{"hash":"f895918b50937100c1839e90b70fbff1831bb32a","isMergeCommit":false,"messageTitle":"Add error handling for \u0027mark\u0027","messageBody":"","fileTypesAndContributionMap":{"java":{"insertions":30,"deletions":8}}},{"hash":"8095ff498e6ba5f6c5131ccf8cd5a5505152620e","isMergeCommit":false,"messageTitle":"Add error handling for \u0027unmark\u0027","messageBody":"","fileTypesAndContributionMap":{"java":{"insertions":30,"deletions":8}}},{"hash":"282979ef4b21892c985d5e45554c132e32b512dc","isMergeCommit":false,"messageTitle":"Add error handling for \u0027deadline\u0027","messageBody":"","fileTypesAndContributionMap":{"java":{"insertions":21,"deletions":2}}},{"hash":"bc4affce5c88c0f51a85542c42bf84e2bd5c0c45","isMergeCommit":false,"messageTitle":"Add error handling for \u0027event\u0027","messageBody":"","fileTypesAndContributionMap":{"java":{"insertions":44,"deletions":5}}},{"hash":"76cf0c9dec3aa9c8e64bf008fdfe7c786d3bafe2","isMergeCommit":false,"messageTitle":"Update error handling for \u0027deadline\u0027","messageBody":"","fileTypesAndContributionMap":{"java":{"insertions":19,"deletions":11}}},{"hash":"44a8f5f6722498a3f72767faeeb2b2858c20f052","isMergeCommit":false,"messageTitle":"Remove redundant error handling for \u0027event\u0027","messageBody":"","tags":["Level-5"],"fileTypesAndContributionMap":{"java":{"insertions":1,"deletions":8}}},{"hash":"d5a281e75dcec335f6aeaee99e2c44d614536494","isMergeCommit":false,"messageTitle":"Add \"deleteParser\" function","messageBody":"","fileTypesAndContributionMap":{"java":{"insertions":8,"deletions":0}}},{"hash":"3b6683fc5101977ce4d4925c44353dedfdce7312","isMergeCommit":false,"messageTitle":"Add \"delete\" function","messageBody":"","tags":["Level-6"],"fileTypesAndContributionMap":{"java":{"insertions":29,"deletions":0}}},{"hash":"d98692ba83203668f7a67d507b9e4624f847a438","isMergeCommit":false,"messageTitle":"Remove unused import statement","messageBody":"","fileTypesAndContributionMap":{"java":{"insertions":0,"deletions":2}}},{"hash":"7e9a301b29c38599d37e4df7635165176077f135","isMergeCommit":false,"messageTitle":"Update logic for todo parsing","messageBody":"","fileTypesAndContributionMap":{"java":{"insertions":1,"deletions":1}}},{"hash":"fddd33d7bad2446b466719e432828c1dfa373abc","isMergeCommit":false,"messageTitle":"Task status changed from boolean to enum \"TaskStatus\"","messageBody":"","tags":["A-Enums"],"fileTypesAndContributionMap":{"java":{"insertions":12,"deletions":6}}},{"hash":"e547aee2afe7a717a96ecf30b8adaa9d2bfe0733","isMergeCommit":false,"messageTitle":"Make command case-insensitive","messageBody":"","fileTypesAndContributionMap":{"java":{"insertions":1,"deletions":1}}},{"hash":"1c306c2b2c4471128cde30b4815b3763b6fb8fe4","isMergeCommit":false,"messageTitle":"Amend task completion message to version at A-textUiTesting","messageBody":"","fileTypesAndContributionMap":{"java":{"insertions":1,"deletions":1}}},{"hash":"8b1190184b2872de1a6300d719b786bf8f9c28e3","isMergeCommit":false,"messageTitle":"Amend task completion message","messageBody":"","fileTypesAndContributionMap":{"java":{"insertions":1,"deletions":1}}},{"hash":"25dd7cc5c0a3ba385be63fe18a92ddea8d2fa22f","isMergeCommit":false,"messageTitle":"Add javadoc comments","messageBody":"","fileTypesAndContributionMap":{"java":{"insertions":43,"deletions":0}}},{"hash":"eaa4bb648162d4454c95df9ba321c595b820bf61","isMergeCommit":false,"messageTitle":"Refactor getStatus to getStatusAsString","messageBody":"","fileTypesAndContributionMap":{"java":{"insertions":2,"deletions":2}}},{"hash":"0bcea7098bbd00686f1310c9ba0fe1f14e869d8b","isMergeCommit":false,"messageTitle":"Add javadoc comments for task classes","messageBody":"","fileTypesAndContributionMap":{"java":{"insertions":33,"deletions":0}}},{"hash":"bf7fcd8119c3540a8c4c90fc41e277d92ed4edf7","isMergeCommit":false,"messageTitle":"Update testing with error handling tests and \"delete\" test","messageBody":"","fileTypesAndContributionMap":{"txt":{"insertions":13,"deletions":2}}}]}]},"authorFileTypeContributionMap":{"reyestyh":{"java":448,"md":0,"fxml":0,"sh":1,"bat":0,"gradle":0,"txt":23}},"authorContributionVariance":{"reyestyh":22472.066},"authorDisplayNameMap":{"reyestyh":"TAN ..EYES"}}
