{"authorDailyContributionsMap":{"jolyntmj":[{"date":"2026-01-22T00:00:00","commitResults":[{"hash":"193134cc3bc32874eb0c92533ca59f8eea4ed290","isMergeCommit":false,"messageTitle":"Level-0","messageBody":"","fileTypesAndContributionMap":{"java":{"insertions":30,"deletions":6}}},{"hash":"3c1c88b6b893b414d62796d031cbde08873849ce","isMergeCommit":false,"messageTitle":"Level-1","messageBody":"","tags":["Level-1"],"fileTypesAndContributionMap":{"java":{"insertions":12,"deletions":0}}},{"hash":"e3a9a862b573f30bd8b093637ae886ecd043784e","isMergeCommit":false,"messageTitle":"Level-2","messageBody":"","tags":["Level-2"],"fileTypesAndContributionMap":{"java":{"insertions":15,"deletions":3}}},{"hash":"9169daa4cf67ef72f4f2ec1aed3e78d804c9c005","isMergeCommit":false,"messageTitle":"Level-3","messageBody":"","tags":["Level-3"],"fileTypesAndContributionMap":{"java":{"insertions":82,"deletions":11}}}]}]},"authorFileTypeContributionMap":{"jolyntmj":{"java":124,"md":0,"fxml":0,"sh":0,"bat":0,"gradle":0,"txt":0}},"authorContributionVariance":{"jolyntmj":1676.8009},"authorDisplayNameMap":{"jolyntmj":"TOH ..OLYN"}}
