{"authorDailyContributionsMap":{"incursi0n":[{"date":"2026-01-22T00:00:00","commitResults":[{"hash":"b7b1d1f515d83a6507035076bb7863a2dd4a2de2","isMergeCommit":false,"messageTitle":"Rename chatbot and add greeting","messageBody":"","tags":["Level-0"],"fileTypesAndContributionMap":{"java":{"insertions":17,"deletions":10},"bat":{"insertions":1,"deletions":1},"md":{"insertions":3,"deletions":3}}},{"hash":"43e83345aed4a222ddd7a8843c52033cfc12459b","isMergeCommit":false,"messageTitle":"Add echo feature","messageBody":"","tags":["Level-1"],"fileTypesAndContributionMap":{"java":{"insertions":17,"deletions":2}}},{"hash":"c8057fdb76f0c2815ddb2d9d203900a9e4c312cf","isMergeCommit":false,"messageTitle":"Add add and list feature","messageBody":"","tags":["Level-2"],"fileTypesAndContributionMap":{"java":{"insertions":11,"deletions":1}}},{"hash":"e7e7e6b897876fd04b74de9bb3c565fc84776c58","isMergeCommit":false,"messageTitle":"Add mark as done feature","messageBody":"","tags":["Level-3","A-Classes"],"fileTypesAndContributionMap":{"java":{"insertions":44,"deletions":3}}},{"hash":"3e32cbe76557a9426886eb781a68163ba9dc330b","isMergeCommit":false,"messageTitle":"Add todos, events and deadlines feature","messageBody":"","tags":["Level-4","A-Inheritance"],"fileTypesAndContributionMap":{"java":{"insertions":83,"deletions":4}}},{"hash":"fffa102510780374d8848a4b833c5a3f1d744bf9","isMergeCommit":false,"messageTitle":"Add text UI testing feature","messageBody":"","tags":["A-TextUiTesting"],"fileTypesAndContributionMap":{"txt":{"insertions":10,"deletions":0}}},{"hash":"5784d75b709007fc06ab7740553bfe1347e4baf3","isMergeCommit":false,"messageTitle":"Add error handler feature","messageBody":"","tags":["Level-5","A-Exceptions"],"fileTypesAndContributionMap":{"java":{"insertions":113,"deletions":50}}},{"hash":"4797ce15737f73827c809a186b066cc5626c69c0","isMergeCommit":false,"messageTitle":"Add delete feature","messageBody":"","tags":["Level-6","A-Collections"],"fileTypesAndContributionMap":{"txt":{"insertions":3,"deletions":0},"java":{"insertions":29,"deletions":20}}}]},{"date":"2026-01-26T00:00:00","commitResults":[{"hash":"b626437d551ef0a9866d250f848c916156f0c557","isMergeCommit":false,"messageTitle":"Add save function","messageBody":"","tags":["Level-7"],"fileTypesAndContributionMap":{"txt":{"insertions":31,"deletions":11},"java":{"insertions":144,"deletions":0}}}]},{"date":"2026-01-27T00:00:00","commitResults":[{"hash":"781bf3ab6697ff3bffa4a4fc1ba3bfcaba1440e7","isMergeCommit":true,"messageTitle":"Merge branch \u0027branch-Level-7\u0027","messageBody":"","fileTypesAndContributionMap":{}},{"hash":"ab9937b3184b36373306ae53be0e08b97f90205f","isMergeCommit":false,"messageTitle":"Add date and time","messageBody":"","tags":["Level-8"],"fileTypesAndContributionMap":{"java":{"insertions":117,"deletions":5}}},{"hash":"b5b99df9c4c4260501793bb274c505da89e9c3d1","isMergeCommit":true,"messageTitle":"Merge branch \u0027branch-Level-8\u0027","messageBody":"","fileTypesAndContributionMap":{}},{"hash":"aa3d820830e632343fc901fbe9b65e5728bc8c3e","isMergeCommit":false,"messageTitle":"Add more OOP","messageBody":"","tags":["A-MoreOOP"],"fileTypesAndContributionMap":{"java":{"insertions":426,"deletions":207}}},{"hash":"038f08db64e555aea40cf8b7af0d32aefce83b63","isMergeCommit":true,"messageTitle":"Merge branch \u0027branch-MoreOOP\u0027","messageBody":"","fileTypesAndContributionMap":{}},{"hash":"d33e4a6c13b730ee36d117233629b63083478bde","isMergeCommit":false,"messageTitle":"Add packages","messageBody":"","tags":["A-Packages"],"fileTypesAndContributionMap":{"java":{"insertions":126,"deletions":10}}},{"hash":"55f6b699fa56993fd1b2ca35895a2558d56b1a26","isMergeCommit":true,"messageTitle":"Merge branch \u0027branch-Packages\u0027","messageBody":"","fileTypesAndContributionMap":{}},{"hash":"687c8cca661c5565d6f94f91ea003f846cd095fc","isMergeCommit":true,"messageTitle":"Merge branch \u0027add-gradle-support\u0027","messageBody":"","fileTypesAndContributionMap":{}}]},{"date":"2026-01-28T00:00:00","commitResults":[{"hash":"6705076b9ca815ae6867287fe9a7baccdb98b4c5","isMergeCommit":false,"messageTitle":"Add JUnit","messageBody":"","tags":["A-JUnit"],"fileTypesAndContributionMap":{"java":{"insertions":662,"deletions":0}}},{"hash":"aa269371bee597b278ddbf6edabfe91794d0f916","isMergeCommit":true,"messageTitle":"Merge branch \u0027branch-JUnit\u0027","messageBody":"","fileTypesAndContributionMap":{}},{"hash":"b37fe24463c5460a040f2d55150cf6d0e24f9e79","isMergeCommit":false,"messageTitle":"Add Jar dependencies","messageBody":"","tags":["A-Jar"],"fileTypesAndContributionMap":{"gradle":{"insertions":3,"deletions":2}}},{"hash":"366ba3e01762a45e57959624aac30a7a1493512a","isMergeCommit":true,"messageTitle":"Merge branch \u0027branch-Jar\u0027","messageBody":"","fileTypesAndContributionMap":{}},{"hash":"fb5ee9800718366a562094498aa838cae0932090","isMergeCommit":false,"messageTitle":"Add JavaDoc comments","messageBody":"","tags":["A-JavaDoc"],"fileTypesAndContributionMap":{"java":{"insertions":482,"deletions":0}}},{"hash":"d8eaa9952753ffcd11b6ac80971560c0bb366dba","isMergeCommit":false,"messageTitle":"Add coding standard","messageBody":"","tags":["A-CodingStandard"],"fileTypesAndContributionMap":{"java":{"insertions":55,"deletions":50}}},{"hash":"32789dfbab95093535b0f5484bd913b7257d6589","isMergeCommit":false,"messageTitle":"Add find feature","messageBody":"","tags":["Level-9"],"fileTypesAndContributionMap":{"java":{"insertions":190,"deletions":50}}},{"hash":"41898587e8494bd5449ecb19ae705d495ba2b1ae","isMergeCommit":true,"messageTitle":"Merge branch \u0027branch-A-JavaDoc\u0027","messageBody":"","fileTypesAndContributionMap":{}},{"hash":"ba8cd9a03db3280e4eabbf30a4004100357a05dc","isMergeCommit":true,"messageTitle":"Merge branch \u0027branch-A-CodingStandard\u0027","messageBody":"","fileTypesAndContributionMap":{}},{"hash":"c7b94a6a73012bc33c1440867aaec390cccdbcf4","isMergeCommit":true,"messageTitle":"Merge branch \u0027branch-Level-9\u0027","messageBody":"","fileTypesAndContributionMap":{}}]},{"date":"2026-01-29T00:00:00","commitResults":[{"hash":"b65219f8dbd61e22a43d7f6ab159d13e8d87a752","isMergeCommit":false,"messageTitle":"Add checkstyle","messageBody":"","tags":["A-CheckStyle"],"fileTypesAndContributionMap":{"gradle":{"insertions":7,"deletions":0},"java":{"insertions":86,"deletions":68}}},{"hash":"693926af3fac04715861b39f2f40f39f4af484fb","isMergeCommit":true,"messageTitle":"Merge branch \u0027branch-A-CheckStyle\u0027","messageBody":"","fileTypesAndContributionMap":{}}]},{"date":"2026-02-01T00:00:00","commitResults":[{"hash":"b30fde35189266bf09d122ce970e0284394f73bd","isMergeCommit":false,"messageTitle":"Add GUI to chatbot","messageBody":"","tags":["Level-10"],"fileTypesAndContributionMap":{"gradle":{"insertions":19,"deletions":1},"txt":{"insertions":1,"deletions":0},"fxml":{"insertions":68,"deletions":0},"java":{"insertions":324,"deletions":76}}},{"hash":"755e60a2001c89968eebdcae02f0796927372947","isMergeCommit":true,"messageTitle":"Merge branch \u0027branch-Level-10\u0027","messageBody":"","fileTypesAndContributionMap":{}}]},{"date":"2026-02-04T00:00:00","commitResults":[{"hash":"cdf7ed37d2ccb67d326cb1d1f28c579a594ca212","isMergeCommit":false,"messageTitle":"Add assertions","messageBody":"The codebase does not document preconditions and invariants at keypoints. This makes it harder to catch bugs early and to understand what callers must guarantee.\n\nAssertions document assumptions without affecting production behavior when disabled, and help detect contract violations during developmentand testing when enabled.\n","tags":["A-Assertions"],"fileTypesAndContributionMap":{"gradle":{"insertions":3,"deletions":1},"java":{"insertions":52,"deletions":1}}},{"hash":"fc5d693190413d99a0908d9574408de84d2bfdb4","isMergeCommit":false,"messageTitle":"Refactor code quality","messageBody":"The codebase uses short variable names, magic strings and numbers,\nmanual resource closing, and less idiomatic checks for empty\ncollections. These reduce readability and maintainability and\nincrease the risk of bugs when editing.\n\nImprovements are made to align with course code quality and Java\nconventions.\n","tags":["A-CodeQuality"],"fileTypesAndContributionMap":{"java":{"insertions":58,"deletions":36}}}]},{"date":"2026-02-05T00:00:00","commitResults":[{"hash":"2e3e23c8b86e562a4a188e4042dd8159e3682d2b","isMergeCommit":true,"messageTitle":"Merge branch \u0027branch-A-Assertions\u0027","messageBody":"","fileTypesAndContributionMap":{}},{"hash":"deeaa3aff1cf12f9c64879828f2654a31bceed62","isMergeCommit":true,"messageTitle":"Merge branch \u0027branch-A-CodeQuality\u0027","messageBody":"","fileTypesAndContributionMap":{}},{"hash":"504ef7d21d266d5c0d5f1c11d60c8efe0e064c7b","isMergeCommit":false,"messageTitle":"Add help menu","messageBody":"","tags":["BCD-Extension"],"fileTypesAndContributionMap":{"java":{"insertions":115,"deletions":0}}},{"hash":"10056d05eeacd3d6cab6a972f22597b4bf313411","isMergeCommit":false,"messageTitle":"Update AI.md","messageBody":"","tags":["A-AiAssisted"],"fileTypesAndContributionMap":{"md":{"insertions":101,"deletions":0}}}]},{"date":"2026-02-10T00:00:00","commitResults":[{"hash":"ca55516ca493f4ad55b629637ea93bf0763f2eb0","isMergeCommit":false,"messageTitle":"Add better GUI","messageBody":"","tags":["A-BetterGui"],"fileTypesAndContributionMap":{"fxml":{"insertions":15,"deletions":27},"java":{"insertions":65,"deletions":31},"md":{"insertions":101,"deletions":0}}},{"hash":"d5ba24411c0b873602c7b288e70ba63cc3c45de6","isMergeCommit":true,"messageTitle":"Merge branch \u0027branch-A-AiAssisted\u0027","messageBody":"","fileTypesAndContributionMap":{}},{"hash":"aec5acedf1c6daec5764b94877eabba55050b2b3","isMergeCommit":true,"messageTitle":"Merge branch \u0027branch-A-BetterGui\u0027","messageBody":"","fileTypesAndContributionMap":{}},{"hash":"ec4a6f03758ee276b6ed2b2eef8130465855bb2c","isMergeCommit":true,"messageTitle":"Merge pull request #1 from incursi0n/branch-C-Help","messageBody":"Add help menu","fileTypesAndContributionMap":{}}]}]},"authorFileTypeContributionMap":{"incursi0n":{"java":2601,"md":128,"fxml":56,"sh":0,"bat":1,"gradle":30,"txt":34}},"authorContributionVariance":{"incursi0n":93481.66},"authorDisplayNameMap":{"incursi0n":"CS2103-F13-4 ZHEN..AWEN"}}
