{"authorDailyContributionsMap":{"incursi0n":[{"date":"2026-01-22T00:00:00","commitResults":[{"hash":"b7b1d1f515d83a6507035076bb7863a2dd4a2de2","isMergeCommit":false,"messageTitle":"Rename chatbot and add greeting","messageBody":"","tags":["Level-0"],"fileTypesAndContributionMap":{"java":{"insertions":17,"deletions":10},"bat":{"insertions":1,"deletions":1},"md":{"insertions":3,"deletions":3}}},{"hash":"43e83345aed4a222ddd7a8843c52033cfc12459b","isMergeCommit":false,"messageTitle":"Add echo feature","messageBody":"","tags":["Level-1"],"fileTypesAndContributionMap":{"java":{"insertions":17,"deletions":2}}},{"hash":"c8057fdb76f0c2815ddb2d9d203900a9e4c312cf","isMergeCommit":false,"messageTitle":"Add add and list feature","messageBody":"","tags":["Level-2"],"fileTypesAndContributionMap":{"java":{"insertions":11,"deletions":1}}},{"hash":"e7e7e6b897876fd04b74de9bb3c565fc84776c58","isMergeCommit":false,"messageTitle":"Add mark as done feature","messageBody":"","tags":["Level-3","A-Classes"],"fileTypesAndContributionMap":{"java":{"insertions":44,"deletions":3}}},{"hash":"3e32cbe76557a9426886eb781a68163ba9dc330b","isMergeCommit":false,"messageTitle":"Add todos, events and deadlines feature","messageBody":"","tags":["Level-4","A-Inheritance"],"fileTypesAndContributionMap":{"java":{"insertions":83,"deletions":4}}},{"hash":"fffa102510780374d8848a4b833c5a3f1d744bf9","isMergeCommit":false,"messageTitle":"Add text UI testing feature","messageBody":"","tags":["A-TextUiTesting"],"fileTypesAndContributionMap":{"txt":{"insertions":10,"deletions":0}}},{"hash":"5784d75b709007fc06ab7740553bfe1347e4baf3","isMergeCommit":false,"messageTitle":"Add error handler feature","messageBody":"","tags":["Level-5","A-Exceptions"],"fileTypesAndContributionMap":{"java":{"insertions":113,"deletions":50}}},{"hash":"4797ce15737f73827c809a186b066cc5626c69c0","isMergeCommit":false,"messageTitle":"Add delete feature","messageBody":"","tags":["Level-6","A-Collections"],"fileTypesAndContributionMap":{"txt":{"insertions":3,"deletions":0},"java":{"insertions":29,"deletions":20}}}]},{"date":"2026-01-26T00:00:00","commitResults":[{"hash":"b626437d551ef0a9866d250f848c916156f0c557","isMergeCommit":false,"messageTitle":"Add save function","messageBody":"","tags":["Level-7"],"fileTypesAndContributionMap":{"txt":{"insertions":31,"deletions":11},"java":{"insertions":144,"deletions":0}}}]},{"date":"2026-01-27T00:00:00","commitResults":[{"hash":"781bf3ab6697ff3bffa4a4fc1ba3bfcaba1440e7","isMergeCommit":true,"messageTitle":"Merge branch \u0027branch-Level-7\u0027","messageBody":"","fileTypesAndContributionMap":{}},{"hash":"ab9937b3184b36373306ae53be0e08b97f90205f","isMergeCommit":false,"messageTitle":"Add date and time","messageBody":"","tags":["Level-8"],"fileTypesAndContributionMap":{"java":{"insertions":117,"deletions":5}}},{"hash":"b5b99df9c4c4260501793bb274c505da89e9c3d1","isMergeCommit":true,"messageTitle":"Merge branch \u0027branch-Level-8\u0027","messageBody":"","fileTypesAndContributionMap":{}},{"hash":"aa3d820830e632343fc901fbe9b65e5728bc8c3e","isMergeCommit":false,"messageTitle":"Add more OOP","messageBody":"","tags":["A-MoreOOP"],"fileTypesAndContributionMap":{"java":{"insertions":426,"deletions":207}}},{"hash":"038f08db64e555aea40cf8b7af0d32aefce83b63","isMergeCommit":true,"messageTitle":"Merge branch \u0027branch-MoreOOP\u0027","messageBody":"","fileTypesAndContributionMap":{}},{"hash":"d33e4a6c13b730ee36d117233629b63083478bde","isMergeCommit":false,"messageTitle":"Add packages","messageBody":"","tags":["A-Packages"],"fileTypesAndContributionMap":{"java":{"insertions":126,"deletions":10}}},{"hash":"55f6b699fa56993fd1b2ca35895a2558d56b1a26","isMergeCommit":true,"messageTitle":"Merge branch \u0027branch-Packages\u0027","messageBody":"","fileTypesAndContributionMap":{}},{"hash":"687c8cca661c5565d6f94f91ea003f846cd095fc","isMergeCommit":true,"messageTitle":"Merge branch \u0027add-gradle-support\u0027","messageBody":"","fileTypesAndContributionMap":{}}]}]},"authorFileTypeContributionMap":{"incursi0n":{"java":825,"md":3,"fxml":0,"sh":0,"bat":1,"gradle":0,"txt":33}},"authorContributionVariance":{"incursi0n":46861.312},"authorDisplayNameMap":{"incursi0n":"ZHEN..AWEN"}}
