{"authorDailyContributionsMap":{"eejon":[{"date":"2026-01-21T00:00:00","commitResults":[{"hash":"de990421a00c8c4083ba042e40badd9e6559ed63","isMergeCommit":false,"messageTitle":"Rename Duke bot to Athena","messageBody":"","fileTypesAndContributionMap":{"java":{"insertions":13,"deletions":10}}},{"hash":"2338d1bcc43ddfe2a2f23db8e0225112c9f61e83","isMergeCommit":false,"messageTitle":"Add greeting and exit","messageBody":"","tags":["Level-0"],"fileTypesAndContributionMap":{"java":{"insertions":15,"deletions":1}}},{"hash":"40f27d3cb34e9e82fe38c34d631cc5ecd0ba1702","isMergeCommit":false,"messageTitle":"Add echo command and exit on bye","messageBody":"","tags":["Level-1"],"fileTypesAndContributionMap":{"java":{"insertions":24,"deletions":0}}},{"hash":"9169f0ed6a577b4e67f1b86b20d2c25b0dba3a0a","isMergeCommit":false,"messageTitle":"Add input storage and listing","messageBody":"","tags":["Level-2"],"fileTypesAndContributionMap":{"java":{"insertions":12,"deletions":2}}},{"hash":"0395bbbc0340d7cfe209b6e5dd8fe5981d4caaad","isMergeCommit":false,"messageTitle":"Add Task class","messageBody":"","fileTypesAndContributionMap":{"java":{"insertions":91,"deletions":0}}},{"hash":"ed838dcfdb386ef2124e901f297edca994a7c642","isMergeCommit":false,"messageTitle":"Add mark task as complete feature","messageBody":"","tags":["Level-3"],"fileTypesAndContributionMap":{"java":{"insertions":46,"deletions":14}}},{"hash":"d441d7c0be1a58de450611f9120d7280daaf7914","isMergeCommit":false,"messageTitle":"refactor: Adjust Task class properties","messageBody":"","fileTypesAndContributionMap":{"java":{"insertions":15,"deletions":38}}},{"hash":"b26244bdc63cdeb15deaa2e1bf4b47238e6c628f","isMergeCommit":false,"messageTitle":"Add Todo class","messageBody":"","fileTypesAndContributionMap":{"java":{"insertions":25,"deletions":0}}},{"hash":"a3a8b741b6f06adb05e04f01384067bf660c0df4","isMergeCommit":false,"messageTitle":"Add Deadline class","messageBody":"","fileTypesAndContributionMap":{"java":{"insertions":30,"deletions":0}}},{"hash":"5c198ce3240ce170dd2cda82f81df87394a168d1","isMergeCommit":false,"messageTitle":"Add Event class","messageBody":"","fileTypesAndContributionMap":{"java":{"insertions":32,"deletions":0}}},{"hash":"0960ad26d96f88d93029d5897301fb17c9bed744","isMergeCommit":false,"messageTitle":"chore: Fix indentation","messageBody":"","fileTypesAndContributionMap":{"java":{"insertions":54,"deletions":56}}},{"hash":"c36f48cfdabd48bc28cbed5ebadee37bc84c13ff","isMergeCommit":false,"messageTitle":"Add support for ToDos, Deadlines, and Events","messageBody":"","tags":["Level-4"],"fileTypesAndContributionMap":{"java":{"insertions":55,"deletions":19}}},{"hash":"e5ca00b9d6592906ec97c385545b867ba43638af","isMergeCommit":false,"messageTitle":"chore: Update test scripts for Athena bot","messageBody":"","fileTypesAndContributionMap":{"bat":{"insertions":1,"deletions":1},"sh":{"insertions":2,"deletions":2}}},{"hash":"cb3978129f3a03b17ea721c61060005cc96bd76a","isMergeCommit":false,"messageTitle":"chore: Update test inputs and expected outputs","messageBody":"","tags":["A-TextUiTesting"],"fileTypesAndContributionMap":{"txt":{"insertions":14,"deletions":0}}},{"hash":"4af76c5d55d765c6f42e32e50f2ef81adc1f7e74","isMergeCommit":false,"messageTitle":"Add custom exception for user inputs","messageBody":"","fileTypesAndContributionMap":{"java":{"insertions":15,"deletions":0}}}]},{"date":"2026-01-22T00:00:00","commitResults":[{"hash":"22646a10a57c1acafd5aeaa84e907bae37acad4c","isMergeCommit":false,"messageTitle":"Add custom exception handling for invalid inputs","messageBody":"","tags":["Level-5"],"fileTypesAndContributionMap":{"java":{"insertions":83,"deletions":31}}},{"hash":"646b8749532a1643a800f7704721265a09bc3992","isMergeCommit":false,"messageTitle":"refactor: Redesign codebase for OOP structure","messageBody":"The codebase is organized as a single Athena.java file with\nprocedural command handling using if-else statements.\n\nThis does not follow OOP principles. As the application\nrequirement grows, this poses the risk of an overly\nbloated Athena.java and makes it difficult to implement new\nfeatures.\n\nLet\u0027s restructure the application:\n* Create package structure (athena.commands, athena.tasks,\nathena.ui, athena.parser, athena.exceptions)\n* Implement abstract Command class for polymorphism\n* Abstract command logic into Command classes (CreateCommand,\nMarkCommand, UnmarkCommand, ListCommand, ExitCommand)\n* Abstract UI logic to UI class\n* Separate parsing into Parser class\n* Create TaskManager class to encapsulate task list operations\n* Move all Task classes into task package managed by TaskManager\n\nAdopting this structure enforces OOP principles including\nPolymorphism, Inheritance, Abstraction, and Encapsulation. This\nmakes the codebase more extensible for future features with\nlittle change to existing logic.\n","tags":["A-Packages","A-MoreOOP"],"fileTypesAndContributionMap":{"java":{"insertions":401,"deletions":181}}},{"hash":"4208e92e176df68c928faf63d1121ce179b7455f","isMergeCommit":false,"messageTitle":"docs: Add Javadoc to all public classes and methods","messageBody":"","fileTypesAndContributionMap":{"java":{"insertions":250,"deletions":17}}},{"hash":"3fc2d9d60abc7ced7d38c5d8c1745ff7d127f0d6","isMergeCommit":false,"messageTitle":"Add support for deleting tasks","messageBody":"","tags":["Level-6"],"fileTypesAndContributionMap":{"java":{"insertions":67,"deletions":11}}},{"hash":"7e526206787d08782ad1a8d17701995be62ce62e","isMergeCommit":false,"messageTitle":"chore: Update test scripts for delete","messageBody":"","fileTypesAndContributionMap":{"txt":{"insertions":25,"deletions":9},"bat":{"insertions":5,"deletions":4},"sh":{"insertions":2,"deletions":6}}},{"hash":"a2f8f7aba67377a68ee4a390c536a15088e28dcd","isMergeCommit":false,"messageTitle":"refactor: Implement enum for command types","messageBody":"","tags":["A-Enums"],"fileTypesAndContributionMap":{"java":{"insertions":22,"deletions":9}}},{"hash":"00b76d6e4febfcbcd5f5bffbcac1c30d5b60558d","isMergeCommit":false,"messageTitle":"refactor: Move list iteration logic to TaskManager","messageBody":"","fileTypesAndContributionMap":{"java":{"insertions":19,"deletions":13},"sh":{"insertions":0,"deletions":0}}},{"hash":"b17bf2859d8bbe16491b06dd8202cd6eaa88ef60","isMergeCommit":false,"messageTitle":"fix: Handle invalid enum values in Parser","messageBody":"","fileTypesAndContributionMap":{"java":{"insertions":4,"deletions":2}}}]},{"date":"2026-01-28T00:00:00","commitResults":[{"hash":"e17063278de818de1f0a0dd1a350fd6e48fc92bf","isMergeCommit":false,"messageTitle":"Create TaskStorage class","messageBody":"","fileTypesAndContributionMap":{"java":{"insertions":140,"deletions":0}}},{"hash":"1f4f1046b1e70d26e512b4f5a94acd4d123dc812","isMergeCommit":false,"messageTitle":"Integrate save and load","messageBody":"","fileTypesAndContributionMap":{"java":{"insertions":100,"deletions":12}}},{"hash":"d027e9bf7a325a3114543ad91433e9590e75dc26","isMergeCommit":true,"messageTitle":"Merge branch \u0027branch-level-7\u0027","messageBody":"","tags":["Level-7"],"fileTypesAndContributionMap":{}},{"hash":"8b47af87508161e4cb0bc0b79e7de66cfd8ad368","isMergeCommit":false,"messageTitle":"Add support for datetime parsing","messageBody":"","fileTypesAndContributionMap":{"java":{"insertions":73,"deletions":31}}},{"hash":"bf8031a2efae690a470550752244655b90e7fd9c","isMergeCommit":true,"messageTitle":"Merge branch \u0027branch-level-8\u0027","messageBody":"","tags":["Level-8"],"fileTypesAndContributionMap":{}},{"hash":"c352440abd3d5277b84bee6bea45cffc859730c3","isMergeCommit":false,"messageTitle":"chore: Add custom exception for invalid formats and dates","messageBody":"","fileTypesAndContributionMap":{"java":{"insertions":88,"deletions":10}}},{"hash":"ff326ad2043512ecde405f8b5769f63a4b3efff7","isMergeCommit":true,"messageTitle":"Merge branch \u0027add-gradle-support\u0027","messageBody":"","fileTypesAndContributionMap":{}},{"hash":"d0282419d4aa9abe694eba16e5935d709962108b","isMergeCommit":false,"messageTitle":"Update gradle configuration for Athena","messageBody":"","fileTypesAndContributionMap":{"gradle":{"insertions":2,"deletions":2}}},{"hash":"b126d152af244010e5dbf0a7ca679fb3cdda1208","isMergeCommit":false,"messageTitle":"Add JUnit tests","messageBody":"","fileTypesAndContributionMap":{"java":{"insertions":215,"deletions":4}}},{"hash":"41b1cede9d52d2807ce660cb233e0840a892fb96","isMergeCommit":false,"messageTitle":"Add support for Find","messageBody":"","fileTypesAndContributionMap":{"java":{"insertions":77,"deletions":3}}},{"hash":"30e23b453d44677759003b7883d0f81559a48292","isMergeCommit":false,"messageTitle":"chore: Comply with coding standards","messageBody":"","fileTypesAndContributionMap":{"java":{"insertions":4,"deletions":4}}},{"hash":"c4d06d96267c138fd1af16de1a5d055d7bdbee35","isMergeCommit":false,"messageTitle":"chore: Add JavaDocs to public classes and methods","messageBody":"","fileTypesAndContributionMap":{"java":{"insertions":37,"deletions":3}}},{"hash":"dc3ef6208f54415dc5cff10adcc6a6c748127bae","isMergeCommit":false,"messageTitle":"chore: Remove final from class properties","messageBody":"","fileTypesAndContributionMap":{"java":{"insertions":4,"deletions":4}}},{"hash":"8d574a73a3d16bd59203ee2e9291b01f38b33295","isMergeCommit":true,"messageTitle":"Merge branch \u0027branch-A-JavaDoc\u0027","messageBody":"","tags":["A-JavaDoc"],"fileTypesAndContributionMap":{}},{"hash":"571deda2e6581857689fa00f59895e1b75eee884","isMergeCommit":true,"messageTitle":"Merge branch \u0027branch-A-CodingStandard\u0027","messageBody":"","tags":["A-CodingStandard"],"fileTypesAndContributionMap":{}},{"hash":"820ef65d06917038ea8cf1b8895022822b383048","isMergeCommit":true,"messageTitle":"Merge branch \u0027branch-Level-9\u0027","messageBody":"","tags":["Level-9"],"fileTypesAndContributionMap":{}},{"hash":"2cd6feaed99ba136966ae46712785b2ca8585f19","isMergeCommit":false,"messageTitle":"chore: Tidy up JavaDocs","messageBody":"","fileTypesAndContributionMap":{"java":{"insertions":39,"deletions":13}}},{"hash":"ef7cc89cb13eeab0f43b6195862120740d955720","isMergeCommit":false,"messageTitle":"chore: Configure checkstyle","messageBody":"","fileTypesAndContributionMap":{"gradle":{"insertions":6,"deletions":1}}},{"hash":"e0bf17e8ca675b8671e170a7a21d9608b8838c8d","isMergeCommit":false,"messageTitle":"chore: Change ui output for find command","messageBody":"","fileTypesAndContributionMap":{"java":{"insertions":1,"deletions":1}}}]},{"date":"2026-02-03T00:00:00","commitResults":[{"hash":"08056af1a175f8ef67ce39b1315c0afcbaabab71","isMergeCommit":false,"messageTitle":"chore: Fix coding standard issues","messageBody":"","fileTypesAndContributionMap":{"java":{"insertions":110,"deletions":104}}}]},{"date":"2026-02-04T00:00:00","commitResults":[{"hash":"f633aa01fd24fba2ca55b5d9a372b388e9b3412a","isMergeCommit":false,"messageTitle":"Add support for GUI","messageBody":"","fileTypesAndContributionMap":{"gradle":{"insertions":17,"deletions":1},"fxml":{"insertions":66,"deletions":0},"java":{"insertions":389,"deletions":27}}},{"hash":"dd77750fbabc837a803244f0e53c9dc40fea8aee","isMergeCommit":false,"messageTitle":"Add automatic resizing for gui elements","messageBody":"","fileTypesAndContributionMap":{"fxml":{"insertions":11,"deletions":3}}},{"hash":"f91e0051961252b0616cfab7cfb00809b04a30a4","isMergeCommit":false,"messageTitle":"Tweak gui styling","messageBody":"","fileTypesAndContributionMap":{"fxml":{"insertions":65,"deletions":33},"java":{"insertions":16,"deletions":2}}},{"hash":"69e1468d2ebbe532c64016fc10ce190aa90bf918","isMergeCommit":true,"messageTitle":"Merge branch \u0027branch-Level-10\u0027","messageBody":"","fileTypesAndContributionMap":{}},{"hash":"f6c0888d450af72f1e140b22fc740d13482d5b60","isMergeCommit":false,"messageTitle":"chore: Add dynamic width for dialog boxes","messageBody":"","tags":["Level-10"],"fileTypesAndContributionMap":{"fxml":{"insertions":2,"deletions":3},"java":{"insertions":10,"deletions":4}}},{"hash":"8cce0e22d72a8fe47dc888a2ac065dc38cfad9a3","isMergeCommit":false,"messageTitle":"Launcher: Use varargs in main function","messageBody":"","fileTypesAndContributionMap":{"java":{"insertions":1,"deletions":1}}},{"hash":"e62e691a794db10a478c7798c0390cef04aad6d6","isMergeCommit":true,"messageTitle":"Merge branch \u0027branch-A-Varargs\u0027","messageBody":"","tags":["A-Varargs"],"fileTypesAndContributionMap":{}}]}]},"authorFileTypeContributionMap":{"eejon":{"java":1962,"md":0,"fxml":105,"sh":3,"bat":5,"gradle":23,"txt":30}},"authorContributionVariance":{"eejon":91689.75},"authorDisplayNameMap":{"eejon":"CS2103-F08-4 LEE .. JON"}}
