[{"path":"README.md","fileType":"md","lines":[{"lineNumber":1,"author":{"gitId":"LexiAKAtiff"},"content":"# Dark_Knight project template","lastModifiedDate":"2026-01-20T18:07:49","isFullCredit":false},{"lineNumber":2,"author":{"gitId":"-"},"content":"","lastModifiedDate":"2020-05-25T00:03:55","isFullCredit":false},{"lineNumber":3,"author":{"gitId":"-"},"content":"This is a project template for a greenfield Java project. It\u0027s named after the Java mascot _Duke_. Given below are instructions on how to use it.","lastModifiedDate":"2020-05-25T00:03:55","isFullCredit":false},{"lineNumber":4,"author":{"gitId":"-"},"content":"","lastModifiedDate":"2020-05-25T00:03:55","isFullCredit":false},{"lineNumber":5,"author":{"gitId":"-"},"content":"## Setting up in Intellij","lastModifiedDate":"2020-05-25T00:03:55","isFullCredit":false},{"lineNumber":6,"author":{"gitId":"-"},"content":"","lastModifiedDate":"2020-05-25T00:03:55","isFullCredit":false},{"lineNumber":7,"author":{"gitId":"-"},"content":"Prerequisites: JDK 17, update Intellij to the most recent version.","lastModifiedDate":"2024-07-11T16:50:14","isFullCredit":false},{"lineNumber":8,"author":{"gitId":"-"},"content":"","lastModifiedDate":"2020-05-25T00:03:55","isFullCredit":false},{"lineNumber":9,"author":{"gitId":"-"},"content":"1. Open Intellij (if you are not in the welcome screen, click `File` \u003e `Close Project` to close the existing project first)","lastModifiedDate":"2021-01-17T12:25:53","isFullCredit":false},{"lineNumber":10,"author":{"gitId":"-"},"content":"1. Open the project into Intellij as follows:","lastModifiedDate":"2021-01-17T12:25:53","isFullCredit":false},{"lineNumber":11,"author":{"gitId":"-"},"content":"   1. Click `Open`.","lastModifiedDate":"2021-01-17T12:25:53","isFullCredit":false},{"lineNumber":12,"author":{"gitId":"-"},"content":"   1. Select the project directory, and click `OK`.","lastModifiedDate":"2021-01-17T12:25:53","isFullCredit":false},{"lineNumber":13,"author":{"gitId":"-"},"content":"   1. If there are any further prompts, accept the defaults.","lastModifiedDate":"2020-05-25T00:03:55","isFullCredit":false},{"lineNumber":14,"author":{"gitId":"-"},"content":"1. Configure the project to use **JDK 17** (not other versions) as explained in [here](https://www.jetbrains.com/help/idea/sdk.html#set-up-jdk).\u003cbr\u003e","lastModifiedDate":"2024-07-11T16:50:14","isFullCredit":false},{"lineNumber":15,"author":{"gitId":"-"},"content":"   In the same dialog, set the **Project language level** field to the `SDK default` option.","lastModifiedDate":"2021-07-29T20:29:39","isFullCredit":false},{"lineNumber":16,"author":{"gitId":"LexiAKAtiff"},"content":"1. After that, locate the `src/main/java/Dark_Knight.java` file, right-click it, and choose `Run Dark_Knight.main()` (if the code editor is showing compile errors, try restarting the IDE). If the setup is correct, you should see something like the below as the output:","lastModifiedDate":"2026-01-20T18:07:49","isFullCredit":false},{"lineNumber":17,"author":{"gitId":"-"},"content":"   ```","lastModifiedDate":"2020-05-25T00:03:55","isFullCredit":false},{"lineNumber":18,"author":{"gitId":"-"},"content":"   Hello from","lastModifiedDate":"2020-05-25T00:03:55","isFullCredit":false},{"lineNumber":19,"author":{"gitId":"-"},"content":"    ____        _        ","lastModifiedDate":"2020-05-25T00:03:55","isFullCredit":false},{"lineNumber":20,"author":{"gitId":"-"},"content":"   |  _ \\ _   _| | _____ ","lastModifiedDate":"2020-05-25T00:03:55","isFullCredit":false},{"lineNumber":21,"author":{"gitId":"-"},"content":"   | | | | | | | |/ / _ \\","lastModifiedDate":"2020-05-25T00:03:55","isFullCredit":false},{"lineNumber":22,"author":{"gitId":"-"},"content":"   | |_| | |_| |   \u003c  __/","lastModifiedDate":"2020-05-25T00:03:55","isFullCredit":false},{"lineNumber":23,"author":{"gitId":"-"},"content":"   |____/ \\__,_|_|\\_\\___|","lastModifiedDate":"2020-05-25T00:03:55","isFullCredit":false},{"lineNumber":24,"author":{"gitId":"-"},"content":"   ```","lastModifiedDate":"2020-05-25T00:03:55","isFullCredit":false},{"lineNumber":25,"author":{"gitId":"-"},"content":"","lastModifiedDate":"2025-01-04T21:44:28","isFullCredit":false},{"lineNumber":26,"author":{"gitId":"-"},"content":"**Warning:** Keep the `src\\main\\java` folder as the root folder for Java files (i.e., don\u0027t rename those folders or move Java files to another folder outside of this folder path), as this is the default location some tools (e.g., Gradle) expect to find Java files.","lastModifiedDate":"2025-01-04T21:44:28","isFullCredit":false}],"authorContributionMap":{"LexiAKAtiff":2,"-":24}},{"path":"data/dark_knight.txt","fileType":"txt","lines":[{"lineNumber":1,"author":{"gitId":"LexiAKAtiff"},"content":"[T][ ] greet everyone","lastModifiedDate":"2026-01-30T12:22:10","isFullCredit":false},{"lineNumber":2,"author":{"gitId":"LexiAKAtiff"},"content":"[D][ ] devoir (by: tmr)","lastModifiedDate":"2026-01-30T12:22:10","isFullCredit":false},{"lineNumber":3,"author":{"gitId":"LexiAKAtiff"},"content":"[E][ ] exam (from: 2pm to: 4pm)","lastModifiedDate":"2026-01-30T12:22:10","isFullCredit":false}],"authorContributionMap":{"LexiAKAtiff":3}},{"path":"docs/README.md","fileType":"md","lines":[{"lineNumber":1,"author":{"gitId":"LexiAKAtiff"},"content":"# Dark_Knight User Guide","lastModifiedDate":"2026-01-20T18:07:49","isFullCredit":false},{"lineNumber":2,"author":{"gitId":"-"},"content":"","lastModifiedDate":"2019-07-29T17:14:46","isFullCredit":false},{"lineNumber":3,"author":{"gitId":"-"},"content":"// Update the title above to match the actual product name","lastModifiedDate":"2024-01-07T18:33:52","isFullCredit":false},{"lineNumber":4,"author":{"gitId":"-"},"content":"","lastModifiedDate":"2019-07-29T17:14:46","isFullCredit":false},{"lineNumber":5,"author":{"gitId":"-"},"content":"// Product screenshot goes here","lastModifiedDate":"2024-01-07T18:33:52","isFullCredit":false},{"lineNumber":6,"author":{"gitId":"-"},"content":"","lastModifiedDate":"2021-07-17T16:49:07","isFullCredit":false},{"lineNumber":7,"author":{"gitId":"-"},"content":"// Product intro goes here","lastModifiedDate":"2024-01-07T18:33:52","isFullCredit":false},{"lineNumber":8,"author":{"gitId":"-"},"content":"","lastModifiedDate":"2021-07-17T16:49:07","isFullCredit":false},{"lineNumber":9,"author":{"gitId":"-"},"content":"## Adding deadlines","lastModifiedDate":"2024-01-07T18:33:52","isFullCredit":false},{"lineNumber":10,"author":{"gitId":"-"},"content":"","lastModifiedDate":"2021-07-17T16:49:07","isFullCredit":false},{"lineNumber":11,"author":{"gitId":"-"},"content":"// Describe the action and its outcome.","lastModifiedDate":"2024-01-07T18:33:52","isFullCredit":false},{"lineNumber":12,"author":{"gitId":"-"},"content":"","lastModifiedDate":"2019-07-29T17:14:46","isFullCredit":false},{"lineNumber":13,"author":{"gitId":"-"},"content":"// Give examples of usage","lastModifiedDate":"2024-01-07T18:33:52","isFullCredit":false},{"lineNumber":14,"author":{"gitId":"-"},"content":"","lastModifiedDate":"2019-07-29T17:14:46","isFullCredit":false},{"lineNumber":15,"author":{"gitId":"-"},"content":"Example: `keyword (optional arguments)`","lastModifiedDate":"2024-01-07T18:33:52","isFullCredit":false},{"lineNumber":16,"author":{"gitId":"-"},"content":"","lastModifiedDate":"2019-07-29T17:14:46","isFullCredit":false},{"lineNumber":17,"author":{"gitId":"-"},"content":"// A description of the expected outcome goes here","lastModifiedDate":"2024-01-07T18:33:52","isFullCredit":false},{"lineNumber":18,"author":{"gitId":"-"},"content":"","lastModifiedDate":"2019-07-29T17:14:46","isFullCredit":false},{"lineNumber":19,"author":{"gitId":"-"},"content":"```","lastModifiedDate":"2024-01-07T18:33:52","isFullCredit":false},{"lineNumber":20,"author":{"gitId":"-"},"content":"expected output","lastModifiedDate":"2024-01-07T18:33:52","isFullCredit":false},{"lineNumber":21,"author":{"gitId":"-"},"content":"```","lastModifiedDate":"2024-01-07T18:33:52","isFullCredit":false},{"lineNumber":22,"author":{"gitId":"-"},"content":"","lastModifiedDate":"2019-07-29T17:14:46","isFullCredit":false},{"lineNumber":23,"author":{"gitId":"-"},"content":"## Feature ABC","lastModifiedDate":"2024-01-07T18:33:52","isFullCredit":false},{"lineNumber":24,"author":{"gitId":"-"},"content":"","lastModifiedDate":"2019-07-29T17:14:46","isFullCredit":false},{"lineNumber":25,"author":{"gitId":"-"},"content":"// Feature details","lastModifiedDate":"2024-01-07T18:33:52","isFullCredit":false},{"lineNumber":26,"author":{"gitId":"-"},"content":"","lastModifiedDate":"2019-07-29T17:14:46","isFullCredit":false},{"lineNumber":27,"author":{"gitId":"-"},"content":"","lastModifiedDate":"2021-07-17T16:49:07","isFullCredit":false},{"lineNumber":28,"author":{"gitId":"-"},"content":"## Feature XYZ","lastModifiedDate":"2024-01-07T18:33:52","isFullCredit":false},{"lineNumber":29,"author":{"gitId":"-"},"content":"","lastModifiedDate":"2024-01-07T18:33:52","isFullCredit":false},{"lineNumber":30,"author":{"gitId":"-"},"content":"// Feature details","lastModifiedDate":"2024-01-07T18:33:52","isFullCredit":false}],"authorContributionMap":{"LexiAKAtiff":1,"-":29}},{"path":"src/main/java/DarkKnightException.java","fileType":"java","lines":[{"lineNumber":1,"author":{"gitId":"LexiAKAtiff"},"content":"public class DarkKnightException extends Exception{","lastModifiedDate":"2026-01-22T15:56:02","isFullCredit":false},{"lineNumber":2,"author":{"gitId":"LexiAKAtiff"},"content":"    public DarkKnightException(String message) {","lastModifiedDate":"2026-01-22T15:56:02","isFullCredit":false},{"lineNumber":3,"author":{"gitId":"LexiAKAtiff"},"content":"        super(message);","lastModifiedDate":"2026-01-22T15:56:02","isFullCredit":false},{"lineNumber":4,"author":{"gitId":"LexiAKAtiff"},"content":"    }","lastModifiedDate":"2026-01-22T15:56:02","isFullCredit":false},{"lineNumber":5,"author":{"gitId":"LexiAKAtiff"},"content":"}","lastModifiedDate":"2026-01-22T15:56:02","isFullCredit":false}],"authorContributionMap":{"LexiAKAtiff":5}},{"path":"src/main/java/Dark_Knight.java","fileType":"java","lines":[{"lineNumber":1,"author":{"gitId":"LexiAKAtiff"},"content":"import java.util.Scanner;","lastModifiedDate":"2026-01-20T18:49:57","isFullCredit":false},{"lineNumber":2,"author":{"gitId":"LexiAKAtiff"},"content":"import java.util.ArrayList;","lastModifiedDate":"2026-01-20T23:50:53","isFullCredit":false},{"lineNumber":3,"author":{"gitId":"LexiAKAtiff"},"content":"","lastModifiedDate":"2026-01-20T18:49:57","isFullCredit":false},{"lineNumber":4,"author":{"gitId":"LexiAKAtiff"},"content":"import java.io.BufferedWriter;","lastModifiedDate":"2026-01-30T12:22:10","isFullCredit":false},{"lineNumber":5,"author":{"gitId":"LexiAKAtiff"},"content":"import java.io.BufferedReader;","lastModifiedDate":"2026-01-30T12:22:10","isFullCredit":false},{"lineNumber":6,"author":{"gitId":"LexiAKAtiff"},"content":"import java.io.IOException;","lastModifiedDate":"2026-01-30T12:22:10","isFullCredit":false},{"lineNumber":7,"author":{"gitId":"LexiAKAtiff"},"content":"","lastModifiedDate":"2026-01-30T12:22:10","isFullCredit":false},{"lineNumber":8,"author":{"gitId":"LexiAKAtiff"},"content":"import java.nio.file.Path;","lastModifiedDate":"2026-01-30T12:22:10","isFullCredit":false},{"lineNumber":9,"author":{"gitId":"LexiAKAtiff"},"content":"import java.nio.file.Paths;","lastModifiedDate":"2026-01-30T12:22:10","isFullCredit":false},{"lineNumber":10,"author":{"gitId":"LexiAKAtiff"},"content":"import java.nio.file.Files;","lastModifiedDate":"2026-01-30T12:22:10","isFullCredit":false},{"lineNumber":11,"author":{"gitId":"LexiAKAtiff"},"content":"","lastModifiedDate":"2026-01-30T12:22:10","isFullCredit":false},{"lineNumber":12,"author":{"gitId":"LexiAKAtiff"},"content":"public class Dark_Knight {","lastModifiedDate":"2026-01-20T18:07:49","isFullCredit":false},{"lineNumber":13,"author":{"gitId":"LexiAKAtiff"},"content":"    static Scanner scanner \u003d new Scanner(System.in);","lastModifiedDate":"2026-01-21T22:13:24","isFullCredit":false},{"lineNumber":14,"author":{"gitId":"LexiAKAtiff"},"content":"    static ArrayList\u003cTask\u003e tasks \u003d new ArrayList\u003c\u003e();","lastModifiedDate":"2026-01-21T22:13:24","isFullCredit":false},{"lineNumber":15,"author":{"gitId":"LexiAKAtiff"},"content":"","lastModifiedDate":"2026-01-20T23:50:53","isFullCredit":false},{"lineNumber":16,"author":{"gitId":"LexiAKAtiff"},"content":"    public static void printLine() {","lastModifiedDate":"2026-01-21T22:13:24","isFullCredit":false},{"lineNumber":17,"author":{"gitId":"LexiAKAtiff"},"content":"        System.out.println(\"_\".repeat(50));","lastModifiedDate":"2026-01-21T22:13:24","isFullCredit":false},{"lineNumber":18,"author":{"gitId":"LexiAKAtiff"},"content":"    }","lastModifiedDate":"2026-01-21T22:13:24","isFullCredit":false},{"lineNumber":19,"author":{"gitId":"LexiAKAtiff"},"content":"","lastModifiedDate":"2026-01-21T22:13:24","isFullCredit":false},{"lineNumber":20,"author":{"gitId":"LexiAKAtiff"},"content":"    public static void printList() {","lastModifiedDate":"2026-01-21T22:13:24","isFullCredit":false},{"lineNumber":21,"author":{"gitId":"LexiAKAtiff"},"content":"        printLine();","lastModifiedDate":"2026-01-21T22:13:24","isFullCredit":false},{"lineNumber":22,"author":{"gitId":"LexiAKAtiff"},"content":"        System.out.println(\"Here are the tasks in your list: \");","lastModifiedDate":"2026-01-21T22:13:24","isFullCredit":false},{"lineNumber":23,"author":{"gitId":"LexiAKAtiff"},"content":"        int l \u003d tasks.size();","lastModifiedDate":"2026-01-21T22:13:24","isFullCredit":false},{"lineNumber":24,"author":{"gitId":"LexiAKAtiff"},"content":"        for (int i \u003d 0; i \u003c l; i++) {","lastModifiedDate":"2026-01-20T23:50:53","isFullCredit":false},{"lineNumber":25,"author":{"gitId":"LexiAKAtiff"},"content":"            Task task \u003d tasks.get(i);","lastModifiedDate":"2026-01-21T22:13:24","isFullCredit":false},{"lineNumber":26,"author":{"gitId":"LexiAKAtiff"},"content":"            System.out.printf(\"%d.%s\\n\", i+1, task.toString());","lastModifiedDate":"2026-01-21T22:13:24","isFullCredit":false},{"lineNumber":27,"author":{"gitId":"LexiAKAtiff"},"content":"        }","lastModifiedDate":"2026-01-20T23:50:53","isFullCredit":false},{"lineNumber":28,"author":{"gitId":"LexiAKAtiff"},"content":"        printLine();","lastModifiedDate":"2026-01-21T22:13:24","isFullCredit":false},{"lineNumber":29,"author":{"gitId":"LexiAKAtiff"},"content":"    }","lastModifiedDate":"2026-01-20T23:50:53","isFullCredit":false},{"lineNumber":30,"author":{"gitId":"LexiAKAtiff"},"content":"","lastModifiedDate":"2026-01-20T19:21:21","isFullCredit":false},{"lineNumber":31,"author":{"gitId":"LexiAKAtiff"},"content":"    public static Task addTodo(String description) throws DarkKnightException{","lastModifiedDate":"2026-01-22T15:56:02","isFullCredit":false},{"lineNumber":32,"author":{"gitId":"LexiAKAtiff"},"content":"        if (description.trim().isEmpty()) {","lastModifiedDate":"2026-01-22T15:56:02","isFullCredit":false},{"lineNumber":33,"author":{"gitId":"LexiAKAtiff"},"content":"            throw new DarkKnightException(\"Wrong format for todo!\");","lastModifiedDate":"2026-01-22T15:56:02","isFullCredit":false},{"lineNumber":34,"author":{"gitId":"LexiAKAtiff"},"content":"        }","lastModifiedDate":"2026-01-22T15:56:02","isFullCredit":false},{"lineNumber":35,"author":{"gitId":"LexiAKAtiff"},"content":"        Todo todo \u003d new Todo(description);","lastModifiedDate":"2026-01-21T22:13:24","isFullCredit":false},{"lineNumber":36,"author":{"gitId":"LexiAKAtiff"},"content":"        tasks.add(todo);","lastModifiedDate":"2026-01-21T22:13:24","isFullCredit":false},{"lineNumber":37,"author":{"gitId":"LexiAKAtiff"},"content":"        return todo;","lastModifiedDate":"2026-01-21T22:13:24","isFullCredit":false},{"lineNumber":38,"author":{"gitId":"LexiAKAtiff"},"content":"    }","lastModifiedDate":"2026-01-21T22:13:24","isFullCredit":false},{"lineNumber":39,"author":{"gitId":"LexiAKAtiff"},"content":"","lastModifiedDate":"2026-01-20T18:49:57","isFullCredit":false},{"lineNumber":40,"author":{"gitId":"LexiAKAtiff"},"content":"    public static Task addDeadline(String description) throws DarkKnightException{","lastModifiedDate":"2026-01-22T15:56:02","isFullCredit":false},{"lineNumber":41,"author":{"gitId":"LexiAKAtiff"},"content":"        String[] parts \u003d description.split(\" /by \");","lastModifiedDate":"2026-01-21T22:13:24","isFullCredit":false},{"lineNumber":42,"author":{"gitId":"LexiAKAtiff"},"content":"        if (description.trim().isEmpty() || parts.length !\u003d 2 || parts[1].trim().isEmpty()) {","lastModifiedDate":"2026-01-22T15:56:02","isFullCredit":false},{"lineNumber":43,"author":{"gitId":"LexiAKAtiff"},"content":"            throw new DarkKnightException(\"Wrong format for deadline!\");","lastModifiedDate":"2026-01-22T15:56:02","isFullCredit":false},{"lineNumber":44,"author":{"gitId":"LexiAKAtiff"},"content":"        }","lastModifiedDate":"2026-01-22T15:56:02","isFullCredit":false},{"lineNumber":45,"author":{"gitId":"LexiAKAtiff"},"content":"        String ddl\u003d parts[1];","lastModifiedDate":"2026-01-21T22:13:24","isFullCredit":false},{"lineNumber":46,"author":{"gitId":"LexiAKAtiff"},"content":"        Deadline deadline \u003d new Deadline(parts[0], ddl);","lastModifiedDate":"2026-01-21T22:13:24","isFullCredit":false},{"lineNumber":47,"author":{"gitId":"LexiAKAtiff"},"content":"        tasks.add(deadline);","lastModifiedDate":"2026-01-21T22:13:24","isFullCredit":false},{"lineNumber":48,"author":{"gitId":"LexiAKAtiff"},"content":"        return deadline;","lastModifiedDate":"2026-01-21T22:13:24","isFullCredit":false},{"lineNumber":49,"author":{"gitId":"LexiAKAtiff"},"content":"    }","lastModifiedDate":"2026-01-21T22:13:24","isFullCredit":false},{"lineNumber":50,"author":{"gitId":"LexiAKAtiff"},"content":"","lastModifiedDate":"2026-01-20T18:49:57","isFullCredit":false},{"lineNumber":51,"author":{"gitId":"LexiAKAtiff"},"content":"    public static Task addEvent(String description) throws DarkKnightException{","lastModifiedDate":"2026-01-22T15:56:02","isFullCredit":false},{"lineNumber":52,"author":{"gitId":"LexiAKAtiff"},"content":"        String[] parts \u003d description.split(\" /from \");","lastModifiedDate":"2026-01-21T22:13:24","isFullCredit":false},{"lineNumber":53,"author":{"gitId":"LexiAKAtiff"},"content":"        if (description.trim().isEmpty() || parts.length !\u003d 2 || parts[1].trim().isEmpty()) {","lastModifiedDate":"2026-01-22T15:56:02","isFullCredit":false},{"lineNumber":54,"author":{"gitId":"LexiAKAtiff"},"content":"            throw new DarkKnightException(\"Wrong format for event!\");","lastModifiedDate":"2026-01-22T15:56:02","isFullCredit":false},{"lineNumber":55,"author":{"gitId":"LexiAKAtiff"},"content":"        }","lastModifiedDate":"2026-01-22T15:56:02","isFullCredit":false},{"lineNumber":56,"author":{"gitId":"LexiAKAtiff"},"content":"        String[] otherParts \u003d parts[1].split(\" /to \");","lastModifiedDate":"2026-01-21T22:13:24","isFullCredit":false},{"lineNumber":57,"author":{"gitId":"LexiAKAtiff"},"content":"        if (otherParts.length \u003c 2 || otherParts[1].trim().isEmpty()) {","lastModifiedDate":"2026-01-22T15:56:02","isFullCredit":false},{"lineNumber":58,"author":{"gitId":"LexiAKAtiff"},"content":"            throw new DarkKnightException(\"Wrong format for event!\");","lastModifiedDate":"2026-01-22T15:56:02","isFullCredit":false},{"lineNumber":59,"author":{"gitId":"LexiAKAtiff"},"content":"        }","lastModifiedDate":"2026-01-22T15:56:02","isFullCredit":false},{"lineNumber":60,"author":{"gitId":"LexiAKAtiff"},"content":"        String from \u003d otherParts[0];","lastModifiedDate":"2026-01-21T22:13:24","isFullCredit":false},{"lineNumber":61,"author":{"gitId":"LexiAKAtiff"},"content":"        String to \u003d otherParts[1];","lastModifiedDate":"2026-01-21T22:13:24","isFullCredit":false},{"lineNumber":62,"author":{"gitId":"LexiAKAtiff"},"content":"","lastModifiedDate":"2026-01-20T19:21:21","isFullCredit":false},{"lineNumber":63,"author":{"gitId":"LexiAKAtiff"},"content":"        Event event \u003d new Event(parts[0], from ,to);","lastModifiedDate":"2026-01-21T22:13:24","isFullCredit":false},{"lineNumber":64,"author":{"gitId":"LexiAKAtiff"},"content":"        tasks.add(event);","lastModifiedDate":"2026-01-21T22:13:24","isFullCredit":false},{"lineNumber":65,"author":{"gitId":"LexiAKAtiff"},"content":"        return event;","lastModifiedDate":"2026-01-21T22:13:24","isFullCredit":false},{"lineNumber":66,"author":{"gitId":"LexiAKAtiff"},"content":"    }","lastModifiedDate":"2026-01-20T23:50:53","isFullCredit":false},{"lineNumber":67,"author":{"gitId":"LexiAKAtiff"},"content":"","lastModifiedDate":"2026-01-20T23:50:53","isFullCredit":false},{"lineNumber":68,"author":{"gitId":"LexiAKAtiff"},"content":"    public static void addTaskPrint(Task task) {","lastModifiedDate":"2026-01-21T22:13:24","isFullCredit":false},{"lineNumber":69,"author":{"gitId":"LexiAKAtiff"},"content":"        printLine();","lastModifiedDate":"2026-01-21T22:13:24","isFullCredit":false},{"lineNumber":70,"author":{"gitId":"LexiAKAtiff"},"content":"        System.out.println(\"Got it. I\u0027ve added this task: \");","lastModifiedDate":"2026-01-21T22:13:24","isFullCredit":false},{"lineNumber":71,"author":{"gitId":"LexiAKAtiff"},"content":"        System.out.println(\"  \" + task.toString());","lastModifiedDate":"2026-01-21T22:13:24","isFullCredit":false},{"lineNumber":72,"author":{"gitId":"LexiAKAtiff"},"content":"        System.out.printf(\"Now you have %d tasks in the list.\\n\", tasks.size());","lastModifiedDate":"2026-01-21T22:13:24","isFullCredit":false},{"lineNumber":73,"author":{"gitId":"LexiAKAtiff"},"content":"        printLine();","lastModifiedDate":"2026-01-21T22:13:24","isFullCredit":false},{"lineNumber":74,"author":{"gitId":"LexiAKAtiff"},"content":"    }","lastModifiedDate":"2026-01-20T18:49:57","isFullCredit":false},{"lineNumber":75,"author":{"gitId":"LexiAKAtiff"},"content":"","lastModifiedDate":"2026-01-20T18:49:57","isFullCredit":false},{"lineNumber":76,"author":{"gitId":"LexiAKAtiff"},"content":"","lastModifiedDate":"2026-01-21T22:13:24","isFullCredit":false},{"lineNumber":77,"author":{"gitId":"LexiAKAtiff"},"content":"    public static void readCommand(String taskDetail) throws DarkKnightException {","lastModifiedDate":"2026-01-22T15:56:02","isFullCredit":false},{"lineNumber":78,"author":{"gitId":"LexiAKAtiff"},"content":"        String[] parts \u003d taskDetail.split(\" \");","lastModifiedDate":"2026-01-21T22:13:24","isFullCredit":false},{"lineNumber":79,"author":{"gitId":"LexiAKAtiff"},"content":"        String command \u003d parts[0];","lastModifiedDate":"2026-01-21T22:13:24","isFullCredit":false},{"lineNumber":80,"author":{"gitId":"LexiAKAtiff"},"content":"        if (command.equals(\"list\")) {","lastModifiedDate":"2026-01-21T22:13:24","isFullCredit":false},{"lineNumber":81,"author":{"gitId":"LexiAKAtiff"},"content":"            if (tasks.isEmpty()) {","lastModifiedDate":"2026-01-22T15:56:02","isFullCredit":false},{"lineNumber":82,"author":{"gitId":"LexiAKAtiff"},"content":"                throw new DarkKnightException(\"There is nothing is your list!\");","lastModifiedDate":"2026-01-22T15:56:02","isFullCredit":false},{"lineNumber":83,"author":{"gitId":"LexiAKAtiff"},"content":"            }","lastModifiedDate":"2026-01-22T15:56:02","isFullCredit":false},{"lineNumber":84,"author":{"gitId":"LexiAKAtiff"},"content":"            printList();","lastModifiedDate":"2026-01-21T22:13:24","isFullCredit":false},{"lineNumber":85,"author":{"gitId":"LexiAKAtiff"},"content":"        } else if (command.equals(\"todo\") || command.equals(\"deadline\") || command.equals(\"event\")) {","lastModifiedDate":"2026-01-21T22:13:24","isFullCredit":false},{"lineNumber":86,"author":{"gitId":"LexiAKAtiff"},"content":"            Task task;","lastModifiedDate":"2026-01-21T22:13:24","isFullCredit":false},{"lineNumber":87,"author":{"gitId":"LexiAKAtiff"},"content":"            if (command.equals(\"todo\")) {","lastModifiedDate":"2026-01-21T22:13:24","isFullCredit":false},{"lineNumber":88,"author":{"gitId":"LexiAKAtiff"},"content":"                try {","lastModifiedDate":"2026-01-22T15:56:02","isFullCredit":false},{"lineNumber":89,"author":{"gitId":"LexiAKAtiff"},"content":"                    task \u003d addTodo(taskDetail.substring(5));","lastModifiedDate":"2026-01-21T22:13:24","isFullCredit":false},{"lineNumber":90,"author":{"gitId":"LexiAKAtiff"},"content":"                } catch (StringIndexOutOfBoundsException e) {","lastModifiedDate":"2026-01-22T15:56:02","isFullCredit":false},{"lineNumber":91,"author":{"gitId":"LexiAKAtiff"},"content":"                    throw new DarkKnightException(\"Wrong format for todo!\");","lastModifiedDate":"2026-01-22T15:56:02","isFullCredit":false},{"lineNumber":92,"author":{"gitId":"LexiAKAtiff"},"content":"                }","lastModifiedDate":"2026-01-22T15:56:02","isFullCredit":false},{"lineNumber":93,"author":{"gitId":"LexiAKAtiff"},"content":"            } else if (command.equals(\"deadline\")) {","lastModifiedDate":"2026-01-21T22:13:24","isFullCredit":false},{"lineNumber":94,"author":{"gitId":"LexiAKAtiff"},"content":"                try {","lastModifiedDate":"2026-01-22T15:56:02","isFullCredit":false},{"lineNumber":95,"author":{"gitId":"LexiAKAtiff"},"content":"                    task \u003d addDeadline(taskDetail.substring(9));","lastModifiedDate":"2026-01-21T22:13:24","isFullCredit":false},{"lineNumber":96,"author":{"gitId":"LexiAKAtiff"},"content":"                } catch (StringIndexOutOfBoundsException e) {","lastModifiedDate":"2026-01-22T15:56:02","isFullCredit":false},{"lineNumber":97,"author":{"gitId":"LexiAKAtiff"},"content":"                    throw new DarkKnightException(\"Wrong format for deadline!\");","lastModifiedDate":"2026-01-22T15:56:02","isFullCredit":false},{"lineNumber":98,"author":{"gitId":"LexiAKAtiff"},"content":"                }","lastModifiedDate":"2026-01-22T15:56:02","isFullCredit":false},{"lineNumber":99,"author":{"gitId":"LexiAKAtiff"},"content":"            } else {","lastModifiedDate":"2026-01-21T22:13:24","isFullCredit":false},{"lineNumber":100,"author":{"gitId":"LexiAKAtiff"},"content":"                try {","lastModifiedDate":"2026-01-22T15:56:02","isFullCredit":false},{"lineNumber":101,"author":{"gitId":"LexiAKAtiff"},"content":"                    task \u003d addEvent(taskDetail.substring(6));","lastModifiedDate":"2026-01-21T22:13:24","isFullCredit":false},{"lineNumber":102,"author":{"gitId":"LexiAKAtiff"},"content":"                } catch (StringIndexOutOfBoundsException e) {","lastModifiedDate":"2026-01-22T15:56:02","isFullCredit":false},{"lineNumber":103,"author":{"gitId":"LexiAKAtiff"},"content":"                    throw new DarkKnightException(\"Wrong format for event!\");","lastModifiedDate":"2026-01-22T15:56:02","isFullCredit":false},{"lineNumber":104,"author":{"gitId":"LexiAKAtiff"},"content":"                }","lastModifiedDate":"2026-01-22T15:56:02","isFullCredit":false},{"lineNumber":105,"author":{"gitId":"LexiAKAtiff"},"content":"            }","lastModifiedDate":"2026-01-21T22:13:24","isFullCredit":false},{"lineNumber":106,"author":{"gitId":"LexiAKAtiff"},"content":"            addTaskPrint(task);","lastModifiedDate":"2026-01-21T22:13:24","isFullCredit":false},{"lineNumber":107,"author":{"gitId":"LexiAKAtiff"},"content":"        } else if (command.equals(\"mark\")){","lastModifiedDate":"2026-01-21T22:13:24","isFullCredit":false},{"lineNumber":108,"author":{"gitId":"LexiAKAtiff"},"content":"            if (parts.length \u003c 2) {","lastModifiedDate":"2026-01-22T15:56:02","isFullCredit":false},{"lineNumber":109,"author":{"gitId":"LexiAKAtiff"},"content":"                throw new DarkKnightException(\"I don\u0027t know which one to mark.\");","lastModifiedDate":"2026-01-22T15:56:02","isFullCredit":false},{"lineNumber":110,"author":{"gitId":"LexiAKAtiff"},"content":"            }","lastModifiedDate":"2026-01-22T15:56:02","isFullCredit":false},{"lineNumber":111,"author":{"gitId":"LexiAKAtiff"},"content":"            try {","lastModifiedDate":"2026-01-22T15:56:02","isFullCredit":false},{"lineNumber":112,"author":{"gitId":"LexiAKAtiff"},"content":"                int index \u003d Integer.parseInt(parts[1])-1;","lastModifiedDate":"2026-01-20T23:50:53","isFullCredit":false},{"lineNumber":113,"author":{"gitId":"LexiAKAtiff"},"content":"                if (index \u003e\u003d tasks.size()) {","lastModifiedDate":"2026-01-22T16:27:23","isFullCredit":false},{"lineNumber":114,"author":{"gitId":"LexiAKAtiff"},"content":"                    throw new DarkKnightException(\"I can\u0027t find this task.\");","lastModifiedDate":"2026-01-22T16:27:23","isFullCredit":false},{"lineNumber":115,"author":{"gitId":"LexiAKAtiff"},"content":"                }","lastModifiedDate":"2026-01-22T16:27:23","isFullCredit":false},{"lineNumber":116,"author":{"gitId":"LexiAKAtiff"},"content":"                Task task \u003d tasks.get(index);","lastModifiedDate":"2026-01-21T22:13:24","isFullCredit":false},{"lineNumber":117,"author":{"gitId":"LexiAKAtiff"},"content":"                task.mark();","lastModifiedDate":"2026-01-20T23:50:53","isFullCredit":false},{"lineNumber":118,"author":{"gitId":"LexiAKAtiff"},"content":"                printLine();","lastModifiedDate":"2026-01-21T22:13:24","isFullCredit":false},{"lineNumber":119,"author":{"gitId":"LexiAKAtiff"},"content":"                System.out.println(\"Nice! I\u0027ve marked this task as done: \");","lastModifiedDate":"2026-01-22T16:27:23","isFullCredit":false},{"lineNumber":120,"author":{"gitId":"LexiAKAtiff"},"content":"                System.out.println(task);","lastModifiedDate":"2026-01-21T22:13:24","isFullCredit":false},{"lineNumber":121,"author":{"gitId":"LexiAKAtiff"},"content":"                printLine();","lastModifiedDate":"2026-01-21T22:13:24","isFullCredit":false},{"lineNumber":122,"author":{"gitId":"LexiAKAtiff"},"content":"            } catch (NumberFormatException e) {","lastModifiedDate":"2026-01-22T15:56:02","isFullCredit":false},{"lineNumber":123,"author":{"gitId":"LexiAKAtiff"},"content":"                throw new DarkKnightException(parts[1] + \" is not a valid number.\");","lastModifiedDate":"2026-01-22T15:56:02","isFullCredit":false},{"lineNumber":124,"author":{"gitId":"LexiAKAtiff"},"content":"            }","lastModifiedDate":"2026-01-22T15:56:02","isFullCredit":false},{"lineNumber":125,"author":{"gitId":"LexiAKAtiff"},"content":"        } else if (command.equals(\"unmark\")) {","lastModifiedDate":"2026-01-21T22:13:24","isFullCredit":false},{"lineNumber":126,"author":{"gitId":"LexiAKAtiff"},"content":"            if (parts.length \u003c 2) {","lastModifiedDate":"2026-01-22T15:56:02","isFullCredit":false},{"lineNumber":127,"author":{"gitId":"LexiAKAtiff"},"content":"                throw new DarkKnightException(\"I don\u0027t know which one to unmark.\");","lastModifiedDate":"2026-01-22T15:56:02","isFullCredit":false},{"lineNumber":128,"author":{"gitId":"LexiAKAtiff"},"content":"            }","lastModifiedDate":"2026-01-22T15:56:02","isFullCredit":false},{"lineNumber":129,"author":{"gitId":"LexiAKAtiff"},"content":"            try {","lastModifiedDate":"2026-01-22T15:56:02","isFullCredit":false},{"lineNumber":130,"author":{"gitId":"LexiAKAtiff"},"content":"                int index \u003d Integer.parseInt(parts[1])-1;","lastModifiedDate":"2026-01-20T23:50:53","isFullCredit":false},{"lineNumber":131,"author":{"gitId":"LexiAKAtiff"},"content":"                if (index \u003e\u003d tasks.size()) {","lastModifiedDate":"2026-01-22T16:27:23","isFullCredit":false},{"lineNumber":132,"author":{"gitId":"LexiAKAtiff"},"content":"                    throw new DarkKnightException(\"I can\u0027t find this task.\");","lastModifiedDate":"2026-01-22T16:27:23","isFullCredit":false},{"lineNumber":133,"author":{"gitId":"LexiAKAtiff"},"content":"                }","lastModifiedDate":"2026-01-22T16:27:23","isFullCredit":false},{"lineNumber":134,"author":{"gitId":"LexiAKAtiff"},"content":"                Task task \u003d tasks.get(index);","lastModifiedDate":"2026-01-21T22:13:24","isFullCredit":false},{"lineNumber":135,"author":{"gitId":"LexiAKAtiff"},"content":"                task.unmark();","lastModifiedDate":"2026-01-22T15:56:02","isFullCredit":false},{"lineNumber":136,"author":{"gitId":"LexiAKAtiff"},"content":"                printLine();","lastModifiedDate":"2026-01-21T22:13:24","isFullCredit":false},{"lineNumber":137,"author":{"gitId":"LexiAKAtiff"},"content":"                System.out.println(\"OK, I\u0027ve marked this task as not done yet: \");","lastModifiedDate":"2026-01-22T16:27:23","isFullCredit":false},{"lineNumber":138,"author":{"gitId":"LexiAKAtiff"},"content":"                System.out.println(task);","lastModifiedDate":"2026-01-21T22:13:24","isFullCredit":false},{"lineNumber":139,"author":{"gitId":"LexiAKAtiff"},"content":"                printLine();","lastModifiedDate":"2026-01-21T22:13:24","isFullCredit":false},{"lineNumber":140,"author":{"gitId":"LexiAKAtiff"},"content":"            } catch(NumberFormatException e) {","lastModifiedDate":"2026-01-22T15:56:02","isFullCredit":false},{"lineNumber":141,"author":{"gitId":"LexiAKAtiff"},"content":"                throw new DarkKnightException(parts[1] + \" is not a valid number.\");","lastModifiedDate":"2026-01-22T15:56:02","isFullCredit":false},{"lineNumber":142,"author":{"gitId":"LexiAKAtiff"},"content":"            }","lastModifiedDate":"2026-01-22T15:56:02","isFullCredit":false},{"lineNumber":143,"author":{"gitId":"LexiAKAtiff"},"content":"        } else if (command.equals(\"delete\")){","lastModifiedDate":"2026-01-22T16:27:23","isFullCredit":false},{"lineNumber":144,"author":{"gitId":"LexiAKAtiff"},"content":"            if (parts.length \u003c 2) {","lastModifiedDate":"2026-01-22T16:27:23","isFullCredit":false},{"lineNumber":145,"author":{"gitId":"LexiAKAtiff"},"content":"                throw new DarkKnightException(\"I don\u0027t know which one to delete.\");","lastModifiedDate":"2026-01-22T16:27:23","isFullCredit":false},{"lineNumber":146,"author":{"gitId":"LexiAKAtiff"},"content":"            }","lastModifiedDate":"2026-01-22T16:27:23","isFullCredit":false},{"lineNumber":147,"author":{"gitId":"LexiAKAtiff"},"content":"            try {","lastModifiedDate":"2026-01-22T16:27:23","isFullCredit":false},{"lineNumber":148,"author":{"gitId":"LexiAKAtiff"},"content":"                int index \u003d Integer.parseInt(parts[1])-1;","lastModifiedDate":"2026-01-22T16:27:23","isFullCredit":false},{"lineNumber":149,"author":{"gitId":"LexiAKAtiff"},"content":"                if (index \u003e\u003d tasks.size()) {","lastModifiedDate":"2026-01-22T16:27:23","isFullCredit":false},{"lineNumber":150,"author":{"gitId":"LexiAKAtiff"},"content":"                    throw new DarkKnightException(\"I can\u0027t find this task.\");","lastModifiedDate":"2026-01-22T16:27:23","isFullCredit":false},{"lineNumber":151,"author":{"gitId":"LexiAKAtiff"},"content":"                }","lastModifiedDate":"2026-01-22T16:27:23","isFullCredit":false},{"lineNumber":152,"author":{"gitId":"LexiAKAtiff"},"content":"                Task task \u003d tasks.get(index);","lastModifiedDate":"2026-01-22T16:27:23","isFullCredit":false},{"lineNumber":153,"author":{"gitId":"LexiAKAtiff"},"content":"                tasks.remove(index);","lastModifiedDate":"2026-01-22T16:27:23","isFullCredit":false},{"lineNumber":154,"author":{"gitId":"LexiAKAtiff"},"content":"                printLine();","lastModifiedDate":"2026-01-22T16:27:23","isFullCredit":false},{"lineNumber":155,"author":{"gitId":"LexiAKAtiff"},"content":"                System.out.println(\"Noted. I\u0027ve removed this task: \");","lastModifiedDate":"2026-01-22T16:27:23","isFullCredit":false},{"lineNumber":156,"author":{"gitId":"LexiAKAtiff"},"content":"                System.out.println(task);","lastModifiedDate":"2026-01-22T16:27:23","isFullCredit":false},{"lineNumber":157,"author":{"gitId":"LexiAKAtiff"},"content":"                System.out.printf(\"Now you have %d tasks in the list.\\n\", tasks.size());","lastModifiedDate":"2026-01-22T16:27:23","isFullCredit":false},{"lineNumber":158,"author":{"gitId":"LexiAKAtiff"},"content":"                printLine();","lastModifiedDate":"2026-01-22T16:27:23","isFullCredit":false},{"lineNumber":159,"author":{"gitId":"LexiAKAtiff"},"content":"            } catch(NumberFormatException e) {","lastModifiedDate":"2026-01-22T16:27:23","isFullCredit":false},{"lineNumber":160,"author":{"gitId":"LexiAKAtiff"},"content":"                throw new DarkKnightException(parts[1] + \" is not a valid number.\");","lastModifiedDate":"2026-01-22T16:27:23","isFullCredit":false},{"lineNumber":161,"author":{"gitId":"LexiAKAtiff"},"content":"            }","lastModifiedDate":"2026-01-20T23:50:53","isFullCredit":false},{"lineNumber":162,"author":{"gitId":"LexiAKAtiff"},"content":"        } else {","lastModifiedDate":"2026-01-22T16:27:23","isFullCredit":false},{"lineNumber":163,"author":{"gitId":"LexiAKAtiff"},"content":"            throw new DarkKnightException(\"I can\u0027t perform this task, it\u0027s beyond my capability!\");","lastModifiedDate":"2026-01-22T15:56:02","isFullCredit":false},{"lineNumber":164,"author":{"gitId":"LexiAKAtiff"},"content":"        }","lastModifiedDate":"2026-01-21T22:13:24","isFullCredit":false},{"lineNumber":165,"author":{"gitId":"LexiAKAtiff"},"content":"        updateFile();","lastModifiedDate":"2026-01-30T12:22:10","isFullCredit":false},{"lineNumber":166,"author":{"gitId":"LexiAKAtiff"},"content":"    }","lastModifiedDate":"2026-01-30T12:22:10","isFullCredit":false},{"lineNumber":167,"author":{"gitId":"LexiAKAtiff"},"content":"","lastModifiedDate":"2026-01-30T12:22:10","isFullCredit":false},{"lineNumber":168,"author":{"gitId":"LexiAKAtiff"},"content":"    public static void updateFile() {","lastModifiedDate":"2026-01-30T12:22:10","isFullCredit":false},{"lineNumber":169,"author":{"gitId":"LexiAKAtiff"},"content":"        try {","lastModifiedDate":"2026-01-30T12:22:10","isFullCredit":false},{"lineNumber":170,"author":{"gitId":"LexiAKAtiff"},"content":"            // 使用相对路径 \"./data/dark_knight.txt\"，OS独立","lastModifiedDate":"2026-01-30T12:22:10","isFullCredit":false},{"lineNumber":171,"author":{"gitId":"LexiAKAtiff"},"content":"            Path dirPath \u003d Paths.get(\"data\");","lastModifiedDate":"2026-01-30T12:22:10","isFullCredit":false},{"lineNumber":172,"author":{"gitId":"LexiAKAtiff"},"content":"            Path filePath \u003d Paths.get(\"data\", \"dark_knight.txt\");","lastModifiedDate":"2026-01-30T12:22:10","isFullCredit":false},{"lineNumber":173,"author":{"gitId":"LexiAKAtiff"},"content":"","lastModifiedDate":"2026-01-30T12:22:10","isFullCredit":false},{"lineNumber":174,"author":{"gitId":"LexiAKAtiff"},"content":"            // 如果文件夹不存在，创建它","lastModifiedDate":"2026-01-30T12:22:10","isFullCredit":false},{"lineNumber":175,"author":{"gitId":"LexiAKAtiff"},"content":"            if (!Files.exists(dirPath)) {","lastModifiedDate":"2026-01-30T12:22:10","isFullCredit":false},{"lineNumber":176,"author":{"gitId":"LexiAKAtiff"},"content":"                Files.createDirectories(dirPath);","lastModifiedDate":"2026-01-30T12:22:10","isFullCredit":false},{"lineNumber":177,"author":{"gitId":"LexiAKAtiff"},"content":"            }","lastModifiedDate":"2026-01-30T12:22:10","isFullCredit":false},{"lineNumber":178,"author":{"gitId":"LexiAKAtiff"},"content":"","lastModifiedDate":"2026-01-30T12:22:10","isFullCredit":false},{"lineNumber":179,"author":{"gitId":"LexiAKAtiff"},"content":"            // 写入文件","lastModifiedDate":"2026-01-30T12:22:10","isFullCredit":false},{"lineNumber":180,"author":{"gitId":"LexiAKAtiff"},"content":"            try (BufferedWriter writer \u003d Files.newBufferedWriter(filePath)) {","lastModifiedDate":"2026-01-30T12:22:10","isFullCredit":false},{"lineNumber":181,"author":{"gitId":"LexiAKAtiff"},"content":"                for (Task task : tasks) {","lastModifiedDate":"2026-01-30T12:22:10","isFullCredit":false},{"lineNumber":182,"author":{"gitId":"LexiAKAtiff"},"content":"                    writer.write(task.toString());","lastModifiedDate":"2026-01-30T12:22:10","isFullCredit":false},{"lineNumber":183,"author":{"gitId":"LexiAKAtiff"},"content":"                    writer.newLine();","lastModifiedDate":"2026-01-30T12:22:10","isFullCredit":false},{"lineNumber":184,"author":{"gitId":"LexiAKAtiff"},"content":"                }","lastModifiedDate":"2026-01-30T12:22:10","isFullCredit":false},{"lineNumber":185,"author":{"gitId":"LexiAKAtiff"},"content":"            }","lastModifiedDate":"2026-01-30T12:22:10","isFullCredit":false},{"lineNumber":186,"author":{"gitId":"LexiAKAtiff"},"content":"        } catch (IOException e) {","lastModifiedDate":"2026-01-30T12:22:10","isFullCredit":false},{"lineNumber":187,"author":{"gitId":"LexiAKAtiff"},"content":"            System.out.println(\"Error saving tasks: \" + e.getMessage());","lastModifiedDate":"2026-01-30T12:22:10","isFullCredit":false},{"lineNumber":188,"author":{"gitId":"LexiAKAtiff"},"content":"        }","lastModifiedDate":"2026-01-30T12:22:10","isFullCredit":false},{"lineNumber":189,"author":{"gitId":"LexiAKAtiff"},"content":"    }","lastModifiedDate":"2026-01-21T22:13:24","isFullCredit":false},{"lineNumber":190,"author":{"gitId":"LexiAKAtiff"},"content":"","lastModifiedDate":"2026-01-21T22:13:24","isFullCredit":false},{"lineNumber":191,"author":{"gitId":"LexiAKAtiff"},"content":"    public static void main(String[] args) {","lastModifiedDate":"2026-01-21T22:13:24","isFullCredit":false},{"lineNumber":192,"author":{"gitId":"LexiAKAtiff"},"content":"        //Welcome!","lastModifiedDate":"2026-01-30T11:02:43","isFullCredit":false},{"lineNumber":193,"author":{"gitId":"LexiAKAtiff"},"content":"        printLine();","lastModifiedDate":"2026-01-21T22:13:24","isFullCredit":false},{"lineNumber":194,"author":{"gitId":"LexiAKAtiff"},"content":"        System.out.println(\"Hello! I\u0027m Dark Knight\");","lastModifiedDate":"2026-01-21T22:13:24","isFullCredit":false},{"lineNumber":195,"author":{"gitId":"LexiAKAtiff"},"content":"        System.out.println(\"I\u0027m here to guard you through the dark nights.\");","lastModifiedDate":"2026-01-21T22:13:24","isFullCredit":false},{"lineNumber":196,"author":{"gitId":"LexiAKAtiff"},"content":"        System.out.println(\"What can I do for you?\");","lastModifiedDate":"2026-01-21T22:13:24","isFullCredit":false},{"lineNumber":197,"author":{"gitId":"LexiAKAtiff"},"content":"        printLine();","lastModifiedDate":"2026-01-21T22:13:24","isFullCredit":false},{"lineNumber":198,"author":{"gitId":"LexiAKAtiff"},"content":"","lastModifiedDate":"2026-01-21T22:13:24","isFullCredit":false},{"lineNumber":199,"author":{"gitId":"LexiAKAtiff"},"content":"        String content \u003d scanner.nextLine();","lastModifiedDate":"2026-01-21T22:13:24","isFullCredit":false},{"lineNumber":200,"author":{"gitId":"LexiAKAtiff"},"content":"","lastModifiedDate":"2026-01-21T22:13:24","isFullCredit":false},{"lineNumber":201,"author":{"gitId":"LexiAKAtiff"},"content":"        while (!content.equals(\"bye\") ) {","lastModifiedDate":"2026-01-21T22:13:24","isFullCredit":false},{"lineNumber":202,"author":{"gitId":"LexiAKAtiff"},"content":"            try {","lastModifiedDate":"2026-01-22T15:56:02","isFullCredit":false},{"lineNumber":203,"author":{"gitId":"LexiAKAtiff"},"content":"                readCommand(content);","lastModifiedDate":"2026-01-21T22:13:24","isFullCredit":false},{"lineNumber":204,"author":{"gitId":"LexiAKAtiff"},"content":"            } catch (DarkKnightException e) {","lastModifiedDate":"2026-01-22T15:56:02","isFullCredit":false},{"lineNumber":205,"author":{"gitId":"LexiAKAtiff"},"content":"                printLine();","lastModifiedDate":"2026-01-22T15:56:02","isFullCredit":false},{"lineNumber":206,"author":{"gitId":"LexiAKAtiff"},"content":"                System.out.println(\"Uh oh! \" + e.getMessage());","lastModifiedDate":"2026-01-22T15:56:02","isFullCredit":false},{"lineNumber":207,"author":{"gitId":"LexiAKAtiff"},"content":"                printLine();","lastModifiedDate":"2026-01-22T15:56:02","isFullCredit":false},{"lineNumber":208,"author":{"gitId":"LexiAKAtiff"},"content":"            }","lastModifiedDate":"2026-01-22T15:56:02","isFullCredit":false},{"lineNumber":209,"author":{"gitId":"LexiAKAtiff"},"content":"            content \u003d scanner.nextLine();","lastModifiedDate":"2026-01-20T23:50:53","isFullCredit":false},{"lineNumber":210,"author":{"gitId":"LexiAKAtiff"},"content":"        }","lastModifiedDate":"2026-01-20T19:21:21","isFullCredit":false},{"lineNumber":211,"author":{"gitId":"LexiAKAtiff"},"content":"","lastModifiedDate":"2026-01-20T19:21:21","isFullCredit":false},{"lineNumber":212,"author":{"gitId":"LexiAKAtiff"},"content":"        //Say goodbye!","lastModifiedDate":"2026-01-30T11:02:43","isFullCredit":false},{"lineNumber":213,"author":{"gitId":"LexiAKAtiff"},"content":"        printLine();","lastModifiedDate":"2026-01-22T15:56:02","isFullCredit":false},{"lineNumber":214,"author":{"gitId":"LexiAKAtiff"},"content":"        System.out.println(\"Bye. Hope to see you again soon!\");","lastModifiedDate":"2026-01-20T18:07:49","isFullCredit":false},{"lineNumber":215,"author":{"gitId":"LexiAKAtiff"},"content":"        printLine();","lastModifiedDate":"2026-01-22T15:56:02","isFullCredit":false},{"lineNumber":216,"author":{"gitId":"LexiAKAtiff"},"content":"    }","lastModifiedDate":"2026-01-20T18:07:49","isFullCredit":false},{"lineNumber":217,"author":{"gitId":"LexiAKAtiff"},"content":"}","lastModifiedDate":"2026-01-20T18:07:49","isFullCredit":false}],"authorContributionMap":{"LexiAKAtiff":217}},{"path":"src/main/java/Deadline.java","fileType":"java","lines":[{"lineNumber":1,"author":{"gitId":"LexiAKAtiff"},"content":"import java.lang.reflect.Array;","lastModifiedDate":"2026-01-21T22:13:24","isFullCredit":false},{"lineNumber":2,"author":{"gitId":"LexiAKAtiff"},"content":"import java.util.ArrayList;","lastModifiedDate":"2026-01-21T22:13:24","isFullCredit":false},{"lineNumber":3,"author":{"gitId":"LexiAKAtiff"},"content":"","lastModifiedDate":"2026-01-21T22:13:24","isFullCredit":false},{"lineNumber":4,"author":{"gitId":"LexiAKAtiff"},"content":"public class Deadline extends Task{","lastModifiedDate":"2026-01-21T22:13:24","isFullCredit":false},{"lineNumber":5,"author":{"gitId":"LexiAKAtiff"},"content":"    String deadLine;","lastModifiedDate":"2026-01-21T22:13:24","isFullCredit":false},{"lineNumber":6,"author":{"gitId":"LexiAKAtiff"},"content":"","lastModifiedDate":"2026-01-21T22:13:24","isFullCredit":false},{"lineNumber":7,"author":{"gitId":"LexiAKAtiff"},"content":"    public Deadline(String description, String deadLine) {","lastModifiedDate":"2026-01-21T22:13:24","isFullCredit":false},{"lineNumber":8,"author":{"gitId":"LexiAKAtiff"},"content":"        super(description);","lastModifiedDate":"2026-01-21T22:13:24","isFullCredit":false},{"lineNumber":9,"author":{"gitId":"LexiAKAtiff"},"content":"        this.deadLine \u003d deadLine;","lastModifiedDate":"2026-01-21T22:13:24","isFullCredit":false},{"lineNumber":10,"author":{"gitId":"LexiAKAtiff"},"content":"    }","lastModifiedDate":"2026-01-21T22:13:24","isFullCredit":false},{"lineNumber":11,"author":{"gitId":"LexiAKAtiff"},"content":"","lastModifiedDate":"2026-01-21T22:13:24","isFullCredit":false},{"lineNumber":12,"author":{"gitId":"LexiAKAtiff"},"content":"    public String getTime() {","lastModifiedDate":"2026-01-21T22:13:24","isFullCredit":false},{"lineNumber":13,"author":{"gitId":"LexiAKAtiff"},"content":"        return deadLine;","lastModifiedDate":"2026-01-21T22:13:24","isFullCredit":false},{"lineNumber":14,"author":{"gitId":"LexiAKAtiff"},"content":"    }","lastModifiedDate":"2026-01-21T22:13:24","isFullCredit":false},{"lineNumber":15,"author":{"gitId":"LexiAKAtiff"},"content":"","lastModifiedDate":"2026-01-21T22:13:24","isFullCredit":false},{"lineNumber":16,"author":{"gitId":"LexiAKAtiff"},"content":"    @Override","lastModifiedDate":"2026-01-21T22:13:24","isFullCredit":false},{"lineNumber":17,"author":{"gitId":"LexiAKAtiff"},"content":"    public String toString() {","lastModifiedDate":"2026-01-21T22:13:24","isFullCredit":false},{"lineNumber":18,"author":{"gitId":"LexiAKAtiff"},"content":"        return (\"[D]\" + super.toString() + \" (by: \" + deadLine + \")\");","lastModifiedDate":"2026-01-21T22:13:24","isFullCredit":false},{"lineNumber":19,"author":{"gitId":"LexiAKAtiff"},"content":"    }","lastModifiedDate":"2026-01-21T22:13:24","isFullCredit":false},{"lineNumber":20,"author":{"gitId":"LexiAKAtiff"},"content":"","lastModifiedDate":"2026-01-21T22:13:24","isFullCredit":false},{"lineNumber":21,"author":{"gitId":"LexiAKAtiff"},"content":"}","lastModifiedDate":"2026-01-21T22:13:24","isFullCredit":false}],"authorContributionMap":{"LexiAKAtiff":21}},{"path":"src/main/java/Event.java","fileType":"java","lines":[{"lineNumber":1,"author":{"gitId":"LexiAKAtiff"},"content":"public class Event extends Task{","lastModifiedDate":"2026-01-21T22:13:24","isFullCredit":false},{"lineNumber":2,"author":{"gitId":"LexiAKAtiff"},"content":"    String from;","lastModifiedDate":"2026-01-21T22:13:24","isFullCredit":false},{"lineNumber":3,"author":{"gitId":"LexiAKAtiff"},"content":"    String to;","lastModifiedDate":"2026-01-21T22:13:24","isFullCredit":false},{"lineNumber":4,"author":{"gitId":"LexiAKAtiff"},"content":"","lastModifiedDate":"2026-01-21T22:13:24","isFullCredit":false},{"lineNumber":5,"author":{"gitId":"LexiAKAtiff"},"content":"    public Event(String description, String from, String to) {","lastModifiedDate":"2026-01-21T22:13:24","isFullCredit":false},{"lineNumber":6,"author":{"gitId":"LexiAKAtiff"},"content":"        super(description);","lastModifiedDate":"2026-01-21T22:13:24","isFullCredit":false},{"lineNumber":7,"author":{"gitId":"LexiAKAtiff"},"content":"        this.from \u003d from;","lastModifiedDate":"2026-01-21T22:13:24","isFullCredit":false},{"lineNumber":8,"author":{"gitId":"LexiAKAtiff"},"content":"        this.to \u003d to;","lastModifiedDate":"2026-01-21T22:13:24","isFullCredit":false},{"lineNumber":9,"author":{"gitId":"LexiAKAtiff"},"content":"    }","lastModifiedDate":"2026-01-21T22:13:24","isFullCredit":false},{"lineNumber":10,"author":{"gitId":"LexiAKAtiff"},"content":"","lastModifiedDate":"2026-01-21T22:13:24","isFullCredit":false},{"lineNumber":11,"author":{"gitId":"LexiAKAtiff"},"content":"    @Override","lastModifiedDate":"2026-01-21T22:13:24","isFullCredit":false},{"lineNumber":12,"author":{"gitId":"LexiAKAtiff"},"content":"    public String toString() {","lastModifiedDate":"2026-01-21T22:13:24","isFullCredit":false},{"lineNumber":13,"author":{"gitId":"LexiAKAtiff"},"content":"        return (\"[E]\" + super.toString() + \" (from: \" + from + \" to: \" + to + \")\");","lastModifiedDate":"2026-01-21T22:13:24","isFullCredit":false},{"lineNumber":14,"author":{"gitId":"LexiAKAtiff"},"content":"    }","lastModifiedDate":"2026-01-21T22:13:24","isFullCredit":false},{"lineNumber":15,"author":{"gitId":"LexiAKAtiff"},"content":"","lastModifiedDate":"2026-01-21T22:13:24","isFullCredit":false},{"lineNumber":16,"author":{"gitId":"LexiAKAtiff"},"content":"}","lastModifiedDate":"2026-01-21T22:13:24","isFullCredit":false}],"authorContributionMap":{"LexiAKAtiff":16}},{"path":"src/main/java/Task.java","fileType":"java","lines":[{"lineNumber":1,"author":{"gitId":"LexiAKAtiff"},"content":"//this Task code is partly from iP document about extension: A-Classes","lastModifiedDate":"2026-01-20T23:50:53","isFullCredit":false},{"lineNumber":2,"author":{"gitId":"LexiAKAtiff"},"content":"public class Task {","lastModifiedDate":"2026-01-20T23:50:53","isFullCredit":false},{"lineNumber":3,"author":{"gitId":"LexiAKAtiff"},"content":"    boolean status;","lastModifiedDate":"2026-01-20T23:50:53","isFullCredit":false},{"lineNumber":4,"author":{"gitId":"LexiAKAtiff"},"content":"    String name;","lastModifiedDate":"2026-01-20T23:50:53","isFullCredit":false},{"lineNumber":5,"author":{"gitId":"LexiAKAtiff"},"content":"","lastModifiedDate":"2026-01-20T23:50:53","isFullCredit":false},{"lineNumber":6,"author":{"gitId":"LexiAKAtiff"},"content":"    public Task(String description) {","lastModifiedDate":"2026-01-20T23:50:53","isFullCredit":false},{"lineNumber":7,"author":{"gitId":"LexiAKAtiff"},"content":"        this.name \u003d description;","lastModifiedDate":"2026-01-20T23:50:53","isFullCredit":false},{"lineNumber":8,"author":{"gitId":"LexiAKAtiff"},"content":"        this.status \u003d false;","lastModifiedDate":"2026-01-20T23:50:53","isFullCredit":false},{"lineNumber":9,"author":{"gitId":"LexiAKAtiff"},"content":"    }","lastModifiedDate":"2026-01-20T23:50:53","isFullCredit":false},{"lineNumber":10,"author":{"gitId":"LexiAKAtiff"},"content":"","lastModifiedDate":"2026-01-20T23:50:53","isFullCredit":false},{"lineNumber":11,"author":{"gitId":"LexiAKAtiff"},"content":"    public void mark() {","lastModifiedDate":"2026-01-20T23:50:53","isFullCredit":false},{"lineNumber":12,"author":{"gitId":"LexiAKAtiff"},"content":"        status \u003d true;","lastModifiedDate":"2026-01-20T23:50:53","isFullCredit":false},{"lineNumber":13,"author":{"gitId":"LexiAKAtiff"},"content":"    }","lastModifiedDate":"2026-01-20T23:50:53","isFullCredit":false},{"lineNumber":14,"author":{"gitId":"LexiAKAtiff"},"content":"    public void unmark() {","lastModifiedDate":"2026-01-20T23:50:53","isFullCredit":false},{"lineNumber":15,"author":{"gitId":"LexiAKAtiff"},"content":"        status \u003d false;","lastModifiedDate":"2026-01-20T23:50:53","isFullCredit":false},{"lineNumber":16,"author":{"gitId":"LexiAKAtiff"},"content":"    }","lastModifiedDate":"2026-01-20T23:50:53","isFullCredit":false},{"lineNumber":17,"author":{"gitId":"LexiAKAtiff"},"content":"","lastModifiedDate":"2026-01-20T23:50:53","isFullCredit":false},{"lineNumber":18,"author":{"gitId":"LexiAKAtiff"},"content":"    public String getIcon() {","lastModifiedDate":"2026-01-20T23:50:53","isFullCredit":false},{"lineNumber":19,"author":{"gitId":"LexiAKAtiff"},"content":"        return (status ? \"X\" : \" \");","lastModifiedDate":"2026-01-20T23:50:53","isFullCredit":false},{"lineNumber":20,"author":{"gitId":"LexiAKAtiff"},"content":"    }","lastModifiedDate":"2026-01-20T23:50:53","isFullCredit":false},{"lineNumber":21,"author":{"gitId":"LexiAKAtiff"},"content":"","lastModifiedDate":"2026-01-20T23:50:53","isFullCredit":false},{"lineNumber":22,"author":{"gitId":"LexiAKAtiff"},"content":"    public String getName() {","lastModifiedDate":"2026-01-20T23:50:53","isFullCredit":false},{"lineNumber":23,"author":{"gitId":"LexiAKAtiff"},"content":"        return name;","lastModifiedDate":"2026-01-20T23:50:53","isFullCredit":false},{"lineNumber":24,"author":{"gitId":"LexiAKAtiff"},"content":"    }","lastModifiedDate":"2026-01-20T23:50:53","isFullCredit":false},{"lineNumber":25,"author":{"gitId":"LexiAKAtiff"},"content":"","lastModifiedDate":"2026-01-21T22:13:24","isFullCredit":false},{"lineNumber":26,"author":{"gitId":"LexiAKAtiff"},"content":"    @Override","lastModifiedDate":"2026-01-21T22:13:24","isFullCredit":false},{"lineNumber":27,"author":{"gitId":"LexiAKAtiff"},"content":"    public String toString() {","lastModifiedDate":"2026-01-21T22:13:24","isFullCredit":false},{"lineNumber":28,"author":{"gitId":"LexiAKAtiff"},"content":"        return (\"[\" + getIcon() + \"] \" + name);","lastModifiedDate":"2026-01-21T22:13:24","isFullCredit":false},{"lineNumber":29,"author":{"gitId":"LexiAKAtiff"},"content":"    }","lastModifiedDate":"2026-01-21T22:13:24","isFullCredit":false},{"lineNumber":30,"author":{"gitId":"LexiAKAtiff"},"content":"}","lastModifiedDate":"2026-01-20T23:50:53","isFullCredit":false}],"authorContributionMap":{"LexiAKAtiff":30}},{"path":"src/main/java/Todo.java","fileType":"java","lines":[{"lineNumber":1,"author":{"gitId":"LexiAKAtiff"},"content":"public class Todo extends Task {","lastModifiedDate":"2026-01-21T22:13:24","isFullCredit":false},{"lineNumber":2,"author":{"gitId":"LexiAKAtiff"},"content":"    public Todo(String description) {","lastModifiedDate":"2026-01-21T22:13:24","isFullCredit":false},{"lineNumber":3,"author":{"gitId":"LexiAKAtiff"},"content":"        super(description);","lastModifiedDate":"2026-01-21T22:13:24","isFullCredit":false},{"lineNumber":4,"author":{"gitId":"LexiAKAtiff"},"content":"    }","lastModifiedDate":"2026-01-21T22:13:24","isFullCredit":false},{"lineNumber":5,"author":{"gitId":"LexiAKAtiff"},"content":"","lastModifiedDate":"2026-01-21T22:13:24","isFullCredit":false},{"lineNumber":6,"author":{"gitId":"LexiAKAtiff"},"content":"    @Override","lastModifiedDate":"2026-01-21T22:13:24","isFullCredit":false},{"lineNumber":7,"author":{"gitId":"LexiAKAtiff"},"content":"    public String toString() {","lastModifiedDate":"2026-01-21T22:13:24","isFullCredit":false},{"lineNumber":8,"author":{"gitId":"LexiAKAtiff"},"content":"        return (\"[T]\" + super.toString());","lastModifiedDate":"2026-01-21T22:13:24","isFullCredit":false},{"lineNumber":9,"author":{"gitId":"LexiAKAtiff"},"content":"    }","lastModifiedDate":"2026-01-21T22:13:24","isFullCredit":false},{"lineNumber":10,"author":{"gitId":"LexiAKAtiff"},"content":"}","lastModifiedDate":"2026-01-21T22:13:24","isFullCredit":false}],"authorContributionMap":{"LexiAKAtiff":10}},{"path":"text-ui-test/input.txt","fileType":"txt","lines":[{"lineNumber":1,"author":{"gitId":"LexiAKAtiff"},"content":"deadline essay /by friday","lastModifiedDate":"2026-01-21T22:39:46","isFullCredit":false},{"lineNumber":2,"author":{"gitId":"LexiAKAtiff"},"content":"todo read book","lastModifiedDate":"2026-01-21T22:39:46","isFullCredit":false},{"lineNumber":3,"author":{"gitId":"LexiAKAtiff"},"content":"list","lastModifiedDate":"2026-01-21T22:39:46","isFullCredit":false},{"lineNumber":4,"author":{"gitId":"LexiAKAtiff"},"content":"mark 2","lastModifiedDate":"2026-01-21T22:39:46","isFullCredit":false},{"lineNumber":5,"author":{"gitId":"LexiAKAtiff"},"content":"event meeting /from Mon 2pm /to 4pm","lastModifiedDate":"2026-01-21T22:39:46","isFullCredit":false},{"lineNumber":6,"author":{"gitId":"LexiAKAtiff"},"content":"bye","lastModifiedDate":"2026-01-21T22:39:46","isFullCredit":false}],"authorContributionMap":{"LexiAKAtiff":6}},{"path":"text-ui-test/runtest.bat","fileType":"bat","lines":[{"lineNumber":1,"author":{"gitId":"-"},"content":"@ECHO OFF","lastModifiedDate":"2020-05-25T00:03:55","isFullCredit":false},{"lineNumber":2,"author":{"gitId":"-"},"content":"","lastModifiedDate":"2020-05-25T00:03:55","isFullCredit":false},{"lineNumber":3,"author":{"gitId":"-"},"content":"REM create bin directory if it doesn\u0027t exist","lastModifiedDate":"2020-05-25T00:03:55","isFullCredit":false},{"lineNumber":4,"author":{"gitId":"-"},"content":"if not exist ..\\bin mkdir ..\\bin","lastModifiedDate":"2020-05-25T00:03:55","isFullCredit":false},{"lineNumber":5,"author":{"gitId":"-"},"content":"","lastModifiedDate":"2020-05-25T00:03:55","isFullCredit":false},{"lineNumber":6,"author":{"gitId":"-"},"content":"REM delete output from previous run","lastModifiedDate":"2020-05-25T00:03:55","isFullCredit":false},{"lineNumber":7,"author":{"gitId":"-"},"content":"if exist ACTUAL.TXT del ACTUAL.TXT","lastModifiedDate":"2020-08-25T17:23:26","isFullCredit":false},{"lineNumber":8,"author":{"gitId":"-"},"content":"","lastModifiedDate":"2020-05-25T00:03:55","isFullCredit":false},{"lineNumber":9,"author":{"gitId":"-"},"content":"REM compile the code into the bin folder","lastModifiedDate":"2020-05-25T00:03:55","isFullCredit":false},{"lineNumber":10,"author":{"gitId":"-"},"content":"javac  -cp ..\\src\\main\\java -Xlint:none -d ..\\bin ..\\src\\main\\java\\*.java","lastModifiedDate":"2020-08-25T17:23:26","isFullCredit":false},{"lineNumber":11,"author":{"gitId":"-"},"content":"IF ERRORLEVEL 1 (","lastModifiedDate":"2020-05-25T00:03:55","isFullCredit":false},{"lineNumber":12,"author":{"gitId":"-"},"content":"    echo ********** BUILD FAILURE **********","lastModifiedDate":"2020-05-25T00:03:55","isFullCredit":false},{"lineNumber":13,"author":{"gitId":"-"},"content":"    exit /b 1","lastModifiedDate":"2020-05-25T00:03:55","isFullCredit":false},{"lineNumber":14,"author":{"gitId":"-"},"content":")","lastModifiedDate":"2020-05-25T00:03:55","isFullCredit":false},{"lineNumber":15,"author":{"gitId":"-"},"content":"REM no error here, errorlevel \u003d\u003d 0","lastModifiedDate":"2020-05-25T00:03:55","isFullCredit":false},{"lineNumber":16,"author":{"gitId":"-"},"content":"","lastModifiedDate":"2020-05-25T00:03:55","isFullCredit":false},{"lineNumber":17,"author":{"gitId":"-"},"content":"REM run the program, feed commands from input.txt file and redirect the output to the ACTUAL.TXT","lastModifiedDate":"2020-05-25T00:03:55","isFullCredit":false},{"lineNumber":18,"author":{"gitId":"LexiAKAtiff"},"content":"java -classpath ..\\bin Dark_Knight \u003c input.txt \u003e ACTUAL.TXT","lastModifiedDate":"2026-01-20T18:07:49","isFullCredit":false},{"lineNumber":19,"author":{"gitId":"-"},"content":"","lastModifiedDate":"2020-05-25T00:03:55","isFullCredit":false},{"lineNumber":20,"author":{"gitId":"-"},"content":"REM compare the output to the expected output","lastModifiedDate":"2020-05-25T00:03:55","isFullCredit":false},{"lineNumber":21,"author":{"gitId":"-"},"content":"FC ACTUAL.TXT EXPECTED.TXT","lastModifiedDate":"2020-05-25T00:03:55","isFullCredit":false}],"authorContributionMap":{"LexiAKAtiff":1,"-":20}}]
