{"authorDailyContributionsMap":{"LexiAKAtiff":[{"date":"2026-01-20T00:00:00","commitResults":[{"hash":"a67d56a2cfc91d99ffacb4a8d7fd2a12932dd42d","isMergeCommit":false,"messageTitle":"Level 0","messageBody":"","tags":["Level-0"],"fileTypesAndContributionMap":{"java":{"insertions":10,"deletions":10},"bat":{"insertions":1,"deletions":1},"md":{"insertions":3,"deletions":3}}},{"hash":"4ba5cc6044f096de432405a748ec1e751c61d7ec","isMergeCommit":false,"messageTitle":"Level 1 echoing","messageBody":"","tags":["Level-1"],"fileTypesAndContributionMap":{"java":{"insertions":15,"deletions":0}}},{"hash":"c6ec072a92dbe7aae8bd33902cd52e972581d5fb","isMergeCommit":false,"messageTitle":"Level 2 add and list","messageBody":"","tags":["Level-2"],"fileTypesAndContributionMap":{"java":{"insertions":20,"deletions":1}}},{"hash":"df3079dfb4e7399494de1c00fceb47f41cbc129d","isMergeCommit":false,"messageTitle":"Mark as done","messageBody":"","tags":["Level-3"],"fileTypesAndContributionMap":{"java":{"insertions":67,"deletions":11}}}]},{"date":"2026-01-21T00:00:00","commitResults":[{"hash":"3e90b226f628cf6e58c0da4e9987a91135469515","isMergeCommit":false,"messageTitle":"todos, events, deadlines","messageBody":"","tags":["Level-4"],"fileTypesAndContributionMap":{"java":{"insertions":143,"deletions":48}}},{"hash":"0dd75c3fb8347b0d6f615416f73f346f2eddad17","isMergeCommit":false,"messageTitle":"Automated Text UI Testing","messageBody":"","tags":["A-TextUiTesting"],"fileTypesAndContributionMap":{"txt":{"insertions":6,"deletions":0},"java":{"insertions":0,"deletions":1}}}]},{"date":"2026-01-22T00:00:00","commitResults":[{"hash":"21459c9f41e9b95fbd0db4494539f1f6b8532b9d","isMergeCommit":false,"messageTitle":"handle errors","messageBody":"","tags":["Level-5"],"fileTypesAndContributionMap":{"java":{"insertions":78,"deletions":27}}},{"hash":"2d245ed65dae7057a7306f4a0720e68168508210","isMergeCommit":false,"messageTitle":"delete","messageBody":"","tags":["Level-6"],"fileTypesAndContributionMap":{"java":{"insertions":28,"deletions":5}}}]},{"date":"2026-01-30T00:00:00","commitResults":[{"hash":"1c6e0438164df28ce965e394d71530fc5d0b5d96","isMergeCommit":false,"messageTitle":"Make minor changes","messageBody":"","fileTypesAndContributionMap":{"java":{"insertions":2,"deletions":2}}},{"hash":"4c402e3cf52dc48af59a7edff9bedb5bc5825140","isMergeCommit":false,"messageTitle":"Remove a redundant variable: taskName","messageBody":"","fileTypesAndContributionMap":{"java":{"insertions":0,"deletions":1}}},{"hash":"6fa4a9b02bf0c0d875f415a2be9028e637474212","isMergeCommit":false,"messageTitle":"Implement save feature","messageBody":"","fileTypesAndContributionMap":{"txt":{"insertions":3,"deletions":0},"java":{"insertions":32,"deletions":0}}},{"hash":"0f00e35520daee8c7f9242d6ef705934af891142","isMergeCommit":true,"messageTitle":"Merge branch \u0027branch-Level-7\u0027 Merge the save feature from new branch","messageBody":"","tags":["Level-7"],"fileTypesAndContributionMap":{}},{"hash":"9165905434640d2853fd4b12212ec06e0a03b8ab","isMergeCommit":false,"messageTitle":"Teach to understand dates","messageBody":"","fileTypesAndContributionMap":{"txt":{"insertions":1,"deletions":3},"java":{"insertions":52,"deletions":14}}},{"hash":"ea34c053403fa9f1caf70530729836f398327aa6","isMergeCommit":true,"messageTitle":"Merge branch \u0027branch-Level-8\u0027 Add the feature to understand dates","messageBody":"","tags":["Level-8"],"fileTypesAndContributionMap":{}},{"hash":"3258cbc7f8e49caf90e9c9b68aecb5ccf700937e","isMergeCommit":false,"messageTitle":"Add into package","messageBody":"","fileTypesAndContributionMap":{"java":{"insertions":20,"deletions":9},"bat":{"insertions":1,"deletions":1},"md":{"insertions":3,"deletions":3}}},{"hash":"a51f9b463dff8a899e826e16035c0b1c180023f8","isMergeCommit":false,"messageTitle":"Reconstruct: more OOP","messageBody":"","tags":["A-Packages","A-MoreOOP"],"fileTypesAndContributionMap":{"txt":{"insertions":6,"deletions":1},"java":{"insertions":548,"deletions":202}}},{"hash":"bae5534661db3798b48703b10023575f5ac05dd6","isMergeCommit":true,"messageTitle":"Merge branch \u0027add-gradle-support\u0027 Support the Gradle","messageBody":"","tags":["A-Gradle"],"fileTypesAndContributionMap":{}}]},{"date":"2026-01-31T00:00:00","commitResults":[{"hash":"6eda76750b02283a552c73dce03fede910802d27","isMergeCommit":false,"messageTitle":"Add JUnit test classes","messageBody":"","tags":["A-JUnit"],"fileTypesAndContributionMap":{"java":{"insertions":94,"deletions":6}}},{"hash":"1849ee59f95ad0224bfcbb22ce1310248313fb41","isMergeCommit":false,"messageTitle":"Add header comments to classes/methods","messageBody":"","fileTypesAndContributionMap":{"java":{"insertions":56,"deletions":3}}},{"hash":"56f94eacadff522f0554fb4a59a7d3eecbfe9da5","isMergeCommit":false,"messageTitle":"Follow the coding standard","messageBody":"","fileTypesAndContributionMap":{"java":{"insertions":2,"deletions":1}}},{"hash":"27233f041326207de337f1c0088bcec6aaf71dbd","isMergeCommit":true,"messageTitle":"Merge branch \u0027branch-A-CodingStandard\u0027","messageBody":"","fileTypesAndContributionMap":{}},{"hash":"6875f20390bd444f3ba636cfc5c22cbd725765ea","isMergeCommit":false,"messageTitle":"Support command find","messageBody":"","fileTypesAndContributionMap":{"java":{"insertions":42,"deletions":1}}},{"hash":"1d530466ab795cd83fea60775913062133db0c5c","isMergeCommit":true,"messageTitle":"Merge branch \u0027branch-Level-9\u0027","messageBody":"","tags":["Level-9"],"fileTypesAndContributionMap":{}}]},{"date":"2026-02-06T00:00:00","commitResults":[{"hash":"806f1c0af0ab398fdfef6b15f79ae4a69fe20fc5","isMergeCommit":false,"messageTitle":"Rename DarkKnight class","messageBody":"","fileTypesAndContributionMap":{"txt":{"insertions":1,"deletions":2},"java":{"insertions":3,"deletions":3},"bat":{"insertions":1,"deletions":1},"md":{"insertions":3,"deletions":3}}}]}]},"authorFileTypeContributionMap":{"LexiAKAtiff":{"java":877,"md":3,"fxml":0,"sh":0,"bat":1,"gradle":0,"txt":11}},"authorContributionVariance":{"LexiAKAtiff":29283.596},"authorDisplayNameMap":{"LexiAKAtiff":"CS2103T-T16-3 LIU ..LEXI"}}
