{"authorDailyContributionsMap":{"Optimumspace5":[{"date":"2026-01-22T00:00:00","commitResults":[{"hash":"a4b63232ad650cc8af7d3c83bd2aaba286e3024b","isMergeCommit":false,"messageTitle":"Rename main class to Ace","messageBody":"","fileTypesAndContributionMap":{"java":{"insertions":1,"deletions":1},"bat":{"insertions":1,"deletions":1},"md":{"insertions":3,"deletions":3}}},{"hash":"7099c197a254ea349dfcb269c40785eb421678a0","isMergeCommit":false,"messageTitle":"Level-0: rename, greet, exit","messageBody":"","tags":["Level-0"],"fileTypesAndContributionMap":{"java":{"insertions":3,"deletions":0}}},{"hash":"c63bdb7585111ac36a35d5af4322fe77bde34399","isMergeCommit":false,"messageTitle":"Level-1: echo","messageBody":"","tags":["Level-1"],"fileTypesAndContributionMap":{"java":{"insertions":14,"deletions":2}}},{"hash":"63d4992be094da856502f5d71c08c9be2c5a0349","isMergeCommit":false,"messageTitle":"Level-2: add and list tasks","messageBody":"","tags":["Level-2"],"fileTypesAndContributionMap":{"java":{"insertions":11,"deletions":2}}},{"hash":"023ef9b2209b35b6d58282ae72f8e9d20a1e82f8","isMergeCommit":false,"messageTitle":"Level-3: mark tasks as done (A-Classes)","messageBody":"","tags":["Level-3"],"fileTypesAndContributionMap":{"java":{"insertions":68,"deletions":3}}},{"hash":"8ee50948ae2c83ac0c9a9121816499b50e0aca18","isMergeCommit":false,"messageTitle":"Level-4: todos, deadlines, events (inheritance)","messageBody":"","tags":["Level-4"],"fileTypesAndContributionMap":{"java":{"insertions":103,"deletions":8}}},{"hash":"de06f476298a02569e574a7f1e6b200211a53e46","isMergeCommit":false,"messageTitle":"Add automated text UI tests","messageBody":"","tags":["A-TextUiTesting"],"fileTypesAndContributionMap":{"txt":{"insertions":5,"deletions":0}}},{"hash":"5b0f8752e4f9fafa1905d8b1c6202a66a84c5b78","isMergeCommit":false,"messageTitle":"Level-5: handle errors using exceptions","messageBody":"","tags":["Level-5"],"fileTypesAndContributionMap":{"java":{"insertions":4,"deletions":0}}},{"hash":"aecba02e4bdd151564958e96cfb5a27e03ed93cf","isMergeCommit":false,"messageTitle":"Level-6: add delete command using ArrayList","messageBody":"","tags":["Level-6"],"fileTypesAndContributionMap":{"txt":{"insertions":4,"deletions":0}}},{"hash":"eb4094a76b591a60cb3f1702b1bc4805d926bc68","isMergeCommit":false,"messageTitle":"Refactor Ace to use exceptions and ArrayList","messageBody":"","fileTypesAndContributionMap":{"java":{"insertions":114,"deletions":84}}}]},{"date":"2026-01-29T00:00:00","commitResults":[{"hash":"09817524b06f6c11a6280d6f57492a0fe59917bd","isMergeCommit":false,"messageTitle":"Level-7: save and load tasks from file","messageBody":"","fileTypesAndContributionMap":{"txt":{"insertions":3,"deletions":0},"java":{"insertions":105,"deletions":0}}},{"hash":"0359afef12e6e77aefd39d52afef7ce1fdd7e479","isMergeCommit":true,"messageTitle":"Merge branch \u0027branch-Level-7\u0027","messageBody":"","tags":["Level-7"],"fileTypesAndContributionMap":{}}]},{"date":"2026-01-30T00:00:00","commitResults":[{"hash":"c91d57d8b307a2d4a5c61b55086ffbb8cf6828d0","isMergeCommit":false,"messageTitle":"Level 8: parse and format deadline dates","messageBody":"","fileTypesAndContributionMap":{"txt":{"insertions":2,"deletions":1},"java":{"insertions":27,"deletions":7}}},{"hash":"055177ea29ccad437519ceeed8c2c9b1636b5f79","isMergeCommit":true,"messageTitle":"Merge branch \u0027branch-Level-8\u0027","messageBody":"","tags":["Level-8"],"fileTypesAndContributionMap":{}}]}]},"authorFileTypeContributionMap":{"Optimumspace5":{"java":350,"md":3,"fxml":0,"sh":0,"bat":1,"gradle":0,"txt":13}},"authorContributionVariance":{"Optimumspace5":8498.505},"authorDisplayNameMap":{"Optimumspace5":"CS2103T-T15-2 CLAR.. JIE"}}
