{"authorDailyContributionsMap":{"Optimumspace5":[{"date":"2026-01-22T00:00:00","commitResults":[{"hash":"a4b63232ad650cc8af7d3c83bd2aaba286e3024b","isMergeCommit":false,"messageTitle":"Rename main class to Ace","messageBody":"","fileTypesAndContributionMap":{"java":{"insertions":1,"deletions":1},"bat":{"insertions":1,"deletions":1},"md":{"insertions":3,"deletions":3}}},{"hash":"7099c197a254ea349dfcb269c40785eb421678a0","isMergeCommit":false,"messageTitle":"Level-0: rename, greet, exit","messageBody":"","tags":["Level-0"],"fileTypesAndContributionMap":{"java":{"insertions":3,"deletions":0}}},{"hash":"c63bdb7585111ac36a35d5af4322fe77bde34399","isMergeCommit":false,"messageTitle":"Level-1: echo","messageBody":"","tags":["Level-1"],"fileTypesAndContributionMap":{"java":{"insertions":14,"deletions":2}}}]}]},"authorFileTypeContributionMap":{"Optimumspace5":{"java":17,"md":3,"fxml":0,"sh":0,"bat":1,"gradle":0,"txt":0}},"authorContributionVariance":{"Optimumspace5":55.780613},"authorDisplayNameMap":{"Optimumspace5":"CLAR.. JIE"}}
