{"authorDailyContributionsMap":{"basilkuok":[{"date":"2026-01-22T00:00:00","commitResults":[{"hash":"e2ffbffb59c9f09392c51d9eca270d2c8adbb221","isMergeCommit":false,"messageTitle":"Implement Level 0","messageBody":"Rename chatbot to Jarvis with simple greeting and exit.\n","tags":["Level-0"],"fileTypesAndContributionMap":{"java":{"insertions":11,"deletions":10},"bat":{"insertions":1,"deletions":1},"sh":{"insertions":1,"deletions":1},"md":{"insertions":11,"deletions":11}}},{"hash":"9b09a00b059bce90df7930cd0b84adbaebce9aee","isMergeCommit":false,"messageTitle":"Implement Level 1","messageBody":"A personalized Jarvis that echo what user type.\n","tags":["Level-1"],"fileTypesAndContributionMap":{"txt":{"insertions":3,"deletions":0},"java":{"insertions":22,"deletions":2}}},{"hash":"d4e0af8aa323923e6cc65649d9bb6654fc589e62","isMergeCommit":false,"messageTitle":"Implement Level-2","messageBody":"Added the ability to store whatever text entered by the user and display them back to the user when requested.\n","tags":["Level-2"],"fileTypesAndContributionMap":{"txt":{"insertions":2,"deletions":1},"java":{"insertions":38,"deletions":14},"md":{"insertions":52,"deletions":13}}},{"hash":"8366db244efaf506ee8fb27bea3b3fe2a9b52d30","isMergeCommit":false,"messageTitle":"Implement Level 3","messageBody":"Add the ability to mark tasks as done or not done reversibly.\n","tags":["Level-3"],"fileTypesAndContributionMap":{"txt":{"insertions":3,"deletions":0},"java":{"insertions":102,"deletions":8},"md":{"insertions":45,"deletions":9}}},{"hash":"6cced5280d0dab66e85f87a53b407fa6a10daa76","isMergeCommit":false,"messageTitle":"Implement Level-4","messageBody":"Add support for tracking three types of tassks: ToDos, Deadlines, Events.\n","tags":["Level-4"],"fileTypesAndContributionMap":{"txt":{"insertions":10,"deletions":4},"java":{"insertions":188,"deletions":28},"md":{"insertions":57,"deletions":18}}}]},{"date":"2026-01-23T00:00:00","commitResults":[{"hash":"0a0f8a4bca291ed11168cec68016c35ab37d48f9","isMergeCommit":false,"messageTitle":"Implement A-TextUiTesting","messageBody":"Use the input/output redirection technique to semi-automate the testing of Jarvis chatbot.\n","tags":["A-TextUiTesting"],"fileTypesAndContributionMap":{"sh":{"insertions":7,"deletions":2}}},{"hash":"36ade0ce5772270080b51383c4834abb0f6558bc","isMergeCommit":false,"messageTitle":"Implement Level-5","messageBody":"Implemented error handling in Jarvis to deal with errors such as incorrect inputs entered by the user\n","tags":["Level-5"],"fileTypesAndContributionMap":{"txt":{"insertions":4,"deletions":0},"java":{"insertions":111,"deletions":59},"md":{"insertions":42,"deletions":10}}},{"hash":"4f80c71796892736d68b575d945e01865a2474f6","isMergeCommit":false,"messageTitle":"Implement Level-6","messageBody":"Added support for Jarvis to delete tasks from the list.\n","tags":["Level-6"],"fileTypesAndContributionMap":{"txt":{"insertions":4,"deletions":0},"java":{"insertions":43,"deletions":26},"md":{"insertions":30,"deletions":16}}},{"hash":"e97c6fa20e72912ca8d11acbb92b51a6a1344127","isMergeCommit":false,"messageTitle":"Implemented A-Enums","messageBody":"Used Java enu whenever applicable.\n","tags":["A-Enums"],"fileTypesAndContributionMap":{"java":{"insertions":50,"deletions":16}}}]},{"date":"2026-01-29T00:00:00","commitResults":[{"hash":"5d69593a547ecc3c1da9b0c11036ffcb66ba2610","isMergeCommit":false,"messageTitle":"Add task save/load to disk","messageBody":"","fileTypesAndContributionMap":{"java":{"insertions":305,"deletions":8},"bat":{"insertions":3,"deletions":0},"sh":{"insertions":6,"deletions":0},"md":{"insertions":21,"deletions":2}}},{"hash":"67d95fc2b1ee8ad7bcf41251cf4b669093d2a88e","isMergeCommit":true,"messageTitle":"Merge branch-Level-7","messageBody":"","tags":["Level-7"],"fileTypesAndContributionMap":{}},{"hash":"063522844d85cbf8543bf4d5e982d1b97c098b44","isMergeCommit":false,"messageTitle":"Add date/time support for tasks","messageBody":"","fileTypesAndContributionMap":{"txt":{"insertions":4,"deletions":4},"java":{"insertions":242,"deletions":44},"md":{"insertions":4,"deletions":4}}},{"hash":"bde87119279eba66f2a24565a8f3ea1d9ae93eb7","isMergeCommit":true,"messageTitle":"Merge branch-Level-8","messageBody":"","tags":["Level-8"],"fileTypesAndContributionMap":{}}]},{"date":"2026-01-30T00:00:00","commitResults":[{"hash":"a8f1a9e422ce4df48ac1c076415e830430ca96cf","isMergeCommit":false,"messageTitle":"Refactor into Ui, Parser, TaskList","messageBody":"","fileTypesAndContributionMap":{"java":{"insertions":412,"deletions":242},"md":{"insertions":1,"deletions":1}}},{"hash":"d168ab3fccd5e297fbc9f34cfa5347213d1361e2","isMergeCommit":true,"messageTitle":"Merge branch-A-MoreOOP","messageBody":"","tags":["A-MoreOOP"],"fileTypesAndContributionMap":{}},{"hash":"54ccf188bb588dc361496b9fe8177fa167d20383","isMergeCommit":false,"messageTitle":"Organize code into packages","messageBody":"","fileTypesAndContributionMap":{"java":{"insertions":22,"deletions":1},"bat":{"insertions":5,"deletions":2},"sh":{"insertions":2,"deletions":2},"md":{"insertions":1,"deletions":1}}},{"hash":"1aab0a746f8a7ed1c8647ea13382a0eb7002148c","isMergeCommit":true,"messageTitle":"Merge branch-A-Packages","messageBody":"","tags":["A-Packages"],"fileTypesAndContributionMap":{}},{"hash":"6758ebd5a75c819df71358daaebae185988cc819","isMergeCommit":true,"messageTitle":"Merge add-gradle-support","messageBody":"","fileTypesAndContributionMap":{}},{"hash":"b50e14c97401a1e841b644c6a4313c566fc9ccbe","isMergeCommit":false,"messageTitle":"Configure Gradle to run Jarvis chatbot","messageBody":"","fileTypesAndContributionMap":{"gradle":{"insertions":1,"deletions":1}}},{"hash":"698165889451c106b8fd3bb5630c2ec89950955d","isMergeCommit":true,"messageTitle":"Merge branch-A-Gradle","messageBody":"","tags":["A-Gradle"],"fileTypesAndContributionMap":{}},{"hash":"d5e2f2976c7a604595e660ec8f95008be9980ab5","isMergeCommit":false,"messageTitle":"Add JUnit tests for Storage, TaskList, and DateTimeParser","messageBody":"","fileTypesAndContributionMap":{"java":{"insertions":163,"deletions":0}}},{"hash":"962f226a93be6a2509828ad51e1b4844c85986a0","isMergeCommit":true,"messageTitle":"Merge branch-A-JUnit","messageBody":"","tags":["A-JUnit"],"fileTypesAndContributionMap":{}},{"hash":"b3cd24589a454990ba1c556b7e094b447ce18d35","isMergeCommit":false,"messageTitle":"Configure Gradle to build Jarvis JAR","messageBody":"","fileTypesAndContributionMap":{"gradle":{"insertions":6,"deletions":0}}},{"hash":"d1c58cf013d93caede7748a42abfb10fb4cf7b53","isMergeCommit":true,"messageTitle":"Merge branch-A-Jar","messageBody":"","tags":["A-Jar"],"fileTypesAndContributionMap":{}},{"hash":"9774a9806b34ef636883ace2de6add0031d3d2bc","isMergeCommit":false,"messageTitle":"Add missing Javadoc for public methods","messageBody":"","fileTypesAndContributionMap":{"java":{"insertions":71,"deletions":6}}},{"hash":"5e724931f43ab3f557269627d893283782556795","isMergeCommit":true,"messageTitle":"Merge branch-A-JavaDoc","messageBody":"","tags":["A-JavaDoc"],"fileTypesAndContributionMap":{}},{"hash":"574f8219759a82ee295596344adf8f60ab9d81cd","isMergeCommit":false,"messageTitle":"Enforce Code Standard across Jarvis code files","messageBody":"","fileTypesAndContributionMap":{"java":{"insertions":6,"deletions":2}}},{"hash":"59f936b4012d973a6de065e9c5213fac011b5132","isMergeCommit":true,"messageTitle":"Merge branch \u0027branch-A-CodingStandard\u0027","messageBody":"","tags":["A-CodingStandard"],"fileTypesAndContributionMap":{}},{"hash":"754a719dfb5c122c9e187c0a4b99a7b6d90534aa","isMergeCommit":false,"messageTitle":"Add find command to search tasks","messageBody":"","fileTypesAndContributionMap":{"txt":{"insertions":1,"deletions":0},"java":{"insertions":67,"deletions":3},"md":{"insertions":55,"deletions":37}}},{"hash":"87e8efb997c1b6dfb43213b19ccbcf5106ca84dc","isMergeCommit":true,"messageTitle":"Merge branch-Level-9","messageBody":"","tags":["Level-9"],"fileTypesAndContributionMap":{}}]},{"date":"2026-02-04T00:00:00","commitResults":[{"hash":"25be3aa8239e988a12b8e1ef13b1809061235af0","isMergeCommit":false,"messageTitle":"Add Checkstyle support","messageBody":"","fileTypesAndContributionMap":{"gradle":{"insertions":38,"deletions":0},"md":{"insertions":14,"deletions":0}}},{"hash":"84777e29c3398da26d12b96658fb055342c5a106","isMergeCommit":true,"messageTitle":"Merge branch A-Checkstyle","messageBody":"","tags":["A-CheckStyle"],"fileTypesAndContributionMap":{}}]},{"date":"2026-02-05T00:00:00","commitResults":[{"hash":"d3e4c6708031a6489e3dc62c9314aba33d76cae3","isMergeCommit":false,"messageTitle":"Add GUI for Jarvis","messageBody":"","fileTypesAndContributionMap":{"gradle":{"insertions":20,"deletions":3},"fxml":{"insertions":48,"deletions":0},"java":{"insertions":331,"deletions":0},"md":{"insertions":22,"deletions":2}}},{"hash":"5a084ecddcaf6146c8ca4aa25ebe395c539eb0a2","isMergeCommit":true,"messageTitle":"Merge branch-Level-10","messageBody":"","tags":["Level-10"],"fileTypesAndContributionMap":{}},{"hash":"eb3b54a98c55033e97aa663ebfa91d45b7a2a21d","isMergeCommit":false,"messageTitle":"Refactor: Use varargs for GUI responses","messageBody":"","fileTypesAndContributionMap":{"java":{"insertions":27,"deletions":13}}},{"hash":"f81d3ea0ce039676b64c7ac8cbc86e84c6927b4b","isMergeCommit":true,"messageTitle":"Mer ge branch A-Varargs","messageBody":"","tags":["A-Varargs"],"fileTypesAndContributionMap":{}}]},{"date":"2026-02-13T00:00:00","commitResults":[{"hash":"e754d3817748ce7fa9ecc8b23103139685318f59","isMergeCommit":false,"messageTitle":"A-Assertions: Add key assertions","messageBody":"Use Java asserts to document key assumptions:\n- Inputs are non-null.\n- Indices are within bounds.\n- Data-file line numbers are positive.\n\nEnable assertions when running via Gradle (-ea).\n\nVerification:\n- ./gradlew run\n- cd text-ui-test \u0026\u0026 bash runtest.sh\n","fileTypesAndContributionMap":{"gradle":{"insertions":1,"deletions":0},"java":{"insertions":13,"deletions":0}}},{"hash":"8736c16d72c16f2357f9308e8cd11afe9ba5a6d4","isMergeCommit":false,"messageTitle":"Improve Code Quality","messageBody":"Reduce duplication by extracting helpers for mark/unmark/delete/add.\n\nCentralize shared messages and improve encapsulation of task storage.\nReplace printStackTrace() with fail-fast exceptions in GUI loader paths.\n\nVerification:\n- ./gradlew test\n- cd text-ui-test \u0026\u0026 bash runtest.sh\n","fileTypesAndContributionMap":{"java":{"insertions":134,"deletions":111}}},{"hash":"fbe2cfe8ca4dc80a44fedeae2773e4010a8fee9f","isMergeCommit":false,"messageTitle":"Format lists with streams","messageBody":"Use IntStream + Collectors.joining to build numbered task list output.\n\nKeeps list formatting concise while preserving existing behavior.\n\nVerification:\n- ./gradlew test\n- cd text-ui-test \u0026\u0026 bash runtest.sh\n","fileTypesAndContributionMap":{"java":{"insertions":16,"deletions":11}}},{"hash":"c9d2389bb62b1a8fadbef52b04dbc512110bbbfb","isMergeCommit":true,"messageTitle":"Merge pull request #1 from basilkuok/branch-A-Assertions","messageBody":"A-Assertions: Add key assertions","tags":["A-Assertions"],"fileTypesAndContributionMap":{}},{"hash":"501fe57d9da5ea59019e5364d86822875ccce0b1","isMergeCommit":true,"messageTitle":"Merge branch \u0027master\u0027 into branch-A-CodeQuality","messageBody":"","fileTypesAndContributionMap":{}},{"hash":"fe8430d32ab9cc327c87e841e00fb9a8a6adf25d","isMergeCommit":true,"messageTitle":"Merge pull request #2 from basilkuok/branch-A-CodeQuality","messageBody":"Improve Code Quality","tags":["A-CodeQuality"],"fileTypesAndContributionMap":{}},{"hash":"d0ab6cb2aae8f581891a69e6e5cf4c6330fa22ae","isMergeCommit":true,"messageTitle":"Merge branch \u0027master\u0027 into branch-A-Streams","messageBody":"","fileTypesAndContributionMap":{}},{"hash":"ecbe0fb80cbaa351f54e4766ded3009abe3daaa4","isMergeCommit":true,"messageTitle":"Merge pull request #3 from basilkuok/branch-A-Streams","messageBody":"Format lists with streams","tags":["A-Streams"],"fileTypesAndContributionMap":{}}]},{"date":"2026-02-15T00:00:00","commitResults":[{"hash":"a29d17b43b5baa06a21b314f1731e9b507767fcc","isMergeCommit":false,"messageTitle":"Add a way to attach priorities to items","messageBody":"Tasks cannot be prioritized, so users must treat all tasks as equally\nimportant.\n\nAdd a `priority` command to set a task\u0027s priority (high/medium/low/none)\nand display it in task output.\n\nPersist priority in storage while remaining backward-compatible with\nexisting saved files.\n\nVerification:\n- ./gradlew test\n- ./gradlew run\n","tags":["A-FullCommitMessage"],"fileTypesAndContributionMap":{"txt":{"insertions":3,"deletions":0},"java":{"insertions":200,"deletions":10}}},{"hash":"7625c57abf738c010d1b211d6b2b556600b9da5b","isMergeCommit":true,"messageTitle":"Merge pull request #6 from basilkuok/branch-C-Priority","messageBody":"Add a way to attach priorities to items","tags":["BCD-Extension"],"fileTypesAndContributionMap":{}}]},{"date":"2026-02-16T00:00:00","commitResults":[{"hash":"13abea4aad53bd179fbad867fc58f3ffb9f46b5e","isMergeCommit":false,"messageTitle":"Use AI tools to improve the quality of current code","messageBody":"Storage task-line parsing mixes multiple levels of abstraction,\nwhich makes it harder to read and maintain.\n\nExtract type-specific parsing helpers and add defensive assertions to\nclarify assumptions.\n\nRefactor storage tests by extracting assertion helpers to reduce\nduplication and improve readability.\n\nVerification:\n- ./gradlew test\n- cd text-ui-test \u0026\u0026 bash runtest.sh\n","fileTypesAndContributionMap":{"java":{"insertions":140,"deletions":77},"md":{"insertions":30,"deletions":0}}},{"hash":"a72351a412e1b052817acaefb6668ca20b435662","isMergeCommit":true,"messageTitle":"Merge pull request #7 from basilkuok/branch-A-AiAssisted","messageBody":"Use AI tools to improve the quality of current code","tags":["A-AiAssisted"],"fileTypesAndContributionMap":{}}]}]},"authorFileTypeContributionMap":{"basilkuok":{"java":2032,"md":274,"fxml":48,"sh":14,"bat":8,"gradle":64,"txt":25}},"authorContributionVariance":{"basilkuok":57646.41},"authorDisplayNameMap":{"basilkuok":"CS2103-F09-1 BASI..I XI"}}
