{"authorDailyContributionsMap":{"Yixiannya":[{"date":"2026-01-19T00:00:00","commitResults":[{"hash":"0a0cdc686be25e490d22ff13b13a26532f1665ca","isMergeCommit":false,"messageTitle":"Implemented skeleton of chatbot Chappi","messageBody":"","fileTypesAndContributionMap":{"java":{"insertions":17,"deletions":10}}},{"hash":"4af5f27b50a314195c3d747d25e32dbb5e2d7728","isMergeCommit":false,"messageTitle":"Implemented Level-0","messageBody":"","tags":["Level-0"],"fileTypesAndContributionMap":{"java":{"insertions":0,"deletions":6}}},{"hash":"ca5ca38f19fe40a59ecd989f46229f3c89223737","isMergeCommit":false,"messageTitle":"Implemented basic input response","messageBody":"","tags":["Level-1"],"fileTypesAndContributionMap":{"java":{"insertions":51,"deletions":5}}},{"hash":"578168ef478c1e527b10b196d339b7faf28ca117","isMergeCommit":false,"messageTitle":"Implemented basic List functionality","messageBody":"","tags":["Level-2"],"fileTypesAndContributionMap":{"java":{"insertions":26,"deletions":6}}},{"hash":"b5ec5a76d0934f36e8755eab95c63db9b76f732f","isMergeCommit":false,"messageTitle":"Added Task class and its functionality","messageBody":"","fileTypesAndContributionMap":{"java":{"insertions":32,"deletions":0}}},{"hash":"42e33e27b9391b28e607d31c6ca1c3352491d41d","isMergeCommit":false,"messageTitle":"Implemented Mark as Done functionality","messageBody":"","tags":["Level-3"],"fileTypesAndContributionMap":{"java":{"insertions":55,"deletions":40}}}]},{"date":"2026-01-20T00:00:00","commitResults":[{"hash":"654fe50c19c6231724e29986c382e48b85691db1","isMergeCommit":false,"messageTitle":"Added ToDo Task class","messageBody":"","fileTypesAndContributionMap":{"java":{"insertions":10,"deletions":0}}},{"hash":"51debe80c5ffcfdc326d3f1cf8912f860d63d97c","isMergeCommit":false,"messageTitle":"Added Deadline Task class","messageBody":"","fileTypesAndContributionMap":{"java":{"insertions":14,"deletions":0}}},{"hash":"0ade3cd4e001362645fb8f7e6adb6a89079abadb","isMergeCommit":false,"messageTitle":"Added Event Task class","messageBody":"","fileTypesAndContributionMap":{"java":{"insertions":16,"deletions":0}}},{"hash":"a2970c03f0547f9d9799065d08647852a66f281c","isMergeCommit":false,"messageTitle":"Implemented commands to add the new Task classes to list","messageBody":"","tags":["Level-4"],"fileTypesAndContributionMap":{"java":{"insertions":58,"deletions":6}}}]},{"date":"2026-01-21T00:00:00","commitResults":[{"hash":"e0c192abc2e4c7128748c253c10d3f1c5735e495","isMergeCommit":false,"messageTitle":"Added test inputs for Chappi for Levels 0 to 4","messageBody":"","fileTypesAndContributionMap":{"txt":{"insertions":26,"deletions":0}}},{"hash":"3ec177e77841adf3d4eb608028837b0316b01efc","isMergeCommit":false,"messageTitle":"Modified batch file to match new name of chatbot","messageBody":"","tags":["A-TextUiTesting"],"fileTypesAndContributionMap":{"bat":{"insertions":1,"deletions":1}}},{"hash":"dbf2b8739c07307b833eb6aa4fffe70077011caf","isMergeCommit":false,"messageTitle":"Added Duke/Chatbot specific exceptions as a package","messageBody":"","fileTypesAndContributionMap":{"java":{"insertions":28,"deletions":0}}},{"hash":"6c16d5352e9feaa048349ff2bcff51348ce5e90d","isMergeCommit":false,"messageTitle":"Implemented error handling for mark and unmarking the list.","messageBody":"","fileTypesAndContributionMap":{"java":{"insertions":74,"deletions":46}}},{"hash":"a5ac134adb34e702dad2992960540fe84ada2192","isMergeCommit":false,"messageTitle":"Removed unused sayBlah method.","messageBody":"","fileTypesAndContributionMap":{"java":{"insertions":1,"deletions":6}}},{"hash":"24f976eceb26bcc59c2366c64251911abb01f265","isMergeCommit":false,"messageTitle":"Removed unused sayBlah method.","messageBody":"","fileTypesAndContributionMap":{"java":{"insertions":0,"deletions":2}}},{"hash":"6eccb9e11f8dcbb0f3bf005a53b93d68b4670c28","isMergeCommit":false,"messageTitle":"Implemented exception handling for Todo tasks","messageBody":"","fileTypesAndContributionMap":{"java":{"insertions":16,"deletions":10}}},{"hash":"4216db158e7bebad6ac799c3c21e86b83072b590","isMergeCommit":false,"messageTitle":"Added new exception for unrecognised commands by the chatbot","messageBody":"","fileTypesAndContributionMap":{"java":{"insertions":7,"deletions":0}}},{"hash":"2729d4cbebc897505df0d7596c0291ae0a0527b2","isMergeCommit":false,"messageTitle":"Adjusted formatting of DukeException String format","messageBody":"","fileTypesAndContributionMap":{"java":{"insertions":9,"deletions":2}}},{"hash":"37cc906079388ddb2bb2459caad5b2060809989f","isMergeCommit":false,"messageTitle":"Improved exception handling for Todo tasks","messageBody":"","fileTypesAndContributionMap":{"java":{"insertions":14,"deletions":7}}},{"hash":"207cc073d7a7746c9f44d629ad6926062f6254e8","isMergeCommit":false,"messageTitle":"Implemented better command recognition and exception handling for mark and unmark","messageBody":"","fileTypesAndContributionMap":{"java":{"insertions":28,"deletions":16}}},{"hash":"9d67557b4ead24bd16ec51c3593b6e81f1733ca8","isMergeCommit":false,"messageTitle":"Improved Event task formatting","messageBody":"","fileTypesAndContributionMap":{"java":{"insertions":1,"deletions":1}}},{"hash":"f4ed32113cde4002323f50f915aa1c3d28691d6f","isMergeCommit":false,"messageTitle":"Updated test inputs to test exception handling","messageBody":"","fileTypesAndContributionMap":{"txt":{"insertions":18,"deletions":2}}},{"hash":"c2c8bf7e7048b19686eca4c75e3a87d2a42c9749","isMergeCommit":false,"messageTitle":"Improved String display formatting for Event exceptions","messageBody":"","fileTypesAndContributionMap":{"java":{"insertions":1,"deletions":1}}},{"hash":"31da16a050a8674e5683a4a5232346843baaa781","isMergeCommit":false,"messageTitle":"Fixed chatbot giving the wrong response to \u0027event\u0027 command","messageBody":"","fileTypesAndContributionMap":{"java":{"insertions":30,"deletions":18}}},{"hash":"5d151f9a49abc809384a38f9fe983615875dd678","isMergeCommit":false,"messageTitle":"Implemented exception handling when adding Deadline tasks","messageBody":"","fileTypesAndContributionMap":{"java":{"insertions":23,"deletions":12}}},{"hash":"a0315335386063a3e774bfda4a3fc5a4168befaa","isMergeCommit":false,"messageTitle":"Improved formatting for Deadline task exceptions","messageBody":"","fileTypesAndContributionMap":{"java":{"insertions":1,"deletions":1}}},{"hash":"9a8537ff20ade57be8ac3903eb08df06e37b29d0","isMergeCommit":false,"messageTitle":"Modified input and expectation of tests for Deadline task exceptions","messageBody":"","tags":["Level-5"],"fileTypesAndContributionMap":{"txt":{"insertions":18,"deletions":0}}},{"hash":"466f0bd481748f9c204263d21216d948f7eb99ca","isMergeCommit":false,"messageTitle":"Implemented delete function with exception handling","messageBody":"","fileTypesAndContributionMap":{"java":{"insertions":19,"deletions":0}}},{"hash":"ea5654b1f57359637811b3f1e1b12ba5aa306182","isMergeCommit":false,"messageTitle":"Implemented test inputs and expected results for Delete function","messageBody":"","tags":["Level-6"],"fileTypesAndContributionMap":{"txt":{"insertions":7,"deletions":0}}}]},{"date":"2026-01-27T00:00:00","commitResults":[{"hash":"456c4b9580e9c6a9680130aada7328938b1c40c0","isMergeCommit":false,"messageTitle":"Add imports for saving","messageBody":"","fileTypesAndContributionMap":{"java":{"insertions":7,"deletions":0}}},{"hash":"35c5bbf4988f6045e7aeaebec85eeb865792879b","isMergeCommit":false,"messageTitle":"Add save method to main","messageBody":"","fileTypesAndContributionMap":{"java":{"insertions":14,"deletions":1}}},{"hash":"7e6de7eeacba7b631fb7daa8a43cd1c7942491eb","isMergeCommit":false,"messageTitle":"Add toFileString method for saving","messageBody":"","fileTypesAndContributionMap":{"java":{"insertions":4,"deletions":0}}},{"hash":"3592ec3b0d4a2feba5a19b3bc5884aa880b8f669","isMergeCommit":false,"messageTitle":"Add doneToInt method for saving","messageBody":"","fileTypesAndContributionMap":{"java":{"insertions":4,"deletions":0}}},{"hash":"fa525ab1eabe0c3c3c395f2007e0a9c59ecc89a3","isMergeCommit":false,"messageTitle":"Add toFileString method for saving","messageBody":"","fileTypesAndContributionMap":{"java":{"insertions":5,"deletions":0}}},{"hash":"c8c8e2c8d3e123678649dbd80664848c695b1851","isMergeCommit":false,"messageTitle":"Add toFileString method for saving","messageBody":"","fileTypesAndContributionMap":{"java":{"insertions":10,"deletions":1}}},{"hash":"3b2ff2d843a6ec42d2433229e27ae7e29300b454","isMergeCommit":false,"messageTitle":"Add toFileString method for saving","messageBody":"","fileTypesAndContributionMap":{"java":{"insertions":8,"deletions":0}}},{"hash":"e0622f6d2b21955468349273c0785ab50e71bbbb","isMergeCommit":false,"messageTitle":"Add toFileString method for saving","messageBody":"","fileTypesAndContributionMap":{"java":{"insertions":11,"deletions":0}}},{"hash":"78c32e26bd3882401d8110370d804c451a7b16c6","isMergeCommit":false,"messageTitle":"Implement save method in main list modification behaviour","messageBody":"","fileTypesAndContributionMap":{"java":{"insertions":8,"deletions":0}}},{"hash":"ab1feb35959c6903026375260383c0e99197a9be","isMergeCommit":false,"messageTitle":"Rename save file to be chappiSave","messageBody":"","fileTypesAndContributionMap":{"java":{"insertions":1,"deletions":9}}},{"hash":"7b12cb16a11f9a2973c218efad12310c72bf67bf","isMergeCommit":false,"messageTitle":"Implement save method in main list modification behaviour","messageBody":"","fileTypesAndContributionMap":{"java":{"insertions":8,"deletions":0}}},{"hash":"2c0d1223c74bf5ccc87137dba0408d3e08b80703","isMergeCommit":false,"messageTitle":"Fix IO import statements","messageBody":"","fileTypesAndContributionMap":{"java":{"insertions":4,"deletions":4}}},{"hash":"f16fc0ebd2d4364eccd49265629fc4c78998010a","isMergeCommit":false,"messageTitle":"Add load method in main","messageBody":"","fileTypesAndContributionMap":{"java":{"insertions":20,"deletions":0}}},{"hash":"02bd773695b2e561d5b508ccfe4cca720a5492ef","isMergeCommit":false,"messageTitle":"Add overloaded constructor for loading purposes","messageBody":"","fileTypesAndContributionMap":{"java":{"insertions":20,"deletions":0}}},{"hash":"f870e0958d9208f2cc5a12d8486fc8fb3456bdff","isMergeCommit":false,"messageTitle":"Implement parseTask method for load method","messageBody":"","fileTypesAndContributionMap":{"java":{"insertions":18,"deletions":0}}},{"hash":"d2cccfe628cd53704a0d9e4e5be1f6c2bba41e8d","isMergeCommit":false,"messageTitle":"Implement load method into main upon starting chatbot","messageBody":"","fileTypesAndContributionMap":{"java":{"insertions":4,"deletions":4}}},{"hash":"0d5c5139210c779a50f18683455752c6d2664a4f","isMergeCommit":true,"messageTitle":"Merge branch \u0027branch-Level-7\u0027","messageBody":"","tags":["Level-7"],"fileTypesAndContributionMap":{}}]}]},"authorFileTypeContributionMap":{"Yixiannya":{"java":473,"md":0,"fxml":0,"sh":0,"bat":1,"gradle":0,"txt":67}},"authorContributionVariance":{"Yixiannya":13181.247},"authorDisplayNameMap":{"Yixiannya":"CS2103T-T13-4 OH Y..XIAN"}}
