{"authorDailyContributionsMap":{"DanielQ13":[{"date":"2026-01-23T00:00:00","commitResults":[{"hash":"9cc708547defe808515cba3fdda6006747c7c2d2","isMergeCommit":false,"messageTitle":"Add Galath remove Duke","messageBody":"","tags":["Level-0"],"fileTypesAndContributionMap":{"java":{"insertions":10,"deletions":10}}},{"hash":"dd37453afed0d3d25a1b2fd231b414a8073bc48d","isMergeCommit":false,"messageTitle":"Add echos","messageBody":"","tags":["Level-1"],"fileTypesAndContributionMap":{"java":{"insertions":19,"deletions":2}}},{"hash":"071c64eb4193b28ad12d9d27ffd4c75c398c73a0","isMergeCommit":false,"messageTitle":"Add task list","messageBody":"","tags":["Level-2"],"fileTypesAndContributionMap":{"java":{"insertions":23,"deletions":2}}},{"hash":"5990a67622fb8161c6f161c5c9769fa3d60f7d5f","isMergeCommit":false,"messageTitle":"Add task marker","messageBody":"","tags":["Level-3"],"fileTypesAndContributionMap":{"java":{"insertions":63,"deletions":5}}},{"hash":"ce909c2bcaece8109ca93accfdbdb44595fcd8fb","isMergeCommit":false,"messageTitle":"Add task types","messageBody":"","tags":["Level-4"],"fileTypesAndContributionMap":{"java":{"insertions":77,"deletions":9}}},{"hash":"a7286e3f7b0ab86e2c9bc386831439813fa684b4","isMergeCommit":false,"messageTitle":"Add comments","messageBody":"","fileTypesAndContributionMap":{"java":{"insertions":8,"deletions":0}}},{"hash":"85575468738ede14598f7c0b7c3c146564d1e9c4","isMergeCommit":false,"messageTitle":"Add testing","messageBody":"","tags":["A-TextUiTesting"],"fileTypesAndContributionMap":{"txt":{"insertions":4,"deletions":0},"bat":{"insertions":2,"deletions":2}}},{"hash":"3d1a634fc6437977de9cdeaa2cc3d24a009e79e2","isMergeCommit":false,"messageTitle":"Add exception feedback","messageBody":"","tags":["Level-5"],"fileTypesAndContributionMap":{"java":{"insertions":145,"deletions":42}}},{"hash":"c8ae9dbea5bad5c09c074aa81168d384930c6fb7","isMergeCommit":false,"messageTitle":"Add deletion function","messageBody":"","tags":["Level-6"],"fileTypesAndContributionMap":{"java":{"insertions":48,"deletions":21}}}]},{"date":"2026-01-30T00:00:00","commitResults":[{"hash":"9fc9645e087b4902dc61b7f77968ca6001c644a8","isMergeCommit":false,"messageTitle":"Implement Level 7","messageBody":"","fileTypesAndContributionMap":{"java":{"insertions":236,"deletions":25}}},{"hash":"a0c32c947ca1d7916f4275daed118b0a18c533f2","isMergeCommit":true,"messageTitle":"Merge branch-Level-7","messageBody":"","tags":["Level-7"],"fileTypesAndContributionMap":{}},{"hash":"2b9b9ed8e3cadd639d53d536618d3c46d75d0663","isMergeCommit":false,"messageTitle":"Implement Level 8","messageBody":"","fileTypesAndContributionMap":{"java":{"insertions":193,"deletions":35}}},{"hash":"707bc8cb16cf553dbdfd2e58db8cfff50a535ded","isMergeCommit":true,"messageTitle":"Merge branch-Level-8","messageBody":"","tags":["Level-8"],"fileTypesAndContributionMap":{}},{"hash":"552973358ed8144105b3505dbc08b886ea9f94bb","isMergeCommit":false,"messageTitle":"Add command types and OOP","messageBody":"","tags":["A-MoreOOP"],"fileTypesAndContributionMap":{"txt":{"insertions":1,"deletions":0},"java":{"insertions":629,"deletions":302}}},{"hash":"5ac88f564db3977806905dfa371e6ddb44947a44","isMergeCommit":false,"messageTitle":"sort into packages","messageBody":"","tags":["A-Packages"],"fileTypesAndContributionMap":{"java":{"insertions":134,"deletions":17}}}]}]},"authorFileTypeContributionMap":{"DanielQ13":{"java":1125,"md":0,"fxml":0,"sh":0,"bat":2,"gradle":0,"txt":5}},"authorContributionVariance":{"DanielQ13":114527.59},"authorDisplayNameMap":{"DanielQ13":"CS2103-F09-2 QIAN..UNDE"}}
