{"authorDailyContributionsMap":{"Tanjy10":[{"date":"2026-01-23T00:00:00","commitResults":[{"hash":"2c8375dd15b6421a119c85c3195f86b44d9e3918","isMergeCommit":false,"messageTitle":"Rename main class","messageBody":"","fileTypesAndContributionMap":{"java":{"insertions":2,"deletions":2}}},{"hash":"f6c0473062452fede264db977de17e7b5a911892","isMergeCommit":false,"messageTitle":"Add Greeting","messageBody":"","tags":["Level-0"],"fileTypesAndContributionMap":{"java":{"insertions":5,"deletions":5}}},{"hash":"0b41dcdceb3c925e75e29f46734de9259395f937","isMergeCommit":false,"messageTitle":"Fix bug in greeting","messageBody":"","fileTypesAndContributionMap":{"java":{"insertions":2,"deletions":2}}},{"hash":"d0327c7ef35e6df5765cae36fe401077916fa6f1","isMergeCommit":false,"messageTitle":"Add echo","messageBody":"","tags":["Level-1"],"fileTypesAndContributionMap":{"java":{"insertions":21,"deletions":4}}},{"hash":"3a665d422d795b40da90c2faf93b6eaa25ff710c","isMergeCommit":false,"messageTitle":"Add Add, List","messageBody":"","tags":["Level-2"],"fileTypesAndContributionMap":{"java":{"insertions":15,"deletions":2}}},{"hash":"f75c659fd8e135bd506987468f895c2d54784fe9","isMergeCommit":false,"messageTitle":"Add Mark as Done features","messageBody":"","tags":["Level-3"],"fileTypesAndContributionMap":{"java":{"insertions":97,"deletions":12}}}]},{"date":"2026-01-24T00:00:00","commitResults":[{"hash":"41734efc2e5f2735670bdccc39495bf33f227847","isMergeCommit":false,"messageTitle":"Add Deadline, Todo, Event classes Changed flow of chatbot to switch commands","messageBody":"","fileTypesAndContributionMap":{"java":{"insertions":92,"deletions":68}}},{"hash":"ebf26ee95981a37b70206c358ac04a7d0e97677d","isMergeCommit":false,"messageTitle":"Changed indexing to only in list command","messageBody":"","fileTypesAndContributionMap":{"java":{"insertions":11,"deletions":12}}},{"hash":"82e6c2f53734c46c794c99e95faac331806ae2fc","isMergeCommit":false,"messageTitle":"Added todo, deadline, event command checks Changed todo, deadline, event to work properly","messageBody":"","tags":["Level-4"],"fileTypesAndContributionMap":{"java":{"insertions":51,"deletions":21}}},{"hash":"5dd6715bc84f3384829abc9a2cc227c984cc8634","isMergeCommit":false,"messageTitle":"Added input and expected texts for testing Fixed bug regarding whitespace for case \"deadline\" and case \"event\"","messageBody":"","tags":["A-TextUiTesting"],"fileTypesAndContributionMap":{"txt":{"insertions":9,"deletions":0},"java":{"insertions":8,"deletions":8},"sh":{"insertions":2,"deletions":2}}},{"hash":"b8fb8adaa8332150cd9cdc147179d432e3d1d423","isMergeCommit":false,"messageTitle":"Added Handle Errors Updated textUI testing for exceptions","messageBody":"","tags":["Level-5"],"fileTypesAndContributionMap":{"txt":{"insertions":9,"deletions":0},"java":{"insertions":101,"deletions":68}}},{"hash":"cfdb495e559d16667912c1813717497dc758db82","isMergeCommit":false,"messageTitle":"Added Delete","messageBody":"","tags":["Level-6"],"fileTypesAndContributionMap":{"java":{"insertions":17,"deletions":0}}}]}]},"authorFileTypeContributionMap":{"Tanjy10":{"java":225,"md":0,"fxml":0,"sh":2,"bat":0,"gradle":0,"txt":18}},"authorContributionVariance":{"Tanjy10":14484.875},"authorDisplayNameMap":{"Tanjy10":"CS2103T-T15-3 TAN ..RRON"}}
