[{"path":"src/main/java/Bank.java","fileType":"java","lines":[{"lineNumber":1,"author":{"gitId":"EepyAdventure"},"content":"public class Bank {","lastModifiedDate":"2026-02-01T16:16:31","isFullCredit":false},{"lineNumber":2,"author":{"gitId":"EepyAdventure"},"content":"    protected static final String LINE \u003d \"_____________________________________________\";","lastModifiedDate":"2026-02-01T16:16:31","isFullCredit":false},{"lineNumber":3,"author":{"gitId":"EepyAdventure"},"content":"    protected static final String LOGO_AME \u003d \"⠀⠀⠀⢀⠂⡠⠂⠀⠀⠀⠔⠀⠀⡈⠀⠀⠀⠀⠀⠀⢔⠅⠀⠀⠀⠀⠀⠀⠀⠀⠀⠀⠀⠀⠀⠀⠀⠀⠀⠀⠀⠀⠀⠀⢡⠀⠀⠈⡀⠀⠀⠀⠀⠀⠀⢰⠀⠄⡀⠢⠂⡃⡀⢸⠠⡃⠀⠀⠀⠀⠀⠀⠀⠀⠀⠀⠀⠀⠀⡐⡀⡂⠨⠀⠀⠀⠀⠀⠀⠀⠀⠀⠀⠀⠀⠀⠀⠀⠀⠀\\n\" +","lastModifiedDate":"2026-02-01T16:16:31","isFullCredit":false},{"lineNumber":4,"author":{"gitId":"EepyAdventure"},"content":"            \"⠀⠐⠀⡌⢀⠆⠀⠀⠀⢐⠀⠀⠰⠀⠀⠀⠀⠀⠀⠎⠨⠀⠀⠀⠀⠀⠀⠀⠀⠀⠀⠀⠀⠀⠀⠀⠀⠀⡀⠀⠄⠂⠀⠂⠨⠄⠀⠀⡂⠀⠀⡀⠀⡀⠄⠂⢅⢒⢌⢜⠀⠇⠀⢸⢱⠀⠀⠠⠐⠀⠈⠀⡀⠂⠀⠂⠁⠀⠀⠢⠐⡀⠅⠀⢀⠐⠈⠀⢀⠈⠀⡀⠁⠀⠂⠁⠀⠁⠀⠈\\n\" +","lastModifiedDate":"2026-02-01T16:16:31","isFullCredit":false},{"lineNumber":5,"author":{"gitId":"EepyAdventure"},"content":"            \"⠀⠐⠨⠀⡄⠀⢀⠀⠀⠇⠀⢠⠃⠀⠤⠢⣀⠀⠎⠀⡆⠀⠀⠀⠀⠀⠀⠀⠀⠀⠀⠀⠀⠀⠀⠀⠀⠄⠀⠀⠀⡆⠀⢀⠠⡡⠀⠀⢡⠀⢀⠀⠀⠀⢀⠰⠡⡁⠢⡒⠀⡂⢀⢸⠄⠀⠐⠀⠀⠠⠈⠀⠀⠀⠄⠂⠀⡀⠁⠨⢐⢀⠂⠁⠀⠀⡀⠄⠀⢀⠀⡀⠄⠐⠀⠀⠂⠈⠀⠐\\n\" +","lastModifiedDate":"2026-02-01T16:16:31","isFullCredit":false},{"lineNumber":6,"author":{"gitId":"EepyAdventure"},"content":"            \"⠀⠂⡇⢐⠁⠠⠀⠄⢡⠀⠠⡐⠀⠀⠀⡀⢀⠋⠒⠤⡃⠀⠐⠀⠠⠀⠀⠠⠀⠠⠀⠂⠀⠀⠄⠂⠀⢀⠠⠐⠀⢰⠀⠰⡑⢌⠱⡐⢜⢀⠀⠀⠀⠂⡜⡨⢈⠀⠌⢜⠀⡇⠠⠨⡀⠀⠂⠀⠁⠀⠠⠐⠈⠀⠀⠀⠄⠀⠀⡑⠄⠂⠄⠁⠀⠁⠀⠀⠀⡀⠀⠀⠀⠀⡀⠂⠀⠂⠈⠀\\n\" +","lastModifiedDate":"2026-02-01T16:16:31","isFullCredit":false},{"lineNumber":7,"author":{"gitId":"EepyAdventure"},"content":"            \"⠀⠢⠐⡀⢂⠐⠀⠂⢰⠀⠢⠁⠠⠈⢀⠂⡂⠈⠀⢠⠁⠉⠄⠄⠀⠀⠄⠀⠀⢰⠀⠀⠀⠄⠀⠀⠀⠀⠀⠀⠀⠰⠀⠨⡊⡐⠀⠊⠌⠢⡒⢄⠔⠜⢰⢨⠢⠅⠅⢕⡂⠡⠐⠀⠆⠐⠀⠐⠈⠀⢀⠀⠀⡀⠀⠁⠀⡀⠄⢆⠨⠠⢱⠀⠁⠀⠂⠀⠁⠀⠀⡈⠀⢀⠀⢀⠐⠀⠀⠂\\n\" +","lastModifiedDate":"2026-02-01T16:16:31","isFullCredit":false},{"lineNumber":8,"author":{"gitId":"EepyAdventure"},"content":"            \"⠀⡸⢀⠇⠐⡈⠠⠁⡇⠠⡘⢈⠠⢈⠜⠜⠀⠀⠄⠰⠀⡸⠀⡈⠀⠄⠀⠄⠂⢘⠀⠀⠀⠀⡀⠄⠂⠁⠀⠀⠄⠐⠀⠨⡊⠔⡁⠔⡡⠱⡘⡢⡀⢀⠕⢔⠡⡁⡁⡢⢃⢌⠂⠁⡅⠀⠄⠠⠀⠂⠀⠠⠀⠀⠄⠁⠀⠀⢠⠃⢐⠐⠌⠀⠀⠂⠀⠂⠀⠂⠁⠀⠀⡀⢀⠀⢀⠐⠀⠐\\n\" +","lastModifiedDate":"2026-02-01T16:16:31","isFullCredit":false},{"lineNumber":9,"author":{"gitId":"EepyAdventure"},"content":"            \"⠀⡇⠰⢀⠡⠐⢈⠀⠇⡀⡇⠔⠨⠐⡈⠀⠠⠀⢀⠀⡇⢸⠀⠠⠀⠂⠁⢀⠠⢘⠀⢀⠈⠀⠀⠀⠀⡀⣀⠠⡀⠈⠄⠈⡜⠌⡂⠁⠄⢕⠰⠘⠈⢐⠈⠘⠌⠆⡆⡪⢂⠢⠂⢁⠸⠀⠀⠀⡀⠀⠂⠀⠄⠂⠀⠐⠈⠀⠨⢐⢀⢂⠅⠀⠂⠀⠁⢀⠐⠀⠀⠄⠁⠀⠀⠀⡀⠀⠠⠀\\n\" +","lastModifiedDate":"2026-02-01T16:16:31","isFullCredit":false},{"lineNumber":10,"author":{"gitId":"EepyAdventure"},"content":"            \"⡀⠇⡌⠄⢐⠈⠠⠈⠅⡀⠇⡯⡓⢙⠪⣓⠦⣄⠠⠀⠰⠐⡅⠂⢐⠀⡁⠠⠀⠨⠀⡀⠄⠈⡀⢑⠁⡀⠄⠂⠁⢱⠑⠠⢣⢑⠄⡅⡕⠅⠁⠀⠀⡆⠀⠈⡊⢠⠡⠐⡬⠀⠇⠠⠈⡂⠀⠁⠀⠀⠂⢀⠀⢀⠠⠐⠀⠀⡎⠠⠐⠌⠀⠀⡀⠂⠁⠀⠀⡀⠐⠀⢀⠠⠀⠂⠀⠠⠀⠀\\n\" +","lastModifiedDate":"2026-02-01T16:16:31","isFullCredit":false},{"lineNumber":11,"author":{"gitId":"EepyAdventure"},"content":"            \"⠀⡂⠇⠐⠠⠈⠄⠡⡁⡐⡁⡳⠀⢀⢎⠎⢍⡒⢵⢨⢨⠁⠢⣩⠀⡂⠄⢂⠈⢌⠠⠠⠐⢀⠐⡆⠄⡃⡀⠄⠂⡣⠂⠐⠈⡂⢓⠈⣀⠂⠀⠂⠁⡆⠀⢠⢁⢊⠀⡢⠂⡇⢡⠁⠅⣂⠀⠂⠀⠁⢀⠀⢀⠀⠀⠀⡀⢑⠠⢁⠸⠀⠀⠁⠀⠀⡀⠂⠁⠀⠀⠄⠀⠀⠀⠠⠐⠀⠀⠁\\n\" +","lastModifiedDate":"2026-02-01T16:16:31","isFullCredit":false},{"lineNumber":12,"author":{"gitId":"EepyAdventure"},"content":"            \"⠂⢂⠇⠁⠌⠠⠁⠌⠄⢂⢂⠘⡅⠸⠄⠂⡳⡹⡊⢺⡢⠈⠀⠀⠊⠢⠐⢄⡂⢇⠐⡀⠅⠐⡀⡗⢠⡃⠄⠂⠄⡫⠀⠅⠂⡀⡇⠀⢰⠀⡁⠐⢐⠠⠐⡨⠈⠄⡰⠁⡐⢑⠡⡃⠅⢜⠀⠀⠐⠈⠀⠀⠀⢀⠀⠁⢀⠆⠂⡂⠅⠀⠈⠀⠀⠂⠀⠀⠀⡀⠄⠀⠐⠈⠀⢀⠀⠄⠐⠀\\n\" +","lastModifiedDate":"2026-02-01T16:16:31","isFullCredit":false},{"lineNumber":13,"author":{"gitId":"EepyAdventure"},"content":"            \"⠀⡧⠀⠅⠨⠀⠅⠨⡨⢐⠀⠀⠐⠈⢣⢁⠈⡈⢠⠵⢘⠀⠀⠂⠁⠀⠁⠠⠐⠀⠅⠒⠨⡐⠄⡃⠆⢂⢂⠁⣂⠢⠡⠈⠄⢢⢂⠁⡅⠠⠐⠈⠰⠀⡐⡄⢁⠢⠁⡐⠁⠐⡅⠲⡁⠢⡂⠀⠂⠀⡀⠂⠁⠀⠀⠐⠔⠠⢡⠂⠠⠈⠀⠈⠀⠐⠀⠁⠀⡀⠀⠐⠀⠠⠀⢀⠀⢀⠀⠄\\n\" +","lastModifiedDate":"2026-02-01T16:16:31","isFullCredit":false},{"lineNumber":14,"author":{"gitId":"EepyAdventure"},"content":"            \"⠀⢱⠈⠠⠁⠌⠠⠁⣇⠰⠀⠁⠀⠁⠠⠁⠋⠊⠃⠀⢀⠀⠠⠀⠠⠀⠂⠀⡀⠂⠀⠈⢠⡠⡥⡢⡥⢥⢂⢅⠂⠸⠤⡑⡒⠜⢆⢐⠀⠅⡈⡈⡌⡐⡰⠁⡠⠁⡌⡠⢄⠀⠰⡁⢎⠨⠢⠀⠂⠀⢀⠀⢀⠀⠁⠜⢈⢐⠂⠀⢀⠀⠂⠁⠀⠂⠀⠂⠁⠀⠀⠂⠀⠂⠀⢀⠠⠀⠀⠀\\n\" +","lastModifiedDate":"2026-02-01T16:16:31","isFullCredit":false},{"lineNumber":15,"author":{"gitId":"EepyAdventure"},"content":"            \"⠁⢐⠈⠠⠁⠌⠠⢁⢊⠔⡄⠐⠀⠁⠀⡀⠄⠀⡀⠄⠀⠀⡀⠠⠀⠀⠠⠀⠀⢀⠀⠑⠁⣰⠫⠨⡢⡩⢙⢺⢪⡪⠄⡸⢀⠅⠂⠡⢑⠤⠂⢠⢁⠢⠬⢈⠤⢃⠑⡐⡐⡅⠀⠕⡘⠄⠕⡁⠀⠐⠀⠀⢀⠀⢔⠁⢢⠂⠀⠠⠀⠀⡀⠀⠄⠂⠀⠄⠀⠠⠐⠀⠐⠀⠠⠀⠀⢀⠀⠂\\n\" +","lastModifiedDate":"2026-02-01T16:16:31","isFullCredit":false},{"lineNumber":16,"author":{"gitId":"EepyAdventure"},"content":"            \"⡀⢐⠈⠄⠡⢈⠐⢸⠀⡯⡐⠀⢀⠠⠀⠀⠀⠀⠀⠀⠀⠀⠀⠀⠀⠐⠀⠀⠂⠀⠀⡀⠀⢮⠈⠌⡫⡚⠀⢕⠅⢘⢕⡕⢐⠀⠄⡁⡢⠨⡘⠘⠔⢜⠕⡁⠌⢀⠀⠄⠂⡇⠀⠈⠆⢣⠑⠌⡂⠀⠂⠁⠀⡰⠁⡨⠁⠀⠀⠄⠐⠀⠀⠠⠀⠠⠀⠄⠂⠀⠠⠀⠂⠀⠄⠐⠈⠀⠀⠀\\n\" +","lastModifiedDate":"2026-02-01T16:16:31","isFullCredit":false},{"lineNumber":17,"author":{"gitId":"EepyAdventure"},"content":"            \"⠀⠐⡌⠠⠁⠄⢂⢸⠀⣇⠑⡅⠀⠀⠀⠐⠈⠀⠐⠈⠀⠀⠀⠠⠈⠀⡀⠂⠀⠄⠁⠀⠄⡈⠪⡠⣀⣂⠥⠃⢀⢆⠇⡇⡂⢁⠂⠠⢈⢊⢢⣀⣐⢐⠑⡐⠄⡂⡐⢈⠬⠀⠀⢀⠈⢪⢨⠨⠨⠄⠀⠄⠠⢂⠑⢀⠀⠀⠂⠀⠠⠐⠈⠀⠀⡀⠄⠀⢀⠠⠀⠠⠀⠠⠀⢀⠠⠀⠀⠂\\n\" +","lastModifiedDate":"2026-02-01T16:16:31","isFullCredit":false},{"lineNumber":18,"author":{"gitId":"EepyAdventure"},"content":"            \"⣂⠀⡇⠠⠁⠌⢀⢸⠀⡗⠅⠈⠂⠀⠂⠀⠠⠀⠠⠀⠀⢀⠀⡂⢐⠠⢀⠐⠠⠐⢀⠂⠂⠄⡑⠨⢀⠠⠐⠠⠁⠄⢂⠢⡈⠀⠄⠌⡂⢆⠅⠄⠢⠑⢐⠄⠂⠀⠂⠅⡆⠀⠄⠀⡀⠄⠱⡨⡨⠘⢄⠐⢅⠊⠀⡀⠠⠐⠀⠐⠀⠀⡀⠠⠀⠀⢀⠠⠀⠀⠀⠄⠀⠄⠀⡀⠀⠀⠄⠂\\n\" +","lastModifiedDate":"2026-02-01T16:16:31","isFullCredit":false},{"lineNumber":19,"author":{"gitId":"EepyAdventure"},"content":"            \"⠠⢈⠢⡈⢐⠈⠠⢘⠄⡃⢕⠀⠀⠄⠀⠂⠀⠠⠀⢀⠐⠈⠄⡐⠠⠐⠠⢈⠐⡈⠠⠈⠄⠡⢀⠂⠂⠄⠡⠈⠄⡁⢢⢁⡂⡅⠕⠡⠑⡌⡂⠅⡇⠀⢀⠑⠡⡁⠌⡒⠀⠀⡀⠄⠀⠀⠀⠐⢘⢌⠌⠪⡀⠀⡀⠀⡀⠀⠀⠄⠂⠁⠀⠀⢀⠈⠀⠀⠀⠀⠁⠀⠠⠀⢀⠀⡀⠁⠀⠀\\n\" +","lastModifiedDate":"2026-02-01T16:16:31","isFullCredit":false},{"lineNumber":20,"author":{"gitId":"EepyAdventure"},"content":"            \"⠁⠠⠨⡀⢂⢈⠐⢸⢐⠡⢐⢇⠀⠄⠀⠐⠀⠀⢄⣀⢀⠈⠄⠂⠄⠡⢈⠠⠐⠠⠈⠄⠡⢈⠠⠠⠁⠌⠠⠁⡂⣔⠕⡐⠐⡀⠅⠡⡱⠐⡅⠪⠀⠀⠀⡀⠀⠈⢈⠀⠠⠀⠀⠀⡀⠈⡠⠔⢁⠔⠑⢅⠪⠠⡀⢀⠀⠀⠂⠀⢀⠀⠀⠄⠀⡀⠄⠐⠀⠁⠀⠁⠀⡀⠀⢀⠀⠀⠄⠁\\n\" +","lastModifiedDate":"2026-02-01T16:16:31","isFullCredit":false},{"lineNumber":21,"author":{"gitId":"EepyAdventure"},"content":"            \"⡀⠐⢨⠀⡂⢀⠂⢸⠐⡄⠞⠉⢥⡀⠄⠂⠀⠁⢳⠰⡑⢕⢥⠈⠄⠡⠐⠠⠈⠄⠡⢈⠐⡀⠂⢂⠡⠈⢄⠱⡈⢪⠐⡀⢂⢐⢈⢂⠅⢌⢎⢘⠀⠀⠁⠀⠀⠁⠀⡀⠄⠐⠈⡠⠐⠌⠄⡢⠁⠀⢀⠈⠸⢘⢌⢂⡀⠐⠀⠐⠀⠀⠐⠀⢀⠀⢀⠀⠄⠐⠀⠁⠀⡀⠄⠀⠠⠐⠀⠀\\n\" +","lastModifiedDate":"2026-02-01T16:16:31","isFullCredit":false},{"lineNumber":22,"author":{"gitId":"EepyAdventure"},"content":"            \"⠀⡀⠄⡃⡐⠠⢈⠘⡐⠅⡁⠂⠄⢱⡀⠀⠀⠄⠀⢣⢱⠱⠨⠈⠄⠡⠈⠄⠡⢈⠐⡀⠂⠄⡁⢂⢐⠌⡊⡐⢨⠂⢂⠐⡀⡂⡂⠎⢨⠂⡂⠇⠀⠈⠀⠈⠀⡀⠁⢀⠠⡐⡁⢂⢁⢂⠃⠀⠀⠀⠄⠀⢀⠀⠐⢅⢌⠢⡀⠀⠂⠈⠀⢀⠀⢀⠀⠀⢀⠀⠄⠂⠁⠀⠀⠀⠄⠀⡀⠄\\n\" +","lastModifiedDate":"2026-02-01T16:16:31","isFullCredit":false},{"lineNumber":23,"author":{"gitId":"EepyAdventure"},"content":"            \"⠀⠀⠀⠡⢂⢁⠂⠌⢌⠂⠄⠡⠈⠄⡫⣆⡀⠄⠀⡂⢐⠀⡂⠡⠈⠄⠡⢈⠐⡀⡂⢄⡡⡢⡒⠅⡁⢂⠂⠌⡂⡐⢀⢂⢂⢂⠎⠅⠎⡸⢐⠀⠠⠐⠈⠀⡀⢠⠐⡡⡊⠂⠌⡀⡢⠂⠀⠠⠀⠁⠀⠄⠀⡀⢀⠀⠁⡕⡈⢆⠀⠂⠈⠀⠀⢀⠀⠈⠀⠀⠀⢀⠀⠀⠄⠂⠀⠄⠀⠀\\n\" +","lastModifiedDate":"2026-02-01T16:16:31","isFullCredit":false},{"lineNumber":24,"author":{"gitId":"EepyAdventure"},"content":"            \"⠈⠀⠈⢨⠐⡠⠨⢐⢱⠈⠄⠡⠈⠄⡘⣜⢮⡢⣐⣀⣂⢔⡠⡬⡤⣕⢬⡲⡝⡜⢎⠗⠉⠠⠐⠀⢂⠐⢈⠌⠠⢐⢐⢐⢐⠬⠡⡩⢈⡊⡌⠀⠀⡀⠀⠄⠔⠡⢈⢐⠠⠁⠅⠔⠀⠀⠐⠀⠀⠂⠁⠀⡀⠀⡀⠠⠀⠈⠜⡄⠥⡀⠐⠀⠈⠀⠀⠈⠀⠀⠁⠀⡀⠄⠀⠠⠀⠠⠐⠈\\n\" +","lastModifiedDate":"2026-02-01T16:16:31","isFullCredit":false},{"lineNumber":25,"author":{"gitId":"EepyAdventure"},"content":"            \"⠀⠀⠂⠈⡆⠂⠅⡂⡪⠐⢈⠠⠁⢂⢀⠪⢳⢝⢮⡺⣪⢳⠝⢎⠳⢑⠑⠡⢁⠕⠁⢀⠈⠠⠈⡐⠀⠢⠑⡈⡐⡐⡐⣐⠢⢃⠕⠨⡘⡠⠊⢄⠀⢀⠠⠂⠅⢁⠊⠠⠠⠡⡘⠀⠀⠁⠀⠐⠀⠠⠐⠀⠀⠀⢀⠀⠠⠀⠈⠆⡃⡢⠀⠀⠂⠀⠁⠀⠈⠀⠈⠀⠀⠀⠀⠄⠀⠄⠀⠀\\n\" +","lastModifiedDate":"2026-02-01T16:16:31","isFullCredit":false},{"lineNumber":26,"author":{"gitId":"EepyAdventure"},"content":"            \"⠁⠀⠂⢀⢇⠅⠅⡂⡇⠡⠐⠠⠈⠄⡀⢂⠨⠈⡐⠈⠄⢂⠨⠀⡂⢐⠈⡐⠁⠀⠠⠀⠄⢁⠐⡀⢌⢁⢂⢂⢂⢂⠢⡢⢑⠂⢌⡘⠤⠡⢑⠐⡂⢀⠌⡐⠁⡂⠀⠁⠐⢐⠁⠀⠈⠀⠁⠀⠂⢀⠠⠀⠂⠁⠀⢀⠠⠀⠄⠘⡌⡢⢡⠀⠂⠈⠀⠁⠀⠁⠀⠁⠀⠁⠀⠄⠂⠀⠐⠀\\n\" +","lastModifiedDate":"2026-02-01T16:16:31","isFullCredit":false},{"lineNumber":27,"author":{"gitId":"EepyAdventure"},"content":"            \"⠀⠂⢀⠌⠀⡎⡐⠄⢇⠑⢌⠀⠅⠂⡐⢀⠂⡁⠄⢁⠂⡐⢀⠂⡐⠠⡘⠀⠀⠐⠀⠠⠐⠀⡠⠊⠠⢐⢐⢐⢐⠐⡅⠢⠁⡂⣊⠔⠁⢌⢐⠨⢈⢪⠀⠆⢰⠀⠌⠠⠈⡄⠀⢀⠁⠠⠈⠀⠠⠀⠀⠀⡀⠀⠂⠀⠀⠀⢀⠀⢂⠪⡂⡄⠀⠐⠀⠈⠀⠈⠀⠁⠀⠁⢀⠀⠠⠐⠀⠠\\n\" +","lastModifiedDate":"2026-02-01T16:16:31","isFullCredit":false},{"lineNumber":28,"author":{"gitId":"EepyAdventure"},"content":"            \"⠀⢀⡸⠀⠀⠢⠂⢅⠸⠀⠐⡌⢀⠡⠀⡂⠄⢐⠐⢀⠂⡐⢀⠂⡐⠊⠀⠀⠀⠂⠀⠄⠀⠔⡁⠌⡨⢐⢐⠐⡌⡊⡰⡡⠱⠐⠁⠄⡁⢂⢐⠨⢐⠈⡆⡃⠅⠠⢁⠂⡑⠀⢀⠀⢀⠀⡀⠠⠀⢀⠈⠀⠀⢀⠐⠀⠁⢀⠀⢀⠸⡈⢆⠸⠀⠐⠀⠁⠀⠈⢀⠀⠁⢀⠀⠀⠄⠀⡀⠀\\n\" +","lastModifiedDate":"2026-02-01T16:16:31","isFullCredit":false},{"lineNumber":29,"author":{"gitId":"EepyAdventure"},"content":"            \"⠁⠀⡍⢎⠠⠀⠣⠡⠨⡀⠀⠀⡂⠄⠁⠄⢂⠐⡐⠠⢂⢐⢄⡂⠅⠀⠀⠀⠐⠀⠐⠀⡊⠂⠄⠅⡂⡂⡢⢡⠡⢂⠑⡈⠄⡁⠌⠠⢐⢀⢂⠌⡠⡁⡢⠅⡊⢐⠀⡂⠎⠀⠀⠠⠀⠀⡀⠀⠠⠀⠀⠄⠁⠀⢀⠀⠂⠀⠀⠄⠀⠎⡆⠌⡆⠀⠐⠀⠁⠈⠀⠀⠈⠀⠀⠠⠀⠄⠀⢀\\n\" +","lastModifiedDate":"2026-02-01T16:16:31","isFullCredit":false},{"lineNumber":30,"author":{"gitId":"EepyAdventure"},"content":"            \"⠀⢐⠁⠀⠑⠔⢀⠑⡡⡂⠀⠄⠀⠀⠁⡀⠀⠀⠀⡀⠀⠀⢠⠂⠀⠀⠀⠐⠀⠂⢀⠕⠠⠡⠡⢑⢐⠌⠂⡁⠐⢀⠐⡀⠂⠂⡁⢌⢠⡈⣄⢨⠐⡑⠔⡅⡂⢂⠂⢌⠀⢀⠈⠀⠀⠄⠀⠠⠀⠠⠐⠀⠀⠐⠀⠀⡀⠂⠁⠀⠀⡣⢑⢐⠅⠀⠐⠀⠀⠂⠀⡈⠀⢀⠈⠀⠀⢀⠀⢀\";","lastModifiedDate":"2026-02-01T16:16:31","isFullCredit":false},{"lineNumber":31,"author":{"gitId":"EepyAdventure"},"content":"    protected static final String LOGO_LOBOTOMY \u003d \"⠰⠠⠆⠀⠄⡆⠂⠴⠔⢢⠀⠢⠠⠠⠔⠂⡶⠐⠰⠠⠀⠆⠂⠦⠠⠂⠂⠀⠀⠰⠰⠐⠀⠠⠀⠒⠄⠠⠐⠀⠴⠰⠰⠀⠀⠆⠀⠀⢀⢀⠀⣀⡀⡀⠀⠀⠀⠀⠀⠀⠀⠀⠀⠀⠀⠀⠀⠀⠀⠀⠀⠀⠀⠀\\n\" +","lastModifiedDate":"2026-02-01T16:16:31","isFullCredit":false},{"lineNumber":32,"author":{"gitId":"EepyAdventure"},"content":"            \"⠀⠀⠀⠀⠀⠀⠀⠀⠀⠀⠀⠀⠀⠀⠀⠀⠀⠀⠀⠀⠀⠀⠀⠀⠀⠀⠀⠀⠀⠀⠀⠀⠀⢀⠀⠀⠀⠀⠀⠀⠀⠀⠀⠀⠀⠀⣀⣤⣶⡾⢯⣿⣿⣿⣿⣿⢿⣿⣶⣶⣦⣤⣀⡀⠀⠀⠀⠀⠀⠀⠀⠀⠀⠀⠀⠀\\n\" +","lastModifiedDate":"2026-02-01T16:16:31","isFullCredit":false},{"lineNumber":33,"author":{"gitId":"EepyAdventure"},"content":"            \"⠀⠀⠀⠀⠀⠀⠀⠀⠀⠀⠀⠀⠀⠀⠀⠀⠀⠀⠀⠀⠀⠀⠀⠀⠀⠀⠀⠀⠀⠀⠀⠀⠀⠀⠀⠀⠀⠀⠀⠀⠀⠀⠀⢠⣴⣿⣿⡿⣾⣭⣷⣶⡿⠿⠿⠿⢿⣿⣯⣿⣻⡿⣿⣿⣷⣦⣄⡀⠀⠀⠀⠀⠀⠀⠀⠀\\n\" +","lastModifiedDate":"2026-02-01T16:16:31","isFullCredit":false},{"lineNumber":34,"author":{"gitId":"EepyAdventure"},"content":"            \"⠀⠀⠀⠀⠀⠀⠀⠀⠀⠀⠀⠀⠀⠀⠀⠀⠀⠀⠀⠀⠀⠀⠀⠀⠀⠀⠀⠀⠀⠀⠀⠄⠠⠀⠀⠀⠀⠀⠀⠀⠀⣀⣼⣿⣿⣿⣷⣿⡟⠿⣍⢸⡆⠀⠒⣆⡠⢿⣏⠉⣿⡿⣿⣿⣾⣯⣿⣿⣿⣦⣄⠀⠀⠀⠀⠀\\n\" +","lastModifiedDate":"2026-02-01T16:16:31","isFullCredit":false},{"lineNumber":35,"author":{"gitId":"EepyAdventure"},"content":"            \"⠀⠀⠀⠀⠀⠀⠀⠀⠀⠀⠀⠀⠀⠀⠀⠀⠀⠀⠀⠀⠀⠀⠀⠀⠀⠀⠀⠀⠀⠀⠐⠀⠄⠠⠀⠂⠐⠀⠀⣠⣴⣿⣿⣿⣿⣿⡟⠳⣄⣠⠾⠻⣍⣉⠋⠉⢁⣽⣿⠓⢷⡟⢋⠉⠽⣿⣿⣿⣿⣿⣿⣷⣄⡀⠀⠀\\n\" +","lastModifiedDate":"2026-02-01T16:16:31","isFullCredit":false},{"lineNumber":36,"author":{"gitId":"EepyAdventure"},"content":"            \"⠀⠀⠀⠀⠀⠀⠀⠀⠀⠀⠀⠀⠀⠀⠀⠀⠀⠀⠀⠀⠀⠀⠀⠁⠀⠀⠀⠀⠀⠀⠀⠀⠀⠀⠀⠀⠀⠀⣼⣿⣿⣿⣿⣿⠏⡀⢣⣀⣿⡧⠴⠞⢿⣉⣟⡛⢿⣿⣿⣶⣯⣝⠢⣝⡶⠁⠸⢻⣿⣿⣿⣿⣿⣷⡀⠀\\n\" +","lastModifiedDate":"2026-02-01T16:16:31","isFullCredit":false},{"lineNumber":37,"author":{"gitId":"EepyAdventure"},"content":"            \"⠀⠀⠀⠀⠀⠀⠀⠀⠀⠀⠀⠀⠀⠀⠀⠀⠀⠀⠀⠀⠀⠁⠀⠀⠐⠂⠀⠀⠀⠀⠀⠀⠀⠀⠀⠀⠀⢠⠇⣿⣿⠙⣿⣿⣄⠘⡆⠹⣁⣸⣴⠞⠛⢩⠛⠛⠿⠾⣯⣄⠀⢈⡿⢿⣀⡒⠦⢼⣿⣿⣿⣿⣿⣿⣿⣔\\n\" +","lastModifiedDate":"2026-02-01T16:16:31","isFullCredit":false},{"lineNumber":38,"author":{"gitId":"EepyAdventure"},"content":"            \"⠀⠀⠀⠀⠀⠀⠀⠀⠀⠀⠀⠀⠀⠀⠀⠀⠀⠀⠀⠀⠀⠀⠀⠀⠀⠀⠀⠀⠀⠀⠀⠀⠀⠀⣀⣤⠒⣁⣀⣿⣿⣖⡹⡹⣿⡾⠿⣟⡛⠢⣜⢦⣀⣰⣿⣿⣷⣧⡀⡝⣿⣻⠽⠟⠺⣟⢻⢟⡁⣠⣿⣿⣿⣿⣿⣿\\n\" +","lastModifiedDate":"2026-02-01T16:16:31","isFullCredit":false},{"lineNumber":39,"author":{"gitId":"EepyAdventure"},"content":"            \"⠀⠀⡀⠀⠀⠀⠀⠀⠀⠀⠀⠀⠀⠀⠀⠀⠀⠀⠀⠀⠀⠀⠀⠀⠀⠀⠀⣀⣀⣀⣤⣴⠾⠿⠛⠛⠋⠉⣿⣿⣿⣿⣿⣿⣿⣿⣷⣆⣹⡟⣻⣽⣿⣿⣿⣿⣿⢿⣽⡳⣺⢿⠛⠻⢿⣯⡿⠼⣟⣉⣨⣿⣿⣿⣿⣾\\n\" +","lastModifiedDate":"2026-02-01T16:16:31","isFullCredit":false},{"lineNumber":40,"author":{"gitId":"EepyAdventure"},"content":"            \"⠀⢸⡇⠀⠀⠀⠀⠀⠀⠀⠀⠀⠀⠀⠀⢀⣀⣠⣤⣀⣠⣤⠴⠶⠒⠚⠋⠉⠉⠹⣆⠀⠈⠑⠀⠀⠀⢸⠿⣻⠛⢛⠿⢯⡟⠛⢻⠻⢿⣿⣿⣿⣿⣟⣹⣿⣷⣶⣎⣿⠌⠸⡦⠆⣸⣆⣙⢶⣬⡭⠴⢾⣿⣿⣿⢿\\n\" +","lastModifiedDate":"2026-02-01T16:16:31","isFullCredit":false},{"lineNumber":41,"author":{"gitId":"EepyAdventure"},"content":"            \"⠀⡿⠻⣄⡀⢀⣀⣀⡤⣤⣶⣶⣾⠿⠿⠟⠛⠋⠉⠁⠀⠀⠀⠀⠀⠀⠀⠀⠀⠀⠙⢿⣦⡀⠀⢁⣰⠃⠀⠈⠦⣀⣀⡀⠙⢦⣸⠄⢈⣿⣿⣿⣿⣿⣽⡄⠘⣿⣿⣿⣧⣶⡷⣾⣩⡬⠻⣟⢙⣤⣶⣿⣿⣿⣿⢸\\n\" +","lastModifiedDate":"2026-02-01T16:16:31","isFullCredit":false},{"lineNumber":42,"author":{"gitId":"EepyAdventure"},"content":"            \"⠀⣧⠀⣈⡽⠟⠛⠛⠋⠉⠀⠀⠀⠀⠀⠀⠀⠀⠀⠀⠀⠀⠀⠀⠀⠀⠀⠀⠀⠀⠀⣠⣱⣽⢿⣺⠳⣄⠀⠀⠀⠈⠛⢅⣤⣀⣿⣮⣉⣿⣗⣦⣿⠿⠟⠀⡄⣿⣼⣿⣿⣿⣿⠿⠿⠿⠿⣿⠯⣥⣾⣿⣿⣿⣿⢾\\n\" +","lastModifiedDate":"2026-02-01T16:16:31","isFullCredit":false},{"lineNumber":43,"author":{"gitId":"EepyAdventure"},"content":"            \"⠀⢘⣿⣿⡁⠀⠀⠀⠀⠀⠀⠀⠀⠀⠀⠀⠀⠀⠀⠀⠀⠀⠀⠀⠀⠀⠀⣀⠀⠀⢺⡱⠛⠃⠈⠀⢀⡉⣓⠲⢄⣀⠠⠈⣿⣿⣿⣷⣽⣿⣻⣿⡇⠀⢀⠀⠁⣿⡿⣹⢌⠹⣿⣷⢶⣜⢂⠘⣧⣉⣽⣿⣿⣿⣿⣾\\n\" +","lastModifiedDate":"2026-02-01T16:16:31","isFullCredit":false},{"lineNumber":44,"author":{"gitId":"EepyAdventure"},"content":"            \"⠀⠀⠈⢿⣆⠀⠀⠀⠀⠀⠀⠀⠀⠀⠀⠀⠀⠀⠀⠀⠀⡀⠀⠀⠀⠀⠀⠀⠀⢸⡉⢳⣔⠂⠂⡉⠉⡉⠉⠓⢦⣈⠛⣷⣾⣿⣛⢛⣿⣭⣥⣿⣇⣠⠀⠀⣼⣿⠧⠘⠘⢾⣟⣿⣧⡝⢿⠀⢾⢋⣿⣿⣿⡏⢛⡟\\n\" +","lastModifiedDate":"2026-02-01T16:16:31","isFullCredit":false},{"lineNumber":45,"author":{"gitId":"EepyAdventure"},"content":"            \"⠀⠀⠀⠀⠈⠀⠀⠀⠀⠀⠀⠀⠀⠀⠀⠀⠀⠀⠀⠁⠀⠀⠀⠉⠁⠀⠀⠀⠀⣼⡿⢏⠉⠃⠀⠃⠀⠀⠉⠑⢦⠙⢦⠀⢳⠐⡞⣼⡿⣾⣧⣻⣿⣃⠀⣴⢿⠈⠀⠀⢠⠅⠐⢿⣿⣧⡈⠳⢾⣿⣿⡿⡟⢄⡾⠁\\n\" +","lastModifiedDate":"2026-02-01T16:16:31","isFullCredit":false},{"lineNumber":46,"author":{"gitId":"EepyAdventure"},"content":"            \"⠀⠀⠀⠀⠀⠀⠀⠀⠀⠀⠀⠀⠀⠀⠀⠀⠀⠀⠀⠀⠀⠁⠈⠀⠀⠀⠀⣠⠟⢀⡇⠘⢆⠀⠘⠀⠀⠀⠀⠂⠈⢣⣸⡆⠀⣿⢻⣿⠁⢩⣿⣭⣿⠀⢰⣿⣿⣳⣤⣆⣀⣇⣰⣿⢿⣿⣶⣶⡿⣿⣫⠟⣌⡾⠁⠀\\n\" +","lastModifiedDate":"2026-02-01T16:16:31","isFullCredit":false},{"lineNumber":47,"author":{"gitId":"EepyAdventure"},"content":"            \"⠀⠀⠀⠀⠀⠀⠀⠀⠀⠀⠀⠀⠀⠀⠀⠀⠀⠀⠀⠀⠀⠀⠀⠀⠀⠀⠰⣿⢠⠋⠀⠀⢈⠻⣄⠀⠀⠀⠀⠀⠀⢈⣥⣇⣸⢏⣿⡇⢀⡞⠁⢸⣿⢰⣻⡟⣿⣿⠿⣿⠋⢩⣾⡿⠞⠋⠋⠁⠀⣛⣠⣾⠟⠁⠀⠀\\n\" +","lastModifiedDate":"2026-02-01T16:16:31","isFullCredit":false},{"lineNumber":48,"author":{"gitId":"EepyAdventure"},"content":"            \"⠀⠀⠀⠀⠀⠀⠀⠀⠀⠀⠀⠀⠀⠀⠀⠀⠀⠀⠀⠀⠀⠀⠀⠀⠀⠀⠀⢹⣈⣤⠤⠚⠭⠱⣆⡀⠀⠀⠀⢀⡠⠎⣸⢿⣿⣼⣽⠁⡞⠁⠀⣼⠏⢯⣿⠟⠁⠁⣤⣤⣄⠈⣁⣀⡀⠀⠀⣠⠞⣩⡾⠋⠀⠀⠀⠀\\n\" +","lastModifiedDate":"2026-02-01T16:16:31","isFullCredit":false},{"lineNumber":49,"author":{"gitId":"EepyAdventure"},"content":"            \"⠀⠀⠀⠀⠀⠀⠀⠀⠀⠀⠀⠀⠀⠀⠀⠀⠀⠀⠀⠀⠀⠀⠀⠀⠀⠀⠀⠀⠉⠓⠲⠶⠤⣖⠶⠿⠑⠁⢠⠞⠀⠰⠃⣸⢣⣿⡟⡜⠀⠀⣼⡿⠀⣼⠏⡄⠈⠀⠀⠈⠉⠙⠋⣠⠗⢚⣛⣁⡼⠋⠀⠀⠀⠀⠀⠀\\n\" +","lastModifiedDate":"2026-02-01T16:16:31","isFullCredit":false},{"lineNumber":50,"author":{"gitId":"EepyAdventure"},"content":"            \"⠀⠀⠀⠀⠀⠀⠀⠀⠀⠀⠀⠀⠀⠀⠀⠀⠀⠀⠀⠄⠀⠀⡀⠀⡄⢀⠀⠀⠀⠀⠀⠀⠀⠈⢳⡄⠀⣴⠃⠀⠀⣠⠞⢹⣿⣿⠳⠆⠐⢠⢿⠃⢰⡿⠋⠀⡀⠀⠀⠀⠀⢀⣰⢣⡖⠛⠉⠉⠀⠀⠀⠀⠀⠀⠀⠀\\n\" +","lastModifiedDate":"2026-02-01T16:16:31","isFullCredit":false},{"lineNumber":51,"author":{"gitId":"EepyAdventure"},"content":"            \"⠀⠀⠀⠀⠀⠀⠀⠀⠀⠀⠀⠀⠀⠀⠀⠀⠀⠀⠀⠀⠀⠀⠀⠀⠀⠀⠀⢀⠀⠀⠀⠀⠀⠀⠈⡇⡾⠀⡀⣠⡾⢃⡴⣿⡟⣿⡆⠀⠄⢰⡿⠀⡾⠓⠀⠀⠀⠀⠀⠀⢀⣾⢣⡟⠀⠀⠀⠀⠀⠀⠀⠀⠀⠀⠀⠀\\n\" +","lastModifiedDate":"2026-02-01T16:16:31","isFullCredit":false},{"lineNumber":52,"author":{"gitId":"EepyAdventure"},"content":"            \"⠀⠀⠀⠀⠀⠀⠀⠀⠀⠀⠀⠀⠀⠀⠀⠀⠀⠀⠀⠂⠐⠐⠐⠀⠂⠀⠀⠀⠀⠀⠀⠀⠀⠀⠸⡿⡥⡬⣟⡉⢠⣥⣾⣽⣿⡁⠀⠀⠒⣾⠧⢸⡇⠐⠀⠱⡀⠀⢦⠀⣼⣯⡎⠀⠀⠀⠀⠀⠀⠀⠀⠀⠀⠀⠀⠀\\n\" +","lastModifiedDate":"2026-02-01T16:16:31","isFullCredit":false},{"lineNumber":53,"author":{"gitId":"EepyAdventure"},"content":"            \"⠀⠀⠀⠀⠀⠀⠀⠀⠀⠀⠀⠀⠀⠀⠀⠀⠀⠀⠀⠀⠀⠀⠀⠀⠀⠀⠀⠀⠀⠀⠀⠀⠀⠀⠀⢧⢡⣯⠀⠉⠉⠀⣿⢹⡿⠰⠀⠀⠀⣾⠁⡿⢋⠄⠀⠀⠱⣄⣸⣿⠟⡟⠀⠀⠀⠀⠀⠀⠀⠀⠀⠀⠀⠀⠀⠀\\n\" +","lastModifiedDate":"2026-02-01T16:16:31","isFullCredit":false},{"lineNumber":54,"author":{"gitId":"EepyAdventure"},"content":"            \"⠀⠀⠀⠀⠀⠀⠀⠀⠀⠀⠀⠀⠀⠀⠀⠀⠀⠀⠀⠀⠀⠀⠀⠀⠀⠀⠀⠀⠀⠀⠀⠀⠀⠀⠀⢸⡌⢻⠷⠦⠀⣠⡇⢸⣧⠛⠉⠉⢳⣏⢸⡿⠭⡈⠀⠀⢀⠘⢹⢿⣾⡃⠀⠀⠀⠀⠀⠀⠀⠀⠀⠀⠀⠀⠀⠀\\n\" +","lastModifiedDate":"2026-02-01T16:16:31","isFullCredit":false},{"lineNumber":55,"author":{"gitId":"EepyAdventure"},"content":"            \"⠀⠀⡐⢂⠐⠂⠀⠀⠐⠀⠐⠀⠂⠀⠀⠐⠀⠐⠀⠀⠀⠀⠀⠐⠀⠀⠒⠘⠂⠊⠀⠘⠘⠀⠀⠀⣯⡈⢳⣤⣀⠸⡗⣿⣿⣀⠘⠀⣿⠟⣸⡇⣸⠘⣆⡆⠀⠹⠈⠸⠕⢿⡄⠀⠀⠀⠀⠀⠀⠀⠀⠀⠀⠀⠀⠀\\n\" +","lastModifiedDate":"2026-02-01T16:16:31","isFullCredit":false},{"lineNumber":56,"author":{"gitId":"EepyAdventure"},"content":"            \"⠀⠁⠀⠀⠠⠤⠅⠀⠀⠁⠀⠀⠀⠀⠓⠒⣀⡐⠂⡒⠐⠀⠂⠐⠀⠀⠐⠐⠂⠂⠂⠀⠈⠀⠁⠀⣿⣉⠀⠀⠈⢹⣧⣮⣇⡉⣘⣫⣽⠠⡟⠋⠉⠀⠀⠀⠀⠀⠀⠀⠀⠈⠀⠀⠀⠀⠀⠀⠀⠀⠀⠀⠀⠀⠀⠀\\n\" +","lastModifiedDate":"2026-02-01T16:16:31","isFullCredit":false},{"lineNumber":57,"author":{"gitId":"EepyAdventure"},"content":"            \"⢀⠠⢐⠤⢀⣀⢀⡀⠀⠀⠀⠀⠀⠀⡀⠀⠀⡀⠀⡀⠀⠀⠀⠀⠀⠀⠀⠂⠀⠐⠀⠀⠀⠀⠀⢰⡟⡎⠐⠂⠀⢸⣿⢺⣿⠁⡌⢼⡇⠀⠀⠀⠀⠀⠀⠀⠀⠀⠀⠀⠀⠀⠀⠀⠀⠀⠀⠀⠀⠀⠀⠀⠀⠀⠀⠀\\n\" +","lastModifiedDate":"2026-02-01T16:16:31","isFullCredit":false},{"lineNumber":58,"author":{"gitId":"EepyAdventure"},"content":"            \"⠀⠘⠊⠈⠄⠀⠁⠀⠀⠀⠀⠀⠀⠁⠠⠤⠁⠈⠤⠁⠤⠤⠀⠀⠀⠀⠀⠀⠀⠀⠄⠄⠀⠀⠀⣸⠇⠅⠀⠀⢀⡿⣿⡼⠃⠁⠀⠀⠀⠀⠀⠀⠀⠀⠀⠀⠀⠀⠀⠀⠀⠀⠀⠀⡀⠀⡀⠀⠀⡀⠀⢀⢀⠀⡀⠀\\n\" +","lastModifiedDate":"2026-02-01T16:16:31","isFullCredit":false},{"lineNumber":59,"author":{"gitId":"EepyAdventure"},"content":"            \"⠐⠈⠑⠀⠒⠉⠈⠀⠀⠀⠀⠀⠀⠁⠀⠀⠀⠀⠀⠀⠀⠀⠀⠀⠀⠀⠀⠒⠐⠂⠀⠀⠀⠀⠀⠋⠀⠀⠈⠉⠈⠀⡉⠁⠀⠀⠀⠀⠀⠀⠀⠀⠀⠀⠀⠀⠀⠀⠀⠀⠀⠀⠀⠀⠀⠀⠀⠀⠀⠈⠀⠀⠀⠀⠀⠀\";","lastModifiedDate":"2026-02-01T16:16:31","isFullCredit":false},{"lineNumber":60,"author":{"gitId":"EepyAdventure"},"content":"    protected static final String GREETING \u003d \"Hello I\u0027m Nuke\\n\" +","lastModifiedDate":"2026-02-01T16:16:31","isFullCredit":false},{"lineNumber":61,"author":{"gitId":"EepyAdventure"},"content":"                                                \"What can I do for you?\\n\";","lastModifiedDate":"2026-02-01T16:16:31","isFullCredit":false},{"lineNumber":62,"author":{"gitId":"EepyAdventure"},"content":"    protected static final String FAREWELL \u003d \"Farewell, my love\\n\" +","lastModifiedDate":"2026-02-01T16:16:31","isFullCredit":false},{"lineNumber":63,"author":{"gitId":"EepyAdventure"},"content":"                                                \"Oops wrong line\\n\" +","lastModifiedDate":"2026-02-01T16:16:31","isFullCredit":false},{"lineNumber":64,"author":{"gitId":"EepyAdventure"},"content":"                                                \"I mean farewell, SIR\\n\";","lastModifiedDate":"2026-02-01T16:16:31","isFullCredit":false},{"lineNumber":65,"author":{"gitId":"EepyAdventure"},"content":"}","lastModifiedDate":"2026-02-01T16:16:31","isFullCredit":false}],"authorContributionMap":{"EepyAdventure":65}},{"path":"src/main/java/Index.java","fileType":"java","lines":[{"lineNumber":1,"author":{"gitId":"EepyAdventure"},"content":"public class Index {","lastModifiedDate":"2026-02-01T16:16:31","isFullCredit":false},{"lineNumber":2,"author":{"gitId":"EepyAdventure"},"content":"","lastModifiedDate":"2026-02-01T16:16:31","isFullCredit":false},{"lineNumber":3,"author":{"gitId":"EepyAdventure"},"content":"}","lastModifiedDate":"2026-02-01T16:16:31","isFullCredit":false}],"authorContributionMap":{"EepyAdventure":3}},{"path":"src/main/java/Nuke.java","fileType":"java","lines":[{"lineNumber":1,"author":{"gitId":"EepyAdventure"},"content":"","lastModifiedDate":"2026-02-01T16:16:31","isFullCredit":false},{"lineNumber":2,"author":{"gitId":"EepyAdventure"},"content":"import java.util.Scanner;","lastModifiedDate":"2026-02-01T16:16:31","isFullCredit":false},{"lineNumber":3,"author":{"gitId":"EepyAdventure"},"content":"","lastModifiedDate":"2026-02-01T16:16:31","isFullCredit":false},{"lineNumber":4,"author":{"gitId":"EepyAdventure"},"content":"public class Nuke {","lastModifiedDate":"2026-02-01T16:16:31","isFullCredit":false},{"lineNumber":5,"author":{"gitId":"EepyAdventure"},"content":"","lastModifiedDate":"2026-02-01T16:16:31","isFullCredit":false},{"lineNumber":6,"author":{"gitId":"EepyAdventure"},"content":"    public static void start() {","lastModifiedDate":"2026-02-01T16:16:31","isFullCredit":false},{"lineNumber":7,"author":{"gitId":"EepyAdventure"},"content":"        System.out.println(Bank.LOGO_LOBOTOMY);","lastModifiedDate":"2026-02-01T16:16:31","isFullCredit":false},{"lineNumber":8,"author":{"gitId":"EepyAdventure"},"content":"        System.out.println(Bank.GREETING);","lastModifiedDate":"2026-02-01T16:16:31","isFullCredit":false},{"lineNumber":9,"author":{"gitId":"EepyAdventure"},"content":"        System.out.println(Bank.LINE);","lastModifiedDate":"2026-02-01T16:16:31","isFullCredit":false},{"lineNumber":10,"author":{"gitId":"EepyAdventure"},"content":"    }","lastModifiedDate":"2026-02-01T16:16:31","isFullCredit":false},{"lineNumber":11,"author":{"gitId":"EepyAdventure"},"content":"    public static void exit() {","lastModifiedDate":"2026-02-01T16:16:31","isFullCredit":false},{"lineNumber":12,"author":{"gitId":"EepyAdventure"},"content":"        System.out.println(Bank.LOGO_AME);","lastModifiedDate":"2026-02-01T16:16:31","isFullCredit":false},{"lineNumber":13,"author":{"gitId":"EepyAdventure"},"content":"        System.out.println(Bank.FAREWELL);","lastModifiedDate":"2026-02-01T16:16:31","isFullCredit":false},{"lineNumber":14,"author":{"gitId":"EepyAdventure"},"content":"    }","lastModifiedDate":"2026-02-01T16:16:31","isFullCredit":false},{"lineNumber":15,"author":{"gitId":"EepyAdventure"},"content":"    public static void echo() {}","lastModifiedDate":"2026-02-01T16:16:31","isFullCredit":false},{"lineNumber":16,"author":{"gitId":"EepyAdventure"},"content":"    public static void main(String[] args) {","lastModifiedDate":"2026-02-01T16:16:31","isFullCredit":false},{"lineNumber":17,"author":{"gitId":"EepyAdventure"},"content":"        Nuke.start();","lastModifiedDate":"2026-02-01T16:16:31","isFullCredit":false},{"lineNumber":18,"author":{"gitId":"EepyAdventure"},"content":"        Scanner scanner \u003d new Scanner(System.in);","lastModifiedDate":"2026-02-01T16:16:31","isFullCredit":false},{"lineNumber":19,"author":{"gitId":"EepyAdventure"},"content":"        String input;","lastModifiedDate":"2026-02-01T16:16:31","isFullCredit":false},{"lineNumber":20,"author":{"gitId":"EepyAdventure"},"content":"        Nuke.exit();","lastModifiedDate":"2026-02-01T16:16:31","isFullCredit":false},{"lineNumber":21,"author":{"gitId":"EepyAdventure"},"content":"    }","lastModifiedDate":"2026-02-01T16:16:31","isFullCredit":false},{"lineNumber":22,"author":{"gitId":"EepyAdventure"},"content":"}","lastModifiedDate":"2026-02-01T16:16:31","isFullCredit":false}],"authorContributionMap":{"EepyAdventure":22}}]
