{"authorDailyContributionsMap":{"Raylong268":[{"date":"2026-01-16T00:00:00","commitResults":[{"hash":"b8feb0f67baf54dfaccbc088c9bcc4aa0e45853d","isMergeCommit":false,"messageTitle":"Gave name to chatbot and implemented initial skeleton version","messageBody":"","fileTypesAndContributionMap":{"java":{"insertions":8,"deletions":6}}},{"hash":"8604cdc3ae06b874f9d083b1cddb858de1a0ecb6","isMergeCommit":false,"messageTitle":"Gave name to chatbot and implemented initial skeleton version, edited file name","messageBody":"","tags":["Level-0"],"fileTypesAndContributionMap":{"java":{"insertions":1,"deletions":1}}},{"hash":"f182db6df6e8bc525dcb209183a150cad042ad45","isMergeCommit":false,"messageTitle":"Using java scanner, chatbot now echoes back text and stops running when \u0027bye\u0027 is inputted","messageBody":"","tags":["Level-1"],"fileTypesAndContributionMap":{"java":{"insertions":15,"deletions":2}}},{"hash":"4e666b68f6945d1fa296d227e507c987c4e7657a","isMergeCommit":false,"messageTitle":"Added implementation to store all text sent to chatbot, and to print all of them in order when \u0027list\u0027 command is given","messageBody":"","tags":["Level-2"],"fileTypesAndContributionMap":{"java":{"insertions":19,"deletions":1}}},{"hash":"fccd0d66e630ccc443b6d11640e52c8a33c458b2","isMergeCommit":false,"messageTitle":"Added Task class, and added implementation for tagging tasks as done and undone using \u0027mark\u0027 and \u0027unmark\u0027. Also failsafed against invalid task tagging and invalid number inputs","messageBody":"","fileTypesAndContributionMap":{"java":{"insertions":4,"deletions":0}}},{"hash":"7c5f90d392db4facaf5e19b34c553646a29c86bf","isMergeCommit":false,"messageTitle":"Added Task class, and added implementation for tagging tasks as done and undone using \u0027mark\u0027 and \u0027unmark\u0027. Also failsafed against invalid task tagging and invalid number inputs","messageBody":"","tags":["Level-3"],"fileTypesAndContributionMap":{"java":{"insertions":75,"deletions":10}}},{"hash":"d955c66de73af795846c7bd5ec29a198d313b547","isMergeCommit":false,"messageTitle":"Added Todo, deadline and event tasks, as well as ability to add said tasks to schedule","messageBody":"","tags":["Level-4"],"fileTypesAndContributionMap":{"java":{"insertions":90,"deletions":17}}}]},{"date":"2026-01-17T00:00:00","commitResults":[{"hash":"b75aa0120e56b53dffb6b8daa31b739db8df5085","isMergeCommit":false,"messageTitle":"Added some automated UI-testing","messageBody":"","tags":["A-TextUiTesting"],"fileTypesAndContributionMap":{"txt":{"insertions":13,"deletions":0},"java":{"insertions":13,"deletions":13},"bat":{"insertions":10,"deletions":2}}},{"hash":"1fbe9b7eb804f1b25385de5cd91ce5948101976e","isMergeCommit":false,"messageTitle":"Reformated the emu class and added exception handling for errors","messageBody":"","tags":["Level-5"],"fileTypesAndContributionMap":{"txt":{"insertions":2,"deletions":0},"java":{"insertions":144,"deletions":105}}},{"hash":"f6e300927d037c978800d4fdd0efd31cd21a9b25","isMergeCommit":false,"messageTitle":"Added ability to delete tasks, as well as fixing mistake in Level-5 that caused chatbot to end early","messageBody":"","fileTypesAndContributionMap":{"txt":{"insertions":4,"deletions":0},"java":{"insertions":37,"deletions":24}}}]},{"date":"2026-01-19T00:00:00","commitResults":[{"hash":"db637e02f69280db6e223823be6161e76fc1d82f","isMergeCommit":false,"messageTitle":"Added ability to delete tasks, as well as fixing mistake in Level-5 that caused chatbot to end early. Also added comments to several classes","messageBody":"","tags":["Level-6"],"fileTypesAndContributionMap":{"java":{"insertions":80,"deletions":2}}}]},{"date":"2026-01-22T00:00:00","commitResults":[{"hash":"8a811e2d4ee14979c164d0d77748483517080ccf","isMergeCommit":false,"messageTitle":"Add Storage.java, update Emu.java to use Storage","messageBody":"","fileTypesAndContributionMap":{"java":{"insertions":127,"deletions":14}}}]},{"date":"2026-01-23T00:00:00","commitResults":[{"hash":"bee9847baf737d228fdc5b108845fb55aed04a8c","isMergeCommit":false,"messageTitle":"Deadline/Events class: Parse dates in yyyy-MM-dd","messageBody":"Dates not recognised in string.\n\nRecognising dates is helpful for inputs associated with\ntime (etc. to, from)\n\nParse input into LocalDate, and convert to MMM d yyyy format\nto store as string, allow error to self-default to input\nif invalid string in respective classes.\n\nThis behavior is not common to all Tasks so is implemented\nonly in Deadline and Events\n","fileTypesAndContributionMap":{"txt":{"insertions":9,"deletions":0},"java":{"insertions":40,"deletions":6}}},{"hash":"5b518f09c2678f167a8d49964a9377ac6d6d2ef6","isMergeCommit":true,"messageTitle":"Merge branch \u0027branch-Level-7\u0027","messageBody":"","tags":["Level-7"],"fileTypesAndContributionMap":{}},{"hash":"aac6cd0888e142890d79008af6e84ce69358c873","isMergeCommit":true,"messageTitle":"Merge branch \u0027branch-Level-8\u0027","messageBody":"","tags":["Level-8"],"fileTypesAndContributionMap":{}},{"hash":"a39d650e332b6ff095ff5e73be1246fe547146c8","isMergeCommit":false,"messageTitle":"Add Parser.java","messageBody":"","fileTypesAndContributionMap":{"java":{"insertions":20,"deletions":0}}},{"hash":"b7e27d998ffd4eb13f68be94d503ba9537b8c768","isMergeCommit":false,"messageTitle":"Add UI.java","messageBody":"","fileTypesAndContributionMap":{"java":{"insertions":22,"deletions":0}}},{"hash":"4ee2d1d9448cd0f823b115d87d2c74e881c4e2e1","isMergeCommit":false,"messageTitle":"Add TaskList.java","messageBody":"","fileTypesAndContributionMap":{"java":{"insertions":79,"deletions":0}}},{"hash":"4c41b6351e330ffcad34b35a9bdb08661754bb18","isMergeCommit":false,"messageTitle":"Rework Emu.java with TaskList/UI, update Storage","messageBody":"","fileTypesAndContributionMap":{"java":{"insertions":43,"deletions":141}}},{"hash":"3b3a23a812ab1325a11ee654916b677f4392b927","isMergeCommit":false,"messageTitle":"Rework Emu.java with Parser, update Parser.java","messageBody":"","fileTypesAndContributionMap":{"java":{"insertions":101,"deletions":97}}},{"hash":"68611012b5c201d19ca6e566131b107df4db425c","isMergeCommit":false,"messageTitle":"Bug fix Parser.java, update input.txt","messageBody":"","fileTypesAndContributionMap":{"java":{"insertions":5,"deletions":2}}},{"hash":"06000c3516d1a446aab6ccfa5d339e64bcabc840","isMergeCommit":true,"messageTitle":"Merge branch \u0027A-MoreOOP\u0027","messageBody":"","tags":["A-MoreOOP"],"fileTypesAndContributionMap":{}},{"hash":"c3802bbaaccad74d1ce3b4d49954f87da4140f6e","isMergeCommit":false,"messageTitle":"Move all class to emu package, update runtest-bat","messageBody":"","fileTypesAndContributionMap":{"java":{"insertions":21,"deletions":3},"bat":{"insertions":1,"deletions":1}}},{"hash":"7503e12581d28a4283797ccbc9e0b045a05c9126","isMergeCommit":true,"messageTitle":"Merge branch \u0027A-Packages\u0027","messageBody":"","tags":["A-Packages"],"fileTypesAndContributionMap":{}},{"hash":"dbb550369d861b45ff7e1fb0da41f0a29b4606ef","isMergeCommit":true,"messageTitle":"Merge branch \u0027add-gradle-support\u0027","messageBody":"","fileTypesAndContributionMap":{}}]},{"date":"2026-01-24T00:00:00","commitResults":[{"hash":"55cddc13b255b7f6a759a80407876e1e0041e664","isMergeCommit":false,"messageTitle":"Add Gradle support to build/run Emu","messageBody":"","tags":["A-Gradle"],"fileTypesAndContributionMap":{"gradle":{"insertions":2,"deletions":2}}},{"hash":"e4f365b73526a6a04599b78ee4b86c99f2183f45","isMergeCommit":false,"messageTitle":"Add ParserTest and ScannerTest for parse and storage","messageBody":"","tags":["A-Jar","A-JUnit"],"fileTypesAndContributionMap":{"java":{"insertions":221,"deletions":4}}}]},{"date":"2026-01-25T00:00:00","commitResults":[{"hash":"86e08c75809c12be021d91295cfca7495cfc4302","isMergeCommit":false,"messageTitle":"Add JavaDoc comments to all chatbot files","messageBody":"","fileTypesAndContributionMap":{"java":{"insertions":392,"deletions":125}}},{"hash":"c2bc1420550c4f15d042a5efae244380d2d026dd","isMergeCommit":false,"messageTitle":"Add find method to find tasks","messageBody":"","fileTypesAndContributionMap":{"java":{"insertions":29,"deletions":5}}},{"hash":"3b751acd8f2a74be0315d9d9d8b967c44408923a","isMergeCommit":false,"messageTitle":"Modify list method comment in TaskList","messageBody":"","fileTypesAndContributionMap":{"java":{"insertions":1,"deletions":2}}},{"hash":"a561700ffef5d0328e7f26ef57762bc3271c2676","isMergeCommit":false,"messageTitle":"Modify find method comment in TaskList","messageBody":"","fileTypesAndContributionMap":{"java":{"insertions":2,"deletions":3}}},{"hash":"9b62287ebb92b8df17c7735cac10538b6bb4cbf1","isMergeCommit":false,"messageTitle":"Add comment for find portion in Emu.respond","messageBody":"","fileTypesAndContributionMap":{"java":{"insertions":1,"deletions":0}}}]},{"date":"2026-01-27T00:00:00","commitResults":[{"hash":"d3f5948efdbb0045aab40c85df5e7465c984d1e6","isMergeCommit":false,"messageTitle":"Change to fit Java coding standard","messageBody":"","fileTypesAndContributionMap":{"java":{"insertions":88,"deletions":79}}},{"hash":"9c7a5d0a6b24d8d178a84ea2153677d50a146c3d","isMergeCommit":true,"messageTitle":"Merge branch \u0027branch-A-JavaDoc\u0027","messageBody":"","tags":["A-JavaDoc"],"fileTypesAndContributionMap":{}},{"hash":"6173d99dd376e17aacbbe0a9c03ad639376ccc81","isMergeCommit":true,"messageTitle":"Merge branch-A-CodingStandard to master","messageBody":"","tags":["A-CodingStandard"],"fileTypesAndContributionMap":{}},{"hash":"8b134ff7cdfe1ff50c7b8f3b856fa7c0c15071c7","isMergeCommit":true,"messageTitle":"Merge branch-Level-9 to master","messageBody":"","tags":["Level-9"],"fileTypesAndContributionMap":{}},{"hash":"cd95df616ee6583fbffb31b4f0866073b8c461e1","isMergeCommit":false,"messageTitle":"Fix counter error in find method","messageBody":"","fileTypesAndContributionMap":{"java":{"insertions":1,"deletions":1}}},{"hash":"56143467d3cb076407be102ca84bc556f355af81","isMergeCommit":false,"messageTitle":"Fix runtest.bat to use newest Emu","messageBody":"","fileTypesAndContributionMap":{"txt":{"insertions":5,"deletions":0},"bat":{"insertions":2,"deletions":10}}}]},{"date":"2026-01-29T00:00:00","commitResults":[{"hash":"0dee78fab97c396851b92d3b9977a795dcb213a6","isMergeCommit":false,"messageTitle":"Edit storage for code style","messageBody":"","fileTypesAndContributionMap":{"txt":{"insertions":0,"deletions":5},"java":{"insertions":1,"deletions":0}}}]},{"date":"2026-01-30T00:00:00","commitResults":[{"hash":"1a54e2d4ca61730c32ed97eee2f70f58ed8fceb5","isMergeCommit":false,"messageTitle":"Implement GUI for Emu chatbot","messageBody":"","fileTypesAndContributionMap":{"fxml":{"insertions":65,"deletions":0},"java":{"insertions":272,"deletions":104}}},{"hash":"cafe50c171c8445dc431e861e4be7082821717ea","isMergeCommit":true,"messageTitle":"Merge branch \u0027branch-Level-10\u0027","messageBody":"","tags":["Level-10"],"fileTypesAndContributionMap":{}},{"hash":"3438ddfe8aee1790edaf482501b768f3ad2994e5","isMergeCommit":false,"messageTitle":"Add checkstyle plugin","messageBody":"","fileTypesAndContributionMap":{"gradle":{"insertions":21,"deletions":2}}},{"hash":"649dae579991a616411c9b83616cf9fd276b247c","isMergeCommit":true,"messageTitle":"Merge branch \u0027branch-A-Checkstyle\u0027","messageBody":"","tags":["A-CheckStyle"],"fileTypesAndContributionMap":{}}]},{"date":"2026-02-02T00:00:00","commitResults":[{"hash":"2e8025f6186afbc8b16e0323b06e6599d2fd7f2a","isMergeCommit":false,"messageTitle":"Fix Java Style","messageBody":"","fileTypesAndContributionMap":{"java":{"insertions":37,"deletions":53}}}]},{"date":"2026-02-03T00:00:00","commitResults":[{"hash":"2eadc21c72de7f2961e8ce65700800332360ef04","isMergeCommit":false,"messageTitle":"Add assertions for assumptions in code","messageBody":"Some methods in the taskbot rely on assumptions that the code\nis called correctly by other methods.\n\nThis may result in the chatbot not working if the methods are called\nincorrectly in the code.\n\nLet\u0027s add assertions to all valid methods, to identify and differentiate\nmistakes in code from user input edge cases\n\nUsing assertions only for coding assumptions  is preferable as assertions\ncan be disabled, and should not handle edge cases.\n","tags":["A-Assertions"],"fileTypesAndContributionMap":{"java":{"insertions":84,"deletions":3}}},{"hash":"0b272182642f6d55e6831fa9470973cc53e2671f","isMergeCommit":false,"messageTitle":"Edit code to improve code quality","messageBody":"There are several areas where code quality can be improved\nfor readers to better understand what the code does\n\nLet\u0027s edit code to follow Java coding quality, help users better\nunderstand the classes and methods\n\nUsing Java coding quality is preferred as it is the common style used\nin this course, and therefore would be easily recognisable and\nunderstood\n","tags":["A-FullCommitMessage"],"fileTypesAndContributionMap":{"java":{"insertions":369,"deletions":351}}}]},{"date":"2026-02-05T00:00:00","commitResults":[{"hash":"7220717830613e980fdbf39a57d4ca9ccfb2b6ff","isMergeCommit":false,"messageTitle":"Minor adjust to code quality","messageBody":"","fileTypesAndContributionMap":{"java":{"insertions":5,"deletions":5}}},{"hash":"60902f16e6fe2afdc48b9441216e444a1a6afe51","isMergeCommit":true,"messageTitle":"Merge pull request from Raylong268/branch-A-Assertions","messageBody":"Add assertions for assumptions in code","fileTypesAndContributionMap":{}},{"hash":"d5b6a417b9e62c98a2e8ce2413a73d3ceac8b2f8","isMergeCommit":true,"messageTitle":"Merge master to branch-A-CodeQuality","messageBody":"","tags":["A-CodeQuality"],"fileTypesAndContributionMap":{}},{"hash":"be6ece7726943f7c71206c8384f6a8585bfaa12a","isMergeCommit":true,"messageTitle":"Merge pull request from Raylong268/branch-A-CodeQuality","messageBody":"Branch-A-CodeQuality","fileTypesAndContributionMap":{}},{"hash":"23fc3a721adc032dd85e8378813ec62ff4b67fe6","isMergeCommit":false,"messageTitle":"Add undo feature for Tasklist edit","messageBody":"","tags":["BCD-Extension"],"fileTypesAndContributionMap":{"java":{"insertions":82,"deletions":16}}}]},{"date":"2026-02-20T00:00:00","commitResults":[{"hash":"8ebf53f35f110dd139f82d1f3de57420ab15398a","isMergeCommit":false,"messageTitle":"Use AI to improve chatbot personality","messageBody":"","fileTypesAndContributionMap":{"java":{"insertions":129,"deletions":105}}}]}]},"authorFileTypeContributionMap":{"Raylong268":{"java":1356,"md":0,"fxml":65,"sh":0,"bat":3,"gradle":21,"txt":30}},"authorContributionVariance":{"Raylong268":35365.348},"authorDisplayNameMap":{"Raylong268":"CS2103T-T12-3 TAN ..HANE"}}
