[{"path":"src/main/java/Deadline.java","fileType":"java","lines":[{"lineNumber":1,"author":{"gitId":"kimsianglim"},"content":"public class Deadline extends Task {","lastModifiedDate":"2026-01-29T03:17:04","isFullCredit":false},{"lineNumber":2,"author":{"gitId":"kimsianglim"},"content":"    protected String by;","lastModifiedDate":"2026-01-29T03:17:04","isFullCredit":false},{"lineNumber":3,"author":{"gitId":"kimsianglim"},"content":"","lastModifiedDate":"2026-01-29T03:17:04","isFullCredit":false},{"lineNumber":4,"author":{"gitId":"kimsianglim"},"content":"    public Deadline(String description, String by) {","lastModifiedDate":"2026-01-29T03:17:04","isFullCredit":false},{"lineNumber":5,"author":{"gitId":"kimsianglim"},"content":"        super(description);","lastModifiedDate":"2026-01-29T03:17:04","isFullCredit":false},{"lineNumber":6,"author":{"gitId":"kimsianglim"},"content":"        this.by \u003d by;","lastModifiedDate":"2026-01-29T03:17:04","isFullCredit":false},{"lineNumber":7,"author":{"gitId":"kimsianglim"},"content":"    }","lastModifiedDate":"2026-01-29T03:17:04","isFullCredit":false},{"lineNumber":8,"author":{"gitId":"kimsianglim"},"content":"","lastModifiedDate":"2026-01-29T03:17:04","isFullCredit":false},{"lineNumber":9,"author":{"gitId":"kimsianglim"},"content":"    public Deadline(String description, String by, boolean isDone) {","lastModifiedDate":"2026-01-30T13:14:01","isFullCredit":false},{"lineNumber":10,"author":{"gitId":"kimsianglim"},"content":"        super(description, isDone);","lastModifiedDate":"2026-01-30T13:14:01","isFullCredit":false},{"lineNumber":11,"author":{"gitId":"kimsianglim"},"content":"        this.by \u003d by;","lastModifiedDate":"2026-01-30T13:14:01","isFullCredit":false},{"lineNumber":12,"author":{"gitId":"kimsianglim"},"content":"    }","lastModifiedDate":"2026-01-30T13:14:01","isFullCredit":false},{"lineNumber":13,"author":{"gitId":"kimsianglim"},"content":"","lastModifiedDate":"2026-01-30T13:14:01","isFullCredit":false},{"lineNumber":14,"author":{"gitId":"kimsianglim"},"content":"    @Override","lastModifiedDate":"2026-01-30T13:14:01","isFullCredit":false},{"lineNumber":15,"author":{"gitId":"kimsianglim"},"content":"    public String toFileString() {","lastModifiedDate":"2026-01-30T13:14:01","isFullCredit":false},{"lineNumber":16,"author":{"gitId":"kimsianglim"},"content":"        return \"D | \" + (isDone() ? \"1\" : \"0\") + \" | \" + getDescription() + \" | \" + by;","lastModifiedDate":"2026-01-30T13:14:01","isFullCredit":false},{"lineNumber":17,"author":{"gitId":"kimsianglim"},"content":"    }","lastModifiedDate":"2026-01-30T13:14:01","isFullCredit":false},{"lineNumber":18,"author":{"gitId":"kimsianglim"},"content":"","lastModifiedDate":"2026-01-30T13:14:01","isFullCredit":false},{"lineNumber":19,"author":{"gitId":"kimsianglim"},"content":"    @Override","lastModifiedDate":"2026-01-29T03:17:04","isFullCredit":false},{"lineNumber":20,"author":{"gitId":"kimsianglim"},"content":"    public String toString() {","lastModifiedDate":"2026-01-29T03:17:04","isFullCredit":false},{"lineNumber":21,"author":{"gitId":"kimsianglim"},"content":"        return \"[D]\" + super.toString() + \" (by: \" + by + \")\";","lastModifiedDate":"2026-01-29T03:17:04","isFullCredit":false},{"lineNumber":22,"author":{"gitId":"kimsianglim"},"content":"    }","lastModifiedDate":"2026-01-29T03:17:04","isFullCredit":false},{"lineNumber":23,"author":{"gitId":"kimsianglim"},"content":"}","lastModifiedDate":"2026-01-29T03:17:04","isFullCredit":false}],"authorContributionMap":{"kimsianglim":23}},{"path":"src/main/java/Event.java","fileType":"java","lines":[{"lineNumber":1,"author":{"gitId":"kimsianglim"},"content":"public class Event extends Task {","lastModifiedDate":"2026-01-29T03:17:04","isFullCredit":false},{"lineNumber":2,"author":{"gitId":"kimsianglim"},"content":"    protected String from;","lastModifiedDate":"2026-01-29T03:17:04","isFullCredit":false},{"lineNumber":3,"author":{"gitId":"kimsianglim"},"content":"    protected String to;","lastModifiedDate":"2026-01-29T03:17:04","isFullCredit":false},{"lineNumber":4,"author":{"gitId":"kimsianglim"},"content":"","lastModifiedDate":"2026-01-29T03:17:04","isFullCredit":false},{"lineNumber":5,"author":{"gitId":"kimsianglim"},"content":"    public Event(String description, String from, String to) {","lastModifiedDate":"2026-01-29T03:17:04","isFullCredit":false},{"lineNumber":6,"author":{"gitId":"kimsianglim"},"content":"        super(description);","lastModifiedDate":"2026-01-29T03:17:04","isFullCredit":false},{"lineNumber":7,"author":{"gitId":"kimsianglim"},"content":"        this.from \u003d from;","lastModifiedDate":"2026-01-29T03:17:04","isFullCredit":false},{"lineNumber":8,"author":{"gitId":"kimsianglim"},"content":"        this.to \u003d to;","lastModifiedDate":"2026-01-29T03:17:04","isFullCredit":false},{"lineNumber":9,"author":{"gitId":"kimsianglim"},"content":"    }","lastModifiedDate":"2026-01-29T03:17:04","isFullCredit":false},{"lineNumber":10,"author":{"gitId":"kimsianglim"},"content":"","lastModifiedDate":"2026-01-29T03:17:04","isFullCredit":false},{"lineNumber":11,"author":{"gitId":"kimsianglim"},"content":"    public Event(String description, String from, String to, boolean isDone) {","lastModifiedDate":"2026-01-30T13:14:01","isFullCredit":false},{"lineNumber":12,"author":{"gitId":"kimsianglim"},"content":"        super(description, isDone);","lastModifiedDate":"2026-01-30T13:14:01","isFullCredit":false},{"lineNumber":13,"author":{"gitId":"kimsianglim"},"content":"        this.from \u003d from;","lastModifiedDate":"2026-01-30T13:14:01","isFullCredit":false},{"lineNumber":14,"author":{"gitId":"kimsianglim"},"content":"        this.to \u003d to;","lastModifiedDate":"2026-01-30T13:14:01","isFullCredit":false},{"lineNumber":15,"author":{"gitId":"kimsianglim"},"content":"    }","lastModifiedDate":"2026-01-30T13:14:01","isFullCredit":false},{"lineNumber":16,"author":{"gitId":"kimsianglim"},"content":"","lastModifiedDate":"2026-01-30T13:14:01","isFullCredit":false},{"lineNumber":17,"author":{"gitId":"kimsianglim"},"content":"    @Override","lastModifiedDate":"2026-01-30T13:14:01","isFullCredit":false},{"lineNumber":18,"author":{"gitId":"kimsianglim"},"content":"    public String toFileString() {","lastModifiedDate":"2026-01-30T13:14:01","isFullCredit":false},{"lineNumber":19,"author":{"gitId":"kimsianglim"},"content":"        return \"E | \" + (isDone() ? \"1\" : \"0\") + \" | \" + getDescription() + \" | \" + from + \" | \" + to;","lastModifiedDate":"2026-01-30T13:14:01","isFullCredit":false},{"lineNumber":20,"author":{"gitId":"kimsianglim"},"content":"    }","lastModifiedDate":"2026-01-30T13:14:01","isFullCredit":false},{"lineNumber":21,"author":{"gitId":"kimsianglim"},"content":"","lastModifiedDate":"2026-01-30T13:14:01","isFullCredit":false},{"lineNumber":22,"author":{"gitId":"kimsianglim"},"content":"    @Override","lastModifiedDate":"2026-01-29T03:17:04","isFullCredit":false},{"lineNumber":23,"author":{"gitId":"kimsianglim"},"content":"    public String toString() {","lastModifiedDate":"2026-01-29T03:17:04","isFullCredit":false},{"lineNumber":24,"author":{"gitId":"kimsianglim"},"content":"        return \"[E]\" + super.toString() + \" (from: \" + from + \" to: \" + to + \")\";","lastModifiedDate":"2026-01-29T03:17:04","isFullCredit":false},{"lineNumber":25,"author":{"gitId":"kimsianglim"},"content":"    }","lastModifiedDate":"2026-01-29T03:17:04","isFullCredit":false},{"lineNumber":26,"author":{"gitId":"kimsianglim"},"content":"","lastModifiedDate":"2026-01-29T03:17:04","isFullCredit":false},{"lineNumber":27,"author":{"gitId":"kimsianglim"},"content":"}","lastModifiedDate":"2026-01-29T03:17:04","isFullCredit":false}],"authorContributionMap":{"kimsianglim":27}},{"path":"src/main/java/Nova.java","fileType":"java","lines":[{"lineNumber":1,"author":{"gitId":"kimsianglim"},"content":"import java.io.IOException;","lastModifiedDate":"2026-01-30T13:14:01","isFullCredit":false},{"lineNumber":2,"author":{"gitId":"kimsianglim"},"content":"import java.util.Scanner;","lastModifiedDate":"2026-01-27T07:28:41","isFullCredit":false},{"lineNumber":3,"author":{"gitId":"kimsianglim"},"content":"import java.util.ArrayList;","lastModifiedDate":"2026-01-30T11:21:14","isFullCredit":false},{"lineNumber":4,"author":{"gitId":"kimsianglim"},"content":"","lastModifiedDate":"2026-01-27T07:28:41","isFullCredit":false},{"lineNumber":5,"author":{"gitId":"kimsianglim"},"content":"public class Nova {","lastModifiedDate":"2026-01-27T07:18:01","isFullCredit":false},{"lineNumber":6,"author":{"gitId":"kimsianglim"},"content":"","lastModifiedDate":"2026-01-28T23:03:34","isFullCredit":false},{"lineNumber":7,"author":{"gitId":"kimsianglim"},"content":"    private static final String LINE \u003d \"----------------------------------------\";","lastModifiedDate":"2026-01-28T23:03:34","isFullCredit":false},{"lineNumber":8,"author":{"gitId":"kimsianglim"},"content":"","lastModifiedDate":"2026-01-28T23:03:34","isFullCredit":false},{"lineNumber":9,"author":{"gitId":"kimsianglim"},"content":"    public static void main(String[] args) {","lastModifiedDate":"2026-01-27T06:48:16","isFullCredit":false},{"lineNumber":10,"author":{"gitId":"kimsianglim"},"content":"        System.out.println(\"Hello! I\u0027m Nova\");","lastModifiedDate":"2026-01-27T07:18:01","isFullCredit":false},{"lineNumber":11,"author":{"gitId":"kimsianglim"},"content":"        System.out.println(\"What can I do for you?\");","lastModifiedDate":"2026-01-27T06:48:16","isFullCredit":false},{"lineNumber":12,"author":{"gitId":"kimsianglim"},"content":"        System.out.println(LINE);","lastModifiedDate":"2026-01-28T23:03:34","isFullCredit":false},{"lineNumber":13,"author":{"gitId":"kimsianglim"},"content":"","lastModifiedDate":"2026-01-27T07:28:41","isFullCredit":false},{"lineNumber":14,"author":{"gitId":"kimsianglim"},"content":"        Scanner scanner \u003d new Scanner(System.in);","lastModifiedDate":"2026-01-27T07:28:41","isFullCredit":false},{"lineNumber":15,"author":{"gitId":"kimsianglim"},"content":"","lastModifiedDate":"2026-01-27T07:28:41","isFullCredit":false},{"lineNumber":16,"author":{"gitId":"kimsianglim"},"content":"        Storage storage \u003d new Storage(\"data\", \"nova.txt\");","lastModifiedDate":"2026-01-30T13:14:01","isFullCredit":false},{"lineNumber":17,"author":{"gitId":"kimsianglim"},"content":"        ArrayList\u003cTask\u003e tasks;","lastModifiedDate":"2026-01-30T13:14:01","isFullCredit":false},{"lineNumber":18,"author":{"gitId":"kimsianglim"},"content":"","lastModifiedDate":"2026-01-30T13:14:01","isFullCredit":false},{"lineNumber":19,"author":{"gitId":"kimsianglim"},"content":"        try {","lastModifiedDate":"2026-01-30T13:14:01","isFullCredit":false},{"lineNumber":20,"author":{"gitId":"kimsianglim"},"content":"            tasks \u003d storage.loadTasks();","lastModifiedDate":"2026-01-30T13:14:01","isFullCredit":false},{"lineNumber":21,"author":{"gitId":"kimsianglim"},"content":"        } catch (IOException e) {","lastModifiedDate":"2026-01-30T13:14:01","isFullCredit":false},{"lineNumber":22,"author":{"gitId":"kimsianglim"},"content":"            tasks \u003d new ArrayList\u003c\u003e();","lastModifiedDate":"2026-01-30T13:14:01","isFullCredit":false},{"lineNumber":23,"author":{"gitId":"kimsianglim"},"content":"        }","lastModifiedDate":"2026-01-30T13:14:01","isFullCredit":false},{"lineNumber":24,"author":{"gitId":"kimsianglim"},"content":"","lastModifiedDate":"2026-01-27T07:37:08","isFullCredit":false},{"lineNumber":25,"author":{"gitId":"kimsianglim"},"content":"        while (true) {","lastModifiedDate":"2026-01-27T07:28:41","isFullCredit":false},{"lineNumber":26,"author":{"gitId":"kimsianglim"},"content":"            String input \u003d scanner.nextLine().trim();","lastModifiedDate":"2026-01-29T05:58:21","isFullCredit":false},{"lineNumber":27,"author":{"gitId":"kimsianglim"},"content":"","lastModifiedDate":"2026-01-27T07:28:41","isFullCredit":false},{"lineNumber":28,"author":{"gitId":"kimsianglim"},"content":"            try {","lastModifiedDate":"2026-01-29T05:58:21","isFullCredit":false},{"lineNumber":29,"author":{"gitId":"kimsianglim"},"content":"                processLogic(input, tasks, storage);","lastModifiedDate":"2026-01-30T13:14:01","isFullCredit":false},{"lineNumber":30,"author":{"gitId":"kimsianglim"},"content":"                if (input.equals(\"bye\")) {","lastModifiedDate":"2026-01-29T05:58:21","isFullCredit":false},{"lineNumber":31,"author":{"gitId":"kimsianglim"},"content":"                    break;","lastModifiedDate":"2026-01-29T05:58:21","isFullCredit":false},{"lineNumber":32,"author":{"gitId":"kimsianglim"},"content":"                }","lastModifiedDate":"2026-01-29T05:58:21","isFullCredit":false},{"lineNumber":33,"author":{"gitId":"kimsianglim"},"content":"            } catch (NovaException e) {","lastModifiedDate":"2026-01-29T05:58:21","isFullCredit":false},{"lineNumber":34,"author":{"gitId":"kimsianglim"},"content":"                System.out.println(LINE);","lastModifiedDate":"2026-01-29T05:58:21","isFullCredit":false},{"lineNumber":35,"author":{"gitId":"kimsianglim"},"content":"                System.out.println(\"OOPS!!! \" + e.getMessage());","lastModifiedDate":"2026-01-29T05:58:21","isFullCredit":false},{"lineNumber":36,"author":{"gitId":"kimsianglim"},"content":"                System.out.println(LINE);","lastModifiedDate":"2026-01-29T05:58:21","isFullCredit":false},{"lineNumber":37,"author":{"gitId":"kimsianglim"},"content":"            } catch (IOException e) {","lastModifiedDate":"2026-01-30T13:14:01","isFullCredit":false},{"lineNumber":38,"author":{"gitId":"kimsianglim"},"content":"                System.out.println(LINE);","lastModifiedDate":"2026-01-30T13:14:01","isFullCredit":false},{"lineNumber":39,"author":{"gitId":"kimsianglim"},"content":"                System.out.println(\"OOPS!!! I couldn\u0027t save/load your tasks file.\");","lastModifiedDate":"2026-01-30T13:14:01","isFullCredit":false},{"lineNumber":40,"author":{"gitId":"kimsianglim"},"content":"                System.out.println(LINE);","lastModifiedDate":"2026-01-30T13:14:01","isFullCredit":false},{"lineNumber":41,"author":{"gitId":"kimsianglim"},"content":"            }","lastModifiedDate":"2026-01-29T05:58:21","isFullCredit":false},{"lineNumber":42,"author":{"gitId":"kimsianglim"},"content":"        }","lastModifiedDate":"2026-01-29T05:58:21","isFullCredit":false},{"lineNumber":43,"author":{"gitId":"kimsianglim"},"content":"    }","lastModifiedDate":"2026-01-29T05:58:21","isFullCredit":false},{"lineNumber":44,"author":{"gitId":"kimsianglim"},"content":"","lastModifiedDate":"2026-01-29T05:58:21","isFullCredit":false},{"lineNumber":45,"author":{"gitId":"kimsianglim"},"content":"    private static void save(Storage storage, ArrayList\u003cTask\u003e tasks) throws IOException {","lastModifiedDate":"2026-01-30T13:14:01","isFullCredit":false},{"lineNumber":46,"author":{"gitId":"kimsianglim"},"content":"        storage.saveTasks(tasks);","lastModifiedDate":"2026-01-30T13:14:01","isFullCredit":false},{"lineNumber":47,"author":{"gitId":"kimsianglim"},"content":"","lastModifiedDate":"2026-01-30T13:14:01","isFullCredit":false},{"lineNumber":48,"author":{"gitId":"kimsianglim"},"content":"    }","lastModifiedDate":"2026-01-30T13:14:01","isFullCredit":false},{"lineNumber":49,"author":{"gitId":"kimsianglim"},"content":"","lastModifiedDate":"2026-01-30T13:14:01","isFullCredit":false},{"lineNumber":50,"author":{"gitId":"kimsianglim"},"content":"","lastModifiedDate":"2026-01-30T13:14:01","isFullCredit":false},{"lineNumber":51,"author":{"gitId":"kimsianglim"},"content":"    private static void processLogic(String input, ArrayList\u003cTask\u003e tasks, Storage storage)","lastModifiedDate":"2026-01-30T13:14:01","isFullCredit":false},{"lineNumber":52,"author":{"gitId":"kimsianglim"},"content":"            throws NovaException, IOException {","lastModifiedDate":"2026-01-30T13:14:01","isFullCredit":false},{"lineNumber":53,"author":{"gitId":"kimsianglim"},"content":"","lastModifiedDate":"2026-01-30T13:14:01","isFullCredit":false},{"lineNumber":54,"author":{"gitId":"kimsianglim"},"content":"        if (input.equals(\"bye\")) {","lastModifiedDate":"2026-01-27T07:28:41","isFullCredit":false},{"lineNumber":55,"author":{"gitId":"kimsianglim"},"content":"            System.out.println(LINE);","lastModifiedDate":"2026-01-28T23:03:34","isFullCredit":false},{"lineNumber":56,"author":{"gitId":"kimsianglim"},"content":"            System.out.println(\"Bye. Hope to see you again soon!\");","lastModifiedDate":"2026-01-27T06:48:16","isFullCredit":false},{"lineNumber":57,"author":{"gitId":"kimsianglim"},"content":"            System.out.println(LINE);","lastModifiedDate":"2026-01-28T23:03:34","isFullCredit":false},{"lineNumber":58,"author":{"gitId":"kimsianglim"},"content":"","lastModifiedDate":"2026-01-30T11:21:14","isFullCredit":false},{"lineNumber":59,"author":{"gitId":"kimsianglim"},"content":"            return;","lastModifiedDate":"2026-01-30T11:21:14","isFullCredit":false},{"lineNumber":60,"author":{"gitId":"kimsianglim"},"content":"        }","lastModifiedDate":"2026-01-27T07:28:41","isFullCredit":false},{"lineNumber":61,"author":{"gitId":"kimsianglim"},"content":"","lastModifiedDate":"2026-01-27T07:28:41","isFullCredit":false},{"lineNumber":62,"author":{"gitId":"kimsianglim"},"content":"        if (input.equals(\"list\")) {","lastModifiedDate":"2026-01-27T07:37:08","isFullCredit":false},{"lineNumber":63,"author":{"gitId":"kimsianglim"},"content":"            System.out.println(LINE);","lastModifiedDate":"2026-01-28T23:03:34","isFullCredit":false},{"lineNumber":64,"author":{"gitId":"kimsianglim"},"content":"            System.out.println(\"Here are the tasks in your list:\");","lastModifiedDate":"2026-01-28T23:03:34","isFullCredit":false},{"lineNumber":65,"author":{"gitId":"kimsianglim"},"content":"            for (int i \u003d 0; i \u003c tasks.size(); i++) {","lastModifiedDate":"2026-01-30T11:21:14","isFullCredit":false},{"lineNumber":66,"author":{"gitId":"kimsianglim"},"content":"                System.out.println((i + 1) + \". \" + tasks.get(i));","lastModifiedDate":"2026-01-30T11:21:14","isFullCredit":false},{"lineNumber":67,"author":{"gitId":"kimsianglim"},"content":"            }","lastModifiedDate":"2026-01-27T07:37:08","isFullCredit":false},{"lineNumber":68,"author":{"gitId":"kimsianglim"},"content":"            System.out.println(LINE);","lastModifiedDate":"2026-01-28T23:03:34","isFullCredit":false},{"lineNumber":69,"author":{"gitId":"kimsianglim"},"content":"","lastModifiedDate":"2026-01-30T11:21:14","isFullCredit":false},{"lineNumber":70,"author":{"gitId":"kimsianglim"},"content":"            return;","lastModifiedDate":"2026-01-30T11:21:14","isFullCredit":false},{"lineNumber":71,"author":{"gitId":"kimsianglim"},"content":"","lastModifiedDate":"2026-01-29T05:58:21","isFullCredit":false},{"lineNumber":72,"author":{"gitId":"kimsianglim"},"content":"        }","lastModifiedDate":"2026-01-27T07:37:08","isFullCredit":false},{"lineNumber":73,"author":{"gitId":"kimsianglim"},"content":"","lastModifiedDate":"2026-01-27T07:37:08","isFullCredit":false},{"lineNumber":74,"author":{"gitId":"kimsianglim"},"content":"        if (input.startsWith(\"mark \")) {","lastModifiedDate":"2026-01-28T23:03:34","isFullCredit":false},{"lineNumber":75,"author":{"gitId":"kimsianglim"},"content":"            try {","lastModifiedDate":"2026-01-30T11:21:14","isFullCredit":false},{"lineNumber":76,"author":{"gitId":"kimsianglim"},"content":"                int markIndex \u003d Integer.parseInt(input.substring(5).trim()) - 1;","lastModifiedDate":"2026-01-30T11:21:14","isFullCredit":false},{"lineNumber":77,"author":{"gitId":"kimsianglim"},"content":"","lastModifiedDate":"2026-01-28T23:03:34","isFullCredit":false},{"lineNumber":78,"author":{"gitId":"kimsianglim"},"content":"                if (markIndex \u003c 0 || markIndex \u003e\u003d tasks.size()) {","lastModifiedDate":"2026-01-30T11:21:14","isFullCredit":false},{"lineNumber":79,"author":{"gitId":"kimsianglim"},"content":"                    throw new NovaException(\"Invalid task number\");","lastModifiedDate":"2026-01-29T05:58:21","isFullCredit":false},{"lineNumber":80,"author":{"gitId":"kimsianglim"},"content":"                }","lastModifiedDate":"2026-01-28T23:03:34","isFullCredit":false},{"lineNumber":81,"author":{"gitId":"kimsianglim"},"content":"","lastModifiedDate":"2026-01-28T23:03:34","isFullCredit":false},{"lineNumber":82,"author":{"gitId":"kimsianglim"},"content":"                tasks.get(markIndex).markAsDone();","lastModifiedDate":"2026-01-30T11:21:14","isFullCredit":false},{"lineNumber":83,"author":{"gitId":"kimsianglim"},"content":"                save(storage, tasks);","lastModifiedDate":"2026-01-30T13:14:01","isFullCredit":false},{"lineNumber":84,"author":{"gitId":"kimsianglim"},"content":"","lastModifiedDate":"2026-01-30T13:14:01","isFullCredit":false},{"lineNumber":85,"author":{"gitId":"kimsianglim"},"content":"","lastModifiedDate":"2026-01-28T23:03:34","isFullCredit":false},{"lineNumber":86,"author":{"gitId":"kimsianglim"},"content":"                System.out.println(LINE);","lastModifiedDate":"2026-01-28T23:03:34","isFullCredit":false},{"lineNumber":87,"author":{"gitId":"kimsianglim"},"content":"                System.out.println(\"Nice! I\u0027ve marked this task as done:\");","lastModifiedDate":"2026-01-28T23:03:34","isFullCredit":false},{"lineNumber":88,"author":{"gitId":"kimsianglim"},"content":"                System.out.println(\"  \" + tasks.get(markIndex));","lastModifiedDate":"2026-01-30T11:21:14","isFullCredit":false},{"lineNumber":89,"author":{"gitId":"kimsianglim"},"content":"                System.out.println(LINE);","lastModifiedDate":"2026-01-28T23:03:34","isFullCredit":false},{"lineNumber":90,"author":{"gitId":"kimsianglim"},"content":"","lastModifiedDate":"2026-01-30T11:21:14","isFullCredit":false},{"lineNumber":91,"author":{"gitId":"kimsianglim"},"content":"            } catch (NumberFormatException e) {","lastModifiedDate":"2026-01-30T11:21:14","isFullCredit":false},{"lineNumber":92,"author":{"gitId":"kimsianglim"},"content":"                throw new NovaException(\"mark needs a task number, e.g. mark 1\");","lastModifiedDate":"2026-01-30T11:21:14","isFullCredit":false},{"lineNumber":93,"author":{"gitId":"kimsianglim"},"content":"            }","lastModifiedDate":"2026-01-30T11:21:14","isFullCredit":false},{"lineNumber":94,"author":{"gitId":"kimsianglim"},"content":"","lastModifiedDate":"2026-01-30T11:21:14","isFullCredit":false},{"lineNumber":95,"author":{"gitId":"kimsianglim"},"content":"            return;","lastModifiedDate":"2026-01-30T11:21:14","isFullCredit":false},{"lineNumber":96,"author":{"gitId":"kimsianglim"},"content":"","lastModifiedDate":"2026-01-29T05:58:21","isFullCredit":false},{"lineNumber":97,"author":{"gitId":"kimsianglim"},"content":"        }","lastModifiedDate":"2026-01-28T23:03:34","isFullCredit":false},{"lineNumber":98,"author":{"gitId":"kimsianglim"},"content":"","lastModifiedDate":"2026-01-27T07:37:08","isFullCredit":false},{"lineNumber":99,"author":{"gitId":"kimsianglim"},"content":"        if (input.startsWith(\"unmark \")) {","lastModifiedDate":"2026-01-28T23:03:34","isFullCredit":false},{"lineNumber":100,"author":{"gitId":"kimsianglim"},"content":"            try {","lastModifiedDate":"2026-01-30T11:21:14","isFullCredit":false},{"lineNumber":101,"author":{"gitId":"kimsianglim"},"content":"                int unmarkIndex \u003d Integer.parseInt(input.substring(7).trim()) - 1;","lastModifiedDate":"2026-01-30T11:21:14","isFullCredit":false},{"lineNumber":102,"author":{"gitId":"kimsianglim"},"content":"                if (unmarkIndex \u003c 0 || unmarkIndex \u003e\u003d tasks.size()) {","lastModifiedDate":"2026-01-30T11:21:14","isFullCredit":false},{"lineNumber":103,"author":{"gitId":"kimsianglim"},"content":"                    throw new NovaException(\"Invalid task number\");","lastModifiedDate":"2026-01-30T11:21:14","isFullCredit":false},{"lineNumber":104,"author":{"gitId":"kimsianglim"},"content":"                }","lastModifiedDate":"2026-01-30T11:21:14","isFullCredit":false},{"lineNumber":105,"author":{"gitId":"kimsianglim"},"content":"                tasks.get(unmarkIndex).markAsUndone();","lastModifiedDate":"2026-01-30T11:21:14","isFullCredit":false},{"lineNumber":106,"author":{"gitId":"kimsianglim"},"content":"                save(storage, tasks);","lastModifiedDate":"2026-01-30T13:14:01","isFullCredit":false},{"lineNumber":107,"author":{"gitId":"kimsianglim"},"content":"","lastModifiedDate":"2026-01-30T13:14:01","isFullCredit":false},{"lineNumber":108,"author":{"gitId":"kimsianglim"},"content":"","lastModifiedDate":"2026-01-28T23:03:34","isFullCredit":false},{"lineNumber":109,"author":{"gitId":"kimsianglim"},"content":"                System.out.println(LINE);","lastModifiedDate":"2026-01-30T11:21:14","isFullCredit":false},{"lineNumber":110,"author":{"gitId":"kimsianglim"},"content":"                System.out.println(\"OK, I\u0027ve marked this task as not done yet:\");","lastModifiedDate":"2026-01-30T11:21:14","isFullCredit":false},{"lineNumber":111,"author":{"gitId":"kimsianglim"},"content":"                System.out.println(\"  \" + tasks.get(unmarkIndex));","lastModifiedDate":"2026-01-30T11:21:14","isFullCredit":false},{"lineNumber":112,"author":{"gitId":"kimsianglim"},"content":"                System.out.println(LINE);","lastModifiedDate":"2026-01-30T11:21:14","isFullCredit":false},{"lineNumber":113,"author":{"gitId":"kimsianglim"},"content":"","lastModifiedDate":"2026-01-30T11:21:14","isFullCredit":false},{"lineNumber":114,"author":{"gitId":"kimsianglim"},"content":"            } catch (NumberFormatException e) {","lastModifiedDate":"2026-01-30T11:21:14","isFullCredit":false},{"lineNumber":115,"author":{"gitId":"kimsianglim"},"content":"                throw new NovaException(\"unmark needs a task number, e.g. unmark 1\");","lastModifiedDate":"2026-01-30T11:21:14","isFullCredit":false},{"lineNumber":116,"author":{"gitId":"kimsianglim"},"content":"            }","lastModifiedDate":"2026-01-30T11:21:14","isFullCredit":false},{"lineNumber":117,"author":{"gitId":"kimsianglim"},"content":"","lastModifiedDate":"2026-01-30T11:21:14","isFullCredit":false},{"lineNumber":118,"author":{"gitId":"kimsianglim"},"content":"            return;","lastModifiedDate":"2026-01-30T11:21:14","isFullCredit":false},{"lineNumber":119,"author":{"gitId":"kimsianglim"},"content":"","lastModifiedDate":"2026-01-30T11:21:14","isFullCredit":false},{"lineNumber":120,"author":{"gitId":"kimsianglim"},"content":"        }","lastModifiedDate":"2026-01-30T11:21:14","isFullCredit":false},{"lineNumber":121,"author":{"gitId":"kimsianglim"},"content":"","lastModifiedDate":"2026-01-30T11:21:14","isFullCredit":false},{"lineNumber":122,"author":{"gitId":"kimsianglim"},"content":"        if (input.startsWith(\"delete \")) {","lastModifiedDate":"2026-01-30T11:21:14","isFullCredit":false},{"lineNumber":123,"author":{"gitId":"kimsianglim"},"content":"            try {","lastModifiedDate":"2026-01-30T11:21:14","isFullCredit":false},{"lineNumber":124,"author":{"gitId":"kimsianglim"},"content":"                int deleteIndex \u003d Integer.parseInt(input.substring(7).trim()) - 1;","lastModifiedDate":"2026-01-30T11:21:14","isFullCredit":false},{"lineNumber":125,"author":{"gitId":"kimsianglim"},"content":"","lastModifiedDate":"2026-01-30T11:21:14","isFullCredit":false},{"lineNumber":126,"author":{"gitId":"kimsianglim"},"content":"                if (deleteIndex \u003c 0 || deleteIndex \u003e\u003d tasks.size()) {","lastModifiedDate":"2026-01-30T11:21:14","isFullCredit":false},{"lineNumber":127,"author":{"gitId":"kimsianglim"},"content":"                    throw new NovaException(\"Invalid task number\");","lastModifiedDate":"2026-01-29T05:58:21","isFullCredit":false},{"lineNumber":128,"author":{"gitId":"kimsianglim"},"content":"                }","lastModifiedDate":"2026-01-28T23:03:34","isFullCredit":false},{"lineNumber":129,"author":{"gitId":"kimsianglim"},"content":"","lastModifiedDate":"2026-01-28T23:03:34","isFullCredit":false},{"lineNumber":130,"author":{"gitId":"kimsianglim"},"content":"                Task removed \u003d tasks.remove(deleteIndex);","lastModifiedDate":"2026-01-30T11:21:14","isFullCredit":false},{"lineNumber":131,"author":{"gitId":"kimsianglim"},"content":"                save(storage, tasks);","lastModifiedDate":"2026-01-30T13:14:01","isFullCredit":false},{"lineNumber":132,"author":{"gitId":"kimsianglim"},"content":"","lastModifiedDate":"2026-01-30T13:14:01","isFullCredit":false},{"lineNumber":133,"author":{"gitId":"kimsianglim"},"content":"","lastModifiedDate":"2026-01-28T23:03:34","isFullCredit":false},{"lineNumber":134,"author":{"gitId":"kimsianglim"},"content":"                System.out.println(LINE);","lastModifiedDate":"2026-01-28T23:03:34","isFullCredit":false},{"lineNumber":135,"author":{"gitId":"kimsianglim"},"content":"                System.out.println(\"Noted. I\u0027ve removed this task:\");","lastModifiedDate":"2026-01-30T11:21:14","isFullCredit":false},{"lineNumber":136,"author":{"gitId":"kimsianglim"},"content":"                System.out.println(\"  \" + removed);","lastModifiedDate":"2026-01-30T11:21:14","isFullCredit":false},{"lineNumber":137,"author":{"gitId":"kimsianglim"},"content":"                System.out.println(\"Now you have \" + tasks.size() + \" tasks in the list.\");","lastModifiedDate":"2026-01-30T11:21:14","isFullCredit":false},{"lineNumber":138,"author":{"gitId":"kimsianglim"},"content":"                System.out.println(LINE);","lastModifiedDate":"2026-01-28T23:03:34","isFullCredit":false},{"lineNumber":139,"author":{"gitId":"kimsianglim"},"content":"","lastModifiedDate":"2026-01-29T05:58:21","isFullCredit":false},{"lineNumber":140,"author":{"gitId":"kimsianglim"},"content":"            } catch (NumberFormatException e) {","lastModifiedDate":"2026-01-30T11:21:14","isFullCredit":false},{"lineNumber":141,"author":{"gitId":"kimsianglim"},"content":"                throw new NovaException(\"delete needs a task number, e.g. delete 1\");","lastModifiedDate":"2026-01-30T11:21:14","isFullCredit":false},{"lineNumber":142,"author":{"gitId":"kimsianglim"},"content":"            }","lastModifiedDate":"2026-01-28T23:03:34","isFullCredit":false},{"lineNumber":143,"author":{"gitId":"kimsianglim"},"content":"","lastModifiedDate":"2026-01-28T23:03:34","isFullCredit":false},{"lineNumber":144,"author":{"gitId":"kimsianglim"},"content":"            return;","lastModifiedDate":"2026-01-30T11:21:14","isFullCredit":false},{"lineNumber":145,"author":{"gitId":"kimsianglim"},"content":"        }","lastModifiedDate":"2026-01-30T11:21:14","isFullCredit":false},{"lineNumber":146,"author":{"gitId":"kimsianglim"},"content":"","lastModifiedDate":"2026-01-30T11:21:14","isFullCredit":false},{"lineNumber":147,"author":{"gitId":"kimsianglim"},"content":"","lastModifiedDate":"2026-01-30T11:21:14","isFullCredit":false},{"lineNumber":148,"author":{"gitId":"kimsianglim"},"content":"        if (input.equals(\"todo\") || input.startsWith(\"todo \")) {","lastModifiedDate":"2026-01-30T11:21:14","isFullCredit":false},{"lineNumber":149,"author":{"gitId":"kimsianglim"},"content":"            String desc \u003d input.length() \u003e 4 ? input.substring(4).trim() : \"\";","lastModifiedDate":"2026-01-30T11:21:14","isFullCredit":false},{"lineNumber":150,"author":{"gitId":"kimsianglim"},"content":"","lastModifiedDate":"2026-01-30T11:21:14","isFullCredit":false},{"lineNumber":151,"author":{"gitId":"kimsianglim"},"content":"            if (desc.isEmpty()) {","lastModifiedDate":"2026-01-29T05:58:21","isFullCredit":false},{"lineNumber":152,"author":{"gitId":"kimsianglim"},"content":"                throw new NovaException(\"The description of a todo cannot be empty.\");","lastModifiedDate":"2026-01-29T05:58:21","isFullCredit":false},{"lineNumber":153,"author":{"gitId":"kimsianglim"},"content":"            }","lastModifiedDate":"2026-01-29T05:58:21","isFullCredit":false},{"lineNumber":154,"author":{"gitId":"kimsianglim"},"content":"            tasks.add(new ToDo(desc));","lastModifiedDate":"2026-01-30T11:21:14","isFullCredit":false},{"lineNumber":155,"author":{"gitId":"kimsianglim"},"content":"            save(storage, tasks);","lastModifiedDate":"2026-01-30T13:14:01","isFullCredit":false},{"lineNumber":156,"author":{"gitId":"kimsianglim"},"content":"","lastModifiedDate":"2026-01-30T13:14:01","isFullCredit":false},{"lineNumber":157,"author":{"gitId":"kimsianglim"},"content":"","lastModifiedDate":"2026-01-30T13:14:01","isFullCredit":false},{"lineNumber":158,"author":{"gitId":"kimsianglim"},"content":"            System.out.println(LINE);","lastModifiedDate":"2026-01-28T23:03:34","isFullCredit":false},{"lineNumber":159,"author":{"gitId":"kimsianglim"},"content":"            System.out.println(\"Got it. I\u0027ve added this task:\");","lastModifiedDate":"2026-01-29T03:17:04","isFullCredit":false},{"lineNumber":160,"author":{"gitId":"kimsianglim"},"content":"            System.out.println(\"  \" + tasks.get(tasks.size() - 1));","lastModifiedDate":"2026-01-30T11:21:14","isFullCredit":false},{"lineNumber":161,"author":{"gitId":"kimsianglim"},"content":"            System.out.println(\"Now you have \" + tasks.size() + \" tasks in the list.\");","lastModifiedDate":"2026-01-30T11:21:14","isFullCredit":false},{"lineNumber":162,"author":{"gitId":"kimsianglim"},"content":"            System.out.println(LINE);","lastModifiedDate":"2026-01-28T23:03:34","isFullCredit":false},{"lineNumber":163,"author":{"gitId":"kimsianglim"},"content":"","lastModifiedDate":"2026-01-30T11:21:14","isFullCredit":false},{"lineNumber":164,"author":{"gitId":"kimsianglim"},"content":"            return;","lastModifiedDate":"2026-01-30T11:21:14","isFullCredit":false},{"lineNumber":165,"author":{"gitId":"kimsianglim"},"content":"","lastModifiedDate":"2026-01-29T05:58:21","isFullCredit":false},{"lineNumber":166,"author":{"gitId":"kimsianglim"},"content":"        }","lastModifiedDate":"2026-01-29T03:17:04","isFullCredit":false},{"lineNumber":167,"author":{"gitId":"kimsianglim"},"content":"","lastModifiedDate":"2026-01-29T03:17:04","isFullCredit":false},{"lineNumber":168,"author":{"gitId":"kimsianglim"},"content":"        if (input.startsWith(\"deadline \")) {","lastModifiedDate":"2026-01-29T03:17:04","isFullCredit":false},{"lineNumber":169,"author":{"gitId":"kimsianglim"},"content":"            // format: deadline \u003cdesc\u003e /by \u003cby\u003e","lastModifiedDate":"2026-01-29T03:17:04","isFullCredit":false},{"lineNumber":170,"author":{"gitId":"kimsianglim"},"content":"            int byIndex \u003d input.indexOf(\" /by \");","lastModifiedDate":"2026-01-29T03:17:04","isFullCredit":false},{"lineNumber":171,"author":{"gitId":"kimsianglim"},"content":"            if (byIndex \u003d\u003d -1) {","lastModifiedDate":"2026-01-29T03:17:04","isFullCredit":false},{"lineNumber":172,"author":{"gitId":"kimsianglim"},"content":"                throw new NovaException(\"follow this format: deadline \u003cdescription\u003e /by \u003ctime\u003e\");","lastModifiedDate":"2026-01-29T05:58:21","isFullCredit":false},{"lineNumber":173,"author":{"gitId":"kimsianglim"},"content":"            }","lastModifiedDate":"2026-01-29T03:17:04","isFullCredit":false},{"lineNumber":174,"author":{"gitId":"kimsianglim"},"content":"","lastModifiedDate":"2026-01-29T05:58:21","isFullCredit":false},{"lineNumber":175,"author":{"gitId":"kimsianglim"},"content":"            String desc \u003d input.substring(9, byIndex).trim();","lastModifiedDate":"2026-01-29T03:17:04","isFullCredit":false},{"lineNumber":176,"author":{"gitId":"kimsianglim"},"content":"            String by \u003d input.substring(byIndex + 5).trim();","lastModifiedDate":"2026-01-29T03:17:04","isFullCredit":false},{"lineNumber":177,"author":{"gitId":"kimsianglim"},"content":"","lastModifiedDate":"2026-01-29T03:17:04","isFullCredit":false},{"lineNumber":178,"author":{"gitId":"kimsianglim"},"content":"            if (desc.isEmpty() || by.isEmpty()) {","lastModifiedDate":"2026-01-29T05:58:21","isFullCredit":false},{"lineNumber":179,"author":{"gitId":"kimsianglim"},"content":"                throw new NovaException(\"description and by time cannot be empty.\");","lastModifiedDate":"2026-01-29T05:58:21","isFullCredit":false},{"lineNumber":180,"author":{"gitId":"kimsianglim"},"content":"            }","lastModifiedDate":"2026-01-29T05:58:21","isFullCredit":false},{"lineNumber":181,"author":{"gitId":"kimsianglim"},"content":"","lastModifiedDate":"2026-01-29T05:58:21","isFullCredit":false},{"lineNumber":182,"author":{"gitId":"kimsianglim"},"content":"            tasks.add(new Deadline(desc, by));","lastModifiedDate":"2026-01-30T11:21:14","isFullCredit":false},{"lineNumber":183,"author":{"gitId":"kimsianglim"},"content":"            save(storage, tasks);","lastModifiedDate":"2026-01-30T13:14:01","isFullCredit":false},{"lineNumber":184,"author":{"gitId":"kimsianglim"},"content":"","lastModifiedDate":"2026-01-30T13:14:01","isFullCredit":false},{"lineNumber":185,"author":{"gitId":"kimsianglim"},"content":"","lastModifiedDate":"2026-01-30T13:14:01","isFullCredit":false},{"lineNumber":186,"author":{"gitId":"kimsianglim"},"content":"            System.out.println(LINE);","lastModifiedDate":"2026-01-29T03:17:04","isFullCredit":false},{"lineNumber":187,"author":{"gitId":"kimsianglim"},"content":"            System.out.println(\"Got it. I\u0027ve added this task:\");","lastModifiedDate":"2026-01-29T03:17:04","isFullCredit":false},{"lineNumber":188,"author":{"gitId":"kimsianglim"},"content":"            System.out.println(\"  \" + tasks.get(tasks.size() - 1));","lastModifiedDate":"2026-01-30T11:21:14","isFullCredit":false},{"lineNumber":189,"author":{"gitId":"kimsianglim"},"content":"            System.out.println(\"Now you have \" + tasks.size() + \" tasks in the list.\");","lastModifiedDate":"2026-01-30T11:21:14","isFullCredit":false},{"lineNumber":190,"author":{"gitId":"kimsianglim"},"content":"            System.out.println(LINE);","lastModifiedDate":"2026-01-29T03:17:04","isFullCredit":false},{"lineNumber":191,"author":{"gitId":"kimsianglim"},"content":"","lastModifiedDate":"2026-01-30T11:21:14","isFullCredit":false},{"lineNumber":192,"author":{"gitId":"kimsianglim"},"content":"            return;","lastModifiedDate":"2026-01-30T11:21:14","isFullCredit":false},{"lineNumber":193,"author":{"gitId":"kimsianglim"},"content":"        }","lastModifiedDate":"2026-01-29T03:17:04","isFullCredit":false},{"lineNumber":194,"author":{"gitId":"kimsianglim"},"content":"","lastModifiedDate":"2026-01-29T03:17:04","isFullCredit":false},{"lineNumber":195,"author":{"gitId":"kimsianglim"},"content":"        if (input.startsWith(\"event \")) {","lastModifiedDate":"2026-01-29T03:17:04","isFullCredit":false},{"lineNumber":196,"author":{"gitId":"kimsianglim"},"content":"            // format: event \u003cdesc\u003e /from \u003cfrom\u003e /to \u003cto\u003e","lastModifiedDate":"2026-01-29T03:17:04","isFullCredit":false},{"lineNumber":197,"author":{"gitId":"kimsianglim"},"content":"            int fromIndex \u003d input.indexOf(\" /from \");","lastModifiedDate":"2026-01-29T03:17:04","isFullCredit":false},{"lineNumber":198,"author":{"gitId":"kimsianglim"},"content":"            int toIndex \u003d input.indexOf(\" /to \");","lastModifiedDate":"2026-01-29T03:17:04","isFullCredit":false},{"lineNumber":199,"author":{"gitId":"kimsianglim"},"content":"            if (fromIndex \u003d\u003d -1 || toIndex \u003d\u003d -1 || toIndex \u003c fromIndex) {","lastModifiedDate":"2026-01-29T03:17:04","isFullCredit":false},{"lineNumber":200,"author":{"gitId":"kimsianglim"},"content":"                throw new NovaException(\"follow this format: event \u003cdescription\u003e /from \u003cstart\u003e /to \u003cend\u003e\");","lastModifiedDate":"2026-01-29T05:58:21","isFullCredit":false},{"lineNumber":201,"author":{"gitId":"kimsianglim"},"content":"            }","lastModifiedDate":"2026-01-29T03:17:04","isFullCredit":false},{"lineNumber":202,"author":{"gitId":"kimsianglim"},"content":"","lastModifiedDate":"2026-01-29T03:17:04","isFullCredit":false},{"lineNumber":203,"author":{"gitId":"kimsianglim"},"content":"            String desc \u003d input.substring(6, fromIndex).trim();","lastModifiedDate":"2026-01-29T03:17:04","isFullCredit":false},{"lineNumber":204,"author":{"gitId":"kimsianglim"},"content":"            String from \u003d input.substring(fromIndex + 7, toIndex).trim();","lastModifiedDate":"2026-01-29T03:17:04","isFullCredit":false},{"lineNumber":205,"author":{"gitId":"kimsianglim"},"content":"            String to \u003d input.substring(toIndex + 5).trim();","lastModifiedDate":"2026-01-29T03:17:04","isFullCredit":false},{"lineNumber":206,"author":{"gitId":"kimsianglim"},"content":"","lastModifiedDate":"2026-01-29T03:17:04","isFullCredit":false},{"lineNumber":207,"author":{"gitId":"kimsianglim"},"content":"            if (desc.isEmpty() || from.isEmpty() || to.isEmpty()) {","lastModifiedDate":"2026-01-29T05:58:21","isFullCredit":false},{"lineNumber":208,"author":{"gitId":"kimsianglim"},"content":"                throw new NovaException(\"description and time cannot be empty.\");","lastModifiedDate":"2026-01-29T05:58:21","isFullCredit":false},{"lineNumber":209,"author":{"gitId":"kimsianglim"},"content":"            }","lastModifiedDate":"2026-01-29T05:58:21","isFullCredit":false},{"lineNumber":210,"author":{"gitId":"kimsianglim"},"content":"","lastModifiedDate":"2026-01-29T05:58:21","isFullCredit":false},{"lineNumber":211,"author":{"gitId":"kimsianglim"},"content":"            tasks.add(new Event(desc, from, to));","lastModifiedDate":"2026-01-30T11:21:14","isFullCredit":false},{"lineNumber":212,"author":{"gitId":"kimsianglim"},"content":"            save(storage, tasks);","lastModifiedDate":"2026-01-30T13:14:01","isFullCredit":false},{"lineNumber":213,"author":{"gitId":"kimsianglim"},"content":"","lastModifiedDate":"2026-01-30T13:14:01","isFullCredit":false},{"lineNumber":214,"author":{"gitId":"kimsianglim"},"content":"            System.out.println(LINE);","lastModifiedDate":"2026-01-29T03:17:04","isFullCredit":false},{"lineNumber":215,"author":{"gitId":"kimsianglim"},"content":"            System.out.println(\"Got it. I\u0027ve added this task:\");","lastModifiedDate":"2026-01-29T03:17:04","isFullCredit":false},{"lineNumber":216,"author":{"gitId":"kimsianglim"},"content":"            System.out.println(\"  \" + tasks.get(tasks.size() - 1));","lastModifiedDate":"2026-01-30T11:21:14","isFullCredit":false},{"lineNumber":217,"author":{"gitId":"kimsianglim"},"content":"            System.out.println(\"Now you have \" + tasks.size() + \" tasks in the list.\");","lastModifiedDate":"2026-01-30T11:21:14","isFullCredit":false},{"lineNumber":218,"author":{"gitId":"kimsianglim"},"content":"            System.out.println(LINE);","lastModifiedDate":"2026-01-29T03:17:04","isFullCredit":false},{"lineNumber":219,"author":{"gitId":"kimsianglim"},"content":"","lastModifiedDate":"2026-01-29T03:17:04","isFullCredit":false},{"lineNumber":220,"author":{"gitId":"kimsianglim"},"content":"            return;","lastModifiedDate":"2026-01-30T11:21:14","isFullCredit":false},{"lineNumber":221,"author":{"gitId":"kimsianglim"},"content":"        }","lastModifiedDate":"2026-01-27T07:28:41","isFullCredit":false},{"lineNumber":222,"author":{"gitId":"kimsianglim"},"content":"","lastModifiedDate":"2026-01-29T05:58:21","isFullCredit":false},{"lineNumber":223,"author":{"gitId":"kimsianglim"},"content":"        throw new NovaException(\"So sorry, I don\u0027t understand what that means.\");","lastModifiedDate":"2026-01-29T05:58:21","isFullCredit":false},{"lineNumber":224,"author":{"gitId":"kimsianglim"},"content":"","lastModifiedDate":"2026-01-29T05:58:21","isFullCredit":false},{"lineNumber":225,"author":{"gitId":"kimsianglim"},"content":"    }","lastModifiedDate":"2026-01-27T06:48:16","isFullCredit":false},{"lineNumber":226,"author":{"gitId":"kimsianglim"},"content":"","lastModifiedDate":"2026-01-29T05:58:21","isFullCredit":false},{"lineNumber":227,"author":{"gitId":"kimsianglim"},"content":"","lastModifiedDate":"2026-01-29T05:58:21","isFullCredit":false},{"lineNumber":228,"author":{"gitId":"kimsianglim"},"content":"}","lastModifiedDate":"2026-01-27T06:48:16","isFullCredit":false},{"lineNumber":229,"author":{"gitId":"kimsianglim"},"content":"","lastModifiedDate":"2026-01-29T05:58:21","isFullCredit":false}],"authorContributionMap":{"kimsianglim":229}},{"path":"src/main/java/NovaException.java","fileType":"java","lines":[{"lineNumber":1,"author":{"gitId":"kimsianglim"},"content":"public class NovaException extends Exception {","lastModifiedDate":"2026-01-29T05:58:21","isFullCredit":false},{"lineNumber":2,"author":{"gitId":"kimsianglim"},"content":"    public NovaException(String message) {","lastModifiedDate":"2026-01-29T05:58:21","isFullCredit":false},{"lineNumber":3,"author":{"gitId":"kimsianglim"},"content":"        super(message);","lastModifiedDate":"2026-01-29T05:58:21","isFullCredit":false},{"lineNumber":4,"author":{"gitId":"kimsianglim"},"content":"    }","lastModifiedDate":"2026-01-29T05:58:21","isFullCredit":false},{"lineNumber":5,"author":{"gitId":"kimsianglim"},"content":"}","lastModifiedDate":"2026-01-29T05:58:21","isFullCredit":false}],"authorContributionMap":{"kimsianglim":5}},{"path":"src/main/java/Storage.java","fileType":"java","lines":[{"lineNumber":1,"author":{"gitId":"kimsianglim"},"content":"import java.io.IOException;","lastModifiedDate":"2026-01-30T13:14:01","isFullCredit":false},{"lineNumber":2,"author":{"gitId":"kimsianglim"},"content":"import java.nio.file.Files;","lastModifiedDate":"2026-01-30T13:14:01","isFullCredit":false},{"lineNumber":3,"author":{"gitId":"kimsianglim"},"content":"import java.nio.file.Path;","lastModifiedDate":"2026-01-30T13:14:01","isFullCredit":false},{"lineNumber":4,"author":{"gitId":"kimsianglim"},"content":"import java.nio.file.Paths;","lastModifiedDate":"2026-01-30T13:14:01","isFullCredit":false},{"lineNumber":5,"author":{"gitId":"kimsianglim"},"content":"import java.util.ArrayList;","lastModifiedDate":"2026-01-30T13:14:01","isFullCredit":false},{"lineNumber":6,"author":{"gitId":"kimsianglim"},"content":"import java.util.List;","lastModifiedDate":"2026-01-30T13:14:01","isFullCredit":false},{"lineNumber":7,"author":{"gitId":"kimsianglim"},"content":"","lastModifiedDate":"2026-01-30T13:14:01","isFullCredit":false},{"lineNumber":8,"author":{"gitId":"kimsianglim"},"content":"public class Storage {","lastModifiedDate":"2026-01-30T13:14:01","isFullCredit":false},{"lineNumber":9,"author":{"gitId":"kimsianglim"},"content":"    private final Path filePath;","lastModifiedDate":"2026-01-30T13:14:01","isFullCredit":false},{"lineNumber":10,"author":{"gitId":"kimsianglim"},"content":"","lastModifiedDate":"2026-01-30T13:14:01","isFullCredit":false},{"lineNumber":11,"author":{"gitId":"kimsianglim"},"content":"    public Storage(String folder, String fileName) {","lastModifiedDate":"2026-01-30T13:14:01","isFullCredit":false},{"lineNumber":12,"author":{"gitId":"kimsianglim"},"content":"        this.filePath \u003d Paths.get(folder, fileName);","lastModifiedDate":"2026-01-30T13:14:01","isFullCredit":false},{"lineNumber":13,"author":{"gitId":"kimsianglim"},"content":"    }","lastModifiedDate":"2026-01-30T13:14:01","isFullCredit":false},{"lineNumber":14,"author":{"gitId":"kimsianglim"},"content":"","lastModifiedDate":"2026-01-30T13:14:01","isFullCredit":false},{"lineNumber":15,"author":{"gitId":"kimsianglim"},"content":"    private void ensureExists() throws IOException {","lastModifiedDate":"2026-01-30T13:14:01","isFullCredit":false},{"lineNumber":16,"author":{"gitId":"kimsianglim"},"content":"        Path parent \u003d filePath.getParent();","lastModifiedDate":"2026-01-30T13:14:01","isFullCredit":false},{"lineNumber":17,"author":{"gitId":"kimsianglim"},"content":"        if (parent !\u003d null \u0026\u0026 !Files.exists(parent)) {","lastModifiedDate":"2026-01-30T13:14:01","isFullCredit":false},{"lineNumber":18,"author":{"gitId":"kimsianglim"},"content":"            Files.createDirectories(parent);","lastModifiedDate":"2026-01-30T13:14:01","isFullCredit":false},{"lineNumber":19,"author":{"gitId":"kimsianglim"},"content":"        }","lastModifiedDate":"2026-01-30T13:14:01","isFullCredit":false},{"lineNumber":20,"author":{"gitId":"kimsianglim"},"content":"        if (!Files.exists(filePath)) {","lastModifiedDate":"2026-01-30T13:14:01","isFullCredit":false},{"lineNumber":21,"author":{"gitId":"kimsianglim"},"content":"            Files.createFile(filePath);","lastModifiedDate":"2026-01-30T13:14:01","isFullCredit":false},{"lineNumber":22,"author":{"gitId":"kimsianglim"},"content":"        }","lastModifiedDate":"2026-01-30T13:14:01","isFullCredit":false},{"lineNumber":23,"author":{"gitId":"kimsianglim"},"content":"    }","lastModifiedDate":"2026-01-30T13:14:01","isFullCredit":false},{"lineNumber":24,"author":{"gitId":"kimsianglim"},"content":"","lastModifiedDate":"2026-01-30T13:14:01","isFullCredit":false},{"lineNumber":25,"author":{"gitId":"kimsianglim"},"content":"    public ArrayList\u003cTask\u003e loadTasks() throws IOException {","lastModifiedDate":"2026-01-30T13:14:01","isFullCredit":false},{"lineNumber":26,"author":{"gitId":"kimsianglim"},"content":"        ensureExists();","lastModifiedDate":"2026-01-30T13:14:01","isFullCredit":false},{"lineNumber":27,"author":{"gitId":"kimsianglim"},"content":"        List\u003cString\u003e lines \u003d Files.readAllLines(filePath);","lastModifiedDate":"2026-01-30T13:14:01","isFullCredit":false},{"lineNumber":28,"author":{"gitId":"kimsianglim"},"content":"","lastModifiedDate":"2026-01-30T13:14:01","isFullCredit":false},{"lineNumber":29,"author":{"gitId":"kimsianglim"},"content":"        ArrayList\u003cTask\u003e tasks \u003d new ArrayList\u003c\u003e();","lastModifiedDate":"2026-01-30T13:14:01","isFullCredit":false},{"lineNumber":30,"author":{"gitId":"kimsianglim"},"content":"        for (String line : lines) {","lastModifiedDate":"2026-01-30T13:14:01","isFullCredit":false},{"lineNumber":31,"author":{"gitId":"kimsianglim"},"content":"            if (line.trim().isEmpty()) continue;","lastModifiedDate":"2026-01-30T13:14:01","isFullCredit":false},{"lineNumber":32,"author":{"gitId":"kimsianglim"},"content":"            tasks.add(parseTask(line));","lastModifiedDate":"2026-01-30T13:14:01","isFullCredit":false},{"lineNumber":33,"author":{"gitId":"kimsianglim"},"content":"        }","lastModifiedDate":"2026-01-30T13:14:01","isFullCredit":false},{"lineNumber":34,"author":{"gitId":"kimsianglim"},"content":"        return tasks;","lastModifiedDate":"2026-01-30T13:14:01","isFullCredit":false},{"lineNumber":35,"author":{"gitId":"kimsianglim"},"content":"    }","lastModifiedDate":"2026-01-30T13:14:01","isFullCredit":false},{"lineNumber":36,"author":{"gitId":"kimsianglim"},"content":"","lastModifiedDate":"2026-01-30T13:14:01","isFullCredit":false},{"lineNumber":37,"author":{"gitId":"kimsianglim"},"content":"    public void saveTasks(ArrayList\u003cTask\u003e tasks) throws IOException {","lastModifiedDate":"2026-01-30T13:14:01","isFullCredit":false},{"lineNumber":38,"author":{"gitId":"kimsianglim"},"content":"        ensureExists();","lastModifiedDate":"2026-01-30T13:14:01","isFullCredit":false},{"lineNumber":39,"author":{"gitId":"kimsianglim"},"content":"        List\u003cString\u003e lines \u003d new ArrayList\u003c\u003e();","lastModifiedDate":"2026-01-30T13:14:01","isFullCredit":false},{"lineNumber":40,"author":{"gitId":"kimsianglim"},"content":"        for (Task t : tasks) {","lastModifiedDate":"2026-01-30T13:14:01","isFullCredit":false},{"lineNumber":41,"author":{"gitId":"kimsianglim"},"content":"            lines.add(t.toFileString());","lastModifiedDate":"2026-01-30T13:14:01","isFullCredit":false},{"lineNumber":42,"author":{"gitId":"kimsianglim"},"content":"        }","lastModifiedDate":"2026-01-30T13:14:01","isFullCredit":false},{"lineNumber":43,"author":{"gitId":"kimsianglim"},"content":"        Files.write(filePath, lines);","lastModifiedDate":"2026-01-30T13:14:01","isFullCredit":false},{"lineNumber":44,"author":{"gitId":"kimsianglim"},"content":"    }","lastModifiedDate":"2026-01-30T13:14:01","isFullCredit":false},{"lineNumber":45,"author":{"gitId":"kimsianglim"},"content":"","lastModifiedDate":"2026-01-30T13:14:01","isFullCredit":false},{"lineNumber":46,"author":{"gitId":"kimsianglim"},"content":"    private Task parseTask(String line) {","lastModifiedDate":"2026-01-30T13:14:01","isFullCredit":false},{"lineNumber":47,"author":{"gitId":"kimsianglim"},"content":"        String[] parts \u003d line.split(\" \\\\| \");","lastModifiedDate":"2026-01-30T13:14:01","isFullCredit":false},{"lineNumber":48,"author":{"gitId":"kimsianglim"},"content":"        String type \u003d parts[0];","lastModifiedDate":"2026-01-30T13:14:01","isFullCredit":false},{"lineNumber":49,"author":{"gitId":"kimsianglim"},"content":"        boolean isDone \u003d parts[1].equals(\"1\");","lastModifiedDate":"2026-01-30T13:14:01","isFullCredit":false},{"lineNumber":50,"author":{"gitId":"kimsianglim"},"content":"        String desc \u003d parts[2];","lastModifiedDate":"2026-01-30T13:14:01","isFullCredit":false},{"lineNumber":51,"author":{"gitId":"kimsianglim"},"content":"","lastModifiedDate":"2026-01-30T13:14:01","isFullCredit":false},{"lineNumber":52,"author":{"gitId":"kimsianglim"},"content":"        switch (type) {","lastModifiedDate":"2026-01-30T13:14:01","isFullCredit":false},{"lineNumber":53,"author":{"gitId":"kimsianglim"},"content":"            case \"T\":","lastModifiedDate":"2026-01-30T13:14:01","isFullCredit":false},{"lineNumber":54,"author":{"gitId":"kimsianglim"},"content":"                return new ToDo(desc, isDone);","lastModifiedDate":"2026-01-30T13:14:01","isFullCredit":false},{"lineNumber":55,"author":{"gitId":"kimsianglim"},"content":"            case \"D\":","lastModifiedDate":"2026-01-30T13:14:01","isFullCredit":false},{"lineNumber":56,"author":{"gitId":"kimsianglim"},"content":"                return new Deadline(desc, parts[3], isDone);","lastModifiedDate":"2026-01-30T13:14:01","isFullCredit":false},{"lineNumber":57,"author":{"gitId":"kimsianglim"},"content":"            case \"E\":","lastModifiedDate":"2026-01-30T13:14:01","isFullCredit":false},{"lineNumber":58,"author":{"gitId":"kimsianglim"},"content":"                return new Event(desc, parts[3], parts[4], isDone);","lastModifiedDate":"2026-01-30T13:14:01","isFullCredit":false},{"lineNumber":59,"author":{"gitId":"kimsianglim"},"content":"            default:","lastModifiedDate":"2026-01-30T13:14:01","isFullCredit":false},{"lineNumber":60,"author":{"gitId":"kimsianglim"},"content":"                throw new IllegalArgumentException(\"Corrupted save file line: \" + line);","lastModifiedDate":"2026-01-30T13:14:01","isFullCredit":false},{"lineNumber":61,"author":{"gitId":"kimsianglim"},"content":"        }","lastModifiedDate":"2026-01-30T13:14:01","isFullCredit":false},{"lineNumber":62,"author":{"gitId":"kimsianglim"},"content":"    }","lastModifiedDate":"2026-01-30T13:14:01","isFullCredit":false},{"lineNumber":63,"author":{"gitId":"kimsianglim"},"content":"}","lastModifiedDate":"2026-01-30T13:14:01","isFullCredit":false}],"authorContributionMap":{"kimsianglim":63}},{"path":"src/main/java/Task.java","fileType":"java","lines":[{"lineNumber":1,"author":{"gitId":"kimsianglim"},"content":"public class Task {","lastModifiedDate":"2026-01-28T23:03:34","isFullCredit":false},{"lineNumber":2,"author":{"gitId":"kimsianglim"},"content":"    private String description;","lastModifiedDate":"2026-01-28T23:03:34","isFullCredit":false},{"lineNumber":3,"author":{"gitId":"kimsianglim"},"content":"    private boolean isDone;","lastModifiedDate":"2026-01-28T23:03:34","isFullCredit":false},{"lineNumber":4,"author":{"gitId":"kimsianglim"},"content":"","lastModifiedDate":"2026-01-28T23:03:34","isFullCredit":false},{"lineNumber":5,"author":{"gitId":"kimsianglim"},"content":"    public Task(String description) {","lastModifiedDate":"2026-01-28T23:03:34","isFullCredit":false},{"lineNumber":6,"author":{"gitId":"kimsianglim"},"content":"        this.description \u003d description;","lastModifiedDate":"2026-01-28T23:03:34","isFullCredit":false},{"lineNumber":7,"author":{"gitId":"kimsianglim"},"content":"        this.isDone \u003d false;","lastModifiedDate":"2026-01-28T23:03:34","isFullCredit":false},{"lineNumber":8,"author":{"gitId":"kimsianglim"},"content":"    }","lastModifiedDate":"2026-01-28T23:03:34","isFullCredit":false},{"lineNumber":9,"author":{"gitId":"kimsianglim"},"content":"","lastModifiedDate":"2026-01-28T23:03:34","isFullCredit":false},{"lineNumber":10,"author":{"gitId":"kimsianglim"},"content":"    public Task(String description, boolean isDone) {","lastModifiedDate":"2026-01-30T13:14:01","isFullCredit":false},{"lineNumber":11,"author":{"gitId":"kimsianglim"},"content":"        this.description \u003d description;","lastModifiedDate":"2026-01-30T13:14:01","isFullCredit":false},{"lineNumber":12,"author":{"gitId":"kimsianglim"},"content":"        this.isDone \u003d isDone;","lastModifiedDate":"2026-01-30T13:14:01","isFullCredit":false},{"lineNumber":13,"author":{"gitId":"kimsianglim"},"content":"    }","lastModifiedDate":"2026-01-30T13:14:01","isFullCredit":false},{"lineNumber":14,"author":{"gitId":"kimsianglim"},"content":"","lastModifiedDate":"2026-01-30T13:14:01","isFullCredit":false},{"lineNumber":15,"author":{"gitId":"kimsianglim"},"content":"","lastModifiedDate":"2026-01-30T13:14:01","isFullCredit":false},{"lineNumber":16,"author":{"gitId":"kimsianglim"},"content":"    public void markAsDone() {","lastModifiedDate":"2026-01-28T23:03:34","isFullCredit":false},{"lineNumber":17,"author":{"gitId":"kimsianglim"},"content":"        this.isDone \u003d true;","lastModifiedDate":"2026-01-28T23:03:34","isFullCredit":false},{"lineNumber":18,"author":{"gitId":"kimsianglim"},"content":"    }","lastModifiedDate":"2026-01-28T23:03:34","isFullCredit":false},{"lineNumber":19,"author":{"gitId":"kimsianglim"},"content":"","lastModifiedDate":"2026-01-28T23:03:34","isFullCredit":false},{"lineNumber":20,"author":{"gitId":"kimsianglim"},"content":"    public void markAsUndone() {","lastModifiedDate":"2026-01-28T23:03:34","isFullCredit":false},{"lineNumber":21,"author":{"gitId":"kimsianglim"},"content":"        this.isDone \u003d false;","lastModifiedDate":"2026-01-28T23:03:34","isFullCredit":false},{"lineNumber":22,"author":{"gitId":"kimsianglim"},"content":"    }","lastModifiedDate":"2026-01-28T23:03:34","isFullCredit":false},{"lineNumber":23,"author":{"gitId":"kimsianglim"},"content":"","lastModifiedDate":"2026-01-28T23:03:34","isFullCredit":false},{"lineNumber":24,"author":{"gitId":"kimsianglim"},"content":"    public boolean isDone() {","lastModifiedDate":"2026-01-30T13:14:01","isFullCredit":false},{"lineNumber":25,"author":{"gitId":"kimsianglim"},"content":"        return isDone;","lastModifiedDate":"2026-01-30T13:14:01","isFullCredit":false},{"lineNumber":26,"author":{"gitId":"kimsianglim"},"content":"    }","lastModifiedDate":"2026-01-30T13:14:01","isFullCredit":false},{"lineNumber":27,"author":{"gitId":"kimsianglim"},"content":"","lastModifiedDate":"2026-01-30T13:14:01","isFullCredit":false},{"lineNumber":28,"author":{"gitId":"kimsianglim"},"content":"    public String getStatusIcon() {","lastModifiedDate":"2026-01-28T23:03:34","isFullCredit":false},{"lineNumber":29,"author":{"gitId":"kimsianglim"},"content":"        return isDone ? \"X\" : \" \";","lastModifiedDate":"2026-01-28T23:03:34","isFullCredit":false},{"lineNumber":30,"author":{"gitId":"kimsianglim"},"content":"    }","lastModifiedDate":"2026-01-28T23:03:34","isFullCredit":false},{"lineNumber":31,"author":{"gitId":"kimsianglim"},"content":"","lastModifiedDate":"2026-01-28T23:03:34","isFullCredit":false},{"lineNumber":32,"author":{"gitId":"kimsianglim"},"content":"    public String getDescription() {","lastModifiedDate":"2026-01-28T23:03:34","isFullCredit":false},{"lineNumber":33,"author":{"gitId":"kimsianglim"},"content":"        return description;","lastModifiedDate":"2026-01-28T23:03:34","isFullCredit":false},{"lineNumber":34,"author":{"gitId":"kimsianglim"},"content":"    }","lastModifiedDate":"2026-01-28T23:03:34","isFullCredit":false},{"lineNumber":35,"author":{"gitId":"kimsianglim"},"content":"","lastModifiedDate":"2026-01-28T23:03:34","isFullCredit":false},{"lineNumber":36,"author":{"gitId":"kimsianglim"},"content":"    public String toFileString() {","lastModifiedDate":"2026-01-30T13:14:01","isFullCredit":false},{"lineNumber":37,"author":{"gitId":"kimsianglim"},"content":"        return \"\";","lastModifiedDate":"2026-01-30T13:14:01","isFullCredit":false},{"lineNumber":38,"author":{"gitId":"kimsianglim"},"content":"    }","lastModifiedDate":"2026-01-30T13:14:01","isFullCredit":false},{"lineNumber":39,"author":{"gitId":"kimsianglim"},"content":"","lastModifiedDate":"2026-01-30T13:14:01","isFullCredit":false},{"lineNumber":40,"author":{"gitId":"kimsianglim"},"content":"    @Override","lastModifiedDate":"2026-01-28T23:03:34","isFullCredit":false},{"lineNumber":41,"author":{"gitId":"kimsianglim"},"content":"    public String toString() {","lastModifiedDate":"2026-01-28T23:03:34","isFullCredit":false},{"lineNumber":42,"author":{"gitId":"kimsianglim"},"content":"        return \"[\" + getStatusIcon() + \"] \" + description;","lastModifiedDate":"2026-01-28T23:03:34","isFullCredit":false},{"lineNumber":43,"author":{"gitId":"kimsianglim"},"content":"    }","lastModifiedDate":"2026-01-28T23:03:34","isFullCredit":false},{"lineNumber":44,"author":{"gitId":"kimsianglim"},"content":"}","lastModifiedDate":"2026-01-28T23:03:34","isFullCredit":false}],"authorContributionMap":{"kimsianglim":44}},{"path":"src/main/java/ToDo.java","fileType":"java","lines":[{"lineNumber":1,"author":{"gitId":"kimsianglim"},"content":"public class ToDo extends Task {","lastModifiedDate":"2026-01-29T03:17:04","isFullCredit":false},{"lineNumber":2,"author":{"gitId":"kimsianglim"},"content":"","lastModifiedDate":"2026-01-29T03:17:04","isFullCredit":false},{"lineNumber":3,"author":{"gitId":"kimsianglim"},"content":"    public ToDo(String description) {","lastModifiedDate":"2026-01-29T03:17:04","isFullCredit":false},{"lineNumber":4,"author":{"gitId":"kimsianglim"},"content":"        super(description);","lastModifiedDate":"2026-01-29T03:17:04","isFullCredit":false},{"lineNumber":5,"author":{"gitId":"kimsianglim"},"content":"    }","lastModifiedDate":"2026-01-29T03:17:04","isFullCredit":false},{"lineNumber":6,"author":{"gitId":"kimsianglim"},"content":"","lastModifiedDate":"2026-01-29T03:17:04","isFullCredit":false},{"lineNumber":7,"author":{"gitId":"kimsianglim"},"content":"    public ToDo(String description, boolean isDone) {","lastModifiedDate":"2026-01-30T13:14:01","isFullCredit":false},{"lineNumber":8,"author":{"gitId":"kimsianglim"},"content":"        super(description, isDone);","lastModifiedDate":"2026-01-30T13:14:01","isFullCredit":false},{"lineNumber":9,"author":{"gitId":"kimsianglim"},"content":"    }","lastModifiedDate":"2026-01-30T13:14:01","isFullCredit":false},{"lineNumber":10,"author":{"gitId":"kimsianglim"},"content":"","lastModifiedDate":"2026-01-30T13:14:01","isFullCredit":false},{"lineNumber":11,"author":{"gitId":"kimsianglim"},"content":"    @Override","lastModifiedDate":"2026-01-30T13:14:01","isFullCredit":false},{"lineNumber":12,"author":{"gitId":"kimsianglim"},"content":"    public String toFileString() {","lastModifiedDate":"2026-01-30T13:14:01","isFullCredit":false},{"lineNumber":13,"author":{"gitId":"kimsianglim"},"content":"        return \"T | \" + (isDone() ? \"1\" : \"0\") + \" | \" + getDescription();","lastModifiedDate":"2026-01-30T13:14:01","isFullCredit":false},{"lineNumber":14,"author":{"gitId":"kimsianglim"},"content":"    }","lastModifiedDate":"2026-01-30T13:14:01","isFullCredit":false},{"lineNumber":15,"author":{"gitId":"kimsianglim"},"content":"","lastModifiedDate":"2026-01-30T13:14:01","isFullCredit":false},{"lineNumber":16,"author":{"gitId":"kimsianglim"},"content":"    @Override","lastModifiedDate":"2026-01-29T03:17:04","isFullCredit":false},{"lineNumber":17,"author":{"gitId":"kimsianglim"},"content":"    public String toString() {","lastModifiedDate":"2026-01-29T03:17:04","isFullCredit":false},{"lineNumber":18,"author":{"gitId":"kimsianglim"},"content":"        return \"[T]\" + super.toString();","lastModifiedDate":"2026-01-29T03:17:04","isFullCredit":false},{"lineNumber":19,"author":{"gitId":"kimsianglim"},"content":"    }","lastModifiedDate":"2026-01-29T03:17:04","isFullCredit":false},{"lineNumber":20,"author":{"gitId":"kimsianglim"},"content":"}","lastModifiedDate":"2026-01-29T03:17:04","isFullCredit":false}],"authorContributionMap":{"kimsianglim":20}},{"path":"text-ui-test/input.txt","fileType":"txt","lines":[{"lineNumber":1,"author":{"gitId":"kimsianglim"},"content":"list","lastModifiedDate":"2026-01-29T04:40:17","isFullCredit":false},{"lineNumber":2,"author":{"gitId":"kimsianglim"},"content":"todo read book","lastModifiedDate":"2026-01-29T04:40:17","isFullCredit":false},{"lineNumber":3,"author":{"gitId":"kimsianglim"},"content":"deadline return book /by Sunday","lastModifiedDate":"2026-01-29T04:40:17","isFullCredit":false},{"lineNumber":4,"author":{"gitId":"kimsianglim"},"content":"event project meeting /from Mon 2pm /to 4pm","lastModifiedDate":"2026-01-29T04:40:17","isFullCredit":false},{"lineNumber":5,"author":{"gitId":"kimsianglim"},"content":"list","lastModifiedDate":"2026-01-29T04:40:17","isFullCredit":false},{"lineNumber":6,"author":{"gitId":"kimsianglim"},"content":"mark 2","lastModifiedDate":"2026-01-29T04:40:17","isFullCredit":false},{"lineNumber":7,"author":{"gitId":"kimsianglim"},"content":"unmark 2","lastModifiedDate":"2026-01-29T04:40:17","isFullCredit":false},{"lineNumber":8,"author":{"gitId":"kimsianglim"},"content":"blah","lastModifiedDate":"2026-01-29T05:58:21","isFullCredit":false},{"lineNumber":9,"author":{"gitId":"kimsianglim"},"content":"todo","lastModifiedDate":"2026-01-29T05:58:21","isFullCredit":false},{"lineNumber":10,"author":{"gitId":"kimsianglim"},"content":"deadline return /","lastModifiedDate":"2026-01-29T05:58:21","isFullCredit":false},{"lineNumber":11,"author":{"gitId":"kimsianglim"},"content":"event bbb","lastModifiedDate":"2026-01-29T05:58:21","isFullCredit":false},{"lineNumber":12,"author":{"gitId":"kimsianglim"},"content":"delete 2","lastModifiedDate":"2026-01-30T11:21:14","isFullCredit":false},{"lineNumber":13,"author":{"gitId":"kimsianglim"},"content":"bye","lastModifiedDate":"2026-01-29T04:40:17","isFullCredit":false}],"authorContributionMap":{"kimsianglim":13}},{"path":"text-ui-test/runtest.sh","fileType":"sh","lines":[{"lineNumber":1,"author":{"gitId":"-"},"content":"#!/usr/bin/env bash","lastModifiedDate":"2020-05-25T00:03:55","isFullCredit":false},{"lineNumber":2,"author":{"gitId":"-"},"content":"","lastModifiedDate":"2020-05-25T00:03:55","isFullCredit":false},{"lineNumber":3,"author":{"gitId":"-"},"content":"# create bin directory if it doesn\u0027t exist","lastModifiedDate":"2020-05-25T00:03:55","isFullCredit":false},{"lineNumber":4,"author":{"gitId":"-"},"content":"if [ ! -d \"../bin\" ]","lastModifiedDate":"2020-05-25T00:03:55","isFullCredit":false},{"lineNumber":5,"author":{"gitId":"-"},"content":"then","lastModifiedDate":"2020-05-25T00:03:55","isFullCredit":false},{"lineNumber":6,"author":{"gitId":"-"},"content":"    mkdir ../bin","lastModifiedDate":"2020-05-25T00:03:55","isFullCredit":false},{"lineNumber":7,"author":{"gitId":"-"},"content":"fi","lastModifiedDate":"2020-05-25T00:03:55","isFullCredit":false},{"lineNumber":8,"author":{"gitId":"-"},"content":"","lastModifiedDate":"2020-05-25T00:03:55","isFullCredit":false},{"lineNumber":9,"author":{"gitId":"-"},"content":"# delete output from previous run","lastModifiedDate":"2020-05-25T00:03:55","isFullCredit":false},{"lineNumber":10,"author":{"gitId":"-"},"content":"if [ -e \"./ACTUAL.TXT\" ]","lastModifiedDate":"2020-05-25T00:03:55","isFullCredit":false},{"lineNumber":11,"author":{"gitId":"-"},"content":"then","lastModifiedDate":"2020-05-25T00:03:55","isFullCredit":false},{"lineNumber":12,"author":{"gitId":"-"},"content":"    rm ACTUAL.TXT","lastModifiedDate":"2020-05-25T00:03:55","isFullCredit":false},{"lineNumber":13,"author":{"gitId":"-"},"content":"fi","lastModifiedDate":"2020-05-25T00:03:55","isFullCredit":false},{"lineNumber":14,"author":{"gitId":"-"},"content":"","lastModifiedDate":"2020-05-25T00:03:55","isFullCredit":false},{"lineNumber":15,"author":{"gitId":"-"},"content":"# compile the code into the bin folder, terminates if error occurred","lastModifiedDate":"2020-05-25T00:03:55","isFullCredit":false},{"lineNumber":16,"author":{"gitId":"-"},"content":"if ! javac -cp ../src/main/java -Xlint:none -d ../bin ../src/main/java/*.java","lastModifiedDate":"2020-08-25T17:23:26","isFullCredit":false},{"lineNumber":17,"author":{"gitId":"-"},"content":"then","lastModifiedDate":"2020-05-25T00:03:55","isFullCredit":false},{"lineNumber":18,"author":{"gitId":"-"},"content":"    echo \"********** BUILD FAILURE **********\"","lastModifiedDate":"2020-05-25T00:03:55","isFullCredit":false},{"lineNumber":19,"author":{"gitId":"-"},"content":"    exit 1","lastModifiedDate":"2020-05-25T00:03:55","isFullCredit":false},{"lineNumber":20,"author":{"gitId":"-"},"content":"fi","lastModifiedDate":"2020-05-25T00:03:55","isFullCredit":false},{"lineNumber":21,"author":{"gitId":"-"},"content":"","lastModifiedDate":"2020-05-25T00:03:55","isFullCredit":false},{"lineNumber":22,"author":{"gitId":"-"},"content":"# run the program, feed commands from input.txt file and redirect the output to the ACTUAL.TXT","lastModifiedDate":"2020-05-25T00:03:55","isFullCredit":false},{"lineNumber":23,"author":{"gitId":"kimsianglim"},"content":"java -classpath ../bin Nova \u003c input.txt \u003e ACTUAL.TXT","lastModifiedDate":"2026-01-29T04:40:17","isFullCredit":false},{"lineNumber":24,"author":{"gitId":"-"},"content":"","lastModifiedDate":"2020-05-25T00:03:55","isFullCredit":false},{"lineNumber":25,"author":{"gitId":"-"},"content":"# compare the output to the expected output","lastModifiedDate":"2020-05-25T00:03:55","isFullCredit":false},{"lineNumber":26,"author":{"gitId":"kimsianglim"},"content":"diff ACTUAL.TXT EXPECTED.TXT","lastModifiedDate":"2026-01-29T04:40:17","isFullCredit":false},{"lineNumber":27,"author":{"gitId":"-"},"content":"if [ $? -eq 0 ]","lastModifiedDate":"2020-05-25T00:03:55","isFullCredit":false},{"lineNumber":28,"author":{"gitId":"-"},"content":"then","lastModifiedDate":"2020-05-25T00:03:55","isFullCredit":false},{"lineNumber":29,"author":{"gitId":"-"},"content":"    echo \"Test result: PASSED\"","lastModifiedDate":"2020-05-25T00:03:55","isFullCredit":false},{"lineNumber":30,"author":{"gitId":"-"},"content":"    exit 0","lastModifiedDate":"2020-05-25T00:03:55","isFullCredit":false},{"lineNumber":31,"author":{"gitId":"-"},"content":"else","lastModifiedDate":"2020-05-25T00:03:55","isFullCredit":false},{"lineNumber":32,"author":{"gitId":"-"},"content":"    echo \"Test result: FAILED\"","lastModifiedDate":"2020-05-25T00:03:55","isFullCredit":false},{"lineNumber":33,"author":{"gitId":"-"},"content":"    exit 1","lastModifiedDate":"2020-05-25T00:03:55","isFullCredit":false},{"lineNumber":34,"author":{"gitId":"-"},"content":"fi","lastModifiedDate":"2020-05-25T00:03:55","isFullCredit":false}],"authorContributionMap":{"kimsianglim":2,"-":32}}]
