{"authorDailyContributionsMap":{"kimsianglim":[{"date":"2026-01-27T00:00:00","commitResults":[{"hash":"c1fefb19293cb48dc9bf4e04c556f95b84edb827","isMergeCommit":false,"messageTitle":"Level-0","messageBody":"","fileTypesAndContributionMap":{"java":{"insertions":7,"deletions":10}}},{"hash":"909e0ed599163368e018d4f1860f129905374ae1","isMergeCommit":false,"messageTitle":"Rename","messageBody":"","tags":["Level-0"],"fileTypesAndContributionMap":{"java":{"insertions":2,"deletions":2}}},{"hash":"8c11d67d5f9c9b99574cb4bf4ecc1288dbb9c751","isMergeCommit":false,"messageTitle":"Level-1","messageBody":"","tags":["Level-1"],"fileTypesAndContributionMap":{"java":{"insertions":20,"deletions":1}}},{"hash":"1c97b46137af20f376cc6be94eff8283dedf64aa","isMergeCommit":false,"messageTitle":"Level-2","messageBody":"","tags":["Level-2"],"fileTypesAndContributionMap":{"java":{"insertions":16,"deletions":1}}}]},{"date":"2026-01-28T00:00:00","commitResults":[{"hash":"7ccf555fa218bee255f7d16f30b5933bcb6fb75f","isMergeCommit":false,"messageTitle":"Level-3","messageBody":"","tags":["Level-3"],"fileTypesAndContributionMap":{"java":{"insertions":83,"deletions":12}}}]},{"date":"2026-01-29T00:00:00","commitResults":[{"hash":"ac28d55c2b1da2c47aea4a2bb750e376c54e5eb8","isMergeCommit":false,"messageTitle":"Level-4","messageBody":"","tags":["Level-4"],"fileTypesAndContributionMap":{"java":{"insertions":100,"deletions":7}}},{"hash":"5d1534d3030386776a0b08e3c84e80e6b06a1ba6","isMergeCommit":false,"messageTitle":"Added test cases, I/O redirection technique","messageBody":"","fileTypesAndContributionMap":{"java":{"insertions":2,"deletions":2}}},{"hash":"6a1505593ad43a6cc030b94a09b59de1e911ba9b","isMergeCommit":false,"messageTitle":"Added test cases, I/O redirection technique","messageBody":"","tags":["A-TextUiTesting"],"fileTypesAndContributionMap":{"txt":{"insertions":8,"deletions":0},"sh":{"insertions":2,"deletions":6}}},{"hash":"529bfc58ec10667c0edfc9a8294701c855554072","isMergeCommit":false,"messageTitle":"Added some error handling","messageBody":"","tags":["Level-5"],"fileTypesAndContributionMap":{"txt":{"insertions":4,"deletions":0},"java":{"insertions":118,"deletions":89}}}]},{"date":"2026-01-30T00:00:00","commitResults":[{"hash":"ba2fc77dc9c2a54c71a7c08d3d3e74725214638b","isMergeCommit":false,"messageTitle":"Added delete command","messageBody":"","tags":["Level-6"],"fileTypesAndContributionMap":{"txt":{"insertions":1,"deletions":0},"java":{"insertions":80,"deletions":44}}},{"hash":"e39e9d73e09c873c7311e2831ba5bcd4ef268168","isMergeCommit":false,"messageTitle":"Add save to local feature","messageBody":"","fileTypesAndContributionMap":{"java":{"insertions":144,"deletions":3}}},{"hash":"cd05152528dc7ed8aefc73911456326fc6da74c2","isMergeCommit":true,"messageTitle":"Merge branch \u0027branch-Level-7\u0027 Add saving feature","messageBody":"","tags":["Level-7"],"fileTypesAndContributionMap":{}},{"hash":"2c96c5fcb7f8de0bfee769aef77991e6d34dabf5","isMergeCommit":false,"messageTitle":"Add DateTime format recognition","messageBody":"","fileTypesAndContributionMap":{"java":{"insertions":114,"deletions":8}}},{"hash":"d810a5fdaa9d84ce2382db848540c2fa954249a3","isMergeCommit":true,"messageTitle":"Merge branch \u0027branch-Level-8\u0027 add","messageBody":"","tags":["Level-8"],"fileTypesAndContributionMap":{}}]},{"date":"2026-02-04T00:00:00","commitResults":[{"hash":"4e6f1a099dc20a5cd773fd9f94c14a7ca9632f40","isMergeCommit":false,"messageTitle":"Add Command, Parser, TaskList, Ui classes","messageBody":"","tags":["A-MoreOOP","A-Enums"],"fileTypesAndContributionMap":{"java":{"insertions":313,"deletions":204}}},{"hash":"9e0a2545d74ea9fa37576a8bb5aa6bf06724b109","isMergeCommit":false,"messageTitle":"Put all classes in nova package","messageBody":"","tags":["A-Packages"],"fileTypesAndContributionMap":{"java":{"insertions":25,"deletions":3}}}]},{"date":"2026-02-06T00:00:00","commitResults":[{"hash":"48057e9a913ec36c8ab35b88426a8e7c75023f67","isMergeCommit":true,"messageTitle":"Merge branch \u0027add-gradle-support\u0027","messageBody":"","tags":["A-Gradle"],"fileTypesAndContributionMap":{}},{"hash":"5ba6d8b5bc6cc8f68b3a6eacadd1b889e1c61aab","isMergeCommit":false,"messageTitle":"Add ParserTest and ToDoTest","messageBody":"","tags":["A-Jar","A-JUnit"],"fileTypesAndContributionMap":{"gradle":{"insertions":2,"deletions":1},"java":{"insertions":185,"deletions":15}}},{"hash":"96561a26050c4bc666b8d485ce7d5a0ca35bc97c","isMergeCommit":false,"messageTitle":"Modify build.gradle to be able to create jar file","messageBody":"","fileTypesAndContributionMap":{"gradle":{"insertions":1,"deletions":1}}},{"hash":"bd9f434df7e6e1a9dda56c7cfae9569c6922c4be","isMergeCommit":false,"messageTitle":"Add JavaDoc comments for every non-private method","messageBody":"","fileTypesAndContributionMap":{"java":{"insertions":112,"deletions":3}}},{"hash":"30ab6e91608d37af403e3f52bd14dd94a09c4bb3","isMergeCommit":false,"messageTitle":"Change some code to comply with coding standard","messageBody":"","fileTypesAndContributionMap":{"java":{"insertions":76,"deletions":12}}},{"hash":"b3f6e6e48f46724a5cb929a5d3e7e298a0269864","isMergeCommit":false,"messageTitle":"Add some packages","messageBody":"","fileTypesAndContributionMap":{"java":{"insertions":20,"deletions":7}}},{"hash":"24d12f154f1b9703d1fe445f54a83e887f8a2da2","isMergeCommit":false,"messageTitle":"Add find feature","messageBody":"","fileTypesAndContributionMap":{"java":{"insertions":37,"deletions":1}}},{"hash":"5fee6d9fe81de0fd9a0f0d4893333405f9b02d24","isMergeCommit":true,"messageTitle":"Merge branch \u0027branch-A-JavaDoc\u0027","messageBody":"","tags":["A-JavaDoc"],"fileTypesAndContributionMap":{}},{"hash":"f7bad5ef953e38f533759d6ca826addfe764e2aa","isMergeCommit":true,"messageTitle":"Merge branch \u0027branch-A-CodingStandard\u0027","messageBody":"","tags":["A-CodingStandard"],"fileTypesAndContributionMap":{}},{"hash":"1321239ba2ad92a9628d3f8ad38857e0c93f626b","isMergeCommit":true,"messageTitle":"Resolve conflict merging level 9","messageBody":"","tags":["Level-9"],"fileTypesAndContributionMap":{}}]},{"date":"2026-02-13T00:00:00","commitResults":[{"hash":"dd50af8fea742d4d3ef275df9e9e2121fe633ac9","isMergeCommit":false,"messageTitle":"debug TaskList","messageBody":"","fileTypesAndContributionMap":{"gradle":{"insertions":4,"deletions":0},"java":{"insertions":11,"deletions":0}}},{"hash":"cbec43ee5ff7567e9319e4b64c520881b3e1ba08","isMergeCommit":false,"messageTitle":"Update CheckStyle","messageBody":"","fileTypesAndContributionMap":{"gradle":{"insertions":4,"deletions":0},"java":{"insertions":70,"deletions":59}}},{"hash":"6e1c669ee5cb6a7c59004b44c4e9eb515e080338","isMergeCommit":true,"messageTitle":"Fix build.gradle","messageBody":"","tags":["A-CheckStyle"],"fileTypesAndContributionMap":{}},{"hash":"98a6c31b1cfbe2b3027e74191fd516ab47e0ca2a","isMergeCommit":false,"messageTitle":"Fix style problem","messageBody":"","fileTypesAndContributionMap":{"java":{"insertions":149,"deletions":38}}},{"hash":"b6f4733e495c2c8dc6d791aa7783cff8139d1b20","isMergeCommit":false,"messageTitle":"Fix Java code standard problem","messageBody":"","fileTypesAndContributionMap":{"java":{"insertions":36,"deletions":3}}}]},{"date":"2026-02-20T00:00:00","commitResults":[{"hash":"01a3aab5f0a7c9c1d4d3a6df0057450aca98e7bc","isMergeCommit":false,"messageTitle":"add GUI","messageBody":"","fileTypesAndContributionMap":{"gradle":{"insertions":16,"deletions":1},"fxml":{"insertions":41,"deletions":0},"java":{"insertions":231,"deletions":0}}},{"hash":"d2a469bdc044bfeff0325dbb45e8be5d61e0e00a","isMergeCommit":true,"messageTitle":"Merge branch \u0027branch-Level-10\u0027","messageBody":"","tags":["Level-10"],"fileTypesAndContributionMap":{}},{"hash":"763eddbbbf0e455e1fdea9c6d1da7e5b1809c124","isMergeCommit":false,"messageTitle":"Add assertions to document internal invariants","messageBody":"Introduce Java assert statements in DialogBox, MainWindow\nand Command to document important assumptions that must\nhold during execution.\n\nAssertions verify FXML injection, Nova initialization and\ncommand integrity to detect programmer errors early.\n\nThese assertions are not used for user input validation but\nto document internal invariants, satisfying the A-Assertions\nrequirement.\n","tags":["A-FullCommitMessage"],"fileTypesAndContributionMap":{"java":{"insertions":22,"deletions":0}}},{"hash":"dfc4bd7f76d415de5c211600cb4db3b90fb9046c","isMergeCommit":false,"messageTitle":"Refactor Nova.java execute to improve SLAP and reduce duplication","messageBody":"Extract command handling logic in execute() and executeForGui()\ninto dedicated helper methods to follow Single Level of\nAbstraction Principle (SLAP).\n\nThis improves readability and ensures both interfaces rely\non a single source of truth for task mutations.\n","fileTypesAndContributionMap":{"java":{"insertions":172,"deletions":95}}},{"hash":"f1476143d7eb45a2ec902cd9774c745ed8c7a1c2","isMergeCommit":true,"messageTitle":"Merge pull request #2 from kimsianglim/branch-A-Assertions","messageBody":"Add assertions to document internal invariants","tags":["A-Assertions"],"fileTypesAndContributionMap":{}},{"hash":"5a75584923b6a66b59178faddaef31638d57addc","isMergeCommit":true,"messageTitle":"Merge branch \u0027master\u0027 into branch-A-CodeQuality","messageBody":"","fileTypesAndContributionMap":{}},{"hash":"8377c045eaa940f865d388ac81d5952b8d592fd9","isMergeCommit":true,"messageTitle":"Merge branch \u0027master\u0027 into branch-A-CI","messageBody":"","fileTypesAndContributionMap":{}},{"hash":"afa7d1ab1a27f5a22781a3069d2c05845c1f34ff","isMergeCommit":true,"messageTitle":"Merge pull request #3 from kimsianglim/branch-A-CodeQuality","messageBody":"Refactor Nova.java execute to improve SLAP and reduce duplication","tags":["A-CodeQuality"],"fileTypesAndContributionMap":{}},{"hash":"96c5b637fb2b30f26877eaa37ffc5d5f833d0e9d","isMergeCommit":true,"messageTitle":"Merge branch \u0027master\u0027 into branch-A-CI","messageBody":"","fileTypesAndContributionMap":{}},{"hash":"7607e90007edbd6ef168eefe2cf8707f3276a6b5","isMergeCommit":false,"messageTitle":"change test method names","messageBody":"","fileTypesAndContributionMap":{"java":{"insertions":19,"deletions":20}}},{"hash":"3828b79612fef897d8a0c146313538647c60c543","isMergeCommit":false,"messageTitle":"Add detect duplicates extension","messageBody":"","tags":["BCD-Extension"],"fileTypesAndContributionMap":{"java":{"insertions":34,"deletions":6}}},{"hash":"782dee410e2fec8b756e32dacdd3b0f82251ae9c","isMergeCommit":false,"messageTitle":"Reorganize the packages and path name","messageBody":"","tags":["A-AiAssisted"],"fileTypesAndContributionMap":{"java":{"insertions":271,"deletions":154}}}]}]},"authorFileTypeContributionMap":{"kimsianglim":{"java":1659,"md":0,"fxml":41,"sh":2,"bat":0,"gradle":24,"txt":13}},"authorContributionVariance":{"kimsianglim":43041.664},"authorDisplayNameMap":{"kimsianglim":"CS2103T-W12-2 LIM ..IANG"}}
