[{"path":"src/main/java/Deadline.java","fileType":"java","lines":[{"lineNumber":1,"author":{"gitId":"TwoBitNoodles"},"content":"public class Deadline extends Task {","lastModifiedDate":"2026-01-26T00:59:53","isFullCredit":false},{"lineNumber":2,"author":{"gitId":"TwoBitNoodles"},"content":"","lastModifiedDate":"2026-01-26T00:59:53","isFullCredit":false},{"lineNumber":3,"author":{"gitId":"TwoBitNoodles"},"content":"    private final String dueDate;","lastModifiedDate":"2026-01-26T01:18:51","isFullCredit":false},{"lineNumber":4,"author":{"gitId":"TwoBitNoodles"},"content":"","lastModifiedDate":"2026-01-26T01:18:51","isFullCredit":false},{"lineNumber":5,"author":{"gitId":"TwoBitNoodles"},"content":"    /*","lastModifiedDate":"2026-01-26T00:59:53","isFullCredit":false},{"lineNumber":6,"author":{"gitId":"TwoBitNoodles"},"content":"     * Public constructor that initializes the task description","lastModifiedDate":"2026-01-26T00:59:53","isFullCredit":false},{"lineNumber":7,"author":{"gitId":"TwoBitNoodles"},"content":"     * as determined by the user.","lastModifiedDate":"2026-01-26T00:59:53","isFullCredit":false},{"lineNumber":8,"author":{"gitId":"TwoBitNoodles"},"content":"     * @param name the task description.","lastModifiedDate":"2026-01-26T00:59:53","isFullCredit":false},{"lineNumber":9,"author":{"gitId":"TwoBitNoodles"},"content":"     */","lastModifiedDate":"2026-01-26T00:59:53","isFullCredit":false},{"lineNumber":10,"author":{"gitId":"TwoBitNoodles"},"content":"    public Deadline(String desc, String dueDate) {","lastModifiedDate":"2026-01-26T01:18:51","isFullCredit":false},{"lineNumber":11,"author":{"gitId":"TwoBitNoodles"},"content":"        this.desc \u003d desc;","lastModifiedDate":"2026-01-26T00:59:53","isFullCredit":false},{"lineNumber":12,"author":{"gitId":"TwoBitNoodles"},"content":"        this.dueDate \u003d dueDate;","lastModifiedDate":"2026-01-26T01:18:51","isFullCredit":false},{"lineNumber":13,"author":{"gitId":"TwoBitNoodles"},"content":"    }","lastModifiedDate":"2026-01-26T00:59:53","isFullCredit":false},{"lineNumber":14,"author":{"gitId":"TwoBitNoodles"},"content":"","lastModifiedDate":"2026-01-26T00:59:53","isFullCredit":false},{"lineNumber":15,"author":{"gitId":"TwoBitNoodles"},"content":"    /*","lastModifiedDate":"2026-01-26T00:59:53","isFullCredit":false},{"lineNumber":16,"author":{"gitId":"TwoBitNoodles"},"content":"     * The string representation of the task.","lastModifiedDate":"2026-01-26T00:59:53","isFullCredit":false},{"lineNumber":17,"author":{"gitId":"TwoBitNoodles"},"content":"     */","lastModifiedDate":"2026-01-26T00:59:53","isFullCredit":false},{"lineNumber":18,"author":{"gitId":"TwoBitNoodles"},"content":"    @Override","lastModifiedDate":"2026-01-26T00:59:53","isFullCredit":false},{"lineNumber":19,"author":{"gitId":"TwoBitNoodles"},"content":"    public String toString() {","lastModifiedDate":"2026-01-26T00:59:53","isFullCredit":false},{"lineNumber":20,"author":{"gitId":"TwoBitNoodles"},"content":"        return String.format(\"[D][%s] %s (by: %s)\",","lastModifiedDate":"2026-01-26T01:18:51","isFullCredit":false},{"lineNumber":21,"author":{"gitId":"TwoBitNoodles"},"content":"                (this.isDone) ? \"X\" : \" \",","lastModifiedDate":"2026-01-26T00:59:53","isFullCredit":false},{"lineNumber":22,"author":{"gitId":"TwoBitNoodles"},"content":"                this.desc,","lastModifiedDate":"2026-01-26T01:18:51","isFullCredit":false},{"lineNumber":23,"author":{"gitId":"TwoBitNoodles"},"content":"                this.dueDate);","lastModifiedDate":"2026-01-26T01:18:51","isFullCredit":false},{"lineNumber":24,"author":{"gitId":"TwoBitNoodles"},"content":"    }","lastModifiedDate":"2026-01-26T00:59:53","isFullCredit":false},{"lineNumber":25,"author":{"gitId":"TwoBitNoodles"},"content":"}","lastModifiedDate":"2026-01-26T00:59:53","isFullCredit":false}],"authorContributionMap":{"TwoBitNoodles":25}},{"path":"src/main/java/Event.java","fileType":"java","lines":[{"lineNumber":1,"author":{"gitId":"TwoBitNoodles"},"content":"public class Event extends Task {","lastModifiedDate":"2026-01-26T00:59:53","isFullCredit":false},{"lineNumber":2,"author":{"gitId":"TwoBitNoodles"},"content":"","lastModifiedDate":"2026-01-26T00:59:53","isFullCredit":false},{"lineNumber":3,"author":{"gitId":"TwoBitNoodles"},"content":"    private final String start;","lastModifiedDate":"2026-01-26T01:18:51","isFullCredit":false},{"lineNumber":4,"author":{"gitId":"TwoBitNoodles"},"content":"    private final String end;","lastModifiedDate":"2026-01-26T01:18:51","isFullCredit":false},{"lineNumber":5,"author":{"gitId":"TwoBitNoodles"},"content":"","lastModifiedDate":"2026-01-26T01:18:51","isFullCredit":false},{"lineNumber":6,"author":{"gitId":"TwoBitNoodles"},"content":"    /*","lastModifiedDate":"2026-01-26T00:59:53","isFullCredit":false},{"lineNumber":7,"author":{"gitId":"TwoBitNoodles"},"content":"     * Public constructor that initializes the task description","lastModifiedDate":"2026-01-26T00:59:53","isFullCredit":false},{"lineNumber":8,"author":{"gitId":"TwoBitNoodles"},"content":"     * as determined by the user.","lastModifiedDate":"2026-01-26T00:59:53","isFullCredit":false},{"lineNumber":9,"author":{"gitId":"TwoBitNoodles"},"content":"     * @param name the task description.","lastModifiedDate":"2026-01-26T00:59:53","isFullCredit":false},{"lineNumber":10,"author":{"gitId":"TwoBitNoodles"},"content":"     */","lastModifiedDate":"2026-01-26T00:59:53","isFullCredit":false},{"lineNumber":11,"author":{"gitId":"TwoBitNoodles"},"content":"    public Event(String desc, String start, String end) {","lastModifiedDate":"2026-01-26T01:18:51","isFullCredit":false},{"lineNumber":12,"author":{"gitId":"TwoBitNoodles"},"content":"        this.desc \u003d desc;","lastModifiedDate":"2026-01-26T00:59:53","isFullCredit":false},{"lineNumber":13,"author":{"gitId":"TwoBitNoodles"},"content":"        this.start \u003d start;","lastModifiedDate":"2026-01-26T01:18:51","isFullCredit":false},{"lineNumber":14,"author":{"gitId":"TwoBitNoodles"},"content":"        this.end \u003d end;","lastModifiedDate":"2026-01-26T01:18:51","isFullCredit":false},{"lineNumber":15,"author":{"gitId":"TwoBitNoodles"},"content":"    }","lastModifiedDate":"2026-01-26T00:59:53","isFullCredit":false},{"lineNumber":16,"author":{"gitId":"TwoBitNoodles"},"content":"","lastModifiedDate":"2026-01-26T00:59:53","isFullCredit":false},{"lineNumber":17,"author":{"gitId":"TwoBitNoodles"},"content":"    /*","lastModifiedDate":"2026-01-26T00:59:53","isFullCredit":false},{"lineNumber":18,"author":{"gitId":"TwoBitNoodles"},"content":"     * The string representation of the task.","lastModifiedDate":"2026-01-26T00:59:53","isFullCredit":false},{"lineNumber":19,"author":{"gitId":"TwoBitNoodles"},"content":"     */","lastModifiedDate":"2026-01-26T00:59:53","isFullCredit":false},{"lineNumber":20,"author":{"gitId":"TwoBitNoodles"},"content":"    @Override","lastModifiedDate":"2026-01-26T00:59:53","isFullCredit":false},{"lineNumber":21,"author":{"gitId":"TwoBitNoodles"},"content":"    public String toString() {","lastModifiedDate":"2026-01-26T00:59:53","isFullCredit":false},{"lineNumber":22,"author":{"gitId":"TwoBitNoodles"},"content":"        return String.format(\"[E][%s] %s (from: %s to: %s)\",","lastModifiedDate":"2026-01-26T01:18:51","isFullCredit":false},{"lineNumber":23,"author":{"gitId":"TwoBitNoodles"},"content":"                (this.isDone) ? \"X\" : \" \",","lastModifiedDate":"2026-01-26T00:59:53","isFullCredit":false},{"lineNumber":24,"author":{"gitId":"TwoBitNoodles"},"content":"                this.desc,","lastModifiedDate":"2026-01-26T01:18:51","isFullCredit":false},{"lineNumber":25,"author":{"gitId":"TwoBitNoodles"},"content":"                this.start,","lastModifiedDate":"2026-01-26T01:18:51","isFullCredit":false},{"lineNumber":26,"author":{"gitId":"TwoBitNoodles"},"content":"                this.end);","lastModifiedDate":"2026-01-26T01:18:51","isFullCredit":false},{"lineNumber":27,"author":{"gitId":"TwoBitNoodles"},"content":"    }","lastModifiedDate":"2026-01-26T00:59:53","isFullCredit":false},{"lineNumber":28,"author":{"gitId":"TwoBitNoodles"},"content":"}","lastModifiedDate":"2026-01-26T00:59:53","isFullCredit":false}],"authorContributionMap":{"TwoBitNoodles":28}},{"path":"src/main/java/MusangKing.java","fileType":"java","lines":[{"lineNumber":1,"author":{"gitId":"TwoBitNoodles"},"content":"import java.util.Scanner;","lastModifiedDate":"2026-01-25T22:41:38","isFullCredit":false},{"lineNumber":2,"author":{"gitId":"TwoBitNoodles"},"content":"","lastModifiedDate":"2026-01-25T22:41:38","isFullCredit":false},{"lineNumber":3,"author":{"gitId":"TwoBitNoodles"},"content":"public class MusangKing {","lastModifiedDate":"2026-01-25T22:05:49","isFullCredit":false},{"lineNumber":4,"author":{"gitId":"TwoBitNoodles"},"content":"","lastModifiedDate":"2026-01-25T23:26:31","isFullCredit":false},{"lineNumber":5,"author":{"gitId":"TwoBitNoodles"},"content":"    public static void main(String[] args) {","lastModifiedDate":"2026-01-25T22:05:49","isFullCredit":false},{"lineNumber":6,"author":{"gitId":"TwoBitNoodles"},"content":"        /*","lastModifiedDate":"2026-01-25T22:41:38","isFullCredit":false},{"lineNumber":7,"author":{"gitId":"TwoBitNoodles"},"content":"         * Chat starts with a greeting message.","lastModifiedDate":"2026-01-25T22:41:38","isFullCredit":false},{"lineNumber":8,"author":{"gitId":"TwoBitNoodles"},"content":"         */","lastModifiedDate":"2026-01-25T22:41:38","isFullCredit":false},{"lineNumber":9,"author":{"gitId":"TwoBitNoodles"},"content":"        print(\"\"\"","lastModifiedDate":"2026-01-25T23:26:31","isFullCredit":false},{"lineNumber":10,"author":{"gitId":"TwoBitNoodles"},"content":"                Hello! I\u0027m MusangKing :)","lastModifiedDate":"2026-01-25T23:26:31","isFullCredit":false},{"lineNumber":11,"author":{"gitId":"TwoBitNoodles"},"content":"                What can I do for you?","lastModifiedDate":"2026-01-25T23:26:31","isFullCredit":false},{"lineNumber":12,"author":{"gitId":"TwoBitNoodles"},"content":"                \"\"\");","lastModifiedDate":"2026-01-25T23:26:31","isFullCredit":false},{"lineNumber":13,"author":{"gitId":"TwoBitNoodles"},"content":"","lastModifiedDate":"2026-01-25T22:41:38","isFullCredit":false},{"lineNumber":14,"author":{"gitId":"TwoBitNoodles"},"content":"        /*","lastModifiedDate":"2026-01-25T22:41:38","isFullCredit":false},{"lineNumber":15,"author":{"gitId":"TwoBitNoodles"},"content":"         * Initialize Scanner object, boolean flag and taskList","lastModifiedDate":"2026-01-25T23:26:31","isFullCredit":false},{"lineNumber":16,"author":{"gitId":"TwoBitNoodles"},"content":"         * to enable the chat loop.","lastModifiedDate":"2026-01-25T22:41:38","isFullCredit":false},{"lineNumber":17,"author":{"gitId":"TwoBitNoodles"},"content":"         */","lastModifiedDate":"2026-01-25T22:41:38","isFullCredit":false},{"lineNumber":18,"author":{"gitId":"TwoBitNoodles"},"content":"        Scanner sc \u003d new Scanner(System.in);","lastModifiedDate":"2026-01-25T22:41:38","isFullCredit":false},{"lineNumber":19,"author":{"gitId":"TwoBitNoodles"},"content":"        boolean flag \u003d true;","lastModifiedDate":"2026-01-25T22:41:38","isFullCredit":false},{"lineNumber":20,"author":{"gitId":"TwoBitNoodles"},"content":"        TaskList taskList \u003d new TaskList();","lastModifiedDate":"2026-01-25T23:26:31","isFullCredit":false},{"lineNumber":21,"author":{"gitId":"TwoBitNoodles"},"content":"","lastModifiedDate":"2026-01-25T23:26:31","isFullCredit":false},{"lineNumber":22,"author":{"gitId":"TwoBitNoodles"},"content":"        while (flag) {","lastModifiedDate":"2026-01-25T22:41:38","isFullCredit":false},{"lineNumber":23,"author":{"gitId":"TwoBitNoodles"},"content":"            String userInput \u003d sc.nextLine().toLowerCase(); // reads user input","lastModifiedDate":"2026-01-26T00:03:54","isFullCredit":false},{"lineNumber":24,"author":{"gitId":"TwoBitNoodles"},"content":"","lastModifiedDate":"2026-01-26T00:03:54","isFullCredit":false},{"lineNumber":25,"author":{"gitId":"TwoBitNoodles"},"content":"            if (userInput.equals(\"bye\")) {","lastModifiedDate":"2026-01-26T00:03:54","isFullCredit":false},{"lineNumber":26,"author":{"gitId":"TwoBitNoodles"},"content":"                print(\"Bye! Come back, okay?\\n\");","lastModifiedDate":"2026-01-25T23:26:31","isFullCredit":false},{"lineNumber":27,"author":{"gitId":"TwoBitNoodles"},"content":"                flag \u003d false; // exits chat loop","lastModifiedDate":"2026-01-25T23:26:31","isFullCredit":false},{"lineNumber":28,"author":{"gitId":"TwoBitNoodles"},"content":"","lastModifiedDate":"2026-01-26T00:03:54","isFullCredit":false},{"lineNumber":29,"author":{"gitId":"TwoBitNoodles"},"content":"            } else if (userInput.equals(\"list\")) {","lastModifiedDate":"2026-01-26T00:03:54","isFullCredit":false},{"lineNumber":30,"author":{"gitId":"TwoBitNoodles"},"content":"                print(taskList.toString()); // prints the current list of tasks","lastModifiedDate":"2026-01-26T00:03:54","isFullCredit":false},{"lineNumber":31,"author":{"gitId":"TwoBitNoodles"},"content":"","lastModifiedDate":"2026-01-26T00:03:54","isFullCredit":false},{"lineNumber":32,"author":{"gitId":"TwoBitNoodles"},"content":"            } else if (userInput.startsWith(\"mark\")","lastModifiedDate":"2026-01-26T00:03:54","isFullCredit":false},{"lineNumber":33,"author":{"gitId":"TwoBitNoodles"},"content":"                    || userInput.startsWith(\"unmark\")) {","lastModifiedDate":"2026-01-26T00:03:54","isFullCredit":false},{"lineNumber":34,"author":{"gitId":"TwoBitNoodles"},"content":"","lastModifiedDate":"2026-01-26T00:03:54","isFullCredit":false},{"lineNumber":35,"author":{"gitId":"TwoBitNoodles"},"content":"                String[] inputs \u003d userInput.split(\" \"); // assume input is valid","lastModifiedDate":"2026-01-26T00:03:54","isFullCredit":false},{"lineNumber":36,"author":{"gitId":"TwoBitNoodles"},"content":"                String action \u003d inputs[0];","lastModifiedDate":"2026-01-26T00:03:54","isFullCredit":false},{"lineNumber":37,"author":{"gitId":"TwoBitNoodles"},"content":"                int taskNo \u003d Integer.parseInt(inputs[1]);","lastModifiedDate":"2026-01-26T00:03:54","isFullCredit":false},{"lineNumber":38,"author":{"gitId":"TwoBitNoodles"},"content":"","lastModifiedDate":"2026-01-26T00:03:54","isFullCredit":false},{"lineNumber":39,"author":{"gitId":"TwoBitNoodles"},"content":"                if (action.equals(\"mark\")) {","lastModifiedDate":"2026-01-26T00:03:54","isFullCredit":false},{"lineNumber":40,"author":{"gitId":"TwoBitNoodles"},"content":"                    print(\"Yay! One less task to do!\\n\" +","lastModifiedDate":"2026-01-26T00:03:54","isFullCredit":false},{"lineNumber":41,"author":{"gitId":"TwoBitNoodles"},"content":"                            \"  \" + taskList.markTaskDone(taskNo) + \"\\n\");","lastModifiedDate":"2026-01-26T00:03:54","isFullCredit":false},{"lineNumber":42,"author":{"gitId":"TwoBitNoodles"},"content":"                } else {","lastModifiedDate":"2026-01-26T00:03:54","isFullCredit":false},{"lineNumber":43,"author":{"gitId":"TwoBitNoodles"},"content":"                    print(\"Aw man... back to the task list...\\n\" +","lastModifiedDate":"2026-01-26T00:34:44","isFullCredit":false},{"lineNumber":44,"author":{"gitId":"TwoBitNoodles"},"content":"                            \"  \" + taskList.unmarkTaskDone(taskNo) + \"\\n\");","lastModifiedDate":"2026-01-26T00:03:54","isFullCredit":false},{"lineNumber":45,"author":{"gitId":"TwoBitNoodles"},"content":"                }","lastModifiedDate":"2026-01-26T00:03:54","isFullCredit":false},{"lineNumber":46,"author":{"gitId":"TwoBitNoodles"},"content":"","lastModifiedDate":"2026-01-26T00:03:54","isFullCredit":false},{"lineNumber":47,"author":{"gitId":"TwoBitNoodles"},"content":"            } else { // assume the input is valid to add a task of specified type","lastModifiedDate":"2026-01-26T00:34:44","isFullCredit":false},{"lineNumber":48,"author":{"gitId":"TwoBitNoodles"},"content":"","lastModifiedDate":"2026-01-26T00:34:44","isFullCredit":false},{"lineNumber":49,"author":{"gitId":"TwoBitNoodles"},"content":"                Task newTask;","lastModifiedDate":"2026-01-26T00:34:44","isFullCredit":false},{"lineNumber":50,"author":{"gitId":"TwoBitNoodles"},"content":"                if (userInput.startsWith(\"todo\")) {","lastModifiedDate":"2026-01-26T00:34:44","isFullCredit":false},{"lineNumber":51,"author":{"gitId":"TwoBitNoodles"},"content":"                    userInput \u003d userInput.substring(5);","lastModifiedDate":"2026-01-26T00:34:44","isFullCredit":false},{"lineNumber":52,"author":{"gitId":"TwoBitNoodles"},"content":"                    newTask \u003d new Todo(userInput);","lastModifiedDate":"2026-01-26T00:59:53","isFullCredit":false},{"lineNumber":53,"author":{"gitId":"TwoBitNoodles"},"content":"","lastModifiedDate":"2026-01-26T01:18:51","isFullCredit":false},{"lineNumber":54,"author":{"gitId":"TwoBitNoodles"},"content":"                } else if (userInput.startsWith(\"deadline\")) {","lastModifiedDate":"2026-01-26T00:34:44","isFullCredit":false},{"lineNumber":55,"author":{"gitId":"TwoBitNoodles"},"content":"                    userInput \u003d userInput.substring(9);","lastModifiedDate":"2026-01-26T00:34:44","isFullCredit":false},{"lineNumber":56,"author":{"gitId":"TwoBitNoodles"},"content":"                    String[] inputs \u003d userInput.split(\" /\");","lastModifiedDate":"2026-01-26T01:18:51","isFullCredit":false},{"lineNumber":57,"author":{"gitId":"TwoBitNoodles"},"content":"                    String desc \u003d inputs[0];","lastModifiedDate":"2026-01-26T01:18:51","isFullCredit":false},{"lineNumber":58,"author":{"gitId":"TwoBitNoodles"},"content":"                    String dueDate \u003d inputs[1].substring(3);","lastModifiedDate":"2026-01-26T01:18:51","isFullCredit":false},{"lineNumber":59,"author":{"gitId":"TwoBitNoodles"},"content":"                    newTask \u003d new Deadline(desc, dueDate);","lastModifiedDate":"2026-01-26T01:18:51","isFullCredit":false},{"lineNumber":60,"author":{"gitId":"TwoBitNoodles"},"content":"","lastModifiedDate":"2026-01-26T01:18:51","isFullCredit":false},{"lineNumber":61,"author":{"gitId":"TwoBitNoodles"},"content":"                } else {","lastModifiedDate":"2026-01-26T00:03:54","isFullCredit":false},{"lineNumber":62,"author":{"gitId":"TwoBitNoodles"},"content":"                    userInput \u003d userInput.substring(6);","lastModifiedDate":"2026-01-26T00:34:44","isFullCredit":false},{"lineNumber":63,"author":{"gitId":"TwoBitNoodles"},"content":"                    String[] inputs \u003d userInput.split(\" /\");","lastModifiedDate":"2026-01-26T01:18:51","isFullCredit":false},{"lineNumber":64,"author":{"gitId":"TwoBitNoodles"},"content":"                    String desc \u003d inputs[0];","lastModifiedDate":"2026-01-26T01:18:51","isFullCredit":false},{"lineNumber":65,"author":{"gitId":"TwoBitNoodles"},"content":"                    String start \u003d inputs[1].substring(5);","lastModifiedDate":"2026-01-26T01:18:51","isFullCredit":false},{"lineNumber":66,"author":{"gitId":"TwoBitNoodles"},"content":"                    String end \u003d inputs[2].substring(3);","lastModifiedDate":"2026-01-26T01:18:51","isFullCredit":false},{"lineNumber":67,"author":{"gitId":"TwoBitNoodles"},"content":"                    newTask \u003d new Event(desc, start, end);","lastModifiedDate":"2026-01-26T01:18:51","isFullCredit":false},{"lineNumber":68,"author":{"gitId":"TwoBitNoodles"},"content":"                }","lastModifiedDate":"2026-01-26T00:34:44","isFullCredit":false},{"lineNumber":69,"author":{"gitId":"TwoBitNoodles"},"content":"","lastModifiedDate":"2026-01-26T01:18:51","isFullCredit":false},{"lineNumber":70,"author":{"gitId":"TwoBitNoodles"},"content":"                taskList.addTask(newTask); // stores the new task","lastModifiedDate":"2026-01-26T00:34:44","isFullCredit":false},{"lineNumber":71,"author":{"gitId":"TwoBitNoodles"},"content":"                print(String.format(\"\"\"","lastModifiedDate":"2026-01-26T00:34:44","isFullCredit":false},{"lineNumber":72,"author":{"gitId":"TwoBitNoodles"},"content":"                                Ookay! I\u0027ve added this task:","lastModifiedDate":"2026-01-26T00:34:44","isFullCredit":false},{"lineNumber":73,"author":{"gitId":"TwoBitNoodles"},"content":"                                 %s","lastModifiedDate":"2026-01-26T00:34:44","isFullCredit":false},{"lineNumber":74,"author":{"gitId":"TwoBitNoodles"},"content":"                                Now you have %d tasks in the list.","lastModifiedDate":"2026-01-26T00:34:44","isFullCredit":false},{"lineNumber":75,"author":{"gitId":"TwoBitNoodles"},"content":"                                \"\"\",","lastModifiedDate":"2026-01-26T00:34:44","isFullCredit":false},{"lineNumber":76,"author":{"gitId":"TwoBitNoodles"},"content":"                        newTask, taskList.count));","lastModifiedDate":"2026-01-26T01:18:51","isFullCredit":false},{"lineNumber":77,"author":{"gitId":"TwoBitNoodles"},"content":"            }","lastModifiedDate":"2026-01-25T23:26:31","isFullCredit":false},{"lineNumber":78,"author":{"gitId":"TwoBitNoodles"},"content":"        }","lastModifiedDate":"2026-01-25T22:41:38","isFullCredit":false},{"lineNumber":79,"author":{"gitId":"TwoBitNoodles"},"content":"    }","lastModifiedDate":"2026-01-25T22:41:38","isFullCredit":false},{"lineNumber":80,"author":{"gitId":"TwoBitNoodles"},"content":"","lastModifiedDate":"2026-01-25T23:26:31","isFullCredit":false},{"lineNumber":81,"author":{"gitId":"TwoBitNoodles"},"content":"    /*","lastModifiedDate":"2026-01-25T23:26:31","isFullCredit":false},{"lineNumber":82,"author":{"gitId":"TwoBitNoodles"},"content":"     * Helper function simplifies printing messages","lastModifiedDate":"2026-01-25T23:26:31","isFullCredit":false},{"lineNumber":83,"author":{"gitId":"TwoBitNoodles"},"content":"     * between horizontal lines.","lastModifiedDate":"2026-01-25T23:26:31","isFullCredit":false},{"lineNumber":84,"author":{"gitId":"TwoBitNoodles"},"content":"     */","lastModifiedDate":"2026-01-25T23:26:31","isFullCredit":false},{"lineNumber":85,"author":{"gitId":"TwoBitNoodles"},"content":"    public static void print(String msg) {","lastModifiedDate":"2026-01-25T23:26:31","isFullCredit":false},{"lineNumber":86,"author":{"gitId":"TwoBitNoodles"},"content":"        String line \u003d \"_\".repeat(60) + \"\\n\";","lastModifiedDate":"2026-01-25T23:26:31","isFullCredit":false},{"lineNumber":87,"author":{"gitId":"TwoBitNoodles"},"content":"        System.out.println(line + msg + line);","lastModifiedDate":"2026-01-25T23:26:31","isFullCredit":false},{"lineNumber":88,"author":{"gitId":"TwoBitNoodles"},"content":"    }","lastModifiedDate":"2026-01-25T22:05:49","isFullCredit":false},{"lineNumber":89,"author":{"gitId":"TwoBitNoodles"},"content":"}","lastModifiedDate":"2026-01-25T22:05:49","isFullCredit":false}],"authorContributionMap":{"TwoBitNoodles":89}},{"path":"src/main/java/Task.java","fileType":"java","lines":[{"lineNumber":1,"author":{"gitId":"TwoBitNoodles"},"content":"public abstract class Task {","lastModifiedDate":"2026-01-26T00:59:53","isFullCredit":false},{"lineNumber":2,"author":{"gitId":"TwoBitNoodles"},"content":"","lastModifiedDate":"2026-01-25T23:26:31","isFullCredit":false},{"lineNumber":3,"author":{"gitId":"TwoBitNoodles"},"content":"    protected String desc;","lastModifiedDate":"2026-01-26T00:59:53","isFullCredit":false},{"lineNumber":4,"author":{"gitId":"TwoBitNoodles"},"content":"    protected boolean isDone \u003d false;","lastModifiedDate":"2026-01-26T00:59:53","isFullCredit":false},{"lineNumber":5,"author":{"gitId":"TwoBitNoodles"},"content":"","lastModifiedDate":"2026-01-25T23:26:31","isFullCredit":false},{"lineNumber":6,"author":{"gitId":"TwoBitNoodles"},"content":"    /*","lastModifiedDate":"2026-01-26T00:03:54","isFullCredit":false},{"lineNumber":7,"author":{"gitId":"TwoBitNoodles"},"content":"     * Mark the task as done.","lastModifiedDate":"2026-01-26T00:03:54","isFullCredit":false},{"lineNumber":8,"author":{"gitId":"TwoBitNoodles"},"content":"     */","lastModifiedDate":"2026-01-26T00:03:54","isFullCredit":false},{"lineNumber":9,"author":{"gitId":"TwoBitNoodles"},"content":"    public void markDone() {","lastModifiedDate":"2026-01-26T00:03:54","isFullCredit":false},{"lineNumber":10,"author":{"gitId":"TwoBitNoodles"},"content":"        this.isDone \u003d true;","lastModifiedDate":"2026-01-26T00:03:54","isFullCredit":false},{"lineNumber":11,"author":{"gitId":"TwoBitNoodles"},"content":"    }","lastModifiedDate":"2026-01-26T00:03:54","isFullCredit":false},{"lineNumber":12,"author":{"gitId":"TwoBitNoodles"},"content":"","lastModifiedDate":"2026-01-26T00:03:54","isFullCredit":false},{"lineNumber":13,"author":{"gitId":"TwoBitNoodles"},"content":"    /*","lastModifiedDate":"2026-01-26T00:03:54","isFullCredit":false},{"lineNumber":14,"author":{"gitId":"TwoBitNoodles"},"content":"     * Mark the task as not done yet.","lastModifiedDate":"2026-01-26T00:03:54","isFullCredit":false},{"lineNumber":15,"author":{"gitId":"TwoBitNoodles"},"content":"     */","lastModifiedDate":"2026-01-26T00:03:54","isFullCredit":false},{"lineNumber":16,"author":{"gitId":"TwoBitNoodles"},"content":"    public void unmarkDone() {","lastModifiedDate":"2026-01-26T00:03:54","isFullCredit":false},{"lineNumber":17,"author":{"gitId":"TwoBitNoodles"},"content":"        this.isDone \u003d false;","lastModifiedDate":"2026-01-26T00:03:54","isFullCredit":false},{"lineNumber":18,"author":{"gitId":"TwoBitNoodles"},"content":"    }","lastModifiedDate":"2026-01-26T00:03:54","isFullCredit":false},{"lineNumber":19,"author":{"gitId":"TwoBitNoodles"},"content":"","lastModifiedDate":"2026-01-26T00:03:54","isFullCredit":false},{"lineNumber":20,"author":{"gitId":"TwoBitNoodles"},"content":"    @Override","lastModifiedDate":"2026-01-25T23:26:31","isFullCredit":false},{"lineNumber":21,"author":{"gitId":"TwoBitNoodles"},"content":"    public abstract String toString();","lastModifiedDate":"2026-01-26T00:59:53","isFullCredit":false},{"lineNumber":22,"author":{"gitId":"TwoBitNoodles"},"content":"}","lastModifiedDate":"2026-01-25T23:26:31","isFullCredit":false}],"authorContributionMap":{"TwoBitNoodles":22}},{"path":"src/main/java/TaskList.java","fileType":"java","lines":[{"lineNumber":1,"author":{"gitId":"TwoBitNoodles"},"content":"import java.util.List;","lastModifiedDate":"2026-01-25T23:26:31","isFullCredit":false},{"lineNumber":2,"author":{"gitId":"TwoBitNoodles"},"content":"import java.util.ArrayList;","lastModifiedDate":"2026-01-25T23:26:31","isFullCredit":false},{"lineNumber":3,"author":{"gitId":"TwoBitNoodles"},"content":"","lastModifiedDate":"2026-01-25T23:26:31","isFullCredit":false},{"lineNumber":4,"author":{"gitId":"TwoBitNoodles"},"content":"public class TaskList {","lastModifiedDate":"2026-01-25T23:26:31","isFullCredit":false},{"lineNumber":5,"author":{"gitId":"TwoBitNoodles"},"content":"","lastModifiedDate":"2026-01-25T23:26:31","isFullCredit":false},{"lineNumber":6,"author":{"gitId":"TwoBitNoodles"},"content":"    private final List\u003cTask\u003e tasks;","lastModifiedDate":"2026-01-25T23:26:31","isFullCredit":false},{"lineNumber":7,"author":{"gitId":"TwoBitNoodles"},"content":"    public int count;","lastModifiedDate":"2026-01-26T00:34:44","isFullCredit":false},{"lineNumber":8,"author":{"gitId":"TwoBitNoodles"},"content":"","lastModifiedDate":"2026-01-25T23:26:31","isFullCredit":false},{"lineNumber":9,"author":{"gitId":"TwoBitNoodles"},"content":"    /*","lastModifiedDate":"2026-01-25T23:26:31","isFullCredit":false},{"lineNumber":10,"author":{"gitId":"TwoBitNoodles"},"content":"     * Public constructor initializes an empty list of tasks.","lastModifiedDate":"2026-01-26T00:34:44","isFullCredit":false},{"lineNumber":11,"author":{"gitId":"TwoBitNoodles"},"content":"     */","lastModifiedDate":"2026-01-25T23:26:31","isFullCredit":false},{"lineNumber":12,"author":{"gitId":"TwoBitNoodles"},"content":"    public TaskList() {","lastModifiedDate":"2026-01-25T23:26:31","isFullCredit":false},{"lineNumber":13,"author":{"gitId":"TwoBitNoodles"},"content":"        this.tasks \u003d new ArrayList\u003c\u003e();","lastModifiedDate":"2026-01-25T23:26:31","isFullCredit":false},{"lineNumber":14,"author":{"gitId":"TwoBitNoodles"},"content":"    }","lastModifiedDate":"2026-01-25T23:26:31","isFullCredit":false},{"lineNumber":15,"author":{"gitId":"TwoBitNoodles"},"content":"","lastModifiedDate":"2026-01-25T23:26:31","isFullCredit":false},{"lineNumber":16,"author":{"gitId":"TwoBitNoodles"},"content":"    /*","lastModifiedDate":"2026-01-25T23:26:31","isFullCredit":false},{"lineNumber":17,"author":{"gitId":"TwoBitNoodles"},"content":"     * Add a task to the list of tasks.","lastModifiedDate":"2026-01-25T23:26:31","isFullCredit":false},{"lineNumber":18,"author":{"gitId":"TwoBitNoodles"},"content":"     */","lastModifiedDate":"2026-01-25T23:26:31","isFullCredit":false},{"lineNumber":19,"author":{"gitId":"TwoBitNoodles"},"content":"    public void addTask(Task task) {","lastModifiedDate":"2026-01-25T23:26:31","isFullCredit":false},{"lineNumber":20,"author":{"gitId":"TwoBitNoodles"},"content":"        this.tasks.add(task);","lastModifiedDate":"2026-01-25T23:26:31","isFullCredit":false},{"lineNumber":21,"author":{"gitId":"TwoBitNoodles"},"content":"        this.count++;","lastModifiedDate":"2026-01-26T00:34:44","isFullCredit":false},{"lineNumber":22,"author":{"gitId":"TwoBitNoodles"},"content":"    }","lastModifiedDate":"2026-01-25T23:26:31","isFullCredit":false},{"lineNumber":23,"author":{"gitId":"TwoBitNoodles"},"content":"","lastModifiedDate":"2026-01-25T23:26:31","isFullCredit":false},{"lineNumber":24,"author":{"gitId":"TwoBitNoodles"},"content":"    /*","lastModifiedDate":"2026-01-26T00:03:54","isFullCredit":false},{"lineNumber":25,"author":{"gitId":"TwoBitNoodles"},"content":"     * Mark a task as done.","lastModifiedDate":"2026-01-26T00:03:54","isFullCredit":false},{"lineNumber":26,"author":{"gitId":"TwoBitNoodles"},"content":"     * @param taskNo specifies the task that should be marked as done.","lastModifiedDate":"2026-01-26T00:03:54","isFullCredit":false},{"lineNumber":27,"author":{"gitId":"TwoBitNoodles"},"content":"     * @return the string representation of the task after being marked done.","lastModifiedDate":"2026-01-26T00:03:54","isFullCredit":false},{"lineNumber":28,"author":{"gitId":"TwoBitNoodles"},"content":"     */","lastModifiedDate":"2026-01-26T00:03:54","isFullCredit":false},{"lineNumber":29,"author":{"gitId":"TwoBitNoodles"},"content":"    public String markTaskDone(int taskNo) {","lastModifiedDate":"2026-01-26T00:03:54","isFullCredit":false},{"lineNumber":30,"author":{"gitId":"TwoBitNoodles"},"content":"        Task markedTask \u003d this.tasks.get(taskNo-1);","lastModifiedDate":"2026-01-26T00:03:54","isFullCredit":false},{"lineNumber":31,"author":{"gitId":"TwoBitNoodles"},"content":"        markedTask.markDone();","lastModifiedDate":"2026-01-26T00:03:54","isFullCredit":false},{"lineNumber":32,"author":{"gitId":"TwoBitNoodles"},"content":"        return markedTask.toString();","lastModifiedDate":"2026-01-26T00:03:54","isFullCredit":false},{"lineNumber":33,"author":{"gitId":"TwoBitNoodles"},"content":"    }","lastModifiedDate":"2026-01-26T00:03:54","isFullCredit":false},{"lineNumber":34,"author":{"gitId":"TwoBitNoodles"},"content":"","lastModifiedDate":"2026-01-26T00:03:54","isFullCredit":false},{"lineNumber":35,"author":{"gitId":"TwoBitNoodles"},"content":"    /*","lastModifiedDate":"2026-01-26T00:03:54","isFullCredit":false},{"lineNumber":36,"author":{"gitId":"TwoBitNoodles"},"content":"     * Mark a task as not done yet.","lastModifiedDate":"2026-01-26T00:03:54","isFullCredit":false},{"lineNumber":37,"author":{"gitId":"TwoBitNoodles"},"content":"     * @param taskNo specifies the task that should be marked as not done yet.","lastModifiedDate":"2026-01-26T00:03:54","isFullCredit":false},{"lineNumber":38,"author":{"gitId":"TwoBitNoodles"},"content":"     * @return the string representation of the task after being unmarked.","lastModifiedDate":"2026-01-26T00:03:54","isFullCredit":false},{"lineNumber":39,"author":{"gitId":"TwoBitNoodles"},"content":"     */","lastModifiedDate":"2026-01-26T00:03:54","isFullCredit":false},{"lineNumber":40,"author":{"gitId":"TwoBitNoodles"},"content":"    public String unmarkTaskDone(int taskNo) {","lastModifiedDate":"2026-01-26T00:03:54","isFullCredit":false},{"lineNumber":41,"author":{"gitId":"TwoBitNoodles"},"content":"        Task markedTask \u003d this.tasks.get(taskNo-1);","lastModifiedDate":"2026-01-26T00:03:54","isFullCredit":false},{"lineNumber":42,"author":{"gitId":"TwoBitNoodles"},"content":"        markedTask.unmarkDone();","lastModifiedDate":"2026-01-26T00:03:54","isFullCredit":false},{"lineNumber":43,"author":{"gitId":"TwoBitNoodles"},"content":"        return markedTask.toString();","lastModifiedDate":"2026-01-26T00:03:54","isFullCredit":false},{"lineNumber":44,"author":{"gitId":"TwoBitNoodles"},"content":"    }","lastModifiedDate":"2026-01-26T00:03:54","isFullCredit":false},{"lineNumber":45,"author":{"gitId":"TwoBitNoodles"},"content":"","lastModifiedDate":"2026-01-26T00:03:54","isFullCredit":false},{"lineNumber":46,"author":{"gitId":"TwoBitNoodles"},"content":"    /*","lastModifiedDate":"2026-01-25T23:26:31","isFullCredit":false},{"lineNumber":47,"author":{"gitId":"TwoBitNoodles"},"content":"     * String representation of the list of tasks.","lastModifiedDate":"2026-01-25T23:26:31","isFullCredit":false},{"lineNumber":48,"author":{"gitId":"TwoBitNoodles"},"content":"     */","lastModifiedDate":"2026-01-25T23:26:31","isFullCredit":false},{"lineNumber":49,"author":{"gitId":"TwoBitNoodles"},"content":"    @Override","lastModifiedDate":"2026-01-25T23:26:31","isFullCredit":false},{"lineNumber":50,"author":{"gitId":"TwoBitNoodles"},"content":"    public String toString() {","lastModifiedDate":"2026-01-25T23:26:31","isFullCredit":false},{"lineNumber":51,"author":{"gitId":"TwoBitNoodles"},"content":"        StringBuilder s \u003d new StringBuilder(\"Here are the tasks in your list:\\n\");","lastModifiedDate":"2026-01-26T00:03:54","isFullCredit":false},{"lineNumber":52,"author":{"gitId":"TwoBitNoodles"},"content":"        int i \u003d 1;","lastModifiedDate":"2026-01-25T23:26:31","isFullCredit":false},{"lineNumber":53,"author":{"gitId":"TwoBitNoodles"},"content":"        for (Task task : this.tasks) {","lastModifiedDate":"2026-01-25T23:26:31","isFullCredit":false},{"lineNumber":54,"author":{"gitId":"TwoBitNoodles"},"content":"            s.append(String.format(\"%d.%s\\n\", i++, task));","lastModifiedDate":"2026-01-25T23:26:31","isFullCredit":false},{"lineNumber":55,"author":{"gitId":"TwoBitNoodles"},"content":"        }","lastModifiedDate":"2026-01-25T23:26:31","isFullCredit":false},{"lineNumber":56,"author":{"gitId":"TwoBitNoodles"},"content":"        return s.toString();","lastModifiedDate":"2026-01-25T23:26:31","isFullCredit":false},{"lineNumber":57,"author":{"gitId":"TwoBitNoodles"},"content":"    }","lastModifiedDate":"2026-01-25T23:26:31","isFullCredit":false},{"lineNumber":58,"author":{"gitId":"TwoBitNoodles"},"content":"}","lastModifiedDate":"2026-01-25T23:26:31","isFullCredit":false}],"authorContributionMap":{"TwoBitNoodles":58}},{"path":"src/main/java/Todo.java","fileType":"java","lines":[{"lineNumber":1,"author":{"gitId":"TwoBitNoodles"},"content":"public class Todo extends Task {","lastModifiedDate":"2026-01-26T00:59:53","isFullCredit":false},{"lineNumber":2,"author":{"gitId":"TwoBitNoodles"},"content":"","lastModifiedDate":"2026-01-26T00:59:53","isFullCredit":false},{"lineNumber":3,"author":{"gitId":"TwoBitNoodles"},"content":"    /*","lastModifiedDate":"2026-01-26T00:59:53","isFullCredit":false},{"lineNumber":4,"author":{"gitId":"TwoBitNoodles"},"content":"     * Public constructor that initializes the task description","lastModifiedDate":"2026-01-26T00:59:53","isFullCredit":false},{"lineNumber":5,"author":{"gitId":"TwoBitNoodles"},"content":"     * as determined by the user.","lastModifiedDate":"2026-01-26T00:59:53","isFullCredit":false},{"lineNumber":6,"author":{"gitId":"TwoBitNoodles"},"content":"     * @param name the task description.","lastModifiedDate":"2026-01-26T00:59:53","isFullCredit":false},{"lineNumber":7,"author":{"gitId":"TwoBitNoodles"},"content":"     */","lastModifiedDate":"2026-01-26T00:59:53","isFullCredit":false},{"lineNumber":8,"author":{"gitId":"TwoBitNoodles"},"content":"    public Todo(String desc) {","lastModifiedDate":"2026-01-26T00:59:53","isFullCredit":false},{"lineNumber":9,"author":{"gitId":"TwoBitNoodles"},"content":"        this.desc \u003d desc;","lastModifiedDate":"2026-01-26T00:59:53","isFullCredit":false},{"lineNumber":10,"author":{"gitId":"TwoBitNoodles"},"content":"    }","lastModifiedDate":"2026-01-26T00:59:53","isFullCredit":false},{"lineNumber":11,"author":{"gitId":"TwoBitNoodles"},"content":"","lastModifiedDate":"2026-01-26T00:59:53","isFullCredit":false},{"lineNumber":12,"author":{"gitId":"TwoBitNoodles"},"content":"    /*","lastModifiedDate":"2026-01-26T00:59:53","isFullCredit":false},{"lineNumber":13,"author":{"gitId":"TwoBitNoodles"},"content":"     * The string representation of the task.","lastModifiedDate":"2026-01-26T00:59:53","isFullCredit":false},{"lineNumber":14,"author":{"gitId":"TwoBitNoodles"},"content":"     */","lastModifiedDate":"2026-01-26T00:59:53","isFullCredit":false},{"lineNumber":15,"author":{"gitId":"TwoBitNoodles"},"content":"    @Override","lastModifiedDate":"2026-01-26T00:59:53","isFullCredit":false},{"lineNumber":16,"author":{"gitId":"TwoBitNoodles"},"content":"    public String toString() {","lastModifiedDate":"2026-01-26T00:59:53","isFullCredit":false},{"lineNumber":17,"author":{"gitId":"TwoBitNoodles"},"content":"        return String.format(\"[T][%s] %s\",","lastModifiedDate":"2026-01-26T00:59:53","isFullCredit":false},{"lineNumber":18,"author":{"gitId":"TwoBitNoodles"},"content":"                (this.isDone) ? \"X\" : \" \",","lastModifiedDate":"2026-01-26T00:59:53","isFullCredit":false},{"lineNumber":19,"author":{"gitId":"TwoBitNoodles"},"content":"                this.desc);","lastModifiedDate":"2026-01-26T00:59:53","isFullCredit":false},{"lineNumber":20,"author":{"gitId":"TwoBitNoodles"},"content":"    }","lastModifiedDate":"2026-01-26T00:59:53","isFullCredit":false},{"lineNumber":21,"author":{"gitId":"TwoBitNoodles"},"content":"}","lastModifiedDate":"2026-01-26T00:59:53","isFullCredit":false}],"authorContributionMap":{"TwoBitNoodles":21}}]
