[{"path":"src/main/java/Arkanian.java","fileType":"java","lines":[{"lineNumber":1,"author":{"gitId":"Arkanian4"},"content":"import java.util.Scanner;","lastModifiedDate":"2026-01-26T03:59:24","isFullCredit":false},{"lineNumber":2,"author":{"gitId":"Arkanian4"},"content":"","lastModifiedDate":"2026-01-26T03:59:24","isFullCredit":false},{"lineNumber":3,"author":{"gitId":"Arkanian4"},"content":"public class Arkanian {","lastModifiedDate":"2026-01-26T03:59:24","isFullCredit":false},{"lineNumber":4,"author":{"gitId":"Arkanian4"},"content":"    public Arkanian() {","lastModifiedDate":"2026-01-26T03:59:24","isFullCredit":false},{"lineNumber":5,"author":{"gitId":"Arkanian4"},"content":"    }","lastModifiedDate":"2026-01-26T03:59:24","isFullCredit":false},{"lineNumber":6,"author":{"gitId":"Arkanian4"},"content":"","lastModifiedDate":"2026-01-26T03:59:24","isFullCredit":false},{"lineNumber":7,"author":{"gitId":"Arkanian4"},"content":"    public static void main(String[] args) {","lastModifiedDate":"2026-01-26T03:59:24","isFullCredit":false},{"lineNumber":8,"author":{"gitId":"Arkanian4"},"content":"        Scanner scanner \u003d new Scanner(System.in);","lastModifiedDate":"2026-01-26T03:59:24","isFullCredit":false},{"lineNumber":9,"author":{"gitId":"Arkanian4"},"content":"        String horizontal_line \u003d \"________________________________________\\n\";","lastModifiedDate":"2026-01-26T03:59:24","isFullCredit":false},{"lineNumber":10,"author":{"gitId":"Arkanian4"},"content":"        String bot_name \u003d \"Arkanian\";","lastModifiedDate":"2026-01-26T03:59:24","isFullCredit":false},{"lineNumber":11,"author":{"gitId":"Arkanian4"},"content":"        String message \u003d horizontal_line + \"Hello! I\u0027m \" + bot_name + \". \\nWhat can I do for you?\\n\" + horizontal_line;","lastModifiedDate":"2026-01-26T03:59:24","isFullCredit":false},{"lineNumber":12,"author":{"gitId":"Arkanian4"},"content":"        boolean cont_convo \u003d true;","lastModifiedDate":"2026-01-26T03:59:24","isFullCredit":false},{"lineNumber":13,"author":{"gitId":"Arkanian4"},"content":"        TaskList task_list \u003d new TaskList();","lastModifiedDate":"2026-01-26T04:28:58","isFullCredit":false},{"lineNumber":14,"author":{"gitId":"Arkanian4"},"content":"","lastModifiedDate":"2026-01-26T04:28:58","isFullCredit":false},{"lineNumber":15,"author":{"gitId":"Arkanian4"},"content":"        System.out.println(message);","lastModifiedDate":"2026-01-26T03:59:24","isFullCredit":false},{"lineNumber":16,"author":{"gitId":"Arkanian4"},"content":"","lastModifiedDate":"2026-01-26T03:59:24","isFullCredit":false},{"lineNumber":17,"author":{"gitId":"Arkanian4"},"content":"        for (; cont_convo; System.out.println(horizontal_line + message + horizontal_line)) {","lastModifiedDate":"2026-01-26T03:59:24","isFullCredit":false},{"lineNumber":18,"author":{"gitId":"Arkanian4"},"content":"            String input \u003d scanner.nextLine();","lastModifiedDate":"2026-01-26T03:59:24","isFullCredit":false},{"lineNumber":19,"author":{"gitId":"Arkanian4"},"content":"            if (input.equals(\"bye\")) {","lastModifiedDate":"2026-01-26T03:59:24","isFullCredit":false},{"lineNumber":20,"author":{"gitId":"Arkanian4"},"content":"                message \u003d \"Bye! Hope to see you again :)\\n\";","lastModifiedDate":"2026-01-26T03:59:24","isFullCredit":false},{"lineNumber":21,"author":{"gitId":"Arkanian4"},"content":"                cont_convo \u003d false;","lastModifiedDate":"2026-01-26T03:59:24","isFullCredit":false},{"lineNumber":22,"author":{"gitId":"Arkanian4"},"content":"            } else if (input.equals(\"list\")) {","lastModifiedDate":"2026-01-26T04:28:58","isFullCredit":false},{"lineNumber":23,"author":{"gitId":"Arkanian4"},"content":"                message \u003d \"\";","lastModifiedDate":"2026-01-26T04:28:58","isFullCredit":false},{"lineNumber":24,"author":{"gitId":"Arkanian4"},"content":"                for (int i \u003d 0; i \u003c task_list.getTaskCount(); i++) {","lastModifiedDate":"2026-01-26T04:28:58","isFullCredit":false},{"lineNumber":25,"author":{"gitId":"Arkanian4"},"content":"                    message \u003d message","lastModifiedDate":"2026-01-26T04:28:58","isFullCredit":false},{"lineNumber":26,"author":{"gitId":"Arkanian4"},"content":"                            + (i + 1)","lastModifiedDate":"2026-01-26T04:28:58","isFullCredit":false},{"lineNumber":27,"author":{"gitId":"Arkanian4"},"content":"                            + \". \"","lastModifiedDate":"2026-01-26T04:28:58","isFullCredit":false},{"lineNumber":28,"author":{"gitId":"Arkanian4"},"content":"                            + task_list.getTask(i)","lastModifiedDate":"2026-01-26T04:28:58","isFullCredit":false},{"lineNumber":29,"author":{"gitId":"Arkanian4"},"content":"                            + \"\\n\";","lastModifiedDate":"2026-01-26T04:28:58","isFullCredit":false},{"lineNumber":30,"author":{"gitId":"Arkanian4"},"content":"                }","lastModifiedDate":"2026-01-26T04:28:58","isFullCredit":false},{"lineNumber":31,"author":{"gitId":"Arkanian4"},"content":"            } else {","lastModifiedDate":"2026-01-26T03:59:24","isFullCredit":false},{"lineNumber":32,"author":{"gitId":"Arkanian4"},"content":"                message \u003d \"added: \" + input + \"\\n\";","lastModifiedDate":"2026-01-26T04:28:58","isFullCredit":false},{"lineNumber":33,"author":{"gitId":"Arkanian4"},"content":"                task_list.addTask(new Task(input));","lastModifiedDate":"2026-01-26T04:28:58","isFullCredit":false},{"lineNumber":34,"author":{"gitId":"Arkanian4"},"content":"            }","lastModifiedDate":"2026-01-26T03:59:24","isFullCredit":false},{"lineNumber":35,"author":{"gitId":"Arkanian4"},"content":"        }","lastModifiedDate":"2026-01-26T03:59:24","isFullCredit":false},{"lineNumber":36,"author":{"gitId":"Arkanian4"},"content":"","lastModifiedDate":"2026-01-26T03:59:24","isFullCredit":false},{"lineNumber":37,"author":{"gitId":"Arkanian4"},"content":"    }","lastModifiedDate":"2026-01-26T03:59:24","isFullCredit":false},{"lineNumber":38,"author":{"gitId":"Arkanian4"},"content":"}","lastModifiedDate":"2026-01-26T03:59:24","isFullCredit":false},{"lineNumber":39,"author":{"gitId":"Arkanian4"},"content":"","lastModifiedDate":"2026-01-26T03:59:24","isFullCredit":false}],"authorContributionMap":{"Arkanian4":39}},{"path":"src/main/java/Task.java","fileType":"java","lines":[{"lineNumber":1,"author":{"gitId":"Arkanian4"},"content":"public class Task {","lastModifiedDate":"2026-01-26T04:28:58","isFullCredit":false},{"lineNumber":2,"author":{"gitId":"Arkanian4"},"content":"    final private String task_name;","lastModifiedDate":"2026-01-26T04:28:58","isFullCredit":false},{"lineNumber":3,"author":{"gitId":"Arkanian4"},"content":"","lastModifiedDate":"2026-01-26T04:28:58","isFullCredit":false},{"lineNumber":4,"author":{"gitId":"Arkanian4"},"content":"    public Task(String name) {","lastModifiedDate":"2026-01-26T04:28:58","isFullCredit":false},{"lineNumber":5,"author":{"gitId":"Arkanian4"},"content":"        this.task_name \u003d name;","lastModifiedDate":"2026-01-26T04:28:58","isFullCredit":false},{"lineNumber":6,"author":{"gitId":"Arkanian4"},"content":"    }","lastModifiedDate":"2026-01-26T04:28:58","isFullCredit":false},{"lineNumber":7,"author":{"gitId":"Arkanian4"},"content":"","lastModifiedDate":"2026-01-26T04:28:58","isFullCredit":false},{"lineNumber":8,"author":{"gitId":"Arkanian4"},"content":"    @Override","lastModifiedDate":"2026-01-26T04:28:58","isFullCredit":false},{"lineNumber":9,"author":{"gitId":"Arkanian4"},"content":"    public String toString() {","lastModifiedDate":"2026-01-26T04:28:58","isFullCredit":false},{"lineNumber":10,"author":{"gitId":"Arkanian4"},"content":"        return this.task_name;","lastModifiedDate":"2026-01-26T04:28:58","isFullCredit":false},{"lineNumber":11,"author":{"gitId":"Arkanian4"},"content":"    }","lastModifiedDate":"2026-01-26T04:28:58","isFullCredit":false},{"lineNumber":12,"author":{"gitId":"Arkanian4"},"content":"}","lastModifiedDate":"2026-01-26T04:28:58","isFullCredit":false}],"authorContributionMap":{"Arkanian4":12}},{"path":"src/main/java/TaskList.java","fileType":"java","lines":[{"lineNumber":1,"author":{"gitId":"Arkanian4"},"content":"public class TaskList {","lastModifiedDate":"2026-01-26T04:28:58","isFullCredit":false},{"lineNumber":2,"author":{"gitId":"Arkanian4"},"content":"    private Task[] task_list \u003d new Task[100];","lastModifiedDate":"2026-01-26T04:28:58","isFullCredit":false},{"lineNumber":3,"author":{"gitId":"Arkanian4"},"content":"    private static int task_count \u003d 0;","lastModifiedDate":"2026-01-26T04:28:58","isFullCredit":false},{"lineNumber":4,"author":{"gitId":"Arkanian4"},"content":"","lastModifiedDate":"2026-01-26T04:28:58","isFullCredit":false},{"lineNumber":5,"author":{"gitId":"Arkanian4"},"content":"    public int getTaskCount() {","lastModifiedDate":"2026-01-26T04:28:58","isFullCredit":false},{"lineNumber":6,"author":{"gitId":"Arkanian4"},"content":"        return this.task_count;","lastModifiedDate":"2026-01-26T04:28:58","isFullCredit":false},{"lineNumber":7,"author":{"gitId":"Arkanian4"},"content":"    }","lastModifiedDate":"2026-01-26T04:28:58","isFullCredit":false},{"lineNumber":8,"author":{"gitId":"Arkanian4"},"content":"","lastModifiedDate":"2026-01-26T04:28:58","isFullCredit":false},{"lineNumber":9,"author":{"gitId":"Arkanian4"},"content":"    public Task getTask(int idx) {","lastModifiedDate":"2026-01-26T04:28:58","isFullCredit":false},{"lineNumber":10,"author":{"gitId":"Arkanian4"},"content":"        return task_list[idx];","lastModifiedDate":"2026-01-26T04:28:58","isFullCredit":false},{"lineNumber":11,"author":{"gitId":"Arkanian4"},"content":"    }","lastModifiedDate":"2026-01-26T04:28:58","isFullCredit":false},{"lineNumber":12,"author":{"gitId":"Arkanian4"},"content":"","lastModifiedDate":"2026-01-26T04:28:58","isFullCredit":false},{"lineNumber":13,"author":{"gitId":"Arkanian4"},"content":"    public void addTask(Task task) {","lastModifiedDate":"2026-01-26T04:28:58","isFullCredit":false},{"lineNumber":14,"author":{"gitId":"Arkanian4"},"content":"        task_list[task_count++] \u003d task;","lastModifiedDate":"2026-01-26T04:28:58","isFullCredit":false},{"lineNumber":15,"author":{"gitId":"Arkanian4"},"content":"    }","lastModifiedDate":"2026-01-26T04:28:58","isFullCredit":false},{"lineNumber":16,"author":{"gitId":"Arkanian4"},"content":"","lastModifiedDate":"2026-01-26T04:28:58","isFullCredit":false},{"lineNumber":17,"author":{"gitId":"Arkanian4"},"content":"}","lastModifiedDate":"2026-01-26T04:28:58","isFullCredit":false}],"authorContributionMap":{"Arkanian4":17}}]
