{"authorDailyContributionsMap":{"petelectron":[{"date":"2026-01-22T00:00:00","commitResults":[{"hash":"4539ed4e0ea198f4475ca085f0c5a099d493af32","isMergeCommit":false,"messageTitle":"renamed to Mortis","messageBody":"","tags":["Level-0"],"fileTypesAndContributionMap":{"java":{"insertions":9,"deletions":10}}},{"hash":"4d9c1713ddb24e65a6c6303b4f3f2b219da85511","isMergeCommit":false,"messageTitle":"Echo user messages","messageBody":"","tags":["Level-1"],"fileTypesAndContributionMap":{"java":{"insertions":9,"deletions":2}}},{"hash":"2191f41a169c65d8589e4238ad49c80276691e6a","isMergeCommit":false,"messageTitle":"Added list","messageBody":"","tags":["Level-2"],"fileTypesAndContributionMap":{"java":{"insertions":11,"deletions":1}}},{"hash":"c0d3df50bc7b74353ef85b2e81e93907d5024f0b","isMergeCommit":false,"messageTitle":"Added mark as done","messageBody":"","fileTypesAndContributionMap":{"java":{"insertions":26,"deletions":0}}},{"hash":"d23e426218c8595dde3dea3d77bcb0581be631bf","isMergeCommit":false,"messageTitle":"Revert \"Added mark as done\"","messageBody":"This reverts commit c0d3df50bc7b74353ef85b2e81e93907d5024f0b.\n","fileTypesAndContributionMap":{"java":{"insertions":0,"deletions":26}}},{"hash":"5335c24c1ed3cbb8e74736db51401782dfd3f63e","isMergeCommit":false,"messageTitle":"Added task class and mark as done feature","messageBody":"","tags":["Level-3"],"fileTypesAndContributionMap":{"java":{"insertions":42,"deletions":4}}},{"hash":"610edddafd5f03712fdc14a1a94695356ca9eea6","isMergeCommit":false,"messageTitle":"Added deadline, event, and todo tasks","messageBody":"","tags":["Level-4"],"fileTypesAndContributionMap":{"java":{"insertions":60,"deletions":2}}},{"hash":"1962995625d0e548da29c2b85acbec200f2ba08f","isMergeCommit":false,"messageTitle":"Added test cases","messageBody":"","tags":["A-TextUiTesting"],"fileTypesAndContributionMap":{"txt":{"insertions":9,"deletions":0},"java":{"insertions":1,"deletions":0},"bat":{"insertions":6,"deletions":5}}}]}]},"authorFileTypeContributionMap":{"petelectron":{"java":123,"md":0,"fxml":0,"sh":0,"bat":6,"gradle":0,"txt":9}},"authorContributionVariance":{"petelectron":3298.352},"authorDisplayNameMap":{"petelectron":"ZHAO..ALIA"}}
