[{"path":"src/main/java/Deadline.java","fileType":"java","lines":[{"lineNumber":1,"author":{"gitId":"darrenlhs"},"content":"public class Deadline extends Task {","lastModifiedDate":"2026-01-16T23:24:50","isFullCredit":false},{"lineNumber":2,"author":{"gitId":"darrenlhs"},"content":"        protected String by;","lastModifiedDate":"2026-01-16T23:24:50","isFullCredit":false},{"lineNumber":3,"author":{"gitId":"darrenlhs"},"content":"","lastModifiedDate":"2026-01-16T23:24:50","isFullCredit":false},{"lineNumber":4,"author":{"gitId":"darrenlhs"},"content":"        public Deadline(String description, String by) {","lastModifiedDate":"2026-01-16T23:24:50","isFullCredit":false},{"lineNumber":5,"author":{"gitId":"darrenlhs"},"content":"            super(description);","lastModifiedDate":"2026-01-16T23:24:50","isFullCredit":false},{"lineNumber":6,"author":{"gitId":"darrenlhs"},"content":"            this.by \u003d by;","lastModifiedDate":"2026-01-16T23:24:50","isFullCredit":false},{"lineNumber":7,"author":{"gitId":"darrenlhs"},"content":"        }","lastModifiedDate":"2026-01-16T23:24:50","isFullCredit":false},{"lineNumber":8,"author":{"gitId":"darrenlhs"},"content":"","lastModifiedDate":"2026-01-16T23:24:50","isFullCredit":false},{"lineNumber":9,"author":{"gitId":"darrenlhs"},"content":"        @Override","lastModifiedDate":"2026-01-16T23:24:50","isFullCredit":false},{"lineNumber":10,"author":{"gitId":"darrenlhs"},"content":"        public String toString() {","lastModifiedDate":"2026-01-16T23:24:50","isFullCredit":false},{"lineNumber":11,"author":{"gitId":"darrenlhs"},"content":"            return \"[D]\" + super.toString() + \" (by: \" + by + \")\";","lastModifiedDate":"2026-01-16T23:24:50","isFullCredit":false},{"lineNumber":12,"author":{"gitId":"darrenlhs"},"content":"        }","lastModifiedDate":"2026-01-16T23:24:50","isFullCredit":false},{"lineNumber":13,"author":{"gitId":"darrenlhs"},"content":"    }","lastModifiedDate":"2026-01-16T23:24:50","isFullCredit":false},{"lineNumber":14,"author":{"gitId":"darrenlhs"},"content":"","lastModifiedDate":"2026-01-16T23:24:50","isFullCredit":false},{"lineNumber":15,"author":{"gitId":"darrenlhs"},"content":"","lastModifiedDate":"2026-01-16T23:24:50","isFullCredit":false}],"authorContributionMap":{"darrenlhs":15}},{"path":"src/main/java/Event.java","fileType":"java","lines":[{"lineNumber":1,"author":{"gitId":"darrenlhs"},"content":"public class Event extends Task {","lastModifiedDate":"2026-01-16T23:25:05","isFullCredit":false},{"lineNumber":2,"author":{"gitId":"darrenlhs"},"content":"    private String from;","lastModifiedDate":"2026-01-16T23:25:05","isFullCredit":false},{"lineNumber":3,"author":{"gitId":"darrenlhs"},"content":"    private String to;","lastModifiedDate":"2026-01-16T23:25:05","isFullCredit":false},{"lineNumber":4,"author":{"gitId":"darrenlhs"},"content":"","lastModifiedDate":"2026-01-16T23:25:05","isFullCredit":false},{"lineNumber":5,"author":{"gitId":"darrenlhs"},"content":"    public Event(String description, String from, String to) {","lastModifiedDate":"2026-01-16T23:25:05","isFullCredit":false},{"lineNumber":6,"author":{"gitId":"darrenlhs"},"content":"        super(description);","lastModifiedDate":"2026-01-16T23:25:05","isFullCredit":false},{"lineNumber":7,"author":{"gitId":"darrenlhs"},"content":"        this.from \u003d from;","lastModifiedDate":"2026-01-16T23:25:05","isFullCredit":false},{"lineNumber":8,"author":{"gitId":"darrenlhs"},"content":"        this.to \u003d to;","lastModifiedDate":"2026-01-16T23:25:05","isFullCredit":false},{"lineNumber":9,"author":{"gitId":"darrenlhs"},"content":"    }","lastModifiedDate":"2026-01-16T23:25:05","isFullCredit":false},{"lineNumber":10,"author":{"gitId":"darrenlhs"},"content":"","lastModifiedDate":"2026-01-16T23:25:05","isFullCredit":false},{"lineNumber":11,"author":{"gitId":"darrenlhs"},"content":"    @Override","lastModifiedDate":"2026-01-16T23:25:05","isFullCredit":false},{"lineNumber":12,"author":{"gitId":"darrenlhs"},"content":"    public String toString() {","lastModifiedDate":"2026-01-16T23:25:05","isFullCredit":false},{"lineNumber":13,"author":{"gitId":"darrenlhs"},"content":"        return \"[E]\" + super.toString() + \" (from: \" + this.from + \" to \" + this.to + \")\";","lastModifiedDate":"2026-01-16T23:25:05","isFullCredit":false},{"lineNumber":14,"author":{"gitId":"darrenlhs"},"content":"    }","lastModifiedDate":"2026-01-16T23:25:05","isFullCredit":false},{"lineNumber":15,"author":{"gitId":"darrenlhs"},"content":"}","lastModifiedDate":"2026-01-16T23:25:05","isFullCredit":false}],"authorContributionMap":{"darrenlhs":15}},{"path":"src/main/java/Shiho.java","fileType":"java","lines":[{"lineNumber":1,"author":{"gitId":"darrenlhs"},"content":"import java.util.ArrayList;","lastModifiedDate":"2026-01-19T15:06:56","isFullCredit":false},{"lineNumber":2,"author":{"gitId":"darrenlhs"},"content":"import java.util.Scanner;","lastModifiedDate":"2026-01-16T21:10:30","isFullCredit":false},{"lineNumber":3,"author":{"gitId":"darrenlhs"},"content":"","lastModifiedDate":"2026-01-16T21:10:30","isFullCredit":false},{"lineNumber":4,"author":{"gitId":"darrenlhs"},"content":"public class Shiho {","lastModifiedDate":"2026-01-16T20:34:39","isFullCredit":false},{"lineNumber":5,"author":{"gitId":"darrenlhs"},"content":"    public static void main(String[] args) {","lastModifiedDate":"2026-01-16T20:34:39","isFullCredit":false},{"lineNumber":6,"author":{"gitId":"darrenlhs"},"content":"        ArrayList\u003cTask\u003e user_inputs \u003d new ArrayList\u003c\u003e();","lastModifiedDate":"2026-01-19T15:06:56","isFullCredit":false},{"lineNumber":7,"author":{"gitId":"darrenlhs"},"content":"        int counter \u003d 0;","lastModifiedDate":"2026-01-16T21:28:25","isFullCredit":false},{"lineNumber":8,"author":{"gitId":"darrenlhs"},"content":"","lastModifiedDate":"2026-01-16T20:34:39","isFullCredit":false},{"lineNumber":9,"author":{"gitId":"darrenlhs"},"content":"        System.out.println(\"Hello, I\u0027m Shiho Hinomori.\\n\" + \"What do you need?\\n\");","lastModifiedDate":"2026-01-19T14:32:17","isFullCredit":false},{"lineNumber":10,"author":{"gitId":"darrenlhs"},"content":"","lastModifiedDate":"2026-01-16T21:10:30","isFullCredit":false},{"lineNumber":11,"author":{"gitId":"darrenlhs"},"content":"        Scanner myScan \u003d new Scanner(System.in);","lastModifiedDate":"2026-01-16T21:10:30","isFullCredit":false},{"lineNumber":12,"author":{"gitId":"darrenlhs"},"content":"","lastModifiedDate":"2026-01-19T14:32:17","isFullCredit":false},{"lineNumber":13,"author":{"gitId":"darrenlhs"},"content":"        while (true) {","lastModifiedDate":"2026-01-19T14:32:17","isFullCredit":false},{"lineNumber":14,"author":{"gitId":"darrenlhs"},"content":"            String userReply \u003d myScan.nextLine();","lastModifiedDate":"2026-01-16T21:10:30","isFullCredit":false},{"lineNumber":15,"author":{"gitId":"darrenlhs"},"content":"            String[] parts \u003d userReply.split(\" \");","lastModifiedDate":"2026-01-16T21:59:37","isFullCredit":false},{"lineNumber":16,"author":{"gitId":"darrenlhs"},"content":"","lastModifiedDate":"2026-01-16T21:10:30","isFullCredit":false},{"lineNumber":17,"author":{"gitId":"darrenlhs"},"content":"            if (userReply.equals(\"bye\")) {","lastModifiedDate":"2026-01-19T14:32:17","isFullCredit":false},{"lineNumber":18,"author":{"gitId":"darrenlhs"},"content":"                // bye command ends the current instance","lastModifiedDate":"2026-01-19T15:06:56","isFullCredit":false},{"lineNumber":19,"author":{"gitId":"darrenlhs"},"content":"","lastModifiedDate":"2026-01-19T15:06:56","isFullCredit":false},{"lineNumber":20,"author":{"gitId":"darrenlhs"},"content":"                System.out.println(\"Bye. Come back soon.\");","lastModifiedDate":"2026-01-16T21:10:30","isFullCredit":false},{"lineNumber":21,"author":{"gitId":"darrenlhs"},"content":"                break;","lastModifiedDate":"2026-01-16T21:10:30","isFullCredit":false},{"lineNumber":22,"author":{"gitId":"darrenlhs"},"content":"            }","lastModifiedDate":"2026-01-16T22:25:31","isFullCredit":false},{"lineNumber":23,"author":{"gitId":"darrenlhs"},"content":"            else if (userReply.equals(\"list\")) {","lastModifiedDate":"2026-01-16T22:25:31","isFullCredit":false},{"lineNumber":24,"author":{"gitId":"darrenlhs"},"content":"                // list command displays current list of tasks","lastModifiedDate":"2026-01-19T15:06:56","isFullCredit":false},{"lineNumber":25,"author":{"gitId":"darrenlhs"},"content":"","lastModifiedDate":"2026-01-19T15:06:56","isFullCredit":false},{"lineNumber":26,"author":{"gitId":"darrenlhs"},"content":"                if (user_inputs.isEmpty()) {","lastModifiedDate":"2026-01-19T15:06:56","isFullCredit":false},{"lineNumber":27,"author":{"gitId":"darrenlhs"},"content":"                    System.out.println(\"The task list is empty.\\n\");","lastModifiedDate":"2026-01-19T15:06:56","isFullCredit":false},{"lineNumber":28,"author":{"gitId":"darrenlhs"},"content":"                }","lastModifiedDate":"2026-01-16T21:28:25","isFullCredit":false},{"lineNumber":29,"author":{"gitId":"darrenlhs"},"content":"                else {","lastModifiedDate":"2026-01-19T15:06:56","isFullCredit":false},{"lineNumber":30,"author":{"gitId":"darrenlhs"},"content":"                    System.out.println(\"Here are your tasks:\\n\");","lastModifiedDate":"2026-01-19T15:06:56","isFullCredit":false},{"lineNumber":31,"author":{"gitId":"darrenlhs"},"content":"                    for (int i \u003d 0; i \u003c user_inputs.size(); i++) {","lastModifiedDate":"2026-01-19T15:06:56","isFullCredit":false},{"lineNumber":32,"author":{"gitId":"darrenlhs"},"content":"                        int number \u003d i + 1;","lastModifiedDate":"2026-01-16T21:28:25","isFullCredit":false},{"lineNumber":33,"author":{"gitId":"darrenlhs"},"content":"                        System.out.println(number","lastModifiedDate":"2026-01-16T21:59:37","isFullCredit":false},{"lineNumber":34,"author":{"gitId":"darrenlhs"},"content":"                                + \".\"","lastModifiedDate":"2026-01-16T21:59:37","isFullCredit":false},{"lineNumber":35,"author":{"gitId":"darrenlhs"},"content":"                                + user_inputs.get(i).toString()","lastModifiedDate":"2026-01-19T15:06:56","isFullCredit":false},{"lineNumber":36,"author":{"gitId":"darrenlhs"},"content":"                        );","lastModifiedDate":"2026-01-19T15:06:56","isFullCredit":false},{"lineNumber":37,"author":{"gitId":"darrenlhs"},"content":"                    }","lastModifiedDate":"2026-01-19T15:06:56","isFullCredit":false},{"lineNumber":38,"author":{"gitId":"darrenlhs"},"content":"                }","lastModifiedDate":"2026-01-16T21:28:25","isFullCredit":false},{"lineNumber":39,"author":{"gitId":"darrenlhs"},"content":"            }","lastModifiedDate":"2026-01-16T22:25:31","isFullCredit":false},{"lineNumber":40,"author":{"gitId":"darrenlhs"},"content":"            else if (parts[0].equals(\"mark\")) {","lastModifiedDate":"2026-01-16T22:25:31","isFullCredit":false},{"lineNumber":41,"author":{"gitId":"darrenlhs"},"content":"                // mark command marks a specific task as done","lastModifiedDate":"2026-01-19T15:06:56","isFullCredit":false},{"lineNumber":42,"author":{"gitId":"darrenlhs"},"content":"","lastModifiedDate":"2026-01-19T15:06:56","isFullCredit":false},{"lineNumber":43,"author":{"gitId":"darrenlhs"},"content":"                try {","lastModifiedDate":"2026-01-16T22:25:31","isFullCredit":false},{"lineNumber":44,"author":{"gitId":"darrenlhs"},"content":"                    int taskNumber \u003d Integer.parseInt(parts[1]);","lastModifiedDate":"2026-01-16T21:59:37","isFullCredit":false},{"lineNumber":45,"author":{"gitId":"darrenlhs"},"content":"                    user_inputs.get(taskNumber - 1).markAsDone();","lastModifiedDate":"2026-01-19T15:06:56","isFullCredit":false},{"lineNumber":46,"author":{"gitId":"darrenlhs"},"content":"                    System.out.println(","lastModifiedDate":"2026-01-16T21:59:37","isFullCredit":false},{"lineNumber":47,"author":{"gitId":"darrenlhs"},"content":"                            \"Okay. I\u0027ve marked this task as done:\\n\"","lastModifiedDate":"2026-01-16T21:59:37","isFullCredit":false},{"lineNumber":48,"author":{"gitId":"darrenlhs"},"content":"                                    + \"   [\"","lastModifiedDate":"2026-01-16T21:59:37","isFullCredit":false},{"lineNumber":49,"author":{"gitId":"darrenlhs"},"content":"                                    + user_inputs.get(taskNumber - 1).getStatusIcon()","lastModifiedDate":"2026-01-19T15:06:56","isFullCredit":false},{"lineNumber":50,"author":{"gitId":"darrenlhs"},"content":"                                    + \"] \"","lastModifiedDate":"2026-01-16T21:59:37","isFullCredit":false},{"lineNumber":51,"author":{"gitId":"darrenlhs"},"content":"                                    + user_inputs.get(taskNumber - 1).description","lastModifiedDate":"2026-01-19T15:06:56","isFullCredit":false},{"lineNumber":52,"author":{"gitId":"darrenlhs"},"content":"                    );","lastModifiedDate":"2026-01-16T21:59:37","isFullCredit":false},{"lineNumber":53,"author":{"gitId":"darrenlhs"},"content":"                }","lastModifiedDate":"2026-01-16T22:25:31","isFullCredit":false},{"lineNumber":54,"author":{"gitId":"darrenlhs"},"content":"                catch (IndexOutOfBoundsException | NullPointerException e) {","lastModifiedDate":"2026-01-19T15:06:56","isFullCredit":false},{"lineNumber":55,"author":{"gitId":"darrenlhs"},"content":"                    if (user_inputs.isEmpty()) {","lastModifiedDate":"2026-01-19T15:06:56","isFullCredit":false},{"lineNumber":56,"author":{"gitId":"darrenlhs"},"content":"                        System.out.println(\"The task list is empty.\\n\");","lastModifiedDate":"2026-01-19T15:06:56","isFullCredit":false},{"lineNumber":57,"author":{"gitId":"darrenlhs"},"content":"                    }","lastModifiedDate":"2026-01-19T15:06:56","isFullCredit":false},{"lineNumber":58,"author":{"gitId":"darrenlhs"},"content":"                    else {","lastModifiedDate":"2026-01-19T15:06:56","isFullCredit":false},{"lineNumber":59,"author":{"gitId":"darrenlhs"},"content":"                        System.out.println(\"Invalid task index\\n\");","lastModifiedDate":"2026-01-16T22:25:31","isFullCredit":false},{"lineNumber":60,"author":{"gitId":"darrenlhs"},"content":"                    }","lastModifiedDate":"2026-01-16T22:25:31","isFullCredit":false},{"lineNumber":61,"author":{"gitId":"darrenlhs"},"content":"                }","lastModifiedDate":"2026-01-19T15:06:56","isFullCredit":false},{"lineNumber":62,"author":{"gitId":"darrenlhs"},"content":"                catch (NumberFormatException e) {","lastModifiedDate":"2026-01-16T22:25:31","isFullCredit":false},{"lineNumber":63,"author":{"gitId":"darrenlhs"},"content":"                    System.out.println(\"Non-integer task index provided\\n\");","lastModifiedDate":"2026-01-16T22:25:31","isFullCredit":false},{"lineNumber":64,"author":{"gitId":"darrenlhs"},"content":"                }","lastModifiedDate":"2026-01-16T22:25:31","isFullCredit":false},{"lineNumber":65,"author":{"gitId":"darrenlhs"},"content":"","lastModifiedDate":"2026-01-16T21:59:37","isFullCredit":false},{"lineNumber":66,"author":{"gitId":"darrenlhs"},"content":"","lastModifiedDate":"2026-01-16T21:59:37","isFullCredit":false},{"lineNumber":67,"author":{"gitId":"darrenlhs"},"content":"            }","lastModifiedDate":"2026-01-16T22:25:31","isFullCredit":false},{"lineNumber":68,"author":{"gitId":"darrenlhs"},"content":"            else if (parts[0].equals(\"unmark\")) {","lastModifiedDate":"2026-01-16T22:25:31","isFullCredit":false},{"lineNumber":69,"author":{"gitId":"darrenlhs"},"content":"                // unmark command marks a specific task as undone","lastModifiedDate":"2026-01-19T15:06:56","isFullCredit":false},{"lineNumber":70,"author":{"gitId":"darrenlhs"},"content":"","lastModifiedDate":"2026-01-19T15:06:56","isFullCredit":false},{"lineNumber":71,"author":{"gitId":"darrenlhs"},"content":"                try {","lastModifiedDate":"2026-01-16T22:25:31","isFullCredit":false},{"lineNumber":72,"author":{"gitId":"darrenlhs"},"content":"                    int taskNumber \u003d Integer.parseInt(parts[1]);","lastModifiedDate":"2026-01-16T21:59:37","isFullCredit":false},{"lineNumber":73,"author":{"gitId":"darrenlhs"},"content":"                    user_inputs.get(taskNumber - 1).markAsUndone();","lastModifiedDate":"2026-01-19T15:06:56","isFullCredit":false},{"lineNumber":74,"author":{"gitId":"darrenlhs"},"content":"                    System.out.println(","lastModifiedDate":"2026-01-16T21:59:37","isFullCredit":false},{"lineNumber":75,"author":{"gitId":"darrenlhs"},"content":"                            \"Okay. I\u0027ve marked this task as not done yet:\\n\"","lastModifiedDate":"2026-01-16T21:59:37","isFullCredit":false},{"lineNumber":76,"author":{"gitId":"darrenlhs"},"content":"                                    + \"   [\"","lastModifiedDate":"2026-01-16T21:59:37","isFullCredit":false},{"lineNumber":77,"author":{"gitId":"darrenlhs"},"content":"                                    + user_inputs.get(taskNumber - 1).getStatusIcon()","lastModifiedDate":"2026-01-19T15:06:56","isFullCredit":false},{"lineNumber":78,"author":{"gitId":"darrenlhs"},"content":"                                    + \"] \"","lastModifiedDate":"2026-01-16T21:59:37","isFullCredit":false},{"lineNumber":79,"author":{"gitId":"darrenlhs"},"content":"                                    + user_inputs.get(taskNumber - 1).description","lastModifiedDate":"2026-01-19T15:06:56","isFullCredit":false},{"lineNumber":80,"author":{"gitId":"darrenlhs"},"content":"                    );","lastModifiedDate":"2026-01-19T15:06:56","isFullCredit":false},{"lineNumber":81,"author":{"gitId":"darrenlhs"},"content":"                }","lastModifiedDate":"2026-01-19T15:06:56","isFullCredit":false},{"lineNumber":82,"author":{"gitId":"darrenlhs"},"content":"                catch (IndexOutOfBoundsException | NullPointerException e) {","lastModifiedDate":"2026-01-19T15:06:56","isFullCredit":false},{"lineNumber":83,"author":{"gitId":"darrenlhs"},"content":"                    if (user_inputs.isEmpty()) {","lastModifiedDate":"2026-01-19T15:06:56","isFullCredit":false},{"lineNumber":84,"author":{"gitId":"darrenlhs"},"content":"                        System.out.println(\"The task list is empty.\\n\");","lastModifiedDate":"2026-01-19T15:06:56","isFullCredit":false},{"lineNumber":85,"author":{"gitId":"darrenlhs"},"content":"                    }","lastModifiedDate":"2026-01-19T15:06:56","isFullCredit":false},{"lineNumber":86,"author":{"gitId":"darrenlhs"},"content":"                    else {","lastModifiedDate":"2026-01-19T15:06:56","isFullCredit":false},{"lineNumber":87,"author":{"gitId":"darrenlhs"},"content":"                        System.out.println(\"Invalid task index\\n\");","lastModifiedDate":"2026-01-19T15:06:56","isFullCredit":false},{"lineNumber":88,"author":{"gitId":"darrenlhs"},"content":"                    }","lastModifiedDate":"2026-01-19T15:06:56","isFullCredit":false},{"lineNumber":89,"author":{"gitId":"darrenlhs"},"content":"                }","lastModifiedDate":"2026-01-19T15:06:56","isFullCredit":false},{"lineNumber":90,"author":{"gitId":"darrenlhs"},"content":"                catch (NumberFormatException e) {","lastModifiedDate":"2026-01-19T15:06:56","isFullCredit":false},{"lineNumber":91,"author":{"gitId":"darrenlhs"},"content":"                    System.out.println(\"Non-integer task index provided\\n\");","lastModifiedDate":"2026-01-19T15:06:56","isFullCredit":false},{"lineNumber":92,"author":{"gitId":"darrenlhs"},"content":"                }","lastModifiedDate":"2026-01-19T15:06:56","isFullCredit":false},{"lineNumber":93,"author":{"gitId":"darrenlhs"},"content":"            }","lastModifiedDate":"2026-01-19T15:06:56","isFullCredit":false},{"lineNumber":94,"author":{"gitId":"darrenlhs"},"content":"            else if (parts[0].equals(\"delete\")) {","lastModifiedDate":"2026-01-19T15:06:56","isFullCredit":false},{"lineNumber":95,"author":{"gitId":"darrenlhs"},"content":"                // delete command removes a specific task from the list","lastModifiedDate":"2026-01-19T15:06:56","isFullCredit":false},{"lineNumber":96,"author":{"gitId":"darrenlhs"},"content":"                try {","lastModifiedDate":"2026-01-19T15:06:56","isFullCredit":false},{"lineNumber":97,"author":{"gitId":"darrenlhs"},"content":"                    int taskNumber \u003d Integer.parseInt(parts[1]);","lastModifiedDate":"2026-01-19T15:06:56","isFullCredit":false},{"lineNumber":98,"author":{"gitId":"darrenlhs"},"content":"                    counter--;","lastModifiedDate":"2026-01-19T15:06:56","isFullCredit":false},{"lineNumber":99,"author":{"gitId":"darrenlhs"},"content":"                    System.out.println(","lastModifiedDate":"2026-01-19T15:06:56","isFullCredit":false},{"lineNumber":100,"author":{"gitId":"darrenlhs"},"content":"                            \"Noted. I\u0027ve removed this task:\\n\"","lastModifiedDate":"2026-01-19T15:06:56","isFullCredit":false},{"lineNumber":101,"author":{"gitId":"darrenlhs"},"content":"                                    + \"   \"","lastModifiedDate":"2026-01-19T15:06:56","isFullCredit":false},{"lineNumber":102,"author":{"gitId":"darrenlhs"},"content":"                                    + user_inputs.get(taskNumber - 1).toString()","lastModifiedDate":"2026-01-19T15:06:56","isFullCredit":false},{"lineNumber":103,"author":{"gitId":"darrenlhs"},"content":"                    );","lastModifiedDate":"2026-01-16T21:59:37","isFullCredit":false},{"lineNumber":104,"author":{"gitId":"darrenlhs"},"content":"                    if (counter \u003d\u003d 1) {","lastModifiedDate":"2026-01-19T15:06:56","isFullCredit":false},{"lineNumber":105,"author":{"gitId":"darrenlhs"},"content":"                        System.out.println(\"Now you have 1 task in the list.\\n\");","lastModifiedDate":"2026-01-19T15:06:56","isFullCredit":false},{"lineNumber":106,"author":{"gitId":"darrenlhs"},"content":"                    } else {","lastModifiedDate":"2026-01-19T15:06:56","isFullCredit":false},{"lineNumber":107,"author":{"gitId":"darrenlhs"},"content":"                        System.out.println(\"Now you have \" + counter + \" tasks in the list.\\n\");","lastModifiedDate":"2026-01-19T15:06:56","isFullCredit":false},{"lineNumber":108,"author":{"gitId":"darrenlhs"},"content":"","lastModifiedDate":"2026-01-19T15:06:56","isFullCredit":false},{"lineNumber":109,"author":{"gitId":"darrenlhs"},"content":"                        user_inputs.remove(taskNumber - 1);","lastModifiedDate":"2026-01-19T15:06:56","isFullCredit":false},{"lineNumber":110,"author":{"gitId":"darrenlhs"},"content":"                    }","lastModifiedDate":"2026-01-16T22:25:31","isFullCredit":false},{"lineNumber":111,"author":{"gitId":"darrenlhs"},"content":"                }","lastModifiedDate":"2026-01-19T15:06:56","isFullCredit":false},{"lineNumber":112,"author":{"gitId":"darrenlhs"},"content":"                catch (IndexOutOfBoundsException | NullPointerException e) {","lastModifiedDate":"2026-01-19T15:06:56","isFullCredit":false},{"lineNumber":113,"author":{"gitId":"darrenlhs"},"content":"                    if (user_inputs.isEmpty()) {","lastModifiedDate":"2026-01-19T15:06:56","isFullCredit":false},{"lineNumber":114,"author":{"gitId":"darrenlhs"},"content":"                        System.out.println(\"The task list is empty.\\n\");","lastModifiedDate":"2026-01-19T15:06:56","isFullCredit":false},{"lineNumber":115,"author":{"gitId":"darrenlhs"},"content":"                    } else {","lastModifiedDate":"2026-01-19T15:06:56","isFullCredit":false},{"lineNumber":116,"author":{"gitId":"darrenlhs"},"content":"                        System.out.println(\"Invalid task index\\n\");","lastModifiedDate":"2026-01-16T22:25:31","isFullCredit":false},{"lineNumber":117,"author":{"gitId":"darrenlhs"},"content":"                    }","lastModifiedDate":"2026-01-16T22:25:31","isFullCredit":false},{"lineNumber":118,"author":{"gitId":"darrenlhs"},"content":"                }","lastModifiedDate":"2026-01-19T15:06:56","isFullCredit":false},{"lineNumber":119,"author":{"gitId":"darrenlhs"},"content":"                catch (NumberFormatException e) {","lastModifiedDate":"2026-01-16T22:25:31","isFullCredit":false},{"lineNumber":120,"author":{"gitId":"darrenlhs"},"content":"                    System.out.println(\"Non-integer task index provided\\n\");","lastModifiedDate":"2026-01-16T22:25:31","isFullCredit":false},{"lineNumber":121,"author":{"gitId":"darrenlhs"},"content":"","lastModifiedDate":"2026-01-19T15:06:56","isFullCredit":false},{"lineNumber":122,"author":{"gitId":"darrenlhs"},"content":"                }","lastModifiedDate":"2026-01-16T22:25:31","isFullCredit":false},{"lineNumber":123,"author":{"gitId":"darrenlhs"},"content":"            }","lastModifiedDate":"2026-01-16T22:25:31","isFullCredit":false},{"lineNumber":124,"author":{"gitId":"darrenlhs"},"content":"            else {","lastModifiedDate":"2026-01-16T22:25:31","isFullCredit":false},{"lineNumber":125,"author":{"gitId":"darrenlhs"},"content":"                // todo, deadline and event commands indicate specific types of tasks to be added to the list","lastModifiedDate":"2026-01-19T15:06:56","isFullCredit":false},{"lineNumber":126,"author":{"gitId":"darrenlhs"},"content":"","lastModifiedDate":"2026-01-19T15:06:56","isFullCredit":false},{"lineNumber":127,"author":{"gitId":"darrenlhs"},"content":"                boolean isValid \u003d true;","lastModifiedDate":"2026-01-19T14:32:17","isFullCredit":false},{"lineNumber":128,"author":{"gitId":"darrenlhs"},"content":"","lastModifiedDate":"2026-01-19T14:32:17","isFullCredit":false},{"lineNumber":129,"author":{"gitId":"darrenlhs"},"content":"                if (userReply.startsWith(\"todo\")) {","lastModifiedDate":"2026-01-16T23:26:16","isFullCredit":false},{"lineNumber":130,"author":{"gitId":"darrenlhs"},"content":"                    try {","lastModifiedDate":"2026-01-19T14:32:17","isFullCredit":false},{"lineNumber":131,"author":{"gitId":"darrenlhs"},"content":"                        String[] todoArr \u003d userReply.split(\"todo \");","lastModifiedDate":"2026-01-16T23:26:16","isFullCredit":false},{"lineNumber":132,"author":{"gitId":"darrenlhs"},"content":"                        user_inputs.add(new ToDo(todoArr[1]));","lastModifiedDate":"2026-01-19T15:06:56","isFullCredit":false},{"lineNumber":133,"author":{"gitId":"darrenlhs"},"content":"                    }","lastModifiedDate":"2026-01-16T23:26:16","isFullCredit":false},{"lineNumber":134,"author":{"gitId":"darrenlhs"},"content":"                    catch (IndexOutOfBoundsException e) {","lastModifiedDate":"2026-01-19T15:06:56","isFullCredit":false},{"lineNumber":135,"author":{"gitId":"darrenlhs"},"content":"                        System.out.println(","lastModifiedDate":"2026-01-19T14:32:17","isFullCredit":false},{"lineNumber":136,"author":{"gitId":"darrenlhs"},"content":"                                \"Wrong input syntax. Correct syntax is \u0027todo (task name)\u0027.\\n\"","lastModifiedDate":"2026-01-19T14:32:17","isFullCredit":false},{"lineNumber":137,"author":{"gitId":"darrenlhs"},"content":"                        );","lastModifiedDate":"2026-01-19T14:32:17","isFullCredit":false},{"lineNumber":138,"author":{"gitId":"darrenlhs"},"content":"                        isValid \u003d false;","lastModifiedDate":"2026-01-19T14:32:17","isFullCredit":false},{"lineNumber":139,"author":{"gitId":"darrenlhs"},"content":"                    }","lastModifiedDate":"2026-01-19T14:32:17","isFullCredit":false},{"lineNumber":140,"author":{"gitId":"darrenlhs"},"content":"","lastModifiedDate":"2026-01-19T14:32:17","isFullCredit":false},{"lineNumber":141,"author":{"gitId":"darrenlhs"},"content":"                }","lastModifiedDate":"2026-01-19T14:32:17","isFullCredit":false},{"lineNumber":142,"author":{"gitId":"darrenlhs"},"content":"                else if (userReply.startsWith(\"deadline\")) {","lastModifiedDate":"2026-01-16T23:26:16","isFullCredit":false},{"lineNumber":143,"author":{"gitId":"darrenlhs"},"content":"                    /* given the command deadline finish homework /by 8pm:","lastModifiedDate":"2026-01-16T23:26:16","isFullCredit":false},{"lineNumber":144,"author":{"gitId":"darrenlhs"},"content":"                    deadlineArr1 \u003d [finish homework /by 8pm]","lastModifiedDate":"2026-01-16T23:26:16","isFullCredit":false},{"lineNumber":145,"author":{"gitId":"darrenlhs"},"content":"                    deadlineArr2 \u003d [finish homework, 8pm]","lastModifiedDate":"2026-01-16T23:26:16","isFullCredit":false},{"lineNumber":146,"author":{"gitId":"darrenlhs"},"content":"                     */","lastModifiedDate":"2026-01-16T23:26:16","isFullCredit":false},{"lineNumber":147,"author":{"gitId":"darrenlhs"},"content":"                    try {","lastModifiedDate":"2026-01-19T14:32:17","isFullCredit":false},{"lineNumber":148,"author":{"gitId":"darrenlhs"},"content":"                        String[] deadlineArr1 \u003d userReply.split(\"deadline \");","lastModifiedDate":"2026-01-16T23:26:16","isFullCredit":false},{"lineNumber":149,"author":{"gitId":"darrenlhs"},"content":"                        String[] deadlineArr2 \u003d deadlineArr1[1].split(\" /by \");","lastModifiedDate":"2026-01-16T23:26:16","isFullCredit":false},{"lineNumber":150,"author":{"gitId":"darrenlhs"},"content":"                        user_inputs.add(new Deadline(deadlineArr2[0], deadlineArr2[1]));","lastModifiedDate":"2026-01-19T15:06:56","isFullCredit":false},{"lineNumber":151,"author":{"gitId":"darrenlhs"},"content":"                    }","lastModifiedDate":"2026-01-16T23:26:16","isFullCredit":false},{"lineNumber":152,"author":{"gitId":"darrenlhs"},"content":"                    catch (IndexOutOfBoundsException e) {","lastModifiedDate":"2026-01-19T15:06:56","isFullCredit":false},{"lineNumber":153,"author":{"gitId":"darrenlhs"},"content":"                        System.out.println(","lastModifiedDate":"2026-01-19T14:32:17","isFullCredit":false},{"lineNumber":154,"author":{"gitId":"darrenlhs"},"content":"                                \"Wrong input syntax. Correct syntax is \u0027deadline (task name) /by (deadline)\u0027.\\n\"","lastModifiedDate":"2026-01-19T14:32:17","isFullCredit":false},{"lineNumber":155,"author":{"gitId":"darrenlhs"},"content":"                        );","lastModifiedDate":"2026-01-19T14:32:17","isFullCredit":false},{"lineNumber":156,"author":{"gitId":"darrenlhs"},"content":"                        isValid \u003d false;","lastModifiedDate":"2026-01-19T14:32:17","isFullCredit":false},{"lineNumber":157,"author":{"gitId":"darrenlhs"},"content":"                    }","lastModifiedDate":"2026-01-19T14:32:17","isFullCredit":false},{"lineNumber":158,"author":{"gitId":"darrenlhs"},"content":"","lastModifiedDate":"2026-01-19T14:32:17","isFullCredit":false},{"lineNumber":159,"author":{"gitId":"darrenlhs"},"content":"                }","lastModifiedDate":"2026-01-19T14:32:17","isFullCredit":false},{"lineNumber":160,"author":{"gitId":"darrenlhs"},"content":"                else if (userReply.startsWith(\"event\")) {","lastModifiedDate":"2026-01-16T23:26:16","isFullCredit":false},{"lineNumber":161,"author":{"gitId":"darrenlhs"},"content":"                    /* given the command event family dinner /from today 6pm /to 7pm:","lastModifiedDate":"2026-01-16T23:26:16","isFullCredit":false},{"lineNumber":162,"author":{"gitId":"darrenlhs"},"content":"                    eventArr1 \u003d [, family dinner /from today 6pm /to 7pm]","lastModifiedDate":"2026-01-16T23:26:16","isFullCredit":false},{"lineNumber":163,"author":{"gitId":"darrenlhs"},"content":"                    eventArr2 \u003d [family dinner, today 6pm /to 7pm]","lastModifiedDate":"2026-01-16T23:26:16","isFullCredit":false},{"lineNumber":164,"author":{"gitId":"darrenlhs"},"content":"                    eventArr3 \u003d [today 6pm, 7pm]","lastModifiedDate":"2026-01-16T23:26:16","isFullCredit":false},{"lineNumber":165,"author":{"gitId":"darrenlhs"},"content":"                     */","lastModifiedDate":"2026-01-16T23:26:16","isFullCredit":false},{"lineNumber":166,"author":{"gitId":"darrenlhs"},"content":"                    try {","lastModifiedDate":"2026-01-19T14:32:17","isFullCredit":false},{"lineNumber":167,"author":{"gitId":"darrenlhs"},"content":"                        String[] eventArr1 \u003d userReply.split(\"event \");","lastModifiedDate":"2026-01-16T23:26:16","isFullCredit":false},{"lineNumber":168,"author":{"gitId":"darrenlhs"},"content":"                        String[] eventArr2 \u003d eventArr1[1].split(\" /from \");","lastModifiedDate":"2026-01-16T23:26:16","isFullCredit":false},{"lineNumber":169,"author":{"gitId":"darrenlhs"},"content":"                        String[] eventArr3 \u003d eventArr2[1].split(\" /to \");","lastModifiedDate":"2026-01-16T23:26:16","isFullCredit":false},{"lineNumber":170,"author":{"gitId":"darrenlhs"},"content":"","lastModifiedDate":"2026-01-16T23:26:16","isFullCredit":false},{"lineNumber":171,"author":{"gitId":"darrenlhs"},"content":"                        user_inputs.add(new Event(eventArr2[0], eventArr3[0], eventArr3[1]));","lastModifiedDate":"2026-01-19T15:06:56","isFullCredit":false},{"lineNumber":172,"author":{"gitId":"darrenlhs"},"content":"                    }","lastModifiedDate":"2026-01-16T23:26:16","isFullCredit":false},{"lineNumber":173,"author":{"gitId":"darrenlhs"},"content":"                    catch (IndexOutOfBoundsException e) {","lastModifiedDate":"2026-01-19T15:06:56","isFullCredit":false},{"lineNumber":174,"author":{"gitId":"darrenlhs"},"content":"                        System.out.println(","lastModifiedDate":"2026-01-19T14:32:17","isFullCredit":false},{"lineNumber":175,"author":{"gitId":"darrenlhs"},"content":"                                \"Wrong input syntax. Correct syntax is \u0027event (task name) /from (start) /to (end)\u0027.\\n\"","lastModifiedDate":"2026-01-19T14:32:17","isFullCredit":false},{"lineNumber":176,"author":{"gitId":"darrenlhs"},"content":"                        );","lastModifiedDate":"2026-01-19T14:32:17","isFullCredit":false},{"lineNumber":177,"author":{"gitId":"darrenlhs"},"content":"                        isValid \u003d false;","lastModifiedDate":"2026-01-19T14:32:17","isFullCredit":false},{"lineNumber":178,"author":{"gitId":"darrenlhs"},"content":"                    }","lastModifiedDate":"2026-01-19T14:32:17","isFullCredit":false},{"lineNumber":179,"author":{"gitId":"darrenlhs"},"content":"                }","lastModifiedDate":"2026-01-19T14:32:17","isFullCredit":false},{"lineNumber":180,"author":{"gitId":"darrenlhs"},"content":"                else {","lastModifiedDate":"2026-01-19T14:32:17","isFullCredit":false},{"lineNumber":181,"author":{"gitId":"darrenlhs"},"content":"                    // invalid command or empty input","lastModifiedDate":"2026-01-19T15:06:56","isFullCredit":false},{"lineNumber":182,"author":{"gitId":"darrenlhs"},"content":"","lastModifiedDate":"2026-01-19T15:06:56","isFullCredit":false},{"lineNumber":183,"author":{"gitId":"darrenlhs"},"content":"                    System.out.println(\"Your input is either empty or not recognised. Please try again.\\n\");","lastModifiedDate":"2026-01-19T14:32:17","isFullCredit":false},{"lineNumber":184,"author":{"gitId":"darrenlhs"},"content":"                    isValid \u003d false;","lastModifiedDate":"2026-01-19T14:32:17","isFullCredit":false},{"lineNumber":185,"author":{"gitId":"darrenlhs"},"content":"                }","lastModifiedDate":"2026-01-19T14:32:17","isFullCredit":false},{"lineNumber":186,"author":{"gitId":"darrenlhs"},"content":"                if (isValid) {","lastModifiedDate":"2026-01-19T14:32:17","isFullCredit":false},{"lineNumber":187,"author":{"gitId":"darrenlhs"},"content":"                    // only increments and adds to task list if task command is valid","lastModifiedDate":"2026-01-19T14:32:17","isFullCredit":false},{"lineNumber":188,"author":{"gitId":"darrenlhs"},"content":"","lastModifiedDate":"2026-01-19T14:32:17","isFullCredit":false},{"lineNumber":189,"author":{"gitId":"darrenlhs"},"content":"                    System.out.println(\"\\n\" + \"Got it. I\u0027ve added this task: \" + user_inputs.get(counter).toString() + \"\\n\");","lastModifiedDate":"2026-01-19T15:06:56","isFullCredit":false},{"lineNumber":190,"author":{"gitId":"darrenlhs"},"content":"                    counter++;","lastModifiedDate":"2026-01-16T21:28:25","isFullCredit":false},{"lineNumber":191,"author":{"gitId":"darrenlhs"},"content":"","lastModifiedDate":"2026-01-19T14:32:17","isFullCredit":false},{"lineNumber":192,"author":{"gitId":"darrenlhs"},"content":"                    if (counter \u003d\u003d 1) {","lastModifiedDate":"2026-01-16T23:26:16","isFullCredit":false},{"lineNumber":193,"author":{"gitId":"darrenlhs"},"content":"                        System.out.println(\"Now you have 1 task in the list.\\n\");","lastModifiedDate":"2026-01-16T23:26:16","isFullCredit":false},{"lineNumber":194,"author":{"gitId":"darrenlhs"},"content":"                    }","lastModifiedDate":"2026-01-16T23:26:16","isFullCredit":false},{"lineNumber":195,"author":{"gitId":"darrenlhs"},"content":"                    else {","lastModifiedDate":"2026-01-16T23:26:16","isFullCredit":false},{"lineNumber":196,"author":{"gitId":"darrenlhs"},"content":"                        System.out.println(\"Now you have \" + counter + \" tasks in the list.\\n\");","lastModifiedDate":"2026-01-16T23:26:16","isFullCredit":false},{"lineNumber":197,"author":{"gitId":"darrenlhs"},"content":"                    }","lastModifiedDate":"2026-01-16T23:26:16","isFullCredit":false},{"lineNumber":198,"author":{"gitId":"darrenlhs"},"content":"                }","lastModifiedDate":"2026-01-19T14:32:17","isFullCredit":false},{"lineNumber":199,"author":{"gitId":"darrenlhs"},"content":"","lastModifiedDate":"2026-01-19T14:32:17","isFullCredit":false},{"lineNumber":200,"author":{"gitId":"darrenlhs"},"content":"            }","lastModifiedDate":"2026-01-16T20:34:39","isFullCredit":false},{"lineNumber":201,"author":{"gitId":"darrenlhs"},"content":"        }","lastModifiedDate":"2026-01-16T21:10:30","isFullCredit":false},{"lineNumber":202,"author":{"gitId":"darrenlhs"},"content":"","lastModifiedDate":"2026-01-16T21:10:30","isFullCredit":false},{"lineNumber":203,"author":{"gitId":"darrenlhs"},"content":"    }","lastModifiedDate":"2026-01-16T20:34:39","isFullCredit":false},{"lineNumber":204,"author":{"gitId":"darrenlhs"},"content":"","lastModifiedDate":"2026-01-16T21:10:30","isFullCredit":false},{"lineNumber":205,"author":{"gitId":"darrenlhs"},"content":"","lastModifiedDate":"2026-01-16T21:10:30","isFullCredit":false},{"lineNumber":206,"author":{"gitId":"darrenlhs"},"content":"","lastModifiedDate":"2026-01-16T21:10:30","isFullCredit":false},{"lineNumber":207,"author":{"gitId":"darrenlhs"},"content":"}","lastModifiedDate":"2026-01-16T21:10:30","isFullCredit":false},{"lineNumber":208,"author":{"gitId":"darrenlhs"},"content":"","lastModifiedDate":"2026-01-16T21:10:30","isFullCredit":false},{"lineNumber":209,"author":{"gitId":"darrenlhs"},"content":"","lastModifiedDate":"2026-01-16T21:59:37","isFullCredit":false},{"lineNumber":210,"author":{"gitId":"darrenlhs"},"content":"","lastModifiedDate":"2026-01-16T21:59:37","isFullCredit":false}],"authorContributionMap":{"darrenlhs":210}},{"path":"src/main/java/Task.java","fileType":"java","lines":[{"lineNumber":1,"author":{"gitId":"darrenlhs"},"content":"public class Task {","lastModifiedDate":"2026-01-16T21:59:59","isFullCredit":false},{"lineNumber":2,"author":{"gitId":"darrenlhs"},"content":"","lastModifiedDate":"2026-01-16T21:59:59","isFullCredit":false},{"lineNumber":3,"author":{"gitId":"darrenlhs"},"content":"    protected String description;","lastModifiedDate":"2026-01-16T21:59:59","isFullCredit":false},{"lineNumber":4,"author":{"gitId":"darrenlhs"},"content":"    protected boolean isDone;","lastModifiedDate":"2026-01-16T21:59:59","isFullCredit":false},{"lineNumber":5,"author":{"gitId":"darrenlhs"},"content":"","lastModifiedDate":"2026-01-16T21:59:59","isFullCredit":false},{"lineNumber":6,"author":{"gitId":"darrenlhs"},"content":"    public Task(String description) {","lastModifiedDate":"2026-01-16T21:59:59","isFullCredit":false},{"lineNumber":7,"author":{"gitId":"darrenlhs"},"content":"        this.description \u003d description;","lastModifiedDate":"2026-01-16T21:59:59","isFullCredit":false},{"lineNumber":8,"author":{"gitId":"darrenlhs"},"content":"        this.isDone \u003d false;","lastModifiedDate":"2026-01-16T21:59:59","isFullCredit":false},{"lineNumber":9,"author":{"gitId":"darrenlhs"},"content":"    }","lastModifiedDate":"2026-01-16T21:59:59","isFullCredit":false},{"lineNumber":10,"author":{"gitId":"darrenlhs"},"content":"","lastModifiedDate":"2026-01-16T21:59:59","isFullCredit":false},{"lineNumber":11,"author":{"gitId":"darrenlhs"},"content":"    public String getStatusIcon() {","lastModifiedDate":"2026-01-16T21:59:59","isFullCredit":false},{"lineNumber":12,"author":{"gitId":"darrenlhs"},"content":"        return (isDone ? \"X\" : \" \"); // mark done task with X","lastModifiedDate":"2026-01-16T21:59:59","isFullCredit":false},{"lineNumber":13,"author":{"gitId":"darrenlhs"},"content":"    }","lastModifiedDate":"2026-01-16T21:59:59","isFullCredit":false},{"lineNumber":14,"author":{"gitId":"darrenlhs"},"content":"","lastModifiedDate":"2026-01-16T21:59:59","isFullCredit":false},{"lineNumber":15,"author":{"gitId":"darrenlhs"},"content":"    public void markAsDone() {","lastModifiedDate":"2026-01-16T21:59:59","isFullCredit":false},{"lineNumber":16,"author":{"gitId":"darrenlhs"},"content":"        isDone \u003d true;","lastModifiedDate":"2026-01-16T21:59:59","isFullCredit":false},{"lineNumber":17,"author":{"gitId":"darrenlhs"},"content":"    }","lastModifiedDate":"2026-01-16T21:59:59","isFullCredit":false},{"lineNumber":18,"author":{"gitId":"darrenlhs"},"content":"","lastModifiedDate":"2026-01-16T21:59:59","isFullCredit":false},{"lineNumber":19,"author":{"gitId":"darrenlhs"},"content":"    public void markAsUndone() {","lastModifiedDate":"2026-01-16T21:59:59","isFullCredit":false},{"lineNumber":20,"author":{"gitId":"darrenlhs"},"content":"        isDone \u003d false;","lastModifiedDate":"2026-01-16T21:59:59","isFullCredit":false},{"lineNumber":21,"author":{"gitId":"darrenlhs"},"content":"    }","lastModifiedDate":"2026-01-16T21:59:59","isFullCredit":false},{"lineNumber":22,"author":{"gitId":"darrenlhs"},"content":"","lastModifiedDate":"2026-01-16T21:59:59","isFullCredit":false},{"lineNumber":23,"author":{"gitId":"darrenlhs"},"content":"    public String toString() {","lastModifiedDate":"2026-01-16T23:25:38","isFullCredit":false},{"lineNumber":24,"author":{"gitId":"darrenlhs"},"content":"        return \"[\" + getStatusIcon() + \"] \" + this.description;","lastModifiedDate":"2026-01-16T23:25:38","isFullCredit":false},{"lineNumber":25,"author":{"gitId":"darrenlhs"},"content":"    }","lastModifiedDate":"2026-01-16T23:25:38","isFullCredit":false},{"lineNumber":26,"author":{"gitId":"darrenlhs"},"content":"","lastModifiedDate":"2026-01-16T23:25:38","isFullCredit":false},{"lineNumber":27,"author":{"gitId":"darrenlhs"},"content":"","lastModifiedDate":"2026-01-16T21:59:59","isFullCredit":false},{"lineNumber":28,"author":{"gitId":"darrenlhs"},"content":"}","lastModifiedDate":"2026-01-16T21:59:59","isFullCredit":false},{"lineNumber":29,"author":{"gitId":"darrenlhs"},"content":"","lastModifiedDate":"2026-01-16T21:59:59","isFullCredit":false}],"authorContributionMap":{"darrenlhs":29}},{"path":"src/main/java/ToDo.java","fileType":"java","lines":[{"lineNumber":1,"author":{"gitId":"darrenlhs"},"content":"public class ToDo extends Task {","lastModifiedDate":"2026-01-16T23:25:24","isFullCredit":false},{"lineNumber":2,"author":{"gitId":"darrenlhs"},"content":"    public ToDo(String description) {","lastModifiedDate":"2026-01-16T23:25:24","isFullCredit":false},{"lineNumber":3,"author":{"gitId":"darrenlhs"},"content":"        super(description);","lastModifiedDate":"2026-01-16T23:25:24","isFullCredit":false},{"lineNumber":4,"author":{"gitId":"darrenlhs"},"content":"    }","lastModifiedDate":"2026-01-16T23:25:24","isFullCredit":false},{"lineNumber":5,"author":{"gitId":"darrenlhs"},"content":"","lastModifiedDate":"2026-01-16T23:25:24","isFullCredit":false},{"lineNumber":6,"author":{"gitId":"darrenlhs"},"content":"    @Override","lastModifiedDate":"2026-01-16T23:25:24","isFullCredit":false},{"lineNumber":7,"author":{"gitId":"darrenlhs"},"content":"    public String toString() {","lastModifiedDate":"2026-01-16T23:25:24","isFullCredit":false},{"lineNumber":8,"author":{"gitId":"darrenlhs"},"content":"        return \"[T]\" + super.toString();","lastModifiedDate":"2026-01-16T23:25:24","isFullCredit":false},{"lineNumber":9,"author":{"gitId":"darrenlhs"},"content":"    }","lastModifiedDate":"2026-01-16T23:25:24","isFullCredit":false},{"lineNumber":10,"author":{"gitId":"darrenlhs"},"content":"}","lastModifiedDate":"2026-01-16T23:25:24","isFullCredit":false}],"authorContributionMap":{"darrenlhs":10}},{"path":"text-ui-test/input.txt","fileType":"txt","lines":[{"lineNumber":1,"author":{"gitId":"darrenlhs"},"content":"list","lastModifiedDate":"2026-01-19T14:30:39","isFullCredit":false},{"lineNumber":2,"author":{"gitId":"darrenlhs"},"content":"todo borrow book","lastModifiedDate":"2026-01-19T14:30:39","isFullCredit":false},{"lineNumber":3,"author":{"gitId":"darrenlhs"},"content":"deadline return book /by Sunday","lastModifiedDate":"2026-01-19T14:30:39","isFullCredit":false},{"lineNumber":4,"author":{"gitId":"darrenlhs"},"content":"event project meeting /from Mon 2pm /to 4pm","lastModifiedDate":"2026-01-19T14:30:39","isFullCredit":false},{"lineNumber":5,"author":{"gitId":"darrenlhs"},"content":"mark 1","lastModifiedDate":"2026-01-19T14:30:39","isFullCredit":false},{"lineNumber":6,"author":{"gitId":"darrenlhs"},"content":"mark 3","lastModifiedDate":"2026-01-19T14:30:39","isFullCredit":false},{"lineNumber":7,"author":{"gitId":"darrenlhs"},"content":"unmark 3","lastModifiedDate":"2026-01-19T14:30:39","isFullCredit":false},{"lineNumber":8,"author":{"gitId":"darrenlhs"},"content":"list","lastModifiedDate":"2026-01-19T14:30:39","isFullCredit":false},{"lineNumber":9,"author":{"gitId":"darrenlhs"},"content":"bye","lastModifiedDate":"2026-01-19T14:30:39","isFullCredit":false}],"authorContributionMap":{"darrenlhs":9}},{"path":"text-ui-test/runtest.bat","fileType":"bat","lines":[{"lineNumber":1,"author":{"gitId":"-"},"content":"@ECHO OFF","lastModifiedDate":"2020-05-25T00:03:55","isFullCredit":false},{"lineNumber":2,"author":{"gitId":"-"},"content":"","lastModifiedDate":"2020-05-25T00:03:55","isFullCredit":false},{"lineNumber":3,"author":{"gitId":"-"},"content":"REM create bin directory if it doesn\u0027t exist","lastModifiedDate":"2020-05-25T00:03:55","isFullCredit":false},{"lineNumber":4,"author":{"gitId":"-"},"content":"if not exist ..\\bin mkdir ..\\bin","lastModifiedDate":"2020-05-25T00:03:55","isFullCredit":false},{"lineNumber":5,"author":{"gitId":"-"},"content":"","lastModifiedDate":"2020-05-25T00:03:55","isFullCredit":false},{"lineNumber":6,"author":{"gitId":"-"},"content":"REM delete output from previous run","lastModifiedDate":"2020-05-25T00:03:55","isFullCredit":false},{"lineNumber":7,"author":{"gitId":"-"},"content":"if exist ACTUAL.TXT del ACTUAL.TXT","lastModifiedDate":"2020-08-25T17:23:26","isFullCredit":false},{"lineNumber":8,"author":{"gitId":"-"},"content":"","lastModifiedDate":"2020-05-25T00:03:55","isFullCredit":false},{"lineNumber":9,"author":{"gitId":"-"},"content":"REM compile the code into the bin folder","lastModifiedDate":"2020-05-25T00:03:55","isFullCredit":false},{"lineNumber":10,"author":{"gitId":"-"},"content":"javac  -cp ..\\src\\main\\java -Xlint:none -d ..\\bin ..\\src\\main\\java\\*.java","lastModifiedDate":"2020-08-25T17:23:26","isFullCredit":false},{"lineNumber":11,"author":{"gitId":"-"},"content":"IF ERRORLEVEL 1 (","lastModifiedDate":"2020-05-25T00:03:55","isFullCredit":false},{"lineNumber":12,"author":{"gitId":"-"},"content":"    echo ********** BUILD FAILURE **********","lastModifiedDate":"2020-05-25T00:03:55","isFullCredit":false},{"lineNumber":13,"author":{"gitId":"-"},"content":"    exit /b 1","lastModifiedDate":"2020-05-25T00:03:55","isFullCredit":false},{"lineNumber":14,"author":{"gitId":"-"},"content":")","lastModifiedDate":"2020-05-25T00:03:55","isFullCredit":false},{"lineNumber":15,"author":{"gitId":"-"},"content":"REM no error here, errorlevel \u003d\u003d 0","lastModifiedDate":"2020-05-25T00:03:55","isFullCredit":false},{"lineNumber":16,"author":{"gitId":"-"},"content":"","lastModifiedDate":"2020-05-25T00:03:55","isFullCredit":false},{"lineNumber":17,"author":{"gitId":"-"},"content":"REM run the program, feed commands from input.txt file and redirect the output to the ACTUAL.TXT","lastModifiedDate":"2020-05-25T00:03:55","isFullCredit":false},{"lineNumber":18,"author":{"gitId":"darrenlhs"},"content":"java -classpath ..\\bin Shiho \u003c input.txt \u003e ACTUAL.TXT","lastModifiedDate":"2026-01-19T14:30:14","isFullCredit":false},{"lineNumber":19,"author":{"gitId":"-"},"content":"","lastModifiedDate":"2020-05-25T00:03:55","isFullCredit":false},{"lineNumber":20,"author":{"gitId":"-"},"content":"REM compare the output to the expected output","lastModifiedDate":"2020-05-25T00:03:55","isFullCredit":false},{"lineNumber":21,"author":{"gitId":"-"},"content":"FC ACTUAL.TXT EXPECTED.TXT","lastModifiedDate":"2020-05-25T00:03:55","isFullCredit":false}],"authorContributionMap":{"-":20,"darrenlhs":1}}]
