{"authorDailyContributionsMap":{"Creomeow":[{"date":"2026-01-22T00:00:00","commitResults":[{"hash":"111a163678f7ccfa4ceb165b820b4ed41d3abd21","isMergeCommit":false,"messageTitle":"Rename main class","messageBody":"","fileTypesAndContributionMap":{"java":{"insertions":17,"deletions":10}}},{"hash":"e5b10bbc2701b4da86f2947c1dd984d6e791c4cc","isMergeCommit":false,"messageTitle":"Add greeting","messageBody":"","tags":["Level-0"],"fileTypesAndContributionMap":{"java":{"insertions":7,"deletions":14}}},{"hash":"a54de9d3de968150885768ccf3b77b9692368d77","isMergeCommit":false,"messageTitle":"Add echo feature","messageBody":"","tags":["Level-1"],"fileTypesAndContributionMap":{"java":{"insertions":18,"deletions":2}}},{"hash":"e92ca7fe895d7c9bfddff4b3c650873f3bbc955d","isMergeCommit":false,"messageTitle":"Moved output to new file","messageBody":"","fileTypesAndContributionMap":{"java":{"insertions":33,"deletions":0}}},{"hash":"d534fd6afabc4618364fc58a844725830b637b9c","isMergeCommit":false,"messageTitle":"Rename variable","messageBody":"","fileTypesAndContributionMap":{"java":{"insertions":4,"deletions":4}}},{"hash":"e0099b90b23ad14931e3d8149e2b2418c966b655","isMergeCommit":false,"messageTitle":"Add chatbot constructor","messageBody":"","fileTypesAndContributionMap":{"java":{"insertions":13,"deletions":19}}},{"hash":"424e1cd7a2c190b0cb091f59cc30559ab5998973","isMergeCommit":false,"messageTitle":"Add getter function","messageBody":"","fileTypesAndContributionMap":{"java":{"insertions":4,"deletions":1}}},{"hash":"af78227372ab6e416e423aa6031d86cb7df7a4b7","isMergeCommit":false,"messageTitle":"Add addTask function","messageBody":"","fileTypesAndContributionMap":{"java":{"insertions":8,"deletions":0}}},{"hash":"93310da66f2f41e3f13d604d5d032b078128a98e","isMergeCommit":false,"messageTitle":"Add chat function","messageBody":"","tags":["Level-2"],"fileTypesAndContributionMap":{"java":{"insertions":25,"deletions":0}}},{"hash":"dcd53c774a4bd7f35aad80287dd5427fa29ce5e5","isMergeCommit":false,"messageTitle":"Add task class","messageBody":"","fileTypesAndContributionMap":{"java":{"insertions":27,"deletions":0}}},{"hash":"22e3bb6168f3271495490dc4eb264244f1c05530","isMergeCommit":false,"messageTitle":"Change ArrayList generic class","messageBody":"","fileTypesAndContributionMap":{"java":{"insertions":3,"deletions":3}}},{"hash":"be28ad7d07054ecfbb5f02e00b8fddcd38739683","isMergeCommit":false,"messageTitle":"Change ArrayList generic class","messageBody":"","fileTypesAndContributionMap":{"java":{"insertions":5,"deletions":1}}},{"hash":"2e02ede218e986c2c6659c88b5c849ec3738dfee","isMergeCommit":false,"messageTitle":"Add output for mark and unmark","messageBody":"","tags":["Level-3"],"fileTypesAndContributionMap":{"java":{"insertions":16,"deletions":0}}},{"hash":"054d0c553096b994ada6b1cb1220bd067c3bb29a","isMergeCommit":false,"messageTitle":"Add Deadline class","messageBody":"","fileTypesAndContributionMap":{"java":{"insertions":15,"deletions":0}}},{"hash":"156c17e31b83bc5520f6ab87205b571bc6c35146","isMergeCommit":false,"messageTitle":"Add Event class","messageBody":"","fileTypesAndContributionMap":{"java":{"insertions":15,"deletions":0}}},{"hash":"2eb4f066913930d757d10055ebdacb0fa100deb9","isMergeCommit":false,"messageTitle":"Add ToDo class","messageBody":"","fileTypesAndContributionMap":{"java":{"insertions":10,"deletions":0}}},{"hash":"b85cdc04558dceb6818d3a1f13bc8c29a0667e4a","isMergeCommit":false,"messageTitle":"Change addTask input variable type","messageBody":"","fileTypesAndContributionMap":{"java":{"insertions":2,"deletions":2}}},{"hash":"2f405cb1763ff4b583547e139daa96060d6eb603","isMergeCommit":false,"messageTitle":"Change output format","messageBody":"","fileTypesAndContributionMap":{"java":{"insertions":4,"deletions":2}}},{"hash":"878fcc30fefff5a88de3b9a00b4a12ba498750f2","isMergeCommit":false,"messageTitle":"Add output for Deadline, Event, ToDo classes","messageBody":"","fileTypesAndContributionMap":{"java":{"insertions":19,"deletions":2}}},{"hash":"6029ee7848e217735cfceb9238aeae0547659200","isMergeCommit":false,"messageTitle":"Change output of list","messageBody":"","tags":["Level-4"],"fileTypesAndContributionMap":{"java":{"insertions":1,"deletions":0}}}]},{"date":"2026-01-23T00:00:00","commitResults":[{"hash":"408add9d3c7a31808d7f57a9dbb4f6512d186b2a","isMergeCommit":false,"messageTitle":"Add Automated Text UI Testing","messageBody":"","fileTypesAndContributionMap":{"txt":{"insertions":18,"deletions":0},"sh":{"insertions":1,"deletions":1}}},{"hash":"485fe1ceaced3ff3e1c11e55c9e946e975ff7241","isMergeCommit":false,"messageTitle":"Fixed cause of testing failure","messageBody":"","tags":["A-TextUiTesting"],"fileTypesAndContributionMap":{"java":{"insertions":1,"deletions":1}}},{"hash":"636d11bf80d477da1753c87ea1599d69891ce0be","isMergeCommit":false,"messageTitle":"Move mark and unmark into Meowtput","messageBody":"","fileTypesAndContributionMap":{"java":{"insertions":21,"deletions":8}}},{"hash":"ad5c38801ce88f1f30fdca20c5e1f7090fd3ea03","isMergeCommit":false,"messageTitle":"Add exception class","messageBody":"","fileTypesAndContributionMap":{"java":{"insertions":5,"deletions":0}}},{"hash":"4a880e37ece86a0cb54e15e926672d12110c87cb","isMergeCommit":false,"messageTitle":"Handle new exceptions","messageBody":"","fileTypesAndContributionMap":{"java":{"insertions":60,"deletions":19}}},{"hash":"86ca3cbbd10568ba9e02949fc1b85a60619bd677","isMergeCommit":false,"messageTitle":"Change Automated tests","messageBody":"","fileTypesAndContributionMap":{"txt":{"insertions":5,"deletions":11}}},{"hash":"53d274320baf311244f34f70ff7782ce47f76eef","isMergeCommit":false,"messageTitle":"Fix bug with mark command","messageBody":"","fileTypesAndContributionMap":{"java":{"insertions":56,"deletions":60}}},{"hash":"8cf694a24629d4066b8059afffa1db326f8e59db","isMergeCommit":false,"messageTitle":"Change Automated tests","messageBody":"","fileTypesAndContributionMap":{"txt":{"insertions":2,"deletions":2}}},{"hash":"cdf3e3f075329097689a2e3195c64db27714c071","isMergeCommit":false,"messageTitle":"Remove space in exception message","messageBody":"","fileTypesAndContributionMap":{"java":{"insertions":1,"deletions":1}}},{"hash":"7472defaa9bc811552f2d5da74cc48a1c856fd80","isMergeCommit":false,"messageTitle":"Add output for deleted task","messageBody":"","fileTypesAndContributionMap":{"java":{"insertions":9,"deletions":0}}},{"hash":"67b216f5e053abd8fcebe656a774ee5b0305c217","isMergeCommit":false,"messageTitle":"Add output for deleted task","messageBody":"","fileTypesAndContributionMap":{"java":{"insertions":15,"deletions":0}}},{"hash":"0ce4f34b7d69b1d75f328f84b99e649fbd86123d","isMergeCommit":false,"messageTitle":"Change automated tests","messageBody":"","tags":["Level-6"],"fileTypesAndContributionMap":{"txt":{"insertions":2,"deletions":0}}}]},{"date":"2026-01-28T00:00:00","commitResults":[{"hash":"c282835a30bd9c0250224c06fd10431c11f9ffe7","isMergeCommit":false,"messageTitle":"Add getters to task class","messageBody":"","fileTypesAndContributionMap":{"java":{"insertions":8,"deletions":0}}},{"hash":"1b222220028af753fd898e45d4b709a29786b736","isMergeCommit":false,"messageTitle":"Add getter to deadline class","messageBody":"","fileTypesAndContributionMap":{"java":{"insertions":4,"deletions":0}}},{"hash":"06066d40b873b321e2ac3b4658d0f69e5b787116","isMergeCommit":false,"messageTitle":"Add getters to event class","messageBody":"","fileTypesAndContributionMap":{"java":{"insertions":8,"deletions":0}}},{"hash":"66b7a16b48d11a608251326bc3bd168e1a7c2711","isMergeCommit":false,"messageTitle":"Fix typo in deadline class getter","messageBody":"","fileTypesAndContributionMap":{"java":{"insertions":1,"deletions":1}}},{"hash":"c7532012ee7263ac0e63e15fea27661b1331d593","isMergeCommit":false,"messageTitle":"Add function to load tasks","messageBody":"","fileTypesAndContributionMap":{"java":{"insertions":4,"deletions":0}}},{"hash":"69ffa98728f3392e95bb8055f8addbbea053feb1","isMergeCommit":false,"messageTitle":"Add Storage for task list","messageBody":"","fileTypesAndContributionMap":{"java":{"insertions":105,"deletions":0}}},{"hash":"a9bd24062bc9fa90d0ef2993385958b4b262e3db","isMergeCommit":false,"messageTitle":"Add saving capability to meowbot","messageBody":"","fileTypesAndContributionMap":{"java":{"insertions":19,"deletions":4}}},{"hash":"81eba4e4d51cd35f6adaf84784536df72639c0cc","isMergeCommit":false,"messageTitle":"Fix saving capability in meowbot","messageBody":"","fileTypesAndContributionMap":{"java":{"insertions":4,"deletions":0}}},{"hash":"8bfa24901eafdf6b704fd305ca98d0f21e44b309","isMergeCommit":false,"messageTitle":"Fix bug in displaying empty list","messageBody":"","tags":["Level-7"],"fileTypesAndContributionMap":{"java":{"insertions":1,"deletions":0}}},{"hash":"1a09cfe9855e76c1dbffe75deacb63d825709b8a","isMergeCommit":false,"messageTitle":"Add DateTimeUtil helper","messageBody":"","fileTypesAndContributionMap":{"java":{"insertions":20,"deletions":0}}},{"hash":"87cfd1c49cca9c998f5fbf95cfa92ba8b42b23e0","isMergeCommit":false,"messageTitle":"Update deadline class variable type","messageBody":"","fileTypesAndContributionMap":{"java":{"insertions":6,"deletions":4}}},{"hash":"08ed81d237b43089afad825f663a5f841edb32ed","isMergeCommit":false,"messageTitle":"Update event class variable type","messageBody":"","fileTypesAndContributionMap":{"java":{"insertions":7,"deletions":5}}},{"hash":"84dd78464794573096ec7e8fbc43fde3f74237f6","isMergeCommit":false,"messageTitle":"Update meowbot to reflect datetime","messageBody":"","fileTypesAndContributionMap":{"java":{"insertions":14,"deletions":4}}},{"hash":"77e656f16157c7a54c7027a9e5daa20fb42be42c","isMergeCommit":false,"messageTitle":"Change output format of event start and end","messageBody":"","fileTypesAndContributionMap":{"java":{"insertions":2,"deletions":1}}},{"hash":"53c0aaed82ac844c949acf72fa16a67244fb9b22","isMergeCommit":false,"messageTitle":"Change storage of datetime","messageBody":"","fileTypesAndContributionMap":{"java":{"insertions":10,"deletions":6}}},{"hash":"3634c4bd4db108df09f3f197361a82a9b6072d4d","isMergeCommit":false,"messageTitle":"Add testcase for deadline datetime and checking saved data","messageBody":"","tags":["Level-8"],"fileTypesAndContributionMap":{"txt":{"insertions":4,"deletions":2}}}]},{"date":"2026-01-29T00:00:00","commitResults":[{"hash":"26a84a690f67bda2f8455b2ad51dc01d3efd8fa0","isMergeCommit":false,"messageTitle":"Move delete functionality into Meow","messageBody":"","fileTypesAndContributionMap":{"java":{"insertions":10,"deletions":0}}},{"hash":"4f778b78958fe48957ef4d0d85219ad077d4397f","isMergeCommit":false,"messageTitle":"Move delete functionality out of MeowBot","messageBody":"","fileTypesAndContributionMap":{"java":{"insertions":8,"deletions":7}}},{"hash":"3b452ea8c5775124ffd84c49056d0dd3dc848507","isMergeCommit":false,"messageTitle":"Add separate file to identify user commands","messageBody":"","fileTypesAndContributionMap":{"java":{"insertions":3,"deletions":0}}},{"hash":"ef53aef6a50871acc9a8dafb1846a8d2f41b4eff","isMergeCommit":false,"messageTitle":"Change file name to singular term:","messageBody":"","fileTypesAndContributionMap":{"java":{"insertions":1,"deletions":1}}},{"hash":"42e3070035faacdc6dd885c40c618134cfdd0006","isMergeCommit":false,"messageTitle":"Extract logic to create ParsedInput object","messageBody":"","fileTypesAndContributionMap":{"java":{"insertions":53,"deletions":0}}},{"hash":"5b0092c56c0e932959e24af757220ee142f30eea","isMergeCommit":false,"messageTitle":"Extract out parser logic","messageBody":"","fileTypesAndContributionMap":{"java":{"insertions":94,"deletions":0}}},{"hash":"94fc4920c512c604ce0ce52827bd96dab0f3caf5","isMergeCommit":false,"messageTitle":"Add function to get task","messageBody":"","fileTypesAndContributionMap":{"java":{"insertions":9,"deletions":0}}},{"hash":"2e456fa771beafbdfd898df57275e0c2ac5da852","isMergeCommit":false,"messageTitle":"Use new parser logic","messageBody":"","fileTypesAndContributionMap":{"java":{"insertions":52,"deletions":86}}},{"hash":"961e3a6179d57d5b8f3c12aacf3f3e5a99e28088","isMergeCommit":false,"messageTitle":"Standardise lines wrapping output","messageBody":"","fileTypesAndContributionMap":{"java":{"insertions":2,"deletions":0}}},{"hash":"87f09aba5a308715d85817e52245ccbc151150c9","isMergeCommit":false,"messageTitle":"Move all classes into new packages","messageBody":"","fileTypesAndContributionMap":{"java":{"insertions":0,"deletions":0}}},{"hash":"6aaf6e792f1a9277c40c21d365bb69c762b2483f","isMergeCommit":false,"messageTitle":"Add import statements","messageBody":"","fileTypesAndContributionMap":{"java":{"insertions":80,"deletions":24}}},{"hash":"7f903a5e7795e02e4173691cf5d398ef2c11ddc3","isMergeCommit":false,"messageTitle":"Change variable name","messageBody":"","fileTypesAndContributionMap":{"java":{"insertions":3,"deletions":3}}},{"hash":"269aa4c0c62e7f1babca356d48835cebad68aa05","isMergeCommit":false,"messageTitle":"Fix output after moving to new package","messageBody":"","fileTypesAndContributionMap":{"java":{"insertions":9,"deletions":12}}},{"hash":"b98e34081c476ed6ab5a35f33506c565fa80bc60","isMergeCommit":false,"messageTitle":"Fix output after moving to new package","messageBody":"","fileTypesAndContributionMap":{"java":{"insertions":3,"deletions":3}}},{"hash":"2f6e5369a31600ea454d998e823570144d7f01a4","isMergeCommit":false,"messageTitle":"Fix output after moving to new package","messageBody":"","fileTypesAndContributionMap":{"java":{"insertions":2,"deletions":2}}},{"hash":"3cd89b85c45342c15ed7668f941714e8d370ba10","isMergeCommit":false,"messageTitle":"Change expected output after moving to new package","messageBody":"","tags":["A-Packages"],"fileTypesAndContributionMap":{"sh":{"insertions":2,"deletions":2}}},{"hash":"6e048db422eb8eb71912a9f60e546c262eb640b9","isMergeCommit":true,"messageTitle":"merge remote-tracking branch \u0027origin/add-gradle-support\u0027","messageBody":"","tags":["A-Gradle"],"fileTypesAndContributionMap":{}},{"hash":"9b3ce0ae8b6502fc4b13dcd40017f4a3a379ace3","isMergeCommit":false,"messageTitle":"Create test directory","messageBody":"","fileTypesAndContributionMap":{"java":{"insertions":140,"deletions":0}}},{"hash":"493b89a233a0e65dc7a877ff74aae1202cde9bae","isMergeCommit":false,"messageTitle":"Add tests for DateTimeUtil class","messageBody":"","tags":["A-JUnit"],"fileTypesAndContributionMap":{"java":{"insertions":53,"deletions":0}}},{"hash":"47e4d65c767419516e01accf7d902301387a5702","isMergeCommit":false,"messageTitle":"Update gradle file to create jar","messageBody":"","tags":["A-Jar"],"fileTypesAndContributionMap":{"gradle":{"insertions":1,"deletions":1}}}]},{"date":"2026-02-02T00:00:00","commitResults":[{"hash":"c10fb9c315439e119815d124c0b98c4232ee5cdf","isMergeCommit":false,"messageTitle":"Add header comments","messageBody":"","fileTypesAndContributionMap":{"java":{"insertions":17,"deletions":0}}},{"hash":"57054f9a292ad11a8dcd358df9bf040c2b3c17cf","isMergeCommit":false,"messageTitle":"Add space between comment and code","messageBody":"","fileTypesAndContributionMap":{"java":{"insertions":1,"deletions":0}}},{"hash":"42d14cfc705f844eeaf2206eaaa5c6ea14d37e6d","isMergeCommit":false,"messageTitle":"Add header comments","messageBody":"","fileTypesAndContributionMap":{"java":{"insertions":38,"deletions":0}}},{"hash":"226338fb42c17bc184a4642419a2d007d720549e","isMergeCommit":false,"messageTitle":"Add header comments","messageBody":"","fileTypesAndContributionMap":{"java":{"insertions":2,"deletions":2}}},{"hash":"728c40e2886132bd6ebd7d13248609adf48da982","isMergeCommit":false,"messageTitle":"Add header comments","messageBody":"","fileTypesAndContributionMap":{"java":{"insertions":20,"deletions":0}}},{"hash":"62e320e64e273e4ea2c5d25d8f50d4fd5ea1ba49","isMergeCommit":false,"messageTitle":"Add header comments","messageBody":"","fileTypesAndContributionMap":{"java":{"insertions":1,"deletions":1}}},{"hash":"26cdebc29bc72cab6ef2b035b9ec3a7b092125ea","isMergeCommit":false,"messageTitle":"Add header comments","messageBody":"","tags":["A-JavaDoc"],"fileTypesAndContributionMap":{"java":{"insertions":16,"deletions":0}}},{"hash":"8f5c465304482cc7053af22ed319a3048609d9f8","isMergeCommit":false,"messageTitle":"Modify to fit coding standard","messageBody":"","fileTypesAndContributionMap":{"java":{"insertions":7,"deletions":2}}},{"hash":"ea6456fb98e2fbfbd824dcea6ed6928186a3bc04","isMergeCommit":false,"messageTitle":"Modify to fit coding standard","messageBody":"","fileTypesAndContributionMap":{"java":{"insertions":51,"deletions":0}}},{"hash":"828ae879e1fc97c876458c0993d82ad90fb1fd05","isMergeCommit":false,"messageTitle":"Modify to fit coding standard","messageBody":"","fileTypesAndContributionMap":{"java":{"insertions":56,"deletions":2}}},{"hash":"0232aea2e60476ea54148e269a639e52cbbbef7f","isMergeCommit":false,"messageTitle":"Modify to fit coding standard","messageBody":"","fileTypesAndContributionMap":{"java":{"insertions":1,"deletions":1}}},{"hash":"cc94f9233f179f22a8e0ed9e339d1d78e8732a26","isMergeCommit":false,"messageTitle":"Modify to fit coding standard","messageBody":"","fileTypesAndContributionMap":{"java":{"insertions":61,"deletions":22}}},{"hash":"30849215e5a2f8d1c8c11af2535e591c8c4d7bd1","isMergeCommit":false,"messageTitle":"Modify to fit coding standard","messageBody":"","fileTypesAndContributionMap":{"java":{"insertions":47,"deletions":7}}},{"hash":"a932ef9507f561de655a123b7e2f7e0f15996916","isMergeCommit":false,"messageTitle":"Modify to fit coding standard","messageBody":"","fileTypesAndContributionMap":{"java":{"insertions":76,"deletions":23}}},{"hash":"81ec3dbbcb71b5ab67d78495d68d0937bab33c7a","isMergeCommit":false,"messageTitle":"Modify to fit coding standard","messageBody":"","fileTypesAndContributionMap":{"java":{"insertions":22,"deletions":1}}},{"hash":"1e1741c21fba559ad573b1168a72d5db8dd4ee75","isMergeCommit":false,"messageTitle":"Modify to fit coding standard","messageBody":"","fileTypesAndContributionMap":{"java":{"insertions":93,"deletions":69}}},{"hash":"a26c2b7ef4fb3302e7f5722016fde4b566d79c2a","isMergeCommit":false,"messageTitle":"Modify to fit coding standard","messageBody":"","fileTypesAndContributionMap":{"java":{"insertions":9,"deletions":9}}},{"hash":"d095ff36fcb9cd91559235d7ca9ef0276679cd3b","isMergeCommit":true,"messageTitle":"Merge branch \u0027branch-A-CodingStandard\u0027","messageBody":"","tags":["A-CodingStandard"],"fileTypesAndContributionMap":{}},{"hash":"79a11530d86ed21b36dc8039e6dd0923da4efcc7","isMergeCommit":false,"messageTitle":"Add find command word","messageBody":"","fileTypesAndContributionMap":{"java":{"insertions":1,"deletions":1}}},{"hash":"8e0fa9a1f9a27ff4db84abd8d93114f703d46b67","isMergeCommit":false,"messageTitle":"Add method to parse find input","messageBody":"","fileTypesAndContributionMap":{"java":{"insertions":4,"deletions":0}}},{"hash":"f11ef37d79621d753db6b744db2c33a93760eb3e","isMergeCommit":false,"messageTitle":"Add method to return find ParsedInput object","messageBody":"","fileTypesAndContributionMap":{"java":{"insertions":6,"deletions":0}}},{"hash":"3c100fb9bb0864839708365bae6601c5478a94b7","isMergeCommit":false,"messageTitle":"Add method to retrieve matching tasks","messageBody":"","fileTypesAndContributionMap":{"java":{"insertions":20,"deletions":0}}},{"hash":"cc2017aa65d6db19a24450c68c238ed5282cc6a7","isMergeCommit":false,"messageTitle":"Add method to retrieve matching tasks","messageBody":"","fileTypesAndContributionMap":{"java":{"insertions":1,"deletions":1}}},{"hash":"4bf279d57c3c01e164505c7b86fd6fd841752573","isMergeCommit":false,"messageTitle":"Add method to display matching tasks","messageBody":"","fileTypesAndContributionMap":{"java":{"insertions":22,"deletions":0}}},{"hash":"c5d140d4e871b5e0e94e4525979b1f5354ec48ee","isMergeCommit":false,"messageTitle":"Add logic to trigger task finding","messageBody":"","fileTypesAndContributionMap":{"java":{"insertions":6,"deletions":0}}},{"hash":"89d27ef86f9fae04c575d6f83dc0f555e7d3f5d0","isMergeCommit":false,"messageTitle":"Modify import statements to meet coding standard","messageBody":"","fileTypesAndContributionMap":{"java":{"insertions":5,"deletions":4}}},{"hash":"d19456a5800343d475bf65634d43ca29558832be","isMergeCommit":false,"messageTitle":"Modify import statements to meet coding standard","messageBody":"","fileTypesAndContributionMap":{"java":{"insertions":4,"deletions":3}}},{"hash":"5996122448dfbdb86ec35a6607a898e8db275302","isMergeCommit":false,"messageTitle":"Add testcases for find function","messageBody":"","fileTypesAndContributionMap":{"java":{"insertions":13,"deletions":0}}},{"hash":"986fc8a45a866e5e5e9075ebcff5aebeed981fe1","isMergeCommit":false,"messageTitle":"Modify to fit coding standard","messageBody":"","fileTypesAndContributionMap":{"java":{"insertions":2,"deletions":1}}},{"hash":"b3fa11e005cce53a4da061b978fdd603472fcd20","isMergeCommit":false,"messageTitle":"Add testcases for find function","messageBody":"","tags":["Level-9"],"fileTypesAndContributionMap":{"java":{"insertions":37,"deletions":0}}}]},{"date":"2026-02-06T00:00:00","commitResults":[{"hash":"8b7108f4576feeab53036628b195de9482fcc508","isMergeCommit":false,"messageTitle":"Add dependencies for JavaFX","messageBody":"","fileTypesAndContributionMap":{"gradle":{"insertions":16,"deletions":1}}},{"hash":"2563d5ca9772e61f3a0748ed3c84373b8bb9b7a7","isMergeCommit":false,"messageTitle":"Add changes for GUI","messageBody":"","fileTypesAndContributionMap":{"java":{"insertions":7,"deletions":7}}},{"hash":"a8f41a43d94eb6c5b76c06455b7b3ba0090e143f","isMergeCommit":false,"messageTitle":"Add changes for GUI","messageBody":"","fileTypesAndContributionMap":{"java":{"insertions":4,"deletions":0}}},{"hash":"df15d1ee7567e3e537bffb889080385bcd0678a7","isMergeCommit":false,"messageTitle":"Add changes for GUI","messageBody":"","fileTypesAndContributionMap":{"java":{"insertions":62,"deletions":111}}},{"hash":"0881713f541491f0bc4d38aa6c964046eed8954c","isMergeCommit":false,"messageTitle":"Add changes for GUI","messageBody":"","fileTypesAndContributionMap":{"java":{"insertions":55,"deletions":124}}},{"hash":"2955a8397ede159f00c7c444932146ee81b9429a","isMergeCommit":false,"messageTitle":"Add changes for GUI","messageBody":"","fileTypesAndContributionMap":{"java":{"insertions":63,"deletions":0}}},{"hash":"7533f204c53f341bf62d15445ea5f385dd9bbe6b","isMergeCommit":false,"messageTitle":"Add changes for GUI","messageBody":"","fileTypesAndContributionMap":{"java":{"insertions":14,"deletions":0}}},{"hash":"9007539bade74c89b2898862640f1c5b8c95db5d","isMergeCommit":false,"messageTitle":"Add changes for GUI","messageBody":"","fileTypesAndContributionMap":{"java":{"insertions":32,"deletions":0}}},{"hash":"4cddff51d77a8e52d9291c0a56da0201d96332eb","isMergeCommit":false,"messageTitle":"Add changes for GUI","messageBody":"","fileTypesAndContributionMap":{"java":{"insertions":58,"deletions":0}}},{"hash":"0db2806b1bf51233ea157a82eb115711a5f8819e","isMergeCommit":false,"messageTitle":"Add changes for GUI","messageBody":"","tags":["Level-10"],"fileTypesAndContributionMap":{"fxml":{"insertions":66,"deletions":0}}}]}]},"authorFileTypeContributionMap":{"Creomeow":{"java":1262,"md":0,"fxml":66,"sh":2,"bat":0,"gradle":17,"txt":16}},"authorContributionVariance":{"Creomeow":48167.41},"authorDisplayNameMap":{"Creomeow":"CS2103T-W13-1 RYAN..XUAN"}}
