[{"path":"src/main/java/patrick/Patrick.java","fileType":"java","lines":[{"lineNumber":1,"author":{"gitId":"tohyzhong"},"content":"package patrick;","lastModifiedDate":"2026-01-23T00:41:45","isFullCredit":false},{"lineNumber":2,"author":{"gitId":"tohyzhong"},"content":"","lastModifiedDate":"2026-01-23T00:41:45","isFullCredit":false},{"lineNumber":3,"author":{"gitId":"tohyzhong"},"content":"import patrick.command.Command;","lastModifiedDate":"2026-01-23T00:41:45","isFullCredit":false},{"lineNumber":4,"author":{"gitId":"tohyzhong"},"content":"import patrick.exceptions.InvalidParameterException;","lastModifiedDate":"2026-01-23T00:41:45","isFullCredit":false},{"lineNumber":5,"author":{"gitId":"tohyzhong"},"content":"import patrick.exceptions.PatrickException;","lastModifiedDate":"2026-01-23T00:41:45","isFullCredit":false},{"lineNumber":6,"author":{"gitId":"tohyzhong"},"content":"import patrick.tasks.TaskList;","lastModifiedDate":"2026-01-23T00:41:45","isFullCredit":false},{"lineNumber":7,"author":{"gitId":"tohyzhong"},"content":"","lastModifiedDate":"2026-01-23T00:41:45","isFullCredit":false},{"lineNumber":8,"author":{"gitId":"tohyzhong"},"content":"public class Patrick {","lastModifiedDate":"2026-01-23T00:41:45","isFullCredit":false},{"lineNumber":9,"author":{"gitId":"tohyzhong"},"content":"    private TaskList tasks;","lastModifiedDate":"2026-01-23T00:41:45","isFullCredit":false},{"lineNumber":10,"author":{"gitId":"tohyzhong"},"content":"    private Ui ui;","lastModifiedDate":"2026-01-23T00:41:45","isFullCredit":false},{"lineNumber":11,"author":{"gitId":"tohyzhong"},"content":"","lastModifiedDate":"2026-01-23T00:41:45","isFullCredit":false},{"lineNumber":12,"author":{"gitId":"tohyzhong"},"content":"    public Patrick() {","lastModifiedDate":"2026-01-23T00:41:45","isFullCredit":false},{"lineNumber":13,"author":{"gitId":"tohyzhong"},"content":"        this.tasks \u003d new TaskList();","lastModifiedDate":"2026-01-23T00:41:45","isFullCredit":false},{"lineNumber":14,"author":{"gitId":"tohyzhong"},"content":"        this.ui \u003d new Ui();","lastModifiedDate":"2026-01-23T00:41:45","isFullCredit":false},{"lineNumber":15,"author":{"gitId":"tohyzhong"},"content":"    }","lastModifiedDate":"2026-01-23T00:41:45","isFullCredit":false},{"lineNumber":16,"author":{"gitId":"tohyzhong"},"content":"","lastModifiedDate":"2026-01-23T00:41:45","isFullCredit":false},{"lineNumber":17,"author":{"gitId":"tohyzhong"},"content":"    public void run() {","lastModifiedDate":"2026-01-23T00:41:45","isFullCredit":false},{"lineNumber":18,"author":{"gitId":"tohyzhong"},"content":"        this.ui.displayWelcomeMessage();","lastModifiedDate":"2026-01-23T00:41:45","isFullCredit":false},{"lineNumber":19,"author":{"gitId":"tohyzhong"},"content":"        boolean isExit \u003d false;","lastModifiedDate":"2026-01-23T00:41:45","isFullCredit":false},{"lineNumber":20,"author":{"gitId":"tohyzhong"},"content":"","lastModifiedDate":"2026-01-23T00:41:45","isFullCredit":false},{"lineNumber":21,"author":{"gitId":"tohyzhong"},"content":"        while (!isExit) {","lastModifiedDate":"2026-01-23T00:41:45","isFullCredit":false},{"lineNumber":22,"author":{"gitId":"tohyzhong"},"content":"            try {","lastModifiedDate":"2026-01-23T00:41:45","isFullCredit":false},{"lineNumber":23,"author":{"gitId":"tohyzhong"},"content":"                String userInput \u003d this.ui.readInput();","lastModifiedDate":"2026-01-25T19:30:29","isFullCredit":false},{"lineNumber":24,"author":{"gitId":"tohyzhong"},"content":"                Command cmd \u003d Command.getCommand(userInput);","lastModifiedDate":"2026-01-23T00:41:45","isFullCredit":false},{"lineNumber":25,"author":{"gitId":"tohyzhong"},"content":"                cmd.execute(this.tasks, this.ui, userInput);","lastModifiedDate":"2026-01-23T00:41:45","isFullCredit":false},{"lineNumber":26,"author":{"gitId":"tohyzhong"},"content":"                isExit \u003d cmd \u003d\u003d Command.BYE;","lastModifiedDate":"2026-01-23T00:41:45","isFullCredit":false},{"lineNumber":27,"author":{"gitId":"tohyzhong"},"content":"            } catch (InvalidParameterException err) {","lastModifiedDate":"2026-01-23T00:41:45","isFullCredit":false},{"lineNumber":28,"author":{"gitId":"tohyzhong"},"content":"                this.ui.displayParamError(err.getMessage());","lastModifiedDate":"2026-01-23T00:41:45","isFullCredit":false},{"lineNumber":29,"author":{"gitId":"tohyzhong"},"content":"            } catch (PatrickException err) {","lastModifiedDate":"2026-01-23T00:41:45","isFullCredit":false},{"lineNumber":30,"author":{"gitId":"tohyzhong"},"content":"                this.ui.displayError(err.getMessage());","lastModifiedDate":"2026-01-23T00:41:45","isFullCredit":false},{"lineNumber":31,"author":{"gitId":"tohyzhong"},"content":"            }","lastModifiedDate":"2026-01-23T00:41:45","isFullCredit":false},{"lineNumber":32,"author":{"gitId":"tohyzhong"},"content":"        }","lastModifiedDate":"2026-01-23T00:41:45","isFullCredit":false},{"lineNumber":33,"author":{"gitId":"tohyzhong"},"content":"","lastModifiedDate":"2026-01-23T00:41:45","isFullCredit":false},{"lineNumber":34,"author":{"gitId":"tohyzhong"},"content":"        this.ui.endUi();","lastModifiedDate":"2026-01-23T00:41:45","isFullCredit":false},{"lineNumber":35,"author":{"gitId":"tohyzhong"},"content":"    }","lastModifiedDate":"2026-01-23T00:41:45","isFullCredit":false},{"lineNumber":36,"author":{"gitId":"tohyzhong"},"content":"","lastModifiedDate":"2026-01-23T00:41:45","isFullCredit":false},{"lineNumber":37,"author":{"gitId":"tohyzhong"},"content":"    public static void main(String[] args) {","lastModifiedDate":"2026-01-23T00:41:45","isFullCredit":false},{"lineNumber":38,"author":{"gitId":"tohyzhong"},"content":"        Patrick bot \u003d new Patrick();","lastModifiedDate":"2026-01-23T00:41:45","isFullCredit":false},{"lineNumber":39,"author":{"gitId":"tohyzhong"},"content":"        bot.run();","lastModifiedDate":"2026-01-23T00:41:45","isFullCredit":false},{"lineNumber":40,"author":{"gitId":"tohyzhong"},"content":"    }","lastModifiedDate":"2026-01-23T00:41:45","isFullCredit":false},{"lineNumber":41,"author":{"gitId":"tohyzhong"},"content":"","lastModifiedDate":"2026-01-23T00:41:45","isFullCredit":false},{"lineNumber":42,"author":{"gitId":"tohyzhong"},"content":"}","lastModifiedDate":"2026-01-23T00:41:45","isFullCredit":false}],"authorContributionMap":{"tohyzhong":42}},{"path":"src/main/java/patrick/Ui.java","fileType":"java","lines":[{"lineNumber":1,"author":{"gitId":"tohyzhong"},"content":"package patrick;","lastModifiedDate":"2026-01-23T00:41:45","isFullCredit":false},{"lineNumber":2,"author":{"gitId":"tohyzhong"},"content":"","lastModifiedDate":"2026-01-23T00:41:45","isFullCredit":false},{"lineNumber":3,"author":{"gitId":"tohyzhong"},"content":"import java.util.Scanner;","lastModifiedDate":"2026-01-23T00:41:45","isFullCredit":false},{"lineNumber":4,"author":{"gitId":"tohyzhong"},"content":"","lastModifiedDate":"2026-01-23T00:41:45","isFullCredit":false},{"lineNumber":5,"author":{"gitId":"tohyzhong"},"content":"public class Ui {","lastModifiedDate":"2026-01-23T00:41:45","isFullCredit":false},{"lineNumber":6,"author":{"gitId":"tohyzhong"},"content":"    private static final String HORIZONTAL_LINE \u003d \"\\t____________________________________________________________\";","lastModifiedDate":"2026-01-23T00:41:45","isFullCredit":false},{"lineNumber":7,"author":{"gitId":"tohyzhong"},"content":"    private static final String BOT_NAME \u003d \"P4Tr1CK\";","lastModifiedDate":"2026-01-23T00:41:45","isFullCredit":false},{"lineNumber":8,"author":{"gitId":"tohyzhong"},"content":"    private Scanner scanner;","lastModifiedDate":"2026-01-23T00:41:45","isFullCredit":false},{"lineNumber":9,"author":{"gitId":"tohyzhong"},"content":"","lastModifiedDate":"2026-01-23T00:41:45","isFullCredit":false},{"lineNumber":10,"author":{"gitId":"tohyzhong"},"content":"    public Ui() {","lastModifiedDate":"2026-01-23T00:41:45","isFullCredit":false},{"lineNumber":11,"author":{"gitId":"tohyzhong"},"content":"        this.scanner \u003d new Scanner(System.in);","lastModifiedDate":"2026-01-23T00:41:45","isFullCredit":false},{"lineNumber":12,"author":{"gitId":"tohyzhong"},"content":"    }","lastModifiedDate":"2026-01-23T00:41:45","isFullCredit":false},{"lineNumber":13,"author":{"gitId":"tohyzhong"},"content":"","lastModifiedDate":"2026-01-23T00:41:45","isFullCredit":false},{"lineNumber":14,"author":{"gitId":"tohyzhong"},"content":"    public void display(String str) {","lastModifiedDate":"2026-01-23T00:41:45","isFullCredit":false},{"lineNumber":15,"author":{"gitId":"tohyzhong"},"content":"        System.out.println(Ui.HORIZONTAL_LINE);","lastModifiedDate":"2026-01-23T00:41:45","isFullCredit":false},{"lineNumber":16,"author":{"gitId":"tohyzhong"},"content":"        str \u003d str.replace(\"\\n\", \"\\n\\t\");","lastModifiedDate":"2026-01-23T00:41:45","isFullCredit":false},{"lineNumber":17,"author":{"gitId":"tohyzhong"},"content":"        System.out.println(\"\\t\" + str);","lastModifiedDate":"2026-01-23T00:41:45","isFullCredit":false},{"lineNumber":18,"author":{"gitId":"tohyzhong"},"content":"        System.out.println(Ui.HORIZONTAL_LINE);","lastModifiedDate":"2026-01-23T00:41:45","isFullCredit":false},{"lineNumber":19,"author":{"gitId":"tohyzhong"},"content":"    }","lastModifiedDate":"2026-01-23T00:41:45","isFullCredit":false},{"lineNumber":20,"author":{"gitId":"tohyzhong"},"content":"","lastModifiedDate":"2026-01-23T00:41:45","isFullCredit":false},{"lineNumber":21,"author":{"gitId":"tohyzhong"},"content":"    public void displayWelcomeMessage() {","lastModifiedDate":"2026-01-23T00:41:45","isFullCredit":false},{"lineNumber":22,"author":{"gitId":"tohyzhong"},"content":"        this.display(String.format(\"Hello! I\u0027m %s.\\nWhat can I do for you?\", Ui.BOT_NAME));","lastModifiedDate":"2026-01-23T00:41:45","isFullCredit":false},{"lineNumber":23,"author":{"gitId":"tohyzhong"},"content":"    }","lastModifiedDate":"2026-01-23T00:41:45","isFullCredit":false},{"lineNumber":24,"author":{"gitId":"tohyzhong"},"content":"","lastModifiedDate":"2026-01-23T00:41:45","isFullCredit":false},{"lineNumber":25,"author":{"gitId":"tohyzhong"},"content":"    public void endUi() {","lastModifiedDate":"2026-01-23T00:41:45","isFullCredit":false},{"lineNumber":26,"author":{"gitId":"tohyzhong"},"content":"        this.display(\"Bye. Hope to see you again soon!\");","lastModifiedDate":"2026-01-23T00:41:45","isFullCredit":false},{"lineNumber":27,"author":{"gitId":"tohyzhong"},"content":"        this.scanner.close();","lastModifiedDate":"2026-01-23T00:41:45","isFullCredit":false},{"lineNumber":28,"author":{"gitId":"tohyzhong"},"content":"    }","lastModifiedDate":"2026-01-23T00:41:45","isFullCredit":false},{"lineNumber":29,"author":{"gitId":"tohyzhong"},"content":"","lastModifiedDate":"2026-01-23T00:41:45","isFullCredit":false},{"lineNumber":30,"author":{"gitId":"tohyzhong"},"content":"    public String readInput() {","lastModifiedDate":"2026-01-23T00:41:45","isFullCredit":false},{"lineNumber":31,"author":{"gitId":"tohyzhong"},"content":"        System.out.print(\"\\nEnter a command or task to add: \");","lastModifiedDate":"2026-01-23T00:41:45","isFullCredit":false},{"lineNumber":32,"author":{"gitId":"tohyzhong"},"content":"        String userInput \u003d this.scanner.nextLine();","lastModifiedDate":"2026-01-23T00:47:42","isFullCredit":false},{"lineNumber":33,"author":{"gitId":"tohyzhong"},"content":"        System.out.println();","lastModifiedDate":"2026-01-23T00:47:42","isFullCredit":false},{"lineNumber":34,"author":{"gitId":"tohyzhong"},"content":"","lastModifiedDate":"2026-01-23T00:47:42","isFullCredit":false},{"lineNumber":35,"author":{"gitId":"tohyzhong"},"content":"        return userInput;","lastModifiedDate":"2026-01-23T00:47:42","isFullCredit":false},{"lineNumber":36,"author":{"gitId":"tohyzhong"},"content":"    }","lastModifiedDate":"2026-01-23T00:41:45","isFullCredit":false},{"lineNumber":37,"author":{"gitId":"tohyzhong"},"content":"","lastModifiedDate":"2026-01-23T00:41:45","isFullCredit":false},{"lineNumber":38,"author":{"gitId":"tohyzhong"},"content":"    public void displayError(String error) {","lastModifiedDate":"2026-01-23T00:41:45","isFullCredit":false},{"lineNumber":39,"author":{"gitId":"tohyzhong"},"content":"        this.display(\"ERROR! \" + error);","lastModifiedDate":"2026-01-25T19:30:29","isFullCredit":false},{"lineNumber":40,"author":{"gitId":"tohyzhong"},"content":"    }","lastModifiedDate":"2026-01-23T00:41:45","isFullCredit":false},{"lineNumber":41,"author":{"gitId":"tohyzhong"},"content":"","lastModifiedDate":"2026-01-23T00:41:45","isFullCredit":false},{"lineNumber":42,"author":{"gitId":"tohyzhong"},"content":"    public void displayParamError(String error) {","lastModifiedDate":"2026-01-23T00:41:45","isFullCredit":false},{"lineNumber":43,"author":{"gitId":"tohyzhong"},"content":"        this.display(\"Parameter Failure! \" + error);","lastModifiedDate":"2026-01-25T19:30:29","isFullCredit":false},{"lineNumber":44,"author":{"gitId":"tohyzhong"},"content":"    }","lastModifiedDate":"2026-01-23T00:41:45","isFullCredit":false},{"lineNumber":45,"author":{"gitId":"tohyzhong"},"content":"}","lastModifiedDate":"2026-01-23T00:41:45","isFullCredit":false}],"authorContributionMap":{"tohyzhong":45}},{"path":"src/main/java/patrick/command/Command.java","fileType":"java","lines":[{"lineNumber":1,"author":{"gitId":"tohyzhong"},"content":"package patrick.command;","lastModifiedDate":"2026-01-23T00:41:45","isFullCredit":false},{"lineNumber":2,"author":{"gitId":"tohyzhong"},"content":"","lastModifiedDate":"2026-01-23T00:41:45","isFullCredit":false},{"lineNumber":3,"author":{"gitId":"tohyzhong"},"content":"import patrick.Ui;","lastModifiedDate":"2026-01-23T00:41:45","isFullCredit":false},{"lineNumber":4,"author":{"gitId":"tohyzhong"},"content":"import patrick.exceptions.PatrickException;","lastModifiedDate":"2026-01-23T00:41:45","isFullCredit":false},{"lineNumber":5,"author":{"gitId":"tohyzhong"},"content":"import patrick.tasks.TaskList;","lastModifiedDate":"2026-01-23T00:41:45","isFullCredit":false},{"lineNumber":6,"author":{"gitId":"tohyzhong"},"content":"","lastModifiedDate":"2026-01-23T00:41:45","isFullCredit":false},{"lineNumber":7,"author":{"gitId":"tohyzhong"},"content":"public enum Command {","lastModifiedDate":"2026-01-23T00:41:45","isFullCredit":false},{"lineNumber":8,"author":{"gitId":"tohyzhong"},"content":"    BYE,","lastModifiedDate":"2026-01-23T00:41:45","isFullCredit":false},{"lineNumber":9,"author":{"gitId":"tohyzhong"},"content":"    LIST,","lastModifiedDate":"2026-01-23T00:41:45","isFullCredit":false},{"lineNumber":10,"author":{"gitId":"tohyzhong"},"content":"    ERROR,","lastModifiedDate":"2026-01-23T00:41:45","isFullCredit":false},{"lineNumber":11,"author":{"gitId":"tohyzhong"},"content":"    MARK,","lastModifiedDate":"2026-01-23T00:41:45","isFullCredit":false},{"lineNumber":12,"author":{"gitId":"tohyzhong"},"content":"    UNMARK,","lastModifiedDate":"2026-01-23T00:41:45","isFullCredit":false},{"lineNumber":13,"author":{"gitId":"tohyzhong"},"content":"    TODO,","lastModifiedDate":"2026-01-23T00:41:45","isFullCredit":false},{"lineNumber":14,"author":{"gitId":"tohyzhong"},"content":"    DEADLINE,","lastModifiedDate":"2026-01-23T00:41:45","isFullCredit":false},{"lineNumber":15,"author":{"gitId":"tohyzhong"},"content":"    EVENT,","lastModifiedDate":"2026-01-23T00:41:45","isFullCredit":false},{"lineNumber":16,"author":{"gitId":"tohyzhong"},"content":"    DELETE;","lastModifiedDate":"2026-01-23T00:41:45","isFullCredit":false},{"lineNumber":17,"author":{"gitId":"tohyzhong"},"content":"","lastModifiedDate":"2026-01-23T00:41:45","isFullCredit":false},{"lineNumber":18,"author":{"gitId":"tohyzhong"},"content":"    public static Command getCommand(String userInput) {","lastModifiedDate":"2026-01-23T00:41:45","isFullCredit":false},{"lineNumber":19,"author":{"gitId":"tohyzhong"},"content":"        try {","lastModifiedDate":"2026-01-23T00:41:45","isFullCredit":false},{"lineNumber":20,"author":{"gitId":"tohyzhong"},"content":"            return Command.valueOf(userInput.split(\" \")[0].toUpperCase());","lastModifiedDate":"2026-01-23T00:41:45","isFullCredit":false},{"lineNumber":21,"author":{"gitId":"tohyzhong"},"content":"        } catch (IllegalArgumentException err) {","lastModifiedDate":"2026-01-23T00:41:45","isFullCredit":false},{"lineNumber":22,"author":{"gitId":"tohyzhong"},"content":"            return ERROR;","lastModifiedDate":"2026-01-23T00:41:45","isFullCredit":false},{"lineNumber":23,"author":{"gitId":"tohyzhong"},"content":"        }","lastModifiedDate":"2026-01-23T00:41:45","isFullCredit":false},{"lineNumber":24,"author":{"gitId":"tohyzhong"},"content":"    }","lastModifiedDate":"2026-01-23T00:41:45","isFullCredit":false},{"lineNumber":25,"author":{"gitId":"tohyzhong"},"content":"","lastModifiedDate":"2026-01-23T00:41:45","isFullCredit":false},{"lineNumber":26,"author":{"gitId":"tohyzhong"},"content":"    public void execute(TaskList tasks, Ui ui, String userInput) throws PatrickException {","lastModifiedDate":"2026-01-23T00:41:45","isFullCredit":false},{"lineNumber":27,"author":{"gitId":"tohyzhong"},"content":"        switch (this) {","lastModifiedDate":"2026-01-23T00:41:45","isFullCredit":false},{"lineNumber":28,"author":{"gitId":"tohyzhong"},"content":"        case BYE:","lastModifiedDate":"2026-01-23T00:41:45","isFullCredit":false},{"lineNumber":29,"author":{"gitId":"tohyzhong"},"content":"            break;","lastModifiedDate":"2026-01-23T00:41:45","isFullCredit":false},{"lineNumber":30,"author":{"gitId":"tohyzhong"},"content":"        case LIST:","lastModifiedDate":"2026-01-23T00:41:45","isFullCredit":false},{"lineNumber":31,"author":{"gitId":"tohyzhong"},"content":"            ListCommand.execute(tasks, ui, userInput);","lastModifiedDate":"2026-01-25T19:30:29","isFullCredit":false},{"lineNumber":32,"author":{"gitId":"tohyzhong"},"content":"            ListCommand.execute(tasks, ui, userInput);","lastModifiedDate":"2026-01-23T00:41:45","isFullCredit":false},{"lineNumber":33,"author":{"gitId":"tohyzhong"},"content":"            break;","lastModifiedDate":"2026-01-23T00:41:45","isFullCredit":false},{"lineNumber":34,"author":{"gitId":"tohyzhong"},"content":"        case ERROR:","lastModifiedDate":"2026-01-23T00:41:45","isFullCredit":false},{"lineNumber":35,"author":{"gitId":"tohyzhong"},"content":"            throw new PatrickException(\"Unknown command :((\");","lastModifiedDate":"2026-01-23T00:41:45","isFullCredit":false},{"lineNumber":36,"author":{"gitId":"tohyzhong"},"content":"        case MARK:","lastModifiedDate":"2026-01-23T00:41:45","isFullCredit":false},{"lineNumber":37,"author":{"gitId":"tohyzhong"},"content":"            MarkCommand.execute(tasks, ui, userInput);","lastModifiedDate":"2026-01-23T00:41:45","isFullCredit":false},{"lineNumber":38,"author":{"gitId":"tohyzhong"},"content":"            break;","lastModifiedDate":"2026-01-23T00:41:45","isFullCredit":false},{"lineNumber":39,"author":{"gitId":"tohyzhong"},"content":"        case UNMARK:","lastModifiedDate":"2026-01-23T00:41:45","isFullCredit":false},{"lineNumber":40,"author":{"gitId":"tohyzhong"},"content":"            UnmarkCommand.execute(tasks, ui, userInput);","lastModifiedDate":"2026-01-23T00:41:45","isFullCredit":false},{"lineNumber":41,"author":{"gitId":"tohyzhong"},"content":"            break;","lastModifiedDate":"2026-01-23T00:41:45","isFullCredit":false},{"lineNumber":42,"author":{"gitId":"tohyzhong"},"content":"        case TODO:","lastModifiedDate":"2026-01-23T00:41:45","isFullCredit":false},{"lineNumber":43,"author":{"gitId":"tohyzhong"},"content":"            ToDoCommand.execute(tasks, ui, userInput);","lastModifiedDate":"2026-01-23T00:41:45","isFullCredit":false},{"lineNumber":44,"author":{"gitId":"tohyzhong"},"content":"            break;","lastModifiedDate":"2026-01-23T00:41:45","isFullCredit":false},{"lineNumber":45,"author":{"gitId":"tohyzhong"},"content":"        case DEADLINE:","lastModifiedDate":"2026-01-23T00:41:45","isFullCredit":false},{"lineNumber":46,"author":{"gitId":"tohyzhong"},"content":"            DeadlineCommand.execute(tasks, ui, userInput);","lastModifiedDate":"2026-01-23T00:41:45","isFullCredit":false},{"lineNumber":47,"author":{"gitId":"tohyzhong"},"content":"            break;","lastModifiedDate":"2026-01-23T00:41:45","isFullCredit":false},{"lineNumber":48,"author":{"gitId":"tohyzhong"},"content":"        case EVENT:","lastModifiedDate":"2026-01-23T00:41:45","isFullCredit":false},{"lineNumber":49,"author":{"gitId":"tohyzhong"},"content":"            EventCommand.execute(tasks, ui, userInput);","lastModifiedDate":"2026-01-23T00:41:45","isFullCredit":false},{"lineNumber":50,"author":{"gitId":"tohyzhong"},"content":"            break;","lastModifiedDate":"2026-01-23T00:41:45","isFullCredit":false},{"lineNumber":51,"author":{"gitId":"tohyzhong"},"content":"        case DELETE:","lastModifiedDate":"2026-01-23T00:41:45","isFullCredit":false},{"lineNumber":52,"author":{"gitId":"tohyzhong"},"content":"            DeleteCommand.execute(tasks, ui, userInput);","lastModifiedDate":"2026-01-23T00:41:45","isFullCredit":false},{"lineNumber":53,"author":{"gitId":"tohyzhong"},"content":"            break;","lastModifiedDate":"2026-01-23T00:41:45","isFullCredit":false},{"lineNumber":54,"author":{"gitId":"tohyzhong"},"content":"        }","lastModifiedDate":"2026-01-23T00:41:45","isFullCredit":false},{"lineNumber":55,"author":{"gitId":"tohyzhong"},"content":"    }","lastModifiedDate":"2026-01-23T00:41:45","isFullCredit":false},{"lineNumber":56,"author":{"gitId":"tohyzhong"},"content":"}","lastModifiedDate":"2026-01-23T00:41:45","isFullCredit":false}],"authorContributionMap":{"tohyzhong":56}},{"path":"src/main/java/patrick/command/DeadlineCommand.java","fileType":"java","lines":[{"lineNumber":1,"author":{"gitId":"tohyzhong"},"content":"package patrick.command;","lastModifiedDate":"2026-01-23T00:41:45","isFullCredit":false},{"lineNumber":2,"author":{"gitId":"tohyzhong"},"content":"","lastModifiedDate":"2026-01-23T00:41:45","isFullCredit":false},{"lineNumber":3,"author":{"gitId":"tohyzhong"},"content":"import patrick.Ui;","lastModifiedDate":"2026-01-23T00:41:45","isFullCredit":false},{"lineNumber":4,"author":{"gitId":"tohyzhong"},"content":"import patrick.exceptions.InvalidParameterException;","lastModifiedDate":"2026-01-23T00:41:45","isFullCredit":false},{"lineNumber":5,"author":{"gitId":"tohyzhong"},"content":"import patrick.exceptions.PatrickException;","lastModifiedDate":"2026-01-23T00:41:45","isFullCredit":false},{"lineNumber":6,"author":{"gitId":"tohyzhong"},"content":"import patrick.tasks.Deadline;","lastModifiedDate":"2026-01-23T00:41:45","isFullCredit":false},{"lineNumber":7,"author":{"gitId":"tohyzhong"},"content":"import patrick.tasks.TaskList;","lastModifiedDate":"2026-01-23T00:41:45","isFullCredit":false},{"lineNumber":8,"author":{"gitId":"tohyzhong"},"content":"","lastModifiedDate":"2026-01-23T00:41:45","isFullCredit":false},{"lineNumber":9,"author":{"gitId":"tohyzhong"},"content":"public class DeadlineCommand {","lastModifiedDate":"2026-01-23T00:41:45","isFullCredit":false},{"lineNumber":10,"author":{"gitId":"tohyzhong"},"content":"    public static void execute(TaskList tasks, Ui ui, String userInput) throws PatrickException {","lastModifiedDate":"2026-01-23T00:41:45","isFullCredit":false},{"lineNumber":11,"author":{"gitId":"tohyzhong"},"content":"        String[] userInputArray;","lastModifiedDate":"2026-01-23T00:41:45","isFullCredit":false},{"lineNumber":12,"author":{"gitId":"tohyzhong"},"content":"        if (userInput.length() \u003c\u003d 9) {","lastModifiedDate":"2026-01-23T00:41:45","isFullCredit":false},{"lineNumber":13,"author":{"gitId":"tohyzhong"},"content":"            throw new InvalidParameterException(\"Please enter a task name.\");","lastModifiedDate":"2026-01-23T00:41:45","isFullCredit":false},{"lineNumber":14,"author":{"gitId":"tohyzhong"},"content":"        }","lastModifiedDate":"2026-01-23T00:41:45","isFullCredit":false},{"lineNumber":15,"author":{"gitId":"tohyzhong"},"content":"","lastModifiedDate":"2026-01-23T00:41:45","isFullCredit":false},{"lineNumber":16,"author":{"gitId":"tohyzhong"},"content":"        userInput \u003d userInput.substring(9);","lastModifiedDate":"2026-01-23T00:41:45","isFullCredit":false},{"lineNumber":17,"author":{"gitId":"tohyzhong"},"content":"        userInputArray \u003d userInput.split(\"\\\\s+/by\\\\s+\");","lastModifiedDate":"2026-01-23T00:41:45","isFullCredit":false},{"lineNumber":18,"author":{"gitId":"tohyzhong"},"content":"","lastModifiedDate":"2026-01-23T00:41:45","isFullCredit":false},{"lineNumber":19,"author":{"gitId":"tohyzhong"},"content":"        if (userInputArray.length \u003c 2) {","lastModifiedDate":"2026-01-23T00:41:45","isFullCredit":false},{"lineNumber":20,"author":{"gitId":"tohyzhong"},"content":"            throw new InvalidParameterException(","lastModifiedDate":"2026-01-23T00:41:45","isFullCredit":false},{"lineNumber":21,"author":{"gitId":"tohyzhong"},"content":"                    \"Command parameters are missing. Do you have /by ?\");","lastModifiedDate":"2026-01-23T00:41:45","isFullCredit":false},{"lineNumber":22,"author":{"gitId":"tohyzhong"},"content":"        }","lastModifiedDate":"2026-01-23T00:41:45","isFullCredit":false},{"lineNumber":23,"author":{"gitId":"tohyzhong"},"content":"","lastModifiedDate":"2026-01-23T00:41:45","isFullCredit":false},{"lineNumber":24,"author":{"gitId":"tohyzhong"},"content":"        ui.display(\"Got it. I\u0027ve added this task: \\n\\t\"","lastModifiedDate":"2026-01-23T00:41:45","isFullCredit":false},{"lineNumber":25,"author":{"gitId":"tohyzhong"},"content":"                + tasks.addTask(new Deadline(userInputArray[0], userInputArray[1])).toString()","lastModifiedDate":"2026-01-23T00:41:45","isFullCredit":false},{"lineNumber":26,"author":{"gitId":"tohyzhong"},"content":"                + String.format(\"\\nNow you have %d tasks in the list.\", tasks.getSize()));","lastModifiedDate":"2026-01-23T00:41:45","isFullCredit":false},{"lineNumber":27,"author":{"gitId":"tohyzhong"},"content":"    }","lastModifiedDate":"2026-01-23T00:41:45","isFullCredit":false},{"lineNumber":28,"author":{"gitId":"tohyzhong"},"content":"}","lastModifiedDate":"2026-01-23T00:41:45","isFullCredit":false}],"authorContributionMap":{"tohyzhong":28}},{"path":"src/main/java/patrick/command/DeleteCommand.java","fileType":"java","lines":[{"lineNumber":1,"author":{"gitId":"tohyzhong"},"content":"package patrick.command;","lastModifiedDate":"2026-01-23T00:41:45","isFullCredit":false},{"lineNumber":2,"author":{"gitId":"tohyzhong"},"content":"","lastModifiedDate":"2026-01-23T00:41:45","isFullCredit":false},{"lineNumber":3,"author":{"gitId":"tohyzhong"},"content":"import patrick.Ui;","lastModifiedDate":"2026-01-23T00:41:45","isFullCredit":false},{"lineNumber":4,"author":{"gitId":"tohyzhong"},"content":"import patrick.exceptions.InvalidParameterException;","lastModifiedDate":"2026-01-23T00:41:45","isFullCredit":false},{"lineNumber":5,"author":{"gitId":"tohyzhong"},"content":"import patrick.exceptions.PatrickException;","lastModifiedDate":"2026-01-23T00:41:45","isFullCredit":false},{"lineNumber":6,"author":{"gitId":"tohyzhong"},"content":"import patrick.tasks.TaskList;","lastModifiedDate":"2026-01-23T00:41:45","isFullCredit":false},{"lineNumber":7,"author":{"gitId":"tohyzhong"},"content":"","lastModifiedDate":"2026-01-23T00:41:45","isFullCredit":false},{"lineNumber":8,"author":{"gitId":"tohyzhong"},"content":"public class DeleteCommand {","lastModifiedDate":"2026-01-23T00:41:45","isFullCredit":false},{"lineNumber":9,"author":{"gitId":"tohyzhong"},"content":"    public static void execute(TaskList tasks, Ui ui, String userInput) throws PatrickException {","lastModifiedDate":"2026-01-23T00:41:45","isFullCredit":false},{"lineNumber":10,"author":{"gitId":"tohyzhong"},"content":"        String[] userInputArray;","lastModifiedDate":"2026-01-23T00:41:45","isFullCredit":false},{"lineNumber":11,"author":{"gitId":"tohyzhong"},"content":"        try {","lastModifiedDate":"2026-01-23T00:41:45","isFullCredit":false},{"lineNumber":12,"author":{"gitId":"tohyzhong"},"content":"            userInputArray \u003d userInput.split(\" \");","lastModifiedDate":"2026-01-23T00:41:45","isFullCredit":false},{"lineNumber":13,"author":{"gitId":"tohyzhong"},"content":"            if (userInputArray.length \u003c 2) {","lastModifiedDate":"2026-01-23T00:41:45","isFullCredit":false},{"lineNumber":14,"author":{"gitId":"tohyzhong"},"content":"                throw new InvalidParameterException(\"Please enter a task number.\");","lastModifiedDate":"2026-01-23T00:41:45","isFullCredit":false},{"lineNumber":15,"author":{"gitId":"tohyzhong"},"content":"            } else if (tasks.getSize() \u003c 1) {","lastModifiedDate":"2026-01-23T00:41:45","isFullCredit":false},{"lineNumber":16,"author":{"gitId":"tohyzhong"},"content":"                throw new PatrickException(\"There are no tasks.\");","lastModifiedDate":"2026-01-23T00:41:45","isFullCredit":false},{"lineNumber":17,"author":{"gitId":"tohyzhong"},"content":"            } else if (Integer.parseInt(userInputArray[1]) \u003e tasks.getSize()) {","lastModifiedDate":"2026-01-23T00:41:45","isFullCredit":false},{"lineNumber":18,"author":{"gitId":"tohyzhong"},"content":"                throw new InvalidParameterException(","lastModifiedDate":"2026-01-23T00:41:45","isFullCredit":false},{"lineNumber":19,"author":{"gitId":"tohyzhong"},"content":"                        \"Please enter a valid task number between 1 and \" + tasks.getSize());","lastModifiedDate":"2026-01-23T00:41:45","isFullCredit":false},{"lineNumber":20,"author":{"gitId":"tohyzhong"},"content":"            }","lastModifiedDate":"2026-01-23T00:41:45","isFullCredit":false},{"lineNumber":21,"author":{"gitId":"tohyzhong"},"content":"","lastModifiedDate":"2026-01-23T00:41:45","isFullCredit":false},{"lineNumber":22,"author":{"gitId":"tohyzhong"},"content":"            ui.display(\"Noted. I\u0027ve removed this task: \\n\\t\"","lastModifiedDate":"2026-01-23T00:41:45","isFullCredit":false},{"lineNumber":23,"author":{"gitId":"tohyzhong"},"content":"                    + tasks.deleteTask(Integer.parseInt(userInputArray[1]) - 1).toString()","lastModifiedDate":"2026-01-23T00:41:45","isFullCredit":false},{"lineNumber":24,"author":{"gitId":"tohyzhong"},"content":"                    + String.format(\"\\nNow you have %d tasks in the list.\", tasks.getSize()));","lastModifiedDate":"2026-01-23T00:41:45","isFullCredit":false},{"lineNumber":25,"author":{"gitId":"tohyzhong"},"content":"        } catch (NumberFormatException err) {","lastModifiedDate":"2026-01-23T00:41:45","isFullCredit":false},{"lineNumber":26,"author":{"gitId":"tohyzhong"},"content":"            throw new InvalidParameterException(\"Please enter a valid task number.\");","lastModifiedDate":"2026-01-23T00:41:45","isFullCredit":false},{"lineNumber":27,"author":{"gitId":"tohyzhong"},"content":"        }","lastModifiedDate":"2026-01-23T00:41:45","isFullCredit":false},{"lineNumber":28,"author":{"gitId":"tohyzhong"},"content":"    }","lastModifiedDate":"2026-01-23T00:41:45","isFullCredit":false},{"lineNumber":29,"author":{"gitId":"tohyzhong"},"content":"}","lastModifiedDate":"2026-01-23T00:41:45","isFullCredit":false}],"authorContributionMap":{"tohyzhong":29}},{"path":"src/main/java/patrick/command/EventCommand.java","fileType":"java","lines":[{"lineNumber":1,"author":{"gitId":"tohyzhong"},"content":"package patrick.command;","lastModifiedDate":"2026-01-23T00:41:45","isFullCredit":false},{"lineNumber":2,"author":{"gitId":"tohyzhong"},"content":"","lastModifiedDate":"2026-01-23T00:41:45","isFullCredit":false},{"lineNumber":3,"author":{"gitId":"tohyzhong"},"content":"import patrick.Ui;","lastModifiedDate":"2026-01-23T00:41:45","isFullCredit":false},{"lineNumber":4,"author":{"gitId":"tohyzhong"},"content":"import patrick.exceptions.InvalidParameterException;","lastModifiedDate":"2026-01-23T00:41:45","isFullCredit":false},{"lineNumber":5,"author":{"gitId":"tohyzhong"},"content":"import patrick.exceptions.PatrickException;","lastModifiedDate":"2026-01-23T00:41:45","isFullCredit":false},{"lineNumber":6,"author":{"gitId":"tohyzhong"},"content":"import patrick.tasks.Event;","lastModifiedDate":"2026-01-23T00:41:45","isFullCredit":false},{"lineNumber":7,"author":{"gitId":"tohyzhong"},"content":"import patrick.tasks.TaskList;","lastModifiedDate":"2026-01-23T00:41:45","isFullCredit":false},{"lineNumber":8,"author":{"gitId":"tohyzhong"},"content":"","lastModifiedDate":"2026-01-23T00:41:45","isFullCredit":false},{"lineNumber":9,"author":{"gitId":"tohyzhong"},"content":"public class EventCommand {","lastModifiedDate":"2026-01-23T00:41:45","isFullCredit":false},{"lineNumber":10,"author":{"gitId":"tohyzhong"},"content":"    public static void execute(TaskList tasks, Ui ui, String userInput) throws PatrickException {","lastModifiedDate":"2026-01-23T00:41:45","isFullCredit":false},{"lineNumber":11,"author":{"gitId":"tohyzhong"},"content":"        String[] userInputArray;","lastModifiedDate":"2026-01-23T00:41:45","isFullCredit":false},{"lineNumber":12,"author":{"gitId":"tohyzhong"},"content":"        if (userInput.length() \u003c\u003d 6) {","lastModifiedDate":"2026-01-23T00:41:45","isFullCredit":false},{"lineNumber":13,"author":{"gitId":"tohyzhong"},"content":"            throw new InvalidParameterException(\"Please enter a task name.\");","lastModifiedDate":"2026-01-23T00:41:45","isFullCredit":false},{"lineNumber":14,"author":{"gitId":"tohyzhong"},"content":"        }","lastModifiedDate":"2026-01-23T00:41:45","isFullCredit":false},{"lineNumber":15,"author":{"gitId":"tohyzhong"},"content":"","lastModifiedDate":"2026-01-23T00:41:45","isFullCredit":false},{"lineNumber":16,"author":{"gitId":"tohyzhong"},"content":"        userInput \u003d userInput.substring(6);","lastModifiedDate":"2026-01-23T00:41:45","isFullCredit":false},{"lineNumber":17,"author":{"gitId":"tohyzhong"},"content":"        userInputArray \u003d userInput.split(\"\\\\s+/(from|to)\\\\s+\");","lastModifiedDate":"2026-01-23T00:41:45","isFullCredit":false},{"lineNumber":18,"author":{"gitId":"tohyzhong"},"content":"","lastModifiedDate":"2026-01-23T00:41:45","isFullCredit":false},{"lineNumber":19,"author":{"gitId":"tohyzhong"},"content":"        if (userInputArray.length \u003c 3) {","lastModifiedDate":"2026-01-23T00:41:45","isFullCredit":false},{"lineNumber":20,"author":{"gitId":"tohyzhong"},"content":"            throw new InvalidParameterException(","lastModifiedDate":"2026-01-23T00:41:45","isFullCredit":false},{"lineNumber":21,"author":{"gitId":"tohyzhong"},"content":"                    \"Command parameters are missing. Do you have /from and /to ?\");","lastModifiedDate":"2026-01-23T00:41:45","isFullCredit":false},{"lineNumber":22,"author":{"gitId":"tohyzhong"},"content":"        }","lastModifiedDate":"2026-01-23T00:41:45","isFullCredit":false},{"lineNumber":23,"author":{"gitId":"tohyzhong"},"content":"","lastModifiedDate":"2026-01-23T00:41:45","isFullCredit":false},{"lineNumber":24,"author":{"gitId":"tohyzhong"},"content":"        ui.display(\"Got it. I\u0027ve added this task: \\n\\t\"","lastModifiedDate":"2026-01-23T00:41:45","isFullCredit":false},{"lineNumber":25,"author":{"gitId":"tohyzhong"},"content":"                + tasks.addTask(new Event(userInputArray[0], userInputArray[1], userInputArray[2])).toString()","lastModifiedDate":"2026-01-23T00:41:45","isFullCredit":false},{"lineNumber":26,"author":{"gitId":"tohyzhong"},"content":"                + String.format(\"\\nNow you have %d tasks in the list.\", tasks.getSize()));","lastModifiedDate":"2026-01-23T00:41:45","isFullCredit":false},{"lineNumber":27,"author":{"gitId":"tohyzhong"},"content":"","lastModifiedDate":"2026-01-23T00:41:45","isFullCredit":false},{"lineNumber":28,"author":{"gitId":"tohyzhong"},"content":"    }","lastModifiedDate":"2026-01-23T00:41:45","isFullCredit":false},{"lineNumber":29,"author":{"gitId":"tohyzhong"},"content":"}","lastModifiedDate":"2026-01-23T00:41:45","isFullCredit":false}],"authorContributionMap":{"tohyzhong":29}},{"path":"src/main/java/patrick/command/ListCommand.java","fileType":"java","lines":[{"lineNumber":1,"author":{"gitId":"tohyzhong"},"content":"package patrick.command;","lastModifiedDate":"2026-01-23T00:41:45","isFullCredit":false},{"lineNumber":2,"author":{"gitId":"tohyzhong"},"content":"","lastModifiedDate":"2026-01-23T00:41:45","isFullCredit":false},{"lineNumber":3,"author":{"gitId":"tohyzhong"},"content":"import patrick.Ui;","lastModifiedDate":"2026-01-23T00:41:45","isFullCredit":false},{"lineNumber":4,"author":{"gitId":"tohyzhong"},"content":"import patrick.tasks.TaskList;","lastModifiedDate":"2026-01-25T19:30:29","isFullCredit":false},{"lineNumber":5,"author":{"gitId":"tohyzhong"},"content":"","lastModifiedDate":"2026-01-23T00:41:45","isFullCredit":false},{"lineNumber":6,"author":{"gitId":"tohyzhong"},"content":"public class ListCommand {","lastModifiedDate":"2026-01-23T00:41:45","isFullCredit":false},{"lineNumber":7,"author":{"gitId":"tohyzhong"},"content":"    public static void execute(TaskList tasks, Ui ui, String userInput) {","lastModifiedDate":"2026-01-23T00:41:45","isFullCredit":false},{"lineNumber":8,"author":{"gitId":"tohyzhong"},"content":"        ui.display(tasks.getAllTasks());","lastModifiedDate":"2026-01-23T00:41:45","isFullCredit":false},{"lineNumber":9,"author":{"gitId":"tohyzhong"},"content":"    }","lastModifiedDate":"2026-01-23T00:41:45","isFullCredit":false},{"lineNumber":10,"author":{"gitId":"tohyzhong"},"content":"}","lastModifiedDate":"2026-01-23T00:41:45","isFullCredit":false}],"authorContributionMap":{"tohyzhong":10}},{"path":"src/main/java/patrick/command/MarkCommand.java","fileType":"java","lines":[{"lineNumber":1,"author":{"gitId":"tohyzhong"},"content":"package patrick.command;","lastModifiedDate":"2026-01-23T00:41:45","isFullCredit":false},{"lineNumber":2,"author":{"gitId":"tohyzhong"},"content":"","lastModifiedDate":"2026-01-23T00:41:45","isFullCredit":false},{"lineNumber":3,"author":{"gitId":"tohyzhong"},"content":"import patrick.Ui;","lastModifiedDate":"2026-01-23T00:41:45","isFullCredit":false},{"lineNumber":4,"author":{"gitId":"tohyzhong"},"content":"import patrick.exceptions.InvalidParameterException;","lastModifiedDate":"2026-01-23T00:41:45","isFullCredit":false},{"lineNumber":5,"author":{"gitId":"tohyzhong"},"content":"import patrick.exceptions.PatrickException;","lastModifiedDate":"2026-01-23T00:41:45","isFullCredit":false},{"lineNumber":6,"author":{"gitId":"tohyzhong"},"content":"import patrick.tasks.TaskList;","lastModifiedDate":"2026-01-23T00:41:45","isFullCredit":false},{"lineNumber":7,"author":{"gitId":"tohyzhong"},"content":"","lastModifiedDate":"2026-01-23T00:41:45","isFullCredit":false},{"lineNumber":8,"author":{"gitId":"tohyzhong"},"content":"public class MarkCommand {","lastModifiedDate":"2026-01-23T00:41:45","isFullCredit":false},{"lineNumber":9,"author":{"gitId":"tohyzhong"},"content":"    public static void execute(TaskList tasks, Ui ui, String userInput) throws PatrickException {","lastModifiedDate":"2026-01-23T00:41:45","isFullCredit":false},{"lineNumber":10,"author":{"gitId":"tohyzhong"},"content":"        String[] userInputArray;","lastModifiedDate":"2026-01-23T00:41:45","isFullCredit":false},{"lineNumber":11,"author":{"gitId":"tohyzhong"},"content":"        userInputArray \u003d userInput.split(\" \");","lastModifiedDate":"2026-01-23T00:41:45","isFullCredit":false},{"lineNumber":12,"author":{"gitId":"tohyzhong"},"content":"        if (userInputArray.length \u003c 2) {","lastModifiedDate":"2026-01-23T00:41:45","isFullCredit":false},{"lineNumber":13,"author":{"gitId":"tohyzhong"},"content":"            throw new InvalidParameterException(\"Please enter a task number.\");","lastModifiedDate":"2026-01-23T00:41:45","isFullCredit":false},{"lineNumber":14,"author":{"gitId":"tohyzhong"},"content":"        } else if (tasks.getSize() \u003c 1) {","lastModifiedDate":"2026-01-23T00:41:45","isFullCredit":false},{"lineNumber":15,"author":{"gitId":"tohyzhong"},"content":"            throw new PatrickException(\"There are no tasks.\");","lastModifiedDate":"2026-01-23T00:41:45","isFullCredit":false},{"lineNumber":16,"author":{"gitId":"tohyzhong"},"content":"        } else if (Integer.parseInt(userInputArray[1]) \u003e tasks.getSize()","lastModifiedDate":"2026-01-23T00:41:45","isFullCredit":false},{"lineNumber":17,"author":{"gitId":"tohyzhong"},"content":"                || Integer.parseInt(userInputArray[1]) \u003c 1) {","lastModifiedDate":"2026-01-23T00:41:45","isFullCredit":false},{"lineNumber":18,"author":{"gitId":"tohyzhong"},"content":"            throw new InvalidParameterException(","lastModifiedDate":"2026-01-23T00:41:45","isFullCredit":false},{"lineNumber":19,"author":{"gitId":"tohyzhong"},"content":"                    \"Please enter a valid task number between 1 and \" + tasks.getSize());","lastModifiedDate":"2026-01-23T00:41:45","isFullCredit":false},{"lineNumber":20,"author":{"gitId":"tohyzhong"},"content":"        }","lastModifiedDate":"2026-01-23T00:41:45","isFullCredit":false},{"lineNumber":21,"author":{"gitId":"tohyzhong"},"content":"        ui.display(tasks.getTask(Integer.parseInt(userInputArray[1]) - 1).setDone());","lastModifiedDate":"2026-01-23T00:41:45","isFullCredit":false},{"lineNumber":22,"author":{"gitId":"tohyzhong"},"content":"    }","lastModifiedDate":"2026-01-23T00:41:45","isFullCredit":false},{"lineNumber":23,"author":{"gitId":"tohyzhong"},"content":"}","lastModifiedDate":"2026-01-23T00:41:45","isFullCredit":false}],"authorContributionMap":{"tohyzhong":23}},{"path":"src/main/java/patrick/command/ToDoCommand.java","fileType":"java","lines":[{"lineNumber":1,"author":{"gitId":"tohyzhong"},"content":"package patrick.command;","lastModifiedDate":"2026-01-23T00:41:45","isFullCredit":false},{"lineNumber":2,"author":{"gitId":"tohyzhong"},"content":"","lastModifiedDate":"2026-01-23T00:41:45","isFullCredit":false},{"lineNumber":3,"author":{"gitId":"tohyzhong"},"content":"import patrick.Ui;","lastModifiedDate":"2026-01-23T00:41:45","isFullCredit":false},{"lineNumber":4,"author":{"gitId":"tohyzhong"},"content":"import patrick.exceptions.InvalidParameterException;","lastModifiedDate":"2026-01-23T00:41:45","isFullCredit":false},{"lineNumber":5,"author":{"gitId":"tohyzhong"},"content":"import patrick.exceptions.PatrickException;","lastModifiedDate":"2026-01-23T00:41:45","isFullCredit":false},{"lineNumber":6,"author":{"gitId":"tohyzhong"},"content":"import patrick.tasks.TaskList;","lastModifiedDate":"2026-01-23T00:41:45","isFullCredit":false},{"lineNumber":7,"author":{"gitId":"tohyzhong"},"content":"import patrick.tasks.ToDo;","lastModifiedDate":"2026-01-23T00:41:45","isFullCredit":false},{"lineNumber":8,"author":{"gitId":"tohyzhong"},"content":"","lastModifiedDate":"2026-01-23T00:41:45","isFullCredit":false},{"lineNumber":9,"author":{"gitId":"tohyzhong"},"content":"public class ToDoCommand {","lastModifiedDate":"2026-01-23T00:41:45","isFullCredit":false},{"lineNumber":10,"author":{"gitId":"tohyzhong"},"content":"    public static void execute(TaskList tasks, Ui ui, String userInput) throws PatrickException {","lastModifiedDate":"2026-01-23T00:41:45","isFullCredit":false},{"lineNumber":11,"author":{"gitId":"tohyzhong"},"content":"        if (userInput.length() \u003c\u003d 5) {","lastModifiedDate":"2026-01-23T00:41:45","isFullCredit":false},{"lineNumber":12,"author":{"gitId":"tohyzhong"},"content":"            throw new InvalidParameterException(\"Please enter a task name.\");","lastModifiedDate":"2026-01-23T00:41:45","isFullCredit":false},{"lineNumber":13,"author":{"gitId":"tohyzhong"},"content":"        }","lastModifiedDate":"2026-01-23T00:41:45","isFullCredit":false},{"lineNumber":14,"author":{"gitId":"tohyzhong"},"content":"","lastModifiedDate":"2026-01-23T00:41:45","isFullCredit":false},{"lineNumber":15,"author":{"gitId":"tohyzhong"},"content":"        userInput \u003d userInput.substring(5);","lastModifiedDate":"2026-01-23T00:41:45","isFullCredit":false},{"lineNumber":16,"author":{"gitId":"tohyzhong"},"content":"        ui.display(\"Got it. I\u0027ve added this task: \\n\\t\"","lastModifiedDate":"2026-01-23T00:41:45","isFullCredit":false},{"lineNumber":17,"author":{"gitId":"tohyzhong"},"content":"                + tasks.addTask(new ToDo(userInput)).toString()","lastModifiedDate":"2026-01-23T00:41:45","isFullCredit":false},{"lineNumber":18,"author":{"gitId":"tohyzhong"},"content":"                + String.format(\"\\nNow you have %d tasks in the list.\", tasks.getSize()));","lastModifiedDate":"2026-01-23T00:41:45","isFullCredit":false},{"lineNumber":19,"author":{"gitId":"tohyzhong"},"content":"    }","lastModifiedDate":"2026-01-23T00:41:45","isFullCredit":false},{"lineNumber":20,"author":{"gitId":"tohyzhong"},"content":"}","lastModifiedDate":"2026-01-23T00:41:45","isFullCredit":false}],"authorContributionMap":{"tohyzhong":20}},{"path":"src/main/java/patrick/command/UnmarkCommand.java","fileType":"java","lines":[{"lineNumber":1,"author":{"gitId":"tohyzhong"},"content":"package patrick.command;","lastModifiedDate":"2026-01-23T00:41:45","isFullCredit":false},{"lineNumber":2,"author":{"gitId":"tohyzhong"},"content":"","lastModifiedDate":"2026-01-23T00:41:45","isFullCredit":false},{"lineNumber":3,"author":{"gitId":"tohyzhong"},"content":"import patrick.Ui;","lastModifiedDate":"2026-01-23T00:41:45","isFullCredit":false},{"lineNumber":4,"author":{"gitId":"tohyzhong"},"content":"import patrick.exceptions.InvalidParameterException;","lastModifiedDate":"2026-01-23T00:41:45","isFullCredit":false},{"lineNumber":5,"author":{"gitId":"tohyzhong"},"content":"import patrick.exceptions.PatrickException;","lastModifiedDate":"2026-01-23T00:41:45","isFullCredit":false},{"lineNumber":6,"author":{"gitId":"tohyzhong"},"content":"import patrick.tasks.TaskList;","lastModifiedDate":"2026-01-23T00:41:45","isFullCredit":false},{"lineNumber":7,"author":{"gitId":"tohyzhong"},"content":"","lastModifiedDate":"2026-01-23T00:41:45","isFullCredit":false},{"lineNumber":8,"author":{"gitId":"tohyzhong"},"content":"public class UnmarkCommand {","lastModifiedDate":"2026-01-23T00:41:45","isFullCredit":false},{"lineNumber":9,"author":{"gitId":"tohyzhong"},"content":"    public static void execute(TaskList tasks, Ui ui, String userInput) throws PatrickException {","lastModifiedDate":"2026-01-23T00:41:45","isFullCredit":false},{"lineNumber":10,"author":{"gitId":"tohyzhong"},"content":"        String[] userInputArray;","lastModifiedDate":"2026-01-23T00:41:45","isFullCredit":false},{"lineNumber":11,"author":{"gitId":"tohyzhong"},"content":"        userInputArray \u003d userInput.split(\" \");","lastModifiedDate":"2026-01-23T00:41:45","isFullCredit":false},{"lineNumber":12,"author":{"gitId":"tohyzhong"},"content":"        if (userInputArray.length \u003c 2) {","lastModifiedDate":"2026-01-23T00:41:45","isFullCredit":false},{"lineNumber":13,"author":{"gitId":"tohyzhong"},"content":"            throw new InvalidParameterException(\"Please enter a task number.\");","lastModifiedDate":"2026-01-23T00:41:45","isFullCredit":false},{"lineNumber":14,"author":{"gitId":"tohyzhong"},"content":"        } else if (tasks.getSize() \u003c 1) {","lastModifiedDate":"2026-01-23T00:41:45","isFullCredit":false},{"lineNumber":15,"author":{"gitId":"tohyzhong"},"content":"            throw new PatrickException(\"There are no tasks.\");","lastModifiedDate":"2026-01-23T00:41:45","isFullCredit":false},{"lineNumber":16,"author":{"gitId":"tohyzhong"},"content":"        } else if (Integer.parseInt(userInputArray[1]) \u003e tasks.getSize()","lastModifiedDate":"2026-01-23T00:41:45","isFullCredit":false},{"lineNumber":17,"author":{"gitId":"tohyzhong"},"content":"                || Integer.parseInt(userInputArray[1]) \u003c 1) {","lastModifiedDate":"2026-01-23T00:41:45","isFullCredit":false},{"lineNumber":18,"author":{"gitId":"tohyzhong"},"content":"            throw new InvalidParameterException(","lastModifiedDate":"2026-01-23T00:41:45","isFullCredit":false},{"lineNumber":19,"author":{"gitId":"tohyzhong"},"content":"                    \"Please enter a valid task number between 1 and \" + tasks.getSize());","lastModifiedDate":"2026-01-23T00:41:45","isFullCredit":false},{"lineNumber":20,"author":{"gitId":"tohyzhong"},"content":"        }","lastModifiedDate":"2026-01-23T00:41:45","isFullCredit":false},{"lineNumber":21,"author":{"gitId":"tohyzhong"},"content":"        ui.display(tasks.getTask(Integer.parseInt(userInputArray[1]) - 1).setNotDone());","lastModifiedDate":"2026-01-23T00:41:45","isFullCredit":false},{"lineNumber":22,"author":{"gitId":"tohyzhong"},"content":"    }","lastModifiedDate":"2026-01-23T00:41:45","isFullCredit":false},{"lineNumber":23,"author":{"gitId":"tohyzhong"},"content":"}","lastModifiedDate":"2026-01-23T00:41:45","isFullCredit":false}],"authorContributionMap":{"tohyzhong":23}},{"path":"src/main/java/patrick/exceptions/InvalidParameterException.java","fileType":"java","lines":[{"lineNumber":1,"author":{"gitId":"tohyzhong"},"content":"package patrick.exceptions;","lastModifiedDate":"2026-01-23T00:41:45","isFullCredit":false},{"lineNumber":2,"author":{"gitId":"tohyzhong"},"content":"","lastModifiedDate":"2026-01-23T00:41:45","isFullCredit":false},{"lineNumber":3,"author":{"gitId":"tohyzhong"},"content":"public class InvalidParameterException extends PatrickException {","lastModifiedDate":"2026-01-22T22:20:07","isFullCredit":false},{"lineNumber":4,"author":{"gitId":"tohyzhong"},"content":"    public InvalidParameterException(String message) {","lastModifiedDate":"2026-01-21T02:30:05","isFullCredit":false},{"lineNumber":5,"author":{"gitId":"tohyzhong"},"content":"        super(message);","lastModifiedDate":"2026-01-21T02:30:05","isFullCredit":false},{"lineNumber":6,"author":{"gitId":"tohyzhong"},"content":"    }","lastModifiedDate":"2026-01-21T02:30:05","isFullCredit":false},{"lineNumber":7,"author":{"gitId":"tohyzhong"},"content":"}","lastModifiedDate":"2026-01-21T02:30:05","isFullCredit":false}],"authorContributionMap":{"tohyzhong":7}},{"path":"src/main/java/patrick/exceptions/PatrickException.java","fileType":"java","lines":[{"lineNumber":1,"author":{"gitId":"tohyzhong"},"content":"package patrick.exceptions;","lastModifiedDate":"2026-01-23T00:41:45","isFullCredit":false},{"lineNumber":2,"author":{"gitId":"tohyzhong"},"content":"","lastModifiedDate":"2026-01-23T00:41:45","isFullCredit":false},{"lineNumber":3,"author":{"gitId":"tohyzhong"},"content":"public class PatrickException extends Exception {","lastModifiedDate":"2026-01-22T22:20:07","isFullCredit":false},{"lineNumber":4,"author":{"gitId":"tohyzhong"},"content":"    public PatrickException(String message) {","lastModifiedDate":"2026-01-22T22:20:07","isFullCredit":false},{"lineNumber":5,"author":{"gitId":"tohyzhong"},"content":"        super(message);","lastModifiedDate":"2026-01-22T22:20:07","isFullCredit":false},{"lineNumber":6,"author":{"gitId":"tohyzhong"},"content":"    }","lastModifiedDate":"2026-01-22T22:20:07","isFullCredit":false},{"lineNumber":7,"author":{"gitId":"tohyzhong"},"content":"}","lastModifiedDate":"2026-01-22T22:20:07","isFullCredit":false}],"authorContributionMap":{"tohyzhong":7}},{"path":"src/main/java/patrick/tasks/Deadline.java","fileType":"java","lines":[{"lineNumber":1,"author":{"gitId":"tohyzhong"},"content":"package patrick.tasks;","lastModifiedDate":"2026-01-23T00:41:45","isFullCredit":false},{"lineNumber":2,"author":{"gitId":"tohyzhong"},"content":"","lastModifiedDate":"2026-01-23T00:41:45","isFullCredit":false},{"lineNumber":3,"author":{"gitId":"tohyzhong"},"content":"public class Deadline extends Task {","lastModifiedDate":"2026-01-21T01:02:11","isFullCredit":false},{"lineNumber":4,"author":{"gitId":"tohyzhong"},"content":"    private String datetimeString;","lastModifiedDate":"2026-01-21T01:02:11","isFullCredit":false},{"lineNumber":5,"author":{"gitId":"tohyzhong"},"content":"","lastModifiedDate":"2026-01-21T01:02:11","isFullCredit":false},{"lineNumber":6,"author":{"gitId":"tohyzhong"},"content":"    public Deadline(String userInput, String datetimeString) {","lastModifiedDate":"2026-01-21T01:02:11","isFullCredit":false},{"lineNumber":7,"author":{"gitId":"tohyzhong"},"content":"        super(userInput);","lastModifiedDate":"2026-01-21T01:02:11","isFullCredit":false},{"lineNumber":8,"author":{"gitId":"tohyzhong"},"content":"        this.datetimeString \u003d datetimeString;","lastModifiedDate":"2026-01-21T01:02:11","isFullCredit":false},{"lineNumber":9,"author":{"gitId":"tohyzhong"},"content":"    }","lastModifiedDate":"2026-01-21T01:02:11","isFullCredit":false},{"lineNumber":10,"author":{"gitId":"tohyzhong"},"content":"","lastModifiedDate":"2026-01-21T01:02:11","isFullCredit":false},{"lineNumber":11,"author":{"gitId":"tohyzhong"},"content":"    @Override","lastModifiedDate":"2026-01-21T01:02:11","isFullCredit":false},{"lineNumber":12,"author":{"gitId":"tohyzhong"},"content":"    public String toString() {","lastModifiedDate":"2026-01-21T01:02:11","isFullCredit":false},{"lineNumber":13,"author":{"gitId":"tohyzhong"},"content":"        return String.format(\"[D][%s] %s (by: %s)\",","lastModifiedDate":"2026-01-21T01:02:11","isFullCredit":false},{"lineNumber":14,"author":{"gitId":"tohyzhong"},"content":"                this.isDone ? \"X\" : \" \", this.description, this.datetimeString);","lastModifiedDate":"2026-01-21T01:02:11","isFullCredit":false},{"lineNumber":15,"author":{"gitId":"tohyzhong"},"content":"    }","lastModifiedDate":"2026-01-21T01:02:11","isFullCredit":false},{"lineNumber":16,"author":{"gitId":"tohyzhong"},"content":"}","lastModifiedDate":"2026-01-21T01:02:11","isFullCredit":false}],"authorContributionMap":{"tohyzhong":16}},{"path":"src/main/java/patrick/tasks/Event.java","fileType":"java","lines":[{"lineNumber":1,"author":{"gitId":"tohyzhong"},"content":"package patrick.tasks;","lastModifiedDate":"2026-01-23T00:41:45","isFullCredit":false},{"lineNumber":2,"author":{"gitId":"tohyzhong"},"content":"","lastModifiedDate":"2026-01-23T00:41:45","isFullCredit":false},{"lineNumber":3,"author":{"gitId":"tohyzhong"},"content":"public class Event extends Task {","lastModifiedDate":"2026-01-21T01:20:43","isFullCredit":false},{"lineNumber":4,"author":{"gitId":"tohyzhong"},"content":"    private String fromString;","lastModifiedDate":"2026-01-21T01:20:43","isFullCredit":false},{"lineNumber":5,"author":{"gitId":"tohyzhong"},"content":"    private String toString;","lastModifiedDate":"2026-01-21T01:20:43","isFullCredit":false},{"lineNumber":6,"author":{"gitId":"tohyzhong"},"content":"","lastModifiedDate":"2026-01-21T01:20:43","isFullCredit":false},{"lineNumber":7,"author":{"gitId":"tohyzhong"},"content":"    public Event(String userInput, String fromString, String toString) {","lastModifiedDate":"2026-01-21T01:20:43","isFullCredit":false},{"lineNumber":8,"author":{"gitId":"tohyzhong"},"content":"        super(userInput);","lastModifiedDate":"2026-01-21T01:20:43","isFullCredit":false},{"lineNumber":9,"author":{"gitId":"tohyzhong"},"content":"        this.fromString \u003d fromString;","lastModifiedDate":"2026-01-21T01:20:43","isFullCredit":false},{"lineNumber":10,"author":{"gitId":"tohyzhong"},"content":"        this.toString \u003d toString;","lastModifiedDate":"2026-01-21T01:20:43","isFullCredit":false},{"lineNumber":11,"author":{"gitId":"tohyzhong"},"content":"    }","lastModifiedDate":"2026-01-21T01:20:43","isFullCredit":false},{"lineNumber":12,"author":{"gitId":"tohyzhong"},"content":"","lastModifiedDate":"2026-01-21T01:20:43","isFullCredit":false},{"lineNumber":13,"author":{"gitId":"tohyzhong"},"content":"    @Override","lastModifiedDate":"2026-01-21T01:20:43","isFullCredit":false},{"lineNumber":14,"author":{"gitId":"tohyzhong"},"content":"    public String toString() {","lastModifiedDate":"2026-01-21T01:20:43","isFullCredit":false},{"lineNumber":15,"author":{"gitId":"tohyzhong"},"content":"        return String.format(\"[E][%s] %s (from: %s to: %s)\",","lastModifiedDate":"2026-01-21T01:20:43","isFullCredit":false},{"lineNumber":16,"author":{"gitId":"tohyzhong"},"content":"                this.isDone ? \"X\" : \" \", this.description, this.fromString, this.toString);","lastModifiedDate":"2026-01-21T01:20:43","isFullCredit":false},{"lineNumber":17,"author":{"gitId":"tohyzhong"},"content":"    }","lastModifiedDate":"2026-01-21T01:20:43","isFullCredit":false},{"lineNumber":18,"author":{"gitId":"tohyzhong"},"content":"}","lastModifiedDate":"2026-01-21T01:20:43","isFullCredit":false}],"authorContributionMap":{"tohyzhong":18}},{"path":"src/main/java/patrick/tasks/Task.java","fileType":"java","lines":[{"lineNumber":1,"author":{"gitId":"tohyzhong"},"content":"package patrick.tasks;","lastModifiedDate":"2026-01-23T00:41:45","isFullCredit":false},{"lineNumber":2,"author":{"gitId":"tohyzhong"},"content":"","lastModifiedDate":"2026-01-23T00:41:45","isFullCredit":false},{"lineNumber":3,"author":{"gitId":"tohyzhong"},"content":"public class Task {","lastModifiedDate":"2026-01-20T23:36:54","isFullCredit":false},{"lineNumber":4,"author":{"gitId":"tohyzhong"},"content":"    protected String description;","lastModifiedDate":"2026-01-20T23:36:54","isFullCredit":false},{"lineNumber":5,"author":{"gitId":"tohyzhong"},"content":"    protected boolean isDone;","lastModifiedDate":"2026-01-20T23:36:54","isFullCredit":false},{"lineNumber":6,"author":{"gitId":"tohyzhong"},"content":"","lastModifiedDate":"2026-01-20T23:36:54","isFullCredit":false},{"lineNumber":7,"author":{"gitId":"tohyzhong"},"content":"    public Task(String description) {","lastModifiedDate":"2026-01-20T23:36:54","isFullCredit":false},{"lineNumber":8,"author":{"gitId":"tohyzhong"},"content":"        this.description \u003d description;","lastModifiedDate":"2026-01-20T23:36:54","isFullCredit":false},{"lineNumber":9,"author":{"gitId":"tohyzhong"},"content":"        this.isDone \u003d false;","lastModifiedDate":"2026-01-20T23:36:54","isFullCredit":false},{"lineNumber":10,"author":{"gitId":"tohyzhong"},"content":"    }","lastModifiedDate":"2026-01-20T23:36:54","isFullCredit":false},{"lineNumber":11,"author":{"gitId":"tohyzhong"},"content":"","lastModifiedDate":"2026-01-20T23:36:54","isFullCredit":false},{"lineNumber":12,"author":{"gitId":"tohyzhong"},"content":"    public String setDone() {","lastModifiedDate":"2026-01-20T23:36:54","isFullCredit":false},{"lineNumber":13,"author":{"gitId":"tohyzhong"},"content":"        this.isDone \u003d true;","lastModifiedDate":"2026-01-20T23:36:54","isFullCredit":false},{"lineNumber":14,"author":{"gitId":"tohyzhong"},"content":"        return String.format(\"Nice! I\u0027ve marked this task as done:\\n\\t%s\", this.toString());","lastModifiedDate":"2026-01-23T00:41:45","isFullCredit":false},{"lineNumber":15,"author":{"gitId":"tohyzhong"},"content":"    }","lastModifiedDate":"2026-01-20T23:36:54","isFullCredit":false},{"lineNumber":16,"author":{"gitId":"tohyzhong"},"content":"","lastModifiedDate":"2026-01-20T23:36:54","isFullCredit":false},{"lineNumber":17,"author":{"gitId":"tohyzhong"},"content":"    public String setNotDone() {","lastModifiedDate":"2026-01-20T23:36:54","isFullCredit":false},{"lineNumber":18,"author":{"gitId":"tohyzhong"},"content":"        this.isDone \u003d false;","lastModifiedDate":"2026-01-20T23:36:54","isFullCredit":false},{"lineNumber":19,"author":{"gitId":"tohyzhong"},"content":"        return String.format(\"OK, I\u0027ve marked this task as not done yet:\\n\\t%s\", this.toString());","lastModifiedDate":"2026-01-23T00:41:45","isFullCredit":false},{"lineNumber":20,"author":{"gitId":"tohyzhong"},"content":"    }","lastModifiedDate":"2026-01-20T23:36:54","isFullCredit":false},{"lineNumber":21,"author":{"gitId":"tohyzhong"},"content":"","lastModifiedDate":"2026-01-20T23:36:54","isFullCredit":false},{"lineNumber":22,"author":{"gitId":"tohyzhong"},"content":"    @Override","lastModifiedDate":"2026-01-25T19:30:29","isFullCredit":false},{"lineNumber":23,"author":{"gitId":"tohyzhong"},"content":"    public String toString() {","lastModifiedDate":"2026-01-20T23:36:54","isFullCredit":false},{"lineNumber":24,"author":{"gitId":"tohyzhong"},"content":"        return String.format(\"[%s] %s\", this.isDone ? \"X\" : \" \", this.description);","lastModifiedDate":"2026-01-20T23:36:54","isFullCredit":false},{"lineNumber":25,"author":{"gitId":"tohyzhong"},"content":"    }","lastModifiedDate":"2026-01-20T23:36:54","isFullCredit":false},{"lineNumber":26,"author":{"gitId":"tohyzhong"},"content":"}","lastModifiedDate":"2026-01-20T23:36:54","isFullCredit":false}],"authorContributionMap":{"tohyzhong":26}},{"path":"src/main/java/patrick/tasks/TaskList.java","fileType":"java","lines":[{"lineNumber":1,"author":{"gitId":"tohyzhong"},"content":"package patrick.tasks;","lastModifiedDate":"2026-01-23T00:41:45","isFullCredit":false},{"lineNumber":2,"author":{"gitId":"tohyzhong"},"content":"","lastModifiedDate":"2026-01-23T00:41:45","isFullCredit":false},{"lineNumber":3,"author":{"gitId":"tohyzhong"},"content":"import java.util.ArrayList;","lastModifiedDate":"2026-01-23T00:41:45","isFullCredit":false},{"lineNumber":4,"author":{"gitId":"tohyzhong"},"content":"","lastModifiedDate":"2026-01-23T00:41:45","isFullCredit":false},{"lineNumber":5,"author":{"gitId":"tohyzhong"},"content":"public class TaskList {","lastModifiedDate":"2026-01-23T00:41:45","isFullCredit":false},{"lineNumber":6,"author":{"gitId":"tohyzhong"},"content":"    private ArrayList\u003cTask\u003e tasks;","lastModifiedDate":"2026-01-23T00:41:45","isFullCredit":false},{"lineNumber":7,"author":{"gitId":"tohyzhong"},"content":"","lastModifiedDate":"2026-01-23T00:41:45","isFullCredit":false},{"lineNumber":8,"author":{"gitId":"tohyzhong"},"content":"    public TaskList() {","lastModifiedDate":"2026-01-23T00:41:45","isFullCredit":false},{"lineNumber":9,"author":{"gitId":"tohyzhong"},"content":"        this.tasks \u003d new ArrayList\u003cTask\u003e();","lastModifiedDate":"2026-01-23T00:41:45","isFullCredit":false},{"lineNumber":10,"author":{"gitId":"tohyzhong"},"content":"    }","lastModifiedDate":"2026-01-23T00:41:45","isFullCredit":false},{"lineNumber":11,"author":{"gitId":"tohyzhong"},"content":"","lastModifiedDate":"2026-01-23T00:41:45","isFullCredit":false},{"lineNumber":12,"author":{"gitId":"tohyzhong"},"content":"    public Task addTask(Task task) {","lastModifiedDate":"2026-01-23T00:41:45","isFullCredit":false},{"lineNumber":13,"author":{"gitId":"tohyzhong"},"content":"        this.tasks.add(task);","lastModifiedDate":"2026-01-23T00:41:45","isFullCredit":false},{"lineNumber":14,"author":{"gitId":"tohyzhong"},"content":"        return this.getTask(this.getSize() - 1);","lastModifiedDate":"2026-01-23T00:41:45","isFullCredit":false},{"lineNumber":15,"author":{"gitId":"tohyzhong"},"content":"    }","lastModifiedDate":"2026-01-23T00:41:45","isFullCredit":false},{"lineNumber":16,"author":{"gitId":"tohyzhong"},"content":"","lastModifiedDate":"2026-01-23T00:41:45","isFullCredit":false},{"lineNumber":17,"author":{"gitId":"tohyzhong"},"content":"    public Task deleteTask(int index) {","lastModifiedDate":"2026-01-23T00:41:45","isFullCredit":false},{"lineNumber":18,"author":{"gitId":"tohyzhong"},"content":"        return this.tasks.remove(index);","lastModifiedDate":"2026-01-23T00:41:45","isFullCredit":false},{"lineNumber":19,"author":{"gitId":"tohyzhong"},"content":"    }","lastModifiedDate":"2026-01-23T00:41:45","isFullCredit":false},{"lineNumber":20,"author":{"gitId":"tohyzhong"},"content":"","lastModifiedDate":"2026-01-23T00:41:45","isFullCredit":false},{"lineNumber":21,"author":{"gitId":"tohyzhong"},"content":"    public Task getTask(int index) {","lastModifiedDate":"2026-01-23T00:41:45","isFullCredit":false},{"lineNumber":22,"author":{"gitId":"tohyzhong"},"content":"        return this.tasks.get(index);","lastModifiedDate":"2026-01-23T00:41:45","isFullCredit":false},{"lineNumber":23,"author":{"gitId":"tohyzhong"},"content":"    }","lastModifiedDate":"2026-01-23T00:41:45","isFullCredit":false},{"lineNumber":24,"author":{"gitId":"tohyzhong"},"content":"","lastModifiedDate":"2026-01-23T00:41:45","isFullCredit":false},{"lineNumber":25,"author":{"gitId":"tohyzhong"},"content":"    public int getSize() {","lastModifiedDate":"2026-01-23T00:41:45","isFullCredit":false},{"lineNumber":26,"author":{"gitId":"tohyzhong"},"content":"        return this.tasks.size();","lastModifiedDate":"2026-01-23T00:41:45","isFullCredit":false},{"lineNumber":27,"author":{"gitId":"tohyzhong"},"content":"    }","lastModifiedDate":"2026-01-23T00:41:45","isFullCredit":false},{"lineNumber":28,"author":{"gitId":"tohyzhong"},"content":"","lastModifiedDate":"2026-01-23T00:41:45","isFullCredit":false},{"lineNumber":29,"author":{"gitId":"tohyzhong"},"content":"    public String getAllTasks() {","lastModifiedDate":"2026-01-23T00:41:45","isFullCredit":false},{"lineNumber":30,"author":{"gitId":"tohyzhong"},"content":"        String str \u003d \"\";","lastModifiedDate":"2026-01-23T00:41:45","isFullCredit":false},{"lineNumber":31,"author":{"gitId":"tohyzhong"},"content":"        if (this.getSize() \u003d\u003d 0) {","lastModifiedDate":"2026-01-23T00:41:45","isFullCredit":false},{"lineNumber":32,"author":{"gitId":"tohyzhong"},"content":"            str \u003d \"There are no tasks!\";","lastModifiedDate":"2026-01-23T00:41:45","isFullCredit":false},{"lineNumber":33,"author":{"gitId":"tohyzhong"},"content":"        } else {","lastModifiedDate":"2026-01-23T00:41:45","isFullCredit":false},{"lineNumber":34,"author":{"gitId":"tohyzhong"},"content":"            str \u003d \"Here are the tasks in your list:\";","lastModifiedDate":"2026-01-23T00:41:45","isFullCredit":false},{"lineNumber":35,"author":{"gitId":"tohyzhong"},"content":"            for (int i \u003d 0; i \u003c this.getSize(); i++) {","lastModifiedDate":"2026-01-23T00:41:45","isFullCredit":false},{"lineNumber":36,"author":{"gitId":"tohyzhong"},"content":"                str \u003d str + String.format(\"\\n\\t%d. %s\", i + 1, this.getTask(i));","lastModifiedDate":"2026-01-23T00:41:45","isFullCredit":false},{"lineNumber":37,"author":{"gitId":"tohyzhong"},"content":"            }","lastModifiedDate":"2026-01-23T00:41:45","isFullCredit":false},{"lineNumber":38,"author":{"gitId":"tohyzhong"},"content":"        }","lastModifiedDate":"2026-01-23T00:41:45","isFullCredit":false},{"lineNumber":39,"author":{"gitId":"tohyzhong"},"content":"","lastModifiedDate":"2026-01-23T00:41:45","isFullCredit":false},{"lineNumber":40,"author":{"gitId":"tohyzhong"},"content":"        return str;","lastModifiedDate":"2026-01-23T00:41:45","isFullCredit":false},{"lineNumber":41,"author":{"gitId":"tohyzhong"},"content":"    }","lastModifiedDate":"2026-01-23T00:41:45","isFullCredit":false},{"lineNumber":42,"author":{"gitId":"tohyzhong"},"content":"}","lastModifiedDate":"2026-01-23T00:41:45","isFullCredit":false}],"authorContributionMap":{"tohyzhong":42}},{"path":"src/main/java/patrick/tasks/ToDo.java","fileType":"java","lines":[{"lineNumber":1,"author":{"gitId":"tohyzhong"},"content":"package patrick.tasks;","lastModifiedDate":"2026-01-23T00:41:45","isFullCredit":false},{"lineNumber":2,"author":{"gitId":"tohyzhong"},"content":"","lastModifiedDate":"2026-01-23T00:41:45","isFullCredit":false},{"lineNumber":3,"author":{"gitId":"tohyzhong"},"content":"public class ToDo extends Task {","lastModifiedDate":"2026-01-21T00:34:05","isFullCredit":false},{"lineNumber":4,"author":{"gitId":"tohyzhong"},"content":"    public ToDo(String userInput) {","lastModifiedDate":"2026-01-21T00:34:05","isFullCredit":false},{"lineNumber":5,"author":{"gitId":"tohyzhong"},"content":"        super(userInput);","lastModifiedDate":"2026-01-21T00:34:05","isFullCredit":false},{"lineNumber":6,"author":{"gitId":"tohyzhong"},"content":"    }","lastModifiedDate":"2026-01-21T00:34:05","isFullCredit":false},{"lineNumber":7,"author":{"gitId":"tohyzhong"},"content":"","lastModifiedDate":"2026-01-21T00:34:05","isFullCredit":false},{"lineNumber":8,"author":{"gitId":"tohyzhong"},"content":"    @Override","lastModifiedDate":"2026-01-21T00:34:05","isFullCredit":false},{"lineNumber":9,"author":{"gitId":"tohyzhong"},"content":"    public String toString() {","lastModifiedDate":"2026-01-21T00:34:05","isFullCredit":false},{"lineNumber":10,"author":{"gitId":"tohyzhong"},"content":"        return String.format(\"[T][%s] %s\", this.isDone ? \"X\" : \" \", this.description);","lastModifiedDate":"2026-01-21T00:34:05","isFullCredit":false},{"lineNumber":11,"author":{"gitId":"tohyzhong"},"content":"    }","lastModifiedDate":"2026-01-21T00:34:05","isFullCredit":false},{"lineNumber":12,"author":{"gitId":"tohyzhong"},"content":"}","lastModifiedDate":"2026-01-21T00:34:05","isFullCredit":false}],"authorContributionMap":{"tohyzhong":12}},{"path":"text-ui-test/input.txt","fileType":"txt","lines":[{"lineNumber":1,"author":{"gitId":"tohyzhong"},"content":"list","lastModifiedDate":"2026-01-21T03:06:42","isFullCredit":false},{"lineNumber":2,"author":{"gitId":"tohyzhong"},"content":"todo","lastModifiedDate":"2026-01-21T03:06:42","isFullCredit":false},{"lineNumber":3,"author":{"gitId":"tohyzhong"},"content":"list","lastModifiedDate":"2026-01-21T03:06:42","isFullCredit":false},{"lineNumber":4,"author":{"gitId":"tohyzhong"},"content":"todo Test1","lastModifiedDate":"2026-01-21T03:06:42","isFullCredit":false},{"lineNumber":5,"author":{"gitId":"tohyzhong"},"content":"list","lastModifiedDate":"2026-01-21T03:06:42","isFullCredit":false},{"lineNumber":6,"author":{"gitId":"tohyzhong"},"content":"deadline","lastModifiedDate":"2026-01-21T03:06:42","isFullCredit":false},{"lineNumber":7,"author":{"gitId":"tohyzhong"},"content":"deadline Test2","lastModifiedDate":"2026-01-21T03:06:42","isFullCredit":false},{"lineNumber":8,"author":{"gitId":"tohyzhong"},"content":"deadline Test2 /by Mon","lastModifiedDate":"2026-01-21T03:06:42","isFullCredit":false},{"lineNumber":9,"author":{"gitId":"tohyzhong"},"content":"list","lastModifiedDate":"2026-01-21T03:06:42","isFullCredit":false},{"lineNumber":10,"author":{"gitId":"tohyzhong"},"content":"event","lastModifiedDate":"2026-01-21T03:06:42","isFullCredit":false},{"lineNumber":11,"author":{"gitId":"tohyzhong"},"content":"event Test3","lastModifiedDate":"2026-01-21T03:06:42","isFullCredit":false},{"lineNumber":12,"author":{"gitId":"tohyzhong"},"content":"event Test3 /from Wed 3pm","lastModifiedDate":"2026-01-21T03:06:42","isFullCredit":false},{"lineNumber":13,"author":{"gitId":"tohyzhong"},"content":"event Test3 /from Wed 3pm to 4pm","lastModifiedDate":"2026-01-21T03:06:42","isFullCredit":false},{"lineNumber":14,"author":{"gitId":"tohyzhong"},"content":"event Test3 /from Wed 3pm /to 4pm","lastModifiedDate":"2026-01-21T03:06:42","isFullCredit":false},{"lineNumber":15,"author":{"gitId":"tohyzhong"},"content":"list","lastModifiedDate":"2026-01-21T03:06:42","isFullCredit":false},{"lineNumber":16,"author":{"gitId":"tohyzhong"},"content":"mark","lastModifiedDate":"2026-01-21T03:06:42","isFullCredit":false},{"lineNumber":17,"author":{"gitId":"tohyzhong"},"content":"mark 4","lastModifiedDate":"2026-01-21T03:06:42","isFullCredit":false},{"lineNumber":18,"author":{"gitId":"tohyzhong"},"content":"mark -1","lastModifiedDate":"2026-01-21T03:06:42","isFullCredit":false},{"lineNumber":19,"author":{"gitId":"tohyzhong"},"content":"mark 0","lastModifiedDate":"2026-01-21T03:06:42","isFullCredit":false},{"lineNumber":20,"author":{"gitId":"tohyzhong"},"content":"mark 3","lastModifiedDate":"2026-01-21T03:06:42","isFullCredit":false},{"lineNumber":21,"author":{"gitId":"tohyzhong"},"content":"list","lastModifiedDate":"2026-01-21T03:06:42","isFullCredit":false},{"lineNumber":22,"author":{"gitId":"tohyzhong"},"content":"unmark -1","lastModifiedDate":"2026-01-21T03:06:42","isFullCredit":false},{"lineNumber":23,"author":{"gitId":"tohyzhong"},"content":"unmark 3","lastModifiedDate":"2026-01-21T03:06:42","isFullCredit":false},{"lineNumber":24,"author":{"gitId":"tohyzhong"},"content":"list","lastModifiedDate":"2026-01-21T03:06:42","isFullCredit":false},{"lineNumber":25,"author":{"gitId":"tohyzhong"},"content":"delete 3","lastModifiedDate":"2026-01-21T03:06:42","isFullCredit":false},{"lineNumber":26,"author":{"gitId":"tohyzhong"},"content":"list","lastModifiedDate":"2026-01-21T03:06:42","isFullCredit":false},{"lineNumber":27,"author":{"gitId":"tohyzhong"},"content":"exit","lastModifiedDate":"2026-01-21T03:06:42","isFullCredit":false},{"lineNumber":28,"author":{"gitId":"tohyzhong"},"content":"bye","lastModifiedDate":"2026-01-21T03:06:42","isFullCredit":false}],"authorContributionMap":{"tohyzhong":28}},{"path":"text-ui-test/runtest.bat","fileType":"bat","lines":[{"lineNumber":1,"author":{"gitId":"-"},"content":"@ECHO OFF","lastModifiedDate":"2020-05-25T00:03:55","isFullCredit":false},{"lineNumber":2,"author":{"gitId":"-"},"content":"","lastModifiedDate":"2020-05-25T00:03:55","isFullCredit":false},{"lineNumber":3,"author":{"gitId":"-"},"content":"REM create bin directory if it doesn\u0027t exist","lastModifiedDate":"2020-05-25T00:03:55","isFullCredit":false},{"lineNumber":4,"author":{"gitId":"-"},"content":"if not exist ..\\bin mkdir ..\\bin","lastModifiedDate":"2020-05-25T00:03:55","isFullCredit":false},{"lineNumber":5,"author":{"gitId":"-"},"content":"","lastModifiedDate":"2020-05-25T00:03:55","isFullCredit":false},{"lineNumber":6,"author":{"gitId":"-"},"content":"REM delete output from previous run","lastModifiedDate":"2020-05-25T00:03:55","isFullCredit":false},{"lineNumber":7,"author":{"gitId":"-"},"content":"if exist ACTUAL.TXT del ACTUAL.TXT","lastModifiedDate":"2020-08-25T17:23:26","isFullCredit":false},{"lineNumber":8,"author":{"gitId":"-"},"content":"","lastModifiedDate":"2020-05-25T00:03:55","isFullCredit":false},{"lineNumber":9,"author":{"gitId":"-"},"content":"REM compile the code into the bin folder","lastModifiedDate":"2020-05-25T00:03:55","isFullCredit":false},{"lineNumber":10,"author":{"gitId":"tohyzhong"},"content":"javac  -cp ..\\src\\main\\java -Xlint:none -d ..\\bin ..\\src\\main\\java\\patrick\\*.java","lastModifiedDate":"2026-01-23T00:47:42","isFullCredit":false},{"lineNumber":11,"author":{"gitId":"-"},"content":"IF ERRORLEVEL 1 (","lastModifiedDate":"2020-05-25T00:03:55","isFullCredit":false},{"lineNumber":12,"author":{"gitId":"-"},"content":"    echo ********** BUILD FAILURE **********","lastModifiedDate":"2020-05-25T00:03:55","isFullCredit":false},{"lineNumber":13,"author":{"gitId":"-"},"content":"    exit /b 1","lastModifiedDate":"2020-05-25T00:03:55","isFullCredit":false},{"lineNumber":14,"author":{"gitId":"-"},"content":")","lastModifiedDate":"2020-05-25T00:03:55","isFullCredit":false},{"lineNumber":15,"author":{"gitId":"-"},"content":"REM no error here, errorlevel \u003d\u003d 0","lastModifiedDate":"2020-05-25T00:03:55","isFullCredit":false},{"lineNumber":16,"author":{"gitId":"-"},"content":"","lastModifiedDate":"2020-05-25T00:03:55","isFullCredit":false},{"lineNumber":17,"author":{"gitId":"-"},"content":"REM run the program, feed commands from input.txt file and redirect the output to the ACTUAL.TXT","lastModifiedDate":"2020-05-25T00:03:55","isFullCredit":false},{"lineNumber":18,"author":{"gitId":"tohyzhong"},"content":"java -classpath ..\\bin patrick.Patrick \u003c input.txt \u003e ACTUAL.TXT","lastModifiedDate":"2026-01-23T00:47:42","isFullCredit":false},{"lineNumber":19,"author":{"gitId":"-"},"content":"","lastModifiedDate":"2020-05-25T00:03:55","isFullCredit":false},{"lineNumber":20,"author":{"gitId":"-"},"content":"REM compare the output to the expected output","lastModifiedDate":"2020-05-25T00:03:55","isFullCredit":false},{"lineNumber":21,"author":{"gitId":"-"},"content":"FC ACTUAL.TXT EXPECTED.TXT","lastModifiedDate":"2020-05-25T00:03:55","isFullCredit":false}],"authorContributionMap":{"tohyzhong":2,"-":19}}]
