{"authorDailyContributionsMap":{"tohyzhong":[{"date":"2026-01-20T00:00:00","commitResults":[{"hash":"c1ac58d1971d3a245a4a7980790f536a07a25caa","isMergeCommit":false,"messageTitle":"Rename Duke to Gigachad and greet","messageBody":"","tags":["Level-0"],"fileTypesAndContributionMap":{"java":{"insertions":9,"deletions":10}}},{"hash":"8711f73dccce943947c44f8a62b87c8179ab868d","isMergeCommit":false,"messageTitle":"feat: Add echo and exit from command line inputs","messageBody":"","tags":["Level-1"],"fileTypesAndContributionMap":{"java":{"insertions":20,"deletions":3}}},{"hash":"b49b82275fe1f469e7eecd3721ffe2caedd4db07","isMergeCommit":false,"messageTitle":"feat: store and list tasks","messageBody":"","tags":["Level-2"],"fileTypesAndContributionMap":{"java":{"insertions":17,"deletions":3}}},{"hash":"e89f4e8bb4787baffcc8e5ed5642a1b238f6c8b5","isMergeCommit":false,"messageTitle":"Add Task class","messageBody":"","fileTypesAndContributionMap":{"java":{"insertions":27,"deletions":3}}},{"hash":"342b30df5ec16eedeba29b45b47c26152eb08184","isMergeCommit":false,"messageTitle":"refactor: Update loop to use Enums","messageBody":"","tags":["A-Enums"],"fileTypesAndContributionMap":{"java":{"insertions":37,"deletions":19}}}]},{"date":"2026-01-21T00:00:00","commitResults":[{"hash":"749c3be3ea1f6f0c276cffaf6626baf827c99ed7","isMergeCommit":false,"messageTitle":"feat: mark and unmark tasks as done","messageBody":"","tags":["Level-3"],"fileTypesAndContributionMap":{"java":{"insertions":17,"deletions":2}}},{"hash":"8db440001650d8b996c52afb2e9b8d42e9177357","isMergeCommit":false,"messageTitle":"chore: Fix formatting issues","messageBody":"","fileTypesAndContributionMap":{"java":{"insertions":19,"deletions":18}}},{"hash":"e18d4f18acdfcbb90c48b03a0a70aae9cbd5f4b4","isMergeCommit":false,"messageTitle":"feat: Add ToDo tasks","messageBody":"","fileTypesAndContributionMap":{"java":{"insertions":20,"deletions":3}}},{"hash":"0234b7ae2831fff35f662f1adf6de5fe14f40d78","isMergeCommit":false,"messageTitle":"feat: Add Deadline tasks","messageBody":"","fileTypesAndContributionMap":{"java":{"insertions":28,"deletions":3}}},{"hash":"6f25a357824dd4616cf36eda05d21150f1fa2c5b","isMergeCommit":false,"messageTitle":"feat: Add Event tasks","messageBody":"","tags":["Level-4"],"fileTypesAndContributionMap":{"java":{"insertions":38,"deletions":6}}},{"hash":"b2a8395c780f32aa1a56475164694f708bb228c2","isMergeCommit":false,"messageTitle":"feat: Add error handling for all inputs","messageBody":"Input cases with error handling:\n* Unknown commands\n* Mark/Unmark (valid task number)\n* Todo (task name)\n* Deadline (task name, /by)\n* Event (task name, /from and /to)\n","tags":["Level-5"],"fileTypesAndContributionMap":{"java":{"insertions":114,"deletions":14}}},{"hash":"9522a8d35bf28a2b617f67f05245ee7b26c57faf","isMergeCommit":false,"messageTitle":"refactor: error handling with checked exceptions","messageBody":"","fileTypesAndContributionMap":{"java":{"insertions":122,"deletions":150}}},{"hash":"b26e9e34b2e4261be8bb28ad9787af6b526de300","isMergeCommit":false,"messageTitle":"feat: Add Delete command","messageBody":"","tags":["Level-6"],"fileTypesAndContributionMap":{"java":{"insertions":18,"deletions":1}}},{"hash":"4a44b62108009b19b66e18ffd69e6bf4a0cdb6b7","isMergeCommit":false,"messageTitle":"refactor: remove IndexOutOfBoundsException catch to prevent catching all such runtime errors","messageBody":"","fileTypesAndContributionMap":{"java":{"insertions":9,"deletions":6}}},{"hash":"922ec2220fc8c1098efeccd9ef0eaa00f5dc5c4f","isMergeCommit":false,"messageTitle":"feat: Input Output Testing","messageBody":"Testing conducted for:\n* list\n* todo\n* deadline\n* event\n* mark\n* unmark\n* delete\n* unknown commands\n* bye\n","tags":["A-TextUiTesting"],"fileTypesAndContributionMap":{"txt":{"insertions":28,"deletions":0},"java":{"insertions":5,"deletions":2},"bat":{"insertions":1,"deletions":1}}}]}]},"authorFileTypeContributionMap":{"tohyzhong":{"java":267,"md":0,"fxml":0,"sh":0,"bat":1,"gradle":0,"txt":28}},"authorContributionVariance":{"tohyzhong":28197.324},"authorDisplayNameMap":{"tohyzhong":"TOH ..HONG"}}
