{"authorDailyContributionsMap":{"stanvewidjaja":[{"date":"2026-01-20T00:00:00","commitResults":[{"hash":"4582f3b2b1bd3f291c474d02dc272bf0325c518d","isMergeCommit":false,"messageTitle":"Level-0: rename Duke to Iris, add greeting","messageBody":"","tags":["Level-0"],"fileTypesAndContributionMap":{"java":{"insertions":14,"deletions":10},"bat":{"insertions":1,"deletions":1},"md":{"insertions":3,"deletions":3}}},{"hash":"e1a91b0a5d0129e2be30f5d8866dd3533b76973b","isMergeCommit":false,"messageTitle":"add looping functionality, Level-1 complete","messageBody":"","tags":["Level-1"],"fileTypesAndContributionMap":{"java":{"insertions":15,"deletions":2}}}]},{"date":"2026-01-21T00:00:00","commitResults":[{"hash":"3d6d06f20f1f1f336a7ac11f93bd919b7dad9cbc","isMergeCommit":false,"messageTitle":"Added Level-2: add and list","messageBody":"","tags":["Level-2"],"fileTypesAndContributionMap":{"java":{"insertions":16,"deletions":4}}},{"hash":"764dc3453d418e69ec5ae00f186f5431bf978f47","isMergeCommit":false,"messageTitle":"Add Level-3: mark as done using additional array","messageBody":"","tags":["Level-3"],"fileTypesAndContributionMap":{"java":{"insertions":19,"deletions":1}}},{"hash":"318a75b33b782d13155fcefb8068a518a8b403ad","isMergeCommit":false,"messageTitle":"Add printBox and task abstraction, nothing else.","messageBody":"","fileTypesAndContributionMap":{"java":{"insertions":31,"deletions":9}}},{"hash":"02a08c565d075f57f203ebf2e932b825ce025e74","isMergeCommit":false,"messageTitle":"Add Level-4, inheritance and space handling","messageBody":"","tags":["Level-4"],"fileTypesAndContributionMap":{"java":{"insertions":81,"deletions":21}}}]},{"date":"2026-01-22T00:00:00","commitResults":[{"hash":"049c37cc2468b6b49b58ca3d92730a6b7aa45b86","isMergeCommit":false,"messageTitle":"Add level 5 skeleton of IrisException and refactor input processing","messageBody":"","fileTypesAndContributionMap":{"java":{"insertions":43,"deletions":28}}},{"hash":"1a729b95d5950168235365f4eff57a1f31afdac0","isMergeCommit":false,"messageTitle":"Add Level-5 all cases of IrisExceptions.","messageBody":"","tags":["Level-5"],"fileTypesAndContributionMap":{"java":{"insertions":61,"deletions":6}}},{"hash":"abaaf1ccf51b25a745787d6126e26f6fd882cd33","isMergeCommit":false,"messageTitle":"Add Level-6: refactor into ArrayList and add deletion feature.","messageBody":"","tags":["Level-6"],"fileTypesAndContributionMap":{"java":{"insertions":33,"deletions":16}}}]},{"date":"2026-01-26T00:00:00","commitResults":[{"hash":"32d0a556e21c6b382b2fadf61a5b59afc253b375","isMergeCommit":false,"messageTitle":"Implement Level 7 file creation and check","messageBody":"","fileTypesAndContributionMap":{"java":{"insertions":24,"deletions":0}}},{"hash":"ddc15ac67a6df2f2fba43066cf040911326f3d0b","isMergeCommit":false,"messageTitle":"Add write and read from file for Level-7","messageBody":"","fileTypesAndContributionMap":{"java":{"insertions":102,"deletions":11}}},{"hash":"f7150db7fb677dd6b5c8ab0e003c6e89259ef722","isMergeCommit":true,"messageTitle":"Merge \u0027branch-Level-7\u0027 for Level 7 implementation","messageBody":"","tags":["Level-7"],"fileTypesAndContributionMap":{}}]},{"date":"2026-01-27T00:00:00","commitResults":[{"hash":"ead8abb326198c98ce62997afcb50aeaf5d29843","isMergeCommit":false,"messageTitle":"Complete Level-8 dates","messageBody":"","fileTypesAndContributionMap":{"java":{"insertions":27,"deletions":13}}},{"hash":"20d4db4bc2e2c7692826464153eb50590ca8184c","isMergeCommit":true,"messageTitle":"Merge branch \u0027branch-Level-8\u0027","messageBody":"","tags":["Level-8"],"fileTypesAndContributionMap":{}},{"hash":"1db33f4706e821fc49c748879d658e71a4221246","isMergeCommit":false,"messageTitle":"Implement Ui, Storage for A-MoreOOP","messageBody":"","fileTypesAndContributionMap":{"java":{"insertions":194,"deletions":163}}},{"hash":"83e1ceef016a252df80704a6465cfbeeb710e924","isMergeCommit":false,"messageTitle":"Add Storage and Parser for A-MoreOOP","messageBody":"","tags":["A-MoreOOP"],"fileTypesAndContributionMap":{"java":{"insertions":146,"deletions":103}}}]},{"date":"2026-01-28T00:00:00","commitResults":[{"hash":"688ba1d8fe83c8f0e27d134b20e53fd722bbf3c2","isMergeCommit":false,"messageTitle":"Refactor files into iris package","messageBody":"","tags":["A-Packages"],"fileTypesAndContributionMap":{"java":{"insertions":20,"deletions":0}}},{"hash":"e384b0ee9e202f0ab76052074daa37d343d73061","isMergeCommit":true,"messageTitle":"Merge branch \u0027add-gradle-support\u0027","messageBody":"","fileTypesAndContributionMap":{}},{"hash":"b43a08a3b7fc4ec6222f335ba2bed713ff944e88","isMergeCommit":false,"messageTitle":"Fix gradle mainClass setting","messageBody":"","tags":["A-Gradle"],"fileTypesAndContributionMap":{"gradle":{"insertions":1,"deletions":1}}},{"hash":"ecde59014516474bbc11a6945607cf204a93fc71","isMergeCommit":false,"messageTitle":"Add storage and parser test for A-JUnit","messageBody":"","tags":["A-JUnit"],"fileTypesAndContributionMap":{"java":{"insertions":71,"deletions":1}}}]},{"date":"2026-01-29T00:00:00","commitResults":[{"hash":"09ec3a91a687488db0198ba55ef91e81bdd973eb","isMergeCommit":false,"messageTitle":"Configure executable JAR, ignore test folder","messageBody":"","tags":["A-Jar"],"fileTypesAndContributionMap":{"gradle":{"insertions":9,"deletions":0}}},{"hash":"87a57474d431112becb4112ad9554c559ef27f64","isMergeCommit":false,"messageTitle":"Add JavaDoc to main classes and public methods","messageBody":"","fileTypesAndContributionMap":{"java":{"insertions":133,"deletions":1}}},{"hash":"43ebf5dec4617d466c78578f4a84258af58ca02d","isMergeCommit":true,"messageTitle":"Merge A-JavaDoc","messageBody":"","tags":["A-JavaDoc"],"fileTypesAndContributionMap":{}}]}]},"authorFileTypeContributionMap":{"stanvewidjaja":{"java":651,"md":3,"fxml":0,"sh":0,"bat":1,"gradle":10,"txt":0}},"authorContributionVariance":{"stanvewidjaja":20828.346},"authorDisplayNameMap":{"stanvewidjaja":"CS2103T-W14-3 STAN..JAJA"}}
