{"authorDailyContributionsMap":{"microaugust":[{"date":"2026-01-22T00:00:00","commitResults":[{"hash":"1ff46e4c6ccf18a25f7b1b089ab28c33ecbe2abb","isMergeCommit":false,"messageTitle":"Level-0","messageBody":"","tags":["Level-0"],"fileTypesAndContributionMap":{"java":{"insertions":15,"deletions":10}}},{"hash":"b06ff471b102012555972c93804919f21b6695c9","isMergeCommit":false,"messageTitle":"Level 1","messageBody":"","tags":["Level-1"],"fileTypesAndContributionMap":{"java":{"insertions":15,"deletions":4}}},{"hash":"2235da9cec0906899e3f08b80573751d29afe084","isMergeCommit":false,"messageTitle":"Level-2","messageBody":"","tags":["Level-2"],"fileTypesAndContributionMap":{"java":{"insertions":29,"deletions":0}}},{"hash":"778ea9a4bf0166b5c1f0aa112bdad9c6d1f03be5","isMergeCommit":false,"messageTitle":"Level-3","messageBody":"","tags":["Level-3"],"fileTypesAndContributionMap":{"java":{"insertions":64,"deletions":34}}},{"hash":"d41108bc4c2d680e61310ca9477b07c5e00130bb","isMergeCommit":false,"messageTitle":"Level-4","messageBody":"","tags":["Level-4"],"fileTypesAndContributionMap":{"java":{"insertions":108,"deletions":41}}},{"hash":"30a9fbecb2783988ac0489c3769c71e2ca926bfc","isMergeCommit":false,"messageTitle":"A-TextUiTesting","messageBody":"","tags":["A-TextUiTesting"],"fileTypesAndContributionMap":{"txt":{"insertions":9,"deletions":0},"sh":{"insertions":1,"deletions":1}}}]}]},"authorFileTypeContributionMap":{"microaugust":{"java":152,"md":0,"fxml":0,"sh":1,"bat":0,"gradle":0,"txt":9}},"authorContributionVariance":{"microaugust":7266.8013},"authorDisplayNameMap":{"microaugust":"MALE..NUTT"}}
