{"authorDailyContributionsMap":{"Sheasu":[{"date":"2026-01-22T00:00:00","commitResults":[{"hash":"514df07e28593f4ede6b4c1677fc45a729d38004","isMergeCommit":false,"messageTitle":"Replace Duke with Athena","messageBody":"","tags":["Level-0"],"fileTypesAndContributionMap":{"java":{"insertions":11,"deletions":10}}},{"hash":"bc113698ece80f461582be39c2f6927d84680aa6","isMergeCommit":false,"messageTitle":"Athena echos user","messageBody":"","tags":["Level-1"],"fileTypesAndContributionMap":{"java":{"insertions":30,"deletions":7}}}]},{"date":"2026-01-23T00:00:00","commitResults":[{"hash":"850e7eddde820b7157f297fe2f0a2e1689b5c142","isMergeCommit":false,"messageTitle":"Athena displays list of inputs","messageBody":"","tags":["Level-2"],"fileTypesAndContributionMap":{"java":{"insertions":21,"deletions":4}}},{"hash":"9a1c6ef2b79a55a37cc4fd9db452d03e65892882","isMergeCommit":false,"messageTitle":"Athena marks and unmarks tasks","messageBody":"","tags":["Level-3"],"fileTypesAndContributionMap":{"java":{"insertions":56,"deletions":4}}}]},{"date":"2026-01-26T00:00:00","commitResults":[{"hash":"8362223ff920a418999ef027a6fd6831cab2925d","isMergeCommit":false,"messageTitle":"Athena adds Todos, Events and Deadlines","messageBody":"","tags":["Level-4"],"fileTypesAndContributionMap":{"java":{"insertions":83,"deletions":0}}}]},{"date":"2026-01-27T00:00:00","commitResults":[{"hash":"b4c6590ea5ed219d4d04d580b9c603b1b3e5a806","isMergeCommit":false,"messageTitle":"Athena is tested semi-automatically","messageBody":"","tags":["A-TextUiTesting"],"fileTypesAndContributionMap":{"txt":{"insertions":8,"deletions":0},"bat":{"insertions":0,"deletions":21},"sh":{"insertions":3,"deletions":7}}},{"hash":"0d68fcb668e56e450744439b6fc87a5ca836b477","isMergeCommit":false,"messageTitle":"Athena handles errors","messageBody":"","tags":["Level-5"],"fileTypesAndContributionMap":{"java":{"insertions":107,"deletions":89}}},{"hash":"e4148d82f69a5dcafb26487ee57cb6f02400bb29","isMergeCommit":false,"messageTitle":"Athena deletes tasks","messageBody":"","tags":["Level-6"],"fileTypesAndContributionMap":{"java":{"insertions":12,"deletions":0}}}]}]},"authorFileTypeContributionMap":{"Sheasu":{"java":216,"md":0,"fxml":0,"sh":2,"bat":0,"gradle":0,"txt":8}},"authorContributionVariance":{"Sheasu":3511.1467},"authorDisplayNameMap":{"Sheasu":"CS2103T-T12-2 SURE..EASU"}}
