[{"path":"src/main/java/Ani.java","fileType":"java","lines":[{"lineNumber":1,"author":{"gitId":"anir2212"},"content":"","lastModifiedDate":"2026-01-25T01:15:40","isFullCredit":false},{"lineNumber":2,"author":{"gitId":"anir2212"},"content":"import java.util.Objects;","lastModifiedDate":"2026-01-25T01:15:40","isFullCredit":false},{"lineNumber":3,"author":{"gitId":"anir2212"},"content":"import java.util.Scanner;","lastModifiedDate":"2026-01-25T01:15:40","isFullCredit":false},{"lineNumber":4,"author":{"gitId":"anir2212"},"content":"public class Ani {","lastModifiedDate":"2026-01-25T00:53:42","isFullCredit":false},{"lineNumber":5,"author":{"gitId":"anir2212"},"content":"    public static void main(String[] args) {","lastModifiedDate":"2026-01-25T00:53:27","isFullCredit":false},{"lineNumber":6,"author":{"gitId":"anir2212"},"content":"","lastModifiedDate":"2026-01-25T00:53:27","isFullCredit":false},{"lineNumber":7,"author":{"gitId":"anir2212"},"content":"        String logo \u003d \"    ___     ___   ___  _______\\n\"","lastModifiedDate":"2026-01-25T00:53:27","isFullCredit":false},{"lineNumber":8,"author":{"gitId":"anir2212"},"content":"                + \"   /   \\\\   |   \\\\  | | |__  __|\\n\"","lastModifiedDate":"2026-01-27T19:14:49","isFullCredit":false},{"lineNumber":9,"author":{"gitId":"anir2212"},"content":"                + \"  / /_\\\\ \\\\  | |\\\\ \\\\ | |   |  |\\n\"","lastModifiedDate":"2026-01-25T00:53:27","isFullCredit":false},{"lineNumber":10,"author":{"gitId":"anir2212"},"content":"                + \" / ----- \\\\ | | \\\\ \\\\| | __|  |__\\n\"","lastModifiedDate":"2026-01-25T00:53:27","isFullCredit":false},{"lineNumber":11,"author":{"gitId":"anir2212"},"content":"                + \"/__/   \\\\__\\\\| |  \\\\___| |______|\";","lastModifiedDate":"2026-01-25T00:53:27","isFullCredit":false},{"lineNumber":12,"author":{"gitId":"anir2212"},"content":"","lastModifiedDate":"2026-01-25T00:53:27","isFullCredit":false},{"lineNumber":13,"author":{"gitId":"anir2212"},"content":"","lastModifiedDate":"2026-01-25T00:53:27","isFullCredit":false},{"lineNumber":14,"author":{"gitId":"anir2212"},"content":"","lastModifiedDate":"2026-01-27T19:14:49","isFullCredit":false},{"lineNumber":15,"author":{"gitId":"anir2212"},"content":"        System.out.println(\"Hello from\\n\" + logo);","lastModifiedDate":"2026-01-25T00:53:27","isFullCredit":false},{"lineNumber":16,"author":{"gitId":"anir2212"},"content":"        String[] task_list \u003d new String[100];","lastModifiedDate":"2026-01-26T13:31:45","isFullCredit":false},{"lineNumber":17,"author":{"gitId":"anir2212"},"content":"","lastModifiedDate":"2026-01-25T00:53:27","isFullCredit":false},{"lineNumber":18,"author":{"gitId":"anir2212"},"content":"","lastModifiedDate":"2026-01-25T01:15:40","isFullCredit":false},{"lineNumber":19,"author":{"gitId":"anir2212"},"content":"        String intro \u003d \"___________________________________\\n\" +","lastModifiedDate":"2026-01-25T00:53:27","isFullCredit":false},{"lineNumber":20,"author":{"gitId":"anir2212"},"content":"                \"Hello! I\u0027m Ani\\n\"","lastModifiedDate":"2026-01-25T00:53:27","isFullCredit":false},{"lineNumber":21,"author":{"gitId":"anir2212"},"content":"                + \"What can I do for you?\\n\" + \"________________________________\";","lastModifiedDate":"2026-01-27T19:14:49","isFullCredit":false},{"lineNumber":22,"author":{"gitId":"anir2212"},"content":"","lastModifiedDate":"2026-01-25T00:53:27","isFullCredit":false},{"lineNumber":23,"author":{"gitId":"anir2212"},"content":"        String exit \u003d \"___________________________________\\n\" +","lastModifiedDate":"2026-01-25T00:53:27","isFullCredit":false},{"lineNumber":24,"author":{"gitId":"anir2212"},"content":"                \"Bye. Hope to see you again soon!\\n\" + \"___________________________________\";","lastModifiedDate":"2026-01-25T00:53:27","isFullCredit":false},{"lineNumber":25,"author":{"gitId":"anir2212"},"content":"","lastModifiedDate":"2026-01-25T00:53:27","isFullCredit":false},{"lineNumber":26,"author":{"gitId":"anir2212"},"content":"        System.out.println(intro);","lastModifiedDate":"2026-01-25T01:15:40","isFullCredit":false},{"lineNumber":27,"author":{"gitId":"anir2212"},"content":"        Task[] lst \u003d new Task[100];","lastModifiedDate":"2026-01-26T13:31:45","isFullCredit":false},{"lineNumber":28,"author":{"gitId":"anir2212"},"content":"","lastModifiedDate":"2026-01-26T13:31:45","isFullCredit":false},{"lineNumber":29,"author":{"gitId":"anir2212"},"content":"","lastModifiedDate":"2026-01-25T00:53:27","isFullCredit":false},{"lineNumber":30,"author":{"gitId":"anir2212"},"content":"        Scanner s \u003d new Scanner(System.in);","lastModifiedDate":"2026-01-25T01:15:40","isFullCredit":false},{"lineNumber":31,"author":{"gitId":"anir2212"},"content":"","lastModifiedDate":"2026-01-27T19:14:49","isFullCredit":false},{"lineNumber":32,"author":{"gitId":"anir2212"},"content":"","lastModifiedDate":"2026-01-27T19:14:49","isFullCredit":false},{"lineNumber":33,"author":{"gitId":"anir2212"},"content":"        String input \u003d s.nextLine();","lastModifiedDate":"2026-01-25T01:15:40","isFullCredit":false},{"lineNumber":34,"author":{"gitId":"anir2212"},"content":"        String[] words \u003d input.split(\" \");","lastModifiedDate":"2026-01-26T18:21:26","isFullCredit":false},{"lineNumber":35,"author":{"gitId":"anir2212"},"content":"","lastModifiedDate":"2026-01-26T18:21:26","isFullCredit":false},{"lineNumber":36,"author":{"gitId":"anir2212"},"content":"","lastModifiedDate":"2026-01-25T00:53:27","isFullCredit":false},{"lineNumber":37,"author":{"gitId":"anir2212"},"content":"        while (!input.equals(\"bye\")) {","lastModifiedDate":"2026-01-26T18:21:26","isFullCredit":false},{"lineNumber":38,"author":{"gitId":"anir2212"},"content":"            String firstWord \u003d input.split(\" \")[0];","lastModifiedDate":"2026-01-27T13:27:18","isFullCredit":false},{"lineNumber":39,"author":{"gitId":"anir2212"},"content":"            switch (firstWord) {","lastModifiedDate":"2026-01-27T13:27:18","isFullCredit":false},{"lineNumber":40,"author":{"gitId":"anir2212"},"content":"                case \"list\":","lastModifiedDate":"2026-01-26T18:21:26","isFullCredit":false},{"lineNumber":41,"author":{"gitId":"anir2212"},"content":"                    System.out.println(\"____________________________\\n\" + \"Here are the tasks in your list:\");","lastModifiedDate":"2026-01-27T13:27:18","isFullCredit":false},{"lineNumber":42,"author":{"gitId":"anir2212"},"content":"                    for (int i \u003d 1; i \u003c lst.length + 1; i++) {","lastModifiedDate":"2026-01-26T13:31:45","isFullCredit":false},{"lineNumber":43,"author":{"gitId":"anir2212"},"content":"                        if (lst[i - 1] \u003d\u003d null) {","lastModifiedDate":"2026-01-26T13:31:45","isFullCredit":false},{"lineNumber":44,"author":{"gitId":"anir2212"},"content":"                            break;","lastModifiedDate":"2026-01-26T13:31:45","isFullCredit":false},{"lineNumber":45,"author":{"gitId":"anir2212"},"content":"                        }","lastModifiedDate":"2026-01-26T13:31:45","isFullCredit":false},{"lineNumber":46,"author":{"gitId":"anir2212"},"content":"                        System.out.println(i + \". \" + lst[i - 1].toString());","lastModifiedDate":"2026-01-26T18:21:26","isFullCredit":false},{"lineNumber":47,"author":{"gitId":"anir2212"},"content":"                    }","lastModifiedDate":"2026-01-26T13:31:45","isFullCredit":false},{"lineNumber":48,"author":{"gitId":"anir2212"},"content":"","lastModifiedDate":"2026-01-25T00:53:27","isFullCredit":false},{"lineNumber":49,"author":{"gitId":"anir2212"},"content":"                    System.out.println(\"_____________________________\");","lastModifiedDate":"2026-01-26T13:31:45","isFullCredit":false},{"lineNumber":50,"author":{"gitId":"anir2212"},"content":"                    break;","lastModifiedDate":"2026-01-26T18:21:26","isFullCredit":false},{"lineNumber":51,"author":{"gitId":"anir2212"},"content":"","lastModifiedDate":"2026-01-26T18:21:26","isFullCredit":false},{"lineNumber":52,"author":{"gitId":"anir2212"},"content":"                case \"mark\" :","lastModifiedDate":"2026-01-27T13:27:18","isFullCredit":false},{"lineNumber":53,"author":{"gitId":"anir2212"},"content":"                    int num \u003d Integer.parseInt(words[1]);","lastModifiedDate":"2026-01-26T18:21:26","isFullCredit":false},{"lineNumber":54,"author":{"gitId":"anir2212"},"content":"","lastModifiedDate":"2026-01-26T18:21:26","isFullCredit":false},{"lineNumber":55,"author":{"gitId":"anir2212"},"content":"                    lst[num - 1].change_to_mark();","lastModifiedDate":"2026-01-26T18:21:26","isFullCredit":false},{"lineNumber":56,"author":{"gitId":"anir2212"},"content":"                    System.out.println(\"_____________________\\n\" +","lastModifiedDate":"2026-01-26T18:21:26","isFullCredit":false},{"lineNumber":57,"author":{"gitId":"anir2212"},"content":"                            \"Nice! I have marked this task as done:\\n\" +","lastModifiedDate":"2026-01-26T18:21:26","isFullCredit":false},{"lineNumber":58,"author":{"gitId":"anir2212"},"content":"                            lst[num - 1].toString() + \"\\n____________________________\");","lastModifiedDate":"2026-01-26T18:21:26","isFullCredit":false},{"lineNumber":59,"author":{"gitId":"anir2212"},"content":"                    break;","lastModifiedDate":"2026-01-27T13:27:18","isFullCredit":false},{"lineNumber":60,"author":{"gitId":"anir2212"},"content":"","lastModifiedDate":"2026-01-26T18:21:26","isFullCredit":false},{"lineNumber":61,"author":{"gitId":"anir2212"},"content":"                case \"unmark\" :","lastModifiedDate":"2026-01-27T13:27:18","isFullCredit":false},{"lineNumber":62,"author":{"gitId":"anir2212"},"content":"                    int second_num \u003d Integer.parseInt(words[1]);","lastModifiedDate":"2026-01-27T13:27:18","isFullCredit":false},{"lineNumber":63,"author":{"gitId":"anir2212"},"content":"                    lst[second_num - 1].change_to_unmark();","lastModifiedDate":"2026-01-27T13:27:18","isFullCredit":false},{"lineNumber":64,"author":{"gitId":"anir2212"},"content":"                    System.out.println(\"_____________________\\n\" +","lastModifiedDate":"2026-01-26T18:21:26","isFullCredit":false},{"lineNumber":65,"author":{"gitId":"anir2212"},"content":"                            \"OK, I\u0027ve marked this task as not done yet:\\n\" +","lastModifiedDate":"2026-01-26T18:21:26","isFullCredit":false},{"lineNumber":66,"author":{"gitId":"anir2212"},"content":"                            lst[second_num - 1].toString() + \"\\n___________________________\");","lastModifiedDate":"2026-01-27T13:27:18","isFullCredit":false},{"lineNumber":67,"author":{"gitId":"anir2212"},"content":"                    break;","lastModifiedDate":"2026-01-27T13:27:18","isFullCredit":false},{"lineNumber":68,"author":{"gitId":"anir2212"},"content":"","lastModifiedDate":"2026-01-27T13:27:18","isFullCredit":false},{"lineNumber":69,"author":{"gitId":"anir2212"},"content":"                case \"todo\" :","lastModifiedDate":"2026-01-27T13:27:18","isFullCredit":false},{"lineNumber":70,"author":{"gitId":"anir2212"},"content":"","lastModifiedDate":"2026-01-27T13:27:18","isFullCredit":false},{"lineNumber":71,"author":{"gitId":"anir2212"},"content":"                    String task_todo \u003d input.trim().split(\" \", 2)[1];","lastModifiedDate":"2026-01-27T13:27:18","isFullCredit":false},{"lineNumber":72,"author":{"gitId":"anir2212"},"content":"                    Todo t \u003d new Todo(Task.count, task_todo, false);","lastModifiedDate":"2026-01-27T13:27:18","isFullCredit":false},{"lineNumber":73,"author":{"gitId":"anir2212"},"content":"                    lst[Task.count] \u003d t;","lastModifiedDate":"2026-01-27T13:27:18","isFullCredit":false},{"lineNumber":74,"author":{"gitId":"anir2212"},"content":"                    Task.count_increase();","lastModifiedDate":"2026-01-27T13:27:18","isFullCredit":false},{"lineNumber":75,"author":{"gitId":"anir2212"},"content":"                    System.out.println(\"__________________________\\n\" + \"Got it. I\u0027ve added this task:\\n\"","lastModifiedDate":"2026-01-27T13:27:18","isFullCredit":false},{"lineNumber":76,"author":{"gitId":"anir2212"},"content":"                            + t + \"\\nNow you have \" + Task.count + \" tasks in the list.\\n\"","lastModifiedDate":"2026-01-27T13:27:18","isFullCredit":false},{"lineNumber":77,"author":{"gitId":"anir2212"},"content":"                            + \"_________________________________\");","lastModifiedDate":"2026-01-27T13:27:18","isFullCredit":false},{"lineNumber":78,"author":{"gitId":"anir2212"},"content":"                    break;","lastModifiedDate":"2026-01-27T13:27:18","isFullCredit":false},{"lineNumber":79,"author":{"gitId":"anir2212"},"content":"                case \"deadline\" :","lastModifiedDate":"2026-01-27T13:27:18","isFullCredit":false},{"lineNumber":80,"author":{"gitId":"anir2212"},"content":"                    String[] parts \u003d input.split(\"/\");","lastModifiedDate":"2026-01-27T13:27:18","isFullCredit":false},{"lineNumber":81,"author":{"gitId":"anir2212"},"content":"                    String date \u003d parts[1].trim().split(\" \", 2)[1];","lastModifiedDate":"2026-01-27T13:27:18","isFullCredit":false},{"lineNumber":82,"author":{"gitId":"anir2212"},"content":"                    String task_name \u003d parts[0].trim().split(\" \", 2)[1];","lastModifiedDate":"2026-01-27T13:27:18","isFullCredit":false},{"lineNumber":83,"author":{"gitId":"anir2212"},"content":"                    Deadlines d \u003d new Deadlines(Task.count, task_name, false, date);","lastModifiedDate":"2026-01-27T13:27:18","isFullCredit":false},{"lineNumber":84,"author":{"gitId":"anir2212"},"content":"                    lst[Task.count] \u003d d;","lastModifiedDate":"2026-01-27T13:27:18","isFullCredit":false},{"lineNumber":85,"author":{"gitId":"anir2212"},"content":"                    Task.count_increase();","lastModifiedDate":"2026-01-27T13:27:18","isFullCredit":false},{"lineNumber":86,"author":{"gitId":"anir2212"},"content":"                    System.out.println(\"__________________________\\n\" + \"Got it. I\u0027ve added this task:\\n\"","lastModifiedDate":"2026-01-27T13:27:18","isFullCredit":false},{"lineNumber":87,"author":{"gitId":"anir2212"},"content":"                            + d + \"\\nNow you have \" + Task.count + \" tasks in the list.\\n\"","lastModifiedDate":"2026-01-27T13:27:18","isFullCredit":false},{"lineNumber":88,"author":{"gitId":"anir2212"},"content":"                            + \"_________________________________\");","lastModifiedDate":"2026-01-27T13:27:18","isFullCredit":false},{"lineNumber":89,"author":{"gitId":"anir2212"},"content":"                    break;","lastModifiedDate":"2026-01-27T13:27:18","isFullCredit":false},{"lineNumber":90,"author":{"gitId":"anir2212"},"content":"","lastModifiedDate":"2026-01-26T18:21:26","isFullCredit":false},{"lineNumber":91,"author":{"gitId":"anir2212"},"content":"                case \"event\" :","lastModifiedDate":"2026-01-27T13:27:18","isFullCredit":false},{"lineNumber":92,"author":{"gitId":"anir2212"},"content":"                    String[] event_parts \u003d input.split(\"/\");","lastModifiedDate":"2026-01-27T13:27:18","isFullCredit":false},{"lineNumber":93,"author":{"gitId":"anir2212"},"content":"                    String start \u003d event_parts[1].trim().split(\" \", 2)[1];","lastModifiedDate":"2026-01-27T13:27:18","isFullCredit":false},{"lineNumber":94,"author":{"gitId":"anir2212"},"content":"                    String end \u003d event_parts[2].trim().split(\" \", 2)[1];","lastModifiedDate":"2026-01-27T13:27:18","isFullCredit":false},{"lineNumber":95,"author":{"gitId":"anir2212"},"content":"                    String event_task \u003d event_parts[0].trim().split(\" \", 2)[1];","lastModifiedDate":"2026-01-27T13:27:18","isFullCredit":false},{"lineNumber":96,"author":{"gitId":"anir2212"},"content":"                    Event e \u003d new Event(Task.count, event_task, false, start, end);","lastModifiedDate":"2026-01-27T13:27:18","isFullCredit":false},{"lineNumber":97,"author":{"gitId":"anir2212"},"content":"                    lst[Task.count] \u003d e;","lastModifiedDate":"2026-01-27T13:27:18","isFullCredit":false},{"lineNumber":98,"author":{"gitId":"anir2212"},"content":"                    Task.count_increase();","lastModifiedDate":"2026-01-27T13:27:18","isFullCredit":false},{"lineNumber":99,"author":{"gitId":"anir2212"},"content":"                    System.out.println(\"__________________________\\n\" + \"Got it. I\u0027ve added this task:\\n\"","lastModifiedDate":"2026-01-27T13:27:18","isFullCredit":false},{"lineNumber":100,"author":{"gitId":"anir2212"},"content":"                            + e + \"\\nNow you have \" + Task.count + \" tasks in the list.\\n\"","lastModifiedDate":"2026-01-27T13:27:18","isFullCredit":false},{"lineNumber":101,"author":{"gitId":"anir2212"},"content":"                            + \"_________________________________\");","lastModifiedDate":"2026-01-27T13:27:18","isFullCredit":false},{"lineNumber":102,"author":{"gitId":"anir2212"},"content":"                    break;","lastModifiedDate":"2026-01-27T13:27:18","isFullCredit":false},{"lineNumber":103,"author":{"gitId":"anir2212"},"content":"","lastModifiedDate":"2026-01-25T00:53:27","isFullCredit":false},{"lineNumber":104,"author":{"gitId":"anir2212"},"content":"                default:","lastModifiedDate":"2026-01-27T13:27:18","isFullCredit":false},{"lineNumber":105,"author":{"gitId":"anir2212"},"content":"                    System.out.println(\"_______________________\\n\" + \"added: \" + input + \"\\n__________________________\\n\");","lastModifiedDate":"2026-01-26T13:31:45","isFullCredit":false},{"lineNumber":106,"author":{"gitId":"anir2212"},"content":"                    Task a \u003d new Task(Task.count, input, false);","lastModifiedDate":"2026-01-26T18:21:26","isFullCredit":false},{"lineNumber":107,"author":{"gitId":"anir2212"},"content":"                    lst[Task.count] \u003d a;","lastModifiedDate":"2026-01-26T13:31:45","isFullCredit":false},{"lineNumber":108,"author":{"gitId":"anir2212"},"content":"                    Task.count_increase();","lastModifiedDate":"2026-01-26T13:31:45","isFullCredit":false},{"lineNumber":109,"author":{"gitId":"anir2212"},"content":"","lastModifiedDate":"2026-01-25T00:53:27","isFullCredit":false},{"lineNumber":110,"author":{"gitId":"anir2212"},"content":"            }","lastModifiedDate":"2026-01-26T18:21:26","isFullCredit":false},{"lineNumber":111,"author":{"gitId":"anir2212"},"content":"","lastModifiedDate":"2026-01-27T13:27:18","isFullCredit":false},{"lineNumber":112,"author":{"gitId":"anir2212"},"content":"            input \u003d s.nextLine();","lastModifiedDate":"2026-01-26T13:31:45","isFullCredit":false},{"lineNumber":113,"author":{"gitId":"anir2212"},"content":"            words \u003d input.split(\" \");","lastModifiedDate":"2026-01-26T18:21:26","isFullCredit":false},{"lineNumber":114,"author":{"gitId":"anir2212"},"content":"        }","lastModifiedDate":"2026-01-26T13:31:45","isFullCredit":false},{"lineNumber":115,"author":{"gitId":"anir2212"},"content":"        System.out.println(exit);","lastModifiedDate":"2026-01-26T13:31:45","isFullCredit":false},{"lineNumber":116,"author":{"gitId":"anir2212"},"content":"    }","lastModifiedDate":"2026-01-25T00:53:27","isFullCredit":false},{"lineNumber":117,"author":{"gitId":"anir2212"},"content":"}","lastModifiedDate":"2026-01-25T00:53:27","isFullCredit":false},{"lineNumber":118,"author":{"gitId":"anir2212"},"content":"","lastModifiedDate":"2026-01-26T18:21:26","isFullCredit":false},{"lineNumber":119,"author":{"gitId":"anir2212"},"content":"","lastModifiedDate":"2026-01-26T18:21:26","isFullCredit":false}],"authorContributionMap":{"anir2212":119}},{"path":"src/main/java/Deadlines.java","fileType":"java","lines":[{"lineNumber":1,"author":{"gitId":"anir2212"},"content":"public class Deadlines extends Task{","lastModifiedDate":"2026-01-27T13:27:18","isFullCredit":false},{"lineNumber":2,"author":{"gitId":"anir2212"},"content":"    private String date;","lastModifiedDate":"2026-01-27T13:27:18","isFullCredit":false},{"lineNumber":3,"author":{"gitId":"anir2212"},"content":"    Deadlines(int num, String s, boolean b, String date) {","lastModifiedDate":"2026-01-27T13:27:18","isFullCredit":false},{"lineNumber":4,"author":{"gitId":"anir2212"},"content":"        super(num, s, b);","lastModifiedDate":"2026-01-27T13:27:18","isFullCredit":false},{"lineNumber":5,"author":{"gitId":"anir2212"},"content":"        this.date \u003d date;","lastModifiedDate":"2026-01-27T13:27:18","isFullCredit":false},{"lineNumber":6,"author":{"gitId":"anir2212"},"content":"    }","lastModifiedDate":"2026-01-27T13:27:18","isFullCredit":false},{"lineNumber":7,"author":{"gitId":"anir2212"},"content":"","lastModifiedDate":"2026-01-27T13:27:18","isFullCredit":false},{"lineNumber":8,"author":{"gitId":"anir2212"},"content":"    public String toString() {","lastModifiedDate":"2026-01-27T13:27:18","isFullCredit":false},{"lineNumber":9,"author":{"gitId":"anir2212"},"content":"        return \"[D]\" + super.toString() + \" (by: \" + date + \")\";","lastModifiedDate":"2026-01-27T13:27:18","isFullCredit":false},{"lineNumber":10,"author":{"gitId":"anir2212"},"content":"    }","lastModifiedDate":"2026-01-27T13:27:18","isFullCredit":false},{"lineNumber":11,"author":{"gitId":"anir2212"},"content":"}","lastModifiedDate":"2026-01-27T13:27:18","isFullCredit":false}],"authorContributionMap":{"anir2212":11}},{"path":"src/main/java/Event.java","fileType":"java","lines":[{"lineNumber":1,"author":{"gitId":"anir2212"},"content":"public class Event extends Task{","lastModifiedDate":"2026-01-27T13:27:18","isFullCredit":false},{"lineNumber":2,"author":{"gitId":"anir2212"},"content":"","lastModifiedDate":"2026-01-27T13:27:18","isFullCredit":false},{"lineNumber":3,"author":{"gitId":"anir2212"},"content":"    private String start;","lastModifiedDate":"2026-01-27T13:27:18","isFullCredit":false},{"lineNumber":4,"author":{"gitId":"anir2212"},"content":"    private String end;","lastModifiedDate":"2026-01-27T13:27:18","isFullCredit":false},{"lineNumber":5,"author":{"gitId":"anir2212"},"content":"","lastModifiedDate":"2026-01-27T13:27:18","isFullCredit":false},{"lineNumber":6,"author":{"gitId":"anir2212"},"content":"    Event(int num, String s, boolean b, String start, String end) {","lastModifiedDate":"2026-01-27T13:27:18","isFullCredit":false},{"lineNumber":7,"author":{"gitId":"anir2212"},"content":"","lastModifiedDate":"2026-01-27T13:27:18","isFullCredit":false},{"lineNumber":8,"author":{"gitId":"anir2212"},"content":"        super(num, s, b);","lastModifiedDate":"2026-01-27T13:27:18","isFullCredit":false},{"lineNumber":9,"author":{"gitId":"anir2212"},"content":"        this.start \u003d start;","lastModifiedDate":"2026-01-27T13:27:18","isFullCredit":false},{"lineNumber":10,"author":{"gitId":"anir2212"},"content":"        this.end \u003d end;","lastModifiedDate":"2026-01-27T13:27:18","isFullCredit":false},{"lineNumber":11,"author":{"gitId":"anir2212"},"content":"    }","lastModifiedDate":"2026-01-27T13:27:18","isFullCredit":false},{"lineNumber":12,"author":{"gitId":"anir2212"},"content":"","lastModifiedDate":"2026-01-27T13:27:18","isFullCredit":false},{"lineNumber":13,"author":{"gitId":"anir2212"},"content":"    public String toString() {","lastModifiedDate":"2026-01-27T13:27:18","isFullCredit":false},{"lineNumber":14,"author":{"gitId":"anir2212"},"content":"        return \"[E]\" + super.toString() + \" (from: \" + start + \" to: \" + end + \")\";","lastModifiedDate":"2026-01-27T13:27:18","isFullCredit":false},{"lineNumber":15,"author":{"gitId":"anir2212"},"content":"    }","lastModifiedDate":"2026-01-27T13:27:18","isFullCredit":false},{"lineNumber":16,"author":{"gitId":"anir2212"},"content":"","lastModifiedDate":"2026-01-27T13:27:18","isFullCredit":false},{"lineNumber":17,"author":{"gitId":"anir2212"},"content":"","lastModifiedDate":"2026-01-27T13:27:18","isFullCredit":false},{"lineNumber":18,"author":{"gitId":"anir2212"},"content":"","lastModifiedDate":"2026-01-27T13:27:18","isFullCredit":false},{"lineNumber":19,"author":{"gitId":"anir2212"},"content":"}","lastModifiedDate":"2026-01-27T13:27:18","isFullCredit":false}],"authorContributionMap":{"anir2212":19}},{"path":"src/main/java/Task.java","fileType":"java","lines":[{"lineNumber":1,"author":{"gitId":"anir2212"},"content":"public class Task {","lastModifiedDate":"2026-01-26T13:31:45","isFullCredit":false},{"lineNumber":2,"author":{"gitId":"anir2212"},"content":"    static int count \u003d 0;","lastModifiedDate":"2026-01-26T13:31:45","isFullCredit":false},{"lineNumber":3,"author":{"gitId":"anir2212"},"content":"    private String task_name;","lastModifiedDate":"2026-01-26T13:31:45","isFullCredit":false},{"lineNumber":4,"author":{"gitId":"anir2212"},"content":"    private int num;","lastModifiedDate":"2026-01-26T18:21:26","isFullCredit":false},{"lineNumber":5,"author":{"gitId":"anir2212"},"content":"    private boolean b;","lastModifiedDate":"2026-01-26T18:21:26","isFullCredit":false},{"lineNumber":6,"author":{"gitId":"anir2212"},"content":"","lastModifiedDate":"2026-01-26T18:21:26","isFullCredit":false},{"lineNumber":7,"author":{"gitId":"anir2212"},"content":"    public Task(int num,  String s, boolean b) {","lastModifiedDate":"2026-01-26T18:21:26","isFullCredit":false},{"lineNumber":8,"author":{"gitId":"anir2212"},"content":"        task_name \u003d s;","lastModifiedDate":"2026-01-26T13:31:45","isFullCredit":false},{"lineNumber":9,"author":{"gitId":"anir2212"},"content":"        this.num \u003d num;","lastModifiedDate":"2026-01-26T18:21:26","isFullCredit":false},{"lineNumber":10,"author":{"gitId":"anir2212"},"content":"        this.b \u003d b;","lastModifiedDate":"2026-01-26T18:21:26","isFullCredit":false},{"lineNumber":11,"author":{"gitId":"anir2212"},"content":"","lastModifiedDate":"2026-01-26T13:31:45","isFullCredit":false},{"lineNumber":12,"author":{"gitId":"anir2212"},"content":"    }","lastModifiedDate":"2026-01-26T13:31:45","isFullCredit":false},{"lineNumber":13,"author":{"gitId":"anir2212"},"content":"","lastModifiedDate":"2026-01-26T13:31:45","isFullCredit":false},{"lineNumber":14,"author":{"gitId":"anir2212"},"content":"    public String getTask_name() {","lastModifiedDate":"2026-01-26T13:31:45","isFullCredit":false},{"lineNumber":15,"author":{"gitId":"anir2212"},"content":"        return task_name;","lastModifiedDate":"2026-01-26T13:31:45","isFullCredit":false},{"lineNumber":16,"author":{"gitId":"anir2212"},"content":"    }","lastModifiedDate":"2026-01-26T13:31:45","isFullCredit":false},{"lineNumber":17,"author":{"gitId":"anir2212"},"content":"","lastModifiedDate":"2026-01-26T13:31:45","isFullCredit":false},{"lineNumber":18,"author":{"gitId":"anir2212"},"content":"    public static void count_increase() {","lastModifiedDate":"2026-01-26T13:31:45","isFullCredit":false},{"lineNumber":19,"author":{"gitId":"anir2212"},"content":"        count++;","lastModifiedDate":"2026-01-26T13:31:45","isFullCredit":false},{"lineNumber":20,"author":{"gitId":"anir2212"},"content":"    }","lastModifiedDate":"2026-01-26T13:31:45","isFullCredit":false},{"lineNumber":21,"author":{"gitId":"anir2212"},"content":"","lastModifiedDate":"2026-01-26T18:21:26","isFullCredit":false},{"lineNumber":22,"author":{"gitId":"anir2212"},"content":"    public void change_to_mark() {","lastModifiedDate":"2026-01-26T18:21:26","isFullCredit":false},{"lineNumber":23,"author":{"gitId":"anir2212"},"content":"","lastModifiedDate":"2026-01-26T18:21:26","isFullCredit":false},{"lineNumber":24,"author":{"gitId":"anir2212"},"content":"        this.b \u003d true;","lastModifiedDate":"2026-01-26T18:21:26","isFullCredit":false},{"lineNumber":25,"author":{"gitId":"anir2212"},"content":"    }","lastModifiedDate":"2026-01-26T18:21:26","isFullCredit":false},{"lineNumber":26,"author":{"gitId":"anir2212"},"content":"","lastModifiedDate":"2026-01-26T18:21:26","isFullCredit":false},{"lineNumber":27,"author":{"gitId":"anir2212"},"content":"    public void change_to_unmark() {","lastModifiedDate":"2026-01-26T18:21:26","isFullCredit":false},{"lineNumber":28,"author":{"gitId":"anir2212"},"content":"        this.b \u003d false;","lastModifiedDate":"2026-01-26T18:21:26","isFullCredit":false},{"lineNumber":29,"author":{"gitId":"anir2212"},"content":"","lastModifiedDate":"2026-01-26T18:21:26","isFullCredit":false},{"lineNumber":30,"author":{"gitId":"anir2212"},"content":"    }","lastModifiedDate":"2026-01-26T18:21:26","isFullCredit":false},{"lineNumber":31,"author":{"gitId":"anir2212"},"content":"","lastModifiedDate":"2026-01-26T18:21:26","isFullCredit":false},{"lineNumber":32,"author":{"gitId":"anir2212"},"content":"    public String toString() {","lastModifiedDate":"2026-01-26T18:21:26","isFullCredit":false},{"lineNumber":33,"author":{"gitId":"anir2212"},"content":"        if (!this.b) {","lastModifiedDate":"2026-01-26T18:21:26","isFullCredit":false},{"lineNumber":34,"author":{"gitId":"anir2212"},"content":"            return \"[ ] \" + task_name;","lastModifiedDate":"2026-01-26T18:21:26","isFullCredit":false},{"lineNumber":35,"author":{"gitId":"anir2212"},"content":"","lastModifiedDate":"2026-01-26T18:21:26","isFullCredit":false},{"lineNumber":36,"author":{"gitId":"anir2212"},"content":"","lastModifiedDate":"2026-01-26T18:21:26","isFullCredit":false},{"lineNumber":37,"author":{"gitId":"anir2212"},"content":"        } else {","lastModifiedDate":"2026-01-26T18:21:26","isFullCredit":false},{"lineNumber":38,"author":{"gitId":"anir2212"},"content":"            return \"[X] \" + task_name;","lastModifiedDate":"2026-01-26T18:21:26","isFullCredit":false},{"lineNumber":39,"author":{"gitId":"anir2212"},"content":"","lastModifiedDate":"2026-01-26T18:21:26","isFullCredit":false},{"lineNumber":40,"author":{"gitId":"anir2212"},"content":"        }","lastModifiedDate":"2026-01-26T18:21:26","isFullCredit":false},{"lineNumber":41,"author":{"gitId":"anir2212"},"content":"    }","lastModifiedDate":"2026-01-26T18:21:26","isFullCredit":false},{"lineNumber":42,"author":{"gitId":"anir2212"},"content":"}","lastModifiedDate":"2026-01-26T13:31:45","isFullCredit":false}],"authorContributionMap":{"anir2212":42}},{"path":"src/main/java/Tasklst.java","fileType":"java","lines":[{"lineNumber":1,"author":{"gitId":"anir2212"},"content":"public class Tasklst {","lastModifiedDate":"2026-01-26T18:21:26","isFullCredit":false},{"lineNumber":2,"author":{"gitId":"anir2212"},"content":"","lastModifiedDate":"2026-01-26T18:21:26","isFullCredit":false},{"lineNumber":3,"author":{"gitId":"anir2212"},"content":"    private int num;","lastModifiedDate":"2026-01-26T18:21:26","isFullCredit":false},{"lineNumber":4,"author":{"gitId":"anir2212"},"content":"    private Task[] arr;","lastModifiedDate":"2026-01-26T18:21:26","isFullCredit":false},{"lineNumber":5,"author":{"gitId":"anir2212"},"content":"","lastModifiedDate":"2026-01-26T18:21:26","isFullCredit":false},{"lineNumber":6,"author":{"gitId":"anir2212"},"content":"    Tasklst(int num) {","lastModifiedDate":"2026-01-26T18:21:26","isFullCredit":false},{"lineNumber":7,"author":{"gitId":"anir2212"},"content":"        this.arr \u003d new Task[num];","lastModifiedDate":"2026-01-26T18:21:26","isFullCredit":false},{"lineNumber":8,"author":{"gitId":"anir2212"},"content":"","lastModifiedDate":"2026-01-26T18:21:26","isFullCredit":false},{"lineNumber":9,"author":{"gitId":"anir2212"},"content":"    }","lastModifiedDate":"2026-01-26T18:21:26","isFullCredit":false},{"lineNumber":10,"author":{"gitId":"anir2212"},"content":"","lastModifiedDate":"2026-01-26T18:21:26","isFullCredit":false},{"lineNumber":11,"author":{"gitId":"anir2212"},"content":"","lastModifiedDate":"2026-01-26T18:21:26","isFullCredit":false},{"lineNumber":12,"author":{"gitId":"anir2212"},"content":"}","lastModifiedDate":"2026-01-26T18:21:26","isFullCredit":false}],"authorContributionMap":{"anir2212":12}},{"path":"src/main/java/Todo.java","fileType":"java","lines":[{"lineNumber":1,"author":{"gitId":"anir2212"},"content":"public class Todo extends Task{","lastModifiedDate":"2026-01-27T13:27:18","isFullCredit":false},{"lineNumber":2,"author":{"gitId":"anir2212"},"content":"","lastModifiedDate":"2026-01-27T13:27:18","isFullCredit":false},{"lineNumber":3,"author":{"gitId":"anir2212"},"content":"    public Todo(int num, String s, boolean b) {","lastModifiedDate":"2026-01-27T13:27:18","isFullCredit":false},{"lineNumber":4,"author":{"gitId":"anir2212"},"content":"        super(num, s, b);","lastModifiedDate":"2026-01-27T13:27:18","isFullCredit":false},{"lineNumber":5,"author":{"gitId":"anir2212"},"content":"    }","lastModifiedDate":"2026-01-27T13:27:18","isFullCredit":false},{"lineNumber":6,"author":{"gitId":"anir2212"},"content":"","lastModifiedDate":"2026-01-27T13:27:18","isFullCredit":false},{"lineNumber":7,"author":{"gitId":"anir2212"},"content":"    public String toString() {","lastModifiedDate":"2026-01-27T13:27:18","isFullCredit":false},{"lineNumber":8,"author":{"gitId":"anir2212"},"content":"        return \"[T]\" + super.toString();","lastModifiedDate":"2026-01-27T13:27:18","isFullCredit":false},{"lineNumber":9,"author":{"gitId":"anir2212"},"content":"","lastModifiedDate":"2026-01-27T13:27:18","isFullCredit":false},{"lineNumber":10,"author":{"gitId":"anir2212"},"content":"    }","lastModifiedDate":"2026-01-27T13:27:18","isFullCredit":false},{"lineNumber":11,"author":{"gitId":"anir2212"},"content":"}","lastModifiedDate":"2026-01-27T13:27:18","isFullCredit":false}],"authorContributionMap":{"anir2212":11}},{"path":"text-ui-test/input.txt","fileType":"txt","lines":[{"lineNumber":1,"author":{"gitId":"anir2212"},"content":"todo borrow book","lastModifiedDate":"2026-01-27T19:14:49","isFullCredit":false},{"lineNumber":2,"author":{"gitId":"anir2212"},"content":"list","lastModifiedDate":"2026-01-27T19:14:49","isFullCredit":false},{"lineNumber":3,"author":{"gitId":"anir2212"},"content":"deadline return book /by Sunday","lastModifiedDate":"2026-01-27T19:14:49","isFullCredit":false},{"lineNumber":4,"author":{"gitId":"anir2212"},"content":"event project meeting /from 2pm /to 5pm","lastModifiedDate":"2026-01-27T19:14:49","isFullCredit":false},{"lineNumber":5,"author":{"gitId":"anir2212"},"content":"bye","lastModifiedDate":"2026-01-27T19:14:49","isFullCredit":false}],"authorContributionMap":{"anir2212":5}},{"path":"text-ui-test/runtest.sh","fileType":"sh","lines":[{"lineNumber":1,"author":{"gitId":"-"},"content":"#!/usr/bin/env bash","lastModifiedDate":"2020-05-25T00:03:55","isFullCredit":false},{"lineNumber":2,"author":{"gitId":"-"},"content":"","lastModifiedDate":"2020-05-25T00:03:55","isFullCredit":false},{"lineNumber":3,"author":{"gitId":"-"},"content":"# create bin directory if it doesn\u0027t exist","lastModifiedDate":"2020-05-25T00:03:55","isFullCredit":false},{"lineNumber":4,"author":{"gitId":"-"},"content":"if [ ! -d \"../bin\" ]","lastModifiedDate":"2020-05-25T00:03:55","isFullCredit":false},{"lineNumber":5,"author":{"gitId":"-"},"content":"then","lastModifiedDate":"2020-05-25T00:03:55","isFullCredit":false},{"lineNumber":6,"author":{"gitId":"-"},"content":"    mkdir ../bin","lastModifiedDate":"2020-05-25T00:03:55","isFullCredit":false},{"lineNumber":7,"author":{"gitId":"-"},"content":"fi","lastModifiedDate":"2020-05-25T00:03:55","isFullCredit":false},{"lineNumber":8,"author":{"gitId":"-"},"content":"","lastModifiedDate":"2020-05-25T00:03:55","isFullCredit":false},{"lineNumber":9,"author":{"gitId":"-"},"content":"# delete output from previous run","lastModifiedDate":"2020-05-25T00:03:55","isFullCredit":false},{"lineNumber":10,"author":{"gitId":"-"},"content":"if [ -e \"./ACTUAL.TXT\" ]","lastModifiedDate":"2020-05-25T00:03:55","isFullCredit":false},{"lineNumber":11,"author":{"gitId":"-"},"content":"then","lastModifiedDate":"2020-05-25T00:03:55","isFullCredit":false},{"lineNumber":12,"author":{"gitId":"-"},"content":"    rm ACTUAL.TXT","lastModifiedDate":"2020-05-25T00:03:55","isFullCredit":false},{"lineNumber":13,"author":{"gitId":"-"},"content":"fi","lastModifiedDate":"2020-05-25T00:03:55","isFullCredit":false},{"lineNumber":14,"author":{"gitId":"-"},"content":"","lastModifiedDate":"2020-05-25T00:03:55","isFullCredit":false},{"lineNumber":15,"author":{"gitId":"-"},"content":"# compile the code into the bin folder, terminates if error occurred","lastModifiedDate":"2020-05-25T00:03:55","isFullCredit":false},{"lineNumber":16,"author":{"gitId":"anir2212"},"content":"if ! javac -cp ../src/main/java -Xlint:none -d ../bin ../src/main/java/Ani.java","lastModifiedDate":"2026-01-27T19:14:49","isFullCredit":false},{"lineNumber":17,"author":{"gitId":"-"},"content":"then","lastModifiedDate":"2020-05-25T00:03:55","isFullCredit":false},{"lineNumber":18,"author":{"gitId":"-"},"content":"    echo \"********** BUILD FAILURE **********\"","lastModifiedDate":"2020-05-25T00:03:55","isFullCredit":false},{"lineNumber":19,"author":{"gitId":"-"},"content":"    exit 1","lastModifiedDate":"2020-05-25T00:03:55","isFullCredit":false},{"lineNumber":20,"author":{"gitId":"-"},"content":"fi","lastModifiedDate":"2020-05-25T00:03:55","isFullCredit":false},{"lineNumber":21,"author":{"gitId":"-"},"content":"","lastModifiedDate":"2020-05-25T00:03:55","isFullCredit":false},{"lineNumber":22,"author":{"gitId":"-"},"content":"# run the program, feed commands from input.txt file and redirect the output to the ACTUAL.TXT","lastModifiedDate":"2020-05-25T00:03:55","isFullCredit":false},{"lineNumber":23,"author":{"gitId":"anir2212"},"content":"java -classpath ../bin Ani \u003c input.txt \u003e ACTUAL.TXT","lastModifiedDate":"2026-01-27T19:14:49","isFullCredit":false},{"lineNumber":24,"author":{"gitId":"-"},"content":"","lastModifiedDate":"2020-05-25T00:03:55","isFullCredit":false},{"lineNumber":25,"author":{"gitId":"-"},"content":"# convert to UNIX format","lastModifiedDate":"2020-05-25T00:03:55","isFullCredit":false},{"lineNumber":26,"author":{"gitId":"-"},"content":"cp EXPECTED.TXT EXPECTED-UNIX.TXT","lastModifiedDate":"2020-05-25T00:03:55","isFullCredit":false},{"lineNumber":27,"author":{"gitId":"-"},"content":"dos2unix ACTUAL.TXT EXPECTED-UNIX.TXT","lastModifiedDate":"2020-05-25T00:03:55","isFullCredit":false},{"lineNumber":28,"author":{"gitId":"-"},"content":"","lastModifiedDate":"2020-05-25T00:03:55","isFullCredit":false},{"lineNumber":29,"author":{"gitId":"-"},"content":"# compare the output to the expected output","lastModifiedDate":"2020-05-25T00:03:55","isFullCredit":false},{"lineNumber":30,"author":{"gitId":"-"},"content":"diff ACTUAL.TXT EXPECTED-UNIX.TXT","lastModifiedDate":"2020-05-25T00:03:55","isFullCredit":false},{"lineNumber":31,"author":{"gitId":"-"},"content":"if [ $? -eq 0 ]","lastModifiedDate":"2020-05-25T00:03:55","isFullCredit":false},{"lineNumber":32,"author":{"gitId":"-"},"content":"then","lastModifiedDate":"2020-05-25T00:03:55","isFullCredit":false},{"lineNumber":33,"author":{"gitId":"-"},"content":"    echo \"Test result: PASSED\"","lastModifiedDate":"2020-05-25T00:03:55","isFullCredit":false},{"lineNumber":34,"author":{"gitId":"-"},"content":"    exit 0","lastModifiedDate":"2020-05-25T00:03:55","isFullCredit":false},{"lineNumber":35,"author":{"gitId":"-"},"content":"else","lastModifiedDate":"2020-05-25T00:03:55","isFullCredit":false},{"lineNumber":36,"author":{"gitId":"-"},"content":"    echo \"Test result: FAILED\"","lastModifiedDate":"2020-05-25T00:03:55","isFullCredit":false},{"lineNumber":37,"author":{"gitId":"-"},"content":"    exit 1","lastModifiedDate":"2020-05-25T00:03:55","isFullCredit":false},{"lineNumber":38,"author":{"gitId":"-"},"content":"fi","lastModifiedDate":"2020-05-25T00:03:55","isFullCredit":false}],"authorContributionMap":{"-":36,"anir2212":2}}]
