{"authorDailyContributionsMap":{"anir2212":[{"date":"2026-01-25T00:00:00","commitResults":[{"hash":"da9e8dfc4861ab1179efa06d0d07315b74d6e9f5","isMergeCommit":false,"messageTitle":"Add greeting","messageBody":"","fileTypesAndContributionMap":{"java":{"insertions":42,"deletions":10}}},{"hash":"1a7bac460416ec921e6fb7dabd699ac591f1fc78","isMergeCommit":false,"messageTitle":"Added greeting","messageBody":"","fileTypesAndContributionMap":{"java":{"insertions":1,"deletions":1}}},{"hash":"5de0b322b0dc5661a6a2797f182d8cf36a38c9ed","isMergeCommit":false,"messageTitle":"Added echoing of user inputs","messageBody":"","tags":["Level-1"],"fileTypesAndContributionMap":{"java":{"insertions":13,"deletions":2}}}]},{"date":"2026-01-26T00:00:00","commitResults":[{"hash":"86138373e688d7f823d87e24231bae61f65f96b2","isMergeCommit":false,"messageTitle":"Added the storage of tasks","messageBody":"","tags":["Level-2"],"fileTypesAndContributionMap":{"java":{"insertions":40,"deletions":9}}},{"hash":"53affae751eed381442a547b932a30fe2ba3140f","isMergeCommit":false,"messageTitle":"Added functionality to mark and unmark tasks","messageBody":"","tags":["Level-3"],"fileTypesAndContributionMap":{"java":{"insertions":85,"deletions":31}}}]},{"date":"2026-01-27T00:00:00","commitResults":[{"hash":"e9530ee1b905d63f5dea5f2bc0dd2fd0d12a8e1c","isMergeCommit":false,"messageTitle":"feat(commands): add deadline, event, and todo support","messageBody":"","tags":["Level-4"],"fileTypesAndContributionMap":{"java":{"insertions":96,"deletions":22}}},{"hash":"90dfe3ee4dab36c0f96476bc9f0901b61d3d1d80","isMergeCommit":false,"messageTitle":"test: implement automated text UI testing","messageBody":"","tags":["A-TextUiTesting"],"fileTypesAndContributionMap":{"txt":{"insertions":5,"deletions":0},"java":{"insertions":8,"deletions":6},"sh":{"insertions":2,"deletions":2}}}]},{"date":"2026-01-28T00:00:00","commitResults":[{"hash":"6b230e5e6ffae1f8bf54f9656204be4374f10552","isMergeCommit":false,"messageTitle":"feat: Added exception handling","messageBody":"","tags":["Level-5"],"fileTypesAndContributionMap":{"java":{"insertions":60,"deletions":8}}},{"hash":"c0add62b2eb5f443102a24165dcda728050f343c","isMergeCommit":false,"messageTitle":"feat: Implemented deletion feature","messageBody":"","tags":["Level-6"],"fileTypesAndContributionMap":{"java":{"insertions":31,"deletions":24}}},{"hash":"722a5e2e61694d781510a3f041431ac40f2ac197","isMergeCommit":false,"messageTitle":"Add storage of tasks to hard disk","messageBody":"","fileTypesAndContributionMap":{"txt":{"insertions":3,"deletions":0},"java":{"insertions":114,"deletions":3}}},{"hash":"d51fd0454e251d10310b0d093acd68a76ed95d54","isMergeCommit":true,"messageTitle":"Merge branch \u0027branch-Level-7\u0027","messageBody":"","tags":["Level-7"],"fileTypesAndContributionMap":{}},{"hash":"4fc9c2261369d4136983ca7f22d70441bb1f52d5","isMergeCommit":false,"messageTitle":"Add base level implementation of date formatting","messageBody":"","fileTypesAndContributionMap":{"txt":{"insertions":2,"deletions":0},"java":{"insertions":15,"deletions":2}}},{"hash":"255382d0ab0752fb305c5f6e2a27cfbb413265c9","isMergeCommit":false,"messageTitle":"Add exception handling for incorrect date formats","messageBody":"","fileTypesAndContributionMap":{"txt":{"insertions":1,"deletions":5},"java":{"insertions":51,"deletions":21}}}]},{"date":"2026-01-29T00:00:00","commitResults":[{"hash":"a10004af87b28460e8dba7a0ae03e94460fc2c00","isMergeCommit":false,"messageTitle":"Add Storage and TaskList classes and reorganize code","messageBody":"","fileTypesAndContributionMap":{"txt":{"insertions":2,"deletions":1},"java":{"insertions":217,"deletions":49}}}]},{"date":"2026-02-02T00:00:00","commitResults":[{"hash":"d44b2b872a0ff2ee4eae3a06dee2ebf2151b42e4","isMergeCommit":false,"messageTitle":"Add implementation of UI and parser","messageBody":"","fileTypesAndContributionMap":{"txt":{"insertions":2,"deletions":1},"java":{"insertions":45,"deletions":99}}},{"hash":"57d51e9ed1ef416aa557a0d9e5e474486480245f","isMergeCommit":false,"messageTitle":"Update Ani.txt","messageBody":"","fileTypesAndContributionMap":{"txt":{"insertions":1,"deletions":2}}},{"hash":"4fe5b428bbfbcddf2cbac8871ce92401bc20122b","isMergeCommit":false,"messageTitle":"Change error implementation","messageBody":"","fileTypesAndContributionMap":{"java":{"insertions":1,"deletions":1}}},{"hash":"a81b85e6f86a2da8b6fa2b2cd8eb19d223ad1851","isMergeCommit":true,"messageTitle":"Merge branch \u0027branch-level-8\u0027","messageBody":"","tags":["Level-8"],"fileTypesAndContributionMap":{}},{"hash":"156a365138adceef0bed6138e50a22a1340678c3","isMergeCommit":false,"messageTitle":"Add command classes to segregate code","messageBody":"","fileTypesAndContributionMap":{"java":{"insertions":332,"deletions":7}}},{"hash":"3523f2d5688793b6575827ced0e0854ce8c3dc60","isMergeCommit":false,"messageTitle":"Remove unnecessary comments","messageBody":"","fileTypesAndContributionMap":{"java":{"insertions":2,"deletions":231}}},{"hash":"784a4cc0d82c1aa3fd61732e45a21aa31c3abab2","isMergeCommit":true,"messageTitle":"Merge branch \u0027branch-oop\u0027","messageBody":"","tags":["A-MoreOOP"],"fileTypesAndContributionMap":{}},{"hash":"741c149e41aea9484c7de5d0c32716227533bcf9","isMergeCommit":false,"messageTitle":"Move all files to ani package","messageBody":"","tags":["A-Packages"],"fileTypesAndContributionMap":{"java":{"insertions":35,"deletions":3}}},{"hash":"8fc467c1113e3f03cf9a5d188de18610266e55bd","isMergeCommit":true,"messageTitle":"Merge remote-tracking branch \u0027origin/add-gradle-support\u0027","messageBody":"","fileTypesAndContributionMap":{}},{"hash":"c8637d794aabdfd25d2796f95917e6e4caacdf38","isMergeCommit":false,"messageTitle":"Add gradle implementation","messageBody":"","tags":["A-Gradle"],"fileTypesAndContributionMap":{"gradle":{"insertions":2,"deletions":1}}}]},{"date":"2026-02-04T00:00:00","commitResults":[{"hash":"ef301d46ee8a91cf7d556032ad9222cd61fb6a66","isMergeCommit":false,"messageTitle":"Add test classes for add, delete and mark","messageBody":"","tags":["A-JUnit"],"fileTypesAndContributionMap":{"gradle":{"insertions":1,"deletions":1},"txt":{"insertions":4,"deletions":2},"java":{"insertions":166,"deletions":27}}},{"hash":"1148d0c5e5a0251b768274dd5de3fdf62f5c539f","isMergeCommit":false,"messageTitle":"Add jar file","messageBody":"","tags":["A-Jar"],"fileTypesAndContributionMap":{"java":{"insertions":3,"deletions":0}}},{"hash":"a5200f6b03b8d73a691ef57a3d8592a0bad9d673","isMergeCommit":false,"messageTitle":"Add FindCommand","messageBody":"","fileTypesAndContributionMap":{"txt":{"insertions":1,"deletions":1},"java":{"insertions":36,"deletions":1}}},{"hash":"2ee16239ff3bdc5753f942b958c0e683791be1b9","isMergeCommit":true,"messageTitle":"Merge branch \u0027branch-Level-9\u0027","messageBody":"","tags":["Level-9"],"fileTypesAndContributionMap":{}}]},{"date":"2026-02-05T00:00:00","commitResults":[{"hash":"ac1b3664ffca2cc0be8c28d7cb70fe9cc1a17207","isMergeCommit":false,"messageTitle":"Add java documentation","messageBody":"","fileTypesAndContributionMap":{"txt":{"insertions":1,"deletions":0},"java":{"insertions":409,"deletions":172}}},{"hash":"947a6417b606fb79a226db35598c17ff1e1fb882","isMergeCommit":true,"messageTitle":"Merge branch \u0027branch-A-JavaDoc\u0027","messageBody":"","tags":["A-JavaDoc"],"fileTypesAndContributionMap":{}},{"hash":"9e99b4d6733f999631c7e17e30f82ea239a72d48","isMergeCommit":false,"messageTitle":"Implement IntelliJ setting changes for code structure","messageBody":"","fileTypesAndContributionMap":{"java":{"insertions":162,"deletions":152}}},{"hash":"457bd8075aae74657f8c59eccf285937c207def7","isMergeCommit":true,"messageTitle":"Merge branch \u0027branch-A-CodingStandard\u0027","messageBody":"","tags":["A-CodingStandard"],"fileTypesAndContributionMap":{}},{"hash":"964977d289b62525f284a781ec82c2817dd6f373","isMergeCommit":false,"messageTitle":"Add showLine usage to all classes","messageBody":"","fileTypesAndContributionMap":{"java":{"insertions":68,"deletions":74}}}]}]},"authorFileTypeContributionMap":{"anir2212":{"java":1087,"md":0,"fxml":0,"sh":2,"bat":0,"gradle":2,"txt":10}},"authorContributionVariance":{"anir2212":58344.88},"authorDisplayNameMap":{"anir2212":"CS2103T-T14-1 MOTH..RUDH"}}
