[{"path":"src/main/java/Deadline.java","fileType":"java","lines":[{"lineNumber":1,"author":{"gitId":"hwangjihun"},"content":"public class Deadline extends Task {","lastModifiedDate":"2026-01-22T12:01:47","isFullCredit":false},{"lineNumber":2,"author":{"gitId":"hwangjihun"},"content":"","lastModifiedDate":"2026-01-22T12:01:47","isFullCredit":false},{"lineNumber":3,"author":{"gitId":"hwangjihun"},"content":"    protected String by;","lastModifiedDate":"2026-01-22T12:01:47","isFullCredit":false},{"lineNumber":4,"author":{"gitId":"hwangjihun"},"content":"","lastModifiedDate":"2026-01-22T12:01:47","isFullCredit":false},{"lineNumber":5,"author":{"gitId":"hwangjihun"},"content":"    public Deadline(String description, String by) {","lastModifiedDate":"2026-01-22T12:01:47","isFullCredit":false},{"lineNumber":6,"author":{"gitId":"hwangjihun"},"content":"        super(description);","lastModifiedDate":"2026-01-22T12:01:47","isFullCredit":false},{"lineNumber":7,"author":{"gitId":"hwangjihun"},"content":"        this.by \u003d by;","lastModifiedDate":"2026-01-22T12:01:47","isFullCredit":false},{"lineNumber":8,"author":{"gitId":"hwangjihun"},"content":"    }","lastModifiedDate":"2026-01-22T12:01:47","isFullCredit":false},{"lineNumber":9,"author":{"gitId":"hwangjihun"},"content":"","lastModifiedDate":"2026-01-22T12:01:47","isFullCredit":false},{"lineNumber":10,"author":{"gitId":"hwangjihun"},"content":"    public String getBy() {","lastModifiedDate":"2026-01-29T16:05:54","isFullCredit":false},{"lineNumber":11,"author":{"gitId":"hwangjihun"},"content":"        return by;","lastModifiedDate":"2026-01-29T16:05:54","isFullCredit":false},{"lineNumber":12,"author":{"gitId":"hwangjihun"},"content":"    }","lastModifiedDate":"2026-01-29T16:05:54","isFullCredit":false},{"lineNumber":13,"author":{"gitId":"hwangjihun"},"content":"","lastModifiedDate":"2026-01-29T16:05:54","isFullCredit":false},{"lineNumber":14,"author":{"gitId":"hwangjihun"},"content":"    @Override","lastModifiedDate":"2026-01-22T12:01:47","isFullCredit":false},{"lineNumber":15,"author":{"gitId":"hwangjihun"},"content":"    public String toString() {","lastModifiedDate":"2026-01-22T12:01:47","isFullCredit":false},{"lineNumber":16,"author":{"gitId":"hwangjihun"},"content":"        return \"[D]\" + super.toString() + \" (by: \" + by + \")\";","lastModifiedDate":"2026-01-22T12:01:47","isFullCredit":false},{"lineNumber":17,"author":{"gitId":"hwangjihun"},"content":"    }","lastModifiedDate":"2026-01-22T12:01:47","isFullCredit":false},{"lineNumber":18,"author":{"gitId":"hwangjihun"},"content":"}","lastModifiedDate":"2026-01-22T12:01:47","isFullCredit":false}],"authorContributionMap":{"hwangjihun":18}},{"path":"src/main/java/Event.java","fileType":"java","lines":[{"lineNumber":1,"author":{"gitId":"hwangjihun"},"content":"public class Event extends Task {","lastModifiedDate":"2026-01-22T12:01:47","isFullCredit":false},{"lineNumber":2,"author":{"gitId":"hwangjihun"},"content":"","lastModifiedDate":"2026-01-22T12:01:47","isFullCredit":false},{"lineNumber":3,"author":{"gitId":"hwangjihun"},"content":"    protected String from;","lastModifiedDate":"2026-01-22T12:01:47","isFullCredit":false},{"lineNumber":4,"author":{"gitId":"hwangjihun"},"content":"    protected String to;","lastModifiedDate":"2026-01-22T12:01:47","isFullCredit":false},{"lineNumber":5,"author":{"gitId":"hwangjihun"},"content":"","lastModifiedDate":"2026-01-22T12:01:47","isFullCredit":false},{"lineNumber":6,"author":{"gitId":"hwangjihun"},"content":"    public Event(String description, String from, String to) {","lastModifiedDate":"2026-01-22T12:01:47","isFullCredit":false},{"lineNumber":7,"author":{"gitId":"hwangjihun"},"content":"        super(description);","lastModifiedDate":"2026-01-22T12:01:47","isFullCredit":false},{"lineNumber":8,"author":{"gitId":"hwangjihun"},"content":"        this.from \u003d from;","lastModifiedDate":"2026-01-22T12:01:47","isFullCredit":false},{"lineNumber":9,"author":{"gitId":"hwangjihun"},"content":"        this.to \u003d to;","lastModifiedDate":"2026-01-22T12:01:47","isFullCredit":false},{"lineNumber":10,"author":{"gitId":"hwangjihun"},"content":"    }","lastModifiedDate":"2026-01-22T12:01:47","isFullCredit":false},{"lineNumber":11,"author":{"gitId":"hwangjihun"},"content":"","lastModifiedDate":"2026-01-22T12:01:47","isFullCredit":false},{"lineNumber":12,"author":{"gitId":"hwangjihun"},"content":"    public String getFrom() {","lastModifiedDate":"2026-01-29T16:05:54","isFullCredit":false},{"lineNumber":13,"author":{"gitId":"hwangjihun"},"content":"        return from;","lastModifiedDate":"2026-01-29T16:05:54","isFullCredit":false},{"lineNumber":14,"author":{"gitId":"hwangjihun"},"content":"    }","lastModifiedDate":"2026-01-29T16:05:54","isFullCredit":false},{"lineNumber":15,"author":{"gitId":"hwangjihun"},"content":"","lastModifiedDate":"2026-01-29T16:05:54","isFullCredit":false},{"lineNumber":16,"author":{"gitId":"hwangjihun"},"content":"    public String getTo() {","lastModifiedDate":"2026-01-29T16:05:54","isFullCredit":false},{"lineNumber":17,"author":{"gitId":"hwangjihun"},"content":"        return to;","lastModifiedDate":"2026-01-29T16:05:54","isFullCredit":false},{"lineNumber":18,"author":{"gitId":"hwangjihun"},"content":"    }","lastModifiedDate":"2026-01-29T16:05:54","isFullCredit":false},{"lineNumber":19,"author":{"gitId":"hwangjihun"},"content":"","lastModifiedDate":"2026-01-29T16:05:54","isFullCredit":false},{"lineNumber":20,"author":{"gitId":"hwangjihun"},"content":"    @Override","lastModifiedDate":"2026-01-22T12:01:47","isFullCredit":false},{"lineNumber":21,"author":{"gitId":"hwangjihun"},"content":"    public String toString() {","lastModifiedDate":"2026-01-22T12:01:47","isFullCredit":false},{"lineNumber":22,"author":{"gitId":"hwangjihun"},"content":"        return \"[E]\" + super.toString() + \" (from: \" + this.from + \" to: \" + this.to + \")\";","lastModifiedDate":"2026-01-22T12:01:47","isFullCredit":false},{"lineNumber":23,"author":{"gitId":"hwangjihun"},"content":"    }","lastModifiedDate":"2026-01-22T12:01:47","isFullCredit":false},{"lineNumber":24,"author":{"gitId":"hwangjihun"},"content":"}","lastModifiedDate":"2026-01-22T12:01:47","isFullCredit":false}],"authorContributionMap":{"hwangjihun":24}},{"path":"src/main/java/Hunnie.java","fileType":"java","lines":[{"lineNumber":1,"author":{"gitId":"hwangjihun"},"content":"import java.io.IOException;","lastModifiedDate":"2026-01-29T16:05:54","isFullCredit":false},{"lineNumber":2,"author":{"gitId":"hwangjihun"},"content":"import java.util.ArrayList;","lastModifiedDate":"2026-01-22T22:33:11","isFullCredit":false},{"lineNumber":3,"author":{"gitId":"hwangjihun"},"content":"import java.util.Scanner;","lastModifiedDate":"2026-01-22T00:18:43","isFullCredit":false},{"lineNumber":4,"author":{"gitId":"hwangjihun"},"content":"","lastModifiedDate":"2026-01-22T00:18:43","isFullCredit":false},{"lineNumber":5,"author":{"gitId":"hwangjihun"},"content":"public class Hunnie {","lastModifiedDate":"2026-01-21T02:31:56","isFullCredit":false},{"lineNumber":6,"author":{"gitId":"hwangjihun"},"content":"    private static final String LINES \u003d \"____________________________________________________________\";","lastModifiedDate":"2026-01-22T22:33:11","isFullCredit":false},{"lineNumber":7,"author":{"gitId":"hwangjihun"},"content":"    private static final String BOTNAME \u003d \"Hunnie\";","lastModifiedDate":"2026-01-22T22:33:11","isFullCredit":false},{"lineNumber":8,"author":{"gitId":"hwangjihun"},"content":"","lastModifiedDate":"2026-01-22T00:18:43","isFullCredit":false},{"lineNumber":9,"author":{"gitId":"hwangjihun"},"content":"    private ArrayList\u003cTask\u003e tasks;","lastModifiedDate":"2026-01-22T22:33:11","isFullCredit":false},{"lineNumber":10,"author":{"gitId":"hwangjihun"},"content":"    private Storage storage;","lastModifiedDate":"2026-01-29T16:05:54","isFullCredit":false},{"lineNumber":11,"author":{"gitId":"hwangjihun"},"content":"","lastModifiedDate":"2026-01-22T00:53:35","isFullCredit":false},{"lineNumber":12,"author":{"gitId":"hwangjihun"},"content":"    public Hunnie() {","lastModifiedDate":"2026-01-22T22:33:11","isFullCredit":false},{"lineNumber":13,"author":{"gitId":"hwangjihun"},"content":"        this.storage \u003d new Storage();","lastModifiedDate":"2026-01-29T16:05:54","isFullCredit":false},{"lineNumber":14,"author":{"gitId":"hwangjihun"},"content":"        this.tasks \u003d storage.load();","lastModifiedDate":"2026-01-29T16:05:54","isFullCredit":false},{"lineNumber":15,"author":{"gitId":"hwangjihun"},"content":"    }","lastModifiedDate":"2026-01-29T16:05:54","isFullCredit":false},{"lineNumber":16,"author":{"gitId":"hwangjihun"},"content":"","lastModifiedDate":"2026-01-29T16:05:54","isFullCredit":false},{"lineNumber":17,"author":{"gitId":"hwangjihun"},"content":"    private void saveToStorage() {","lastModifiedDate":"2026-01-29T16:05:54","isFullCredit":false},{"lineNumber":18,"author":{"gitId":"hwangjihun"},"content":"        try {","lastModifiedDate":"2026-01-29T16:05:54","isFullCredit":false},{"lineNumber":19,"author":{"gitId":"hwangjihun"},"content":"            storage.save(tasks);","lastModifiedDate":"2026-01-29T16:05:54","isFullCredit":false},{"lineNumber":20,"author":{"gitId":"hwangjihun"},"content":"        } catch (IOException e) {","lastModifiedDate":"2026-01-29T16:05:54","isFullCredit":false},{"lineNumber":21,"author":{"gitId":"hwangjihun"},"content":"            System.out.println(\"Warning: Could not save tasks to file: \" + e.getMessage());","lastModifiedDate":"2026-01-29T16:05:54","isFullCredit":false},{"lineNumber":22,"author":{"gitId":"hwangjihun"},"content":"        }","lastModifiedDate":"2026-01-29T16:05:54","isFullCredit":false},{"lineNumber":23,"author":{"gitId":"hwangjihun"},"content":"    }","lastModifiedDate":"2026-01-22T22:33:11","isFullCredit":false},{"lineNumber":24,"author":{"gitId":"hwangjihun"},"content":"","lastModifiedDate":"2026-01-22T22:33:11","isFullCredit":false},{"lineNumber":25,"author":{"gitId":"hwangjihun"},"content":"    private void greet() {","lastModifiedDate":"2026-01-22T22:33:11","isFullCredit":false},{"lineNumber":26,"author":{"gitId":"hwangjihun"},"content":"        System.out.println(LINES);","lastModifiedDate":"2026-01-22T22:33:11","isFullCredit":false},{"lineNumber":27,"author":{"gitId":"hwangjihun"},"content":"        System.out.println(\"Hello! I\u0027m \" + BOTNAME);","lastModifiedDate":"2026-01-22T22:33:11","isFullCredit":false},{"lineNumber":28,"author":{"gitId":"hwangjihun"},"content":"        System.out.println(\"What can I do for you?\");","lastModifiedDate":"2026-01-21T02:31:56","isFullCredit":false},{"lineNumber":29,"author":{"gitId":"hwangjihun"},"content":"        System.out.println(LINES);","lastModifiedDate":"2026-01-22T22:33:11","isFullCredit":false},{"lineNumber":30,"author":{"gitId":"hwangjihun"},"content":"    }","lastModifiedDate":"2026-01-22T22:33:11","isFullCredit":false},{"lineNumber":31,"author":{"gitId":"hwangjihun"},"content":"","lastModifiedDate":"2026-01-22T22:33:11","isFullCredit":false},{"lineNumber":32,"author":{"gitId":"hwangjihun"},"content":"    private void goodbye() {","lastModifiedDate":"2026-01-22T22:33:11","isFullCredit":false},{"lineNumber":33,"author":{"gitId":"hwangjihun"},"content":"        System.out.println(\"Bye. Hope to see you again soon!\");","lastModifiedDate":"2026-01-22T22:33:11","isFullCredit":false},{"lineNumber":34,"author":{"gitId":"hwangjihun"},"content":"        System.out.println(LINES);","lastModifiedDate":"2026-01-22T22:33:11","isFullCredit":false},{"lineNumber":35,"author":{"gitId":"hwangjihun"},"content":"    }","lastModifiedDate":"2026-01-22T22:33:11","isFullCredit":false},{"lineNumber":36,"author":{"gitId":"hwangjihun"},"content":"","lastModifiedDate":"2026-01-22T22:33:11","isFullCredit":false},{"lineNumber":37,"author":{"gitId":"hwangjihun"},"content":"    private void getList() {","lastModifiedDate":"2026-01-22T22:33:11","isFullCredit":false},{"lineNumber":38,"author":{"gitId":"hwangjihun"},"content":"        System.out.println(\"Here are the tasks in your list:\");","lastModifiedDate":"2026-01-22T22:33:11","isFullCredit":false},{"lineNumber":39,"author":{"gitId":"hwangjihun"},"content":"        for (int i \u003d 0; i \u003c this.tasks.size(); i++) {","lastModifiedDate":"2026-01-22T22:33:11","isFullCredit":false},{"lineNumber":40,"author":{"gitId":"hwangjihun"},"content":"            System.out.println((i + 1) + \".\" + this.tasks.get(i));","lastModifiedDate":"2026-01-22T22:33:11","isFullCredit":false},{"lineNumber":41,"author":{"gitId":"hwangjihun"},"content":"        }","lastModifiedDate":"2026-01-22T22:33:11","isFullCredit":false},{"lineNumber":42,"author":{"gitId":"hwangjihun"},"content":"    }","lastModifiedDate":"2026-01-22T22:33:11","isFullCredit":false},{"lineNumber":43,"author":{"gitId":"hwangjihun"},"content":"","lastModifiedDate":"2026-01-22T22:33:11","isFullCredit":false},{"lineNumber":44,"author":{"gitId":"hwangjihun"},"content":"    private void markAsDone(int taskID) {","lastModifiedDate":"2026-01-22T22:33:11","isFullCredit":false},{"lineNumber":45,"author":{"gitId":"hwangjihun"},"content":"        this.tasks.get(taskID).mark();","lastModifiedDate":"2026-01-22T22:33:11","isFullCredit":false},{"lineNumber":46,"author":{"gitId":"hwangjihun"},"content":"        System.out.println(\"Nice! I\u0027ve marked this task as done:\");","lastModifiedDate":"2026-01-22T22:33:11","isFullCredit":false},{"lineNumber":47,"author":{"gitId":"hwangjihun"},"content":"        System.out.println(this.tasks.get(taskID));","lastModifiedDate":"2026-01-22T22:33:11","isFullCredit":false},{"lineNumber":48,"author":{"gitId":"hwangjihun"},"content":"        saveToStorage();","lastModifiedDate":"2026-01-29T16:05:54","isFullCredit":false},{"lineNumber":49,"author":{"gitId":"hwangjihun"},"content":"    }","lastModifiedDate":"2026-01-22T22:33:11","isFullCredit":false},{"lineNumber":50,"author":{"gitId":"hwangjihun"},"content":"","lastModifiedDate":"2026-01-22T22:33:11","isFullCredit":false},{"lineNumber":51,"author":{"gitId":"hwangjihun"},"content":"    private void unmark(int taskID) {","lastModifiedDate":"2026-01-22T22:33:11","isFullCredit":false},{"lineNumber":52,"author":{"gitId":"hwangjihun"},"content":"        this.tasks.get(taskID).unMark();","lastModifiedDate":"2026-01-22T22:33:11","isFullCredit":false},{"lineNumber":53,"author":{"gitId":"hwangjihun"},"content":"        System.out.println(\"OK, I\u0027ve marked this task as not done yet:\");","lastModifiedDate":"2026-01-22T22:33:11","isFullCredit":false},{"lineNumber":54,"author":{"gitId":"hwangjihun"},"content":"        System.out.println(this.tasks.get(taskID));","lastModifiedDate":"2026-01-22T22:33:11","isFullCredit":false},{"lineNumber":55,"author":{"gitId":"hwangjihun"},"content":"        saveToStorage();","lastModifiedDate":"2026-01-29T16:05:54","isFullCredit":false},{"lineNumber":56,"author":{"gitId":"hwangjihun"},"content":"    }","lastModifiedDate":"2026-01-22T22:33:11","isFullCredit":false},{"lineNumber":57,"author":{"gitId":"hwangjihun"},"content":"","lastModifiedDate":"2026-01-22T22:33:11","isFullCredit":false},{"lineNumber":58,"author":{"gitId":"hwangjihun"},"content":"    private void addTask(TaskType taskType, String taskDesc) throws HunnieException {","lastModifiedDate":"2026-01-29T09:31:05","isFullCredit":false},{"lineNumber":59,"author":{"gitId":"hwangjihun"},"content":"        if (taskDesc.trim().isEmpty()) {","lastModifiedDate":"2026-01-23T00:05:06","isFullCredit":false},{"lineNumber":60,"author":{"gitId":"hwangjihun"},"content":"            throw new HunnieException(\"Hey, the description of a \" + taskType + \" task should not be empty!\");","lastModifiedDate":"2026-01-23T00:05:06","isFullCredit":false},{"lineNumber":61,"author":{"gitId":"hwangjihun"},"content":"        }","lastModifiedDate":"2026-01-23T00:05:06","isFullCredit":false},{"lineNumber":62,"author":{"gitId":"hwangjihun"},"content":"        Task newTask \u003d null;","lastModifiedDate":"2026-01-22T22:33:11","isFullCredit":false},{"lineNumber":63,"author":{"gitId":"hwangjihun"},"content":"","lastModifiedDate":"2026-01-22T22:33:11","isFullCredit":false},{"lineNumber":64,"author":{"gitId":"hwangjihun"},"content":"        switch (taskType) {","lastModifiedDate":"2026-01-29T09:31:05","isFullCredit":false},{"lineNumber":65,"author":{"gitId":"hwangjihun"},"content":"        case TODO:","lastModifiedDate":"2026-01-29T09:31:05","isFullCredit":false},{"lineNumber":66,"author":{"gitId":"hwangjihun"},"content":"            newTask \u003d new ToDo(taskDesc);","lastModifiedDate":"2026-01-22T22:33:11","isFullCredit":false},{"lineNumber":67,"author":{"gitId":"hwangjihun"},"content":"            break;","lastModifiedDate":"2026-01-29T09:31:05","isFullCredit":false},{"lineNumber":68,"author":{"gitId":"hwangjihun"},"content":"        case DEADLINE:","lastModifiedDate":"2026-01-29T09:31:05","isFullCredit":false},{"lineNumber":69,"author":{"gitId":"hwangjihun"},"content":"            String[] deadline \u003d taskDesc.split(\" /by \");","lastModifiedDate":"2026-01-22T22:33:11","isFullCredit":false},{"lineNumber":70,"author":{"gitId":"hwangjihun"},"content":"            newTask \u003d new Deadline(deadline[0], deadline[1]);","lastModifiedDate":"2026-01-22T22:33:11","isFullCredit":false},{"lineNumber":71,"author":{"gitId":"hwangjihun"},"content":"            break;","lastModifiedDate":"2026-01-29T09:31:05","isFullCredit":false},{"lineNumber":72,"author":{"gitId":"hwangjihun"},"content":"        case EVENT:","lastModifiedDate":"2026-01-29T09:31:05","isFullCredit":false},{"lineNumber":73,"author":{"gitId":"hwangjihun"},"content":"            String[] timeSpan \u003d taskDesc.split(\" /from | /to \");","lastModifiedDate":"2026-01-22T22:33:11","isFullCredit":false},{"lineNumber":74,"author":{"gitId":"hwangjihun"},"content":"            newTask \u003d new Event(timeSpan[0], timeSpan[1], timeSpan[2]);","lastModifiedDate":"2026-01-22T22:33:11","isFullCredit":false},{"lineNumber":75,"author":{"gitId":"hwangjihun"},"content":"            break;","lastModifiedDate":"2026-01-29T09:31:05","isFullCredit":false},{"lineNumber":76,"author":{"gitId":"hwangjihun"},"content":"        }","lastModifiedDate":"2026-01-22T22:33:11","isFullCredit":false},{"lineNumber":77,"author":{"gitId":"hwangjihun"},"content":"","lastModifiedDate":"2026-01-29T09:31:05","isFullCredit":false},{"lineNumber":78,"author":{"gitId":"hwangjihun"},"content":"        if (newTask !\u003d null) {","lastModifiedDate":"2026-01-23T00:05:06","isFullCredit":false},{"lineNumber":79,"author":{"gitId":"hwangjihun"},"content":"            this.tasks.add(newTask);","lastModifiedDate":"2026-01-22T22:33:11","isFullCredit":false},{"lineNumber":80,"author":{"gitId":"hwangjihun"},"content":"            System.out.println(\"Got it. I\u0027ve added this task:\");","lastModifiedDate":"2026-01-22T22:33:11","isFullCredit":false},{"lineNumber":81,"author":{"gitId":"hwangjihun"},"content":"            System.out.println(newTask);","lastModifiedDate":"2026-01-22T22:33:11","isFullCredit":false},{"lineNumber":82,"author":{"gitId":"hwangjihun"},"content":"            System.out.println(\"Now you have \" + this.tasks.size() + \" tasks in the list.\");","lastModifiedDate":"2026-01-22T22:33:11","isFullCredit":false},{"lineNumber":83,"author":{"gitId":"hwangjihun"},"content":"            saveToStorage();","lastModifiedDate":"2026-01-29T16:05:54","isFullCredit":false},{"lineNumber":84,"author":{"gitId":"hwangjihun"},"content":"        }","lastModifiedDate":"2026-01-22T22:33:11","isFullCredit":false},{"lineNumber":85,"author":{"gitId":"hwangjihun"},"content":"    }","lastModifiedDate":"2026-01-23T00:05:06","isFullCredit":false},{"lineNumber":86,"author":{"gitId":"hwangjihun"},"content":"","lastModifiedDate":"2026-01-23T00:05:06","isFullCredit":false},{"lineNumber":87,"author":{"gitId":"hwangjihun"},"content":"    private void deleteTask(int taskID) {","lastModifiedDate":"2026-01-23T00:17:03","isFullCredit":false},{"lineNumber":88,"author":{"gitId":"hwangjihun"},"content":"        System.out.println(\"Noted. I\u0027ve removed this task:\");","lastModifiedDate":"2026-01-23T00:17:03","isFullCredit":false},{"lineNumber":89,"author":{"gitId":"hwangjihun"},"content":"        System.out.println(tasks.get(taskID));","lastModifiedDate":"2026-01-23T00:17:03","isFullCredit":false},{"lineNumber":90,"author":{"gitId":"hwangjihun"},"content":"        this.tasks.remove(taskID);","lastModifiedDate":"2026-01-23T00:17:03","isFullCredit":false},{"lineNumber":91,"author":{"gitId":"hwangjihun"},"content":"        System.out.println(\"Now you have \" + this.tasks.size() + \" tasks in the list.\");","lastModifiedDate":"2026-01-23T00:17:03","isFullCredit":false},{"lineNumber":92,"author":{"gitId":"hwangjihun"},"content":"        saveToStorage();","lastModifiedDate":"2026-01-29T16:05:54","isFullCredit":false},{"lineNumber":93,"author":{"gitId":"hwangjihun"},"content":"    }","lastModifiedDate":"2026-01-23T00:17:03","isFullCredit":false},{"lineNumber":94,"author":{"gitId":"hwangjihun"},"content":"","lastModifiedDate":"2026-01-23T00:17:03","isFullCredit":false},{"lineNumber":95,"author":{"gitId":"hwangjihun"},"content":"    public static void main(String[] args){","lastModifiedDate":"2026-01-22T22:33:11","isFullCredit":false},{"lineNumber":96,"author":{"gitId":"hwangjihun"},"content":"        Hunnie bot \u003d new Hunnie();","lastModifiedDate":"2026-01-22T22:33:11","isFullCredit":false},{"lineNumber":97,"author":{"gitId":"hwangjihun"},"content":"        Scanner scanner \u003d new Scanner(System.in);","lastModifiedDate":"2026-01-22T22:33:11","isFullCredit":false},{"lineNumber":98,"author":{"gitId":"hwangjihun"},"content":"","lastModifiedDate":"2026-01-22T22:33:11","isFullCredit":false},{"lineNumber":99,"author":{"gitId":"hwangjihun"},"content":"        bot.greet();","lastModifiedDate":"2026-01-22T22:33:11","isFullCredit":false},{"lineNumber":100,"author":{"gitId":"hwangjihun"},"content":"","lastModifiedDate":"2026-01-22T00:18:43","isFullCredit":false},{"lineNumber":101,"author":{"gitId":"hwangjihun"},"content":"        while (true) {","lastModifiedDate":"2026-01-22T00:18:43","isFullCredit":false},{"lineNumber":102,"author":{"gitId":"hwangjihun"},"content":"            try {","lastModifiedDate":"2026-01-23T00:05:06","isFullCredit":false},{"lineNumber":103,"author":{"gitId":"hwangjihun"},"content":"                String command \u003d scanner.nextLine();","lastModifiedDate":"2026-01-22T09:38:21","isFullCredit":false},{"lineNumber":104,"author":{"gitId":"hwangjihun"},"content":"                String[] cmd \u003d command.split(\" \", 2);","lastModifiedDate":"2026-01-22T09:38:21","isFullCredit":false},{"lineNumber":105,"author":{"gitId":"hwangjihun"},"content":"","lastModifiedDate":"2026-01-22T09:38:21","isFullCredit":false},{"lineNumber":106,"author":{"gitId":"hwangjihun"},"content":"                System.out.println(LINES);","lastModifiedDate":"2026-01-22T22:33:11","isFullCredit":false},{"lineNumber":107,"author":{"gitId":"hwangjihun"},"content":"                if (cmd[0].equals(\"bye\")) {","lastModifiedDate":"2026-01-22T09:38:21","isFullCredit":false},{"lineNumber":108,"author":{"gitId":"hwangjihun"},"content":"                    bot.goodbye();","lastModifiedDate":"2026-01-22T22:33:11","isFullCredit":false},{"lineNumber":109,"author":{"gitId":"hwangjihun"},"content":"                    break;","lastModifiedDate":"2026-01-22T00:18:43","isFullCredit":false},{"lineNumber":110,"author":{"gitId":"hwangjihun"},"content":"                }","lastModifiedDate":"2026-01-22T00:53:35","isFullCredit":false},{"lineNumber":111,"author":{"gitId":"hwangjihun"},"content":"                else if (cmd[0].equals(\"list\")) {","lastModifiedDate":"2026-01-22T09:38:21","isFullCredit":false},{"lineNumber":112,"author":{"gitId":"hwangjihun"},"content":"                    bot.getList();","lastModifiedDate":"2026-01-22T22:33:11","isFullCredit":false},{"lineNumber":113,"author":{"gitId":"hwangjihun"},"content":"                }","lastModifiedDate":"2026-01-22T09:38:21","isFullCredit":false},{"lineNumber":114,"author":{"gitId":"hwangjihun"},"content":"                else if (cmd[0].equals(\"mark\")) {","lastModifiedDate":"2026-01-22T09:38:21","isFullCredit":false},{"lineNumber":115,"author":{"gitId":"hwangjihun"},"content":"                    int taskID \u003d Integer.parseInt(cmd[1]) - 1;","lastModifiedDate":"2026-01-22T09:38:21","isFullCredit":false},{"lineNumber":116,"author":{"gitId":"hwangjihun"},"content":"                    bot.markAsDone(taskID);","lastModifiedDate":"2026-01-22T22:33:11","isFullCredit":false},{"lineNumber":117,"author":{"gitId":"hwangjihun"},"content":"                }","lastModifiedDate":"2026-01-22T00:53:35","isFullCredit":false},{"lineNumber":118,"author":{"gitId":"hwangjihun"},"content":"                else if (cmd[0].equals(\"unmark\")) {","lastModifiedDate":"2026-01-22T09:38:21","isFullCredit":false},{"lineNumber":119,"author":{"gitId":"hwangjihun"},"content":"                    int taskID \u003d Integer.parseInt(cmd[1]) - 1;","lastModifiedDate":"2026-01-22T09:38:21","isFullCredit":false},{"lineNumber":120,"author":{"gitId":"hwangjihun"},"content":"                    bot.unmark(taskID);","lastModifiedDate":"2026-01-22T22:33:11","isFullCredit":false},{"lineNumber":121,"author":{"gitId":"hwangjihun"},"content":"                }","lastModifiedDate":"2026-01-22T00:53:35","isFullCredit":false},{"lineNumber":122,"author":{"gitId":"hwangjihun"},"content":"                else if (cmd[0].equals(\"delete\")) {","lastModifiedDate":"2026-01-23T00:17:03","isFullCredit":false},{"lineNumber":123,"author":{"gitId":"hwangjihun"},"content":"                    int taskID \u003d Integer.parseInt(cmd[1]) - 1;","lastModifiedDate":"2026-01-23T00:17:03","isFullCredit":false},{"lineNumber":124,"author":{"gitId":"hwangjihun"},"content":"                    bot.deleteTask(taskID);","lastModifiedDate":"2026-01-23T00:17:03","isFullCredit":false},{"lineNumber":125,"author":{"gitId":"hwangjihun"},"content":"                }","lastModifiedDate":"2026-01-23T00:17:03","isFullCredit":false},{"lineNumber":126,"author":{"gitId":"hwangjihun"},"content":"                else {","lastModifiedDate":"2026-01-23T00:17:03","isFullCredit":false},{"lineNumber":127,"author":{"gitId":"hwangjihun"},"content":"                    TaskType taskType \u003d TaskType.fromString(cmd[0]);","lastModifiedDate":"2026-01-29T09:31:05","isFullCredit":false},{"lineNumber":128,"author":{"gitId":"hwangjihun"},"content":"                    if (taskType !\u003d null) {","lastModifiedDate":"2026-01-29T09:31:05","isFullCredit":false},{"lineNumber":129,"author":{"gitId":"hwangjihun"},"content":"                        String taskDesc \u003d cmd.length \u003e 1 ? cmd[1] : \"\";","lastModifiedDate":"2026-01-29T09:31:05","isFullCredit":false},{"lineNumber":130,"author":{"gitId":"hwangjihun"},"content":"                        bot.addTask(taskType, taskDesc);","lastModifiedDate":"2026-01-29T09:31:05","isFullCredit":false},{"lineNumber":131,"author":{"gitId":"hwangjihun"},"content":"                    } else {","lastModifiedDate":"2026-01-29T09:31:05","isFullCredit":false},{"lineNumber":132,"author":{"gitId":"hwangjihun"},"content":"                        throw new HunnieException(\"I am sorry. Idk what that means at the moment!\");","lastModifiedDate":"2026-01-23T00:05:06","isFullCredit":false},{"lineNumber":133,"author":{"gitId":"hwangjihun"},"content":"                    }","lastModifiedDate":"2026-01-23T00:05:06","isFullCredit":false},{"lineNumber":134,"author":{"gitId":"hwangjihun"},"content":"                }","lastModifiedDate":"2026-01-29T09:31:05","isFullCredit":false},{"lineNumber":135,"author":{"gitId":"hwangjihun"},"content":"            } catch (HunnieException e) {","lastModifiedDate":"2026-01-23T00:05:06","isFullCredit":false},{"lineNumber":136,"author":{"gitId":"hwangjihun"},"content":"                System.out.println(e.getMessage());","lastModifiedDate":"2026-01-23T00:05:06","isFullCredit":false},{"lineNumber":137,"author":{"gitId":"hwangjihun"},"content":"            }","lastModifiedDate":"2026-01-22T00:18:43","isFullCredit":false},{"lineNumber":138,"author":{"gitId":"hwangjihun"},"content":"            System.out.println(LINES);","lastModifiedDate":"2026-01-22T22:33:11","isFullCredit":false},{"lineNumber":139,"author":{"gitId":"hwangjihun"},"content":"        }","lastModifiedDate":"2026-01-22T00:18:43","isFullCredit":false},{"lineNumber":140,"author":{"gitId":"hwangjihun"},"content":"    }","lastModifiedDate":"2026-01-21T02:31:56","isFullCredit":false},{"lineNumber":141,"author":{"gitId":"hwangjihun"},"content":"}","lastModifiedDate":"2026-01-21T02:31:56","isFullCredit":false}],"authorContributionMap":{"hwangjihun":141}},{"path":"src/main/java/HunnieException.java","fileType":"java","lines":[{"lineNumber":1,"author":{"gitId":"hwangjihun"},"content":"public class HunnieException extends Exception {","lastModifiedDate":"2026-01-22T22:33:11","isFullCredit":false},{"lineNumber":2,"author":{"gitId":"hwangjihun"},"content":"    public HunnieException(String message) {","lastModifiedDate":"2026-01-23T00:05:06","isFullCredit":false},{"lineNumber":3,"author":{"gitId":"hwangjihun"},"content":"        super(message);","lastModifiedDate":"2026-01-23T00:05:06","isFullCredit":false},{"lineNumber":4,"author":{"gitId":"hwangjihun"},"content":"    }","lastModifiedDate":"2026-01-23T00:05:06","isFullCredit":false},{"lineNumber":5,"author":{"gitId":"hwangjihun"},"content":"}","lastModifiedDate":"2026-01-22T22:33:11","isFullCredit":false}],"authorContributionMap":{"hwangjihun":5}},{"path":"src/main/java/Storage.java","fileType":"java","lines":[{"lineNumber":1,"author":{"gitId":"hwangjihun"},"content":"import java.io.File;","lastModifiedDate":"2026-01-29T16:05:54","isFullCredit":false},{"lineNumber":2,"author":{"gitId":"hwangjihun"},"content":"import java.io.FileWriter;","lastModifiedDate":"2026-01-29T16:05:54","isFullCredit":false},{"lineNumber":3,"author":{"gitId":"hwangjihun"},"content":"import java.io.IOException;","lastModifiedDate":"2026-01-29T16:05:54","isFullCredit":false},{"lineNumber":4,"author":{"gitId":"hwangjihun"},"content":"import java.util.ArrayList;","lastModifiedDate":"2026-01-29T16:05:54","isFullCredit":false},{"lineNumber":5,"author":{"gitId":"hwangjihun"},"content":"import java.util.Scanner;","lastModifiedDate":"2026-01-29T16:05:54","isFullCredit":false},{"lineNumber":6,"author":{"gitId":"hwangjihun"},"content":"","lastModifiedDate":"2026-01-29T16:05:54","isFullCredit":false},{"lineNumber":7,"author":{"gitId":"hwangjihun"},"content":"public class Storage {","lastModifiedDate":"2026-01-29T16:05:54","isFullCredit":false},{"lineNumber":8,"author":{"gitId":"hwangjihun"},"content":"    private static final String PATH \u003d \"src/main/data/hunnie.txt\";","lastModifiedDate":"2026-01-29T16:05:54","isFullCredit":false},{"lineNumber":9,"author":{"gitId":"hwangjihun"},"content":"    private final String filePath;","lastModifiedDate":"2026-01-29T16:05:54","isFullCredit":false},{"lineNumber":10,"author":{"gitId":"hwangjihun"},"content":"","lastModifiedDate":"2026-01-29T16:05:54","isFullCredit":false},{"lineNumber":11,"author":{"gitId":"hwangjihun"},"content":"    public Storage() {","lastModifiedDate":"2026-01-29T16:05:54","isFullCredit":false},{"lineNumber":12,"author":{"gitId":"hwangjihun"},"content":"        this.filePath \u003d PATH;","lastModifiedDate":"2026-01-29T16:05:54","isFullCredit":false},{"lineNumber":13,"author":{"gitId":"hwangjihun"},"content":"    }","lastModifiedDate":"2026-01-29T16:05:54","isFullCredit":false},{"lineNumber":14,"author":{"gitId":"hwangjihun"},"content":"","lastModifiedDate":"2026-01-29T16:05:54","isFullCredit":false},{"lineNumber":15,"author":{"gitId":"hwangjihun"},"content":"    public ArrayList\u003cTask\u003e load() {","lastModifiedDate":"2026-01-29T16:05:54","isFullCredit":false},{"lineNumber":16,"author":{"gitId":"hwangjihun"},"content":"        ArrayList\u003cTask\u003e tasks \u003d new ArrayList\u003c\u003e();","lastModifiedDate":"2026-01-29T16:05:54","isFullCredit":false},{"lineNumber":17,"author":{"gitId":"hwangjihun"},"content":"        File file \u003d new File(this.filePath);","lastModifiedDate":"2026-01-29T16:05:54","isFullCredit":false},{"lineNumber":18,"author":{"gitId":"hwangjihun"},"content":"","lastModifiedDate":"2026-01-29T16:05:54","isFullCredit":false},{"lineNumber":19,"author":{"gitId":"hwangjihun"},"content":"        File dir \u003d file.getParentFile();","lastModifiedDate":"2026-01-29T16:05:54","isFullCredit":false},{"lineNumber":20,"author":{"gitId":"hwangjihun"},"content":"        if (dir !\u003d null \u0026\u0026 !dir.exists()) {","lastModifiedDate":"2026-01-29T16:05:54","isFullCredit":false},{"lineNumber":21,"author":{"gitId":"hwangjihun"},"content":"            dir.mkdirs();","lastModifiedDate":"2026-01-29T16:05:54","isFullCredit":false},{"lineNumber":22,"author":{"gitId":"hwangjihun"},"content":"        }","lastModifiedDate":"2026-01-29T16:05:54","isFullCredit":false},{"lineNumber":23,"author":{"gitId":"hwangjihun"},"content":"","lastModifiedDate":"2026-01-29T16:05:54","isFullCredit":false},{"lineNumber":24,"author":{"gitId":"hwangjihun"},"content":"        if (!file.exists()) {","lastModifiedDate":"2026-01-29T16:05:54","isFullCredit":false},{"lineNumber":25,"author":{"gitId":"hwangjihun"},"content":"            return tasks;","lastModifiedDate":"2026-01-29T16:05:54","isFullCredit":false},{"lineNumber":26,"author":{"gitId":"hwangjihun"},"content":"        }","lastModifiedDate":"2026-01-29T16:05:54","isFullCredit":false},{"lineNumber":27,"author":{"gitId":"hwangjihun"},"content":"","lastModifiedDate":"2026-01-29T16:05:54","isFullCredit":false},{"lineNumber":28,"author":{"gitId":"hwangjihun"},"content":"        try {","lastModifiedDate":"2026-01-29T16:05:54","isFullCredit":false},{"lineNumber":29,"author":{"gitId":"hwangjihun"},"content":"            Scanner scanner \u003d new Scanner(file);","lastModifiedDate":"2026-01-29T16:05:54","isFullCredit":false},{"lineNumber":30,"author":{"gitId":"hwangjihun"},"content":"            while (scanner.hasNextLine()) {","lastModifiedDate":"2026-01-29T16:05:54","isFullCredit":false},{"lineNumber":31,"author":{"gitId":"hwangjihun"},"content":"                String line \u003d scanner.nextLine();","lastModifiedDate":"2026-01-29T16:05:54","isFullCredit":false},{"lineNumber":32,"author":{"gitId":"hwangjihun"},"content":"                Task task \u003d parseTask(line);","lastModifiedDate":"2026-01-29T16:05:54","isFullCredit":false},{"lineNumber":33,"author":{"gitId":"hwangjihun"},"content":"                if (task !\u003d null) {","lastModifiedDate":"2026-01-29T16:05:54","isFullCredit":false},{"lineNumber":34,"author":{"gitId":"hwangjihun"},"content":"                    tasks.add(task);","lastModifiedDate":"2026-01-29T16:05:54","isFullCredit":false},{"lineNumber":35,"author":{"gitId":"hwangjihun"},"content":"                }","lastModifiedDate":"2026-01-29T16:05:54","isFullCredit":false},{"lineNumber":36,"author":{"gitId":"hwangjihun"},"content":"            }","lastModifiedDate":"2026-01-29T16:05:54","isFullCredit":false},{"lineNumber":37,"author":{"gitId":"hwangjihun"},"content":"            scanner.close();","lastModifiedDate":"2026-01-29T16:05:54","isFullCredit":false},{"lineNumber":38,"author":{"gitId":"hwangjihun"},"content":"        } catch (IOException e) {","lastModifiedDate":"2026-01-29T16:05:54","isFullCredit":false},{"lineNumber":39,"author":{"gitId":"hwangjihun"},"content":"            System.out.println(\"Error loading tasks from file: \" + e.getMessage());","lastModifiedDate":"2026-01-29T16:05:54","isFullCredit":false},{"lineNumber":40,"author":{"gitId":"hwangjihun"},"content":"        }","lastModifiedDate":"2026-01-29T16:05:54","isFullCredit":false},{"lineNumber":41,"author":{"gitId":"hwangjihun"},"content":"","lastModifiedDate":"2026-01-29T16:05:54","isFullCredit":false},{"lineNumber":42,"author":{"gitId":"hwangjihun"},"content":"        return tasks;","lastModifiedDate":"2026-01-29T16:05:54","isFullCredit":false},{"lineNumber":43,"author":{"gitId":"hwangjihun"},"content":"    }","lastModifiedDate":"2026-01-29T16:05:54","isFullCredit":false},{"lineNumber":44,"author":{"gitId":"hwangjihun"},"content":"","lastModifiedDate":"2026-01-29T16:05:54","isFullCredit":false},{"lineNumber":45,"author":{"gitId":"hwangjihun"},"content":"    public void save(ArrayList\u003cTask\u003e tasks) throws IOException {","lastModifiedDate":"2026-01-29T16:05:54","isFullCredit":false},{"lineNumber":46,"author":{"gitId":"hwangjihun"},"content":"        File file \u003d new File(this.filePath);","lastModifiedDate":"2026-01-29T16:05:54","isFullCredit":false},{"lineNumber":47,"author":{"gitId":"hwangjihun"},"content":"        FileWriter writer \u003d new FileWriter(file);","lastModifiedDate":"2026-01-29T16:05:54","isFullCredit":false},{"lineNumber":48,"author":{"gitId":"hwangjihun"},"content":"        for (Task task : tasks) {","lastModifiedDate":"2026-01-29T16:05:54","isFullCredit":false},{"lineNumber":49,"author":{"gitId":"hwangjihun"},"content":"            writer.write(encodeTask(task) + System.lineSeparator());","lastModifiedDate":"2026-01-29T16:05:54","isFullCredit":false},{"lineNumber":50,"author":{"gitId":"hwangjihun"},"content":"        }","lastModifiedDate":"2026-01-29T16:05:54","isFullCredit":false},{"lineNumber":51,"author":{"gitId":"hwangjihun"},"content":"        writer.close();","lastModifiedDate":"2026-01-29T16:05:54","isFullCredit":false},{"lineNumber":52,"author":{"gitId":"hwangjihun"},"content":"    }","lastModifiedDate":"2026-01-29T16:05:54","isFullCredit":false},{"lineNumber":53,"author":{"gitId":"hwangjihun"},"content":"","lastModifiedDate":"2026-01-29T16:05:54","isFullCredit":false},{"lineNumber":54,"author":{"gitId":"hwangjihun"},"content":"    private String encodeTask(Task task) {","lastModifiedDate":"2026-01-29T16:05:54","isFullCredit":false},{"lineNumber":55,"author":{"gitId":"hwangjihun"},"content":"        String isDone \u003d task.getIsDone() ? \"1\" : \"0\";","lastModifiedDate":"2026-01-29T16:05:54","isFullCredit":false},{"lineNumber":56,"author":{"gitId":"hwangjihun"},"content":"","lastModifiedDate":"2026-01-29T16:05:54","isFullCredit":false},{"lineNumber":57,"author":{"gitId":"hwangjihun"},"content":"        if (task instanceof ToDo todo) {","lastModifiedDate":"2026-01-29T16:05:54","isFullCredit":false},{"lineNumber":58,"author":{"gitId":"hwangjihun"},"content":"            return \"T | \" + isDone + \" | \" + todo.getDescription();","lastModifiedDate":"2026-01-29T16:05:54","isFullCredit":false},{"lineNumber":59,"author":{"gitId":"hwangjihun"},"content":"        } else if (task instanceof Deadline deadline) {","lastModifiedDate":"2026-01-29T16:05:54","isFullCredit":false},{"lineNumber":60,"author":{"gitId":"hwangjihun"},"content":"            return \"D | \" + isDone + \" | \" + deadline.getDescription() + \" | \" + deadline.getBy();","lastModifiedDate":"2026-01-29T16:05:54","isFullCredit":false},{"lineNumber":61,"author":{"gitId":"hwangjihun"},"content":"        } else if (task instanceof Event event) {","lastModifiedDate":"2026-01-29T16:05:54","isFullCredit":false},{"lineNumber":62,"author":{"gitId":"hwangjihun"},"content":"            return \"E | \" + isDone + \" | \" + event.getDescription() + \" | \" + event.getFrom() + \" | \" + event.getTo();","lastModifiedDate":"2026-01-29T16:05:54","isFullCredit":false},{"lineNumber":63,"author":{"gitId":"hwangjihun"},"content":"        }","lastModifiedDate":"2026-01-29T16:05:54","isFullCredit":false},{"lineNumber":64,"author":{"gitId":"hwangjihun"},"content":"","lastModifiedDate":"2026-01-29T16:05:54","isFullCredit":false},{"lineNumber":65,"author":{"gitId":"hwangjihun"},"content":"        return \"\";","lastModifiedDate":"2026-01-29T16:05:54","isFullCredit":false},{"lineNumber":66,"author":{"gitId":"hwangjihun"},"content":"    }","lastModifiedDate":"2026-01-29T16:05:54","isFullCredit":false},{"lineNumber":67,"author":{"gitId":"hwangjihun"},"content":"    private Task parseTask(String line) {","lastModifiedDate":"2026-01-29T16:05:54","isFullCredit":false},{"lineNumber":68,"author":{"gitId":"hwangjihun"},"content":"        String[] parts \u003d line.split(\" \\\\| \");","lastModifiedDate":"2026-01-29T16:05:54","isFullCredit":false},{"lineNumber":69,"author":{"gitId":"hwangjihun"},"content":"","lastModifiedDate":"2026-01-29T16:05:54","isFullCredit":false},{"lineNumber":70,"author":{"gitId":"hwangjihun"},"content":"        if (parts.length \u003c 3) {","lastModifiedDate":"2026-01-29T16:05:54","isFullCredit":false},{"lineNumber":71,"author":{"gitId":"hwangjihun"},"content":"            return null;","lastModifiedDate":"2026-01-29T16:05:54","isFullCredit":false},{"lineNumber":72,"author":{"gitId":"hwangjihun"},"content":"        }","lastModifiedDate":"2026-01-29T16:05:54","isFullCredit":false},{"lineNumber":73,"author":{"gitId":"hwangjihun"},"content":"","lastModifiedDate":"2026-01-29T16:05:54","isFullCredit":false},{"lineNumber":74,"author":{"gitId":"hwangjihun"},"content":"        String taskType \u003d parts[0].trim();","lastModifiedDate":"2026-01-29T16:05:54","isFullCredit":false},{"lineNumber":75,"author":{"gitId":"hwangjihun"},"content":"        boolean isDone \u003d parts[1].trim().equals(\"1\");","lastModifiedDate":"2026-01-29T16:05:54","isFullCredit":false},{"lineNumber":76,"author":{"gitId":"hwangjihun"},"content":"        String description \u003d parts[2].trim();","lastModifiedDate":"2026-01-29T16:05:54","isFullCredit":false},{"lineNumber":77,"author":{"gitId":"hwangjihun"},"content":"","lastModifiedDate":"2026-01-29T16:05:54","isFullCredit":false},{"lineNumber":78,"author":{"gitId":"hwangjihun"},"content":"        Task task \u003d null;","lastModifiedDate":"2026-01-29T16:05:54","isFullCredit":false},{"lineNumber":79,"author":{"gitId":"hwangjihun"},"content":"","lastModifiedDate":"2026-01-29T16:05:54","isFullCredit":false},{"lineNumber":80,"author":{"gitId":"hwangjihun"},"content":"        switch (taskType) {","lastModifiedDate":"2026-01-29T16:05:54","isFullCredit":false},{"lineNumber":81,"author":{"gitId":"hwangjihun"},"content":"        case \"T\":","lastModifiedDate":"2026-01-29T16:05:54","isFullCredit":false},{"lineNumber":82,"author":{"gitId":"hwangjihun"},"content":"            if (parts.length \u003d\u003d 3) {","lastModifiedDate":"2026-01-29T16:05:54","isFullCredit":false},{"lineNumber":83,"author":{"gitId":"hwangjihun"},"content":"                task \u003d new ToDo(description);","lastModifiedDate":"2026-01-29T16:05:54","isFullCredit":false},{"lineNumber":84,"author":{"gitId":"hwangjihun"},"content":"            }","lastModifiedDate":"2026-01-29T16:05:54","isFullCredit":false},{"lineNumber":85,"author":{"gitId":"hwangjihun"},"content":"            break;","lastModifiedDate":"2026-01-29T16:05:54","isFullCredit":false},{"lineNumber":86,"author":{"gitId":"hwangjihun"},"content":"        case \"D\":","lastModifiedDate":"2026-01-29T16:05:54","isFullCredit":false},{"lineNumber":87,"author":{"gitId":"hwangjihun"},"content":"            if (parts.length \u003d\u003d 4) {","lastModifiedDate":"2026-01-29T16:05:54","isFullCredit":false},{"lineNumber":88,"author":{"gitId":"hwangjihun"},"content":"                String by \u003d parts[3].trim();","lastModifiedDate":"2026-01-29T16:05:54","isFullCredit":false},{"lineNumber":89,"author":{"gitId":"hwangjihun"},"content":"                task \u003d new Deadline(description, by);","lastModifiedDate":"2026-01-29T16:05:54","isFullCredit":false},{"lineNumber":90,"author":{"gitId":"hwangjihun"},"content":"            }","lastModifiedDate":"2026-01-29T16:05:54","isFullCredit":false},{"lineNumber":91,"author":{"gitId":"hwangjihun"},"content":"            break;","lastModifiedDate":"2026-01-29T16:05:54","isFullCredit":false},{"lineNumber":92,"author":{"gitId":"hwangjihun"},"content":"        case \"E\":","lastModifiedDate":"2026-01-29T16:05:54","isFullCredit":false},{"lineNumber":93,"author":{"gitId":"hwangjihun"},"content":"            if (parts.length \u003d\u003d 5) {","lastModifiedDate":"2026-01-29T16:05:54","isFullCredit":false},{"lineNumber":94,"author":{"gitId":"hwangjihun"},"content":"                String from \u003d parts[3].trim();","lastModifiedDate":"2026-01-29T16:05:54","isFullCredit":false},{"lineNumber":95,"author":{"gitId":"hwangjihun"},"content":"                String to \u003d parts[4].trim();","lastModifiedDate":"2026-01-29T16:05:54","isFullCredit":false},{"lineNumber":96,"author":{"gitId":"hwangjihun"},"content":"                task \u003d new Event(description, from, to);","lastModifiedDate":"2026-01-29T16:05:54","isFullCredit":false},{"lineNumber":97,"author":{"gitId":"hwangjihun"},"content":"            }","lastModifiedDate":"2026-01-29T16:05:54","isFullCredit":false},{"lineNumber":98,"author":{"gitId":"hwangjihun"},"content":"            break;","lastModifiedDate":"2026-01-29T16:05:54","isFullCredit":false},{"lineNumber":99,"author":{"gitId":"hwangjihun"},"content":"        }","lastModifiedDate":"2026-01-29T16:05:54","isFullCredit":false},{"lineNumber":100,"author":{"gitId":"hwangjihun"},"content":"","lastModifiedDate":"2026-01-29T16:05:54","isFullCredit":false},{"lineNumber":101,"author":{"gitId":"hwangjihun"},"content":"        if (task !\u003d null \u0026\u0026 isDone) {","lastModifiedDate":"2026-01-29T16:05:54","isFullCredit":false},{"lineNumber":102,"author":{"gitId":"hwangjihun"},"content":"            task.mark();","lastModifiedDate":"2026-01-29T16:05:54","isFullCredit":false},{"lineNumber":103,"author":{"gitId":"hwangjihun"},"content":"        }","lastModifiedDate":"2026-01-29T16:05:54","isFullCredit":false},{"lineNumber":104,"author":{"gitId":"hwangjihun"},"content":"","lastModifiedDate":"2026-01-29T16:05:54","isFullCredit":false},{"lineNumber":105,"author":{"gitId":"hwangjihun"},"content":"        return task;","lastModifiedDate":"2026-01-29T16:05:54","isFullCredit":false},{"lineNumber":106,"author":{"gitId":"hwangjihun"},"content":"    }","lastModifiedDate":"2026-01-29T16:05:54","isFullCredit":false},{"lineNumber":107,"author":{"gitId":"hwangjihun"},"content":"","lastModifiedDate":"2026-01-29T16:05:54","isFullCredit":false},{"lineNumber":108,"author":{"gitId":"hwangjihun"},"content":"    // test code","lastModifiedDate":"2026-01-29T16:05:54","isFullCredit":false},{"lineNumber":109,"author":{"gitId":"hwangjihun"},"content":"    public static void main(String[] args) {","lastModifiedDate":"2026-01-29T16:05:54","isFullCredit":false},{"lineNumber":110,"author":{"gitId":"hwangjihun"},"content":"        Storage storage \u003d new Storage();","lastModifiedDate":"2026-01-29T16:05:54","isFullCredit":false},{"lineNumber":111,"author":{"gitId":"hwangjihun"},"content":"        ArrayList\u003cTask\u003e tasks \u003d storage.load();","lastModifiedDate":"2026-01-29T16:05:54","isFullCredit":false},{"lineNumber":112,"author":{"gitId":"hwangjihun"},"content":"        for (Task task : tasks) {","lastModifiedDate":"2026-01-29T16:05:54","isFullCredit":false},{"lineNumber":113,"author":{"gitId":"hwangjihun"},"content":"            System.out.println(task);","lastModifiedDate":"2026-01-29T16:05:54","isFullCredit":false},{"lineNumber":114,"author":{"gitId":"hwangjihun"},"content":"        }","lastModifiedDate":"2026-01-29T16:05:54","isFullCredit":false},{"lineNumber":115,"author":{"gitId":"hwangjihun"},"content":"    }","lastModifiedDate":"2026-01-29T16:05:54","isFullCredit":false},{"lineNumber":116,"author":{"gitId":"hwangjihun"},"content":"}","lastModifiedDate":"2026-01-29T16:05:54","isFullCredit":false}],"authorContributionMap":{"hwangjihun":116}},{"path":"src/main/java/Task.java","fileType":"java","lines":[{"lineNumber":1,"author":{"gitId":"hwangjihun"},"content":"public class Task {","lastModifiedDate":"2026-01-22T09:38:21","isFullCredit":false},{"lineNumber":2,"author":{"gitId":"hwangjihun"},"content":"    protected String description;","lastModifiedDate":"2026-01-22T09:38:21","isFullCredit":false},{"lineNumber":3,"author":{"gitId":"hwangjihun"},"content":"    protected boolean isDone;","lastModifiedDate":"2026-01-22T09:38:21","isFullCredit":false},{"lineNumber":4,"author":{"gitId":"hwangjihun"},"content":"","lastModifiedDate":"2026-01-22T09:38:21","isFullCredit":false},{"lineNumber":5,"author":{"gitId":"hwangjihun"},"content":"    public Task(String description) {","lastModifiedDate":"2026-01-22T09:38:21","isFullCredit":false},{"lineNumber":6,"author":{"gitId":"hwangjihun"},"content":"        this.description \u003d description;","lastModifiedDate":"2026-01-22T09:38:21","isFullCredit":false},{"lineNumber":7,"author":{"gitId":"hwangjihun"},"content":"        this.isDone \u003d false;","lastModifiedDate":"2026-01-22T09:38:21","isFullCredit":false},{"lineNumber":8,"author":{"gitId":"hwangjihun"},"content":"    }","lastModifiedDate":"2026-01-22T09:38:21","isFullCredit":false},{"lineNumber":9,"author":{"gitId":"hwangjihun"},"content":"","lastModifiedDate":"2026-01-22T09:38:21","isFullCredit":false},{"lineNumber":10,"author":{"gitId":"hwangjihun"},"content":"    public String getDescription() {","lastModifiedDate":"2026-01-29T16:05:54","isFullCredit":false},{"lineNumber":11,"author":{"gitId":"hwangjihun"},"content":"        return description;","lastModifiedDate":"2026-01-29T16:05:54","isFullCredit":false},{"lineNumber":12,"author":{"gitId":"hwangjihun"},"content":"    }","lastModifiedDate":"2026-01-29T16:05:54","isFullCredit":false},{"lineNumber":13,"author":{"gitId":"hwangjihun"},"content":"","lastModifiedDate":"2026-01-29T16:05:54","isFullCredit":false},{"lineNumber":14,"author":{"gitId":"hwangjihun"},"content":"    public boolean getIsDone() {","lastModifiedDate":"2026-01-29T16:05:54","isFullCredit":false},{"lineNumber":15,"author":{"gitId":"hwangjihun"},"content":"        return isDone;","lastModifiedDate":"2026-01-29T16:05:54","isFullCredit":false},{"lineNumber":16,"author":{"gitId":"hwangjihun"},"content":"    }","lastModifiedDate":"2026-01-29T16:05:54","isFullCredit":false},{"lineNumber":17,"author":{"gitId":"hwangjihun"},"content":"","lastModifiedDate":"2026-01-29T16:05:54","isFullCredit":false},{"lineNumber":18,"author":{"gitId":"hwangjihun"},"content":"    public String getStatusIcon() {","lastModifiedDate":"2026-01-22T09:38:21","isFullCredit":false},{"lineNumber":19,"author":{"gitId":"hwangjihun"},"content":"        return (isDone ? \"X\" : \" \"); // mark done task with X","lastModifiedDate":"2026-01-22T09:38:21","isFullCredit":false},{"lineNumber":20,"author":{"gitId":"hwangjihun"},"content":"    }","lastModifiedDate":"2026-01-22T09:38:21","isFullCredit":false},{"lineNumber":21,"author":{"gitId":"hwangjihun"},"content":"","lastModifiedDate":"2026-01-22T09:38:21","isFullCredit":false},{"lineNumber":22,"author":{"gitId":"hwangjihun"},"content":"    public void mark() {","lastModifiedDate":"2026-01-22T12:01:47","isFullCredit":false},{"lineNumber":23,"author":{"gitId":"hwangjihun"},"content":"        isDone \u003d true;","lastModifiedDate":"2026-01-22T12:01:47","isFullCredit":false},{"lineNumber":24,"author":{"gitId":"hwangjihun"},"content":"    }","lastModifiedDate":"2026-01-22T12:01:47","isFullCredit":false},{"lineNumber":25,"author":{"gitId":"hwangjihun"},"content":"","lastModifiedDate":"2026-01-22T12:01:47","isFullCredit":false},{"lineNumber":26,"author":{"gitId":"hwangjihun"},"content":"    public void unMark() {","lastModifiedDate":"2026-01-22T12:01:47","isFullCredit":false},{"lineNumber":27,"author":{"gitId":"hwangjihun"},"content":"        isDone \u003d false;","lastModifiedDate":"2026-01-22T12:01:47","isFullCredit":false},{"lineNumber":28,"author":{"gitId":"hwangjihun"},"content":"    }","lastModifiedDate":"2026-01-22T12:01:47","isFullCredit":false},{"lineNumber":29,"author":{"gitId":"hwangjihun"},"content":"","lastModifiedDate":"2026-01-22T12:01:47","isFullCredit":false},{"lineNumber":30,"author":{"gitId":"hwangjihun"},"content":"    @Override","lastModifiedDate":"2026-01-22T12:01:47","isFullCredit":false},{"lineNumber":31,"author":{"gitId":"hwangjihun"},"content":"    public String toString() {","lastModifiedDate":"2026-01-22T12:01:47","isFullCredit":false},{"lineNumber":32,"author":{"gitId":"hwangjihun"},"content":"        return \"[\" +  this.getStatusIcon() + \"] \" + this.description;","lastModifiedDate":"2026-01-22T12:01:47","isFullCredit":false},{"lineNumber":33,"author":{"gitId":"hwangjihun"},"content":"    }","lastModifiedDate":"2026-01-22T12:01:47","isFullCredit":false},{"lineNumber":34,"author":{"gitId":"hwangjihun"},"content":"}","lastModifiedDate":"2026-01-22T09:38:21","isFullCredit":false}],"authorContributionMap":{"hwangjihun":34}},{"path":"src/main/java/TaskType.java","fileType":"java","lines":[{"lineNumber":1,"author":{"gitId":"hwangjihun"},"content":"public enum TaskType {","lastModifiedDate":"2026-01-29T09:31:05","isFullCredit":false},{"lineNumber":2,"author":{"gitId":"hwangjihun"},"content":"    TODO(\"todo\"),","lastModifiedDate":"2026-01-29T09:31:05","isFullCredit":false},{"lineNumber":3,"author":{"gitId":"hwangjihun"},"content":"    DEADLINE(\"deadline\"),","lastModifiedDate":"2026-01-29T09:31:05","isFullCredit":false},{"lineNumber":4,"author":{"gitId":"hwangjihun"},"content":"    EVENT(\"event\");","lastModifiedDate":"2026-01-29T09:31:05","isFullCredit":false},{"lineNumber":5,"author":{"gitId":"hwangjihun"},"content":"","lastModifiedDate":"2026-01-29T09:31:05","isFullCredit":false},{"lineNumber":6,"author":{"gitId":"hwangjihun"},"content":"    private final String cmd;","lastModifiedDate":"2026-01-29T09:31:05","isFullCredit":false},{"lineNumber":7,"author":{"gitId":"hwangjihun"},"content":"","lastModifiedDate":"2026-01-29T09:31:05","isFullCredit":false},{"lineNumber":8,"author":{"gitId":"hwangjihun"},"content":"    private TaskType(String cmd) {","lastModifiedDate":"2026-01-29T09:31:05","isFullCredit":false},{"lineNumber":9,"author":{"gitId":"hwangjihun"},"content":"        this.cmd \u003d cmd;","lastModifiedDate":"2026-01-29T09:31:05","isFullCredit":false},{"lineNumber":10,"author":{"gitId":"hwangjihun"},"content":"    }","lastModifiedDate":"2026-01-29T09:31:05","isFullCredit":false},{"lineNumber":11,"author":{"gitId":"hwangjihun"},"content":"    public String toString() {","lastModifiedDate":"2026-01-29T09:31:05","isFullCredit":false},{"lineNumber":12,"author":{"gitId":"hwangjihun"},"content":"        return cmd;","lastModifiedDate":"2026-01-29T09:31:05","isFullCredit":false},{"lineNumber":13,"author":{"gitId":"hwangjihun"},"content":"    }","lastModifiedDate":"2026-01-29T09:31:05","isFullCredit":false},{"lineNumber":14,"author":{"gitId":"hwangjihun"},"content":"","lastModifiedDate":"2026-01-29T09:31:05","isFullCredit":false},{"lineNumber":15,"author":{"gitId":"hwangjihun"},"content":"    public static TaskType fromString(String cmd) {","lastModifiedDate":"2026-01-29T09:31:05","isFullCredit":false},{"lineNumber":16,"author":{"gitId":"hwangjihun"},"content":"        for (TaskType type : TaskType.values()) {","lastModifiedDate":"2026-01-29T09:31:05","isFullCredit":false},{"lineNumber":17,"author":{"gitId":"hwangjihun"},"content":"            if (type.cmd.equals(cmd)) {","lastModifiedDate":"2026-01-29T09:31:05","isFullCredit":false},{"lineNumber":18,"author":{"gitId":"hwangjihun"},"content":"                return type;","lastModifiedDate":"2026-01-29T09:31:05","isFullCredit":false},{"lineNumber":19,"author":{"gitId":"hwangjihun"},"content":"            }","lastModifiedDate":"2026-01-29T09:31:05","isFullCredit":false},{"lineNumber":20,"author":{"gitId":"hwangjihun"},"content":"        }","lastModifiedDate":"2026-01-29T09:31:05","isFullCredit":false},{"lineNumber":21,"author":{"gitId":"hwangjihun"},"content":"        return null;","lastModifiedDate":"2026-01-29T09:31:05","isFullCredit":false},{"lineNumber":22,"author":{"gitId":"hwangjihun"},"content":"    }","lastModifiedDate":"2026-01-29T09:31:05","isFullCredit":false},{"lineNumber":23,"author":{"gitId":"hwangjihun"},"content":"}","lastModifiedDate":"2026-01-29T09:31:05","isFullCredit":false}],"authorContributionMap":{"hwangjihun":23}},{"path":"src/main/java/ToDo.java","fileType":"java","lines":[{"lineNumber":1,"author":{"gitId":"hwangjihun"},"content":"public class ToDo extends Task {","lastModifiedDate":"2026-01-22T12:01:47","isFullCredit":false},{"lineNumber":2,"author":{"gitId":"hwangjihun"},"content":"    public ToDo(String description) {","lastModifiedDate":"2026-01-22T12:01:47","isFullCredit":false},{"lineNumber":3,"author":{"gitId":"hwangjihun"},"content":"        super(description);","lastModifiedDate":"2026-01-22T12:01:47","isFullCredit":false},{"lineNumber":4,"author":{"gitId":"hwangjihun"},"content":"    }","lastModifiedDate":"2026-01-22T12:01:47","isFullCredit":false},{"lineNumber":5,"author":{"gitId":"hwangjihun"},"content":"","lastModifiedDate":"2026-01-22T12:01:47","isFullCredit":false},{"lineNumber":6,"author":{"gitId":"hwangjihun"},"content":"    @Override","lastModifiedDate":"2026-01-22T12:01:47","isFullCredit":false},{"lineNumber":7,"author":{"gitId":"hwangjihun"},"content":"    public String toString() {","lastModifiedDate":"2026-01-22T12:01:47","isFullCredit":false},{"lineNumber":8,"author":{"gitId":"hwangjihun"},"content":"        return \"[T]\" + super.toString();","lastModifiedDate":"2026-01-22T12:01:47","isFullCredit":false},{"lineNumber":9,"author":{"gitId":"hwangjihun"},"content":"    }","lastModifiedDate":"2026-01-22T12:01:47","isFullCredit":false},{"lineNumber":10,"author":{"gitId":"hwangjihun"},"content":"","lastModifiedDate":"2026-01-22T12:01:47","isFullCredit":false},{"lineNumber":11,"author":{"gitId":"hwangjihun"},"content":"}","lastModifiedDate":"2026-01-22T12:01:47","isFullCredit":false}],"authorContributionMap":{"hwangjihun":11}},{"path":"text-ui-test/input.txt","fileType":"txt","lines":[{"lineNumber":1,"author":{"gitId":"hwangjihun"},"content":"todo borrow book","lastModifiedDate":"2026-01-22T18:08:28","isFullCredit":false},{"lineNumber":2,"author":{"gitId":"hwangjihun"},"content":"list","lastModifiedDate":"2026-01-22T18:08:28","isFullCredit":false},{"lineNumber":3,"author":{"gitId":"hwangjihun"},"content":"deadline return book /by Sunday","lastModifiedDate":"2026-01-22T18:08:28","isFullCredit":false},{"lineNumber":4,"author":{"gitId":"hwangjihun"},"content":"event project meeting /from Mon 2pm /to 4pm","lastModifiedDate":"2026-01-22T18:08:28","isFullCredit":false},{"lineNumber":5,"author":{"gitId":"hwangjihun"},"content":"list","lastModifiedDate":"2026-01-22T18:08:28","isFullCredit":false},{"lineNumber":6,"author":{"gitId":"hwangjihun"},"content":"mark 3","lastModifiedDate":"2026-01-22T18:08:28","isFullCredit":false},{"lineNumber":7,"author":{"gitId":"hwangjihun"},"content":"mark 1","lastModifiedDate":"2026-01-22T18:08:28","isFullCredit":false},{"lineNumber":8,"author":{"gitId":"hwangjihun"},"content":"list","lastModifiedDate":"2026-01-22T18:08:28","isFullCredit":false},{"lineNumber":9,"author":{"gitId":"hwangjihun"},"content":"unmark 1","lastModifiedDate":"2026-01-22T18:08:28","isFullCredit":false},{"lineNumber":10,"author":{"gitId":"hwangjihun"},"content":"list","lastModifiedDate":"2026-01-22T18:08:28","isFullCredit":false},{"lineNumber":11,"author":{"gitId":"hwangjihun"},"content":"bye","lastModifiedDate":"2026-01-22T18:08:28","isFullCredit":false}],"authorContributionMap":{"hwangjihun":11}},{"path":"text-ui-test/runtest.sh","fileType":"sh","lines":[{"lineNumber":1,"author":{"gitId":"-"},"content":"#!/usr/bin/env bash","lastModifiedDate":"2020-05-25T00:03:55","isFullCredit":false},{"lineNumber":2,"author":{"gitId":"-"},"content":"","lastModifiedDate":"2020-05-25T00:03:55","isFullCredit":false},{"lineNumber":3,"author":{"gitId":"-"},"content":"# create bin directory if it doesn\u0027t exist","lastModifiedDate":"2020-05-25T00:03:55","isFullCredit":false},{"lineNumber":4,"author":{"gitId":"-"},"content":"if [ ! -d \"../bin\" ]","lastModifiedDate":"2020-05-25T00:03:55","isFullCredit":false},{"lineNumber":5,"author":{"gitId":"-"},"content":"then","lastModifiedDate":"2020-05-25T00:03:55","isFullCredit":false},{"lineNumber":6,"author":{"gitId":"-"},"content":"    mkdir ../bin","lastModifiedDate":"2020-05-25T00:03:55","isFullCredit":false},{"lineNumber":7,"author":{"gitId":"-"},"content":"fi","lastModifiedDate":"2020-05-25T00:03:55","isFullCredit":false},{"lineNumber":8,"author":{"gitId":"-"},"content":"","lastModifiedDate":"2020-05-25T00:03:55","isFullCredit":false},{"lineNumber":9,"author":{"gitId":"-"},"content":"# delete output from previous run","lastModifiedDate":"2020-05-25T00:03:55","isFullCredit":false},{"lineNumber":10,"author":{"gitId":"-"},"content":"if [ -e \"./ACTUAL.TXT\" ]","lastModifiedDate":"2020-05-25T00:03:55","isFullCredit":false},{"lineNumber":11,"author":{"gitId":"-"},"content":"then","lastModifiedDate":"2020-05-25T00:03:55","isFullCredit":false},{"lineNumber":12,"author":{"gitId":"-"},"content":"    rm ACTUAL.TXT","lastModifiedDate":"2020-05-25T00:03:55","isFullCredit":false},{"lineNumber":13,"author":{"gitId":"-"},"content":"fi","lastModifiedDate":"2020-05-25T00:03:55","isFullCredit":false},{"lineNumber":14,"author":{"gitId":"-"},"content":"","lastModifiedDate":"2020-05-25T00:03:55","isFullCredit":false},{"lineNumber":15,"author":{"gitId":"-"},"content":"# compile the code into the bin folder, terminates if error occurred","lastModifiedDate":"2020-05-25T00:03:55","isFullCredit":false},{"lineNumber":16,"author":{"gitId":"-"},"content":"if ! javac -cp ../src/main/java -Xlint:none -d ../bin ../src/main/java/*.java","lastModifiedDate":"2020-08-25T17:23:26","isFullCredit":false},{"lineNumber":17,"author":{"gitId":"-"},"content":"then","lastModifiedDate":"2020-05-25T00:03:55","isFullCredit":false},{"lineNumber":18,"author":{"gitId":"-"},"content":"    echo \"********** BUILD FAILURE **********\"","lastModifiedDate":"2020-05-25T00:03:55","isFullCredit":false},{"lineNumber":19,"author":{"gitId":"-"},"content":"    exit 1","lastModifiedDate":"2020-05-25T00:03:55","isFullCredit":false},{"lineNumber":20,"author":{"gitId":"-"},"content":"fi","lastModifiedDate":"2020-05-25T00:03:55","isFullCredit":false},{"lineNumber":21,"author":{"gitId":"-"},"content":"","lastModifiedDate":"2020-05-25T00:03:55","isFullCredit":false},{"lineNumber":22,"author":{"gitId":"-"},"content":"# run the program, feed commands from input.txt file and redirect the output to the ACTUAL.TXT","lastModifiedDate":"2020-05-25T00:03:55","isFullCredit":false},{"lineNumber":23,"author":{"gitId":"hwangjihun"},"content":"java -classpath ../bin Hunnie \u003c input.txt \u003e ACTUAL.TXT","lastModifiedDate":"2026-01-22T18:08:28","isFullCredit":false},{"lineNumber":24,"author":{"gitId":"-"},"content":"","lastModifiedDate":"2020-05-25T00:03:55","isFullCredit":false},{"lineNumber":25,"author":{"gitId":"-"},"content":"# convert to UNIX format","lastModifiedDate":"2020-05-25T00:03:55","isFullCredit":false},{"lineNumber":26,"author":{"gitId":"-"},"content":"cp EXPECTED.TXT EXPECTED-UNIX.TXT","lastModifiedDate":"2020-05-25T00:03:55","isFullCredit":false},{"lineNumber":27,"author":{"gitId":"-"},"content":"dos2unix ACTUAL.TXT EXPECTED-UNIX.TXT","lastModifiedDate":"2020-05-25T00:03:55","isFullCredit":false},{"lineNumber":28,"author":{"gitId":"-"},"content":"","lastModifiedDate":"2020-05-25T00:03:55","isFullCredit":false},{"lineNumber":29,"author":{"gitId":"-"},"content":"# compare the output to the expected output","lastModifiedDate":"2020-05-25T00:03:55","isFullCredit":false},{"lineNumber":30,"author":{"gitId":"-"},"content":"diff ACTUAL.TXT EXPECTED-UNIX.TXT","lastModifiedDate":"2020-05-25T00:03:55","isFullCredit":false},{"lineNumber":31,"author":{"gitId":"-"},"content":"if [ $? -eq 0 ]","lastModifiedDate":"2020-05-25T00:03:55","isFullCredit":false},{"lineNumber":32,"author":{"gitId":"-"},"content":"then","lastModifiedDate":"2020-05-25T00:03:55","isFullCredit":false},{"lineNumber":33,"author":{"gitId":"-"},"content":"    echo \"Test result: PASSED\"","lastModifiedDate":"2020-05-25T00:03:55","isFullCredit":false},{"lineNumber":34,"author":{"gitId":"-"},"content":"    exit 0","lastModifiedDate":"2020-05-25T00:03:55","isFullCredit":false},{"lineNumber":35,"author":{"gitId":"-"},"content":"else","lastModifiedDate":"2020-05-25T00:03:55","isFullCredit":false},{"lineNumber":36,"author":{"gitId":"-"},"content":"    echo \"Test result: FAILED\"","lastModifiedDate":"2020-05-25T00:03:55","isFullCredit":false},{"lineNumber":37,"author":{"gitId":"-"},"content":"    exit 1","lastModifiedDate":"2020-05-25T00:03:55","isFullCredit":false},{"lineNumber":38,"author":{"gitId":"-"},"content":"fi","lastModifiedDate":"2020-05-25T00:03:55","isFullCredit":false}],"authorContributionMap":{"hwangjihun":1,"-":37}},{"path":"text-ui-test/src/main/data/hunnie.txt","fileType":"txt","lines":[{"lineNumber":1,"author":{"gitId":"hwangjihun"},"content":"T | 0 | borrow book","lastModifiedDate":"2026-01-29T16:05:54","isFullCredit":false},{"lineNumber":2,"author":{"gitId":"hwangjihun"},"content":"D | 0 | return book | Sunday","lastModifiedDate":"2026-01-29T16:05:54","isFullCredit":false},{"lineNumber":3,"author":{"gitId":"hwangjihun"},"content":"E | 1 | project meeting | Mon 2pm | 4pm","lastModifiedDate":"2026-01-29T16:05:54","isFullCredit":false}],"authorContributionMap":{"hwangjihun":3}}]
