{"authorDailyContributionsMap":{"hwangjihun":[{"date":"2026-01-21T00:00:00","commitResults":[{"hash":"544accea54dc50e9e24eb07f6cf87722a5501d7f","isMergeCommit":false,"messageTitle":"Renamed chatbot, added a basic greet/exit","messageBody":"","tags":["Level-0"],"fileTypesAndContributionMap":{"java":{"insertions":12,"deletions":10}}}]},{"date":"2026-01-22T00:00:00","commitResults":[{"hash":"090117ee80e877fcd4cad0fc55f2d4c34a56667a","isMergeCommit":false,"messageTitle":"Add feature to echo cmd and exit on bye cmd","messageBody":"","tags":["Level-1"],"fileTypesAndContributionMap":{"java":{"insertions":17,"deletions":2}}},{"hash":"3cafe5812e7430d30e12505827444a884fa7b37f","isMergeCommit":false,"messageTitle":"store user input and display on request","messageBody":"","tags":["Level-2"],"fileTypesAndContributionMap":{"java":{"insertions":13,"deletions":2}}},{"hash":"28d19c9e6fa56b0658ae96c2ab4d2a19bfd600b3","isMergeCommit":false,"messageTitle":"added mark as done / undone feature for the tasks","messageBody":"","tags":["Level-3"],"fileTypesAndContributionMap":{"java":{"insertions":37,"deletions":7}}},{"hash":"f47305cc8546ed856a09999a6aec0d6522133046","isMergeCommit":false,"messageTitle":"add task types: toDos, events \u0026 deadlines","messageBody":"","tags":["Level-4"],"fileTypesAndContributionMap":{"java":{"insertions":70,"deletions":8}}},{"hash":"e8886971543771a72461474c4f3a4b386f1fb374","isMergeCommit":false,"messageTitle":"Add automated testing","messageBody":"","tags":["A-TextUiTesting"],"fileTypesAndContributionMap":{"txt":{"insertions":11,"deletions":0},"java":{"insertions":1,"deletions":1},"sh":{"insertions":1,"deletions":1}}},{"hash":"635db95d77f537af17d13656b4730871300fee1f","isMergeCommit":false,"messageTitle":"Refactored main bot file","messageBody":"","fileTypesAndContributionMap":{"java":{"insertions":71,"deletions":36}}}]},{"date":"2026-01-23T00:00:00","commitResults":[{"hash":"4ae5924bd30ab78928d83f3221487ace8285cfb5","isMergeCommit":false,"messageTitle":"Add basic error handling","messageBody":"","tags":["Level-5"],"fileTypesAndContributionMap":{"java":{"insertions":44,"deletions":27}}},{"hash":"32fd723b32d0531efc314a4b7fa0cfd6b2168c5b","isMergeCommit":false,"messageTitle":"Add delete task function","messageBody":"","tags":["Level-6"],"fileTypesAndContributionMap":{"java":{"insertions":14,"deletions":1}}}]},{"date":"2026-01-29T00:00:00","commitResults":[{"hash":"2d9ec39acd4b10059ac29bc5778f723d97c4bda4","isMergeCommit":false,"messageTitle":"Add enums for task types","messageBody":"","tags":["A-Enums"],"fileTypesAndContributionMap":{"java":{"insertions":39,"deletions":11}}},{"hash":"fcf6758ed391b7c929e16da7f6ebf9fa6a834eff","isMergeCommit":false,"messageTitle":"Add feature to save and load tasks","messageBody":"","fileTypesAndContributionMap":{"txt":{"insertions":3,"deletions":0},"java":{"insertions":153,"deletions":4}}},{"hash":"d5a54dc13e5fc2cf2997065698450bff82362b93","isMergeCommit":true,"messageTitle":"Merge branch \u0027branch-Level-7\u0027","messageBody":"","tags":["Level-7"],"fileTypesAndContributionMap":{}}]},{"date":"2026-01-30T00:00:00","commitResults":[{"hash":"d4e60769f76c06d8bc753f174becbcb3a3ca3189","isMergeCommit":false,"messageTitle":"Add feature for the bot to understand date","messageBody":"","fileTypesAndContributionMap":{"txt":{"insertions":2,"deletions":0},"java":{"insertions":64,"deletions":16}}},{"hash":"44bd852d0ed535a3f0bcf54c97079cf18a589f8d","isMergeCommit":true,"messageTitle":"Merge branch \u0027branch-Level-8\u0027","messageBody":"","tags":["Level-8"],"fileTypesAndContributionMap":{}},{"hash":"6e45adbba7e76bc2e84f180f20f3936407022c6c","isMergeCommit":false,"messageTitle":"Make the code more OOP","messageBody":"","fileTypesAndContributionMap":{"txt":{"insertions":0,"deletions":2},"java":{"insertions":312,"deletions":138}}},{"hash":"b10bce9adabca83fd09efd70a4663526f9997a08","isMergeCommit":true,"messageTitle":"Merge branch \u0027branch-moreoop\u0027","messageBody":"","tags":["A-MoreOOP"],"fileTypesAndContributionMap":{}}]},{"date":"2026-02-01T00:00:00","commitResults":[{"hash":"6a6d7b0e98a867187110bfe5e1818f0fd7c977b8","isMergeCommit":false,"messageTitle":"Refactor commands into separate files","messageBody":"","fileTypesAndContributionMap":{"txt":{"insertions":3,"deletions":0},"java":{"insertions":249,"deletions":202}}},{"hash":"d0c5facc8f3b05063cbb3ea9a06649b2583df903","isMergeCommit":false,"messageTitle":"Organize the classes into packages","messageBody":"","tags":["A-Packages"],"fileTypesAndContributionMap":{"txt":{"insertions":3,"deletions":2},"java":{"insertions":129,"deletions":2}}},{"hash":"f5eceba840e444e0981ed6b672ae2b1e8647c3bf","isMergeCommit":true,"messageTitle":"Merge branch \u0027add-gradle-support\u0027","messageBody":"","tags":["A-Gradle"],"fileTypesAndContributionMap":{}},{"hash":"cd5e9dcf467702aaf659bfeb983cc76e90db9653","isMergeCommit":false,"messageTitle":"Add JUnit Tests for ToDoTest and TaskListTest","messageBody":"","tags":["A-JUnit"],"fileTypesAndContributionMap":{"java":{"insertions":170,"deletions":0}}},{"hash":"adbebda382dbe1a148c6be74dc68641166d03bb0","isMergeCommit":false,"messageTitle":"Rename mainClass and archiveBaseName as hunnie","messageBody":"","tags":["A-Jar"],"fileTypesAndContributionMap":{"gradle":{"insertions":2,"deletions":2}}}]},{"date":"2026-02-02T00:00:00","commitResults":[{"hash":"b900ef248d0d9d1e6954e07c017be54d1e238a78","isMergeCommit":false,"messageTitle":"Add JavaDoc comments","messageBody":"","tags":["A-JavaDoc"],"fileTypesAndContributionMap":{"java":{"insertions":477,"deletions":1}}},{"hash":"25a2861ce9b5628d9ee894b3a85f09a38063ff64","isMergeCommit":false,"messageTitle":"Change code to comply with the coding standard","messageBody":"","fileTypesAndContributionMap":{"java":{"insertions":0,"deletions":1}}},{"hash":"91534dc485a09fa5e94be1b43137064a83e5a469","isMergeCommit":false,"messageTitle":"Add find function to filter task list based on keyword","messageBody":"","fileTypesAndContributionMap":{"txt":{"insertions":2,"deletions":0},"java":{"insertions":63,"deletions":0}}},{"hash":"5242ddc2c652c7fb81b147778d2a040cb47eb156","isMergeCommit":true,"messageTitle":"Merge branch \u0027branch-A-CodingStandard\u0027","messageBody":"","tags":["A-CodingStandard"],"fileTypesAndContributionMap":{}},{"hash":"abdbbabb5d2977c91aa49ffbbfeb88189cb17d5a","isMergeCommit":true,"messageTitle":"Merge branch \u0027branch-Level-9\u0027","messageBody":"","tags":["Level-9"],"fileTypesAndContributionMap":{}}]},{"date":"2026-02-10T00:00:00","commitResults":[{"hash":"2c8f179bf21bb56e99894ecd6fdeaf035843ef75","isMergeCommit":false,"messageTitle":"Use checkStyle to detect coding style violations and fix them","messageBody":"","tags":["A-CheckStyle"],"fileTypesAndContributionMap":{"gradle":{"insertions":5,"deletions":0},"java":{"insertions":58,"deletions":53}}}]},{"date":"2026-02-11T00:00:00","commitResults":[{"hash":"726547823372d99dd5465979944b37fbd02a0db9","isMergeCommit":false,"messageTitle":"Add GUI to Hunnie","messageBody":"","tags":["Level-10"],"fileTypesAndContributionMap":{"gradle":{"insertions":17,"deletions":2},"txt":{"insertions":1,"deletions":0},"fxml":{"insertions":36,"deletions":0},"java":{"insertions":328,"deletions":24},"md":{"insertions":5,"deletions":0}}},{"hash":"9edf69133393ec0e81ca396054f80f93d78fd1b7","isMergeCommit":false,"messageTitle":"Edit ReadME.md","messageBody":"","fileTypesAndContributionMap":{"md":{"insertions":1,"deletions":6}}}]},{"date":"2026-02-17T00:00:00","commitResults":[{"hash":"3eaf9642ca8df604aadf1d795fd699268340eabb","isMergeCommit":false,"messageTitle":"Add assertions for key runtime assumptions","messageBody":"Important assumptions in parser, task, and storage code are implicit.\n\nWhen a developer violates one, failures can surface late and become\nharder to trace than direct contract failures.\n\nLet\u0027s add Java assert checks at key internal boundaries, including\ncommand payloads, task list contents, and unsupported storage task\ntypes. Enable assertions in the Gradle run task so local runs exercise\nthese checks.\n\nThis keeps end-user validation on existing HunnieException paths while\nusing assertions for developer-facing invariants.\n","tags":["A-FullCommitMessage"],"fileTypesAndContributionMap":{"gradle":{"insertions":1,"deletions":0},"java":{"insertions":26,"deletions":1}}},{"hash":"0accba3aa26e5aa39ce43165ec71b038e5af68eb","isMergeCommit":false,"messageTitle":"Improve code quality based on topics learnt so far","messageBody":"","fileTypesAndContributionMap":{"java":{"insertions":176,"deletions":108}}},{"hash":"d6a36bcaaa68c6aa40bb713c291e66899e8341fd","isMergeCommit":true,"messageTitle":"Merge pull request #2 from hwangjihun/branch-A-Assertions","messageBody":"Add assertions for key runtime assumptions","tags":["A-Assertions"],"fileTypesAndContributionMap":{}},{"hash":"7ada74364a0bc1eedb037d4bc2f46fb5dc3f1403","isMergeCommit":false,"messageTitle":"Resolve merge conflicts","messageBody":"","tags":["A-CodeQuality"],"fileTypesAndContributionMap":{"gradle":{"insertions":1,"deletions":0},"java":{"insertions":30,"deletions":1}}},{"hash":"c3d5382c63a3cb4e310c4e72e9c77ee2defe8a4b","isMergeCommit":true,"messageTitle":"Merge branch \u0027master\u0027 into branch-A-CodeQuality","messageBody":"","fileTypesAndContributionMap":{}},{"hash":"5c6b548b5e459b5be6e773d4d9ff8b86929342d2","isMergeCommit":true,"messageTitle":"Merge pull request #3 from hwangjihun/branch-A-CodeQuality","messageBody":"Improve code quality based on topics learnt so far","fileTypesAndContributionMap":{}},{"hash":"21566d4f65df3e5e165b11b06962203cc0333273","isMergeCommit":false,"messageTitle":"Change assert to throw for invalid task type","messageBody":"","fileTypesAndContributionMap":{"java":{"insertions":1,"deletions":5}}},{"hash":"ed5e53d65f02d8c4143a686ea631be735901adf9","isMergeCommit":false,"messageTitle":"Command and Task: Remove redundant code paths","messageBody":"Several command classes repeat the same task-persistence error handling, and Task exposes duplicate APIs for the same behavior.\n\nThis duplication increases maintenance effort and raises the chance of inconsistent updates across similar code paths.\n\nLet\u0027s,\n* centralize command persistence error handling in the Command base class\n* remove duplicate Task APIs and use canonical methods in tests\n* remove leftover redundant lines in Parser and Storage\n\nThis keeps behavior unchanged while reducing repetition and keeping error handling consistent.\n","fileTypesAndContributionMap":{"java":{"insertions":29,"deletions":75}}},{"hash":"1eaf65d113adcbc106410d5fbb4a95dcee422963","isMergeCommit":false,"messageTitle":"Parser, DeleteCommand, and Ui: Support strict mass delete format","messageBody":"The delete command now supports bulk deletions using a single canonical\nformat (`delete 2, 4, 7`), while invalid variants are rejected with a\nclear format error.\n\nAllowing multiple input styles made delete parsing less predictable and\nincreased the chance of inconsistent validation behavior.\n\nLet\u0027s,\n* parse delete arguments only in comma-space separated form\n* execute multi-index deletions safely in descending index order\n* deduplicate indexes and show a plural deletion response in Ui\n* update the goodbye message to `bye, i hope i helped in some way`\n\nThis standardizes mass-delete behavior and keeps command handling\nconsistent and predictable.\n","tags":["BCD-Extension"],"fileTypesAndContributionMap":{"java":{"insertions":80,"deletions":8}}}]},{"date":"2026-02-18T00:00:00","commitResults":[{"hash":"148bd72a4367e16ff61a0dee18009238ceb8bfb6","isMergeCommit":false,"messageTitle":"Improve the overall UI/UX with AI assistance","messageBody":"","tags":["A-AiAssisted"],"fileTypesAndContributionMap":{"fxml":{"insertions":3,"deletions":1},"java":{"insertions":78,"deletions":19}}}]},{"date":"2026-02-19T00:00:00","commitResults":[{"hash":"1bf929c53ee5923cb8f64410ad1b03e07959ff29","isMergeCommit":false,"messageTitle":"Add Ui.png","messageBody":"","fileTypesAndContributionMap":{"txt":{"insertions":7,"deletions":7}}},{"hash":"62da293ddacb74c657d9111d461807d4f2af2115","isMergeCommit":false,"messageTitle":"Edit README.md to improve user documentation","messageBody":"","fileTypesAndContributionMap":{"md":{"insertions":251,"deletions":14}}},{"hash":"284f11e8264060bb346806990174654d29981e03","isMergeCommit":false,"messageTitle":"Rename UI.png to Ui.png","messageBody":"","tags":["A-UserGuide","A-Release"],"fileTypesAndContributionMap":{"md":{"insertions":1,"deletions":1}}}]}]},"authorFileTypeContributionMap":{"hwangjihun":{"java":1963,"md":251,"fxml":38,"sh":1,"bat":0,"gradle":23,"txt":21}},"authorContributionVariance":{"hwangjihun":35834.83},"authorDisplayNameMap":{"hwangjihun":"CS2103-F13-1 HWAN..IHUN"}}
