{"authorDailyContributionsMap":{"ths1959":[{"date":"2026-01-17T00:00:00","commitResults":[{"hash":"2ee698c945e737285a491f502ebe12742026d75c","isMergeCommit":false,"messageTitle":"Rename project to MemoMax and implement skeletal greeting","messageBody":"","tags":["Level-0"],"fileTypesAndContributionMap":{"java":{"insertions":3,"deletions":2},"bat":{"insertions":1,"deletions":1},"md":{"insertions":3,"deletions":3}}}]},{"date":"2026-01-18T00:00:00","commitResults":[{"hash":"46a8ebd393692ad1bab345875a250f376ec05916","isMergeCommit":false,"messageTitle":"Add echo functionality and exit condition","messageBody":"","tags":["Level-1"],"fileTypesAndContributionMap":{"java":{"insertions":13,"deletions":0}}},{"hash":"2c0c814915240870546ddad3abb11a3fb8730986","isMergeCommit":false,"messageTitle":"Add support for storing and listing tasks","messageBody":"","tags":["Level-2"],"fileTypesAndContributionMap":{"java":{"insertions":15,"deletions":3}}},{"hash":"4b04cb7ef2da70d345e5e59bea8247f6cb213d4a","isMergeCommit":false,"messageTitle":"Add support for marking and unmarking tasks as done","messageBody":"","tags":["Level-3"],"fileTypesAndContributionMap":{"java":{"insertions":82,"deletions":3}}}]},{"date":"2026-01-19T00:00:00","commitResults":[{"hash":"6f10ff791c4862258306f2c8540a3ddc3729fc91","isMergeCommit":false,"messageTitle":"Add support for Todo, Deadline, and Event task types","messageBody":"","tags":["Level-4"],"fileTypesAndContributionMap":{"java":{"insertions":143,"deletions":20}}},{"hash":"7239bb0a3f645396381174b8bf20943b3914cd59","isMergeCommit":false,"messageTitle":"Add Text UI testing framework and initial test cases","messageBody":"","tags":["A-TextUiTesting"],"fileTypesAndContributionMap":{"txt":{"insertions":34,"deletions":0},"java":{"insertions":25,"deletions":11},"bat":{"insertions":3,"deletions":3}}},{"hash":"e8c16b6f96e517a4cea11da38f946339dae53022","isMergeCommit":false,"messageTitle":"Add exception handling for user input validation","messageBody":"","tags":["Level-5"],"fileTypesAndContributionMap":{"txt":{"insertions":3,"deletions":0},"java":{"insertions":120,"deletions":101}}}]},{"date":"2026-01-20T00:00:00","commitResults":[{"hash":"47c936e2b32648c9d9ca7699067e596966796705","isMergeCommit":false,"messageTitle":"Implement Delete command and refactor storage to ArrayList","messageBody":"","tags":["Level-6"],"fileTypesAndContributionMap":{"txt":{"insertions":13,"deletions":0},"java":{"insertions":476,"deletions":172}}},{"hash":"f73d68ea005c8e6bce66f8dae036f76025402b36","isMergeCommit":false,"messageTitle":"Add enum support for command types","messageBody":"","tags":["A-Enums"],"fileTypesAndContributionMap":{"java":{"insertions":74,"deletions":20}}}]},{"date":"2026-01-25T00:00:00","commitResults":[{"hash":"03ee3d2fa73be6637479a018f1945bd3e6680946","isMergeCommit":false,"messageTitle":"Add InvalidTaskFormatException for storage errors","messageBody":"","fileTypesAndContributionMap":{"java":{"insertions":13,"deletions":0}}},{"hash":"cd789263f7e0b0ba05b22ed8c88b921a888abf85","isMergeCommit":false,"messageTitle":"Implement Storage class with file persistence","messageBody":"","fileTypesAndContributionMap":{"java":{"insertions":172,"deletions":0}}},{"hash":"425fdc07972a7b4898071e5d943e162a70d06814","isMergeCommit":false,"messageTitle":"Add toFileFormat methods for task serialization","messageBody":"","fileTypesAndContributionMap":{"java":{"insertions":39,"deletions":0}}},{"hash":"a24c77b569ade526e7dc50a33bafcd09ec4ca30f","isMergeCommit":false,"messageTitle":"Integrate Storage with auto save/load in MemoMax","messageBody":"","fileTypesAndContributionMap":{"java":{"insertions":49,"deletions":1}}},{"hash":"d18a8a7d10199fcb954c9d7602036de040785261","isMergeCommit":true,"messageTitle":"Merge branch \u0027branch-Level-7\u0027","messageBody":"Add file storage functionality for task persistance\n- Tasks automatically saved to data/tasks.txt\n- Tasks loaded on MemoMax chatbot startup\n- Handles missing files and folders\n- Supports Todo, Deadlines, Event task types\n","tags":["Level-7"],"fileTypesAndContributionMap":{}},{"hash":"3d0d75ea91594308ebd474598761dd58f2a40b9e","isMergeCommit":false,"messageTitle":"Implement LocalDateTime parsing and formatting for tasks","messageBody":"","fileTypesAndContributionMap":{"java":{"insertions":33,"deletions":12}}},{"hash":"25062d168d935f4ac108a9723cd5e1fd8a87a893","isMergeCommit":false,"messageTitle":"Update UI messages and help menu for yyyy-MM-dd HHmm format","messageBody":"","fileTypesAndContributionMap":{"java":{"insertions":20,"deletions":18}}},{"hash":"ebeb1e7089e75ad14a9162a04e403bc0d14a84f7","isMergeCommit":false,"messageTitle":"Update automated test suite to reflect Level 8 date formats","messageBody":"","fileTypesAndContributionMap":{"txt":{"insertions":6,"deletions":18}}},{"hash":"adcb55ae5b54015ae772b751ddaaea631df425c2","isMergeCommit":true,"messageTitle":"Merge branch \u0027branch-Level-8\u0027","messageBody":"Add support for dates and times using LocalDateTime\n- Deadline tasks now require /by in yyyy-MM-dd HHmm format\n- Event tasks now require /from and /to in yyyy-MM-dd HHmm format\n- Tasks display dates in a user-friendly format\n- Automated tests updated to verify date-time parsing\n","tags":["Level-8"],"fileTypesAndContributionMap":{}},{"hash":"73b42afcb2560f7dc246148610d2287065b463a8","isMergeCommit":false,"messageTitle":"A-MoreOOP: Extract Ui class from MemoMax","messageBody":"","fileTypesAndContributionMap":{"java":{"insertions":151,"deletions":43}}}]},{"date":"2026-01-26T00:00:00","commitResults":[{"hash":"ae73ecbe033f045cbe73b2c2cfd2e0e6a383f8a2","isMergeCommit":false,"messageTitle":"A-MoreOOP: Extract Parser class from MemoMax","messageBody":"","fileTypesAndContributionMap":{"java":{"insertions":197,"deletions":157}}},{"hash":"7c05655f57de0d1fb7445de8f86dc24f218f8f65","isMergeCommit":false,"messageTitle":"A-MoreOOP: Extract TaskList class and fix Ui class issues","messageBody":"","fileTypesAndContributionMap":{"java":{"insertions":143,"deletions":55}}},{"hash":"6a177bb230db602c88a3bb024fb841ab933535c3","isMergeCommit":false,"messageTitle":"A-MoreOOP: Enhance Storage class validation and error handling","messageBody":"","fileTypesAndContributionMap":{"java":{"insertions":15,"deletions":34}}},{"hash":"e9042c0cc8c2b5bbe5989d7e56926e35131e5bc2","isMergeCommit":true,"messageTitle":"Merge branch \u0027branch-A-MoreOOP\u0027","messageBody":"Extract Ui, Parser, and TaskList classes and enhance Storage\n- Extract Ui class to handle user interaction\n- Extract Parser class to interpret user commands\n- Extract TaskList class to manage task collection\n- Enhance existing Storage class with better validation\n- Refactor MemoMax to serve as main orchestrator\n","tags":["A-MoreOOP"],"fileTypesAndContributionMap":{}},{"hash":"c93ef248341f56b3c2abf05185f78df9792fb650","isMergeCommit":false,"messageTitle":"A-Packages: Organize classes into functional packages","messageBody":"","fileTypesAndContributionMap":{"java":{"insertions":80,"deletions":27},"bat":{"insertions":2,"deletions":2},"sh":{"insertions":9,"deletions":2}}},{"hash":"eddb33132dfe626d76f82f55fc16cfdc709a19a6","isMergeCommit":true,"messageTitle":"Merge branch \u0027branch-A-Packages\u0027","messageBody":"Organize classes into functional packages\n- Move all classes to appropriate packages for better organization\n- Update package declarations and import statements\n- Modify test scripts to compile with new package structure\n- Maintain all existing functionality after restructuring\n","tags":["A-Packages"],"fileTypesAndContributionMap":{}}]},{"date":"2026-01-27T00:00:00","commitResults":[{"hash":"7b3074555fc32154c569106c0ff8b383bfd70b2e","isMergeCommit":true,"messageTitle":"Merge remote-tracking branch \u0027origin/add-gradle-support\u0027","messageBody":"","fileTypesAndContributionMap":{}},{"hash":"ea529d052ff5bd6de37217b6663aec0bd602f395","isMergeCommit":false,"messageTitle":"A-Gradle: Update mainClass in build.gradle to match package structure","messageBody":"","fileTypesAndContributionMap":{"gradle":{"insertions":2,"deletions":2}}},{"hash":"dbac07d7d3df6e0b8f8771439957a7fee32c4de9","isMergeCommit":false,"messageTitle":"A-JUnit: Add unit tests for Task and Parser classes","messageBody":"","fileTypesAndContributionMap":{"java":{"insertions":244,"deletions":0}}},{"hash":"657516aa23d102b394992bce13546b45da6525e7","isMergeCommit":true,"messageTitle":"Merge branch \u0027branch-A-JUnit\u0027","messageBody":"Add JUnit tests\n- Test Task and Parser classes\n- Cover normal and error cases\n- Configure Gradle for testing\n","tags":["A-Jar","A-JUnit","A-Gradle"],"fileTypesAndContributionMap":{}},{"hash":"640e83a5b070c1df6826236df890575de5fc33d3","isMergeCommit":false,"messageTitle":"A-JavaDoc: Refine existing JavaDoc comments and remove dead InvalidTaskFormatException class","messageBody":"","fileTypesAndContributionMap":{"java":{"insertions":15,"deletions":28},"md":{"insertions":7,"deletions":0}}},{"hash":"51a4148d7392e3f1c72a0aa38d7d1ff62903c175","isMergeCommit":false,"messageTitle":"A-CodingStandard: Update classes as per Java coding standards","messageBody":"","fileTypesAndContributionMap":{"java":{"insertions":194,"deletions":170}}}]},{"date":"2026-01-28T00:00:00","commitResults":[{"hash":"e92eb5a40e436170114994a490272f08fb2625b3","isMergeCommit":false,"messageTitle":"Level-9: Add find command","messageBody":"","fileTypesAndContributionMap":{"java":{"insertions":128,"deletions":51}}},{"hash":"a969a7e22496d33007b9d96958fa798a1b309958","isMergeCommit":true,"messageTitle":"Merge branch-A-CodingStandard into master and resolve conflicts","messageBody":"","fileTypesAndContributionMap":{}},{"hash":"14a070f2f8d51d8adc066c79fc9da4b62bba3273","isMergeCommit":true,"messageTitle":"Merge branch-Level-9 and resolve conflicts","messageBody":"","tags":["Level-9","A-JavaDoc","A-CodingStandard"],"fileTypesAndContributionMap":{}},{"hash":"fe61ce1a3b071ad1520181abf3d49e1b703a774d","isMergeCommit":false,"messageTitle":"Update automated test suite to reflect find feature","messageBody":"","fileTypesAndContributionMap":{"txt":{"insertions":10,"deletions":0}}},{"hash":"2872837a4a129c078447b6e231c696d72b6e7eaf","isMergeCommit":false,"messageTitle":"Add unit tests for TaskList class","messageBody":"","fileTypesAndContributionMap":{"java":{"insertions":69,"deletions":0}}}]},{"date":"2026-01-29T00:00:00","commitResults":[{"hash":"89fe380dc4ae0d225b8ddf21e25370490317e8e6","isMergeCommit":false,"messageTitle":"Add unit tests for Storage class","messageBody":"","fileTypesAndContributionMap":{"java":{"insertions":56,"deletions":0}}},{"hash":"67a48ecda45e8a6c9112c8baf76e98e3c5795572","isMergeCommit":false,"messageTitle":"Add unit tests for CommandType enum","messageBody":"","fileTypesAndContributionMap":{"java":{"insertions":37,"deletions":0}}},{"hash":"e6831a41badbda222fd94313ecc67ed870ebf1af","isMergeCommit":false,"messageTitle":"Add unit tests for Ui class","messageBody":"","fileTypesAndContributionMap":{"java":{"insertions":59,"deletions":0}}},{"hash":"b8a1ab5bba20278d9ab726480852838ff68b2cf4","isMergeCommit":false,"messageTitle":"Update README project logo","messageBody":"","fileTypesAndContributionMap":{"md":{"insertions":5,"deletions":5}}}]},{"date":"2026-02-02T00:00:00","commitResults":[{"hash":"6620bf434067e6f6c61c05ab99f777223990c693","isMergeCommit":false,"messageTitle":"Add Checkstyle configuration and Gradle plugin","messageBody":"","fileTypesAndContributionMap":{"gradle":{"insertions":5,"deletions":0}}},{"hash":"c88d3cae3432345239f6a4b1f4610ebfff99afc1","isMergeCommit":false,"messageTitle":"Fix import ordering and missing newlines","messageBody":"","fileTypesAndContributionMap":{"java":{"insertions":14,"deletions":10}}},{"hash":"8be981d0f2b9872f18405c8ac02580bccff52752","isMergeCommit":false,"messageTitle":"Fix operator wrapping and switch-case defaults","messageBody":"","fileTypesAndContributionMap":{"java":{"insertions":6,"deletions":6}}},{"hash":"7e17a952774aee9cf01af71a3370839bf87b941f","isMergeCommit":true,"messageTitle":"Merge branch \u0027branch-A-CheckStyle\u0027","messageBody":"","tags":["A-CheckStyle"],"fileTypesAndContributionMap":{}},{"hash":"b4b25e43175f77309dd125fd007cce8b33ce74ac","isMergeCommit":false,"messageTitle":"Add Launcher class and JavaFX dependencies","messageBody":"","fileTypesAndContributionMap":{"gradle":{"insertions":17,"deletions":4},"java":{"insertions":13,"deletions":0}}},{"hash":"b38d490731a779e266f4a829ab563c1bb75dd23a","isMergeCommit":false,"messageTitle":"Add DialogBox component and flipping logic","messageBody":"","fileTypesAndContributionMap":{"fxml":{"insertions":15,"deletions":0},"java":{"insertions":54,"deletions":0}}},{"hash":"e1db3d265882f22f1dd7f54707026245da25ed7c","isMergeCommit":false,"messageTitle":"Integrate MainWindow and FXML with MemoMax logic","messageBody":"","fileTypesAndContributionMap":{"fxml":{"insertions":18,"deletions":0},"java":{"insertions":85,"deletions":0}}},{"hash":"2ac23b8d3d10c45f90d014d3b8d0059f05f9dba2","isMergeCommit":false,"messageTitle":"Refactor Ui and MemoMax for String-based responses","messageBody":"","fileTypesAndContributionMap":{"java":{"insertions":167,"deletions":111}}},{"hash":"24bc4c1f817511a32812108e7c68c54025330293","isMergeCommit":true,"messageTitle":"Merge branch \u0027branch-Level-10\u0027","messageBody":"Finalize JavaFX GUI Implementation for MemoMax\n- Refactor Ui and MemoMax to return String responses instead of printing\n- Implement FXML-based MainWindow and DialogBox controllers\n- Configure build.gradle with cross-platform JavaFX dependencies\n- Add custom avatar images for user and MemoMax interface\n- Verify successful GUI launch and interaction via Gradle\n","tags":["Level-10"],"fileTypesAndContributionMap":{}},{"hash":"d3054be5478ce9e0ae39e6495de44747b976fd32","isMergeCommit":false,"messageTitle":"Refactor Ui to utilize Java varargs","messageBody":"","fileTypesAndContributionMap":{"java":{"insertions":101,"deletions":60}}},{"hash":"235df4242d87299ae0e4e60622dd14f481253fa7","isMergeCommit":true,"messageTitle":"Merge branch \u0027branch-A-Varargs\u0027","messageBody":"Refactor Ui to utilize Java varargs for message construction\n- Implement buildMessage helper method using varargs syntax\n- Update all Ui display methods to use buildMessage for cleaner\n  concatenation\n- Handle returned strings in MemoMax to resolve unused value warnings\n","tags":["A-Varargs"],"fileTypesAndContributionMap":{}}]},{"date":"2026-02-03T00:00:00","commitResults":[{"hash":"315ad09827ef3e33d5dc916f901151d51e4f19d2","isMergeCommit":false,"messageTitle":"Fix Checkstyle violations in GUI and core classes","messageBody":"","fileTypesAndContributionMap":{"java":{"insertions":7,"deletions":7}}}]},{"date":"2026-02-06T00:00:00","commitResults":[{"hash":"fa0cedf76a6ef5258630fc9000df24bda9d0af70","isMergeCommit":false,"messageTitle":"Refactor naming conventions based on PR feedback","messageBody":"","fileTypesAndContributionMap":{"java":{"insertions":46,"deletions":48}}}]},{"date":"2026-02-07T00:00:00","commitResults":[{"hash":"f1a25b163425c2ac941c0cc675f5ca8e605ff93a","isMergeCommit":false,"messageTitle":"Enhance GUI aesthetics and refactor response handling","messageBody":"","fileTypesAndContributionMap":{"java":{"insertions":85,"deletions":17}}},{"hash":"5b536a9354fa4188ba4e05e33e4c51478d713f45","isMergeCommit":false,"messageTitle":"Fix checkstyle violations and formatting in tests","messageBody":"","fileTypesAndContributionMap":{"java":{"insertions":5,"deletions":4}}},{"hash":"d102a68c4558ecea11c467dc66e5ddf97887b031","isMergeCommit":false,"messageTitle":"Update AI usage declaration in README","messageBody":"","fileTypesAndContributionMap":{"md":{"insertions":2,"deletions":4}}}]},{"date":"2026-02-08T00:00:00","commitResults":[{"hash":"8770db05650551ed3ce4c7683a4945fd845a732d","isMergeCommit":false,"messageTitle":"Add assertions for input and index safety","messageBody":"Internal assumptions about data integrity are currently\nundocumented.\n\nVerify non-null inputs in Parser and index validity in\nTaskList. This documents invariants after exception\nhandling.\n","fileTypesAndContributionMap":{"java":{"insertions":47,"deletions":3}}},{"hash":"1217bec2ae5df61a57c943c13c314444bc4054ea","isMergeCommit":false,"messageTitle":"Add assertions for component initialization","messageBody":"UI and Storage components must be initialized for the\nchatbot to function correctly.\n\nEnsure UI and Storage are non-null and verify that the\nloading process produces a valid TaskList.\n","fileTypesAndContributionMap":{"java":{"insertions":18,"deletions":0}}},{"hash":"954bbf22ff3d970d7774dac28ec5c7ee02c77d1c","isMergeCommit":false,"messageTitle":"Add assertions for task state and construction","messageBody":"Task subclasses could be instantiated with invalid fields\nif internal logic fails.\n\nUse assertions in constructors and formatting methods to\nensure descriptions and dates are present and valid.\n","tags":["A-FullCommitMessage"],"fileTypesAndContributionMap":{"java":{"insertions":11,"deletions":0}}},{"hash":"49ed251d8fa970dfc7b19969eb0f6b647b197d5f","isMergeCommit":false,"messageTitle":"Refactor Parser to remove magic literals","messageBody":"Replace hardcoded command prefixes and delimiters with\nprivate static final constants.\n\nStandardize extraction logic across methods to maintain\na single level of abstraction and improve readability.\n","fileTypesAndContributionMap":{"java":{"insertions":37,"deletions":50}}},{"hash":"a9693d94328a8ada169f41a116097211ce01c86b","isMergeCommit":false,"messageTitle":"Improve TaskList state handling and readability","messageBody":"Replace hardcoded status icons with constants and\nsimplify the findTasks logic.\n\nUse cleaner boolean checks for index validation to\nimprove code obviousness and maintainability.\n","fileTypesAndContributionMap":{"java":{"insertions":10,"deletions":4}}},{"hash":"ffe8a51524a6cea18191658f622beeacfc384f3e","isMergeCommit":false,"messageTitle":"Flatten Ui logic using guard clauses","messageBody":"Restructure showTaskList and showFindResults to remove\nunnecessary else-blocks and reduce indentation.\n\nExtract recurring message fragments into constants to\nreduce duplication across the class.\n","fileTypesAndContributionMap":{"java":{"insertions":25,"deletions":19}}},{"hash":"ebbca148a378d7da6ce62bf6756f7818b00cf9ba","isMergeCommit":false,"messageTitle":"Refactor Storage for better parsing and safety","messageBody":"Introduce constants for file format markers and status\nflags.\n\nUse guard clauses in parseTask to handle corrupted\nlines early and keep the main logic prominent.\n","fileTypesAndContributionMap":{"java":{"insertions":17,"deletions":24}}},{"hash":"00fb1ad1b5c6daef1601a5d62c663f46576e5620","isMergeCommit":false,"messageTitle":"Use Java Streams for task filtering","messageBody":"Refactor the findTasks method in TaskList to use the\nStream API.\n\nReplace the manual for-loop with a declarative stream\npipeline using filter and forEach to populate results.\n","fileTypesAndContributionMap":{"java":{"insertions":6,"deletions":5}}},{"hash":"bd83f58119031bc4310d8fda7c4baf3065fae7fd","isMergeCommit":false,"messageTitle":"Use Java Streams for task persistence","messageBody":"Refactor the save method in Storage to utilize the Stream\nAPI.\n\nReplace the manual for-loop with a stream pipeline that\nmaps tasks to file formats and writes them using forEach.\n","fileTypesAndContributionMap":{"java":{"insertions":11,"deletions":3}}},{"hash":"2085625433e09c04be6c9b599b84cea6f97d69f6","isMergeCommit":true,"messageTitle":"Merge pull request #1 from ths1959/branch-A-Assertions","messageBody":"A-Assertions","tags":["A-Assertions"],"fileTypesAndContributionMap":{}},{"hash":"effb05cb3844d7c5925273e76cfd05fe6fc9c613","isMergeCommit":true,"messageTitle":"Merge master into branch-A-CodeQuality","messageBody":"","fileTypesAndContributionMap":{}},{"hash":"6a80bd750e7d3beac79f2c12aa768842638d1d2e","isMergeCommit":true,"messageTitle":"Merge master into branch-A-Streams","messageBody":"","fileTypesAndContributionMap":{}},{"hash":"1aec5ea0610dd8e671116e3ddb01da0b65b2ed10","isMergeCommit":true,"messageTitle":"Merge pull request #2 from ths1959/branch-A-CodeQuality","messageBody":"A-CodeQuality","tags":["A-CodeQuality"],"fileTypesAndContributionMap":{}},{"hash":"81e6f3467945583efbec9ae3199a78eaaebc462f","isMergeCommit":true,"messageTitle":"Merge master into branch-A-Streams","messageBody":"","fileTypesAndContributionMap":{}},{"hash":"91f207fa9f7e71be19bdbc608a6e30631613f9ac","isMergeCommit":true,"messageTitle":"Merge pull request #3 from ths1959/branch-A-Streams","messageBody":"A-Streams","tags":["A-Streams"],"fileTypesAndContributionMap":{}},{"hash":"5d66a85f549ae7f0dd310f972361181171ff72f7","isMergeCommit":false,"messageTitle":"Fix Parser logic and Checkstyle violations","messageBody":"","fileTypesAndContributionMap":{"java":{"insertions":28,"deletions":21}}}]},{"date":"2026-02-09T00:00:00","commitResults":[{"hash":"e34147948f8d12a100a5662689beeda1dead61fd","isMergeCommit":false,"messageTitle":"Implement update command parsing","messageBody":"","fileTypesAndContributionMap":{"java":{"insertions":48,"deletions":13}}},{"hash":"e3bb0dbc2687672d756f308f8be9807346b81737","isMergeCommit":false,"messageTitle":"Add task update logic and UI feedback","messageBody":"","fileTypesAndContributionMap":{"java":{"insertions":31,"deletions":1}}},{"hash":"3bf10029f5564449de842e4f6fe0f9dfd340eac1","isMergeCommit":false,"messageTitle":"Integrate update command into main loop","messageBody":"","fileTypesAndContributionMap":{"java":{"insertions":36,"deletions":1}}},{"hash":"338b120bfceaa5d75490e58edadedd5f2b84a21d","isMergeCommit":false,"messageTitle":"Add missing newline at end of MemoMax.java","messageBody":"","fileTypesAndContributionMap":{"java":{"insertions":1,"deletions":1}}},{"hash":"e51b3abe3f4ffc9aa53d07b459a680bc00929cee","isMergeCommit":false,"messageTitle":"Add window title, icon, and graceful exit logic","messageBody":"","tags":["BCD-Extension"],"fileTypesAndContributionMap":{"java":{"insertions":17,"deletions":1}}}]},{"date":"2026-02-13T00:00:00","commitResults":[{"hash":"fcbba45301c723a032a9c6fdb2b1ef245e797447","isMergeCommit":false,"messageTitle":"Add AI.md and clean README","messageBody":"","tags":["A-AiAssisted"],"fileTypesAndContributionMap":{"md":{"insertions":47,"deletions":6}}}]},{"date":"2026-02-14T00:00:00","commitResults":[{"hash":"7bb73063d3dc6e96443c7b73827fbe42d1711e17","isMergeCommit":false,"messageTitle":"Add dynamic image swapping for error handling","messageBody":"","fileTypesAndContributionMap":{"java":{"insertions":62,"deletions":30}}},{"hash":"d7e540e44c8ecd810a93195283c44e41d5a19560","isMergeCommit":false,"messageTitle":"Implement circular clipping for profile images","messageBody":"","tags":["A-BetterGui"],"fileTypesAndContributionMap":{"fxml":{"insertions":2,"deletions":2},"java":{"insertions":13,"deletions":23}}},{"hash":"8c6d8fa15ccdba7ed74e4eb8789f69d100eaaf08","isMergeCommit":false,"messageTitle":"Implement 3D glow effects for chat bubbles","messageBody":"","tags":["A-Personality"],"fileTypesAndContributionMap":{"java":{"insertions":24,"deletions":2}}}]},{"date":"2026-02-15T00:00:00","commitResults":[{"hash":"d1eb034bdd71800c910f768acd71d53cfbd3423f","isMergeCommit":false,"messageTitle":"Fix Parser space and delimiter handling","messageBody":"","fileTypesAndContributionMap":{"java":{"insertions":8,"deletions":3}}},{"hash":"1108ec5f6f83d0c0b39881817697b822ba997e85","isMergeCommit":false,"messageTitle":"Implement duplicate check and update tests","messageBody":"","fileTypesAndContributionMap":{"java":{"insertions":27,"deletions":5}}},{"hash":"d5c43bc9a76bbdc7504f3f3b34d8586449945733","isMergeCommit":false,"messageTitle":"Add event chronological validation","messageBody":"","tags":["A-MoreErrorHandling"],"fileTypesAndContributionMap":{"java":{"insertions":21,"deletions":13}}},{"hash":"b505917ad80bf1b96b59c91f43a3df3f0d2cc255","isMergeCommit":false,"messageTitle":"Handle corrupted lines in Storage","messageBody":"","fileTypesAndContributionMap":{"java":{"insertions":0,"deletions":1}}},{"hash":"ee7ba784b38a7b7efa50d3b5de517a1072360098","isMergeCommit":false,"messageTitle":"Add edge case and failure path tests","messageBody":"","tags":["A-MoreTesting"],"fileTypesAndContributionMap":{"java":{"insertions":71,"deletions":30}}},{"hash":"9f5cecbc25ede2e08dba21a8df4a2d8ee37a56d8","isMergeCommit":false,"messageTitle":"Initialize storage immediately upon launch","messageBody":"","fileTypesAndContributionMap":{"java":{"insertions":10,"deletions":2}}},{"hash":"6e4e8666a3adadf04f7a1eb144c99ffca6c81417","isMergeCommit":false,"messageTitle":"Fix trailing whitespace in MemoMax","messageBody":"","fileTypesAndContributionMap":{"java":{"insertions":0,"deletions":1}}},{"hash":"5f00cd4a88e43163d81dc7e5080decb663a27d2b","isMergeCommit":false,"messageTitle":"Finalize AI usage disclosure in README","messageBody":"","fileTypesAndContributionMap":{"md":{"insertions":6,"deletions":1}}},{"hash":"73a57c522bcb33a5b12e7145b60a45f1b1a2b522","isMergeCommit":false,"messageTitle":"Finalize User Guide for product website","messageBody":"","fileTypesAndContributionMap":{"md":{"insertions":58,"deletions":28}}},{"hash":"f67b14343d12f0f39062f0100ecdcb5ccfeff702","isMergeCommit":false,"messageTitle":"Update example task in User Guide","messageBody":"","tags":["v0.2","A-UserGuide"],"fileTypesAndContributionMap":{"md":{"insertions":1,"deletions":1}}},{"hash":"1d2fb27f68df1aeee8c45b69a9f2453bb8f944a6","isMergeCommit":false,"messageTitle":"Fix Javadoc phrasing to follow coding standards","messageBody":"","fileTypesAndContributionMap":{"java":{"insertions":1,"deletions":1}}}]},{"date":"2026-02-17T00:00:00","commitResults":[{"hash":"681d072e724e6bbfdd2bd5eda885173b4b87919a","isMergeCommit":false,"messageTitle":"Fix task type preservation during updates","messageBody":"","fileTypesAndContributionMap":{"java":{"insertions":40,"deletions":1}}},{"hash":"7791f525b88f38a08cf8b4c200307d72fa56b674","isMergeCommit":false,"messageTitle":"Handle corrupted storage lines gracefully","messageBody":"","fileTypesAndContributionMap":{"java":{"insertions":84,"deletions":32}}},{"hash":"ff4a2f4e19f124fe19ecfef53872d9c2666c8a5d","isMergeCommit":false,"messageTitle":"Fix GUI scroll focus and window resizing","messageBody":"","fileTypesAndContributionMap":{"fxml":{"insertions":2,"deletions":2},"java":{"insertions":10,"deletions":0}}},{"hash":"ec95597834854531939207796d57754ebe329175","isMergeCommit":false,"messageTitle":"Update StorageTest for partial loading","messageBody":"","tags":["A-Release"],"fileTypesAndContributionMap":{"java":{"insertions":15,"deletions":8}}}]}]},"authorFileTypeContributionMap":{"ths1959":{"java":2497,"md":117,"fxml":33,"sh":9,"bat":3,"gradle":21,"txt":48}},"authorContributionVariance":{"ths1959":52874.79},"authorDisplayNameMap":{"ths1959":"CS2103-F13-2 TOH ..SHEN"}}
