{"authorDailyContributionsMap":{"wjunwei2001":[{"date":"2026-01-23T00:00:00","commitResults":[{"hash":"fddc6291bc81fc4b115df076040159b9cb063aa4","isMergeCommit":false,"messageTitle":"Rename main class","messageBody":"Rename the main class and added greetings and exit message\n","tags":["Level-0"],"fileTypesAndContributionMap":{"java":{"insertions":7,"deletions":10},"bat":{"insertions":1,"deletions":1},"sh":{"insertions":1,"deletions":1},"md":{"insertions":9,"deletions":9}}},{"hash":"444e21aa6e44f13ff4ff26e21fe48afd5984fa13","isMergeCommit":false,"messageTitle":"Echo feature","messageBody":"Improve skeletal version so that it echos command entered by user, except for command bye\n","tags":["Level-1"],"fileTypesAndContributionMap":{"java":{"insertions":27,"deletions":3}}},{"hash":"cfb8da54aaf992c463e69961a36c8e169c9245b6","isMergeCommit":false,"messageTitle":"Ability to store and display text","messageBody":"Add ability to store and display text back to the user when requested\n","tags":["Level-2"],"fileTypesAndContributionMap":{"java":{"insertions":32,"deletions":8}}},{"hash":"62481f0c5cbc0c28e3de286437bfe3fada399630","isMergeCommit":false,"messageTitle":"Mark as Done feature","messageBody":"Add the ability to mark and unmark tasks as done. Created a new Task class\n","tags":["Level-3"],"fileTypesAndContributionMap":{"java":{"insertions":79,"deletions":3}}},{"hash":"99f0fc96be3d5995eb0456642f0a1ca23c6ece34","isMergeCommit":false,"messageTitle":"Added specific type of tasks","messageBody":"Added support for tracking these tasks: ToDos, Events, Deadlines\n","tags":["Level-4"],"fileTypesAndContributionMap":{"java":{"insertions":139,"deletions":4}}},{"hash":"50874bb23161b71a55d2a32b8c593f2c1fef63e5","isMergeCommit":false,"messageTitle":"Refactor command handling in Pallo class","messageBody":"- Introduced a new PalloException class for better error handling.\n- Refactored command processing logic to separate methods for marking, unmarking, adding todos, deadlines, and events.\n- Improved user feedback for invalid inputs and task management commands.\n- Enhanced code readability and maintainability by reducing complexity in the main loop.\n","tags":["Level-5"],"fileTypesAndContributionMap":{"java":{"insertions":149,"deletions":164}}},{"hash":"941fc4d0c5f210419b438838905a7926a966631f","isMergeCommit":false,"messageTitle":"Added Delete functionality and refactor Pallo class for improved command handling and structure","messageBody":"- Introduced a constructor to initialize TaskList and Scanner.\n- Replaced the main method\u0027s command processing with a dedicated run method.\n- Added delete functionality\n","tags":["Level-6"],"fileTypesAndContributionMap":{"java":{"insertions":330,"deletions":150}}},{"hash":"83f790125f891584d26a554a3f241a10a13678e3","isMergeCommit":false,"messageTitle":"Refactor Task class to use TaskStatus enum","messageBody":"- Replaced boolean isDone with TaskStatus for better state management.\n","tags":["A-Enums"],"fileTypesAndContributionMap":{"java":{"insertions":24,"deletions":7}}},{"hash":"ee67d19a9c516dc5943d0c0f2a9ba563b93cf7b4","isMergeCommit":false,"messageTitle":"Add automated text UI testing","messageBody":"Edited EXPECTED.TXT for expected result when input from input.txt is given\n","tags":["A-TextUiTesting"],"fileTypesAndContributionMap":{"txt":{"insertions":21,"deletions":0},"java":{"insertions":6,"deletions":0}}}]},{"date":"2026-01-30T00:00:00","commitResults":[{"hash":"bc3097068194d7c93e9a4d9bbe871b854a248ecf","isMergeCommit":false,"messageTitle":"Add storage functionality for task persistence","messageBody":"- Introduced Storage class to handle loading and saving tasks to a file.\n","tags":["Level-7"],"fileTypesAndContributionMap":{"java":{"insertions":193,"deletions":1}}},{"hash":"16c5ff5f033b385ac6a682ecab338e371c5e0820","isMergeCommit":false,"messageTitle":"Add DateParser class for date/time handling","messageBody":"- Introduced DateParser class to parse and format date/time strings.\n- Updated Deadline and Event classes to use LocalDateTime for date/time representation.\n","fileTypesAndContributionMap":{"java":{"insertions":199,"deletions":9}}},{"hash":"f1b15b41080e27d401ecd830f13da01f8b9d8974","isMergeCommit":true,"messageTitle":"Merge branch \u0027branch-Level-8\u0027","messageBody":"","tags":["Level-8"],"fileTypesAndContributionMap":{}},{"hash":"bdeb522bfb010766b95839ed2d0d168a02b4bdbd","isMergeCommit":false,"messageTitle":"Refactor Pallo class to improve UI interaction and storage handling","messageBody":"- Updated Pallo class to use a dedicated Ui instance for user interactions instead of static methods.\n- Modified Storage class to accept a file path in the constructor and renamed methods for clarity.\n- Enhanced error handling and user feedback during task loading and saving processes.\n","tags":["A-MoreOOP"],"fileTypesAndContributionMap":{"java":{"insertions":54,"deletions":39}}},{"hash":"eb090341a0d6f37dc62bae864bdc9e8c8b53dda3","isMergeCommit":false,"messageTitle":"Divide classes into packages","messageBody":"","tags":["A-Packages"],"fileTypesAndContributionMap":{"java":{"insertions":188,"deletions":1}}},{"hash":"e8323b3e421045178e22a0613848e87c91f4d5b5","isMergeCommit":true,"messageTitle":"Merge branch \u0027add-gradle-support\u0027","messageBody":"","fileTypesAndContributionMap":{}},{"hash":"c69147e0a4c3b90962979d2948b08f149a8eb4a2","isMergeCommit":false,"messageTitle":"Edited application name in gradle","messageBody":"","tags":["A-Gradle"],"fileTypesAndContributionMap":{"gradle":{"insertions":1,"deletions":1}}},{"hash":"f76bd5ea18dc1f19fec73fa79356ae00fcfeebe5","isMergeCommit":false,"messageTitle":"Add JUnit tests to test for command parsing and date parsing","messageBody":"","tags":["A-Jar","A-JUnit"],"fileTypesAndContributionMap":{"java":{"insertions":364,"deletions":0}}},{"hash":"f1c1f38f4291c009b3d3690cfdcf4b29094ee4ca","isMergeCommit":false,"messageTitle":"Add JavaDoc comments to all methods","messageBody":"","fileTypesAndContributionMap":{"java":{"insertions":293,"deletions":0}}},{"hash":"286fa9af75e60e2cc4b2bde9e83dc6dcf48a25b7","isMergeCommit":true,"messageTitle":"Merge branch \u0027branch-A-JavaDoc\u0027","messageBody":"","tags":["A-JavaDoc"],"fileTypesAndContributionMap":{}},{"hash":"95f94b7a3497b78328738036d72702f0737bfaa4","isMergeCommit":false,"messageTitle":"Add FIND command functionality","messageBody":"- Implemented FIND command in Pallo class to search for tasks by keyword.\n- Added findTasks method in TaskList class for case-insensitive task searching.\n- Updated Parser class to handle FIND command input and error messaging.\n","fileTypesAndContributionMap":{"java":{"insertions":55,"deletions":2}}},{"hash":"84ec795bb78d61a9f0c04d562ab96c53b495eafe","isMergeCommit":true,"messageTitle":"Merge branch \u0027branch-Level-9\u0027","messageBody":"","tags":["Level-9"],"fileTypesAndContributionMap":{}},{"hash":"5a08e69096f70cc036521f3afc1a34bbd52d9b91","isMergeCommit":false,"messageTitle":"Added and applied coding standard","messageBody":"","fileTypesAndContributionMap":{"java":{"insertions":102,"deletions":98}}},{"hash":"725acd455c27a070b0a510122ea4f54c6033dd26","isMergeCommit":true,"messageTitle":"Merge branch-A-CodingStandard into master","messageBody":"Co-Authored-By: Claude Opus 4.5 \u003cnoreply@anthropic.com\u003e\n","tags":["A-CodingStandard"],"fileTypesAndContributionMap":{}}]}]},"authorFileTypeContributionMap":{"wjunwei2001":{"java":1752,"md":9,"fxml":0,"sh":1,"bat":1,"gradle":1,"txt":21}},"authorContributionVariance":{"wjunwei2001":164166.78},"authorDisplayNameMap":{"wjunwei2001":"CS2103-F09-3 WANG..NWEI"}}
