{"authorDailyContributionsMap":{"alieron":[{"date":"2026-01-19T00:00:00","commitResults":[{"hash":"4972f4ba3bc567dc9c1e9788b490f7ffd164b2da","isMergeCommit":false,"messageTitle":"Rename chatbot","messageBody":"","fileTypesAndContributionMap":{"java":{"insertions":1,"deletions":1},"bat":{"insertions":1,"deletions":1}}},{"hash":"57926a9b7148d09ac19eca9e4b7315b973f5b603","isMergeCommit":false,"messageTitle":"Add greeting","messageBody":"","fileTypesAndContributionMap":{"java":{"insertions":21,"deletions":6}}},{"hash":"2eb0c67fb4fcc0892e65ece9baa68882960f4348","isMergeCommit":false,"messageTitle":"Add exit","messageBody":"","tags":["Level-0"],"fileTypesAndContributionMap":{"java":{"insertions":7,"deletions":0}}},{"hash":"62f2f3782b74befc0a737ed73690407a430b62d0","isMergeCommit":false,"messageTitle":"Add personality","messageBody":"","fileTypesAndContributionMap":{"java":{"insertions":4,"deletions":2}}},{"hash":"15116bfbf3941b95b2451d000058832a947b268f","isMergeCommit":false,"messageTitle":"Add parser with echo functionality","messageBody":"","tags":["Level-1"],"fileTypesAndContributionMap":{"java":{"insertions":22,"deletions":1}}},{"hash":"6ae9fa5a5530143109d8e2ef0ae3b37adce06ace","isMergeCommit":false,"messageTitle":"Make the horizontal separator a constant","messageBody":"","fileTypesAndContributionMap":{"java":{"insertions":7,"deletions":4}}},{"hash":"f846bb8365aada7082f3516b1f4333d10b943f39","isMergeCommit":false,"messageTitle":"Change to switch-case","messageBody":"","fileTypesAndContributionMap":{"java":{"insertions":11,"deletions":9}}},{"hash":"7a51add9233bac422d04f0fe7fc3109930f4a40a","isMergeCommit":false,"messageTitle":"Change to instance methods","messageBody":"","fileTypesAndContributionMap":{"java":{"insertions":6,"deletions":5}}},{"hash":"95a0f227d1d96e23042faefda3261af881e3b8bc","isMergeCommit":false,"messageTitle":"Add dedicated echo function","messageBody":"","fileTypesAndContributionMap":{"java":{"insertions":7,"deletions":5}}},{"hash":"8ce520fa9a328d21bb350f26af92477ebf39df57","isMergeCommit":false,"messageTitle":"Add list function","messageBody":"","fileTypesAndContributionMap":{"java":{"insertions":21,"deletions":0}}},{"hash":"7480f639a6adeb3ac856149b7ba7e10013ce36a5","isMergeCommit":false,"messageTitle":"Fix infinite loop in parse","messageBody":"","fileTypesAndContributionMap":{"java":{"insertions":1,"deletions":1}}},{"hash":"e459bd019b2747d794ac8a8b7e8c272155ca9fef","isMergeCommit":false,"messageTitle":"Handle no items in list","messageBody":"","fileTypesAndContributionMap":{"java":{"insertions":12,"deletions":8}}},{"hash":"a97168c5579fc33c8e0314653ab3349065f86ecf","isMergeCommit":false,"messageTitle":"Make instance methods private","messageBody":"","fileTypesAndContributionMap":{"java":{"insertions":6,"deletions":5}}},{"hash":"2289af1d8053e5b9ae9e839d8c975f09890effb5","isMergeCommit":false,"messageTitle":"Add add function","messageBody":"","tags":["Level-2"],"fileTypesAndContributionMap":{"java":{"insertions":9,"deletions":7}}},{"hash":"91d2073833c84700dedd4ebb089f082a0b1b5f54","isMergeCommit":false,"messageTitle":"Add Task class","messageBody":"","tags":["A-Classes"],"fileTypesAndContributionMap":{"java":{"insertions":21,"deletions":0}}},{"hash":"6626eeb866e2aa4507c50a4efb4001281f6998ec","isMergeCommit":false,"messageTitle":"Use Task class in the chatbot","messageBody":"","fileTypesAndContributionMap":{"java":{"insertions":6,"deletions":6}}},{"hash":"ec7f7c64f923f90263377d4e17c4ed25b3ad9a1d","isMergeCommit":false,"messageTitle":"Add handling for command arguments","messageBody":"","fileTypesAndContributionMap":{"java":{"insertions":6,"deletions":1}}},{"hash":"2c3ecc94a409cb857ed4287e2eeeeceebc00c172","isMergeCommit":false,"messageTitle":"Add mark and unmark functions","messageBody":"","tags":["Level-3"],"fileTypesAndContributionMap":{"java":{"insertions":20,"deletions":0}}},{"hash":"5d7c446a394903a5add9f2ae6720c244eef47b62","isMergeCommit":false,"messageTitle":"Add automated testing uptil Level-3","messageBody":"","tags":["A-TextUiTesting"],"fileTypesAndContributionMap":{"txt":{"insertions":9,"deletions":0},"java":{"insertions":2,"deletions":2},"sh":{"insertions":4,"deletions":4}}},{"hash":"ecd123d51439883c5a0cf3ef426933f0eb13357d","isMergeCommit":false,"messageTitle":"Add Task subclasses for different task types","messageBody":"","tags":["A-Inheritance"],"fileTypesAndContributionMap":{"java":{"insertions":37,"deletions":0}}},{"hash":"bd6717762b305a1de9ce52b51ddf8a2a6114d38b","isMergeCommit":false,"messageTitle":"Add commands for todos, events and deadlines","messageBody":"","fileTypesAndContributionMap":{"java":{"insertions":30,"deletions":7}}},{"hash":"b4a81755d4ee4f3b35008af7f3b8db03531340a9","isMergeCommit":false,"messageTitle":"Update UI testing for new commands","messageBody":"","tags":["Level-4"],"fileTypesAndContributionMap":{"txt":{"insertions":3,"deletions":2}}},{"hash":"f1f1344e3e7141161099fa17d1a2da3434b92787","isMergeCommit":false,"messageTitle":"Add exception class","messageBody":"","tags":["A-Exceptions"],"fileTypesAndContributionMap":{"java":{"insertions":5,"deletions":0}}}]},{"date":"2026-01-20T00:00:00","commitResults":[{"hash":"e07583de30d816e5a43fc72cafdb774535e1006f","isMergeCommit":false,"messageTitle":"Add error handling","messageBody":"","fileTypesAndContributionMap":{"java":{"insertions":33,"deletions":5}}},{"hash":"437d66e65c89eca6253aae6803fbc84f11fe5204","isMergeCommit":false,"messageTitle":"Move execution loop to the main function","messageBody":"","fileTypesAndContributionMap":{"java":{"insertions":65,"deletions":65}}},{"hash":"ca3068616965b0b59bda0cd7717125890ccda01f","isMergeCommit":false,"messageTitle":"Update messages to match chatbot personality","messageBody":"","fileTypesAndContributionMap":{"java":{"insertions":9,"deletions":4}}},{"hash":"6fbf543fc8012b0e99d5062fd7a5dc86e68c0ad8","isMergeCommit":false,"messageTitle":"Update UI test","messageBody":"","tags":["Level-5"],"fileTypesAndContributionMap":{"txt":{"insertions":7,"deletions":2}}},{"hash":"8d10a363ec5b8d5d1d042936116407490c56a33c","isMergeCommit":false,"messageTitle":"Add TaskList class","messageBody":"","tags":["A-Collections"],"fileTypesAndContributionMap":{"java":{"insertions":82,"deletions":24}}},{"hash":"f4a8de48a4a8e9af08a4a84d2b5114c28958ecad","isMergeCommit":false,"messageTitle":"Add delete command","messageBody":"","fileTypesAndContributionMap":{"java":{"insertions":7,"deletions":4}}},{"hash":"90855115b5452ee3d98cc2c79e4537ac5b9c4c9a","isMergeCommit":false,"messageTitle":"Shorten messages","messageBody":"","fileTypesAndContributionMap":{"java":{"insertions":4,"deletions":8}}},{"hash":"acab84c0692c22314b52fb3b9b77aede51d9e4d0","isMergeCommit":false,"messageTitle":"Update UI test","messageBody":"","tags":["Level-6"],"fileTypesAndContributionMap":{"txt":{"insertions":3,"deletions":0}}},{"hash":"f610690dccaccb9c62fd8e6e12fc3dc884069f0b","isMergeCommit":false,"messageTitle":"Add enum class for command type","messageBody":"","fileTypesAndContributionMap":{"java":{"insertions":26,"deletions":0}}},{"hash":"f9a2e9411545e403af9be36dc7328608eac5a3bc","isMergeCommit":false,"messageTitle":"Use enum in switch-case","messageBody":"","tags":["A-Enums"],"fileTypesAndContributionMap":{"java":{"insertions":9,"deletions":9}}}]},{"date":"2026-01-25T00:00:00","commitResults":[{"hash":"4695a7f912e18b1b0c2fbef95290df249af1ffc6","isMergeCommit":false,"messageTitle":"Add storable interface","messageBody":"","fileTypesAndContributionMap":{"java":{"insertions":28,"deletions":1}}},{"hash":"5aba2419d1a8f3270825f28e756f7cd222222ff0","isMergeCommit":false,"messageTitle":"Make Task abstract","messageBody":"","fileTypesAndContributionMap":{"java":{"insertions":4,"deletions":4}}},{"hash":"f05d9492f1ac9487457f077ebb14affad22b51ec","isMergeCommit":false,"messageTitle":"Add factory methods to retrieve tasks from save file","messageBody":"","fileTypesAndContributionMap":{"java":{"insertions":54,"deletions":0}}},{"hash":"f2386a37be82c2086b3ca71ca8d86f3f7c951ba6","isMergeCommit":false,"messageTitle":"Add storage class","messageBody":"","fileTypesAndContributionMap":{"java":{"insertions":70,"deletions":1}}},{"hash":"c465901eb54f63eae9933ed64b7c3cb08966383a","isMergeCommit":false,"messageTitle":"Modify chatbot to use Storage class","messageBody":"","fileTypesAndContributionMap":{"java":{"insertions":27,"deletions":13}}},{"hash":"ca8c02a0aedf2f50618cb10a9643f6af669dc976","isMergeCommit":false,"messageTitle":"Fix syntax error causing invalid save strings","messageBody":"","fileTypesAndContributionMap":{"java":{"insertions":1,"deletions":1}}},{"hash":"12a3af480c65e8a2577a374e8c07ef4f33ee0ca7","isMergeCommit":false,"messageTitle":"Fix path of save file","messageBody":"","fileTypesAndContributionMap":{"java":{"insertions":1,"deletions":1}}},{"hash":"1d7d8c984135234b2ea3be6b79c6b5a67c80cc97","isMergeCommit":false,"messageTitle":"Add save on chatbot exit","messageBody":"","fileTypesAndContributionMap":{"java":{"insertions":1,"deletions":0}}},{"hash":"8aad652014630defe3e8440c50a12bf83bc5fb15","isMergeCommit":true,"messageTitle":"Merge branch-level-7 into master","messageBody":"","tags":["Level-7"],"fileTypesAndContributionMap":{}},{"hash":"ee14a246ac0c141198379a439afcbd90286856ba","isMergeCommit":false,"messageTitle":"Add Parser class to handle date parsing","messageBody":"","fileTypesAndContributionMap":{"java":{"insertions":55,"deletions":0}}},{"hash":"00dddb48dd7ef4f285daa273cbaed3478805496b","isMergeCommit":false,"messageTitle":"Use LocalDate class in deadline and event tasks","messageBody":"","fileTypesAndContributionMap":{"java":{"insertions":15,"deletions":7}}},{"hash":"df6fc16cf82d322136cfe1c06f9319190fcb6d4c","isMergeCommit":false,"messageTitle":"Update UI testing for date formats","messageBody":"","fileTypesAndContributionMap":{"txt":{"insertions":6,"deletions":3}}},{"hash":"cb89a224c39bfc6af9db6255894bc63fdda2b4b0","isMergeCommit":true,"messageTitle":"Merge branch-level-8 into master","messageBody":"","tags":["Level-8"],"fileTypesAndContributionMap":{}},{"hash":"b8f9f03f59e33596674c323f8c8b14a0d83a906f","isMergeCommit":false,"messageTitle":"Move classes into marvin package","messageBody":"","fileTypesAndContributionMap":{"java":{"insertions":29,"deletions":7}}},{"hash":"67f5452452b70ea972f797660977af8836c475d0","isMergeCommit":false,"messageTitle":"Update UI testing to find main class in package","messageBody":"","fileTypesAndContributionMap":{"bat":{"insertions":2,"deletions":2},"sh":{"insertions":2,"deletions":2}}},{"hash":"8d5eb82adeafbd6636fa9a84b1547e64d3d01d13","isMergeCommit":false,"messageTitle":"Add marvin.task packages to contain task classes","messageBody":"","fileTypesAndContributionMap":{"java":{"insertions":23,"deletions":8}}},{"hash":"4795e540d04978b74fb3f006971c92cf71bfdc73","isMergeCommit":true,"messageTitle":"Merge packeges into master","messageBody":"","tags":["A-Packages"],"fileTypesAndContributionMap":{}},{"hash":"377d7b52392cb87b1f285ebbe15e50e51abb7655","isMergeCommit":false,"messageTitle":"Add overloaded constructors for TaskList","messageBody":"","fileTypesAndContributionMap":{"java":{"insertions":9,"deletions":1}}},{"hash":"e8f3296c5b6b16e204fd225c815744c3f03cef28","isMergeCommit":false,"messageTitle":"Add Ui class","messageBody":"","fileTypesAndContributionMap":{"java":{"insertions":49,"deletions":0}}},{"hash":"a3f003f388bc4694f8aff78819b1c9e25c304643","isMergeCommit":false,"messageTitle":"Add command package and classes","messageBody":"","fileTypesAndContributionMap":{"java":{"insertions":176,"deletions":28}}},{"hash":"d99e62def1b0d7d581a0da89daa5d17af70bae0f","isMergeCommit":false,"messageTitle":"Add utility function for parsing commands","messageBody":"","fileTypesAndContributionMap":{"java":{"insertions":78,"deletions":1}}},{"hash":"17d4d7c3512407e4947217b2307b87a8fb6290bc","isMergeCommit":false,"messageTitle":"Simplify main class implementation","messageBody":"","fileTypesAndContributionMap":{"java":{"insertions":23,"deletions":175}}},{"hash":"bd9e3375843486cc7be5e0a247b9f651971d5bc9","isMergeCommit":false,"messageTitle":"Modify Storage to throw MarvinException","messageBody":"","fileTypesAndContributionMap":{"java":{"insertions":6,"deletions":6}}},{"hash":"8eeb6cacf4f3736661bb86d1ab301b6874d1b946","isMergeCommit":false,"messageTitle":"Fix separator printing","messageBody":"","fileTypesAndContributionMap":{"java":{"insertions":3,"deletions":3}}},{"hash":"68926baad9d1155713641620562ff96022892686","isMergeCommit":true,"messageTitle":"Merge more-oop into master","messageBody":"","tags":["A-MoreOOP"],"fileTypesAndContributionMap":{}},{"hash":"606ef338d38edfd540d73857da241886b00590d5","isMergeCommit":true,"messageTitle":"Merge add-gradle-support into master","messageBody":"","tags":["A-Gradle"],"fileTypesAndContributionMap":{}},{"hash":"3374428dd896f3deb61dc701fec8347548e35fa3","isMergeCommit":false,"messageTitle":"Add unit test for Parser","messageBody":"","fileTypesAndContributionMap":{"java":{"insertions":135,"deletions":0}}},{"hash":"61f135125044eace52eb6c316448b15fed54150d","isMergeCommit":false,"messageTitle":"Add unit test for Storage","messageBody":"","fileTypesAndContributionMap":{"java":{"insertions":40,"deletions":9}}},{"hash":"f41775018afb36df2d16f7b3929acf4246625cce","isMergeCommit":false,"messageTitle":"Add unit test for tasks","messageBody":"","fileTypesAndContributionMap":{"java":{"insertions":81,"deletions":0}}},{"hash":"40138b2b6b0b6ea0dbd9f7dc3abb67b024a6d6bb","isMergeCommit":true,"messageTitle":"Merge junit into master","messageBody":"","tags":["A-JUnit"],"fileTypesAndContributionMap":{}},{"hash":"22819245cc231643f5fd98d22aa4f7ed6b7bdd7c","isMergeCommit":false,"messageTitle":"Modify config to compile jar","messageBody":"","fileTypesAndContributionMap":{"gradle":{"insertions":3,"deletions":3}}},{"hash":"69ef9deee63e68fc4de32e225e14a24121207ddd","isMergeCommit":true,"messageTitle":"Merge jar into master","messageBody":"","tags":["A-Jar"],"fileTypesAndContributionMap":{}}]}]},"authorFileTypeContributionMap":{"alieron":{"java":958,"md":0,"fxml":0,"sh":5,"bat":2,"gradle":2,"txt":21}},"authorContributionVariance":{"alieron":86875.29},"authorDisplayNameMap":{"alieron":"CS2103T-F10-1 SEBA..LEIB"}}
