{"authorDailyContributionsMap":{"IZO-Ong":[{"date":"2026-01-16T00:00:00","commitResults":[{"hash":"affbd59fabbb218d61888a54d95af639646de7e9","isMergeCommit":false,"messageTitle":"Rename all instance of Duke to Sappy, add greeting","messageBody":"","tags":["Level-0"],"fileTypesAndContributionMap":{"java":{"insertions":15,"deletions":10},"bat":{"insertions":1,"deletions":1},"md":{"insertions":3,"deletions":3}}},{"hash":"1ee4290556d088c53f6c7a13bdd1e68f818aa2b0","isMergeCommit":false,"messageTitle":"Add echo feature, and add indentation to Sappy\u0027s text","messageBody":"","fileTypesAndContributionMap":{"java":{"insertions":18,"deletions":4}}},{"hash":"b627b32a55cab356f0cabf5cb117ca884635e4d2","isMergeCommit":false,"messageTitle":"Refactor chatbot logic to new class ChatBot","messageBody":"","tags":["Level-1"],"fileTypesAndContributionMap":{"java":{"insertions":50,"deletions":18}}},{"hash":"beb8bd3f28edb095da6a153d36fdb18fbc7e6aae","isMergeCommit":false,"messageTitle":"Add support for list and adding tasks","messageBody":"","tags":["Level-2"],"fileTypesAndContributionMap":{"java":{"insertions":33,"deletions":5}}},{"hash":"892d1060702609424a6ea94f66f1c8e6a30c84f6","isMergeCommit":false,"messageTitle":"Add Task Class","messageBody":"","fileTypesAndContributionMap":{"java":{"insertions":29,"deletions":0}}},{"hash":"542b9673e5e2d5a6ffdc834393f17a8aed8d9dd0","isMergeCommit":false,"messageTitle":"Add support for Chatbot mark and unmarking of tasks","messageBody":"","tags":["Level-3"],"fileTypesAndContributionMap":{"java":{"insertions":29,"deletions":8}}},{"hash":"0b1318d774c6463c2fab8d571275f4e152809c5c","isMergeCommit":false,"messageTitle":"Add support for Event, Todo and Deadline","messageBody":"","tags":["Level-4"],"fileTypesAndContributionMap":{"java":{"insertions":69,"deletions":6}}},{"hash":"099c8dabc428aa6ea84d7ebc9a561b2b7f6c637a","isMergeCommit":false,"messageTitle":"Add test scipts in input.txt and EXPECTED.txt","messageBody":"","tags":["A-TextUiTesting"],"fileTypesAndContributionMap":{"txt":{"insertions":10,"deletions":0},"java":{"insertions":1,"deletions":1},"bat":{"insertions":1,"deletions":1}}},{"hash":"5d7a7140f038ba0bed3a8b6df21b0bbfdf86bf42","isMergeCommit":false,"messageTitle":"Add exception handling to chatbot for bad user input","messageBody":"","fileTypesAndContributionMap":{"java":{"insertions":66,"deletions":26}}},{"hash":"432dfc841489138976308cc93d13d7e42972c79b","isMergeCommit":false,"messageTitle":"Update test script to include exception handling","messageBody":"","tags":["Level-5"],"fileTypesAndContributionMap":{"txt":{"insertions":8,"deletions":0}}},{"hash":"7391f7476d5d8c798288012808cb021463b475a4","isMergeCommit":false,"messageTitle":"Change tasks to use Arraylist instead of array","messageBody":"","fileTypesAndContributionMap":{"java":{"insertions":14,"deletions":24}}},{"hash":"0cb2d767639f86b373eeee2466dbbfb8464d773f","isMergeCommit":false,"messageTitle":"Add support for deleting tasks and exception handling for invalid taskID","messageBody":"","fileTypesAndContributionMap":{"java":{"insertions":33,"deletions":7}}},{"hash":"e78935263eb255e77db9e72364f84b46325d3788","isMergeCommit":false,"messageTitle":"Add extra script tests for remove and ID exception handling","messageBody":"","tags":["Level-6"],"fileTypesAndContributionMap":{"txt":{"insertions":4,"deletions":1}}}]},{"date":"2026-01-21T00:00:00","commitResults":[{"hash":"27807c98866d56bee97c020fd9a50011556c2330","isMergeCommit":false,"messageTitle":"Add enum for command","messageBody":"","fileTypesAndContributionMap":{"java":{"insertions":33,"deletions":32}}}]},{"date":"2026-01-22T00:00:00","commitResults":[{"hash":"d0064ebd2e6f9701a2312eb6bdc2648df1eb1e03","isMergeCommit":false,"messageTitle":"Update switch case to match style","messageBody":"","tags":["A-Enums"],"fileTypesAndContributionMap":{"java":{"insertions":20,"deletions":11}}},{"hash":"d1815b1dc3f5ee1a378385f1f9624b1f0593f338","isMergeCommit":false,"messageTitle":"Add new class Storage for file parsing","messageBody":"","fileTypesAndContributionMap":{"java":{"insertions":44,"deletions":0}}},{"hash":"9297a4b85e9e36323dcbbfe3968bbba8e75dceb2","isMergeCommit":false,"messageTitle":"Add parseLine function","messageBody":"","fileTypesAndContributionMap":{"java":{"insertions":34,"deletions":0}}},{"hash":"73faf6faced2ea6c57d73211e728512d5d747234","isMergeCommit":false,"messageTitle":"Add toFileFormat function for Tasks","messageBody":"","fileTypesAndContributionMap":{"java":{"insertions":34,"deletions":5}}},{"hash":"1b34bf471be2a6761e2d7dc450c2b360788e73a0","isMergeCommit":false,"messageTitle":"Fix save, and catch filenotfound","messageBody":"","fileTypesAndContributionMap":{"java":{"insertions":14,"deletions":13}}},{"hash":"5135e8d14a09d9fd81e7cab4d0a2c67c3e29f3ca","isMergeCommit":false,"messageTitle":"Add save feature","messageBody":"","fileTypesAndContributionMap":{"java":{"insertions":37,"deletions":9}}},{"hash":"fccf66c5d7bafaee024c87cf1e702de7e661386b","isMergeCommit":false,"messageTitle":"Add comment for new folder","messageBody":"","fileTypesAndContributionMap":{"java":{"insertions":1,"deletions":0}}},{"hash":"8334150c6832c5640ee6af3c6cc348ac5af678ca","isMergeCommit":true,"messageTitle":"Merge branch \u0027branch-level-7\u0027","messageBody":"","tags":["Level-7"],"fileTypesAndContributionMap":{}},{"hash":"f0b9873b385a5db864c446dfb71c10744d099d9d","isMergeCommit":false,"messageTitle":"Add support for Event, Deadline datetime","messageBody":"","fileTypesAndContributionMap":{"java":{"insertions":44,"deletions":22}}},{"hash":"e75fa3ef9997c4612ea48461ea18858ed5a295b6","isMergeCommit":false,"messageTitle":"Update tests for datetime","messageBody":"","fileTypesAndContributionMap":{"txt":{"insertions":4,"deletions":3}}},{"hash":"9cf8deab8e73024afb9a7bb84befbca93f8638f1","isMergeCommit":true,"messageTitle":"Merge branch \u0027branch-level-8\u0027","messageBody":"","tags":["Level-8"],"fileTypesAndContributionMap":{}},{"hash":"14c5bdf2f303c9635707f9f6680dd89afa169441","isMergeCommit":false,"messageTitle":"Add support for Ui class in ChatBot","messageBody":"","fileTypesAndContributionMap":{"java":{"insertions":35,"deletions":20}}},{"hash":"4a5b252c622d1c5e2cacec120bf0a606c42f2157","isMergeCommit":false,"messageTitle":"Refactor Sappy class","messageBody":"","fileTypesAndContributionMap":{"java":{"insertions":26,"deletions":18}}},{"hash":"cfe54c9b1a92eab061b2d7195065fe9850e8c2ce","isMergeCommit":false,"messageTitle":"Add TaskList class","messageBody":"","fileTypesAndContributionMap":{"java":{"insertions":72,"deletions":31}}},{"hash":"4b85c1a11b06be81b2ae9e06a313ff0a4596ed70","isMergeCommit":false,"messageTitle":"Add Parser, Command enum handles exit","messageBody":"","fileTypesAndContributionMap":{"java":{"insertions":56,"deletions":26}}},{"hash":"89b1754e4eab787317a0636b8db9483ed69116fb","isMergeCommit":false,"messageTitle":"Change mistake in ChatBot to use TaskList","messageBody":"","fileTypesAndContributionMap":{"java":{"insertions":2,"deletions":8}}},{"hash":"0159d0d80fe8e7cdd08bae332834be6573eb0a05","isMergeCommit":true,"messageTitle":"Merge branch \u0027branch-moreOOP\u0027","messageBody":"","tags":["A-MoreOOP"],"fileTypesAndContributionMap":{}},{"hash":"2782ec12b90a3a2d463f45fd70d80e858c538ec3","isMergeCommit":false,"messageTitle":"Refactor into packages","messageBody":"","fileTypesAndContributionMap":{"java":{"insertions":49,"deletions":1}}},{"hash":"442142ab791ef2711a3327f51052cab2a3f06e52","isMergeCommit":false,"messageTitle":"Change test script file location","messageBody":"","fileTypesAndContributionMap":{"bat":{"insertions":4,"deletions":2}}},{"hash":"c0a8566b76b6490ae00efa94a9d630c3b1fe561d","isMergeCommit":true,"messageTitle":"Merge branch \u0027branch-Packages\u0027","messageBody":"","tags":["A-Packages"],"fileTypesAndContributionMap":{}},{"hash":"418f23e8dcb6f6a97cd19df98a770be88db83f85","isMergeCommit":true,"messageTitle":"Merge branch \u0027add-gradle-support\u0027","messageBody":"","fileTypesAndContributionMap":{}},{"hash":"b806381e15a1610df10cffc7aaccbb17d88d3cc6","isMergeCommit":false,"messageTitle":"Update file location in build.gradle","messageBody":"","tags":["A-Gradle"],"fileTypesAndContributionMap":{"gradle":{"insertions":2,"deletions":2}}},{"hash":"893a6c7a307b0a937a19bfa18dfe2fa50c9fa618","isMergeCommit":false,"messageTitle":"Add tests","messageBody":"","tags":["A-JUnit"],"fileTypesAndContributionMap":{"java":{"insertions":77,"deletions":2}}},{"hash":"9f20b06cb69a1aab8abb42637eb8af11941276a8","isMergeCommit":false,"messageTitle":"Update build gradle and gitignore","messageBody":"","tags":["A-Release","A-Jar"],"fileTypesAndContributionMap":{"gradle":{"insertions":1,"deletions":2}}},{"hash":"21bc8707289974fe5abbd19cfaf3430ac58bec0a","isMergeCommit":false,"messageTitle":"Add JavaDoc for Chatbot and Sappy","messageBody":"","fileTypesAndContributionMap":{"java":{"insertions":101,"deletions":4}}},{"hash":"edc7c5a104507d00838ca09157c5a2e06dd16f91","isMergeCommit":false,"messageTitle":"Add JavaDoc for classes in task package","messageBody":"","fileTypesAndContributionMap":{"java":{"insertions":153,"deletions":7}}},{"hash":"8aa1f6bda2954d07ccff48bf835c5df77efd3b0c","isMergeCommit":false,"messageTitle":"Add JavaDoc for Command, Parser, Exception and Storage","messageBody":"","fileTypesAndContributionMap":{"java":{"insertions":84,"deletions":3}}},{"hash":"98801aefbca3bc1709e21597d715464681faa586","isMergeCommit":false,"messageTitle":"Remove JavaDoc private methods","messageBody":"","fileTypesAndContributionMap":{"java":{"insertions":0,"deletions":15}}},{"hash":"b453ad0c8bf77efbc2990c5a4203e4041b31fbdb","isMergeCommit":true,"messageTitle":"Merge branch \u0027branch-A-JavaDoc\u0027","messageBody":"","tags":["A-JavaDoc"],"fileTypesAndContributionMap":{}},{"hash":"24567c4144a2fb9ddae4b735c87457f94e561c2a","isMergeCommit":false,"messageTitle":"Change taskID to taskId for code style","messageBody":"","fileTypesAndContributionMap":{"java":{"insertions":6,"deletions":6}}},{"hash":"5f1c6a2fc1ba5ddad6e9ae69097abdcf3d7392c3","isMergeCommit":true,"messageTitle":"Merge branch \u0027branch-A-CodingStandard\u0027","messageBody":"","tags":["A-CodingStandard"],"fileTypesAndContributionMap":{}},{"hash":"dafd0911beeb55f6610400e854236b0887aad082","isMergeCommit":false,"messageTitle":"Add support for find","messageBody":"","fileTypesAndContributionMap":{"java":{"insertions":51,"deletions":0}}},{"hash":"a2d01fd54a998c027814272b2110b2763bc7b812","isMergeCommit":true,"messageTitle":"Merge branch \u0027branch-Level-9\u0027","messageBody":"","tags":["Level-9"],"fileTypesAndContributionMap":{}}]},{"date":"2026-01-24T00:00:00","commitResults":[{"hash":"8dd65dcea72d88f5fed7ababe40e83bc8f4abcfb","isMergeCommit":false,"messageTitle":"Add JavaDoc for Ui Class","messageBody":"","fileTypesAndContributionMap":{"java":{"insertions":25,"deletions":4}}},{"hash":"ef39fb4082fefc06696eb0fce748281ef2ea5f60","isMergeCommit":false,"messageTitle":"Add more tests and StorageStub","messageBody":"","fileTypesAndContributionMap":{"java":{"insertions":162,"deletions":5}}}]},{"date":"2026-01-28T00:00:00","commitResults":[{"hash":"8e5bafb432d72fc7395870ca623c780cdbc06a77","isMergeCommit":false,"messageTitle":"Add checkstyle files for gradle","messageBody":"","fileTypesAndContributionMap":{"gradle":{"insertions":5,"deletions":0}}},{"hash":"5c4f79ebe59de5475f0f6c806fd0b8429350f72d","isMergeCommit":false,"messageTitle":"Change Main to comply with checkstyle","messageBody":"","fileTypesAndContributionMap":{"java":{"insertions":45,"deletions":38}}},{"hash":"c9cb4ed65bc6730e986e8e453f07de9298379b76","isMergeCommit":false,"messageTitle":"Change Test to comply with checkstyle","messageBody":"","fileTypesAndContributionMap":{"java":{"insertions":47,"deletions":20}}},{"hash":"ee58b573178b588ce48853472965a9df8df27e4e","isMergeCommit":true,"messageTitle":"Merge branch \u0027branch-A-Checkstyle\u0027","messageBody":"","tags":["A-CheckStyle"],"fileTypesAndContributionMap":{}},{"hash":"69be5922d1d041877b4916a6fdfdaf14381d7fef","isMergeCommit":false,"messageTitle":"Add launcher and main for JavaFX","messageBody":"","fileTypesAndContributionMap":{"gradle":{"insertions":16,"deletions":1},"java":{"insertions":35,"deletions":0}}},{"hash":"a9a5eabf0bde5900ba5aaf82e9a38509a71a5b50","isMergeCommit":false,"messageTitle":"Add images and basic GUI","messageBody":"","fileTypesAndContributionMap":{"java":{"insertions":89,"deletions":5}}},{"hash":"8aa1059c779038b54c0d079ddf3a5b2c7df7c8fc","isMergeCommit":false,"messageTitle":"Refactor out old text UI, main uses GUI","messageBody":"","fileTypesAndContributionMap":{"java":{"insertions":50,"deletions":68}}},{"hash":"0ba651c7df09dd1e76a194a0acff436b7ef45be7","isMergeCommit":false,"messageTitle":"Remove ui package, add gui package","messageBody":"","fileTypesAndContributionMap":{"java":{"insertions":2,"deletions":61}}},{"hash":"bfe9d1a7f8b89165926bf0f9f0b14f82fea42c77","isMergeCommit":false,"messageTitle":"Flip dialogBox for Sappy","messageBody":"","fileTypesAndContributionMap":{"java":{"insertions":48,"deletions":12}}},{"hash":"993534d6149a429253d3bdc7e09170c685fbe1f0","isMergeCommit":false,"messageTitle":"Modularise fxml and new logic package","messageBody":"","fileTypesAndContributionMap":{"fxml":{"insertions":66,"deletions":0},"java":{"insertions":118,"deletions":113}}},{"hash":"17117da2368bc32f7d905ed3394d1b7099abf627","isMergeCommit":false,"messageTitle":"Add automatic resizing of window","messageBody":"","fileTypesAndContributionMap":{"fxml":{"insertions":5,"deletions":29},"java":{"insertions":3,"deletions":0}}},{"hash":"657c8041574bb550f68df59a7d31832a19452853","isMergeCommit":false,"messageTitle":"Add initial css files","messageBody":"","fileTypesAndContributionMap":{"fxml":{"insertions":3,"deletions":10},"java":{"insertions":1,"deletions":0}}},{"hash":"62400a2c9996f478e640b1f55a9c3ff129d773aa","isMergeCommit":false,"messageTitle":"Change css to sky blue colours, add command-based colour","messageBody":"","fileTypesAndContributionMap":{"java":{"insertions":51,"deletions":2}}},{"hash":"0b82594cfccb13fa039519df9036fc2d0ad94056","isMergeCommit":false,"messageTitle":"Add prompttext to textfield","messageBody":"","fileTypesAndContributionMap":{"fxml":{"insertions":22,"deletions":4},"java":{"insertions":1,"deletions":1}}},{"hash":"f4efb1e5cd793007a160c1d3915d048410360406","isMergeCommit":false,"messageTitle":"Add auto-exit upon user exit command","messageBody":"","fileTypesAndContributionMap":{"java":{"insertions":10,"deletions":0}}},{"hash":"6999a56dbcab25f849606a7efbb085d1c9a0f28a","isMergeCommit":true,"messageTitle":"Merge branch \u0027branch-level-10\u0027","messageBody":"","tags":["Level-10"],"fileTypesAndContributionMap":{}}]},{"date":"2026-02-04T00:00:00","commitResults":[{"hash":"43efce79ae4359830cc30cfe6891ac3f52e96aa1","isMergeCommit":false,"messageTitle":"Fix Event bug: end date being earlier than start date","messageBody":"","tags":["A-Release-2"],"fileTypesAndContributionMap":{"java":{"insertions":13,"deletions":1}}},{"hash":"f8375a7e91ed4e43052facd4c5a6dac2c48eb8a0","isMergeCommit":false,"messageTitle":"Add assertions and improve storage error handling","messageBody":"Logic in ChatBot and Parser relies on assumptions about state and input\noffsets. These assumptions are not verified, making developer errors\nharder to detect during testing.\n\nExplicitly verifying internal invariants helps catch logic bugs early.\n\nLet\u0027s add assertions to ChatBot, Parser, and Storage to verify logic\nand enable assertions in build.gradle for \u0027run\u0027 tasks.\n","fileTypesAndContributionMap":{"gradle":{"insertions":2,"deletions":1},"java":{"insertions":46,"deletions":1}}},{"hash":"a6500de5437d21122c211089e01ac1ca19e2d5b7","isMergeCommit":false,"messageTitle":"Improve code quality through refactoring","messageBody":"ChatBot contains magic numbers for string offsets and handles task-\nspecific parsing logic. Parser lacks dedicated methods for complex\ntask types like Deadline and Event.\n\nMagic numbers are brittle and difficult to maintain. Overloading\nChatBot with parsing logic violates the Single Responsibility\nPrinciple. Refactoring these areas improves maintainability and\nensures the happy path of the code is prominent.\n\nLet\u0027s,\n* replace magic literals with dynamic offset calculation in ChatBot\n* extract Deadline and Event parsing logic into specialised Parser\n  methods\n* apply guard clauses in Parser and MainWindow to handle failures early\n* simplify Command enum logic to reduce property-based boilerplate\n* split loops in task querying to separate filtering from formatting\n\nCentralizing parsing in the Parser class makes the system modular and\neasier to unit test. Guard clauses flatten the code structure, and\ndynamic offsets ensure resilience against command name changes.\n","tags":["A-FullCommitMessage"],"fileTypesAndContributionMap":{"java":{"insertions":95,"deletions":83}}},{"hash":"00ad8cd938cc5ef0dfa15ca4a3d2b913bbe3cc72","isMergeCommit":false,"messageTitle":"Refactor task querying to use Java Streams","messageBody":"Task listing and search functions in ChatBot rely on loops and\nStringBuilder management. These methods make the code more verbose\nand prone to errors during delimiter handling.\n\nTransitioning to a declarative style using Java Streams improves code\nreadability and maintainability.\n\nLet\u0027s,\n* refactor listTasks to use IntStream for formatted task enumeration\n* update findTasks to use a stream pipeline for filtering and mapping\n* add a guard clause to listTasks to handle empty list states\n* introduce JUnit tests for empty list scenarios and multi-item lists\n","fileTypesAndContributionMap":{"java":{"insertions":46,"deletions":24}}},{"hash":"05c62007d560ed74a67ca4a0bc0c77d5e96aeb3e","isMergeCommit":true,"messageTitle":"Merge pull request #1 from IZO-Ong/branch-A-Assertions","messageBody":"Add assertions and improve storage error handling","tags":["A-Assertions"],"fileTypesAndContributionMap":{}},{"hash":"0c62b9072281282f8d662db680a667cf6f746c4a","isMergeCommit":true,"messageTitle":"Merge branch \u0027master\u0027 into branch-A-CodeQuality","messageBody":"# Conflicts:\n#\tsrc/main/java/sappy/logic/ChatBot.java\n#\tsrc/main/java/sappy/parser/Parser.java\n","fileTypesAndContributionMap":{}},{"hash":"f122d01afaf25d482f6c77beac97ed24eea050da","isMergeCommit":true,"messageTitle":"Merge pull request #2 from IZO-Ong/branch-A-CodeQuality","messageBody":"Branch A Code quality","tags":["A-CodeQuality"],"fileTypesAndContributionMap":{}},{"hash":"f28e59f6aad95bbbdb216034b151840fc424d635","isMergeCommit":true,"messageTitle":"Merge branch \u0027master\u0027 into branch-A-Streams","messageBody":"# Conflicts:\n#\tsrc/main/java/sappy/logic/ChatBot.java\n","fileTypesAndContributionMap":{}},{"hash":"aaf92128e7ee5e8211d8dc19793370ceeba2039f","isMergeCommit":true,"messageTitle":"Merge pull request #3 from IZO-Ong/branch-A-Streams","messageBody":"Branch A Streams","tags":["A-Streams"],"fileTypesAndContributionMap":{}}]}]},"authorFileTypeContributionMap":{"IZO-Ong":{"java":1448,"md":3,"fxml":53,"sh":0,"bat":4,"gradle":23,"txt":22}},"authorContributionVariance":{"IZO-Ong":85803.07},"authorDisplayNameMap":{"IZO-Ong":"CS2103T-T15-2 ISAA.. ONG"}}
