{"authorDailyContributionsMap":{"nvdchw":[{"date":"2026-01-21T00:00:00","commitResults":[{"hash":"a8b4f9fd80dabe587130950d9e7fe787cd2c4893","isMergeCommit":false,"messageTitle":"Add skeleton code to greet user and exit","messageBody":"","tags":["Level-0"],"fileTypesAndContributionMap":{"java":{"insertions":10,"deletions":10},"bat":{"insertions":1,"deletions":1},"md":{"insertions":3,"deletions":3}}},{"hash":"d2f48ecedbf9dfdadec3d5da23c15747a8710718","isMergeCommit":false,"messageTitle":"Add echo user input","messageBody":"","tags":["Level-1"],"fileTypesAndContributionMap":{"java":{"insertions":26,"deletions":6}}},{"hash":"1b3b3da86ee3398dca6a8e09dd627096d0e0e0e1","isMergeCommit":false,"messageTitle":"Add ArrayList to store user input and display back to user","messageBody":"","tags":["Level-2"],"fileTypesAndContributionMap":{"java":{"insertions":14,"deletions":3}}},{"hash":"b329efcf7ecca600607f10b76dd60633fdb990a7","isMergeCommit":false,"messageTitle":"Add Task class to keep track of done and undone tasks","messageBody":"","tags":["Level-3"],"fileTypesAndContributionMap":{"java":{"insertions":46,"deletions":5}}}]},{"date":"2026-01-22T00:00:00","commitResults":[{"hash":"6986e740e435e1bc8c1ef13dbfa432958b55fc0a","isMergeCommit":false,"messageTitle":"Add Todo.java Deadline.java and Event.java to handle different types of Tasks","messageBody":"","fileTypesAndContributionMap":{"java":{"insertions":73,"deletions":5}}},{"hash":"41246ade925517c72f3679146db8d5b47da49c7f","isMergeCommit":false,"messageTitle":"Extract commands handling code to individual functions","messageBody":"","fileTypesAndContributionMap":{"java":{"insertions":74,"deletions":50}}},{"hash":"eaea85700ff706760929c932a10252a81fc884f0","isMergeCommit":false,"messageTitle":"Extract code handling commands to individual functions","messageBody":"","fileTypesAndContributionMap":{"java":{"insertions":74,"deletions":50}}},{"hash":"29be83438591ee7547a53cd70e0e16adc6df4e01","isMergeCommit":false,"messageTitle":"Add input.txt and EXPECTED.TXT to semi-automate testing","messageBody":"","tags":["A-TextUiTesting"],"fileTypesAndContributionMap":{"txt":{"insertions":10,"deletions":0}}},{"hash":"de76d300644b4fbfd9b1a3c76c74bf21615c1936","isMergeCommit":false,"messageTitle":"Replace tab spaces with \\t","messageBody":"","fileTypesAndContributionMap":{"java":{"insertions":32,"deletions":32}}},{"hash":"92ed3d5961c957c3ef8c566705d318540d0ce347","isMergeCommit":false,"messageTitle":"Add printBox function to print content within two lines","messageBody":"","fileTypesAndContributionMap":{"java":{"insertions":43,"deletions":34}}},{"hash":"cbf0dcc0ad95c99ce3108757bba6d19de3dc3424","isMergeCommit":false,"messageTitle":"Add BuddyException class to add exception handling in task management","messageBody":"","tags":["Level-5"],"fileTypesAndContributionMap":{"java":{"insertions":77,"deletions":39}}},{"hash":"5d6a329fa755dece4fb06b3495c55a02cf282080","isMergeCommit":false,"messageTitle":"Add handleDelete method to remove tasks from the list","messageBody":"","tags":["Level-6"],"fileTypesAndContributionMap":{"java":{"insertions":19,"deletions":0}}},{"hash":"1160661b9debe9ee0ca94d58581e1360a16fc667","isMergeCommit":false,"messageTitle":"Refactor command handling to use enum","messageBody":"","fileTypesAndContributionMap":{"java":{"insertions":51,"deletions":20}}},{"hash":"cf9ab7b13e0522d54cc4affe3d0ade41ca936902","isMergeCommit":false,"messageTitle":"Change to use of enhanced switch statements","messageBody":"","fileTypesAndContributionMap":{"java":{"insertions":19,"deletions":34}}},{"hash":"f8254973b610453358433d14edcbf6d45ca71209","isMergeCommit":false,"messageTitle":"Update test cases for task management commands","messageBody":"","tags":["A-Enums"],"fileTypesAndContributionMap":{"txt":{"insertions":10,"deletions":0}}}]},{"date":"2026-01-23T00:00:00","commitResults":[{"hash":"df6dd362ad2aafb42ebf3f64aa855c4f8377e6f8","isMergeCommit":false,"messageTitle":"Add comments for better readability and maintainability","messageBody":"","fileTypesAndContributionMap":{"java":{"insertions":122,"deletions":35}}}]},{"date":"2026-01-27T00:00:00","commitResults":[{"hash":"37b69d2dd98d84ae093190c8807de3f53ea5f983","isMergeCommit":false,"messageTitle":"Add JavaDoc comments and fix switch statements indentations","messageBody":"","fileTypesAndContributionMap":{"java":{"insertions":125,"deletions":35}}},{"hash":"79b1f15eeb3f0dbc4b7a9c8abdc9daa25c9fe089","isMergeCommit":false,"messageTitle":"Implement task persistence with file storage","messageBody":"","fileTypesAndContributionMap":{"txt":{"insertions":3,"deletions":0},"java":{"insertions":143,"deletions":2}}},{"hash":"15a8ec385f8169061f655405f13cd6cca18ead23","isMergeCommit":true,"messageTitle":"Merge branch \u0027branch-Level-7\u0027","messageBody":"","tags":["Level-7"],"fileTypesAndContributionMap":{}},{"hash":"349143755a695a88f0e2b55d95381f69e16a6598","isMergeCommit":false,"messageTitle":"Refactor task classes to use LocalDateTime for date handling and improve error handling for invalid date formats","messageBody":"","fileTypesAndContributionMap":{"txt":{"insertions":2,"deletions":2},"java":{"insertions":73,"deletions":30}}}]},{"date":"2026-01-28T00:00:00","commitResults":[{"hash":"6c3ca842b8935c7f9bb2148bbd50926e8ba59d09","isMergeCommit":false,"messageTitle":"Add \u0027find\u0027 command to search tasks by date","messageBody":"","fileTypesAndContributionMap":{"txt":{"insertions":2,"deletions":2},"java":{"insertions":64,"deletions":1}}},{"hash":"0b53cc39ee79a87a7cb9d0fa38f13d6be87fe4aa","isMergeCommit":true,"messageTitle":"Merge branch \u0027branch-Level-8\u0027","messageBody":"","tags":["Level-8"],"fileTypesAndContributionMap":{}},{"hash":"75e5cacdb49ea914f89c47d073aa81ceb274f94d","isMergeCommit":false,"messageTitle":"Refactor Buddy class to utilise Ui for user interactions and remove static methods","messageBody":"","fileTypesAndContributionMap":{"txt":{"insertions":3,"deletions":1},"java":{"insertions":112,"deletions":56}}},{"hash":"c4d22d2b4b39d27c6c19657a15cf0dc10dab08f6","isMergeCommit":false,"messageTitle":"Refactor Buddy class to delegate task storage operations to a new Storage class","messageBody":"","fileTypesAndContributionMap":{"txt":{"insertions":1,"deletions":0},"java":{"insertions":89,"deletions":37}}},{"hash":"d687aca7b10f2b3835c774eea77a732836992dc1","isMergeCommit":false,"messageTitle":"Refactor task parsing by moving logic to TaskParser class","messageBody":"","fileTypesAndContributionMap":{"java":{"insertions":47,"deletions":43}}},{"hash":"67b6a918a43357ff5aafbf91af900ceafcaa6a3e","isMergeCommit":false,"messageTitle":"Extract command parsing logic into a new Parser class","messageBody":"","fileTypesAndContributionMap":{"txt":{"insertions":2,"deletions":0},"java":{"insertions":156,"deletions":70}}},{"hash":"4b2131580cb7c7352ff20a6a1f229541fd95a5cf","isMergeCommit":false,"messageTitle":"Refactor Buddy class to use new TaskList class for task management","messageBody":"","fileTypesAndContributionMap":{"txt":{"insertions":2,"deletions":4},"java":{"insertions":146,"deletions":63}}},{"hash":"e8b5dd3e8e38dc896c22d63947afcb3120394169","isMergeCommit":false,"messageTitle":"Refactor command handling by introducing command classes for better modularity and maintainability","messageBody":"","fileTypesAndContributionMap":{"txt":{"insertions":3,"deletions":0},"java":{"insertions":364,"deletions":289}}},{"hash":"0656b74f5a0fdaa000e62911add21a7d87adee45","isMergeCommit":true,"messageTitle":"Merge branch \u0027branch-A-MoreOOP\u0027","messageBody":"","tags":["A-MoreOOP"],"fileTypesAndContributionMap":{}}]}]},"authorFileTypeContributionMap":{"nvdchw":{"java":1036,"md":3,"fxml":0,"sh":0,"bat":1,"gradle":0,"txt":29}},"authorContributionVariance":{"nvdchw":137156.11},"authorDisplayNameMap":{"nvdchw":"CS2103-F11-1 NAVI..IANG"}}
