{"authorDailyContributionsMap":{"Lim-ZY":[{"date":"2026-01-22T00:00:00","commitResults":[{"hash":"63cb72519e3e986e52573d2ded503c6f4007d72f","isMergeCommit":false,"messageTitle":"Add greeting and exit","messageBody":"","tags":["Level-0"],"fileTypesAndContributionMap":{"java":{"insertions":12,"deletions":10},"bat":{"insertions":1,"deletions":1},"md":{"insertions":11,"deletions":10}}},{"hash":"fe2252e7bfc27dd42bb9e156a8d07648dc9244d6","isMergeCommit":false,"messageTitle":"Add support for echo and bye","messageBody":"","tags":["Level-1"],"fileTypesAndContributionMap":{"java":{"insertions":55,"deletions":3}}},{"hash":"29c08adaff5f2789bf9efd0cc8dad6eacc729e39","isMergeCommit":false,"messageTitle":"Add support for Add Task and List Task","messageBody":"","tags":["Level-2"],"fileTypesAndContributionMap":{"java":{"insertions":41,"deletions":1}}},{"hash":"eeedabe71dde4817d8ea31002158d13b5a7b1afc","isMergeCommit":false,"messageTitle":"Add completion state to task","messageBody":"","fileTypesAndContributionMap":{"java":{"insertions":37,"deletions":1}}},{"hash":"d2caf063c47482b888fe477223df55247437b72c","isMergeCommit":false,"messageTitle":"Add support for mark and unmark","messageBody":"","fileTypesAndContributionMap":{"java":{"insertions":22,"deletions":11}}},{"hash":"1b0600984b107ae0da54c373dfed1922c2ba2c39","isMergeCommit":false,"messageTitle":"Rename completion status for clarity","messageBody":"","tags":["Level-3"],"fileTypesAndContributionMap":{"java":{"insertions":5,"deletions":5}}},{"hash":"f03313326afe1017532ed6445e35cb675fe78591","isMergeCommit":false,"messageTitle":"Add task subclasses","messageBody":"","fileTypesAndContributionMap":{"java":{"insertions":38,"deletions":0}}},{"hash":"9c65dadf5ec0befd898cf64f21437ccf456ec069","isMergeCommit":false,"messageTitle":"Add length getter for TaskList","messageBody":"","fileTypesAndContributionMap":{"java":{"insertions":5,"deletions":2}}},{"hash":"fc447b5e33482e5e9c5bb10fabc48434cb0df78c","isMergeCommit":false,"messageTitle":"Add support for Todo, Event, and Deadline","messageBody":"","tags":["Level-4"],"fileTypesAndContributionMap":{"java":{"insertions":23,"deletions":2}}},{"hash":"7164cd73050970ee637a2963bd351f00709ce387","isMergeCommit":false,"messageTitle":"Add test functionality using io redirection","messageBody":"","tags":["A-TextUiTesting"],"fileTypesAndContributionMap":{"txt":{"insertions":10,"deletions":0},"java":{"insertions":1,"deletions":1},"sh":{"insertions":2,"deletions":6}}},{"hash":"60aee6092b72df7c76d1ec0f001913e6b6abc2e3","isMergeCommit":false,"messageTitle":"Refactor code and use exceptions","messageBody":"","tags":["Level-5"],"fileTypesAndContributionMap":{"java":{"insertions":94,"deletions":55}}},{"hash":"6eaa5bf8aa6d9a5c4d4f82b48f9a38ec7f169f50","isMergeCommit":false,"messageTitle":"Update test cases for delete operation","messageBody":"","fileTypesAndContributionMap":{"txt":{"insertions":1,"deletions":0}}},{"hash":"0f677f7fb62d20d0382db31b5eae4e0a306eaf39","isMergeCommit":false,"messageTitle":"Add support for delete","messageBody":"","tags":["Level-6"],"fileTypesAndContributionMap":{"java":{"insertions":22,"deletions":0}}}]},{"date":"2026-01-23T00:00:00","commitResults":[{"hash":"e716af6bf276eab3f55ee6625b0fc1c39735454c","isMergeCommit":false,"messageTitle":"Reformat code to align with standard convention","messageBody":"","fileTypesAndContributionMap":{"java":{"insertions":73,"deletions":73}}}]},{"date":"2026-01-28T00:00:00","commitResults":[{"hash":"60a3ba72c7efe77cd6e32d6cc72ce5119d887d56","isMergeCommit":false,"messageTitle":"Add Storage.java","messageBody":"Previous iterations loses user interactions upon bye command.\n\nImplementing a Storage class allows file storage and retrieval\nencapsulation.\n\nUsing encapsulation simplifies file fetching and retrieval logic.\n","fileTypesAndContributionMap":{"java":{"insertions":62,"deletions":0}}},{"hash":"9eaa7d3505070d48abd68ddbdb0068f321fdd6bd","isMergeCommit":false,"messageTitle":"Add constructors for Task and subclasses","messageBody":"Previous iterations do not accept boolean isDone argument.\n\nTo accommodate construction of objects upon data retrieval in Storage,\noverloading constructors for Task and its subclasses maintains the\ninheritance relationships of the tasks in TaskList.\n","fileTypesAndContributionMap":{"java":{"insertions":24,"deletions":1}}},{"hash":"347ba63a932cd2a81550047ff77ab7d157741c37","isMergeCommit":false,"messageTitle":"Add support for Save","messageBody":"","fileTypesAndContributionMap":{"java":{"insertions":23,"deletions":11}}},{"hash":"9da071fdb01834270fc41fa9db5ed4a3275625ad","isMergeCommit":false,"messageTitle":"Handle file does not exist","messageBody":"Previous implementation does not cover corner case of running the\nchatbot for the first time. In this case, the ./data/data.txt may not be\nfound.\n\nChecking if the file exists in Storage class ensures smooth execution of\nprogram.\n","fileTypesAndContributionMap":{"java":{"insertions":10,"deletions":2}}},{"hash":"4a5e2dc990461e95043ef33f30f3b41bc4ba64cd","isMergeCommit":false,"messageTitle":"Fix file parsing bug","messageBody":"","fileTypesAndContributionMap":{"java":{"insertions":1,"deletions":2}}},{"hash":"214e6c15c136fc95ce864fab17d0307da34191ca","isMergeCommit":true,"messageTitle":"Merge branch \u0027branch-Level-7\u0027","messageBody":"","fileTypesAndContributionMap":{}},{"hash":"8b0185d1d61c82c84aeaef33928d1113913b108f","isMergeCommit":false,"messageTitle":"Add test cases","messageBody":"","fileTypesAndContributionMap":{"txt":{"insertions":10,"deletions":2},"sh":{"insertions":21,"deletions":2}}},{"hash":"a7dd679d6af01dc5ae151067927810e59254869f","isMergeCommit":false,"messageTitle":"Fix data parsing bug","messageBody":"","fileTypesAndContributionMap":{"java":{"insertions":1,"deletions":1}}},{"hash":"8fa589a3270a2977655779b12934a8f53ab494a8","isMergeCommit":false,"messageTitle":"Refactor code for save string","messageBody":"Common behaviour for string output to save Task and its subclasses\n(Todo, Event, Deadline) can be abstracted.\n\nExtracting this common behaviour into a super class allows us to use\npolymorphism when converting tasks to their respective save strings.\n","fileTypesAndContributionMap":{"java":{"insertions":24,"deletions":6}}},{"hash":"b3220aec7b135eb21f7a2fd5c8b15ff3433211c1","isMergeCommit":false,"messageTitle":"Add support for date","messageBody":"","fileTypesAndContributionMap":{"java":{"insertions":35,"deletions":16}}},{"hash":"338cf823dcdff210603f399cb55abd2c814d86f9","isMergeCommit":false,"messageTitle":"Add DateTime support","messageBody":"","fileTypesAndContributionMap":{"txt":{"insertions":4,"deletions":4},"java":{"insertions":42,"deletions":29}}},{"hash":"e0ca33568c880842afc702d9f6b9c9673f9278c5","isMergeCommit":true,"messageTitle":"Merge branch \u0027branch-Level-8\u0027","messageBody":"","tags":["Level-8"],"fileTypesAndContributionMap":{}}]},{"date":"2026-01-29T00:00:00","commitResults":[{"hash":"e304c174ce89a004768d53145e1daa6aa69c2f71","isMergeCommit":false,"messageTitle":"Abstract ui components into Ui.java","messageBody":"Previous iterations relied on System.out functions for I/O.\n\nExtracting I/O tasks into Ui.java allows us to simplify logic while\nencapsulating functionalities that can be used across all components\nthat require user interaction.\n","fileTypesAndContributionMap":{"java":{"insertions":87,"deletions":67}}},{"hash":"eb6598e89d150d107854a3eb9100c88004b18ae0","isMergeCommit":false,"messageTitle":"Extract loading error into ui.java","messageBody":"","fileTypesAndContributionMap":{"java":{"insertions":35,"deletions":33}}},{"hash":"a669ebab44dadae7ae7ef72d5e564ef7907a07c7","isMergeCommit":false,"messageTitle":"Add Command class and subclasses","messageBody":"Command words (todo, mark, delete etc.) have common behaviours (eg.\nexecuting the command) and require similar resources.\n\nThe common behaviour this can be abstracted to reduce code duplication.\n\nAbstracting the Command class allows us to make use of polymorphism later on,\nwith clearer syntax.\n","fileTypesAndContributionMap":{"java":{"insertions":173,"deletions":0}}},{"hash":"c362a1c90bdfe2c22553b11eb0f3e9891618b99a","isMergeCommit":false,"messageTitle":"Segregate ui tasks from TaskList","messageBody":"TaskList required many ui related actions to show the status of the\naction done.\n\nThis task is now given to ui to handle.\n","fileTypesAndContributionMap":{"java":{"insertions":30,"deletions":16}}},{"hash":"c3b04c952f37b15cc9c7d8d3dd9fb5eb474dea47","isMergeCommit":false,"messageTitle":"Refactor Mark command parsing code","messageBody":"Without polymorphism, the code was unnecessarily complex as parsing was\ndone in Mark.java.\n\nAbstracting Command and using Parser allows us to reduce the code to\nits intended logic.\n","fileTypesAndContributionMap":{"java":{"insertions":80,"deletions":109}}},{"hash":"139200e5f8c147790d54b839148039fe6e8b721f","isMergeCommit":true,"messageTitle":"Merge branch \u0027branch-A-MoreOOP\u0027","messageBody":"","tags":["A-MoreOOP"],"fileTypesAndContributionMap":{}},{"hash":"2332b37a5779aaf9865efacfc47d4aad6dd77632","isMergeCommit":false,"messageTitle":"Organise into Mark package","messageBody":"","fileTypesAndContributionMap":{"java":{"insertions":41,"deletions":1}}},{"hash":"91fcec1a33cef6a329838f5ac82aabce5e00b016","isMergeCommit":true,"messageTitle":"Merge branch \u0027branch-A-Packages\u0027","messageBody":"","fileTypesAndContributionMap":{}},{"hash":"ec218b78cbb27c808a2c0f08c2f735c70c63307e","isMergeCommit":true,"messageTitle":"Merge branch \u0027add-gradle-support\u0027","messageBody":"","fileTypesAndContributionMap":{}},{"hash":"ea3250a6fb23c831802e90d4815e99edef459608","isMergeCommit":false,"messageTitle":"Set mainClass to mark","messageBody":"","tags":["A-Gradle"],"fileTypesAndContributionMap":{"gradle":{"insertions":1,"deletions":1}}},{"hash":"ec1d373ae35e336487f20fe9ca73060292d9cf66","isMergeCommit":false,"messageTitle":"Add basic junit tests","messageBody":"","tags":["A-JUnit"],"fileTypesAndContributionMap":{"java":{"insertions":25,"deletions":0}}},{"hash":"169e68b7bcbe5ab05edbbc946597368cfcbf3333","isMergeCommit":false,"messageTitle":"Update archiveBaseName","messageBody":"","tags":["A-Jar","A-CodingStandard"],"fileTypesAndContributionMap":{"gradle":{"insertions":1,"deletions":1}}},{"hash":"6bb152b519323b5a7de7924b60615ddd155a379c","isMergeCommit":false,"messageTitle":"Add JavaDoc comments","messageBody":"","fileTypesAndContributionMap":{"java":{"insertions":259,"deletions":29}}},{"hash":"cdd1246c6196739d2bcd86813f5f50d25b9a8816","isMergeCommit":false,"messageTitle":"Add support for find command","messageBody":"","fileTypesAndContributionMap":{"java":{"insertions":59,"deletions":0}}},{"hash":"35490f891acadcc6bf216ac2a6d200e88c000c43","isMergeCommit":true,"messageTitle":"Merge branch \u0027branch-A-JavaDoc\u0027","messageBody":"","tags":["A-JavaDoc"],"fileTypesAndContributionMap":{}},{"hash":"7eafd2409d0d2492b158db090fdae39b8565344e","isMergeCommit":true,"messageTitle":"Merge branch \u0027branch-Level-9\u0027","messageBody":"","tags":["Level-9"],"fileTypesAndContributionMap":{}}]},{"date":"2026-02-02T00:00:00","commitResults":[{"hash":"d6adc7ceb05756b47fe4da9bea96bc12acd5d7a4","isMergeCommit":false,"messageTitle":"Fix all coding style violations","messageBody":"","fileTypesAndContributionMap":{"gradle":{"insertions":5,"deletions":0},"java":{"insertions":242,"deletions":121}}},{"hash":"82eded12053ec1eeaf582cb1b133c22214cba86a","isMergeCommit":true,"messageTitle":"Merge branch \u0027branch-A-CheckStyle\u0027","messageBody":"","tags":["A-CheckStyle"],"fileTypesAndContributionMap":{}}]},{"date":"2026-02-04T00:00:00","commitResults":[{"hash":"c7114ce24e44bc04931d3bd735b474d1affd3cd1","isMergeCommit":false,"messageTitle":"Reorganise into refined packages","messageBody":"","fileTypesAndContributionMap":{"java":{"insertions":120,"deletions":43}}},{"hash":"a46ebf831d8ed5cc2df44fd08aa30918d00a7d86","isMergeCommit":false,"messageTitle":"Add TaskList to mark.task","messageBody":"","fileTypesAndContributionMap":{"java":{"insertions":16,"deletions":13}}},{"hash":"65c221781ab6e300a0c9c5e11e7ac50c84446775","isMergeCommit":true,"messageTitle":"Merge branch \u0027branch-A-Packages\u0027","messageBody":"","tags":["A-Packages"],"fileTypesAndContributionMap":{}},{"hash":"1eeecd9f30ac7de75b662d1009edb8ba9ca017a1","isMergeCommit":false,"messageTitle":"Add minimal GUI with JavaFX","messageBody":"","fileTypesAndContributionMap":{"gradle":{"insertions":18,"deletions":2},"fxml":{"insertions":35,"deletions":0},"java":{"insertions":176,"deletions":5}}},{"hash":"f44204ed7f927649528f8ba51a728b37d7785dcf","isMergeCommit":false,"messageTitle":"Add ui support for gui","messageBody":"With the new support for JavaFX, Ui needs to be upgraded to send\nresponses from Mark to the application. As such, dedicated methods\nare needed to return the messages as strings.\n\nThese functions abstracts out the existing messages from print* functions.\n\nThis promotes code reuse and will enable commands to set their response\nmessages.\n","fileTypesAndContributionMap":{"java":{"insertions":75,"deletions":18}}},{"hash":"872a6f6b3ef7205a2088fba76c446f31a033ed96","isMergeCommit":false,"messageTitle":"Add response support for commands","messageBody":"Previous commands only print messages to the CLI.\n\nIn this iteration, commands will be represented as strings to users, by\noverriding toString(), and hence be able to be returned as a string via\ngetResponse() in Mark.java.\n","fileTypesAndContributionMap":{"java":{"insertions":47,"deletions":6}}},{"hash":"8d587bf6648b481a7ea1234f14df2027cdf00090","isMergeCommit":false,"messageTitle":"Refactor codebase for simplicity","messageBody":"Previous commits had missed out certain formatting issues. Some parts of\nthe code could be redesigned to meet changing implementations of\nUi.java. Overall, these changes were made:\n\n* Update boolean member in Mark.java to match standards (isRunning)\n* Update all methods of Ui to be static\n    * Removed passing of ui instance to commands\n* Changed pw and br in Ui to lower case\n","fileTypesAndContributionMap":{"java":{"insertions":45,"deletions":48}}}]},{"date":"2026-02-05T00:00:00","commitResults":[{"hash":"734f53b76d93926d4af15c70d901990a3b8e460a","isMergeCommit":false,"messageTitle":"Fix bugs and cover corner cases","messageBody":"Previous iterations do not throw InvalidFormatException for some cases\nsuch as missing arguments in commands entered by the user.\n\nIn this iteration, corner cases were resolved and throws\nInvalidFormatException when arguments to commands are empty.\n\nThis improves overall user experience as it provides feedback to the\nuser, allowing them to make changes to their commands.\n","fileTypesAndContributionMap":{"java":{"insertions":46,"deletions":12}}},{"hash":"0041c7b6c4ddccaeb03bf306af142d6b9dcf8373","isMergeCommit":false,"messageTitle":"Add support for close window on bye command","messageBody":"","fileTypesAndContributionMap":{"java":{"insertions":19,"deletions":0}}},{"hash":"d63d5110cdc40f83e1216da1df994b9995b66332","isMergeCommit":false,"messageTitle":"Fix handle close button event","messageBody":"","fileTypesAndContributionMap":{"java":{"insertions":11,"deletions":1}}},{"hash":"08ee92e415c9926f7b92f1ada731c29c9a543d5f","isMergeCommit":false,"messageTitle":"Fix style errors","messageBody":"","fileTypesAndContributionMap":{"java":{"insertions":72,"deletions":17}}},{"hash":"62eee5230288aaea4aef2d63ac1b57a1d7e5568e","isMergeCommit":false,"messageTitle":"Update style of GUI","messageBody":"","fileTypesAndContributionMap":{"fxml":{"insertions":4,"deletions":4}}},{"hash":"5bedfcdd11e00322a2cced849a10b44f6d856593","isMergeCommit":true,"messageTitle":"Merge branch \u0027branch-Level-10\u0027","messageBody":"","tags":["Level-10"],"fileTypesAndContributionMap":{}}]}]},"authorFileTypeContributionMap":{"Lim-ZY":{"java":1547,"md":10,"fxml":35,"sh":21,"bat":1,"gradle":23,"txt":19}},"authorContributionVariance":{"Lim-ZY":61056.168},"authorDisplayNameMap":{"Lim-ZY":"CS2103-F11-3 LIM ..YANG"}}
