[{"path":"data/urMum.txt","fileType":"txt","lines":[{"lineNumber":1,"author":{"gitId":"ashw1ng"},"content":"T | 0 | read","lastModifiedDate":"2026-02-15T20:25:27","isFullCredit":false},{"lineNumber":2,"author":{"gitId":"ashw1ng"},"content":"T | 0 | work","lastModifiedDate":"2026-02-18T18:26:03","isFullCredit":false},{"lineNumber":3,"author":{"gitId":"ashw1ng"},"content":"T | 0 | hh hwhw","lastModifiedDate":"2026-02-18T20:08:56","isFullCredit":false}],"authorContributionMap":{"ashw1ng":3}},{"path":"src/main/java/Deadline.java","fileType":"java","lines":[{"lineNumber":1,"author":{"gitId":"ashw1ng"},"content":"import java.time.LocalDateTime;","lastModifiedDate":"2026-02-15T20:47:06","isFullCredit":false},{"lineNumber":2,"author":{"gitId":"ashw1ng"},"content":"import java.time.format.DateTimeFormatter;","lastModifiedDate":"2026-02-15T20:25:27","isFullCredit":false},{"lineNumber":3,"author":{"gitId":"ashw1ng"},"content":"","lastModifiedDate":"2026-02-15T20:25:27","isFullCredit":false},{"lineNumber":4,"author":{"gitId":"ashw1ng"},"content":"class Deadline extends Task {","lastModifiedDate":"2026-01-23T16:02:50","isFullCredit":false},{"lineNumber":5,"author":{"gitId":"ashw1ng"},"content":"    protected LocalDateTime by;","lastModifiedDate":"2026-02-15T20:47:06","isFullCredit":false},{"lineNumber":6,"author":{"gitId":"ashw1ng"},"content":"","lastModifiedDate":"2026-01-23T16:02:50","isFullCredit":false},{"lineNumber":7,"author":{"gitId":"ashw1ng"},"content":"    public Deadline(String description, String by) {","lastModifiedDate":"2026-01-23T16:02:50","isFullCredit":false},{"lineNumber":8,"author":{"gitId":"ashw1ng"},"content":"        super(description);","lastModifiedDate":"2026-01-23T16:02:50","isFullCredit":false},{"lineNumber":9,"author":{"gitId":"ashw1ng"},"content":"        // Expects format: yyyy-MM-dd HHmm (e.g., 2019-12-02 1800)","lastModifiedDate":"2026-02-15T20:47:06","isFullCredit":false},{"lineNumber":10,"author":{"gitId":"ashw1ng"},"content":"        this.by \u003d LocalDateTime.parse(by, DateTimeFormatter.ofPattern(\"yyyy-MM-dd HHmm\"));","lastModifiedDate":"2026-02-15T20:47:06","isFullCredit":false},{"lineNumber":11,"author":{"gitId":"ashw1ng"},"content":"    }","lastModifiedDate":"2026-01-23T16:02:50","isFullCredit":false},{"lineNumber":12,"author":{"gitId":"ashw1ng"},"content":"","lastModifiedDate":"2026-01-23T16:02:50","isFullCredit":false},{"lineNumber":13,"author":{"gitId":"ashw1ng"},"content":"    @Override","lastModifiedDate":"2026-01-23T16:02:50","isFullCredit":false},{"lineNumber":14,"author":{"gitId":"ashw1ng"},"content":"    public String toString() {","lastModifiedDate":"2026-01-23T16:02:50","isFullCredit":false},{"lineNumber":15,"author":{"gitId":"ashw1ng"},"content":"        // Display as: Dec 2 2019 6:00PM","lastModifiedDate":"2026-02-15T20:47:06","isFullCredit":false},{"lineNumber":16,"author":{"gitId":"ashw1ng"},"content":"        return \"[D]\" + super.toString() + \" (by: \" + by.format(DateTimeFormatter.ofPattern(\"MMM d yyyy h:mma\")) + \")\";","lastModifiedDate":"2026-02-15T20:47:06","isFullCredit":false},{"lineNumber":17,"author":{"gitId":"ashw1ng"},"content":"    }","lastModifiedDate":"2026-01-23T16:02:50","isFullCredit":false},{"lineNumber":18,"author":{"gitId":"ashw1ng"},"content":"}","lastModifiedDate":"2026-01-23T16:02:50","isFullCredit":false}],"authorContributionMap":{"ashw1ng":18}},{"path":"src/main/java/DukeException.java","fileType":"java","lines":[{"lineNumber":1,"author":{"gitId":"ashw1ng"},"content":"class UrmumException extends Exception {","lastModifiedDate":"2026-02-15T20:25:27","isFullCredit":false},{"lineNumber":2,"author":{"gitId":"ashw1ng"},"content":"    public UrmumException(String message) {","lastModifiedDate":"2026-02-15T20:25:27","isFullCredit":false},{"lineNumber":3,"author":{"gitId":"ashw1ng"},"content":"        super(message);","lastModifiedDate":"2026-01-23T15:47:32","isFullCredit":false},{"lineNumber":4,"author":{"gitId":"ashw1ng"},"content":"    }","lastModifiedDate":"2026-01-23T15:47:32","isFullCredit":false},{"lineNumber":5,"author":{"gitId":"ashw1ng"},"content":"}","lastModifiedDate":"2026-01-23T15:47:32","isFullCredit":false}],"authorContributionMap":{"ashw1ng":5}},{"path":"src/main/java/Event.java","fileType":"java","lines":[{"lineNumber":1,"author":{"gitId":"ashw1ng"},"content":"class Event extends Task {","lastModifiedDate":"2026-01-23T16:02:50","isFullCredit":false},{"lineNumber":2,"author":{"gitId":"ashw1ng"},"content":"    protected String from;","lastModifiedDate":"2026-01-23T16:02:50","isFullCredit":false},{"lineNumber":3,"author":{"gitId":"ashw1ng"},"content":"    protected String to;","lastModifiedDate":"2026-01-23T16:02:50","isFullCredit":false},{"lineNumber":4,"author":{"gitId":"ashw1ng"},"content":"","lastModifiedDate":"2026-01-23T16:02:50","isFullCredit":false},{"lineNumber":5,"author":{"gitId":"ashw1ng"},"content":"    public Event(String description, String from, String to) {","lastModifiedDate":"2026-01-23T16:02:50","isFullCredit":false},{"lineNumber":6,"author":{"gitId":"ashw1ng"},"content":"        super(description);","lastModifiedDate":"2026-01-23T16:02:50","isFullCredit":false},{"lineNumber":7,"author":{"gitId":"ashw1ng"},"content":"        this.from \u003d from;","lastModifiedDate":"2026-01-23T16:02:50","isFullCredit":false},{"lineNumber":8,"author":{"gitId":"ashw1ng"},"content":"        this.to \u003d to;","lastModifiedDate":"2026-01-23T16:02:50","isFullCredit":false},{"lineNumber":9,"author":{"gitId":"ashw1ng"},"content":"    }","lastModifiedDate":"2026-01-23T16:02:50","isFullCredit":false},{"lineNumber":10,"author":{"gitId":"ashw1ng"},"content":"","lastModifiedDate":"2026-01-23T16:02:50","isFullCredit":false},{"lineNumber":11,"author":{"gitId":"ashw1ng"},"content":"    @Override","lastModifiedDate":"2026-01-23T16:02:50","isFullCredit":false},{"lineNumber":12,"author":{"gitId":"ashw1ng"},"content":"    public String toString() {","lastModifiedDate":"2026-01-23T16:02:50","isFullCredit":false},{"lineNumber":13,"author":{"gitId":"ashw1ng"},"content":"        return \"[E]\" + super.toString() + \" (from: \" + from + \" to: \" + to + \")\";","lastModifiedDate":"2026-01-23T16:02:50","isFullCredit":false},{"lineNumber":14,"author":{"gitId":"ashw1ng"},"content":"    }","lastModifiedDate":"2026-01-23T16:02:50","isFullCredit":false},{"lineNumber":15,"author":{"gitId":"ashw1ng"},"content":"}","lastModifiedDate":"2026-01-23T16:02:50","isFullCredit":false}],"authorContributionMap":{"ashw1ng":15}},{"path":"src/main/java/Parser.java","fileType":"java","lines":[{"lineNumber":1,"author":{"gitId":"ashw1ng"},"content":"public class Parser {","lastModifiedDate":"2026-02-18T20:08:56","isFullCredit":false},{"lineNumber":2,"author":{"gitId":"ashw1ng"},"content":"    /**","lastModifiedDate":"2026-02-18T20:08:56","isFullCredit":false},{"lineNumber":3,"author":{"gitId":"ashw1ng"},"content":"     * Returns the command word (first word) from the user input.","lastModifiedDate":"2026-02-18T20:08:56","isFullCredit":false},{"lineNumber":4,"author":{"gitId":"ashw1ng"},"content":"     */","lastModifiedDate":"2026-02-18T20:08:56","isFullCredit":false},{"lineNumber":5,"author":{"gitId":"ashw1ng"},"content":"    public static String getCommand(String input) {","lastModifiedDate":"2026-02-18T20:08:56","isFullCredit":false},{"lineNumber":6,"author":{"gitId":"ashw1ng"},"content":"        String[] parts \u003d input.trim().split(\" \", 2);","lastModifiedDate":"2026-02-18T20:08:56","isFullCredit":false},{"lineNumber":7,"author":{"gitId":"ashw1ng"},"content":"        return parts[0];","lastModifiedDate":"2026-02-18T20:08:56","isFullCredit":false},{"lineNumber":8,"author":{"gitId":"ashw1ng"},"content":"    }","lastModifiedDate":"2026-02-18T20:08:56","isFullCredit":false},{"lineNumber":9,"author":{"gitId":"ashw1ng"},"content":"","lastModifiedDate":"2026-02-18T20:08:56","isFullCredit":false},{"lineNumber":10,"author":{"gitId":"ashw1ng"},"content":"    /**","lastModifiedDate":"2026-02-18T20:08:56","isFullCredit":false},{"lineNumber":11,"author":{"gitId":"ashw1ng"},"content":"     * Returns the arguments (everything after the command word) from the user input.","lastModifiedDate":"2026-02-18T20:08:56","isFullCredit":false},{"lineNumber":12,"author":{"gitId":"ashw1ng"},"content":"     */","lastModifiedDate":"2026-02-18T20:08:56","isFullCredit":false},{"lineNumber":13,"author":{"gitId":"ashw1ng"},"content":"    public static String getArguments(String input) {","lastModifiedDate":"2026-02-18T20:08:56","isFullCredit":false},{"lineNumber":14,"author":{"gitId":"ashw1ng"},"content":"        String[] parts \u003d input.trim().split(\" \", 2);","lastModifiedDate":"2026-02-18T20:08:56","isFullCredit":false},{"lineNumber":15,"author":{"gitId":"ashw1ng"},"content":"        return parts.length \u003e 1 ? parts[1] : \"\";","lastModifiedDate":"2026-02-18T20:08:56","isFullCredit":false},{"lineNumber":16,"author":{"gitId":"ashw1ng"},"content":"    }","lastModifiedDate":"2026-02-18T20:08:56","isFullCredit":false},{"lineNumber":17,"author":{"gitId":"ashw1ng"},"content":"}","lastModifiedDate":"2026-02-18T20:08:56","isFullCredit":false}],"authorContributionMap":{"ashw1ng":17}},{"path":"src/main/java/Storage.java","fileType":"java","lines":[{"lineNumber":1,"author":{"gitId":"ashw1ng"},"content":"import java.io.BufferedReader;","lastModifiedDate":"2026-01-30T12:37:16","isFullCredit":false},{"lineNumber":2,"author":{"gitId":"ashw1ng"},"content":"import java.io.BufferedWriter;","lastModifiedDate":"2026-01-30T12:37:16","isFullCredit":false},{"lineNumber":3,"author":{"gitId":"ashw1ng"},"content":"import java.io.FileReader;","lastModifiedDate":"2026-01-30T12:37:16","isFullCredit":false},{"lineNumber":4,"author":{"gitId":"ashw1ng"},"content":"import java.io.FileWriter;","lastModifiedDate":"2026-01-30T12:37:16","isFullCredit":false},{"lineNumber":5,"author":{"gitId":"ashw1ng"},"content":"import java.io.IOException;","lastModifiedDate":"2026-01-30T12:37:16","isFullCredit":false},{"lineNumber":6,"author":{"gitId":"ashw1ng"},"content":"import java.nio.file.Files;","lastModifiedDate":"2026-01-30T12:37:16","isFullCredit":false},{"lineNumber":7,"author":{"gitId":"ashw1ng"},"content":"import java.nio.file.Path;","lastModifiedDate":"2026-01-30T12:37:16","isFullCredit":false},{"lineNumber":8,"author":{"gitId":"ashw1ng"},"content":"import java.nio.file.Paths;","lastModifiedDate":"2026-01-30T12:37:16","isFullCredit":false},{"lineNumber":9,"author":{"gitId":"ashw1ng"},"content":"import java.util.ArrayList;","lastModifiedDate":"2026-01-30T12:37:16","isFullCredit":false},{"lineNumber":10,"author":{"gitId":"ashw1ng"},"content":"","lastModifiedDate":"2026-01-30T12:37:16","isFullCredit":false},{"lineNumber":11,"author":{"gitId":"ashw1ng"},"content":"","lastModifiedDate":"2026-01-30T12:37:16","isFullCredit":false},{"lineNumber":12,"author":{"gitId":"ashw1ng"},"content":"public class Storage {","lastModifiedDate":"2026-01-30T12:37:16","isFullCredit":false},{"lineNumber":13,"author":{"gitId":"ashw1ng"},"content":"    private final String dataDir;","lastModifiedDate":"2026-01-30T12:37:16","isFullCredit":false},{"lineNumber":14,"author":{"gitId":"ashw1ng"},"content":"    private final String dataFile;","lastModifiedDate":"2026-01-30T12:37:16","isFullCredit":false},{"lineNumber":15,"author":{"gitId":"ashw1ng"},"content":"","lastModifiedDate":"2026-01-30T12:37:16","isFullCredit":false},{"lineNumber":16,"author":{"gitId":"ashw1ng"},"content":"    public Storage(String dataDir, String dataFile) {","lastModifiedDate":"2026-01-30T12:37:16","isFullCredit":false},{"lineNumber":17,"author":{"gitId":"ashw1ng"},"content":"        this.dataDir \u003d dataDir;","lastModifiedDate":"2026-01-30T12:37:16","isFullCredit":false},{"lineNumber":18,"author":{"gitId":"ashw1ng"},"content":"        this.dataFile \u003d dataFile;","lastModifiedDate":"2026-01-30T12:37:16","isFullCredit":false},{"lineNumber":19,"author":{"gitId":"ashw1ng"},"content":"    }","lastModifiedDate":"2026-01-30T12:37:16","isFullCredit":false},{"lineNumber":20,"author":{"gitId":"ashw1ng"},"content":"","lastModifiedDate":"2026-01-30T12:37:16","isFullCredit":false},{"lineNumber":21,"author":{"gitId":"ashw1ng"},"content":"    public void saveTasks(ArrayList\u003cTask\u003e tasks) {","lastModifiedDate":"2026-01-30T12:37:16","isFullCredit":false},{"lineNumber":22,"author":{"gitId":"ashw1ng"},"content":"        try {","lastModifiedDate":"2026-01-30T12:37:16","isFullCredit":false},{"lineNumber":23,"author":{"gitId":"ashw1ng"},"content":"            Path dirPath \u003d Paths.get(dataDir);","lastModifiedDate":"2026-01-30T12:37:16","isFullCredit":false},{"lineNumber":24,"author":{"gitId":"ashw1ng"},"content":"            if (!Files.exists(dirPath)) {","lastModifiedDate":"2026-01-30T12:37:16","isFullCredit":false},{"lineNumber":25,"author":{"gitId":"ashw1ng"},"content":"                Files.createDirectories(dirPath);","lastModifiedDate":"2026-01-30T12:37:16","isFullCredit":false},{"lineNumber":26,"author":{"gitId":"ashw1ng"},"content":"            }","lastModifiedDate":"2026-01-30T12:37:16","isFullCredit":false},{"lineNumber":27,"author":{"gitId":"ashw1ng"},"content":"            BufferedWriter writer \u003d new BufferedWriter(new FileWriter(dataFile));","lastModifiedDate":"2026-01-30T12:37:16","isFullCredit":false},{"lineNumber":28,"author":{"gitId":"ashw1ng"},"content":"            for (Task t : tasks) {","lastModifiedDate":"2026-01-30T12:37:16","isFullCredit":false},{"lineNumber":29,"author":{"gitId":"ashw1ng"},"content":"                writer.write(taskToFileString(t));","lastModifiedDate":"2026-01-30T12:37:16","isFullCredit":false},{"lineNumber":30,"author":{"gitId":"ashw1ng"},"content":"                writer.newLine();","lastModifiedDate":"2026-01-30T12:37:16","isFullCredit":false},{"lineNumber":31,"author":{"gitId":"ashw1ng"},"content":"            }","lastModifiedDate":"2026-01-30T12:37:16","isFullCredit":false},{"lineNumber":32,"author":{"gitId":"ashw1ng"},"content":"            writer.close();","lastModifiedDate":"2026-01-30T12:37:16","isFullCredit":false},{"lineNumber":33,"author":{"gitId":"ashw1ng"},"content":"        } catch (IOException e) {","lastModifiedDate":"2026-01-30T12:37:16","isFullCredit":false},{"lineNumber":34,"author":{"gitId":"ashw1ng"},"content":"            System.out.println(\"Error saving tasks: \" + e.getMessage());","lastModifiedDate":"2026-01-30T12:37:16","isFullCredit":false},{"lineNumber":35,"author":{"gitId":"ashw1ng"},"content":"        }","lastModifiedDate":"2026-01-30T12:37:16","isFullCredit":false},{"lineNumber":36,"author":{"gitId":"ashw1ng"},"content":"    }","lastModifiedDate":"2026-01-30T12:37:16","isFullCredit":false},{"lineNumber":37,"author":{"gitId":"ashw1ng"},"content":"","lastModifiedDate":"2026-01-30T12:37:16","isFullCredit":false},{"lineNumber":38,"author":{"gitId":"ashw1ng"},"content":"    public void loadTasks(ArrayList\u003cTask\u003e tasks) {","lastModifiedDate":"2026-01-30T12:37:16","isFullCredit":false},{"lineNumber":39,"author":{"gitId":"ashw1ng"},"content":"        Path filePath \u003d Paths.get(dataFile);","lastModifiedDate":"2026-01-30T12:37:16","isFullCredit":false},{"lineNumber":40,"author":{"gitId":"ashw1ng"},"content":"        if (!Files.exists(filePath)) {","lastModifiedDate":"2026-01-30T12:37:16","isFullCredit":false},{"lineNumber":41,"author":{"gitId":"ashw1ng"},"content":"            return; // No file to load","lastModifiedDate":"2026-01-30T12:37:16","isFullCredit":false},{"lineNumber":42,"author":{"gitId":"ashw1ng"},"content":"        }","lastModifiedDate":"2026-01-30T12:37:16","isFullCredit":false},{"lineNumber":43,"author":{"gitId":"ashw1ng"},"content":"        try {","lastModifiedDate":"2026-01-30T12:37:16","isFullCredit":false},{"lineNumber":44,"author":{"gitId":"ashw1ng"},"content":"            BufferedReader reader \u003d new BufferedReader(new FileReader(dataFile));","lastModifiedDate":"2026-01-30T12:37:16","isFullCredit":false},{"lineNumber":45,"author":{"gitId":"ashw1ng"},"content":"            String line;","lastModifiedDate":"2026-01-30T12:37:16","isFullCredit":false},{"lineNumber":46,"author":{"gitId":"ashw1ng"},"content":"            while ((line \u003d reader.readLine()) !\u003d null) {","lastModifiedDate":"2026-01-30T12:37:16","isFullCredit":false},{"lineNumber":47,"author":{"gitId":"ashw1ng"},"content":"                try {","lastModifiedDate":"2026-01-30T12:37:16","isFullCredit":false},{"lineNumber":48,"author":{"gitId":"ashw1ng"},"content":"                    Task t \u003d parseTask(line);","lastModifiedDate":"2026-01-30T12:37:16","isFullCredit":false},{"lineNumber":49,"author":{"gitId":"ashw1ng"},"content":"                    if (t !\u003d null) {","lastModifiedDate":"2026-01-30T12:37:16","isFullCredit":false},{"lineNumber":50,"author":{"gitId":"ashw1ng"},"content":"                        tasks.add(t);","lastModifiedDate":"2026-01-30T12:37:16","isFullCredit":false},{"lineNumber":51,"author":{"gitId":"ashw1ng"},"content":"                    }","lastModifiedDate":"2026-01-30T12:37:16","isFullCredit":false},{"lineNumber":52,"author":{"gitId":"ashw1ng"},"content":"                } catch (Exception e) {","lastModifiedDate":"2026-01-30T12:37:16","isFullCredit":false},{"lineNumber":53,"author":{"gitId":"ashw1ng"},"content":"                    System.out.println(\"Warning: Skipping corrupted line: \" + line);","lastModifiedDate":"2026-01-30T12:37:16","isFullCredit":false},{"lineNumber":54,"author":{"gitId":"ashw1ng"},"content":"                }","lastModifiedDate":"2026-01-30T12:37:16","isFullCredit":false},{"lineNumber":55,"author":{"gitId":"ashw1ng"},"content":"            }","lastModifiedDate":"2026-01-30T12:37:16","isFullCredit":false},{"lineNumber":56,"author":{"gitId":"ashw1ng"},"content":"            reader.close();","lastModifiedDate":"2026-01-30T12:37:16","isFullCredit":false},{"lineNumber":57,"author":{"gitId":"ashw1ng"},"content":"        } catch (IOException e) {","lastModifiedDate":"2026-01-30T12:37:16","isFullCredit":false},{"lineNumber":58,"author":{"gitId":"ashw1ng"},"content":"            System.out.println(\"Error loading tasks: \" + e.getMessage());","lastModifiedDate":"2026-01-30T12:37:16","isFullCredit":false},{"lineNumber":59,"author":{"gitId":"ashw1ng"},"content":"        }","lastModifiedDate":"2026-01-30T12:37:16","isFullCredit":false},{"lineNumber":60,"author":{"gitId":"ashw1ng"},"content":"    }","lastModifiedDate":"2026-01-30T12:37:16","isFullCredit":false},{"lineNumber":61,"author":{"gitId":"ashw1ng"},"content":"","lastModifiedDate":"2026-01-30T12:37:16","isFullCredit":false},{"lineNumber":62,"author":{"gitId":"ashw1ng"},"content":"    private static String taskToFileString(Task t) {","lastModifiedDate":"2026-01-30T12:37:16","isFullCredit":false},{"lineNumber":63,"author":{"gitId":"ashw1ng"},"content":"        String type \u003d t instanceof Todo ? \"T\" : t instanceof Deadline ? \"D\" : t instanceof Event ? \"E\" : \"?\";","lastModifiedDate":"2026-01-30T12:37:16","isFullCredit":false},{"lineNumber":64,"author":{"gitId":"ashw1ng"},"content":"        String done \u003d t.isDone ? \"1\" : \"0\";","lastModifiedDate":"2026-01-30T12:37:16","isFullCredit":false},{"lineNumber":65,"author":{"gitId":"ashw1ng"},"content":"        if (t instanceof Todo) {","lastModifiedDate":"2026-01-30T12:37:16","isFullCredit":false},{"lineNumber":66,"author":{"gitId":"ashw1ng"},"content":"            return String.join(\" | \", type, done, t.description);","lastModifiedDate":"2026-01-30T12:37:16","isFullCredit":false},{"lineNumber":67,"author":{"gitId":"ashw1ng"},"content":"        } else if (t instanceof Deadline) {","lastModifiedDate":"2026-01-30T12:37:16","isFullCredit":false},{"lineNumber":68,"author":{"gitId":"ashw1ng"},"content":"            return String.join(\" | \", type, done, t.description, ((Deadline) t).by.toString());","lastModifiedDate":"2026-02-15T20:25:27","isFullCredit":false},{"lineNumber":69,"author":{"gitId":"ashw1ng"},"content":"        } else if (t instanceof Event) {","lastModifiedDate":"2026-01-30T12:37:16","isFullCredit":false},{"lineNumber":70,"author":{"gitId":"ashw1ng"},"content":"            return String.join(\" | \", type, done, t.description, ((Event) t).from + \" to \" + ((Event) t).to);","lastModifiedDate":"2026-01-30T12:37:16","isFullCredit":false},{"lineNumber":71,"author":{"gitId":"ashw1ng"},"content":"        }","lastModifiedDate":"2026-01-30T12:37:16","isFullCredit":false},{"lineNumber":72,"author":{"gitId":"ashw1ng"},"content":"        return \"\";","lastModifiedDate":"2026-01-30T12:37:16","isFullCredit":false},{"lineNumber":73,"author":{"gitId":"ashw1ng"},"content":"    }","lastModifiedDate":"2026-01-30T12:37:16","isFullCredit":false},{"lineNumber":74,"author":{"gitId":"ashw1ng"},"content":"","lastModifiedDate":"2026-01-30T12:37:16","isFullCredit":false},{"lineNumber":75,"author":{"gitId":"ashw1ng"},"content":"    private static Task parseTask(String line) {","lastModifiedDate":"2026-01-30T12:37:16","isFullCredit":false},{"lineNumber":76,"author":{"gitId":"ashw1ng"},"content":"        String[] parts \u003d line.split(\" \\\\| \");","lastModifiedDate":"2026-01-30T12:37:16","isFullCredit":false},{"lineNumber":77,"author":{"gitId":"ashw1ng"},"content":"        if (parts.length \u003c 3) return null;","lastModifiedDate":"2026-01-30T12:37:16","isFullCredit":false},{"lineNumber":78,"author":{"gitId":"ashw1ng"},"content":"        String type \u003d parts[0];","lastModifiedDate":"2026-01-30T12:37:16","isFullCredit":false},{"lineNumber":79,"author":{"gitId":"ashw1ng"},"content":"        boolean isDone \u003d parts[1].equals(\"1\");","lastModifiedDate":"2026-01-30T12:37:16","isFullCredit":false},{"lineNumber":80,"author":{"gitId":"ashw1ng"},"content":"        String desc \u003d parts[2];","lastModifiedDate":"2026-01-30T12:37:16","isFullCredit":false},{"lineNumber":81,"author":{"gitId":"ashw1ng"},"content":"        switch (type) {","lastModifiedDate":"2026-01-30T12:37:16","isFullCredit":false},{"lineNumber":82,"author":{"gitId":"ashw1ng"},"content":"            case \"T\":","lastModifiedDate":"2026-01-30T12:37:16","isFullCredit":false},{"lineNumber":83,"author":{"gitId":"ashw1ng"},"content":"                Task t \u003d new Todo(desc);","lastModifiedDate":"2026-01-30T12:37:16","isFullCredit":false},{"lineNumber":84,"author":{"gitId":"ashw1ng"},"content":"                if (isDone) t.markAsDone();","lastModifiedDate":"2026-01-30T12:37:16","isFullCredit":false},{"lineNumber":85,"author":{"gitId":"ashw1ng"},"content":"                return t;","lastModifiedDate":"2026-01-30T12:37:16","isFullCredit":false},{"lineNumber":86,"author":{"gitId":"ashw1ng"},"content":"            case \"D\":","lastModifiedDate":"2026-01-30T12:37:16","isFullCredit":false},{"lineNumber":87,"author":{"gitId":"ashw1ng"},"content":"                if (parts.length \u003c 4) return null;","lastModifiedDate":"2026-01-30T12:37:16","isFullCredit":false},{"lineNumber":88,"author":{"gitId":"ashw1ng"},"content":"                Task d \u003d new Deadline(desc, parts[3]);","lastModifiedDate":"2026-01-30T12:37:16","isFullCredit":false},{"lineNumber":89,"author":{"gitId":"ashw1ng"},"content":"                if (isDone) d.markAsDone();","lastModifiedDate":"2026-01-30T12:37:16","isFullCredit":false},{"lineNumber":90,"author":{"gitId":"ashw1ng"},"content":"                return d;","lastModifiedDate":"2026-01-30T12:37:16","isFullCredit":false},{"lineNumber":91,"author":{"gitId":"ashw1ng"},"content":"            case \"E\":","lastModifiedDate":"2026-01-30T12:37:16","isFullCredit":false},{"lineNumber":92,"author":{"gitId":"ashw1ng"},"content":"                if (parts.length \u003c 4) return null;","lastModifiedDate":"2026-01-30T12:37:16","isFullCredit":false},{"lineNumber":93,"author":{"gitId":"ashw1ng"},"content":"                String[] fromTo \u003d parts[3].split(\" to \", 2);","lastModifiedDate":"2026-01-30T12:37:16","isFullCredit":false},{"lineNumber":94,"author":{"gitId":"ashw1ng"},"content":"                String from \u003d fromTo.length \u003e 0 ? fromTo[0] : \"\";","lastModifiedDate":"2026-01-30T12:37:16","isFullCredit":false},{"lineNumber":95,"author":{"gitId":"ashw1ng"},"content":"                String to \u003d fromTo.length \u003e 1 ? fromTo[1] : \"\";","lastModifiedDate":"2026-01-30T12:37:16","isFullCredit":false},{"lineNumber":96,"author":{"gitId":"ashw1ng"},"content":"                Task e \u003d new Event(desc, from, to);","lastModifiedDate":"2026-01-30T12:37:16","isFullCredit":false},{"lineNumber":97,"author":{"gitId":"ashw1ng"},"content":"                if (isDone) e.markAsDone();","lastModifiedDate":"2026-01-30T12:37:16","isFullCredit":false},{"lineNumber":98,"author":{"gitId":"ashw1ng"},"content":"                return e;","lastModifiedDate":"2026-01-30T12:37:16","isFullCredit":false},{"lineNumber":99,"author":{"gitId":"ashw1ng"},"content":"            default:","lastModifiedDate":"2026-01-30T12:37:16","isFullCredit":false},{"lineNumber":100,"author":{"gitId":"ashw1ng"},"content":"                return null;","lastModifiedDate":"2026-01-30T12:37:16","isFullCredit":false},{"lineNumber":101,"author":{"gitId":"ashw1ng"},"content":"        }","lastModifiedDate":"2026-01-30T12:37:16","isFullCredit":false},{"lineNumber":102,"author":{"gitId":"ashw1ng"},"content":"    }","lastModifiedDate":"2026-01-30T12:37:16","isFullCredit":false},{"lineNumber":103,"author":{"gitId":"ashw1ng"},"content":"","lastModifiedDate":"2026-01-30T12:37:16","isFullCredit":false},{"lineNumber":104,"author":{"gitId":"ashw1ng"},"content":"}","lastModifiedDate":"2026-01-30T12:37:16","isFullCredit":false}],"authorContributionMap":{"ashw1ng":104}},{"path":"src/main/java/Task.java","fileType":"java","lines":[{"lineNumber":1,"author":{"gitId":"ashw1ng"},"content":"class Task {","lastModifiedDate":"2026-01-23T16:02:50","isFullCredit":false},{"lineNumber":2,"author":{"gitId":"ashw1ng"},"content":"    protected String description;","lastModifiedDate":"2026-01-23T16:02:50","isFullCredit":false},{"lineNumber":3,"author":{"gitId":"ashw1ng"},"content":"    protected boolean isDone;","lastModifiedDate":"2026-01-23T16:02:50","isFullCredit":false},{"lineNumber":4,"author":{"gitId":"ashw1ng"},"content":"","lastModifiedDate":"2026-01-23T16:02:50","isFullCredit":false},{"lineNumber":5,"author":{"gitId":"ashw1ng"},"content":"    public Task(String description) {","lastModifiedDate":"2026-01-23T16:02:50","isFullCredit":false},{"lineNumber":6,"author":{"gitId":"ashw1ng"},"content":"        this.description \u003d description;","lastModifiedDate":"2026-01-23T16:02:50","isFullCredit":false},{"lineNumber":7,"author":{"gitId":"ashw1ng"},"content":"        this.isDone \u003d false;","lastModifiedDate":"2026-01-23T16:02:50","isFullCredit":false},{"lineNumber":8,"author":{"gitId":"ashw1ng"},"content":"    }","lastModifiedDate":"2026-01-23T16:02:50","isFullCredit":false},{"lineNumber":9,"author":{"gitId":"ashw1ng"},"content":"","lastModifiedDate":"2026-01-23T16:02:50","isFullCredit":false},{"lineNumber":10,"author":{"gitId":"ashw1ng"},"content":"    public String getStatusIcon() {","lastModifiedDate":"2026-01-23T16:02:50","isFullCredit":false},{"lineNumber":11,"author":{"gitId":"ashw1ng"},"content":"        return (isDone ? \"X\" : \" \");","lastModifiedDate":"2026-01-23T16:02:50","isFullCredit":false},{"lineNumber":12,"author":{"gitId":"ashw1ng"},"content":"    }","lastModifiedDate":"2026-01-23T16:02:50","isFullCredit":false},{"lineNumber":13,"author":{"gitId":"ashw1ng"},"content":"","lastModifiedDate":"2026-01-23T16:02:50","isFullCredit":false},{"lineNumber":14,"author":{"gitId":"ashw1ng"},"content":"    public void markAsDone() {","lastModifiedDate":"2026-01-23T16:02:50","isFullCredit":false},{"lineNumber":15,"author":{"gitId":"ashw1ng"},"content":"        isDone \u003d true;","lastModifiedDate":"2026-01-23T16:02:50","isFullCredit":false},{"lineNumber":16,"author":{"gitId":"ashw1ng"},"content":"    }","lastModifiedDate":"2026-01-23T16:02:50","isFullCredit":false},{"lineNumber":17,"author":{"gitId":"ashw1ng"},"content":"","lastModifiedDate":"2026-01-23T16:02:50","isFullCredit":false},{"lineNumber":18,"author":{"gitId":"ashw1ng"},"content":"    public void markAsNotDone() {","lastModifiedDate":"2026-01-23T16:02:50","isFullCredit":false},{"lineNumber":19,"author":{"gitId":"ashw1ng"},"content":"        isDone \u003d false;","lastModifiedDate":"2026-01-23T16:02:50","isFullCredit":false},{"lineNumber":20,"author":{"gitId":"ashw1ng"},"content":"    }","lastModifiedDate":"2026-01-23T16:02:50","isFullCredit":false},{"lineNumber":21,"author":{"gitId":"ashw1ng"},"content":"","lastModifiedDate":"2026-01-23T16:02:50","isFullCredit":false},{"lineNumber":22,"author":{"gitId":"ashw1ng"},"content":"    @Override","lastModifiedDate":"2026-01-23T16:02:50","isFullCredit":false},{"lineNumber":23,"author":{"gitId":"ashw1ng"},"content":"    public String toString() {","lastModifiedDate":"2026-01-23T16:02:50","isFullCredit":false},{"lineNumber":24,"author":{"gitId":"ashw1ng"},"content":"        return \"[\" + getStatusIcon() + \"] \" + description;","lastModifiedDate":"2026-01-23T16:02:50","isFullCredit":false},{"lineNumber":25,"author":{"gitId":"ashw1ng"},"content":"    }","lastModifiedDate":"2026-01-23T16:02:50","isFullCredit":false},{"lineNumber":26,"author":{"gitId":"ashw1ng"},"content":"}","lastModifiedDate":"2026-01-23T16:02:50","isFullCredit":false}],"authorContributionMap":{"ashw1ng":26}},{"path":"src/main/java/TaskList.java","fileType":"java","lines":[{"lineNumber":1,"author":{"gitId":"ashw1ng"},"content":"import java.util.ArrayList;","lastModifiedDate":"2026-02-17T14:39:38","isFullCredit":false},{"lineNumber":2,"author":{"gitId":"ashw1ng"},"content":"","lastModifiedDate":"2026-02-17T14:39:38","isFullCredit":false},{"lineNumber":3,"author":{"gitId":"ashw1ng"},"content":"public class TaskList {","lastModifiedDate":"2026-02-17T14:39:38","isFullCredit":false},{"lineNumber":4,"author":{"gitId":"ashw1ng"},"content":"    private ArrayList\u003cTask\u003e tasks;","lastModifiedDate":"2026-02-17T14:39:38","isFullCredit":false},{"lineNumber":5,"author":{"gitId":"ashw1ng"},"content":"","lastModifiedDate":"2026-02-17T14:39:38","isFullCredit":false},{"lineNumber":6,"author":{"gitId":"ashw1ng"},"content":"    public TaskList() {","lastModifiedDate":"2026-02-17T14:39:38","isFullCredit":false},{"lineNumber":7,"author":{"gitId":"ashw1ng"},"content":"        this.tasks \u003d new ArrayList\u003c\u003e();","lastModifiedDate":"2026-02-17T14:39:38","isFullCredit":false},{"lineNumber":8,"author":{"gitId":"ashw1ng"},"content":"    }","lastModifiedDate":"2026-02-17T14:39:38","isFullCredit":false},{"lineNumber":9,"author":{"gitId":"ashw1ng"},"content":"","lastModifiedDate":"2026-02-17T14:39:38","isFullCredit":false},{"lineNumber":10,"author":{"gitId":"ashw1ng"},"content":"    public TaskList(ArrayList\u003cTask\u003e tasks) {","lastModifiedDate":"2026-02-17T14:39:38","isFullCredit":false},{"lineNumber":11,"author":{"gitId":"ashw1ng"},"content":"        this.tasks \u003d tasks;","lastModifiedDate":"2026-02-17T14:39:38","isFullCredit":false},{"lineNumber":12,"author":{"gitId":"ashw1ng"},"content":"    }","lastModifiedDate":"2026-02-17T14:39:38","isFullCredit":false},{"lineNumber":13,"author":{"gitId":"ashw1ng"},"content":"","lastModifiedDate":"2026-02-17T14:39:38","isFullCredit":false},{"lineNumber":14,"author":{"gitId":"ashw1ng"},"content":"    public void addTask(Task task) {","lastModifiedDate":"2026-02-17T14:39:38","isFullCredit":false},{"lineNumber":15,"author":{"gitId":"ashw1ng"},"content":"        this.tasks.add(task);","lastModifiedDate":"2026-02-17T14:39:38","isFullCredit":false},{"lineNumber":16,"author":{"gitId":"ashw1ng"},"content":"    }","lastModifiedDate":"2026-02-17T14:39:38","isFullCredit":false},{"lineNumber":17,"author":{"gitId":"ashw1ng"},"content":"","lastModifiedDate":"2026-02-17T14:39:38","isFullCredit":false},{"lineNumber":18,"author":{"gitId":"ashw1ng"},"content":"    public void removeTask(int index) {","lastModifiedDate":"2026-02-17T14:39:38","isFullCredit":false},{"lineNumber":19,"author":{"gitId":"ashw1ng"},"content":"        this.tasks.remove(index);","lastModifiedDate":"2026-02-17T14:39:38","isFullCredit":false},{"lineNumber":20,"author":{"gitId":"ashw1ng"},"content":"    }","lastModifiedDate":"2026-02-17T14:39:38","isFullCredit":false},{"lineNumber":21,"author":{"gitId":"ashw1ng"},"content":"","lastModifiedDate":"2026-02-17T14:39:38","isFullCredit":false},{"lineNumber":22,"author":{"gitId":"ashw1ng"},"content":"    public Task getTask(int index) {","lastModifiedDate":"2026-02-17T14:39:38","isFullCredit":false},{"lineNumber":23,"author":{"gitId":"ashw1ng"},"content":"        return this.tasks.get(index);","lastModifiedDate":"2026-02-17T14:39:38","isFullCredit":false},{"lineNumber":24,"author":{"gitId":"ashw1ng"},"content":"    }","lastModifiedDate":"2026-02-17T14:39:38","isFullCredit":false},{"lineNumber":25,"author":{"gitId":"ashw1ng"},"content":"","lastModifiedDate":"2026-02-17T14:39:38","isFullCredit":false},{"lineNumber":26,"author":{"gitId":"ashw1ng"},"content":"    public int size() {","lastModifiedDate":"2026-02-17T14:39:38","isFullCredit":false},{"lineNumber":27,"author":{"gitId":"ashw1ng"},"content":"        return this.tasks.size();","lastModifiedDate":"2026-02-17T14:39:38","isFullCredit":false},{"lineNumber":28,"author":{"gitId":"ashw1ng"},"content":"    }","lastModifiedDate":"2026-02-17T14:39:38","isFullCredit":false},{"lineNumber":29,"author":{"gitId":"ashw1ng"},"content":"","lastModifiedDate":"2026-02-17T14:39:38","isFullCredit":false},{"lineNumber":30,"author":{"gitId":"ashw1ng"},"content":"    public ArrayList\u003cTask\u003e getTasks() {","lastModifiedDate":"2026-02-17T14:39:38","isFullCredit":false},{"lineNumber":31,"author":{"gitId":"ashw1ng"},"content":"        return this.tasks;","lastModifiedDate":"2026-02-17T14:39:38","isFullCredit":false},{"lineNumber":32,"author":{"gitId":"ashw1ng"},"content":"    }","lastModifiedDate":"2026-02-17T14:39:38","isFullCredit":false},{"lineNumber":33,"author":{"gitId":"ashw1ng"},"content":"}","lastModifiedDate":"2026-02-17T14:39:38","isFullCredit":false}],"authorContributionMap":{"ashw1ng":33}},{"path":"src/main/java/Todo.java","fileType":"java","lines":[{"lineNumber":1,"author":{"gitId":"ashw1ng"},"content":"class Todo extends Task {","lastModifiedDate":"2026-01-23T16:02:50","isFullCredit":false},{"lineNumber":2,"author":{"gitId":"ashw1ng"},"content":"    public Todo(String description) {","lastModifiedDate":"2026-01-23T16:02:50","isFullCredit":false},{"lineNumber":3,"author":{"gitId":"ashw1ng"},"content":"        super(description);","lastModifiedDate":"2026-01-23T16:02:50","isFullCredit":false},{"lineNumber":4,"author":{"gitId":"ashw1ng"},"content":"    }","lastModifiedDate":"2026-01-23T16:02:50","isFullCredit":false},{"lineNumber":5,"author":{"gitId":"ashw1ng"},"content":"","lastModifiedDate":"2026-01-23T16:02:50","isFullCredit":false},{"lineNumber":6,"author":{"gitId":"ashw1ng"},"content":"    @Override","lastModifiedDate":"2026-01-23T16:02:50","isFullCredit":false},{"lineNumber":7,"author":{"gitId":"ashw1ng"},"content":"    public String toString() {","lastModifiedDate":"2026-01-23T16:02:50","isFullCredit":false},{"lineNumber":8,"author":{"gitId":"ashw1ng"},"content":"        return \"[T]\" + super.toString();","lastModifiedDate":"2026-01-23T16:02:50","isFullCredit":false},{"lineNumber":9,"author":{"gitId":"ashw1ng"},"content":"    }","lastModifiedDate":"2026-01-23T16:02:50","isFullCredit":false},{"lineNumber":10,"author":{"gitId":"ashw1ng"},"content":"}","lastModifiedDate":"2026-01-23T16:02:50","isFullCredit":false}],"authorContributionMap":{"ashw1ng":10}},{"path":"src/main/java/Ui.java","fileType":"java","lines":[{"lineNumber":1,"author":{"gitId":"ashw1ng"},"content":"import java.util.Scanner;","lastModifiedDate":"2026-02-18T18:26:03","isFullCredit":false},{"lineNumber":2,"author":{"gitId":"ashw1ng"},"content":"","lastModifiedDate":"2026-02-18T18:26:03","isFullCredit":false},{"lineNumber":3,"author":{"gitId":"ashw1ng"},"content":"public class Ui {","lastModifiedDate":"2026-02-18T18:26:03","isFullCredit":false},{"lineNumber":4,"author":{"gitId":"ashw1ng"},"content":"    private Scanner scanner;","lastModifiedDate":"2026-02-18T18:26:03","isFullCredit":false},{"lineNumber":5,"author":{"gitId":"ashw1ng"},"content":"","lastModifiedDate":"2026-02-18T18:26:03","isFullCredit":false},{"lineNumber":6,"author":{"gitId":"ashw1ng"},"content":"    public Ui() {","lastModifiedDate":"2026-02-18T18:26:03","isFullCredit":false},{"lineNumber":7,"author":{"gitId":"ashw1ng"},"content":"        this.scanner \u003d new Scanner(System.in);","lastModifiedDate":"2026-02-18T18:26:03","isFullCredit":false},{"lineNumber":8,"author":{"gitId":"ashw1ng"},"content":"    }","lastModifiedDate":"2026-02-18T18:26:03","isFullCredit":false},{"lineNumber":9,"author":{"gitId":"ashw1ng"},"content":"","lastModifiedDate":"2026-02-18T18:26:03","isFullCredit":false},{"lineNumber":10,"author":{"gitId":"ashw1ng"},"content":"    public String readCommand() {","lastModifiedDate":"2026-02-18T18:26:03","isFullCredit":false},{"lineNumber":11,"author":{"gitId":"ashw1ng"},"content":"        return scanner.nextLine();","lastModifiedDate":"2026-02-18T18:26:03","isFullCredit":false},{"lineNumber":12,"author":{"gitId":"ashw1ng"},"content":"    }","lastModifiedDate":"2026-02-18T18:26:03","isFullCredit":false},{"lineNumber":13,"author":{"gitId":"ashw1ng"},"content":"","lastModifiedDate":"2026-02-18T18:26:03","isFullCredit":false},{"lineNumber":14,"author":{"gitId":"ashw1ng"},"content":"    public void showWelcome() {","lastModifiedDate":"2026-02-18T18:26:03","isFullCredit":false},{"lineNumber":15,"author":{"gitId":"ashw1ng"},"content":"        System.out.println(\" Hello! I\u0027m UrMum, your personal task manager.\");","lastModifiedDate":"2026-02-18T18:26:03","isFullCredit":false},{"lineNumber":16,"author":{"gitId":"ashw1ng"},"content":"        System.out.println(\" What can I do for you?\");","lastModifiedDate":"2026-02-18T18:26:03","isFullCredit":false},{"lineNumber":17,"author":{"gitId":"ashw1ng"},"content":"    }","lastModifiedDate":"2026-02-18T18:26:03","isFullCredit":false},{"lineNumber":18,"author":{"gitId":"ashw1ng"},"content":"","lastModifiedDate":"2026-02-18T18:26:03","isFullCredit":false},{"lineNumber":19,"author":{"gitId":"ashw1ng"},"content":"    public void showGoodbye() {","lastModifiedDate":"2026-02-18T18:26:03","isFullCredit":false},{"lineNumber":20,"author":{"gitId":"ashw1ng"},"content":"        System.out.println(\"Bye. Hope to see you again soon!\");","lastModifiedDate":"2026-02-18T18:26:03","isFullCredit":false},{"lineNumber":21,"author":{"gitId":"ashw1ng"},"content":"    }","lastModifiedDate":"2026-02-18T18:26:03","isFullCredit":false},{"lineNumber":22,"author":{"gitId":"ashw1ng"},"content":"","lastModifiedDate":"2026-02-18T18:26:03","isFullCredit":false},{"lineNumber":23,"author":{"gitId":"ashw1ng"},"content":"     public void showError(String message) {","lastModifiedDate":"2026-02-18T18:26:03","isFullCredit":false},{"lineNumber":24,"author":{"gitId":"ashw1ng"},"content":"        System.out.println(message);","lastModifiedDate":"2026-02-18T18:26:03","isFullCredit":false},{"lineNumber":25,"author":{"gitId":"ashw1ng"},"content":"    }","lastModifiedDate":"2026-02-18T18:26:03","isFullCredit":false},{"lineNumber":26,"author":{"gitId":"ashw1ng"},"content":"","lastModifiedDate":"2026-02-18T18:26:03","isFullCredit":false},{"lineNumber":27,"author":{"gitId":"ashw1ng"},"content":"    public void showTaskList(TaskList tasks) {","lastModifiedDate":"2026-02-18T18:26:03","isFullCredit":false},{"lineNumber":28,"author":{"gitId":"ashw1ng"},"content":"        System.out.println(\" Here are the tasks in your list:\");","lastModifiedDate":"2026-02-18T18:26:03","isFullCredit":false},{"lineNumber":29,"author":{"gitId":"ashw1ng"},"content":"        for (int i \u003d 0; i \u003c tasks.size(); i++) {","lastModifiedDate":"2026-02-18T18:26:03","isFullCredit":false},{"lineNumber":30,"author":{"gitId":"ashw1ng"},"content":"            System.out.println(\" \" + (i + 1) + \".\" + tasks.getTask(i));","lastModifiedDate":"2026-02-18T18:26:03","isFullCredit":false},{"lineNumber":31,"author":{"gitId":"ashw1ng"},"content":"        }","lastModifiedDate":"2026-02-18T18:26:03","isFullCredit":false},{"lineNumber":32,"author":{"gitId":"ashw1ng"},"content":"    }","lastModifiedDate":"2026-02-18T18:26:03","isFullCredit":false},{"lineNumber":33,"author":{"gitId":"ashw1ng"},"content":"","lastModifiedDate":"2026-02-18T18:26:03","isFullCredit":false},{"lineNumber":34,"author":{"gitId":"ashw1ng"},"content":"    public void close() {","lastModifiedDate":"2026-02-18T18:26:03","isFullCredit":false},{"lineNumber":35,"author":{"gitId":"ashw1ng"},"content":"        scanner.close();","lastModifiedDate":"2026-02-18T18:26:03","isFullCredit":false},{"lineNumber":36,"author":{"gitId":"ashw1ng"},"content":"    }","lastModifiedDate":"2026-02-18T18:26:03","isFullCredit":false},{"lineNumber":37,"author":{"gitId":"ashw1ng"},"content":"}","lastModifiedDate":"2026-02-18T18:26:03","isFullCredit":false}],"authorContributionMap":{"ashw1ng":37}},{"path":"src/main/java/UrMum.java","fileType":"java","lines":[{"lineNumber":1,"author":{"gitId":"ashw1ng"},"content":"public class UrMum {","lastModifiedDate":"2026-01-23T12:44:20","isFullCredit":false},{"lineNumber":2,"author":{"gitId":"ashw1ng"},"content":"    private static final String DATA_DIR \u003d \"data\";","lastModifiedDate":"2026-01-30T10:33:49","isFullCredit":false},{"lineNumber":3,"author":{"gitId":"ashw1ng"},"content":"    private static final String DATA_FILE \u003d \"data/urMum.txt\";","lastModifiedDate":"2026-01-30T10:33:49","isFullCredit":false},{"lineNumber":4,"author":{"gitId":"ashw1ng"},"content":"    ","lastModifiedDate":"2026-01-30T10:33:49","isFullCredit":false},{"lineNumber":5,"author":{"gitId":"ashw1ng"},"content":"    public static void main(String[] args) {","lastModifiedDate":"2026-01-23T12:44:20","isFullCredit":false},{"lineNumber":6,"author":{"gitId":"ashw1ng"},"content":"        Ui ui \u003d new Ui();","lastModifiedDate":"2026-02-18T18:26:03","isFullCredit":false},{"lineNumber":7,"author":{"gitId":"ashw1ng"},"content":"        ui.showWelcome();","lastModifiedDate":"2026-02-18T18:26:03","isFullCredit":false},{"lineNumber":8,"author":{"gitId":"ashw1ng"},"content":"","lastModifiedDate":"2026-01-23T12:59:02","isFullCredit":false},{"lineNumber":9,"author":{"gitId":"ashw1ng"},"content":"        TaskList tasks \u003d new TaskList();","lastModifiedDate":"2026-02-17T14:39:38","isFullCredit":false},{"lineNumber":10,"author":{"gitId":"ashw1ng"},"content":"        Storage storage \u003d new Storage(DATA_DIR, DATA_FILE);","lastModifiedDate":"2026-01-30T12:37:16","isFullCredit":false},{"lineNumber":11,"author":{"gitId":"ashw1ng"},"content":"        storage.loadTasks(tasks.getTasks());","lastModifiedDate":"2026-02-17T14:39:38","isFullCredit":false},{"lineNumber":12,"author":{"gitId":"ashw1ng"},"content":"","lastModifiedDate":"2026-01-23T13:14:31","isFullCredit":false},{"lineNumber":13,"author":{"gitId":"ashw1ng"},"content":"        while (true) {","lastModifiedDate":"2026-01-23T12:59:02","isFullCredit":false},{"lineNumber":14,"author":{"gitId":"ashw1ng"},"content":"            String input \u003d ui.readCommand();","lastModifiedDate":"2026-02-18T18:26:03","isFullCredit":false},{"lineNumber":15,"author":{"gitId":"ashw1ng"},"content":"            try {","lastModifiedDate":"2026-01-23T15:47:32","isFullCredit":false},{"lineNumber":16,"author":{"gitId":"ashw1ng"},"content":"                String command \u003d Parser.getCommand(input);","lastModifiedDate":"2026-02-18T20:08:56","isFullCredit":false},{"lineNumber":17,"author":{"gitId":"ashw1ng"},"content":"                String arguments \u003d Parser.getArguments(input);","lastModifiedDate":"2026-02-18T20:08:56","isFullCredit":false},{"lineNumber":18,"author":{"gitId":"ashw1ng"},"content":"","lastModifiedDate":"2026-02-18T20:08:56","isFullCredit":false},{"lineNumber":19,"author":{"gitId":"ashw1ng"},"content":"                if (command.equals(\"bye\")) {","lastModifiedDate":"2026-02-18T20:08:56","isFullCredit":false},{"lineNumber":20,"author":{"gitId":"ashw1ng"},"content":"                    ui.showGoodbye();","lastModifiedDate":"2026-02-18T18:26:03","isFullCredit":false},{"lineNumber":21,"author":{"gitId":"ashw1ng"},"content":"                    break;","lastModifiedDate":"2026-01-23T12:59:02","isFullCredit":false},{"lineNumber":22,"author":{"gitId":"ashw1ng"},"content":"                } else if (command.equals(\"list\")) {","lastModifiedDate":"2026-02-18T20:08:56","isFullCredit":false},{"lineNumber":23,"author":{"gitId":"ashw1ng"},"content":"                    ui.showTaskList(tasks);","lastModifiedDate":"2026-02-18T18:26:03","isFullCredit":false},{"lineNumber":24,"author":{"gitId":"ashw1ng"},"content":"                } else if (command.equals(\"mark\")) {","lastModifiedDate":"2026-02-18T20:08:56","isFullCredit":false},{"lineNumber":25,"author":{"gitId":"ashw1ng"},"content":"                    int idx \u003d Integer.parseInt(arguments) - 1;","lastModifiedDate":"2026-02-18T20:08:56","isFullCredit":false},{"lineNumber":26,"author":{"gitId":"ashw1ng"},"content":"                    if (idx \u003e\u003d 0 \u0026\u0026 idx \u003c tasks.size()) {","lastModifiedDate":"2026-01-23T15:59:39","isFullCredit":false},{"lineNumber":27,"author":{"gitId":"ashw1ng"},"content":"                        tasks.getTask(idx).markAsDone();","lastModifiedDate":"2026-02-17T14:39:38","isFullCredit":false},{"lineNumber":28,"author":{"gitId":"ashw1ng"},"content":"                        System.out.println(\" Nice! I\u0027ve marked this task as done:\");","lastModifiedDate":"2026-01-23T13:32:15","isFullCredit":false},{"lineNumber":29,"author":{"gitId":"ashw1ng"},"content":"                        System.out.println(\"   \" + tasks.getTask(idx));","lastModifiedDate":"2026-02-17T14:39:38","isFullCredit":false},{"lineNumber":30,"author":{"gitId":"ashw1ng"},"content":"                        storage.saveTasks(tasks.getTasks());","lastModifiedDate":"2026-02-17T14:39:38","isFullCredit":false},{"lineNumber":31,"author":{"gitId":"ashw1ng"},"content":"                    } else {","lastModifiedDate":"2026-01-23T12:59:02","isFullCredit":false},{"lineNumber":32,"author":{"gitId":"ashw1ng"},"content":"                        throw new UrmumException(\"That task number doesn\u0027t exist. Please try again.\");","lastModifiedDate":"2026-02-15T20:25:27","isFullCredit":false},{"lineNumber":33,"author":{"gitId":"ashw1ng"},"content":"                    }","lastModifiedDate":"2026-01-23T13:32:15","isFullCredit":false},{"lineNumber":34,"author":{"gitId":"ashw1ng"},"content":"                } else if (command.equals(\"unmark\")) {","lastModifiedDate":"2026-02-18T20:08:56","isFullCredit":false},{"lineNumber":35,"author":{"gitId":"ashw1ng"},"content":"                    int idx \u003d Integer.parseInt(arguments) - 1;","lastModifiedDate":"2026-02-18T20:08:56","isFullCredit":false},{"lineNumber":36,"author":{"gitId":"ashw1ng"},"content":"                    if (idx \u003e\u003d 0 \u0026\u0026 idx \u003c tasks.size()) {","lastModifiedDate":"2026-01-23T15:59:39","isFullCredit":false},{"lineNumber":37,"author":{"gitId":"ashw1ng"},"content":"                        tasks.getTask(idx).markAsNotDone();","lastModifiedDate":"2026-02-17T14:39:38","isFullCredit":false},{"lineNumber":38,"author":{"gitId":"ashw1ng"},"content":"                        System.out.println(\" OK, I\u0027ve marked this task as not done yet:\");","lastModifiedDate":"2026-01-23T13:32:15","isFullCredit":false},{"lineNumber":39,"author":{"gitId":"ashw1ng"},"content":"                        System.out.println(\"   \" + tasks.getTask(idx));","lastModifiedDate":"2026-02-17T14:39:38","isFullCredit":false},{"lineNumber":40,"author":{"gitId":"ashw1ng"},"content":"                        storage.saveTasks(tasks.getTasks());","lastModifiedDate":"2026-02-17T14:39:38","isFullCredit":false},{"lineNumber":41,"author":{"gitId":"ashw1ng"},"content":"                    } else {","lastModifiedDate":"2026-01-23T13:32:15","isFullCredit":false},{"lineNumber":42,"author":{"gitId":"ashw1ng"},"content":"                        throw new UrmumException(\"That task number doesn\u0027t exist. Please try again.\");","lastModifiedDate":"2026-02-15T20:25:27","isFullCredit":false},{"lineNumber":43,"author":{"gitId":"ashw1ng"},"content":"                    }","lastModifiedDate":"2026-01-23T13:32:15","isFullCredit":false},{"lineNumber":44,"author":{"gitId":"ashw1ng"},"content":"                } else if (command.equals(\"delete\")) {","lastModifiedDate":"2026-02-18T20:08:56","isFullCredit":false},{"lineNumber":45,"author":{"gitId":"ashw1ng"},"content":"                    int idx \u003d Integer.parseInt(arguments) - 1;","lastModifiedDate":"2026-02-18T20:08:56","isFullCredit":false},{"lineNumber":46,"author":{"gitId":"ashw1ng"},"content":"                    if (idx \u003e\u003d 0 \u0026\u0026 idx \u003c tasks.size()) {","lastModifiedDate":"2026-01-30T10:19:46","isFullCredit":false},{"lineNumber":47,"author":{"gitId":"ashw1ng"},"content":"                        Task removed \u003d tasks.getTask(idx);","lastModifiedDate":"2026-02-17T14:39:38","isFullCredit":false},{"lineNumber":48,"author":{"gitId":"ashw1ng"},"content":"                        tasks.removeTask(idx);","lastModifiedDate":"2026-02-17T14:39:38","isFullCredit":false},{"lineNumber":49,"author":{"gitId":"ashw1ng"},"content":"                        System.out.println(\" Noted. I\u0027ve removed this task:\");","lastModifiedDate":"2026-01-30T10:19:46","isFullCredit":false},{"lineNumber":50,"author":{"gitId":"ashw1ng"},"content":"                        System.out.println(\"   \" + removed);","lastModifiedDate":"2026-01-30T10:19:46","isFullCredit":false},{"lineNumber":51,"author":{"gitId":"ashw1ng"},"content":"                        System.out.println(\" Now you have \" + tasks.size() + \" tasks in the list.\");","lastModifiedDate":"2026-01-30T10:19:46","isFullCredit":false},{"lineNumber":52,"author":{"gitId":"ashw1ng"},"content":"                        storage.saveTasks(tasks.getTasks());","lastModifiedDate":"2026-02-17T14:39:38","isFullCredit":false},{"lineNumber":53,"author":{"gitId":"ashw1ng"},"content":"                    } else {","lastModifiedDate":"2026-01-30T10:19:46","isFullCredit":false},{"lineNumber":54,"author":{"gitId":"ashw1ng"},"content":"                        throw new UrmumException(\"That task number doesn\u0027t exist. Please try again.\");","lastModifiedDate":"2026-02-15T20:25:27","isFullCredit":false},{"lineNumber":55,"author":{"gitId":"ashw1ng"},"content":"                    }","lastModifiedDate":"2026-01-30T10:19:46","isFullCredit":false},{"lineNumber":56,"author":{"gitId":"ashw1ng"},"content":"                } else if (command.equals(\"todo\")) {","lastModifiedDate":"2026-02-18T20:08:56","isFullCredit":false},{"lineNumber":57,"author":{"gitId":"ashw1ng"},"content":"                    String desc \u003d arguments.trim();","lastModifiedDate":"2026-02-18T20:08:56","isFullCredit":false},{"lineNumber":58,"author":{"gitId":"ashw1ng"},"content":"                    if (desc.isEmpty()) {","lastModifiedDate":"2026-01-23T15:47:32","isFullCredit":false},{"lineNumber":59,"author":{"gitId":"ashw1ng"},"content":"                        throw new UrmumException(\"Oops! You need to provide a description for a todo.\");","lastModifiedDate":"2026-02-15T20:25:27","isFullCredit":false},{"lineNumber":60,"author":{"gitId":"ashw1ng"},"content":"                    }","lastModifiedDate":"2026-01-23T15:47:32","isFullCredit":false},{"lineNumber":61,"author":{"gitId":"ashw1ng"},"content":"                    tasks.addTask(new Todo(desc));","lastModifiedDate":"2026-02-17T14:39:38","isFullCredit":false},{"lineNumber":62,"author":{"gitId":"ashw1ng"},"content":"                    System.out.println(\" Got it. I\u0027ve added this task:\");","lastModifiedDate":"2026-01-23T13:48:38","isFullCredit":false},{"lineNumber":63,"author":{"gitId":"ashw1ng"},"content":"                    System.out.println(\"   \" + tasks.getTask(tasks.size() - 1));","lastModifiedDate":"2026-02-17T14:39:38","isFullCredit":false},{"lineNumber":64,"author":{"gitId":"ashw1ng"},"content":"                    System.out.println(\" Now you have \" + tasks.size() + \" tasks in the list.\");","lastModifiedDate":"2026-01-23T15:59:39","isFullCredit":false},{"lineNumber":65,"author":{"gitId":"ashw1ng"},"content":"                    storage.saveTasks(tasks.getTasks());","lastModifiedDate":"2026-02-17T14:39:38","isFullCredit":false},{"lineNumber":66,"author":{"gitId":"ashw1ng"},"content":"                } else if (command.equals(\"deadline\")) {","lastModifiedDate":"2026-02-18T20:08:56","isFullCredit":false},{"lineNumber":67,"author":{"gitId":"ashw1ng"},"content":"                    String[] parts \u003d arguments.split(\" /by \", 2);","lastModifiedDate":"2026-02-18T20:08:56","isFullCredit":false},{"lineNumber":68,"author":{"gitId":"ashw1ng"},"content":"                    String desc \u003d parts[0].trim();","lastModifiedDate":"2026-01-23T13:48:38","isFullCredit":false},{"lineNumber":69,"author":{"gitId":"ashw1ng"},"content":"                    String by \u003d parts.length \u003e 1 ? parts[1].trim() : \"\";","lastModifiedDate":"2026-01-23T13:48:38","isFullCredit":false},{"lineNumber":70,"author":{"gitId":"ashw1ng"},"content":"                    if (desc.isEmpty()) {","lastModifiedDate":"2026-01-23T15:47:32","isFullCredit":false},{"lineNumber":71,"author":{"gitId":"ashw1ng"},"content":"                        throw new UrmumException(\"Please provide a description for the deadline.\");","lastModifiedDate":"2026-02-15T20:25:27","isFullCredit":false},{"lineNumber":72,"author":{"gitId":"ashw1ng"},"content":"                    }","lastModifiedDate":"2026-01-23T15:47:32","isFullCredit":false},{"lineNumber":73,"author":{"gitId":"ashw1ng"},"content":"                    if (by.isEmpty()) {","lastModifiedDate":"2026-01-23T15:47:32","isFullCredit":false},{"lineNumber":74,"author":{"gitId":"ashw1ng"},"content":"                        throw new UrmumException(\"Please specify a /by date and time for the deadline.\");","lastModifiedDate":"2026-02-15T20:47:06","isFullCredit":false},{"lineNumber":75,"author":{"gitId":"ashw1ng"},"content":"                    }","lastModifiedDate":"2026-01-23T15:47:32","isFullCredit":false},{"lineNumber":76,"author":{"gitId":"ashw1ng"},"content":"                    try {","lastModifiedDate":"2026-02-15T20:25:27","isFullCredit":false},{"lineNumber":77,"author":{"gitId":"ashw1ng"},"content":"                        tasks.addTask(new Deadline(desc, by));","lastModifiedDate":"2026-02-17T14:39:38","isFullCredit":false},{"lineNumber":78,"author":{"gitId":"ashw1ng"},"content":"                        System.out.println(\" Got it. I\u0027ve added this task:\");","lastModifiedDate":"2026-01-23T13:48:38","isFullCredit":false},{"lineNumber":79,"author":{"gitId":"ashw1ng"},"content":"                        System.out.println(\"   \" + tasks.getTask(tasks.size() - 1));","lastModifiedDate":"2026-02-17T14:39:38","isFullCredit":false},{"lineNumber":80,"author":{"gitId":"ashw1ng"},"content":"                        System.out.println(\" Now you have \" + tasks.size() + \" tasks in the list.\");","lastModifiedDate":"2026-01-23T15:59:39","isFullCredit":false},{"lineNumber":81,"author":{"gitId":"ashw1ng"},"content":"                        storage.saveTasks(tasks.getTasks());","lastModifiedDate":"2026-02-17T14:39:38","isFullCredit":false},{"lineNumber":82,"author":{"gitId":"ashw1ng"},"content":"                    } catch (Exception e) {","lastModifiedDate":"2026-02-15T20:25:27","isFullCredit":false},{"lineNumber":83,"author":{"gitId":"ashw1ng"},"content":"                        throw new UrmumException(\"Please enter the date and time in yyyy-MM-dd HHmm format, e.g., 2019-12-02 1800\");","lastModifiedDate":"2026-02-15T20:47:06","isFullCredit":false},{"lineNumber":84,"author":{"gitId":"ashw1ng"},"content":"                    }","lastModifiedDate":"2026-02-15T20:25:27","isFullCredit":false},{"lineNumber":85,"author":{"gitId":"ashw1ng"},"content":"                } else if (command.equals(\"event\")) {","lastModifiedDate":"2026-02-18T20:08:56","isFullCredit":false},{"lineNumber":86,"author":{"gitId":"ashw1ng"},"content":"                    String[] parts \u003d arguments.split(\" /from \", 2);","lastModifiedDate":"2026-02-18T20:08:56","isFullCredit":false},{"lineNumber":87,"author":{"gitId":"ashw1ng"},"content":"                    String desc \u003d parts[0].trim();","lastModifiedDate":"2026-01-23T13:48:38","isFullCredit":false},{"lineNumber":88,"author":{"gitId":"ashw1ng"},"content":"                    String from \u003d \"\";","lastModifiedDate":"2026-01-23T15:47:32","isFullCredit":false},{"lineNumber":89,"author":{"gitId":"ashw1ng"},"content":"                    String to \u003d \"\";","lastModifiedDate":"2026-01-23T15:47:32","isFullCredit":false},{"lineNumber":90,"author":{"gitId":"ashw1ng"},"content":"                    if (parts.length \u003e 1) {","lastModifiedDate":"2026-01-23T15:47:32","isFullCredit":false},{"lineNumber":91,"author":{"gitId":"ashw1ng"},"content":"                        String[] timeParts \u003d parts[1].split(\" /to \", 2);","lastModifiedDate":"2026-01-23T15:47:32","isFullCredit":false},{"lineNumber":92,"author":{"gitId":"ashw1ng"},"content":"                        from \u003d timeParts[0].trim();","lastModifiedDate":"2026-01-23T15:47:32","isFullCredit":false},{"lineNumber":93,"author":{"gitId":"ashw1ng"},"content":"                        if (timeParts.length \u003e 1) {","lastModifiedDate":"2026-01-23T15:47:32","isFullCredit":false},{"lineNumber":94,"author":{"gitId":"ashw1ng"},"content":"                            to \u003d timeParts[1].trim();","lastModifiedDate":"2026-01-23T15:47:32","isFullCredit":false},{"lineNumber":95,"author":{"gitId":"ashw1ng"},"content":"                        }","lastModifiedDate":"2026-01-23T15:47:32","isFullCredit":false},{"lineNumber":96,"author":{"gitId":"ashw1ng"},"content":"                    }","lastModifiedDate":"2026-01-23T15:47:32","isFullCredit":false},{"lineNumber":97,"author":{"gitId":"ashw1ng"},"content":"                    if (desc.isEmpty()) {","lastModifiedDate":"2026-01-23T15:47:32","isFullCredit":false},{"lineNumber":98,"author":{"gitId":"ashw1ng"},"content":"                        throw new UrmumException(\"Please provide a description for the event.\");","lastModifiedDate":"2026-02-15T20:25:27","isFullCredit":false},{"lineNumber":99,"author":{"gitId":"ashw1ng"},"content":"                    }","lastModifiedDate":"2026-01-23T15:47:32","isFullCredit":false},{"lineNumber":100,"author":{"gitId":"ashw1ng"},"content":"                    if (from.isEmpty() || to.isEmpty()) {","lastModifiedDate":"2026-01-23T15:47:32","isFullCredit":false},{"lineNumber":101,"author":{"gitId":"ashw1ng"},"content":"                        throw new UrmumException(\"Please specify both /from and /to times for the event.\");","lastModifiedDate":"2026-02-15T20:25:27","isFullCredit":false},{"lineNumber":102,"author":{"gitId":"ashw1ng"},"content":"                    }","lastModifiedDate":"2026-01-23T15:47:32","isFullCredit":false},{"lineNumber":103,"author":{"gitId":"ashw1ng"},"content":"                    tasks.addTask(new Event(desc, from, to));","lastModifiedDate":"2026-02-17T14:39:38","isFullCredit":false},{"lineNumber":104,"author":{"gitId":"ashw1ng"},"content":"                    System.out.println(\" Got it. I\u0027ve added this task:\");","lastModifiedDate":"2026-01-23T13:48:38","isFullCredit":false},{"lineNumber":105,"author":{"gitId":"ashw1ng"},"content":"                    System.out.println(\"   \" + tasks.getTask(tasks.size() - 1));","lastModifiedDate":"2026-02-17T14:39:38","isFullCredit":false},{"lineNumber":106,"author":{"gitId":"ashw1ng"},"content":"                    System.out.println(\" Now you have \" + tasks.size() + \" tasks in the list.\");","lastModifiedDate":"2026-01-23T15:59:39","isFullCredit":false},{"lineNumber":107,"author":{"gitId":"ashw1ng"},"content":"                    storage.saveTasks(tasks.getTasks());","lastModifiedDate":"2026-02-17T14:39:38","isFullCredit":false},{"lineNumber":108,"author":{"gitId":"ashw1ng"},"content":"                } else {","lastModifiedDate":"2026-01-23T13:48:38","isFullCredit":false},{"lineNumber":109,"author":{"gitId":"ashw1ng"},"content":"                    throw new UrmumException(\"Sorry, I don\u0027t know what that means. Try another command!\");","lastModifiedDate":"2026-02-15T20:25:27","isFullCredit":false},{"lineNumber":110,"author":{"gitId":"ashw1ng"},"content":"                }","lastModifiedDate":"2026-01-23T15:47:32","isFullCredit":false},{"lineNumber":111,"author":{"gitId":"ashw1ng"},"content":"            } catch (UrmumException e) {","lastModifiedDate":"2026-02-15T20:25:27","isFullCredit":false},{"lineNumber":112,"author":{"gitId":"ashw1ng"},"content":"                ui.showError(e.getMessage());","lastModifiedDate":"2026-02-18T18:26:03","isFullCredit":false},{"lineNumber":113,"author":{"gitId":"ashw1ng"},"content":"            } catch (NumberFormatException e) {","lastModifiedDate":"2026-01-23T15:47:32","isFullCredit":false},{"lineNumber":114,"author":{"gitId":"ashw1ng"},"content":"                ui.showError(\"Please enter a valid task number.\");","lastModifiedDate":"2026-02-18T18:26:03","isFullCredit":false},{"lineNumber":115,"author":{"gitId":"ashw1ng"},"content":"            }","lastModifiedDate":"2026-01-23T12:59:02","isFullCredit":false},{"lineNumber":116,"author":{"gitId":"ashw1ng"},"content":"        }","lastModifiedDate":"2026-01-23T12:59:02","isFullCredit":false},{"lineNumber":117,"author":{"gitId":"ashw1ng"},"content":"        ui.close();","lastModifiedDate":"2026-02-18T18:26:03","isFullCredit":false},{"lineNumber":118,"author":{"gitId":"ashw1ng"},"content":"    }","lastModifiedDate":"2026-01-23T12:44:20","isFullCredit":false},{"lineNumber":119,"author":{"gitId":"ashw1ng"},"content":"}","lastModifiedDate":"2026-01-23T12:44:20","isFullCredit":false}],"authorContributionMap":{"ashw1ng":119}},{"path":"text-ui-test/input.txt","fileType":"txt","lines":[{"lineNumber":1,"author":{"gitId":"ashw1ng"},"content":"todo borrow book","lastModifiedDate":"2026-01-23T15:50:42","isFullCredit":false},{"lineNumber":2,"author":{"gitId":"ashw1ng"},"content":"todo read book","lastModifiedDate":"2026-01-23T15:50:42","isFullCredit":false},{"lineNumber":3,"author":{"gitId":"ashw1ng"},"content":"deadline return book /by Sunday","lastModifiedDate":"2026-01-23T15:50:42","isFullCredit":false},{"lineNumber":4,"author":{"gitId":"ashw1ng"},"content":"event burn library /from Mon 2pm /to 4pm","lastModifiedDate":"2026-01-23T15:50:42","isFullCredit":false},{"lineNumber":5,"author":{"gitId":"ashw1ng"},"content":"list","lastModifiedDate":"2026-01-23T15:50:42","isFullCredit":false},{"lineNumber":6,"author":{"gitId":"ashw1ng"},"content":"mark 1","lastModifiedDate":"2026-01-23T15:50:42","isFullCredit":false},{"lineNumber":7,"author":{"gitId":"ashw1ng"},"content":"list","lastModifiedDate":"2026-01-23T15:50:42","isFullCredit":false},{"lineNumber":8,"author":{"gitId":"ashw1ng"},"content":"mark 2","lastModifiedDate":"2026-01-23T15:50:42","isFullCredit":false},{"lineNumber":9,"author":{"gitId":"ashw1ng"},"content":"list","lastModifiedDate":"2026-01-23T15:50:42","isFullCredit":false},{"lineNumber":10,"author":{"gitId":"ashw1ng"},"content":"bye","lastModifiedDate":"2026-01-23T15:50:42","isFullCredit":false}],"authorContributionMap":{"ashw1ng":10}},{"path":"text-ui-test/runtest.bat","fileType":"bat","lines":[{"lineNumber":1,"author":{"gitId":"-"},"content":"@ECHO OFF","lastModifiedDate":"2020-05-25T00:03:55","isFullCredit":false},{"lineNumber":2,"author":{"gitId":"-"},"content":"","lastModifiedDate":"2020-05-25T00:03:55","isFullCredit":false},{"lineNumber":3,"author":{"gitId":"-"},"content":"REM create bin directory if it doesn\u0027t exist","lastModifiedDate":"2020-05-25T00:03:55","isFullCredit":false},{"lineNumber":4,"author":{"gitId":"-"},"content":"if not exist ..\\bin mkdir ..\\bin","lastModifiedDate":"2020-05-25T00:03:55","isFullCredit":false},{"lineNumber":5,"author":{"gitId":"-"},"content":"","lastModifiedDate":"2020-05-25T00:03:55","isFullCredit":false},{"lineNumber":6,"author":{"gitId":"-"},"content":"REM delete output from previous run","lastModifiedDate":"2020-05-25T00:03:55","isFullCredit":false},{"lineNumber":7,"author":{"gitId":"-"},"content":"if exist ACTUAL.TXT del ACTUAL.TXT","lastModifiedDate":"2020-08-25T17:23:26","isFullCredit":false},{"lineNumber":8,"author":{"gitId":"-"},"content":"","lastModifiedDate":"2020-05-25T00:03:55","isFullCredit":false},{"lineNumber":9,"author":{"gitId":"-"},"content":"REM compile the code into the bin folder","lastModifiedDate":"2020-05-25T00:03:55","isFullCredit":false},{"lineNumber":10,"author":{"gitId":"-"},"content":"javac  -cp ..\\src\\main\\java -Xlint:none -d ..\\bin ..\\src\\main\\java\\*.java","lastModifiedDate":"2020-08-25T17:23:26","isFullCredit":false},{"lineNumber":11,"author":{"gitId":"-"},"content":"IF ERRORLEVEL 1 (","lastModifiedDate":"2020-05-25T00:03:55","isFullCredit":false},{"lineNumber":12,"author":{"gitId":"-"},"content":"    echo ********** BUILD FAILURE **********","lastModifiedDate":"2020-05-25T00:03:55","isFullCredit":false},{"lineNumber":13,"author":{"gitId":"-"},"content":"    exit /b 1","lastModifiedDate":"2020-05-25T00:03:55","isFullCredit":false},{"lineNumber":14,"author":{"gitId":"-"},"content":")","lastModifiedDate":"2020-05-25T00:03:55","isFullCredit":false},{"lineNumber":15,"author":{"gitId":"-"},"content":"REM no error here, errorlevel \u003d\u003d 0","lastModifiedDate":"2020-05-25T00:03:55","isFullCredit":false},{"lineNumber":16,"author":{"gitId":"-"},"content":"","lastModifiedDate":"2020-05-25T00:03:55","isFullCredit":false},{"lineNumber":17,"author":{"gitId":"-"},"content":"REM run the program, feed commands from input.txt file and redirect the output to the ACTUAL.TXT","lastModifiedDate":"2020-05-25T00:03:55","isFullCredit":false},{"lineNumber":18,"author":{"gitId":"ashw1ng"},"content":"java -classpath ..\\bin UrMum \u003c input.txt \u003e ACTUAL.TXT","lastModifiedDate":"2026-01-23T15:50:42","isFullCredit":false},{"lineNumber":19,"author":{"gitId":"-"},"content":"","lastModifiedDate":"2020-05-25T00:03:55","isFullCredit":false},{"lineNumber":20,"author":{"gitId":"-"},"content":"REM compare the output to the expected output","lastModifiedDate":"2020-05-25T00:03:55","isFullCredit":false},{"lineNumber":21,"author":{"gitId":"-"},"content":"FC ACTUAL.TXT EXPECTED.TXT","lastModifiedDate":"2020-05-25T00:03:55","isFullCredit":false}],"authorContributionMap":{"ashw1ng":1,"-":20}},{"path":"text-ui-test/runtest.sh","fileType":"sh","lines":[{"lineNumber":1,"author":{"gitId":"-"},"content":"#!/usr/bin/env bash","lastModifiedDate":"2020-05-25T00:03:55","isFullCredit":false},{"lineNumber":2,"author":{"gitId":"-"},"content":"","lastModifiedDate":"2020-05-25T00:03:55","isFullCredit":false},{"lineNumber":3,"author":{"gitId":"-"},"content":"# create bin directory if it doesn\u0027t exist","lastModifiedDate":"2020-05-25T00:03:55","isFullCredit":false},{"lineNumber":4,"author":{"gitId":"-"},"content":"if [ ! -d \"../bin\" ]","lastModifiedDate":"2020-05-25T00:03:55","isFullCredit":false},{"lineNumber":5,"author":{"gitId":"-"},"content":"then","lastModifiedDate":"2020-05-25T00:03:55","isFullCredit":false},{"lineNumber":6,"author":{"gitId":"-"},"content":"    mkdir ../bin","lastModifiedDate":"2020-05-25T00:03:55","isFullCredit":false},{"lineNumber":7,"author":{"gitId":"-"},"content":"fi","lastModifiedDate":"2020-05-25T00:03:55","isFullCredit":false},{"lineNumber":8,"author":{"gitId":"-"},"content":"","lastModifiedDate":"2020-05-25T00:03:55","isFullCredit":false},{"lineNumber":9,"author":{"gitId":"-"},"content":"# delete output from previous run","lastModifiedDate":"2020-05-25T00:03:55","isFullCredit":false},{"lineNumber":10,"author":{"gitId":"-"},"content":"if [ -e \"./ACTUAL.TXT\" ]","lastModifiedDate":"2020-05-25T00:03:55","isFullCredit":false},{"lineNumber":11,"author":{"gitId":"-"},"content":"then","lastModifiedDate":"2020-05-25T00:03:55","isFullCredit":false},{"lineNumber":12,"author":{"gitId":"-"},"content":"    rm ACTUAL.TXT","lastModifiedDate":"2020-05-25T00:03:55","isFullCredit":false},{"lineNumber":13,"author":{"gitId":"-"},"content":"fi","lastModifiedDate":"2020-05-25T00:03:55","isFullCredit":false},{"lineNumber":14,"author":{"gitId":"-"},"content":"","lastModifiedDate":"2020-05-25T00:03:55","isFullCredit":false},{"lineNumber":15,"author":{"gitId":"-"},"content":"# compile the code into the bin folder, terminates if error occurred","lastModifiedDate":"2020-05-25T00:03:55","isFullCredit":false},{"lineNumber":16,"author":{"gitId":"-"},"content":"if ! javac -cp ../src/main/java -Xlint:none -d ../bin ../src/main/java/*.java","lastModifiedDate":"2020-08-25T17:23:26","isFullCredit":false},{"lineNumber":17,"author":{"gitId":"-"},"content":"then","lastModifiedDate":"2020-05-25T00:03:55","isFullCredit":false},{"lineNumber":18,"author":{"gitId":"-"},"content":"    echo \"********** BUILD FAILURE **********\"","lastModifiedDate":"2020-05-25T00:03:55","isFullCredit":false},{"lineNumber":19,"author":{"gitId":"-"},"content":"    exit 1","lastModifiedDate":"2020-05-25T00:03:55","isFullCredit":false},{"lineNumber":20,"author":{"gitId":"-"},"content":"fi","lastModifiedDate":"2020-05-25T00:03:55","isFullCredit":false},{"lineNumber":21,"author":{"gitId":"-"},"content":"","lastModifiedDate":"2020-05-25T00:03:55","isFullCredit":false},{"lineNumber":22,"author":{"gitId":"-"},"content":"# run the program, feed commands from input.txt file and redirect the output to the ACTUAL.TXT","lastModifiedDate":"2020-05-25T00:03:55","isFullCredit":false},{"lineNumber":23,"author":{"gitId":"ashw1ng"},"content":"java -classpath ../bin UrMum \u003c input.txt \u003e ACTUAL.TXT","lastModifiedDate":"2026-01-23T15:50:42","isFullCredit":false},{"lineNumber":24,"author":{"gitId":"-"},"content":"","lastModifiedDate":"2020-05-25T00:03:55","isFullCredit":false},{"lineNumber":25,"author":{"gitId":"-"},"content":"# convert to UNIX format","lastModifiedDate":"2020-05-25T00:03:55","isFullCredit":false},{"lineNumber":26,"author":{"gitId":"-"},"content":"cp EXPECTED.TXT EXPECTED-UNIX.TXT","lastModifiedDate":"2020-05-25T00:03:55","isFullCredit":false},{"lineNumber":27,"author":{"gitId":"-"},"content":"dos2unix ACTUAL.TXT EXPECTED-UNIX.TXT","lastModifiedDate":"2020-05-25T00:03:55","isFullCredit":false},{"lineNumber":28,"author":{"gitId":"-"},"content":"","lastModifiedDate":"2020-05-25T00:03:55","isFullCredit":false},{"lineNumber":29,"author":{"gitId":"-"},"content":"# compare the output to the expected output","lastModifiedDate":"2020-05-25T00:03:55","isFullCredit":false},{"lineNumber":30,"author":{"gitId":"-"},"content":"diff ACTUAL.TXT EXPECTED-UNIX.TXT","lastModifiedDate":"2020-05-25T00:03:55","isFullCredit":false},{"lineNumber":31,"author":{"gitId":"-"},"content":"if [ $? -eq 0 ]","lastModifiedDate":"2020-05-25T00:03:55","isFullCredit":false},{"lineNumber":32,"author":{"gitId":"-"},"content":"then","lastModifiedDate":"2020-05-25T00:03:55","isFullCredit":false},{"lineNumber":33,"author":{"gitId":"-"},"content":"    echo \"Test result: PASSED\"","lastModifiedDate":"2020-05-25T00:03:55","isFullCredit":false},{"lineNumber":34,"author":{"gitId":"-"},"content":"    exit 0","lastModifiedDate":"2020-05-25T00:03:55","isFullCredit":false},{"lineNumber":35,"author":{"gitId":"-"},"content":"else","lastModifiedDate":"2020-05-25T00:03:55","isFullCredit":false},{"lineNumber":36,"author":{"gitId":"-"},"content":"    echo \"Test result: FAILED\"","lastModifiedDate":"2020-05-25T00:03:55","isFullCredit":false},{"lineNumber":37,"author":{"gitId":"-"},"content":"    exit 1","lastModifiedDate":"2020-05-25T00:03:55","isFullCredit":false},{"lineNumber":38,"author":{"gitId":"-"},"content":"fi","lastModifiedDate":"2020-05-25T00:03:55","isFullCredit":false}],"authorContributionMap":{"ashw1ng":1,"-":37}}]
