[{"path":"data/bossa.txt","fileType":"txt","lines":[{"lineNumber":1,"author":{"gitId":"ELLIOTANBZ"},"content":"T | 0 | borrow book","lastModifiedDate":"2026-01-28T04:07:30","isFullCredit":false},{"lineNumber":2,"author":{"gitId":"ELLIOTANBZ"},"content":"T | 0 | borrow book","lastModifiedDate":"2026-01-28T04:07:30","isFullCredit":false},{"lineNumber":3,"author":{"gitId":"ELLIOTANBZ"},"content":"E | 0 | balls | 2019-10-03 | 2020-10-02","lastModifiedDate":"2026-01-28T04:57:00","isFullCredit":false}],"authorContributionMap":{"ELLIOTANBZ":3}},{"path":"src/main/java/Bossa.java","fileType":"java","lines":[{"lineNumber":1,"author":{"gitId":"ELLIOTANBZ"},"content":"import java.io.IOException;","lastModifiedDate":"2026-01-28T00:45:44","isFullCredit":false},{"lineNumber":2,"author":{"gitId":"ELLIOTANBZ"},"content":"import java.nio.file.Files;","lastModifiedDate":"2026-01-28T00:45:44","isFullCredit":false},{"lineNumber":3,"author":{"gitId":"ELLIOTANBZ"},"content":"import java.nio.file.Path;","lastModifiedDate":"2026-01-28T00:45:44","isFullCredit":false},{"lineNumber":4,"author":{"gitId":"ELLIOTANBZ"},"content":"import java.nio.file.Paths;","lastModifiedDate":"2026-01-28T00:45:44","isFullCredit":false},{"lineNumber":5,"author":{"gitId":"ELLIOTANBZ"},"content":"import java.time.format.DateTimeParseException;","lastModifiedDate":"2026-01-28T04:57:00","isFullCredit":false},{"lineNumber":6,"author":{"gitId":"ELLIOTANBZ"},"content":"import java.util.ArrayList;","lastModifiedDate":"2026-01-28T00:45:44","isFullCredit":false},{"lineNumber":7,"author":{"gitId":"ELLIOTANBZ"},"content":"import java.util.List;","lastModifiedDate":"2026-01-28T00:45:44","isFullCredit":false},{"lineNumber":8,"author":{"gitId":"ELLIOTANBZ"},"content":"import java.util.Scanner;","lastModifiedDate":"2026-01-19T01:05:09","isFullCredit":false},{"lineNumber":9,"author":{"gitId":"ELLIOTANBZ"},"content":"","lastModifiedDate":"2026-01-19T01:05:09","isFullCredit":false},{"lineNumber":10,"author":{"gitId":"ELLIOTANBZ"},"content":"/**","lastModifiedDate":"2026-01-28T04:57:00","isFullCredit":false},{"lineNumber":11,"author":{"gitId":"ELLIOTANBZ"},"content":" * Bossa chatbot for task management.","lastModifiedDate":"2026-01-28T04:57:00","isFullCredit":false},{"lineNumber":12,"author":{"gitId":"ELLIOTANBZ"},"content":" * Supports ToDo, Deadline, and Event tasks.","lastModifiedDate":"2026-01-28T04:57:00","isFullCredit":false},{"lineNumber":13,"author":{"gitId":"ELLIOTANBZ"},"content":" * Automatically saves and loads tasks from disk.","lastModifiedDate":"2026-01-28T04:57:00","isFullCredit":false},{"lineNumber":14,"author":{"gitId":"ELLIOTANBZ"},"content":" */","lastModifiedDate":"2026-01-28T04:57:00","isFullCredit":false},{"lineNumber":15,"author":{"gitId":"ELLIOTANBZ"},"content":"public class Bossa {","lastModifiedDate":"2026-01-19T00:35:00","isFullCredit":false},{"lineNumber":16,"author":{"gitId":"ELLIOTANBZ"},"content":"    private static final Path DATA_PATH \u003d Paths.get(\"data\", \"bossa.txt\");","lastModifiedDate":"2026-01-28T00:45:44","isFullCredit":false},{"lineNumber":17,"author":{"gitId":"ELLIOTANBZ"},"content":"    private final List\u003cTask\u003e tasks \u003d new ArrayList\u003c\u003e();","lastModifiedDate":"2026-01-28T00:45:44","isFullCredit":false},{"lineNumber":18,"author":{"gitId":"ELLIOTANBZ"},"content":"","lastModifiedDate":"2026-01-28T00:45:44","isFullCredit":false},{"lineNumber":19,"author":{"gitId":"ELLIOTANBZ"},"content":"    /**","lastModifiedDate":"2026-01-28T04:57:00","isFullCredit":false},{"lineNumber":20,"author":{"gitId":"ELLIOTANBZ"},"content":"     * Loads tasks from disk into the task list.","lastModifiedDate":"2026-01-28T04:57:00","isFullCredit":false},{"lineNumber":21,"author":{"gitId":"ELLIOTANBZ"},"content":"     * If file or folder doesn\u0027t exist, starts with empty list.","lastModifiedDate":"2026-01-28T04:57:00","isFullCredit":false},{"lineNumber":22,"author":{"gitId":"ELLIOTANBZ"},"content":"     * Skips corrupted lines.","lastModifiedDate":"2026-01-28T04:57:00","isFullCredit":false},{"lineNumber":23,"author":{"gitId":"ELLIOTANBZ"},"content":"     */","lastModifiedDate":"2026-01-28T04:57:00","isFullCredit":false},{"lineNumber":24,"author":{"gitId":"ELLIOTANBZ"},"content":"    private void loadTasks() {","lastModifiedDate":"2026-01-28T04:57:00","isFullCredit":false},{"lineNumber":25,"author":{"gitId":"ELLIOTANBZ"},"content":"        if (!Files.exists(DATA_PATH)) {","lastModifiedDate":"2026-01-28T04:57:00","isFullCredit":false},{"lineNumber":26,"author":{"gitId":"ELLIOTANBZ"},"content":"            System.out.println(\"Data file not found. Starting with an empty task list.\");","lastModifiedDate":"2026-01-28T04:57:00","isFullCredit":false},{"lineNumber":27,"author":{"gitId":"ELLIOTANBZ"},"content":"            return;","lastModifiedDate":"2026-01-28T04:57:00","isFullCredit":false},{"lineNumber":28,"author":{"gitId":"ELLIOTANBZ"},"content":"        }","lastModifiedDate":"2026-01-28T04:57:00","isFullCredit":false},{"lineNumber":29,"author":{"gitId":"ELLIOTANBZ"},"content":"","lastModifiedDate":"2026-01-28T04:57:00","isFullCredit":false},{"lineNumber":30,"author":{"gitId":"ELLIOTANBZ"},"content":"        try {","lastModifiedDate":"2026-01-28T04:57:00","isFullCredit":false},{"lineNumber":31,"author":{"gitId":"ELLIOTANBZ"},"content":"            List\u003cString\u003e lines \u003d Files.readAllLines(DATA_PATH);","lastModifiedDate":"2026-01-28T04:57:00","isFullCredit":false},{"lineNumber":32,"author":{"gitId":"ELLIOTANBZ"},"content":"            for (String line : lines) {","lastModifiedDate":"2026-01-28T04:57:00","isFullCredit":false},{"lineNumber":33,"author":{"gitId":"ELLIOTANBZ"},"content":"                try {","lastModifiedDate":"2026-01-28T04:57:00","isFullCredit":false},{"lineNumber":34,"author":{"gitId":"ELLIOTANBZ"},"content":"                    tasks.add(Task.fromStorageString(line));","lastModifiedDate":"2026-01-28T04:57:00","isFullCredit":false},{"lineNumber":35,"author":{"gitId":"ELLIOTANBZ"},"content":"                } catch (Exception e) {","lastModifiedDate":"2026-01-28T04:57:00","isFullCredit":false},{"lineNumber":36,"author":{"gitId":"ELLIOTANBZ"},"content":"                    System.err.println(\"Skipping corrupted line: \" + line);","lastModifiedDate":"2026-01-28T04:57:00","isFullCredit":false},{"lineNumber":37,"author":{"gitId":"ELLIOTANBZ"},"content":"                }","lastModifiedDate":"2026-01-28T04:57:00","isFullCredit":false},{"lineNumber":38,"author":{"gitId":"ELLIOTANBZ"},"content":"            }","lastModifiedDate":"2026-01-28T04:57:00","isFullCredit":false},{"lineNumber":39,"author":{"gitId":"ELLIOTANBZ"},"content":"        } catch (IOException e) {","lastModifiedDate":"2026-01-28T04:57:00","isFullCredit":false},{"lineNumber":40,"author":{"gitId":"ELLIOTANBZ"},"content":"            System.err.println(\"Error loading tasks: \" + e.getMessage());","lastModifiedDate":"2026-01-28T04:57:00","isFullCredit":false},{"lineNumber":41,"author":{"gitId":"ELLIOTANBZ"},"content":"        }","lastModifiedDate":"2026-01-28T04:57:00","isFullCredit":false},{"lineNumber":42,"author":{"gitId":"ELLIOTANBZ"},"content":"    }","lastModifiedDate":"2026-01-28T04:57:00","isFullCredit":false},{"lineNumber":43,"author":{"gitId":"ELLIOTANBZ"},"content":"","lastModifiedDate":"2026-01-28T04:57:00","isFullCredit":false},{"lineNumber":44,"author":{"gitId":"ELLIOTANBZ"},"content":"    /**","lastModifiedDate":"2026-01-28T04:57:00","isFullCredit":false},{"lineNumber":45,"author":{"gitId":"ELLIOTANBZ"},"content":"     * Saves current tasks to disk.","lastModifiedDate":"2026-01-28T04:57:00","isFullCredit":false},{"lineNumber":46,"author":{"gitId":"ELLIOTANBZ"},"content":"     * Creates data folder if it doesn\u0027t exist.","lastModifiedDate":"2026-01-28T04:57:00","isFullCredit":false},{"lineNumber":47,"author":{"gitId":"ELLIOTANBZ"},"content":"     */","lastModifiedDate":"2026-01-28T04:57:00","isFullCredit":false},{"lineNumber":48,"author":{"gitId":"ELLIOTANBZ"},"content":"    private void saveTasks() {","lastModifiedDate":"2026-01-28T04:57:00","isFullCredit":false},{"lineNumber":49,"author":{"gitId":"ELLIOTANBZ"},"content":"        try {","lastModifiedDate":"2026-01-28T04:57:00","isFullCredit":false},{"lineNumber":50,"author":{"gitId":"ELLIOTANBZ"},"content":"            if (!Files.exists(DATA_PATH.getParent())) {","lastModifiedDate":"2026-01-28T04:57:00","isFullCredit":false},{"lineNumber":51,"author":{"gitId":"ELLIOTANBZ"},"content":"                Files.createDirectories(DATA_PATH.getParent());","lastModifiedDate":"2026-01-28T04:57:00","isFullCredit":false},{"lineNumber":52,"author":{"gitId":"ELLIOTANBZ"},"content":"            }","lastModifiedDate":"2026-01-28T04:57:00","isFullCredit":false},{"lineNumber":53,"author":{"gitId":"ELLIOTANBZ"},"content":"","lastModifiedDate":"2026-01-28T04:57:00","isFullCredit":false},{"lineNumber":54,"author":{"gitId":"ELLIOTANBZ"},"content":"            List\u003cString\u003e lines \u003d new ArrayList\u003c\u003e();","lastModifiedDate":"2026-01-28T04:57:00","isFullCredit":false},{"lineNumber":55,"author":{"gitId":"ELLIOTANBZ"},"content":"            for (Task task : tasks) {","lastModifiedDate":"2026-01-28T04:57:00","isFullCredit":false},{"lineNumber":56,"author":{"gitId":"ELLIOTANBZ"},"content":"                lines.add(task.toStorageString());","lastModifiedDate":"2026-01-28T04:57:00","isFullCredit":false},{"lineNumber":57,"author":{"gitId":"ELLIOTANBZ"},"content":"            }","lastModifiedDate":"2026-01-28T04:57:00","isFullCredit":false},{"lineNumber":58,"author":{"gitId":"ELLIOTANBZ"},"content":"","lastModifiedDate":"2026-01-28T04:57:00","isFullCredit":false},{"lineNumber":59,"author":{"gitId":"ELLIOTANBZ"},"content":"            Files.write(DATA_PATH, lines);","lastModifiedDate":"2026-01-28T04:57:00","isFullCredit":false},{"lineNumber":60,"author":{"gitId":"ELLIOTANBZ"},"content":"        } catch (IOException e) {","lastModifiedDate":"2026-01-28T04:57:00","isFullCredit":false},{"lineNumber":61,"author":{"gitId":"ELLIOTANBZ"},"content":"            System.err.println(\"Error saving tasks: \" + e.getMessage());","lastModifiedDate":"2026-01-28T04:57:00","isFullCredit":false},{"lineNumber":62,"author":{"gitId":"ELLIOTANBZ"},"content":"        }","lastModifiedDate":"2026-01-28T04:57:00","isFullCredit":false},{"lineNumber":63,"author":{"gitId":"ELLIOTANBZ"},"content":"    }","lastModifiedDate":"2026-01-28T04:57:00","isFullCredit":false},{"lineNumber":64,"author":{"gitId":"ELLIOTANBZ"},"content":"","lastModifiedDate":"2026-01-28T04:57:00","isFullCredit":false},{"lineNumber":65,"author":{"gitId":"ELLIOTANBZ"},"content":"    /**","lastModifiedDate":"2026-01-28T04:57:00","isFullCredit":false},{"lineNumber":66,"author":{"gitId":"ELLIOTANBZ"},"content":"     * Main method, runs the chatbot loop.","lastModifiedDate":"2026-01-28T04:57:00","isFullCredit":false},{"lineNumber":67,"author":{"gitId":"ELLIOTANBZ"},"content":"     */","lastModifiedDate":"2026-01-28T04:57:00","isFullCredit":false},{"lineNumber":68,"author":{"gitId":"ELLIOTANBZ"},"content":"    public static void main(String[] args) {","lastModifiedDate":"2026-01-19T00:35:00","isFullCredit":false},{"lineNumber":69,"author":{"gitId":"ELLIOTANBZ"},"content":"        Bossa bossa \u003d new Bossa();","lastModifiedDate":"2026-01-28T00:45:44","isFullCredit":false},{"lineNumber":70,"author":{"gitId":"ELLIOTANBZ"},"content":"        bossa.run();","lastModifiedDate":"2026-01-28T00:45:44","isFullCredit":false},{"lineNumber":71,"author":{"gitId":"ELLIOTANBZ"},"content":"    }","lastModifiedDate":"2026-01-28T00:45:44","isFullCredit":false},{"lineNumber":72,"author":{"gitId":"ELLIOTANBZ"},"content":"","lastModifiedDate":"2026-01-19T01:05:09","isFullCredit":false},{"lineNumber":73,"author":{"gitId":"ELLIOTANBZ"},"content":"    /**","lastModifiedDate":"2026-01-28T04:57:00","isFullCredit":false},{"lineNumber":74,"author":{"gitId":"ELLIOTANBZ"},"content":"     * Runs the chatbot input loop.","lastModifiedDate":"2026-01-28T04:57:00","isFullCredit":false},{"lineNumber":75,"author":{"gitId":"ELLIOTANBZ"},"content":"     */","lastModifiedDate":"2026-01-28T04:57:00","isFullCredit":false},{"lineNumber":76,"author":{"gitId":"ELLIOTANBZ"},"content":"    private void run() {","lastModifiedDate":"2026-01-28T00:45:44","isFullCredit":false},{"lineNumber":77,"author":{"gitId":"ELLIOTANBZ"},"content":"        Scanner scanner \u003d new Scanner(System.in);","lastModifiedDate":"2026-01-19T01:05:09","isFullCredit":false},{"lineNumber":78,"author":{"gitId":"ELLIOTANBZ"},"content":"        loadTasks();","lastModifiedDate":"2026-01-28T00:45:44","isFullCredit":false},{"lineNumber":79,"author":{"gitId":"ELLIOTANBZ"},"content":"","lastModifiedDate":"2026-01-19T01:05:09","isFullCredit":false},{"lineNumber":80,"author":{"gitId":"ELLIOTANBZ"},"content":"        System.out.println(\"Good day Boss. I\u0027m Bossa.\");","lastModifiedDate":"2026-01-19T10:00:19","isFullCredit":false},{"lineNumber":81,"author":{"gitId":"ELLIOTANBZ"},"content":"        System.out.println(\"How may I be of service?\");","lastModifiedDate":"2026-01-19T10:00:19","isFullCredit":false},{"lineNumber":82,"author":{"gitId":"ELLIOTANBZ"},"content":"        System.out.println(\"____________________________________________________________\");","lastModifiedDate":"2026-01-19T01:05:09","isFullCredit":false},{"lineNumber":83,"author":{"gitId":"ELLIOTANBZ"},"content":"","lastModifiedDate":"2026-01-19T01:05:09","isFullCredit":false},{"lineNumber":84,"author":{"gitId":"ELLIOTANBZ"},"content":"        while (true) {","lastModifiedDate":"2026-01-19T01:05:09","isFullCredit":false},{"lineNumber":85,"author":{"gitId":"ELLIOTANBZ"},"content":"            String input \u003d scanner.nextLine().trim();","lastModifiedDate":"2026-01-28T04:07:30","isFullCredit":false},{"lineNumber":86,"author":{"gitId":"ELLIOTANBZ"},"content":"            if (input.isEmpty()) {","lastModifiedDate":"2026-01-28T04:57:00","isFullCredit":false},{"lineNumber":87,"author":{"gitId":"ELLIOTANBZ"},"content":"                System.out.println(\"____________________________________________________________\");","lastModifiedDate":"2026-01-28T04:57:00","isFullCredit":false},{"lineNumber":88,"author":{"gitId":"ELLIOTANBZ"},"content":"                System.out.println(\"My apologies Boss, I don\u0027t understand that command.\");","lastModifiedDate":"2026-01-28T04:57:00","isFullCredit":false},{"lineNumber":89,"author":{"gitId":"ELLIOTANBZ"},"content":"                continue;","lastModifiedDate":"2026-01-28T04:57:00","isFullCredit":false},{"lineNumber":90,"author":{"gitId":"ELLIOTANBZ"},"content":"            }","lastModifiedDate":"2026-01-28T04:57:00","isFullCredit":false},{"lineNumber":91,"author":{"gitId":"ELLIOTANBZ"},"content":"","lastModifiedDate":"2026-01-19T00:35:00","isFullCredit":false},{"lineNumber":92,"author":{"gitId":"ELLIOTANBZ"},"content":"            if (input.equalsIgnoreCase(\"bye\")) {","lastModifiedDate":"2026-01-19T01:05:09","isFullCredit":false},{"lineNumber":93,"author":{"gitId":"ELLIOTANBZ"},"content":"                System.out.println(\"____________________________________________________________\");","lastModifiedDate":"2026-01-19T01:05:09","isFullCredit":false},{"lineNumber":94,"author":{"gitId":"ELLIOTANBZ"},"content":"                System.out.println(\"Best regards,\");","lastModifiedDate":"2026-01-19T10:00:19","isFullCredit":false},{"lineNumber":95,"author":{"gitId":"ELLIOTANBZ"},"content":"                System.out.println(\"Bossa.\");","lastModifiedDate":"2026-01-19T10:00:19","isFullCredit":false},{"lineNumber":96,"author":{"gitId":"ELLIOTANBZ"},"content":"                System.out.println(\"____________________________________________________________\");","lastModifiedDate":"2026-01-19T01:05:09","isFullCredit":false},{"lineNumber":97,"author":{"gitId":"ELLIOTANBZ"},"content":"                break;","lastModifiedDate":"2026-01-19T01:05:09","isFullCredit":false},{"lineNumber":98,"author":{"gitId":"ELLIOTANBZ"},"content":"            }","lastModifiedDate":"2026-01-19T01:05:09","isFullCredit":false},{"lineNumber":99,"author":{"gitId":"ELLIOTANBZ"},"content":"","lastModifiedDate":"2026-01-19T01:05:09","isFullCredit":false},{"lineNumber":100,"author":{"gitId":"ELLIOTANBZ"},"content":"            if (input.equalsIgnoreCase(\"list\")) {","lastModifiedDate":"2026-01-19T01:11:37","isFullCredit":false},{"lineNumber":101,"author":{"gitId":"ELLIOTANBZ"},"content":"                System.out.println(\"____________________________________________________________\");","lastModifiedDate":"2026-01-19T01:05:09","isFullCredit":false},{"lineNumber":102,"author":{"gitId":"ELLIOTANBZ"},"content":"                System.out.println(\"The tasks in your list: \");","lastModifiedDate":"2026-01-19T09:16:32","isFullCredit":false},{"lineNumber":103,"author":{"gitId":"ELLIOTANBZ"},"content":"                for (int i \u003d 0; i \u003c tasks.size(); i++) {","lastModifiedDate":"2026-01-28T00:45:44","isFullCredit":false},{"lineNumber":104,"author":{"gitId":"ELLIOTANBZ"},"content":"                    System.out.println(\" \" + (i + 1) + \". \" + tasks.get(i));","lastModifiedDate":"2026-01-28T00:45:44","isFullCredit":false},{"lineNumber":105,"author":{"gitId":"ELLIOTANBZ"},"content":"                }","lastModifiedDate":"2026-01-19T01:11:37","isFullCredit":false},{"lineNumber":106,"author":{"gitId":"ELLIOTANBZ"},"content":"                System.out.println(\"____________________________________________________________\");","lastModifiedDate":"2026-01-19T01:11:37","isFullCredit":false},{"lineNumber":107,"author":{"gitId":"ELLIOTANBZ"},"content":"                continue;","lastModifiedDate":"2026-01-19T01:11:37","isFullCredit":false},{"lineNumber":108,"author":{"gitId":"ELLIOTANBZ"},"content":"            }","lastModifiedDate":"2026-01-19T01:11:37","isFullCredit":false},{"lineNumber":109,"author":{"gitId":"ELLIOTANBZ"},"content":"","lastModifiedDate":"2026-01-19T01:11:37","isFullCredit":false},{"lineNumber":110,"author":{"gitId":"ELLIOTANBZ"},"content":"            if (input.startsWith(\"mark \")) {","lastModifiedDate":"2026-01-19T09:16:32","isFullCredit":false},{"lineNumber":111,"author":{"gitId":"ELLIOTANBZ"},"content":"                try {","lastModifiedDate":"2026-01-28T00:45:44","isFullCredit":false},{"lineNumber":112,"author":{"gitId":"ELLIOTANBZ"},"content":"                    int index \u003d Integer.parseInt(input.split(\" \")[1]) - 1;","lastModifiedDate":"2026-01-19T09:16:32","isFullCredit":false},{"lineNumber":113,"author":{"gitId":"ELLIOTANBZ"},"content":"                    tasks.get(index).markAsDone();","lastModifiedDate":"2026-01-28T00:45:44","isFullCredit":false},{"lineNumber":114,"author":{"gitId":"ELLIOTANBZ"},"content":"                    saveTasks();","lastModifiedDate":"2026-01-28T00:45:44","isFullCredit":false},{"lineNumber":115,"author":{"gitId":"ELLIOTANBZ"},"content":"                    System.out.println(\"____________________________________________________________\");","lastModifiedDate":"2026-01-19T09:16:32","isFullCredit":false},{"lineNumber":116,"author":{"gitId":"ELLIOTANBZ"},"content":"                    System.out.println(\"Great job! Marked as Done!\");","lastModifiedDate":"2026-01-19T09:16:32","isFullCredit":false},{"lineNumber":117,"author":{"gitId":"ELLIOTANBZ"},"content":"                    System.out.println(\" \" + tasks.get(index));","lastModifiedDate":"2026-01-28T00:45:44","isFullCredit":false},{"lineNumber":118,"author":{"gitId":"ELLIOTANBZ"},"content":"                    System.out.println(\"____________________________________________________________\");","lastModifiedDate":"2026-01-19T09:16:32","isFullCredit":false},{"lineNumber":119,"author":{"gitId":"ELLIOTANBZ"},"content":"                } catch (Exception e) {","lastModifiedDate":"2026-01-28T00:45:44","isFullCredit":false},{"lineNumber":120,"author":{"gitId":"ELLIOTANBZ"},"content":"                    System.out.println(\"____________________________________________________________\");","lastModifiedDate":"2026-01-28T04:07:30","isFullCredit":false},{"lineNumber":121,"author":{"gitId":"ELLIOTANBZ"},"content":"                    System.out.println(\"Apologies Boss, that task number does not exist.\");","lastModifiedDate":"2026-01-28T04:07:30","isFullCredit":false},{"lineNumber":122,"author":{"gitId":"ELLIOTANBZ"},"content":"                    System.out.println(\"____________________________________________________________\");","lastModifiedDate":"2026-01-28T04:07:30","isFullCredit":false},{"lineNumber":123,"author":{"gitId":"ELLIOTANBZ"},"content":"                }","lastModifiedDate":"2026-01-28T00:45:44","isFullCredit":false},{"lineNumber":124,"author":{"gitId":"ELLIOTANBZ"},"content":"                continue;","lastModifiedDate":"2026-01-19T09:16:32","isFullCredit":false},{"lineNumber":125,"author":{"gitId":"ELLIOTANBZ"},"content":"            }","lastModifiedDate":"2026-01-19T09:16:32","isFullCredit":false},{"lineNumber":126,"author":{"gitId":"ELLIOTANBZ"},"content":"","lastModifiedDate":"2026-01-19T09:16:32","isFullCredit":false},{"lineNumber":127,"author":{"gitId":"ELLIOTANBZ"},"content":"            if (input.startsWith(\"unmark \")) {","lastModifiedDate":"2026-01-19T09:16:32","isFullCredit":false},{"lineNumber":128,"author":{"gitId":"ELLIOTANBZ"},"content":"                try {","lastModifiedDate":"2026-01-28T00:45:44","isFullCredit":false},{"lineNumber":129,"author":{"gitId":"ELLIOTANBZ"},"content":"                    int index \u003d Integer.parseInt(input.split(\" \")[1]) - 1;","lastModifiedDate":"2026-01-19T09:16:32","isFullCredit":false},{"lineNumber":130,"author":{"gitId":"ELLIOTANBZ"},"content":"                    tasks.get(index).markAsNotDone();","lastModifiedDate":"2026-01-28T00:45:44","isFullCredit":false},{"lineNumber":131,"author":{"gitId":"ELLIOTANBZ"},"content":"                    saveTasks();","lastModifiedDate":"2026-01-28T00:45:44","isFullCredit":false},{"lineNumber":132,"author":{"gitId":"ELLIOTANBZ"},"content":"                    System.out.println(\"____________________________________________________________\");","lastModifiedDate":"2026-01-19T09:16:32","isFullCredit":false},{"lineNumber":133,"author":{"gitId":"ELLIOTANBZ"},"content":"                    System.out.println(\"Unmarked\");","lastModifiedDate":"2026-01-19T09:16:32","isFullCredit":false},{"lineNumber":134,"author":{"gitId":"ELLIOTANBZ"},"content":"                    System.out.println(\" \" + tasks.get(index));","lastModifiedDate":"2026-01-28T00:45:44","isFullCredit":false},{"lineNumber":135,"author":{"gitId":"ELLIOTANBZ"},"content":"                    System.out.println(\"____________________________________________________________\");","lastModifiedDate":"2026-01-19T09:16:32","isFullCredit":false},{"lineNumber":136,"author":{"gitId":"ELLIOTANBZ"},"content":"                } catch (Exception e) {","lastModifiedDate":"2026-01-28T00:45:44","isFullCredit":false},{"lineNumber":137,"author":{"gitId":"ELLIOTANBZ"},"content":"                    System.out.println(\"____________________________________________________________\");","lastModifiedDate":"2026-01-28T04:07:30","isFullCredit":false},{"lineNumber":138,"author":{"gitId":"ELLIOTANBZ"},"content":"                    System.out.println(\"Apologies Boss, that task number does not exist.\");","lastModifiedDate":"2026-01-28T04:07:30","isFullCredit":false},{"lineNumber":139,"author":{"gitId":"ELLIOTANBZ"},"content":"                    System.out.println(\"____________________________________________________________\");","lastModifiedDate":"2026-01-28T04:07:30","isFullCredit":false},{"lineNumber":140,"author":{"gitId":"ELLIOTANBZ"},"content":"                }","lastModifiedDate":"2026-01-28T00:45:44","isFullCredit":false},{"lineNumber":141,"author":{"gitId":"ELLIOTANBZ"},"content":"                continue;","lastModifiedDate":"2026-01-19T09:16:32","isFullCredit":false},{"lineNumber":142,"author":{"gitId":"ELLIOTANBZ"},"content":"            }","lastModifiedDate":"2026-01-19T09:16:32","isFullCredit":false},{"lineNumber":143,"author":{"gitId":"ELLIOTANBZ"},"content":"","lastModifiedDate":"2026-01-19T09:16:32","isFullCredit":false},{"lineNumber":144,"author":{"gitId":"ELLIOTANBZ"},"content":"            if (input.startsWith(\"remove \")) {","lastModifiedDate":"2026-01-28T04:57:00","isFullCredit":false},{"lineNumber":145,"author":{"gitId":"ELLIOTANBZ"},"content":"                try {","lastModifiedDate":"2026-01-28T04:57:00","isFullCredit":false},{"lineNumber":146,"author":{"gitId":"ELLIOTANBZ"},"content":"                    int index \u003d Integer.parseInt(input.split(\" \")[1]) - 1;","lastModifiedDate":"2026-01-28T04:57:00","isFullCredit":false},{"lineNumber":147,"author":{"gitId":"ELLIOTANBZ"},"content":"                    Task removed \u003d tasks.remove(index);","lastModifiedDate":"2026-01-28T04:57:00","isFullCredit":false},{"lineNumber":148,"author":{"gitId":"ELLIOTANBZ"},"content":"                    saveTasks();","lastModifiedDate":"2026-01-28T04:57:00","isFullCredit":false},{"lineNumber":149,"author":{"gitId":"ELLIOTANBZ"},"content":"                    System.out.println(\"____________________________________________________________\");","lastModifiedDate":"2026-01-28T04:57:00","isFullCredit":false},{"lineNumber":150,"author":{"gitId":"ELLIOTANBZ"},"content":"                    System.out.println(\"Got it Boss, removed this task:\");","lastModifiedDate":"2026-01-28T04:57:00","isFullCredit":false},{"lineNumber":151,"author":{"gitId":"ELLIOTANBZ"},"content":"                    System.out.println(\" \" + removed);","lastModifiedDate":"2026-01-28T04:57:00","isFullCredit":false},{"lineNumber":152,"author":{"gitId":"ELLIOTANBZ"},"content":"                    System.out.println(\"You now have \" + tasks.size() + \" tasks in your list.\");","lastModifiedDate":"2026-01-28T04:57:00","isFullCredit":false},{"lineNumber":153,"author":{"gitId":"ELLIOTANBZ"},"content":"                    System.out.println(\"____________________________________________________________\");","lastModifiedDate":"2026-01-28T04:57:00","isFullCredit":false},{"lineNumber":154,"author":{"gitId":"ELLIOTANBZ"},"content":"                } catch (Exception e) {","lastModifiedDate":"2026-01-28T04:57:00","isFullCredit":false},{"lineNumber":155,"author":{"gitId":"ELLIOTANBZ"},"content":"                    System.out.println(\"____________________________________________________________\");","lastModifiedDate":"2026-01-28T04:57:00","isFullCredit":false},{"lineNumber":156,"author":{"gitId":"ELLIOTANBZ"},"content":"                    System.out.println(\"Apologies Boss, that task number does not exist.\");","lastModifiedDate":"2026-01-28T04:57:00","isFullCredit":false},{"lineNumber":157,"author":{"gitId":"ELLIOTANBZ"},"content":"                    System.out.println(\"____________________________________________________________\");","lastModifiedDate":"2026-01-28T04:57:00","isFullCredit":false},{"lineNumber":158,"author":{"gitId":"ELLIOTANBZ"},"content":"                }","lastModifiedDate":"2026-01-28T04:57:00","isFullCredit":false},{"lineNumber":159,"author":{"gitId":"ELLIOTANBZ"},"content":"                continue;","lastModifiedDate":"2026-01-28T04:57:00","isFullCredit":false},{"lineNumber":160,"author":{"gitId":"ELLIOTANBZ"},"content":"            }","lastModifiedDate":"2026-01-28T04:57:00","isFullCredit":false},{"lineNumber":161,"author":{"gitId":"ELLIOTANBZ"},"content":"","lastModifiedDate":"2026-01-28T04:57:00","isFullCredit":false},{"lineNumber":162,"author":{"gitId":"ELLIOTANBZ"},"content":"            if (input.startsWith(\"todo \")) {","lastModifiedDate":"2026-01-19T10:00:19","isFullCredit":false},{"lineNumber":163,"author":{"gitId":"ELLIOTANBZ"},"content":"                String description \u003d input.substring(5).trim();","lastModifiedDate":"2026-01-28T04:57:00","isFullCredit":false},{"lineNumber":164,"author":{"gitId":"ELLIOTANBZ"},"content":"                if (description.isEmpty()) {","lastModifiedDate":"2026-01-28T04:57:00","isFullCredit":false},{"lineNumber":165,"author":{"gitId":"ELLIOTANBZ"},"content":"                    System.out.println(\"____________________________________________________________\");","lastModifiedDate":"2026-01-28T04:07:30","isFullCredit":false},{"lineNumber":166,"author":{"gitId":"ELLIOTANBZ"},"content":"                    System.out.println(\"Boss, the description of a todo cannot be empty.\");","lastModifiedDate":"2026-01-28T04:07:30","isFullCredit":false},{"lineNumber":167,"author":{"gitId":"ELLIOTANBZ"},"content":"                    System.out.println(\"____________________________________________________________\");","lastModifiedDate":"2026-01-28T04:07:30","isFullCredit":false},{"lineNumber":168,"author":{"gitId":"ELLIOTANBZ"},"content":"                    continue;","lastModifiedDate":"2026-01-28T04:07:30","isFullCredit":false},{"lineNumber":169,"author":{"gitId":"ELLIOTANBZ"},"content":"                }","lastModifiedDate":"2026-01-28T04:07:30","isFullCredit":false},{"lineNumber":170,"author":{"gitId":"ELLIOTANBZ"},"content":"                tasks.add(new ToDo(description));","lastModifiedDate":"2026-01-28T00:45:44","isFullCredit":false},{"lineNumber":171,"author":{"gitId":"ELLIOTANBZ"},"content":"                saveTasks();","lastModifiedDate":"2026-01-28T00:45:44","isFullCredit":false},{"lineNumber":172,"author":{"gitId":"ELLIOTANBZ"},"content":"                System.out.println(\"____________________________________________________________\");","lastModifiedDate":"2026-01-19T10:00:19","isFullCredit":false},{"lineNumber":173,"author":{"gitId":"ELLIOTANBZ"},"content":"                System.out.println(\"Got it Boss, added this task:\");","lastModifiedDate":"2026-01-19T10:00:19","isFullCredit":false},{"lineNumber":174,"author":{"gitId":"ELLIOTANBZ"},"content":"                System.out.println(\" \" + tasks.get(tasks.size() - 1));","lastModifiedDate":"2026-01-28T00:45:44","isFullCredit":false},{"lineNumber":175,"author":{"gitId":"ELLIOTANBZ"},"content":"                System.out.println(\"You now have \" + tasks.size() + \" tasks in your list.\");","lastModifiedDate":"2026-01-28T00:45:44","isFullCredit":false},{"lineNumber":176,"author":{"gitId":"ELLIOTANBZ"},"content":"                System.out.println(\"____________________________________________________________\");","lastModifiedDate":"2026-01-19T10:00:19","isFullCredit":false},{"lineNumber":177,"author":{"gitId":"ELLIOTANBZ"},"content":"                continue;","lastModifiedDate":"2026-01-19T10:00:19","isFullCredit":false},{"lineNumber":178,"author":{"gitId":"ELLIOTANBZ"},"content":"            }","lastModifiedDate":"2026-01-19T10:00:19","isFullCredit":false},{"lineNumber":179,"author":{"gitId":"ELLIOTANBZ"},"content":"","lastModifiedDate":"2026-01-19T10:00:19","isFullCredit":false},{"lineNumber":180,"author":{"gitId":"ELLIOTANBZ"},"content":"            if (input.startsWith(\"deadline \")) {","lastModifiedDate":"2026-01-19T10:00:19","isFullCredit":false},{"lineNumber":181,"author":{"gitId":"ELLIOTANBZ"},"content":"                String[] parts \u003d input.substring(9).split(\" /by \");","lastModifiedDate":"2026-01-28T04:07:30","isFullCredit":false},{"lineNumber":182,"author":{"gitId":"ELLIOTANBZ"},"content":"                if (parts.length \u003c 2 || parts[1].trim().isEmpty()) {","lastModifiedDate":"2026-01-28T04:57:00","isFullCredit":false},{"lineNumber":183,"author":{"gitId":"ELLIOTANBZ"},"content":"                    System.out.println(\"____________________________________________________________\");","lastModifiedDate":"2026-01-28T04:07:30","isFullCredit":false},{"lineNumber":184,"author":{"gitId":"ELLIOTANBZ"},"content":"                    System.out.println(\"Boss, Deadline format: deadline \u003cdescription\u003e /by \u003ctime\u003e\");","lastModifiedDate":"2026-01-28T04:07:30","isFullCredit":false},{"lineNumber":185,"author":{"gitId":"ELLIOTANBZ"},"content":"                    System.out.println(\"____________________________________________________________\");","lastModifiedDate":"2026-01-28T04:07:30","isFullCredit":false},{"lineNumber":186,"author":{"gitId":"ELLIOTANBZ"},"content":"                    continue;","lastModifiedDate":"2026-01-28T00:45:44","isFullCredit":false},{"lineNumber":187,"author":{"gitId":"ELLIOTANBZ"},"content":"                }","lastModifiedDate":"2026-01-28T00:45:44","isFullCredit":false},{"lineNumber":188,"author":{"gitId":"ELLIOTANBZ"},"content":"                try {","lastModifiedDate":"2026-01-28T04:57:00","isFullCredit":false},{"lineNumber":189,"author":{"gitId":"ELLIOTANBZ"},"content":"                    tasks.add(new Deadline(parts[0].trim(), parts[1].trim()));","lastModifiedDate":"2026-01-28T04:57:00","isFullCredit":false},{"lineNumber":190,"author":{"gitId":"ELLIOTANBZ"},"content":"                    saveTasks();","lastModifiedDate":"2026-01-28T00:45:44","isFullCredit":false},{"lineNumber":191,"author":{"gitId":"ELLIOTANBZ"},"content":"                    System.out.println(\"____________________________________________________________\");","lastModifiedDate":"2026-01-19T10:00:19","isFullCredit":false},{"lineNumber":192,"author":{"gitId":"ELLIOTANBZ"},"content":"                    System.out.println(\"Got it Boss, added this task:\");","lastModifiedDate":"2026-01-19T10:00:19","isFullCredit":false},{"lineNumber":193,"author":{"gitId":"ELLIOTANBZ"},"content":"                    System.out.println(\" \" + tasks.get(tasks.size() - 1));","lastModifiedDate":"2026-01-28T00:45:44","isFullCredit":false},{"lineNumber":194,"author":{"gitId":"ELLIOTANBZ"},"content":"                    System.out.println(\"You now have \" + tasks.size() + \" tasks in your list.\");","lastModifiedDate":"2026-01-28T00:45:44","isFullCredit":false},{"lineNumber":195,"author":{"gitId":"ELLIOTANBZ"},"content":"                    System.out.println(\"____________________________________________________________\");","lastModifiedDate":"2026-01-19T01:11:37","isFullCredit":false},{"lineNumber":196,"author":{"gitId":"ELLIOTANBZ"},"content":"                } catch (DateTimeParseException e) {","lastModifiedDate":"2026-01-28T04:57:00","isFullCredit":false},{"lineNumber":197,"author":{"gitId":"ELLIOTANBZ"},"content":"                    System.out.println(\"____________________________________________________________\");","lastModifiedDate":"2026-01-28T04:57:00","isFullCredit":false},{"lineNumber":198,"author":{"gitId":"ELLIOTANBZ"},"content":"                    System.out.println(\"Boss, invalid date format. Use yyyy-MM-dd for deadlines.\");","lastModifiedDate":"2026-01-28T04:57:00","isFullCredit":false},{"lineNumber":199,"author":{"gitId":"ELLIOTANBZ"},"content":"                    System.out.println(\"____________________________________________________________\");","lastModifiedDate":"2026-01-28T04:57:00","isFullCredit":false},{"lineNumber":200,"author":{"gitId":"ELLIOTANBZ"},"content":"                }","lastModifiedDate":"2026-01-28T04:57:00","isFullCredit":false},{"lineNumber":201,"author":{"gitId":"ELLIOTANBZ"},"content":"                continue;","lastModifiedDate":"2026-01-19T10:00:19","isFullCredit":false},{"lineNumber":202,"author":{"gitId":"ELLIOTANBZ"},"content":"            }","lastModifiedDate":"2026-01-19T10:00:19","isFullCredit":false},{"lineNumber":203,"author":{"gitId":"ELLIOTANBZ"},"content":"","lastModifiedDate":"2026-01-19T10:00:19","isFullCredit":false},{"lineNumber":204,"author":{"gitId":"ELLIOTANBZ"},"content":"            if (input.startsWith(\"event \")) {","lastModifiedDate":"2026-01-19T10:00:19","isFullCredit":false},{"lineNumber":205,"author":{"gitId":"ELLIOTANBZ"},"content":"                String[] parts \u003d input.substring(6).split(\" /from | /to \");","lastModifiedDate":"2026-01-28T00:45:44","isFullCredit":false},{"lineNumber":206,"author":{"gitId":"ELLIOTANBZ"},"content":"                if (parts.length \u003c 3 || parts[1].trim().isEmpty() || parts[2].trim().isEmpty()) {","lastModifiedDate":"2026-01-28T04:57:00","isFullCredit":false},{"lineNumber":207,"author":{"gitId":"ELLIOTANBZ"},"content":"                    System.out.println(\"____________________________________________________________\");","lastModifiedDate":"2026-01-28T04:07:30","isFullCredit":false},{"lineNumber":208,"author":{"gitId":"ELLIOTANBZ"},"content":"                    System.out.println(\"Boss, Event format: event \u003cdescription\u003e /from \u003cstart\u003e /to \u003cend\u003e\");","lastModifiedDate":"2026-01-28T04:07:30","isFullCredit":false},{"lineNumber":209,"author":{"gitId":"ELLIOTANBZ"},"content":"                    System.out.println(\"____________________________________________________________\");","lastModifiedDate":"2026-01-28T04:07:30","isFullCredit":false},{"lineNumber":210,"author":{"gitId":"ELLIOTANBZ"},"content":"                    continue;","lastModifiedDate":"2026-01-28T00:45:44","isFullCredit":false},{"lineNumber":211,"author":{"gitId":"ELLIOTANBZ"},"content":"                }","lastModifiedDate":"2026-01-28T00:45:44","isFullCredit":false},{"lineNumber":212,"author":{"gitId":"ELLIOTANBZ"},"content":"                try {","lastModifiedDate":"2026-01-28T04:57:00","isFullCredit":false},{"lineNumber":213,"author":{"gitId":"ELLIOTANBZ"},"content":"                    tasks.add(new Event(parts[0].trim(), parts[1].trim(), parts[2].trim()));","lastModifiedDate":"2026-01-28T04:57:00","isFullCredit":false},{"lineNumber":214,"author":{"gitId":"ELLIOTANBZ"},"content":"                    saveTasks();","lastModifiedDate":"2026-01-28T00:45:44","isFullCredit":false},{"lineNumber":215,"author":{"gitId":"ELLIOTANBZ"},"content":"                    System.out.println(\"____________________________________________________________\");","lastModifiedDate":"2026-01-19T01:05:09","isFullCredit":false},{"lineNumber":216,"author":{"gitId":"ELLIOTANBZ"},"content":"                    System.out.println(\"Got it Boss, added this task:\");","lastModifiedDate":"2026-01-19T10:00:19","isFullCredit":false},{"lineNumber":217,"author":{"gitId":"ELLIOTANBZ"},"content":"                    System.out.println(\" \" + tasks.get(tasks.size() - 1));","lastModifiedDate":"2026-01-28T00:45:44","isFullCredit":false},{"lineNumber":218,"author":{"gitId":"ELLIOTANBZ"},"content":"                    System.out.println(\"You now have \" + tasks.size() + \" tasks in your list.\");","lastModifiedDate":"2026-01-28T00:45:44","isFullCredit":false},{"lineNumber":219,"author":{"gitId":"ELLIOTANBZ"},"content":"                    System.out.println(\"____________________________________________________________\");","lastModifiedDate":"2026-01-19T10:00:19","isFullCredit":false},{"lineNumber":220,"author":{"gitId":"ELLIOTANBZ"},"content":"                } catch (DateTimeParseException e) {","lastModifiedDate":"2026-01-28T04:57:00","isFullCredit":false},{"lineNumber":221,"author":{"gitId":"ELLIOTANBZ"},"content":"                    System.out.println(\"____________________________________________________________\");","lastModifiedDate":"2026-01-28T04:07:30","isFullCredit":false},{"lineNumber":222,"author":{"gitId":"ELLIOTANBZ"},"content":"                    System.out.println(\"Boss, invalid date format. Use yyyy-MM-dd for events.\");","lastModifiedDate":"2026-01-28T04:57:00","isFullCredit":false},{"lineNumber":223,"author":{"gitId":"ELLIOTANBZ"},"content":"                    System.out.println(\"____________________________________________________________\");","lastModifiedDate":"2026-01-28T04:07:30","isFullCredit":false},{"lineNumber":224,"author":{"gitId":"ELLIOTANBZ"},"content":"                }","lastModifiedDate":"2026-01-28T04:07:30","isFullCredit":false},{"lineNumber":225,"author":{"gitId":"ELLIOTANBZ"},"content":"                continue;","lastModifiedDate":"2026-01-28T04:07:30","isFullCredit":false},{"lineNumber":226,"author":{"gitId":"ELLIOTANBZ"},"content":"            }","lastModifiedDate":"2026-01-28T04:07:30","isFullCredit":false},{"lineNumber":227,"author":{"gitId":"ELLIOTANBZ"},"content":"","lastModifiedDate":"2026-01-28T04:07:30","isFullCredit":false},{"lineNumber":228,"author":{"gitId":"ELLIOTANBZ"},"content":"            System.out.println(\"____________________________________________________________\");","lastModifiedDate":"2026-01-28T04:07:30","isFullCredit":false},{"lineNumber":229,"author":{"gitId":"ELLIOTANBZ"},"content":"            System.out.println(\"My apologies Boss, I don\u0027t understand that command.\");","lastModifiedDate":"2026-01-28T04:07:30","isFullCredit":false},{"lineNumber":230,"author":{"gitId":"ELLIOTANBZ"},"content":"            System.out.println(\"____________________________________________________________\");","lastModifiedDate":"2026-01-28T04:07:30","isFullCredit":false},{"lineNumber":231,"author":{"gitId":"ELLIOTANBZ"},"content":"        }","lastModifiedDate":"2026-01-19T01:05:09","isFullCredit":false},{"lineNumber":232,"author":{"gitId":"ELLIOTANBZ"},"content":"","lastModifiedDate":"2026-01-19T01:05:09","isFullCredit":false},{"lineNumber":233,"author":{"gitId":"ELLIOTANBZ"},"content":"        scanner.close();","lastModifiedDate":"2026-01-19T01:05:09","isFullCredit":false},{"lineNumber":234,"author":{"gitId":"ELLIOTANBZ"},"content":"    }","lastModifiedDate":"2026-01-19T00:35:00","isFullCredit":false},{"lineNumber":235,"author":{"gitId":"ELLIOTANBZ"},"content":"}","lastModifiedDate":"2026-01-19T00:35:00","isFullCredit":false}],"authorContributionMap":{"ELLIOTANBZ":235}},{"path":"src/main/java/Deadline.java","fileType":"java","lines":[{"lineNumber":1,"author":{"gitId":"ELLIOTANBZ"},"content":"import java.time.LocalDate;","lastModifiedDate":"2026-01-28T04:57:00","isFullCredit":false},{"lineNumber":2,"author":{"gitId":"ELLIOTANBZ"},"content":"import java.time.format.DateTimeFormatter;","lastModifiedDate":"2026-01-28T04:57:00","isFullCredit":false},{"lineNumber":3,"author":{"gitId":"ELLIOTANBZ"},"content":"","lastModifiedDate":"2026-01-28T04:57:00","isFullCredit":false},{"lineNumber":4,"author":{"gitId":"ELLIOTANBZ"},"content":"public class Deadline extends Task {","lastModifiedDate":"2026-01-19T10:00:19","isFullCredit":false},{"lineNumber":5,"author":{"gitId":"ELLIOTANBZ"},"content":"    protected LocalDate by;","lastModifiedDate":"2026-01-28T04:57:00","isFullCredit":false},{"lineNumber":6,"author":{"gitId":"ELLIOTANBZ"},"content":"","lastModifiedDate":"2026-01-28T04:57:00","isFullCredit":false},{"lineNumber":7,"author":{"gitId":"ELLIOTANBZ"},"content":"    private static final DateTimeFormatter INPUT_FORMAT \u003d DateTimeFormatter.ofPattern(\"yyyy-MM-dd\");","lastModifiedDate":"2026-01-28T04:57:00","isFullCredit":false},{"lineNumber":8,"author":{"gitId":"ELLIOTANBZ"},"content":"    private static final DateTimeFormatter OUTPUT_FORMAT \u003d DateTimeFormatter.ofPattern(\"MMM dd yyyy\");","lastModifiedDate":"2026-01-28T04:57:00","isFullCredit":false},{"lineNumber":9,"author":{"gitId":"ELLIOTANBZ"},"content":"","lastModifiedDate":"2026-01-19T10:00:19","isFullCredit":false},{"lineNumber":10,"author":{"gitId":"ELLIOTANBZ"},"content":"    public Deadline(String description, String by) {","lastModifiedDate":"2026-01-19T10:00:19","isFullCredit":false},{"lineNumber":11,"author":{"gitId":"ELLIOTANBZ"},"content":"        super(description);","lastModifiedDate":"2026-01-19T10:00:19","isFullCredit":false},{"lineNumber":12,"author":{"gitId":"ELLIOTANBZ"},"content":"        this.by \u003d LocalDate.parse(by, INPUT_FORMAT);","lastModifiedDate":"2026-01-28T04:57:00","isFullCredit":false},{"lineNumber":13,"author":{"gitId":"ELLIOTANBZ"},"content":"    }","lastModifiedDate":"2026-01-19T10:00:19","isFullCredit":false},{"lineNumber":14,"author":{"gitId":"ELLIOTANBZ"},"content":"","lastModifiedDate":"2026-01-19T10:00:19","isFullCredit":false},{"lineNumber":15,"author":{"gitId":"ELLIOTANBZ"},"content":"    @Override","lastModifiedDate":"2026-01-19T10:00:19","isFullCredit":false},{"lineNumber":16,"author":{"gitId":"ELLIOTANBZ"},"content":"    public String toString() {","lastModifiedDate":"2026-01-19T10:00:19","isFullCredit":false},{"lineNumber":17,"author":{"gitId":"ELLIOTANBZ"},"content":"        return \"[D]\" + super.toString() + \" (by: \" + by.format(OUTPUT_FORMAT) + \")\";","lastModifiedDate":"2026-01-28T04:57:00","isFullCredit":false},{"lineNumber":18,"author":{"gitId":"ELLIOTANBZ"},"content":"    }","lastModifiedDate":"2026-01-19T10:00:19","isFullCredit":false},{"lineNumber":19,"author":{"gitId":"ELLIOTANBZ"},"content":"","lastModifiedDate":"2026-01-28T00:45:44","isFullCredit":false},{"lineNumber":20,"author":{"gitId":"ELLIOTANBZ"},"content":"    @Override","lastModifiedDate":"2026-01-28T00:45:44","isFullCredit":false},{"lineNumber":21,"author":{"gitId":"ELLIOTANBZ"},"content":"    public String toStorageString() {","lastModifiedDate":"2026-01-28T00:45:44","isFullCredit":false},{"lineNumber":22,"author":{"gitId":"ELLIOTANBZ"},"content":"        return \"D | \" + (isDone ? \"1\" : \"0\") + \" | \" + description + \" | \" + by.toString();","lastModifiedDate":"2026-01-28T04:57:00","isFullCredit":false},{"lineNumber":23,"author":{"gitId":"ELLIOTANBZ"},"content":"    }","lastModifiedDate":"2026-01-28T00:45:44","isFullCredit":false},{"lineNumber":24,"author":{"gitId":"ELLIOTANBZ"},"content":"}","lastModifiedDate":"2026-01-19T10:00:19","isFullCredit":false}],"authorContributionMap":{"ELLIOTANBZ":24}},{"path":"src/main/java/Event.java","fileType":"java","lines":[{"lineNumber":1,"author":{"gitId":"ELLIOTANBZ"},"content":"import java.time.LocalDate;","lastModifiedDate":"2026-01-28T04:57:00","isFullCredit":false},{"lineNumber":2,"author":{"gitId":"ELLIOTANBZ"},"content":"import java.time.format.DateTimeFormatter;","lastModifiedDate":"2026-01-28T04:57:00","isFullCredit":false},{"lineNumber":3,"author":{"gitId":"ELLIOTANBZ"},"content":"","lastModifiedDate":"2026-01-28T04:57:00","isFullCredit":false},{"lineNumber":4,"author":{"gitId":"ELLIOTANBZ"},"content":"public class Event extends Task {","lastModifiedDate":"2026-01-19T10:00:19","isFullCredit":false},{"lineNumber":5,"author":{"gitId":"ELLIOTANBZ"},"content":"    protected LocalDate from;","lastModifiedDate":"2026-01-28T04:57:00","isFullCredit":false},{"lineNumber":6,"author":{"gitId":"ELLIOTANBZ"},"content":"    protected LocalDate to;","lastModifiedDate":"2026-01-28T04:57:00","isFullCredit":false},{"lineNumber":7,"author":{"gitId":"ELLIOTANBZ"},"content":"","lastModifiedDate":"2026-01-28T04:57:00","isFullCredit":false},{"lineNumber":8,"author":{"gitId":"ELLIOTANBZ"},"content":"    private static final DateTimeFormatter INPUT_FORMAT \u003d DateTimeFormatter.ofPattern(\"yyyy-MM-dd\");","lastModifiedDate":"2026-01-28T04:57:00","isFullCredit":false},{"lineNumber":9,"author":{"gitId":"ELLIOTANBZ"},"content":"    private static final DateTimeFormatter OUTPUT_FORMAT \u003d DateTimeFormatter.ofPattern(\"MMM dd yyyy\");","lastModifiedDate":"2026-01-28T04:57:00","isFullCredit":false},{"lineNumber":10,"author":{"gitId":"ELLIOTANBZ"},"content":"","lastModifiedDate":"2026-01-19T10:00:19","isFullCredit":false},{"lineNumber":11,"author":{"gitId":"ELLIOTANBZ"},"content":"    public Event(String description, String from, String to) {","lastModifiedDate":"2026-01-19T10:00:19","isFullCredit":false},{"lineNumber":12,"author":{"gitId":"ELLIOTANBZ"},"content":"        super(description);","lastModifiedDate":"2026-01-19T10:00:19","isFullCredit":false},{"lineNumber":13,"author":{"gitId":"ELLIOTANBZ"},"content":"        this.from \u003d LocalDate.parse(from, INPUT_FORMAT);","lastModifiedDate":"2026-01-28T04:57:00","isFullCredit":false},{"lineNumber":14,"author":{"gitId":"ELLIOTANBZ"},"content":"        this.to \u003d LocalDate.parse(to, INPUT_FORMAT);","lastModifiedDate":"2026-01-28T04:57:00","isFullCredit":false},{"lineNumber":15,"author":{"gitId":"ELLIOTANBZ"},"content":"    }","lastModifiedDate":"2026-01-19T10:00:19","isFullCredit":false},{"lineNumber":16,"author":{"gitId":"ELLIOTANBZ"},"content":"","lastModifiedDate":"2026-01-19T10:00:19","isFullCredit":false},{"lineNumber":17,"author":{"gitId":"ELLIOTANBZ"},"content":"    @Override","lastModifiedDate":"2026-01-19T10:00:19","isFullCredit":false},{"lineNumber":18,"author":{"gitId":"ELLIOTANBZ"},"content":"    public String toString() {","lastModifiedDate":"2026-01-19T10:00:19","isFullCredit":false},{"lineNumber":19,"author":{"gitId":"ELLIOTANBZ"},"content":"        return \"[E]\" + super.toString() + \" (from: \" + from.format(OUTPUT_FORMAT)","lastModifiedDate":"2026-01-28T04:57:00","isFullCredit":false},{"lineNumber":20,"author":{"gitId":"ELLIOTANBZ"},"content":"                + \" to: \" + to.format(OUTPUT_FORMAT) + \")\";","lastModifiedDate":"2026-01-28T04:57:00","isFullCredit":false},{"lineNumber":21,"author":{"gitId":"ELLIOTANBZ"},"content":"    }","lastModifiedDate":"2026-01-19T10:00:19","isFullCredit":false},{"lineNumber":22,"author":{"gitId":"ELLIOTANBZ"},"content":"","lastModifiedDate":"2026-01-19T10:00:19","isFullCredit":false},{"lineNumber":23,"author":{"gitId":"ELLIOTANBZ"},"content":"    @Override","lastModifiedDate":"2026-01-28T00:45:44","isFullCredit":false},{"lineNumber":24,"author":{"gitId":"ELLIOTANBZ"},"content":"    public String toStorageString() {","lastModifiedDate":"2026-01-28T00:45:44","isFullCredit":false},{"lineNumber":25,"author":{"gitId":"ELLIOTANBZ"},"content":"        return \"E | \" + (isDone ? \"1\" : \"0\") + \" | \" + description + \" | \"","lastModifiedDate":"2026-01-28T04:57:00","isFullCredit":false},{"lineNumber":26,"author":{"gitId":"ELLIOTANBZ"},"content":"                + from.toString() + \" | \" + to.toString();","lastModifiedDate":"2026-01-28T04:57:00","isFullCredit":false},{"lineNumber":27,"author":{"gitId":"ELLIOTANBZ"},"content":"    }","lastModifiedDate":"2026-01-28T00:45:44","isFullCredit":false},{"lineNumber":28,"author":{"gitId":"ELLIOTANBZ"},"content":"}","lastModifiedDate":"2026-01-28T00:45:44","isFullCredit":false}],"authorContributionMap":{"ELLIOTANBZ":28}},{"path":"src/main/java/Task.java","fileType":"java","lines":[{"lineNumber":1,"author":{"gitId":"ELLIOTANBZ"},"content":"public class Task {","lastModifiedDate":"2026-01-19T09:16:32","isFullCredit":false},{"lineNumber":2,"author":{"gitId":"ELLIOTANBZ"},"content":"    protected String description;","lastModifiedDate":"2026-01-19T09:16:32","isFullCredit":false},{"lineNumber":3,"author":{"gitId":"ELLIOTANBZ"},"content":"    protected boolean isDone;","lastModifiedDate":"2026-01-19T09:16:32","isFullCredit":false},{"lineNumber":4,"author":{"gitId":"ELLIOTANBZ"},"content":"","lastModifiedDate":"2026-01-19T09:16:32","isFullCredit":false},{"lineNumber":5,"author":{"gitId":"ELLIOTANBZ"},"content":"    public Task(String description) {","lastModifiedDate":"2026-01-19T09:16:32","isFullCredit":false},{"lineNumber":6,"author":{"gitId":"ELLIOTANBZ"},"content":"        this.description \u003d description;","lastModifiedDate":"2026-01-19T09:16:32","isFullCredit":false},{"lineNumber":7,"author":{"gitId":"ELLIOTANBZ"},"content":"        this.isDone \u003d false;","lastModifiedDate":"2026-01-19T09:16:32","isFullCredit":false},{"lineNumber":8,"author":{"gitId":"ELLIOTANBZ"},"content":"    }","lastModifiedDate":"2026-01-19T09:16:32","isFullCredit":false},{"lineNumber":9,"author":{"gitId":"ELLIOTANBZ"},"content":"","lastModifiedDate":"2026-01-19T09:16:32","isFullCredit":false},{"lineNumber":10,"author":{"gitId":"ELLIOTANBZ"},"content":"    public String getStatusIcon() {","lastModifiedDate":"2026-01-19T09:16:32","isFullCredit":false},{"lineNumber":11,"author":{"gitId":"ELLIOTANBZ"},"content":"        return (isDone ? \"X\" : \" \"); ","lastModifiedDate":"2026-01-28T04:57:00","isFullCredit":false},{"lineNumber":12,"author":{"gitId":"ELLIOTANBZ"},"content":"    }","lastModifiedDate":"2026-01-19T09:16:32","isFullCredit":false},{"lineNumber":13,"author":{"gitId":"ELLIOTANBZ"},"content":"","lastModifiedDate":"2026-01-19T09:16:32","isFullCredit":false},{"lineNumber":14,"author":{"gitId":"ELLIOTANBZ"},"content":"    public void markAsDone() {","lastModifiedDate":"2026-01-19T09:16:32","isFullCredit":false},{"lineNumber":15,"author":{"gitId":"ELLIOTANBZ"},"content":"        isDone \u003d true;","lastModifiedDate":"2026-01-19T09:16:32","isFullCredit":false},{"lineNumber":16,"author":{"gitId":"ELLIOTANBZ"},"content":"    }","lastModifiedDate":"2026-01-19T09:16:32","isFullCredit":false},{"lineNumber":17,"author":{"gitId":"ELLIOTANBZ"},"content":"","lastModifiedDate":"2026-01-19T09:16:32","isFullCredit":false},{"lineNumber":18,"author":{"gitId":"ELLIOTANBZ"},"content":"    public void markAsNotDone() {","lastModifiedDate":"2026-01-19T09:16:32","isFullCredit":false},{"lineNumber":19,"author":{"gitId":"ELLIOTANBZ"},"content":"        isDone \u003d false;","lastModifiedDate":"2026-01-19T09:16:32","isFullCredit":false},{"lineNumber":20,"author":{"gitId":"ELLIOTANBZ"},"content":"    }","lastModifiedDate":"2026-01-19T09:16:32","isFullCredit":false},{"lineNumber":21,"author":{"gitId":"ELLIOTANBZ"},"content":"","lastModifiedDate":"2026-01-19T09:16:32","isFullCredit":false},{"lineNumber":22,"author":{"gitId":"ELLIOTANBZ"},"content":"    @Override","lastModifiedDate":"2026-01-19T09:16:32","isFullCredit":false},{"lineNumber":23,"author":{"gitId":"ELLIOTANBZ"},"content":"    public String toString() {","lastModifiedDate":"2026-01-19T09:16:32","isFullCredit":false},{"lineNumber":24,"author":{"gitId":"ELLIOTANBZ"},"content":"        return \"[\" + getStatusIcon() + \"] \" + description;","lastModifiedDate":"2026-01-19T09:16:32","isFullCredit":false},{"lineNumber":25,"author":{"gitId":"ELLIOTANBZ"},"content":"    }","lastModifiedDate":"2026-01-19T09:16:32","isFullCredit":false},{"lineNumber":26,"author":{"gitId":"ELLIOTANBZ"},"content":"","lastModifiedDate":"2026-01-28T00:45:44","isFullCredit":false},{"lineNumber":27,"author":{"gitId":"ELLIOTANBZ"},"content":"    public String toStorageString() {","lastModifiedDate":"2026-01-28T00:45:44","isFullCredit":false},{"lineNumber":28,"author":{"gitId":"ELLIOTANBZ"},"content":"        return \"T | \" + (isDone ? \"1\" : \"0\") + \" | \" + description;","lastModifiedDate":"2026-01-28T00:45:44","isFullCredit":false},{"lineNumber":29,"author":{"gitId":"ELLIOTANBZ"},"content":"    }","lastModifiedDate":"2026-01-28T00:45:44","isFullCredit":false},{"lineNumber":30,"author":{"gitId":"ELLIOTANBZ"},"content":"","lastModifiedDate":"2026-01-28T00:45:44","isFullCredit":false},{"lineNumber":31,"author":{"gitId":"ELLIOTANBZ"},"content":"    public static Task fromStorageString(String line) {","lastModifiedDate":"2026-01-28T00:45:44","isFullCredit":false},{"lineNumber":32,"author":{"gitId":"ELLIOTANBZ"},"content":"        String[] parts \u003d line.split(\" \\\\| \");","lastModifiedDate":"2026-01-28T00:45:44","isFullCredit":false},{"lineNumber":33,"author":{"gitId":"ELLIOTANBZ"},"content":"        String type \u003d parts[0];","lastModifiedDate":"2026-01-28T00:45:44","isFullCredit":false},{"lineNumber":34,"author":{"gitId":"ELLIOTANBZ"},"content":"        boolean isDone \u003d parts[1].equals(\"1\");","lastModifiedDate":"2026-01-28T04:57:00","isFullCredit":false},{"lineNumber":35,"author":{"gitId":"ELLIOTANBZ"},"content":"        Task task;","lastModifiedDate":"2026-01-28T04:57:00","isFullCredit":false},{"lineNumber":36,"author":{"gitId":"ELLIOTANBZ"},"content":"","lastModifiedDate":"2026-01-28T00:45:44","isFullCredit":false},{"lineNumber":37,"author":{"gitId":"ELLIOTANBZ"},"content":"        switch (type) {","lastModifiedDate":"2026-01-28T00:45:44","isFullCredit":false},{"lineNumber":38,"author":{"gitId":"ELLIOTANBZ"},"content":"            case \"T\":","lastModifiedDate":"2026-01-28T00:45:44","isFullCredit":false},{"lineNumber":39,"author":{"gitId":"ELLIOTANBZ"},"content":"                task \u003d new ToDo(parts[2]);","lastModifiedDate":"2026-01-28T04:57:00","isFullCredit":false},{"lineNumber":40,"author":{"gitId":"ELLIOTANBZ"},"content":"                break;","lastModifiedDate":"2026-01-28T00:45:44","isFullCredit":false},{"lineNumber":41,"author":{"gitId":"ELLIOTANBZ"},"content":"            case \"D\":","lastModifiedDate":"2026-01-28T00:45:44","isFullCredit":false},{"lineNumber":42,"author":{"gitId":"ELLIOTANBZ"},"content":"                task \u003d new Deadline(parts[2], parts[3]);","lastModifiedDate":"2026-01-28T04:57:00","isFullCredit":false},{"lineNumber":43,"author":{"gitId":"ELLIOTANBZ"},"content":"                break;","lastModifiedDate":"2026-01-28T00:45:44","isFullCredit":false},{"lineNumber":44,"author":{"gitId":"ELLIOTANBZ"},"content":"            case \"E\":","lastModifiedDate":"2026-01-28T00:45:44","isFullCredit":false},{"lineNumber":45,"author":{"gitId":"ELLIOTANBZ"},"content":"                task \u003d new Event(parts[2], parts[3], parts[4]);","lastModifiedDate":"2026-01-28T04:57:00","isFullCredit":false},{"lineNumber":46,"author":{"gitId":"ELLIOTANBZ"},"content":"                break;","lastModifiedDate":"2026-01-28T00:45:44","isFullCredit":false},{"lineNumber":47,"author":{"gitId":"ELLIOTANBZ"},"content":"            default:","lastModifiedDate":"2026-01-28T00:45:44","isFullCredit":false},{"lineNumber":48,"author":{"gitId":"ELLIOTANBZ"},"content":"                throw new IllegalArgumentException(\"Unknown task type\");","lastModifiedDate":"2026-01-28T04:07:30","isFullCredit":false},{"lineNumber":49,"author":{"gitId":"ELLIOTANBZ"},"content":"        }","lastModifiedDate":"2026-01-28T00:45:44","isFullCredit":false},{"lineNumber":50,"author":{"gitId":"ELLIOTANBZ"},"content":"","lastModifiedDate":"2026-01-28T04:57:00","isFullCredit":false},{"lineNumber":51,"author":{"gitId":"ELLIOTANBZ"},"content":"        if (isDone) task.markAsDone();","lastModifiedDate":"2026-01-28T04:57:00","isFullCredit":false},{"lineNumber":52,"author":{"gitId":"ELLIOTANBZ"},"content":"        return task;","lastModifiedDate":"2026-01-28T04:57:00","isFullCredit":false},{"lineNumber":53,"author":{"gitId":"ELLIOTANBZ"},"content":"    }","lastModifiedDate":"2026-01-28T00:45:44","isFullCredit":false},{"lineNumber":54,"author":{"gitId":"ELLIOTANBZ"},"content":"}","lastModifiedDate":"2026-01-28T00:45:44","isFullCredit":false}],"authorContributionMap":{"ELLIOTANBZ":54}},{"path":"src/main/java/ToDo.java","fileType":"java","lines":[{"lineNumber":1,"author":{"gitId":"ELLIOTANBZ"},"content":"public class ToDo extends Task {","lastModifiedDate":"2026-01-19T10:00:19","isFullCredit":false},{"lineNumber":2,"author":{"gitId":"ELLIOTANBZ"},"content":"    public ToDo(String description) {","lastModifiedDate":"2026-01-19T10:00:19","isFullCredit":false},{"lineNumber":3,"author":{"gitId":"ELLIOTANBZ"},"content":"        super(description);","lastModifiedDate":"2026-01-19T10:00:19","isFullCredit":false},{"lineNumber":4,"author":{"gitId":"ELLIOTANBZ"},"content":"    }","lastModifiedDate":"2026-01-19T10:00:19","isFullCredit":false},{"lineNumber":5,"author":{"gitId":"ELLIOTANBZ"},"content":"","lastModifiedDate":"2026-01-19T10:00:19","isFullCredit":false},{"lineNumber":6,"author":{"gitId":"ELLIOTANBZ"},"content":"    @Override","lastModifiedDate":"2026-01-19T10:00:19","isFullCredit":false},{"lineNumber":7,"author":{"gitId":"ELLIOTANBZ"},"content":"    public String toString() {","lastModifiedDate":"2026-01-19T10:00:19","isFullCredit":false},{"lineNumber":8,"author":{"gitId":"ELLIOTANBZ"},"content":"        return \"[T]\" + super.toString();","lastModifiedDate":"2026-01-19T10:00:19","isFullCredit":false},{"lineNumber":9,"author":{"gitId":"ELLIOTANBZ"},"content":"    }","lastModifiedDate":"2026-01-19T10:00:19","isFullCredit":false},{"lineNumber":10,"author":{"gitId":"ELLIOTANBZ"},"content":"","lastModifiedDate":"2026-01-28T00:45:44","isFullCredit":false},{"lineNumber":11,"author":{"gitId":"ELLIOTANBZ"},"content":"    @Override","lastModifiedDate":"2026-01-28T00:45:44","isFullCredit":false},{"lineNumber":12,"author":{"gitId":"ELLIOTANBZ"},"content":"    public String toStorageString() {","lastModifiedDate":"2026-01-28T00:45:44","isFullCredit":false},{"lineNumber":13,"author":{"gitId":"ELLIOTANBZ"},"content":"        return \"T | \" + (isDone ? \"1\" : \"0\") + \" | \" + description;","lastModifiedDate":"2026-01-28T00:45:44","isFullCredit":false},{"lineNumber":14,"author":{"gitId":"ELLIOTANBZ"},"content":"    }","lastModifiedDate":"2026-01-28T00:45:44","isFullCredit":false},{"lineNumber":15,"author":{"gitId":"ELLIOTANBZ"},"content":"}","lastModifiedDate":"2026-01-19T10:00:19","isFullCredit":false}],"authorContributionMap":{"ELLIOTANBZ":15}},{"path":"src/main/java/data/bossa.txt","fileType":"txt","lines":[{"lineNumber":1,"author":{"gitId":"ELLIOTANBZ"},"content":"T | 1 | borrow book","lastModifiedDate":"2026-01-28T04:57:00","isFullCredit":false}],"authorContributionMap":{"ELLIOTANBZ":1}},{"path":"text-ui-test/input.txt","fileType":"txt","lines":[{"lineNumber":1,"author":{"gitId":"ELLIOTANBZ"},"content":"todo borrow book","lastModifiedDate":"2026-01-19T10:32:40","isFullCredit":false},{"lineNumber":2,"author":{"gitId":"ELLIOTANBZ"},"content":"deadline do homework /by no idea :-p","lastModifiedDate":"2026-01-19T10:32:40","isFullCredit":false},{"lineNumber":3,"author":{"gitId":"ELLIOTANBZ"},"content":"event orientation /from 4/10/2019 /to 11/10/2019","lastModifiedDate":"2026-01-19T10:32:40","isFullCredit":false},{"lineNumber":4,"author":{"gitId":"ELLIOTANBZ"},"content":"mark 1","lastModifiedDate":"2026-01-19T10:32:40","isFullCredit":false},{"lineNumber":5,"author":{"gitId":"ELLIOTANBZ"},"content":"list","lastModifiedDate":"2026-01-19T10:32:40","isFullCredit":false},{"lineNumber":6,"author":{"gitId":"ELLIOTANBZ"},"content":"todo ","lastModifiedDate":"2026-01-19T11:17:18","isFullCredit":false},{"lineNumber":7,"author":{"gitId":"ELLIOTANBZ"},"content":"blah","lastModifiedDate":"2026-01-19T11:17:18","isFullCredit":false},{"lineNumber":8,"author":{"gitId":"ELLIOTANBZ"},"content":"mark 10","lastModifiedDate":"2026-01-19T11:17:18","isFullCredit":false},{"lineNumber":9,"author":{"gitId":"ELLIOTANBZ"},"content":"deadline submit /by","lastModifiedDate":"2026-01-19T11:17:18","isFullCredit":false},{"lineNumber":10,"author":{"gitId":"ELLIOTANBZ"},"content":"event party /from /to","lastModifiedDate":"2026-01-19T11:17:18","isFullCredit":false},{"lineNumber":11,"author":{"gitId":"ELLIOTANBZ"},"content":"remove 1","lastModifiedDate":"2026-01-19T11:43:51","isFullCredit":false},{"lineNumber":12,"author":{"gitId":"ELLIOTANBZ"},"content":"bye","lastModifiedDate":"2026-01-19T10:32:40","isFullCredit":false}],"authorContributionMap":{"ELLIOTANBZ":12}},{"path":"text-ui-test/runtest.bat","fileType":"bat","lines":[{"lineNumber":1,"author":{"gitId":"-"},"content":"@ECHO OFF","lastModifiedDate":"2020-05-25T00:03:55","isFullCredit":false},{"lineNumber":2,"author":{"gitId":"-"},"content":"","lastModifiedDate":"2020-05-25T00:03:55","isFullCredit":false},{"lineNumber":3,"author":{"gitId":"-"},"content":"REM create bin directory if it doesn\u0027t exist","lastModifiedDate":"2020-05-25T00:03:55","isFullCredit":false},{"lineNumber":4,"author":{"gitId":"-"},"content":"if not exist ..\\bin mkdir ..\\bin","lastModifiedDate":"2020-05-25T00:03:55","isFullCredit":false},{"lineNumber":5,"author":{"gitId":"-"},"content":"","lastModifiedDate":"2020-05-25T00:03:55","isFullCredit":false},{"lineNumber":6,"author":{"gitId":"-"},"content":"REM delete output from previous run","lastModifiedDate":"2020-05-25T00:03:55","isFullCredit":false},{"lineNumber":7,"author":{"gitId":"-"},"content":"if exist ACTUAL.TXT del ACTUAL.TXT","lastModifiedDate":"2020-08-25T17:23:26","isFullCredit":false},{"lineNumber":8,"author":{"gitId":"-"},"content":"","lastModifiedDate":"2020-05-25T00:03:55","isFullCredit":false},{"lineNumber":9,"author":{"gitId":"-"},"content":"REM compile the code into the bin folder","lastModifiedDate":"2020-05-25T00:03:55","isFullCredit":false},{"lineNumber":10,"author":{"gitId":"-"},"content":"javac  -cp ..\\src\\main\\java -Xlint:none -d ..\\bin ..\\src\\main\\java\\*.java","lastModifiedDate":"2020-08-25T17:23:26","isFullCredit":false},{"lineNumber":11,"author":{"gitId":"-"},"content":"IF ERRORLEVEL 1 (","lastModifiedDate":"2020-05-25T00:03:55","isFullCredit":false},{"lineNumber":12,"author":{"gitId":"-"},"content":"    echo ********** BUILD FAILURE **********","lastModifiedDate":"2020-05-25T00:03:55","isFullCredit":false},{"lineNumber":13,"author":{"gitId":"-"},"content":"    exit /b 1","lastModifiedDate":"2020-05-25T00:03:55","isFullCredit":false},{"lineNumber":14,"author":{"gitId":"-"},"content":")","lastModifiedDate":"2020-05-25T00:03:55","isFullCredit":false},{"lineNumber":15,"author":{"gitId":"-"},"content":"REM no error here, errorlevel \u003d\u003d 0","lastModifiedDate":"2020-05-25T00:03:55","isFullCredit":false},{"lineNumber":16,"author":{"gitId":"-"},"content":"","lastModifiedDate":"2020-05-25T00:03:55","isFullCredit":false},{"lineNumber":17,"author":{"gitId":"-"},"content":"REM run the program, feed commands from input.txt file and redirect the output to the ACTUAL.TXT","lastModifiedDate":"2020-05-25T00:03:55","isFullCredit":false},{"lineNumber":18,"author":{"gitId":"ELLIOTANBZ"},"content":"java -classpath ..\\bin Bossa \u003c input.txt \u003e ACTUAL.TXT","lastModifiedDate":"2026-01-19T10:32:40","isFullCredit":false},{"lineNumber":19,"author":{"gitId":"-"},"content":"","lastModifiedDate":"2020-05-25T00:03:55","isFullCredit":false},{"lineNumber":20,"author":{"gitId":"-"},"content":"REM compare the output to the expected output","lastModifiedDate":"2020-05-25T00:03:55","isFullCredit":false},{"lineNumber":21,"author":{"gitId":"-"},"content":"FC ACTUAL.TXT EXPECTED.TXT","lastModifiedDate":"2020-05-25T00:03:55","isFullCredit":false}],"authorContributionMap":{"-":20,"ELLIOTANBZ":1}}]
