{"authorDailyContributionsMap":{"desnen":[{"date":"2026-01-23T00:00:00","commitResults":[{"hash":"c2ab9978ba7d95a7f38a22bf865630bac03e7278","isMergeCommit":false,"messageTitle":"Level-0","messageBody":"","fileTypesAndContributionMap":{"java":{"insertions":7,"deletions":10}}},{"hash":"74d657db78c3a8d39e4b05ef8b57c59296ffd28d","isMergeCommit":false,"messageTitle":"Level-1","messageBody":"","tags":["Level-1"],"fileTypesAndContributionMap":{"java":{"insertions":13,"deletions":2}}},{"hash":"c15e39f3671a20e62fdf433593062206b95592f4","isMergeCommit":false,"messageTitle":"Level-0","messageBody":"","tags":["Level-0"],"fileTypesAndContributionMap":{"java":{"insertions":2,"deletions":13}}},{"hash":"a6b0be49f864051db32c587a6e1def9373f6cbfc","isMergeCommit":false,"messageTitle":"Level-2","messageBody":"","tags":["Level-2"],"fileTypesAndContributionMap":{"java":{"insertions":28,"deletions":1}}},{"hash":"65906b6d58c10594b8d94bdb152a5aed94475464","isMergeCommit":false,"messageTitle":"Level-3","messageBody":"","tags":["Level-3"],"fileTypesAndContributionMap":{"java":{"insertions":41,"deletions":6}}}]}]},"authorFileTypeContributionMap":{"desnen":{"java":69,"md":0,"fxml":0,"sh":0,"bat":0,"gradle":0,"txt":0}},"authorContributionVariance":{"desnen":941.36005},"authorDisplayNameMap":{"desnen":"TOH .. YEE"}}
