{"authorDailyContributionsMap":{"Coding4NUS":[{"date":"2026-01-21T00:00:00","commitResults":[{"hash":"cbd55bf5055cb037961d1f14f8a2967bbaf92e58","isMergeCommit":false,"messageTitle":"Level-0 Rename, Greet, Exit","messageBody":"","fileTypesAndContributionMap":{"java":{"insertions":1,"deletions":0}}},{"hash":"d55b4c699cf2bdc393a094ad30447027692849a5","isMergeCommit":false,"messageTitle":"Level-0 Rename, Greet, Exit","messageBody":"","fileTypesAndContributionMap":{"java":{"insertions":10,"deletions":7}}},{"hash":"7f3bd4495fa3c5f2b3fd92c44d56afb94f1c3aeb","isMergeCommit":false,"messageTitle":"Level-1 Echo","messageBody":"","fileTypesAndContributionMap":{"java":{"insertions":24,"deletions":3}}},{"hash":"3dfbf709a8e0f47c67728fd72579834ceae2f3ed","isMergeCommit":false,"messageTitle":"Level-2 Add, List","messageBody":"","fileTypesAndContributionMap":{"java":{"insertions":24,"deletions":5}}},{"hash":"efc2ebd67c1380dafe3c0fe8f3f29e4a7d38c591","isMergeCommit":false,"messageTitle":"Level-3 Mark as Done","messageBody":"","fileTypesAndContributionMap":{"java":{"insertions":75,"deletions":5}}}]},{"date":"2026-01-22T00:00:00","commitResults":[{"hash":"cea59159ee8ba92fd3827b93d5715a2ef1e8e5eb","isMergeCommit":false,"messageTitle":"Level-4 ToDos, Events, Deadlines","messageBody":"","fileTypesAndContributionMap":{"java":{"insertions":102,"deletions":1}}}]},{"date":"2026-01-23T00:00:00","commitResults":[{"hash":"43d97cc3caf1a3cd7bdabf47b5bf316e4408e690","isMergeCommit":false,"messageTitle":"A-TextUiTesting: Automated Text UI Testing","messageBody":"","fileTypesAndContributionMap":{"txt":{"insertions":19,"deletions":0},"java":{"insertions":3,"deletions":11},"bat":{"insertions":1,"deletions":1},"sh":{"insertions":1,"deletions":1}}},{"hash":"006e8016e4d783c4b9e56ad1b0371ca9846ae93d","isMergeCommit":false,"messageTitle":"Level-5 Handle Errors","messageBody":"","fileTypesAndContributionMap":{"txt":{"insertions":6,"deletions":0},"java":{"insertions":156,"deletions":115}}},{"hash":"b03c6614ccb5e03a26b989af940716f021c78828","isMergeCommit":false,"messageTitle":"Level-6 Delete","messageBody":"","fileTypesAndContributionMap":{"txt":{"insertions":2,"deletions":0},"java":{"insertions":42,"deletions":25}}}]}]},"authorFileTypeContributionMap":{"Coding4NUS":{"java":272,"md":0,"fxml":0,"sh":1,"bat":1,"gradle":0,"txt":27}},"authorContributionVariance":{"Coding4NUS":10247.156},"authorDisplayNameMap":{"Coding4NUS":"WONG..UCAS"}}
