{"authorDailyContributionsMap":{"icyyolo":[{"date":"2026-01-17T00:00:00","commitResults":[{"hash":"04807bd209c9b4f05ba2a163a8581c083731bbfd","isMergeCommit":false,"messageTitle":"Added Greeting Message","messageBody":"","fileTypesAndContributionMap":{"java":{"insertions":14,"deletions":10}}},{"hash":"0dfa4e7861de5c21400ed3867fef6bbeac444b2f","isMergeCommit":false,"messageTitle":"Added Exit Message","messageBody":"","tags":["Level-0"],"fileTypesAndContributionMap":{"java":{"insertions":2,"deletions":0}}},{"hash":"843b744ebbdf853582a2cfd8fc10770d08de8a3a","isMergeCommit":false,"messageTitle":"Implemented Echo Functionality","messageBody":"","tags":["Level-1"],"fileTypesAndContributionMap":{"java":{"insertions":11,"deletions":0}}},{"hash":"3f1757994c13e96c94a7fb5d37e00c0ca5f22708","isMergeCommit":false,"messageTitle":"Abstracted Welcome and Goodbye Message into different functions","messageBody":"","fileTypesAndContributionMap":{"java":{"insertions":13,"deletions":5}}},{"hash":"aa94d38025b267215c089fdafb2c83c13590b46e","isMergeCommit":false,"messageTitle":"Added add to list functionality","messageBody":"","fileTypesAndContributionMap":{"java":{"insertions":10,"deletions":4}}},{"hash":"355473313d12470b741d1cac309e362b28236d9c","isMergeCommit":false,"messageTitle":"Added display list functionality","messageBody":"","tags":["Level-2"],"fileTypesAndContributionMap":{"java":{"insertions":5,"deletions":1}}},{"hash":"f652f8ba9309dbf08254d1a2277d9956b38de8cd","isMergeCommit":false,"messageTitle":"Added a Task Class","messageBody":"","fileTypesAndContributionMap":{"java":{"insertions":26,"deletions":3}}},{"hash":"f2c22a168b8344198b0c0dab6061f3812ba2cc0d","isMergeCommit":false,"messageTitle":"Mark as done functionality completed","messageBody":"","tags":["Level-3"],"fileTypesAndContributionMap":{"java":{"insertions":24,"deletions":5}}},{"hash":"02e5797d004f4c4c28877736c1108793066bb2f6","isMergeCommit":false,"messageTitle":"Added ToDo, Deadline and Event class files","messageBody":"","fileTypesAndContributionMap":{"java":{"insertions":39,"deletions":0}}},{"hash":"93edfe3791a873f936cc04c5482de5c13db697ae","isMergeCommit":false,"messageTitle":"Abstracted mark and unmark function","messageBody":"","fileTypesAndContributionMap":{"java":{"insertions":32,"deletions":14}}}]},{"date":"2026-01-18T00:00:00","commitResults":[{"hash":"b5800d7e084ef4d922abde352ae4128186224854","isMergeCommit":false,"messageTitle":"Added parsing method for ToDo","messageBody":"","fileTypesAndContributionMap":{"java":{"insertions":35,"deletions":0}}},{"hash":"3895f1f4357bb76852e0cacc8f5d28ce0cd242b4","isMergeCommit":false,"messageTitle":"Added parsing method for Deadline","messageBody":"","fileTypesAndContributionMap":{"java":{"insertions":27,"deletions":2}}},{"hash":"aaf310e2c8f55eb770c392a1210237137c0e1aed","isMergeCommit":false,"messageTitle":"Added parsing method for Event","messageBody":"","fileTypesAndContributionMap":{"java":{"insertions":33,"deletions":1}}},{"hash":"7db754b39bfe8dd25a0ff402c25284a0664a2012","isMergeCommit":false,"messageTitle":"refactored parseToDo with a more cleaner function","messageBody":"","tags":["Level-4"],"fileTypesAndContributionMap":{"java":{"insertions":4,"deletions":20}}},{"hash":"98425f08d6bcd25c69c04e4ab9958f14fb8cd841","isMergeCommit":false,"messageTitle":"Added some test cases for I/O redirection technique","messageBody":"","tags":["A-TextUiTesting"],"fileTypesAndContributionMap":{"txt":{"insertions":12,"deletions":0},"bat":{"insertions":1,"deletions":1}}},{"hash":"1b8f9458ccf6a36177bd86900a6fcd62ed53ce8b","isMergeCommit":false,"messageTitle":"Added exception message to parse ToDo","messageBody":"","fileTypesAndContributionMap":{"java":{"insertions":16,"deletions":9}}},{"hash":"881f36c19f83acd49360d9c204b960a9b8cdadd0","isMergeCommit":false,"messageTitle":"Added exception message to parseDeadline","messageBody":"","fileTypesAndContributionMap":{"java":{"insertions":15,"deletions":15}}},{"hash":"8a1a294187bfeaaaaa7206a4ddfa06f613ab1502","isMergeCommit":false,"messageTitle":"Added exception message to parseEvent","messageBody":"","fileTypesAndContributionMap":{"java":{"insertions":9,"deletions":12}}},{"hash":"f63a25d25ced68d4bd62113600871748ce8cff79","isMergeCommit":false,"messageTitle":"Refactored the chatbot loop into a separate function","messageBody":"","fileTypesAndContributionMap":{"java":{"insertions":14,"deletions":9}}},{"hash":"534f560bc29a3c188608631ed9261cecbcc23a2d","isMergeCommit":false,"messageTitle":"Refactor markTasks function, and added a few more exceptions to ading of tasks","messageBody":"","fileTypesAndContributionMap":{"java":{"insertions":51,"deletions":31}}},{"hash":"1e22e4cb2ad42566f07d10e400712a7efb3c7f7d","isMergeCommit":false,"messageTitle":"Fix formatting issue when adding deadine and event","messageBody":"","tags":["Level-5"],"fileTypesAndContributionMap":{"java":{"insertions":2,"deletions":2}}},{"hash":"158ecf0c08406da27a2d45a985d8e90fc88f647e","isMergeCommit":false,"messageTitle":"Added delete functionality","messageBody":"","fileTypesAndContributionMap":{"java":{"insertions":29,"deletions":0}}}]},{"date":"2026-01-22T00:00:00","commitResults":[{"hash":"39408e70b4456b086d083d7ec40c1f07dfe3a53f","isMergeCommit":false,"messageTitle":"Added test cases for delete and exception testing","messageBody":"","tags":["Level-6"],"fileTypesAndContributionMap":{"txt":{"insertions":28,"deletions":7}}}]},{"date":"2026-01-24T00:00:00","commitResults":[{"hash":"bf47137ebedfaddaf059ad4cde43662b75ae1033","isMergeCommit":false,"messageTitle":"Add file reading functionalities","messageBody":"","fileTypesAndContributionMap":{"java":{"insertions":68,"deletions":4}}},{"hash":"6d90953e38a6f6d484ce70504cc44d911618a0b7","isMergeCommit":false,"messageTitle":"Add init chatbot function","messageBody":"","fileTypesAndContributionMap":{"java":{"insertions":16,"deletions":8}}},{"hash":"fcef67251d745208826170e3a77b83faf1a66bff","isMergeCommit":false,"messageTitle":"Implemented add to text file after valid parsing of task","messageBody":"","fileTypesAndContributionMap":{"java":{"insertions":24,"deletions":5}}},{"hash":"fd257838f2d7c9f1fc28182ec8700c6e9d13e9ff","isMergeCommit":true,"messageTitle":"Merge branch \u0027branch-Level-7\u0027 Add save to file functionality","messageBody":"","tags":["Level-7"],"fileTypesAndContributionMap":{}},{"hash":"fd91cf8e761971a60c1e748811edb537f8a9902d","isMergeCommit":false,"messageTitle":"Add parse date function","messageBody":"","fileTypesAndContributionMap":{"java":{"insertions":19,"deletions":5}}},{"hash":"6fddbf9a555b37f17e2c829eca55f75fe7b61508","isMergeCommit":false,"messageTitle":"Add support for date in deadline task","messageBody":"","fileTypesAndContributionMap":{"java":{"insertions":19,"deletions":12}}},{"hash":"ca7d552b955e55e77a12eff669e15b6442517670","isMergeCommit":false,"messageTitle":"Add support for date in event task","messageBody":"","fileTypesAndContributionMap":{"java":{"insertions":9,"deletions":5}}},{"hash":"bac7cce217a4125abb610ee2b0f429f1d3520468","isMergeCommit":false,"messageTitle":"Add listing of dates in new format","messageBody":"","fileTypesAndContributionMap":{"java":{"insertions":12,"deletions":2}}},{"hash":"c5c73a7a36245e78e6d816fba0a5883e9a836b66","isMergeCommit":true,"messageTitle":"Merge branch \u0027branch-Level-8\u0027 Change dates from string type to LocalDate type","messageBody":"","tags":["Level-8"],"fileTypesAndContributionMap":{}}]},{"date":"2026-01-25T00:00:00","commitResults":[{"hash":"d89451fd019aabaacaf74513000360c403a1fcbc","isMergeCommit":false,"messageTitle":"Add new Ui package to handle UI for the bot","messageBody":"","fileTypesAndContributionMap":{"java":{"insertions":32,"deletions":2}}},{"hash":"2c575c62e722b6104f753a88032fcdf22bc13663","isMergeCommit":false,"messageTitle":"Add new Task package to abstract Task logic","messageBody":"","fileTypesAndContributionMap":{"java":{"insertions":46,"deletions":13}}},{"hash":"45ae717edd13dd1ba1f857a25b6974b6176d2de9","isMergeCommit":false,"messageTitle":"Add display delete Task and list Task array functionality to Ui","messageBody":"","fileTypesAndContributionMap":{"java":{"insertions":22,"deletions":24}}},{"hash":"8986303fcb126e0aae58b7a8531144b76721c4e4","isMergeCommit":false,"messageTitle":"Add display wrong command error message functionality to Ui","messageBody":"","fileTypesAndContributionMap":{"java":{"insertions":5,"deletions":1}}},{"hash":"792899839285ad52a6f8d1db1956b73b67fbc6a3","isMergeCommit":false,"messageTitle":"Add display exception message functionality to Ui","messageBody":"","fileTypesAndContributionMap":{"java":{"insertions":25,"deletions":21}}},{"hash":"8a95db5b2e673a45cbe78854d509de5f2493ca9a","isMergeCommit":false,"messageTitle":"Add display mark task functionaity to Ui","messageBody":"","fileTypesAndContributionMap":{"java":{"insertions":9,"deletions":5}}},{"hash":"2ca4daf2b47f3112c35e1179d755933741b5b62f","isMergeCommit":false,"messageTitle":"Add Todo into Task package","messageBody":"","fileTypesAndContributionMap":{"java":{"insertions":2,"deletions":32}}},{"hash":"6adb818cb293b84ec052d61ca9f14a06f0a38966","isMergeCommit":false,"messageTitle":"Add Deadline into Task package","messageBody":"","fileTypesAndContributionMap":{"java":{"insertions":23,"deletions":2}}},{"hash":"1e6e9bcc792b892316ec1c41827562a5a02b4a90","isMergeCommit":false,"messageTitle":"Add Event into Task package","messageBody":"","fileTypesAndContributionMap":{"java":{"insertions":2,"deletions":23}}},{"hash":"32a404ccd044c7539e44ce9cce645f01715fb6e9","isMergeCommit":true,"messageTitle":"Merge branch \u0027branch-Task-MoreOOP\u0027","messageBody":"","fileTypesAndContributionMap":{}},{"hash":"a57bcd5ccb98504741d3c4340eb5f8eee9d0ba98","isMergeCommit":false,"messageTitle":"Add tasklist class with addTask and toString method","messageBody":"","fileTypesAndContributionMap":{"java":{"insertions":49,"deletions":14}}},{"hash":"8b23876c6ec77d199274005133a49bf35b379585","isMergeCommit":false,"messageTitle":"Add get Task and delete Task functionality to TaskList","messageBody":"","fileTypesAndContributionMap":{"java":{"insertions":55,"deletions":30}}},{"hash":"e9d5987e2e3cdf168664d13fcf5fa535552bcbce","isMergeCommit":false,"messageTitle":"Refactored markList function to use taskList class","messageBody":"","fileTypesAndContributionMap":{"java":{"insertions":12,"deletions":13}}},{"hash":"c95c4b91e9c4cdb2fdf0b41a71a6c0e5e758d6af","isMergeCommit":false,"messageTitle":"Remove traces of arrayList tasks from zhongli.java","messageBody":"","fileTypesAndContributionMap":{"java":{"insertions":1,"deletions":1}}},{"hash":"d79d519cb0a9a130dad5881f59234cd88b61791a","isMergeCommit":false,"messageTitle":"Add parseDate method into parser class","messageBody":"","fileTypesAndContributionMap":{"java":{"insertions":26,"deletions":20}}},{"hash":"c6a4dbd932a6215725b0e4ce23de699e9637f233","isMergeCommit":false,"messageTitle":"Add parseToDo into Parser.java, and add 2 helper functions","messageBody":"","fileTypesAndContributionMap":{"java":{"insertions":24,"deletions":14}}},{"hash":"a4ed7770218102ead881d9a18f2b8c2597ab3805","isMergeCommit":false,"messageTitle":"Add parseToDo into Parser.java","messageBody":"","fileTypesAndContributionMap":{"java":{"insertions":14,"deletions":24}}},{"hash":"0e0c665abc2efd0ca52284ad3d9d08be943896ac","isMergeCommit":false,"messageTitle":"Add parseEvent into Parser.java","messageBody":"","fileTypesAndContributionMap":{"java":{"insertions":17,"deletions":35}}},{"hash":"3fd8e2e11552cd8295694c00b86ec3601cd0cd5d","isMergeCommit":true,"messageTitle":"Merge branch \u0027branch-Parser-MoreOOP\u0027","messageBody":"","fileTypesAndContributionMap":{}},{"hash":"8732045c990f84a977f1a8aa10c587cc29e877d2","isMergeCommit":false,"messageTitle":"Add readFile method to Storage.java","messageBody":"","fileTypesAndContributionMap":{"java":{"insertions":38,"deletions":19}}},{"hash":"2b78708b03d0609e2fbc407e8f313ef8028021e4","isMergeCommit":false,"messageTitle":"Add new methods to task, event, todo and deadline class to output text file format","messageBody":"","fileTypesAndContributionMap":{"java":{"insertions":63,"deletions":20}}},{"hash":"a341285bfb2fc42799730635ae1ed8a92fa6b62f","isMergeCommit":false,"messageTitle":"Add generic parse method for file text","messageBody":"","fileTypesAndContributionMap":{"java":{"insertions":42,"deletions":6}}},{"hash":"76721d6146bd440660eba02866ce1640a7d1e843","isMergeCommit":false,"messageTitle":"Add initialize Task List into Storage.java","messageBody":"","fileTypesAndContributionMap":{"java":{"insertions":51,"deletions":64}}},{"hash":"ac5beb0144e59a0270e3974203b49fbbf38fc822","isMergeCommit":true,"messageTitle":"Merge branch \u0027branch-Storage-MoreOOP\u0027","messageBody":"","fileTypesAndContributionMap":{}},{"hash":"34a37c1bc7279bb6365576b17439a78998b5219f","isMergeCommit":false,"messageTitle":"Fix bug regarding mark will not mark task","messageBody":"","fileTypesAndContributionMap":{"java":{"insertions":11,"deletions":4}}},{"hash":"789878855469ff0ea21d5de53b36e01670d2e680","isMergeCommit":false,"messageTitle":"Add an abstract command class","messageBody":"","fileTypesAndContributionMap":{"java":{"insertions":15,"deletions":0}}},{"hash":"7201d149e7eba9cdd304d5234c4b6c8f50b3cab0","isMergeCommit":false,"messageTitle":"Add addTaskCommand class","messageBody":"","fileTypesAndContributionMap":{"java":{"insertions":34,"deletions":0}}},{"hash":"65adef6115d729202e19b935652ca5b2938c5a21","isMergeCommit":false,"messageTitle":"Add listTaskCommand class","messageBody":"","fileTypesAndContributionMap":{"java":{"insertions":21,"deletions":0}}},{"hash":"a68f652f78a6a410383af2503953e8d28dff3686","isMergeCommit":false,"messageTitle":"Add Bye Command and Wrong Command and a run loop","messageBody":"","fileTypesAndContributionMap":{"java":{"insertions":114,"deletions":28}}},{"hash":"a6e1d937b417a7aa94b16e7e43af821be6d5eb09","isMergeCommit":false,"messageTitle":"Add MarkCommand class and function to parser","messageBody":"","fileTypesAndContributionMap":{"java":{"insertions":41,"deletions":4}}},{"hash":"c1d0dd7c452471fb5209f6ccda893375b16190f5","isMergeCommit":false,"messageTitle":"Add Unmark command class and function to parser","messageBody":"","fileTypesAndContributionMap":{"java":{"insertions":41,"deletions":6}}},{"hash":"15a10361ad06917e0bb9dbd7273d11babf40de49","isMergeCommit":false,"messageTitle":"Add delete command class and function to parser","messageBody":"","fileTypesAndContributionMap":{"java":{"insertions":41,"deletions":1}}},{"hash":"87dbb289487dba2948b722f70ee5f6558b492fb0","isMergeCommit":false,"messageTitle":"Clean up zhongli.java file","messageBody":"","tags":["A-MoreOOP"],"fileTypesAndContributionMap":{"java":{"insertions":0,"deletions":113}}},{"hash":"c9ad8712071b5fa20bd2177066d755d576240b5c","isMergeCommit":false,"messageTitle":"Organize project into suitable java packages","messageBody":"","tags":["A-Packages"],"fileTypesAndContributionMap":{"java":{"insertions":70,"deletions":76}}}]},{"date":"2026-01-26T00:00:00","commitResults":[{"hash":"c98351978c3d653eff55ea28da6b822883fd619e","isMergeCommit":true,"messageTitle":"Merge branch \u0027add-gradle-support\u0027","messageBody":"","tags":["A-Gradle"],"fileTypesAndContributionMap":{}},{"hash":"66f33f1104ef04e14e371ee0674a95ef552e4b86","isMergeCommit":false,"messageTitle":"Add toDoTest file with a few test cases","messageBody":"","fileTypesAndContributionMap":{"gradle":{"insertions":2,"deletions":1},"java":{"insertions":35,"deletions":0}}}]},{"date":"2026-01-27T00:00:00","commitResults":[{"hash":"5b9dbcae72fa5ba668d05bf108720855e51e3d5c","isMergeCommit":false,"messageTitle":"Add more test cases to ToDoTest.java","messageBody":"","fileTypesAndContributionMap":{"java":{"insertions":22,"deletions":2}}},{"hash":"840b0dc3a01789832ff7f09f8d147808864418b6","isMergeCommit":false,"messageTitle":"Add test cases to TaskTest.java","messageBody":"","fileTypesAndContributionMap":{"java":{"insertions":35,"deletions":0}}},{"hash":"4b45dfe8871583b84cfd20b51d97e5f1868062a9","isMergeCommit":false,"messageTitle":"Add test cases to DeadlineTest.java","messageBody":"","fileTypesAndContributionMap":{"java":{"insertions":56,"deletions":1}}},{"hash":"1db922dfe071813482b5d76c38d80919a3b2f3bb","isMergeCommit":false,"messageTitle":"Add test cases to EventTest.java","messageBody":"","fileTypesAndContributionMap":{"java":{"insertions":58,"deletions":0}}}]},{"date":"2026-01-29T00:00:00","commitResults":[{"hash":"9df62bb13bd04fa0624340935067d339c4af1c15","isMergeCommit":false,"messageTitle":"Add test cases to ParserTest.java","messageBody":"","fileTypesAndContributionMap":{"java":{"insertions":83,"deletions":0}}},{"hash":"3323c82ac249b9f25cc0bbe7db19034170fe1689","isMergeCommit":false,"messageTitle":"Add more test cases to ParserTest.java","messageBody":"","fileTypesAndContributionMap":{"java":{"insertions":127,"deletions":0}}},{"hash":"b12de7e4c9cbc32452314015941e62cf90bbf13f","isMergeCommit":true,"messageTitle":"Merge branch \u0027branch-A-JUnit\u0027","messageBody":"","tags":["A-JUnit"],"fileTypesAndContributionMap":{}},{"hash":"141f1637a83c4abfbe3420c9686841fb58dac489","isMergeCommit":false,"messageTitle":"Package app as Jar file","messageBody":"","tags":["A-Jar"],"fileTypesAndContributionMap":{"gradle":{"insertions":1,"deletions":1}}},{"hash":"83d26fc4d1595c8e1ca61f45c7973da971b8a95f","isMergeCommit":false,"messageTitle":"Add javaDoc comments to Parser.java","messageBody":"","fileTypesAndContributionMap":{"java":{"insertions":118,"deletions":0}}},{"hash":"3175a0619ab31e2274a3d50d925e2110d18fc53a","isMergeCommit":false,"messageTitle":"Add javaDoc comments to Storage.java","messageBody":"","fileTypesAndContributionMap":{"java":{"insertions":29,"deletions":0}}},{"hash":"d2fec2961d3c8d848759b1da2a166c8985094a51","isMergeCommit":false,"messageTitle":"Add javaDoc comments to Event.java","messageBody":"","fileTypesAndContributionMap":{"java":{"insertions":7,"deletions":0}}},{"hash":"54fa74e95584711d998222178101687e344796e3","isMergeCommit":false,"messageTitle":"Add javaDoc comments to Deadline.java","messageBody":"","fileTypesAndContributionMap":{"java":{"insertions":10,"deletions":4}}},{"hash":"afc0eb5478985375f31de46a208b44a618b767d5","isMergeCommit":false,"messageTitle":"Add javaDoc comments to ToDo.java","messageBody":"","fileTypesAndContributionMap":{"java":{"insertions":6,"deletions":0}}}]},{"date":"2026-01-30T00:00:00","commitResults":[{"hash":"6f19ec8ea7a2a22cf16538a23f6c9bf064371e07","isMergeCommit":false,"messageTitle":"Add javaDoc comments to Task.java","messageBody":"","fileTypesAndContributionMap":{"java":{"insertions":31,"deletions":1}}},{"hash":"b20786e4d82381f4deef9a33f8e024334e49d3e8","isMergeCommit":false,"messageTitle":"Add javaDoc comments to TaskList.java","messageBody":"","fileTypesAndContributionMap":{"java":{"insertions":38,"deletions":0}}},{"hash":"4d1376642994840131c7ca5e3525b6ce6d5a2c84","isMergeCommit":false,"messageTitle":"Add javaDoc comments to AddTaskCommand.java","messageBody":"","fileTypesAndContributionMap":{"java":{"insertions":8,"deletions":1}}},{"hash":"4c4e0b12cd0faf1baf4aee5b81435c5c45ebf2cb","isMergeCommit":false,"messageTitle":"Add javaDoc comments to ByeCommand.java","messageBody":"","fileTypesAndContributionMap":{"java":{"insertions":5,"deletions":0}}},{"hash":"6bdc3536688d017b115bdd74ed48895f4808db29","isMergeCommit":false,"messageTitle":"Add javaDoc comments to Command.java","messageBody":"","fileTypesAndContributionMap":{"java":{"insertions":8,"deletions":0}}},{"hash":"c6f2ee8243da62e08b84dde39dd233d2192ea195","isMergeCommit":false,"messageTitle":"Add javaDoc comments to DeleteCommand.java","messageBody":"","fileTypesAndContributionMap":{"java":{"insertions":7,"deletions":0}}},{"hash":"d4fd4e63e0af216bb4ebab33d8e1d30ce2bfb523","isMergeCommit":false,"messageTitle":"Add javaDoc comments to ListTaskCommand.java","messageBody":"","fileTypesAndContributionMap":{"java":{"insertions":4,"deletions":0}}},{"hash":"82f755b2afff3d7a6ba100a3186274c1cba08ac1","isMergeCommit":false,"messageTitle":"Add javaDoc comments to MarkCommand.java","messageBody":"","fileTypesAndContributionMap":{"java":{"insertions":8,"deletions":1}}},{"hash":"a6c0c26cb11969d6c839622364cfa8f3ac5c366b","isMergeCommit":false,"messageTitle":"Add javaDoc comments to UnmarkCommand.java","messageBody":"","fileTypesAndContributionMap":{"java":{"insertions":7,"deletions":0}}},{"hash":"b798c86d2031c0baf509915965a7a390c14993f6","isMergeCommit":false,"messageTitle":"Add javaDoc comments to WrongCommand.java","messageBody":"","fileTypesAndContributionMap":{"java":{"insertions":5,"deletions":0}}},{"hash":"87fde1ffb16c9a1f7852fef1f305e897e632fe26","isMergeCommit":false,"messageTitle":"Fix javaDoc comments in command folder","messageBody":"","fileTypesAndContributionMap":{"java":{"insertions":7,"deletions":7}}},{"hash":"fa7dc0ce8ce3189e7b9cb09a7bdf7102fc180a17","isMergeCommit":false,"messageTitle":"Fix javaDoc comments in parser folder","messageBody":"","fileTypesAndContributionMap":{"java":{"insertions":47,"deletions":59}}},{"hash":"2b18b4fd99fffbac4b7eaf34705951c6bbb5955d","isMergeCommit":false,"messageTitle":"Fix javaDoc comments in storage folder","messageBody":"","fileTypesAndContributionMap":{"java":{"insertions":16,"deletions":16}}},{"hash":"71ba0b7295b76b53cc9ffb4e1598b196911ea25e","isMergeCommit":false,"messageTitle":"Fix javaDoc comments in task folder","messageBody":"","fileTypesAndContributionMap":{"java":{"insertions":5,"deletions":7}}},{"hash":"ed8b08d0162881417d81fd796dbbf06d9f8337b0","isMergeCommit":false,"messageTitle":"Fix javaDoc comments in taskList folder","messageBody":"","fileTypesAndContributionMap":{"java":{"insertions":14,"deletions":17}}},{"hash":"699d5880c671d0293f9c27974b6cea4a20ccee65","isMergeCommit":true,"messageTitle":"Merge branch \u0027branch-A-JavaDoc\u0027","messageBody":"","fileTypesAndContributionMap":{}},{"hash":"25fb470aec5ef3a5382f102989d71319a087e5c2","isMergeCommit":false,"messageTitle":"Apply coding standards to command file","messageBody":"","fileTypesAndContributionMap":{"java":{"insertions":15,"deletions":1}}},{"hash":"522c1a9dfe9a1ec97eff036d63f65eb69f8f1ab4","isMergeCommit":false,"messageTitle":"Apply coding standards to parser package","messageBody":"","fileTypesAndContributionMap":{"java":{"insertions":26,"deletions":0}}},{"hash":"c25fd0ee7ed3cd5827344b9c70726b9995aab12b","isMergeCommit":false,"messageTitle":"Apply coding standards to storage package","messageBody":"","fileTypesAndContributionMap":{"java":{"insertions":11,"deletions":1}}},{"hash":"c835351fb4daa71d1a6a678f7557355c966c34e0","isMergeCommit":false,"messageTitle":"Apply coding standards to ui package","messageBody":"","fileTypesAndContributionMap":{"java":{"insertions":5,"deletions":1}}},{"hash":"4876ed23341379e4952fe37d5a3cfdfef1a03291","isMergeCommit":false,"messageTitle":"Update coding standards to ui package","messageBody":"","fileTypesAndContributionMap":{"java":{"insertions":2,"deletions":1}}},{"hash":"0a4cc3860d4be3763c6eacb98ec4d38101250e5c","isMergeCommit":false,"messageTitle":"Update coding standards to zhongli class","messageBody":"","fileTypesAndContributionMap":{"java":{"insertions":8,"deletions":3}}},{"hash":"d9bf4380c8f79546440841357130dd48d3a3a253","isMergeCommit":true,"messageTitle":"Merge master with branch-A-Coding-Standard","messageBody":"","tags":["A-JavaDoc","A-CodingStandard"],"fileTypesAndContributionMap":{}},{"hash":"42f2f63b37373e4f3d9f1f8645451977d0416e35","isMergeCommit":false,"messageTitle":"Add FindCommand class","messageBody":"","fileTypesAndContributionMap":{"java":{"insertions":20,"deletions":0}}},{"hash":"0ad8554ca095fd3d3053869e5fef542eaf8ec48d","isMergeCommit":false,"messageTitle":"Add input parsing to run in FindCommand class","messageBody":"","fileTypesAndContributionMap":{"java":{"insertions":22,"deletions":2}}},{"hash":"c775349126557fbc909f1a02ac158af50857abd1","isMergeCommit":false,"messageTitle":"Add search functionality to tasklist","messageBody":"","fileTypesAndContributionMap":{"java":{"insertions":34,"deletions":2}}},{"hash":"a58a4b4cc950b0fa1c25b58c5cc8f8f76786c355","isMergeCommit":false,"messageTitle":"Add display find message functionality","messageBody":"","fileTypesAndContributionMap":{"java":{"insertions":13,"deletions":2}}},{"hash":"150aed8423a7a339632b778725ae13c436e70a1c","isMergeCommit":true,"messageTitle":"Merge master with branch-Level-9","messageBody":"","tags":["Level-9"],"fileTypesAndContributionMap":{}}]},{"date":"2026-01-31T00:00:00","commitResults":[{"hash":"781925e217c7af6ff5baa653ab921cdd957bc222","isMergeCommit":false,"messageTitle":"Add checkstyle to build.gradle","messageBody":"","fileTypesAndContributionMap":{"gradle":{"insertions":5,"deletions":0}}},{"hash":"5a7ffbd7953c12e0574d3de497bf27bd5943454f","isMergeCommit":false,"messageTitle":"Rename packages to lowercase","messageBody":"","fileTypesAndContributionMap":{"java":{"insertions":83,"deletions":84},"bat":{"insertions":1,"deletions":1}}},{"hash":"5afc1d89d68ed69e40291dc199095dd8f49d062d","isMergeCommit":false,"messageTitle":"Update checkstyle for ZhongliException.java","messageBody":"","fileTypesAndContributionMap":{"java":{"insertions":16,"deletions":12}}},{"hash":"f2161728ec01307f4c557ba0ec6c34200a51b683","isMergeCommit":false,"messageTitle":"Fix checkstyle in Deadline/java","messageBody":"","fileTypesAndContributionMap":{"java":{"insertions":4,"deletions":0}}},{"hash":"c573b5dac2f8d122f9dd48b8645522c3bca8ddde","isMergeCommit":false,"messageTitle":"Fix checkstyle in ToDo.java","messageBody":"","fileTypesAndContributionMap":{"java":{"insertions":5,"deletions":1}}},{"hash":"3df4750bbd8047694d1e4d8b8c5fabc8f3bc55b0","isMergeCommit":false,"messageTitle":"Fix checkstyle in Task.java","messageBody":"","fileTypesAndContributionMap":{"java":{"insertions":8,"deletions":3}}},{"hash":"7d2e04fca2996246e18b303b6f6c4f4c15fbb75d","isMergeCommit":false,"messageTitle":"Fix checkstyle in DeleteCommand.java","messageBody":"","fileTypesAndContributionMap":{"java":{"insertions":7,"deletions":2}}},{"hash":"5a15f918de68905f01a795247f671e1d806b5018","isMergeCommit":false,"messageTitle":"Fix checkstyle in ByeCommand.java","messageBody":"","fileTypesAndContributionMap":{"java":{"insertions":2,"deletions":2}}},{"hash":"9d85864e5b30bf734e24d00f5963f5237882ce98","isMergeCommit":false,"messageTitle":"Fix checkstyle in AddTaskCommand.java","messageBody":"","fileTypesAndContributionMap":{"java":{"insertions":7,"deletions":2}}},{"hash":"40b89667b25bbd30a2ad4e3939969887880cfbd1","isMergeCommit":false,"messageTitle":"Fix checkstyle in TaskList.java","messageBody":"","fileTypesAndContributionMap":{"java":{"insertions":16,"deletions":14}}},{"hash":"57b653208191f21aa4706c2def6f021514c9a809","isMergeCommit":false,"messageTitle":"Fix checkstyle in Event.java","messageBody":"","fileTypesAndContributionMap":{"java":{"insertions":7,"deletions":2}}},{"hash":"5a0611f1722cd14da8f3f206986c1d64e256a022","isMergeCommit":false,"messageTitle":"Fix checkstyle in FindCommand.java","messageBody":"","fileTypesAndContributionMap":{"java":{"insertions":12,"deletions":1}}},{"hash":"a3a21921ca3e992ab6e2cf56eaa3ce12add69616","isMergeCommit":false,"messageTitle":"Fix checkstyle in Storage.java","messageBody":"","fileTypesAndContributionMap":{"java":{"insertions":13,"deletions":5}}},{"hash":"b5d8e040ba86f7d6ef5bde80241e7db53935feac","isMergeCommit":false,"messageTitle":"Fix checkstyle in UnmarkCommand.java","messageBody":"","fileTypesAndContributionMap":{"java":{"insertions":10,"deletions":4}}},{"hash":"abca48a885eacba8f3d4f58d23bc23aa32b5c811","isMergeCommit":false,"messageTitle":"Fix checkstyle in MarkCommand.java","messageBody":"","fileTypesAndContributionMap":{"java":{"insertions":11,"deletions":5}}},{"hash":"d5496ae69cad8a35e15cfd8aeb91f9ebfa5da510","isMergeCommit":false,"messageTitle":"Fix checkstyle in Zhongli.java","messageBody":"","fileTypesAndContributionMap":{"java":{"insertions":18,"deletions":6}}},{"hash":"18a9f1bdb1b69333c37e107a20366a401becea2a","isMergeCommit":false,"messageTitle":"Fix checkstyle in Ui.java","messageBody":"","fileTypesAndContributionMap":{"java":{"insertions":51,"deletions":4}}},{"hash":"1971249285a24318e91717b107da9208b1ee17a9","isMergeCommit":false,"messageTitle":"Fix checkstyle in Parser.java","messageBody":"","fileTypesAndContributionMap":{"java":{"insertions":40,"deletions":22}}},{"hash":"37c984c729668713b6c8e81f903593c8f2c75a7c","isMergeCommit":false,"messageTitle":"Fix checkstyle in test task folder","messageBody":"","fileTypesAndContributionMap":{"java":{"insertions":12,"deletions":10}}},{"hash":"01d7c3644f98f266c60591c51bd1e4d736f12242","isMergeCommit":false,"messageTitle":"Fix checkstyle in ParserTest.java","messageBody":"","fileTypesAndContributionMap":{"java":{"insertions":28,"deletions":27}}},{"hash":"75dd72731ce17ca7a0c5f14a2f46dace1dbaa4c7","isMergeCommit":true,"messageTitle":"Merge branch \u0027branch-A-CheckStyle\u0027","messageBody":"","tags":["A-CheckStyle"],"fileTypesAndContributionMap":{}}]},{"date":"2026-02-01T00:00:00","commitResults":[{"hash":"f0ab603894beb6164b84963c3f33b2c7c670d4fd","isMergeCommit":false,"messageTitle":"Add dependencies to build.gradle","messageBody":"","fileTypesAndContributionMap":{"gradle":{"insertions":15,"deletions":0}}},{"hash":"e9d5e8ae8ac430e6f2d214ec7624eea027da0876","isMergeCommit":false,"messageTitle":"Add launcher and main class for gui","messageBody":"","fileTypesAndContributionMap":{"gradle":{"insertions":3,"deletions":2},"java":{"insertions":34,"deletions":0}}},{"hash":"568b086b3bec0fd18414769a0780c96d50a4ccd1","isMergeCommit":false,"messageTitle":"Add 2 photos and main window class","messageBody":"","fileTypesAndContributionMap":{"java":{"insertions":43,"deletions":0}}},{"hash":"57b674864fd0f3baa1808996f0b04febeceb5a58","isMergeCommit":false,"messageTitle":"Add dialog box class","messageBody":"","fileTypesAndContributionMap":{"java":{"insertions":60,"deletions":0}}},{"hash":"462b3082a7a9b585f45aa0b10d59008173b69571","isMergeCommit":false,"messageTitle":"Add main window and dialog box fxml file","messageBody":"","fileTypesAndContributionMap":{"fxml":{"insertions":67,"deletions":0}}},{"hash":"eaf8729611c0e6adad45ded84e41dbbc995960bf","isMergeCommit":false,"messageTitle":"Add welcome message to gui","messageBody":"","fileTypesAndContributionMap":{"java":{"insertions":30,"deletions":6}}},{"hash":"962535f5a697d5894d92a2489c4581262bf212dd","isMergeCommit":false,"messageTitle":"Interface zhongli class with gui","messageBody":"","fileTypesAndContributionMap":{"java":{"insertions":52,"deletions":3}}},{"hash":"452051f5f10d31a1dc6679d9d92b22f8857f84b1","isMergeCommit":false,"messageTitle":"Add placeholder text for gui to all commands","messageBody":"","fileTypesAndContributionMap":{"java":{"insertions":49,"deletions":4}}},{"hash":"838b46cbb0edacf2c9ff794358316634fd586abb","isMergeCommit":false,"messageTitle":"Update correct output for list command","messageBody":"","fileTypesAndContributionMap":{"java":{"insertions":1,"deletions":1}}},{"hash":"772d7c4c39adbb60cdbce13cd1974ec950fae0b6","isMergeCommit":false,"messageTitle":"Update correct output for add task command","messageBody":"","fileTypesAndContributionMap":{"java":{"insertions":25,"deletions":1}}},{"hash":"25b24befff5303f9ab80675163d3d5da5a923b80","isMergeCommit":false,"messageTitle":"Update correct output for delete task command","messageBody":"","fileTypesAndContributionMap":{"java":{"insertions":27,"deletions":1}}},{"hash":"ac7ec19d8797667f251662b92eab015d34f6ee58","isMergeCommit":false,"messageTitle":"Update correct output for find task command","messageBody":"","fileTypesAndContributionMap":{"java":{"insertions":31,"deletions":1}}},{"hash":"505ee378213ab9ae5c7904c8c6942cbed4a7d33c","isMergeCommit":false,"messageTitle":"Update correct output for mark task command","messageBody":"","fileTypesAndContributionMap":{"java":{"insertions":32,"deletions":5}}},{"hash":"d53bef81b823e234940d8146c0563000cf11c877","isMergeCommit":false,"messageTitle":"Update correct output for unmark task command","messageBody":"","fileTypesAndContributionMap":{"java":{"insertions":20,"deletions":1}}},{"hash":"c4df6393c934c873871d241d41dc8e994563de87","isMergeCommit":false,"messageTitle":"Fix full list not showing issue","messageBody":"","fileTypesAndContributionMap":{"fxml":{"insertions":4,"deletions":2}}}]},{"date":"2026-02-04T00:00:00","commitResults":[{"hash":"8f4c9a0569bb8ea7ffa40707734e122e95adb52a","isMergeCommit":false,"messageTitle":"Update build.gradle to correct version","messageBody":"","fileTypesAndContributionMap":{"gradle":{"insertions":1,"deletions":1}}},{"hash":"2275ef95e9bf87f38f28efb1238817aa1b119921","isMergeCommit":false,"messageTitle":"Anchor elements in fxml file","messageBody":"","fileTypesAndContributionMap":{"fxml":{"insertions":28,"deletions":16},"java":{"insertions":0,"deletions":1}}},{"hash":"8b89e54881e94adf015d9330bbd15f837d920d9b","isMergeCommit":false,"messageTitle":"Update the minimum width and height of gui","messageBody":"","fileTypesAndContributionMap":{"java":{"insertions":2,"deletions":0}}},{"hash":"2489e831bda2b207006ce10ca672e0bff918b54e","isMergeCommit":false,"messageTitle":"Add style to main window fxml","messageBody":"","fileTypesAndContributionMap":{"fxml":{"insertions":5,"deletions":42}}},{"hash":"b1e2bfa8b9b85a8c77d3c852208c61905efdd494","isMergeCommit":false,"messageTitle":"Add dark mode style to gui","messageBody":"","fileTypesAndContributionMap":{"fxml":{"insertions":2,"deletions":2}}},{"hash":"e0ab86d4bfb2e229128fbeeec4707e5abd1965bc","isMergeCommit":false,"messageTitle":"Add new gui class to handle chats","messageBody":"","fileTypesAndContributionMap":{"java":{"insertions":32,"deletions":5}}},{"hash":"c893f354b163ba05a3b6efb5934352a077f8c54c","isMergeCommit":false,"messageTitle":"Update duke dialog to zhongli dialog","messageBody":"","fileTypesAndContributionMap":{"java":{"insertions":3,"deletions":4}}}]},{"date":"2026-02-05T00:00:00","commitResults":[{"hash":"e4eac6c2cfa4d83289e5ba5c3516bc754adadbd2","isMergeCommit":false,"messageTitle":"Add gui for displaying task","messageBody":"","fileTypesAndContributionMap":{"fxml":{"insertions":29,"deletions":9},"java":{"insertions":107,"deletions":2}}},{"hash":"e1eaab2c0c6bd9144896df2b8e992e5cb71080f4","isMergeCommit":false,"messageTitle":"Add checkboxes to tasklist in gui","messageBody":"","fileTypesAndContributionMap":{"java":{"insertions":60,"deletions":22},"md":{"insertions":6,"deletions":0}}},{"hash":"863dbf9fa49af767a0bd30444b565ff0c9d9f502","isMergeCommit":false,"messageTitle":"Abstract gui task logic to task class","messageBody":"","fileTypesAndContributionMap":{"java":{"insertions":50,"deletions":35}}},{"hash":"987b89bf26938528cd61710c3701adcdce3393d4","isMergeCommit":false,"messageTitle":"Make gui nicer for list","messageBody":"","fileTypesAndContributionMap":{"java":{"insertions":88,"deletions":3}}},{"hash":"a78f6f591ec6e08e14c02bfbbf0b94b01601ae0f","isMergeCommit":false,"messageTitle":"Abstract gui from task to ListItem","messageBody":"","fileTypesAndContributionMap":{"java":{"insertions":117,"deletions":93}}},{"hash":"e36c5013f447eedc8b7cb3494e3561bc5dabdf8b","isMergeCommit":false,"messageTitle":"Add styling to messages","messageBody":"","fileTypesAndContributionMap":{"fxml":{"insertions":29,"deletions":5},"java":{"insertions":7,"deletions":4}}},{"hash":"26db7e486707f73c1261560b4984ff7166e2fcb0","isMergeCommit":false,"messageTitle":"Improve add task command gui","messageBody":"","fileTypesAndContributionMap":{"java":{"insertions":53,"deletions":13}}},{"hash":"fbe038d96f706ec6571b0affdbedf5faabbc4d08","isMergeCommit":false,"messageTitle":"Improve bye command gui","messageBody":"","fileTypesAndContributionMap":{"java":{"insertions":11,"deletions":1}}},{"hash":"4afca3ba4b491015ee84d01ad353d401c27b4f46","isMergeCommit":false,"messageTitle":"Improve delete task command gui","messageBody":"","fileTypesAndContributionMap":{"java":{"insertions":14,"deletions":7}}},{"hash":"3920ffb279542e65cc72250cef145a51b205c439","isMergeCommit":false,"messageTitle":"Improve find task command gui","messageBody":"","fileTypesAndContributionMap":{"java":{"insertions":19,"deletions":22}}},{"hash":"21f7f578fb20e59b154370cf1130fee41b5a012f","isMergeCommit":false,"messageTitle":"Improve mark task command gui","messageBody":"","fileTypesAndContributionMap":{"java":{"insertions":8,"deletions":7}}},{"hash":"db9d4ae6bc8b9e0d15d20a88122367c3d6a18d78","isMergeCommit":false,"messageTitle":"Improve unmark task and wrong command gui","messageBody":"","fileTypesAndContributionMap":{"java":{"insertions":14,"deletions":9}}},{"hash":"5f8f853570a6dd1ad24ea00691d3cfb83de6bfad","isMergeCommit":false,"messageTitle":"Change return type of runGui() from string to void","messageBody":"","fileTypesAndContributionMap":{"java":{"insertions":24,"deletions":46}}},{"hash":"3c473a53cf6fdffc5947ca9e68a55723e4bc94a2","isMergeCommit":true,"messageTitle":"Merge branch \u0027branch-Level-10\u0027","messageBody":"","tags":["Level-10"],"fileTypesAndContributionMap":{}}]},{"date":"2026-02-07T00:00:00","commitResults":[{"hash":"227764f48c1a5e4bf2f7965170983408cb5afa32","isMergeCommit":false,"messageTitle":"Add assertions to Zhongli.java","messageBody":"","fileTypesAndContributionMap":{"gradle":{"insertions":2,"deletions":1},"java":{"insertions":1,"deletions":1}}},{"hash":"1449971ad6b9b8c6c4eecb1564357ed727432ca9","isMergeCommit":false,"messageTitle":"Add assertions to Main.java","messageBody":"","fileTypesAndContributionMap":{"java":{"insertions":6,"deletions":1}}},{"hash":"a644bb0828b28f7c941f6933120444591b89bcda","isMergeCommit":false,"messageTitle":"Add assertions to Ui.java","messageBody":"","fileTypesAndContributionMap":{"java":{"insertions":2,"deletions":0}}},{"hash":"09327c42397fd4af33da56cf2d340de1fd0f45cf","isMergeCommit":false,"messageTitle":"Add null checks to TaskList.java","messageBody":"","fileTypesAndContributionMap":{"java":{"insertions":2,"deletions":3}}},{"hash":"4c6658af1d0bc3bba415b776b1ade9ed6dd45d95","isMergeCommit":false,"messageTitle":"Add assertions to TaskList.java","messageBody":"","fileTypesAndContributionMap":{"java":{"insertions":3,"deletions":1}}},{"hash":"5e1a68a4dfa9f32cd00b9b65738ef5685fc5b48b","isMergeCommit":false,"messageTitle":"Add assertions to Deadline.java","messageBody":"","fileTypesAndContributionMap":{"java":{"insertions":1,"deletions":0}}},{"hash":"3ff9beb10a05cfffb4d643b0cc4828869eee72bd","isMergeCommit":false,"messageTitle":"Add assertions to Deadline.java and Event.java","messageBody":"","fileTypesAndContributionMap":{"java":{"insertions":4,"deletions":0}}},{"hash":"a8f0b17b2ce4b01a3a34fbe2dd640094806da9ef","isMergeCommit":false,"messageTitle":"Add assertions to Task.java","messageBody":"","fileTypesAndContributionMap":{"java":{"insertions":1,"deletions":0}}},{"hash":"faae73ac655e87194d4f8f6547ffdf30afdf3d23","isMergeCommit":false,"messageTitle":"Add assertions to ToDo.java","messageBody":"","fileTypesAndContributionMap":{"java":{"insertions":1,"deletions":0}}},{"hash":"519bba62ca551f3f80521b8b8a395b3a06ca8bb8","isMergeCommit":false,"messageTitle":"Add assertions to Storage.java","messageBody":"","fileTypesAndContributionMap":{"java":{"insertions":5,"deletions":3}}},{"hash":"cfff657d163cdbbc8fe528497299e58f9391db78","isMergeCommit":false,"messageTitle":"Add assertions to Parser.java","messageBody":"","fileTypesAndContributionMap":{"java":{"insertions":3,"deletions":1}}},{"hash":"6406d80fae852cfb4feec6bd10936f718ccb029b","isMergeCommit":false,"messageTitle":"Add assertions to DialogBox.java","messageBody":"","fileTypesAndContributionMap":{"java":{"insertions":17,"deletions":0}}},{"hash":"0da7f4e9191cfe1f39ccf330fa34784d9cf22076","isMergeCommit":false,"messageTitle":"Add assertions to Gui.java","messageBody":"","fileTypesAndContributionMap":{"java":{"insertions":9,"deletions":4}}},{"hash":"f2befe3f20831c20bcaab85ac16015318cfa01df","isMergeCommit":false,"messageTitle":"Add assertions to ListBox.java","messageBody":"","fileTypesAndContributionMap":{"java":{"insertions":4,"deletions":2}}},{"hash":"94fb32936a910eb83853f83c990867cf8dfa63a3","isMergeCommit":false,"messageTitle":"Add assertions to ListItem.java","messageBody":"","fileTypesAndContributionMap":{"java":{"insertions":5,"deletions":0}}},{"hash":"1d56240939a3dd5977084c83e3ff53e2f63d0256","isMergeCommit":false,"messageTitle":"Add assertions to AddTaskCommand.java","messageBody":"","fileTypesAndContributionMap":{"java":{"insertions":5,"deletions":1}}},{"hash":"582b352fe513134475263a3f776db2b3c1b65e10","isMergeCommit":false,"messageTitle":"Add assertions to ByeCommand.java","messageBody":"","fileTypesAndContributionMap":{"java":{"insertions":2,"deletions":1}}},{"hash":"12afb1108f2c086836c32c723e374fb4a5eb271d","isMergeCommit":false,"messageTitle":"Add assertions to DeleteCommand.java","messageBody":"","fileTypesAndContributionMap":{"java":{"insertions":5,"deletions":1}}},{"hash":"79217ac4e2db941b09c8d0e5d6b7837ab9bf7264","isMergeCommit":false,"messageTitle":"Add assertions to FindCommand.java","messageBody":"","fileTypesAndContributionMap":{"java":{"insertions":4,"deletions":0}}},{"hash":"e0061aa350884b47d76afcfb73d3e118023996ba","isMergeCommit":false,"messageTitle":"Add assertions to ListTaskCommand.java","messageBody":"","fileTypesAndContributionMap":{"java":{"insertions":1,"deletions":0}}},{"hash":"64cffbc7b88dd255ed113e586a2de1bf6b51f3b0","isMergeCommit":false,"messageTitle":"Add assertions to MarkCommand.java","messageBody":"","fileTypesAndContributionMap":{"java":{"insertions":5,"deletions":0}}},{"hash":"d74804460ad881239dad590b64ee3df27a795ba4","isMergeCommit":false,"messageTitle":"Add assertions to UnmarkCommand.java","messageBody":"","fileTypesAndContributionMap":{"java":{"insertions":8,"deletions":0}}},{"hash":"0a98c362577bb6d65044ec258d7e93c117af9ded","isMergeCommit":false,"messageTitle":"Add assertions to WrongCommand.java","messageBody":"","fileTypesAndContributionMap":{"java":{"insertions":1,"deletions":0}}},{"hash":"568dedbfb563c026255c41a0eec1094391126fc3","isMergeCommit":false,"messageTitle":"Update assertions that deals with \u003e 0 to \u003e\u003d 0","messageBody":"","fileTypesAndContributionMap":{"java":{"insertions":6,"deletions":6}}},{"hash":"b8090554ad92d7a7dd5233f17c80f3dfbd28c736","isMergeCommit":true,"messageTitle":"Merge pull request #1 from icyyolo/branch-A-Assertions","messageBody":"Branch a assertions","tags":["A-Assertions"],"fileTypesAndContributionMap":{}},{"hash":"0e1ea04991afdf6c6ae26fa2f2e313975009f278","isMergeCommit":false,"messageTitle":"Remove command line interface","messageBody":"There is an existing GUI, so the command line interface is not needed.\n\nThe previous command line interface is mostly duplicated code with\nsome minor changes to display the message.\n","fileTypesAndContributionMap":{"java":{"insertions":0,"deletions":143}}},{"hash":"a768a11725dec840a23bed9a271ee9aea054c19e","isMergeCommit":false,"messageTitle":"Improve code quality for AddTaskCommand.java","messageBody":"","fileTypesAndContributionMap":{"java":{"insertions":13,"deletions":5}}},{"hash":"a5b614087952a1a49ee79ded2549feb23aafa147","isMergeCommit":false,"messageTitle":"Improve code quality for ByeCommand.java","messageBody":"","fileTypesAndContributionMap":{"java":{"insertions":0,"deletions":1}}},{"hash":"277a1a9fe610d3b2b53484285450824466d12b3a","isMergeCommit":false,"messageTitle":"Remove all ui imports in command package","messageBody":"","fileTypesAndContributionMap":{"java":{"insertions":0,"deletions":7}}},{"hash":"8c2938d9d952f12d922afc7f29992a3c11e8bc7d","isMergeCommit":false,"messageTitle":"Improve code quality for DeleteCommand.java","messageBody":"","fileTypesAndContributionMap":{"java":{"insertions":24,"deletions":4}}},{"hash":"29f891a26ba30e438d9f4310f15437086d55788c","isMergeCommit":false,"messageTitle":"Improve code quality for FindCommand.java","messageBody":"","fileTypesAndContributionMap":{"java":{"insertions":27,"deletions":19}}},{"hash":"f9c4fac15be902b2729ec22d5c4d5abc498b0688","isMergeCommit":false,"messageTitle":"Improve code quality for MarkCommand.java","messageBody":"","fileTypesAndContributionMap":{"java":{"insertions":22,"deletions":4}}},{"hash":"6603e4966f51534dd2a810f094d81e172a7e2e93","isMergeCommit":false,"messageTitle":"Improve code quality for UnmarkCommand.java","messageBody":"","fileTypesAndContributionMap":{"java":{"insertions":20,"deletions":4}}},{"hash":"460097209723596bc0ced3a4f33ab7de1b7a0825","isMergeCommit":false,"messageTitle":"Improve code quality for DialogBox.java","messageBody":"","fileTypesAndContributionMap":{"java":{"insertions":17,"deletions":0}}},{"hash":"43965ba866a5c32c15a085b3ffc52e9934f8e1f8","isMergeCommit":false,"messageTitle":"Change Gui.java to Dialogue.java","messageBody":"Gui.java sounds ambiguous, as it could mean the whole GUI.\nHowever, the class only changes the message in dialogue box.\n\nHence, I will rename the class to Dialogue.java\nfor it to make more sense.\n","tags":["A-FullCommitMessage"],"fileTypesAndContributionMap":{"java":{"insertions":68,"deletions":68}}},{"hash":"d2dfebe606e39f5103136b2f49282a1a02fa6de1","isMergeCommit":false,"messageTitle":"Improve code quality for Dialogue.java","messageBody":"","fileTypesAndContributionMap":{"java":{"insertions":26,"deletions":5}}},{"hash":"b6e7d6e23a8e0d0030c145466c75d751d1ce3512","isMergeCommit":false,"messageTitle":"Improve code quality for ListBox.java","messageBody":"","fileTypesAndContributionMap":{"java":{"insertions":9,"deletions":6}}},{"hash":"325ca3cd76553e26bc54a4b90097a88de691e0d6","isMergeCommit":false,"messageTitle":"Improve code quality for ListItem.java","messageBody":"","fileTypesAndContributionMap":{"java":{"insertions":30,"deletions":0}}},{"hash":"d5b7d225af5f5355383bdc4afd1fa2d4cb6fd20c","isMergeCommit":false,"messageTitle":"Improve code quality for MainWindow.java","messageBody":"","fileTypesAndContributionMap":{"java":{"insertions":6,"deletions":3}}},{"hash":"205026c858d4c0cf7b4e64753861908932c97d41","isMergeCommit":false,"messageTitle":"Add final fields for taskTypeLabel and taskTypeStyle in tasks class","messageBody":"The parameters are added directly to the function.\nOther users might not know what the fields is supposed to be.\n\nHence, let\u0027s add them as final fields, to make it less\nconfusing for new users that touch this code base.\n","fileTypesAndContributionMap":{"java":{"insertions":10,"deletions":2}}},{"hash":"cf4118cc491532a873ca566f9ad39011aea6e2f5","isMergeCommit":false,"messageTitle":"Add javadoc comment to storage.java","messageBody":"","fileTypesAndContributionMap":{"java":{"insertions":4,"deletions":0}}},{"hash":"db06a3d1bf40e06c444e831097ede21b19e08266","isMergeCommit":false,"messageTitle":"Improve code quality for Task.java","messageBody":"","fileTypesAndContributionMap":{"java":{"insertions":8,"deletions":6}}},{"hash":"3b4ee3bed180035d29fa855e16864bb336d9887c","isMergeCommit":false,"messageTitle":"Refactor ui.java","messageBody":"Replace all those print to command line functions to return String.\nThen route the necessary functions to the respective command in\nthe command package.\n","fileTypesAndContributionMap":{"java":{"insertions":20,"deletions":142}}},{"hash":"aff5510fa9dbb0bb95bbd0125eb5a26cc9110be9","isMergeCommit":true,"messageTitle":"Merge pull request #2 from icyyolo/branch-A-CodeQuality","messageBody":"Branch a code quality","tags":["A-CodeQuality"],"fileTypesAndContributionMap":{}}]}]},"authorFileTypeContributionMap":{"icyyolo":{"java":2375,"md":6,"fxml":88,"sh":0,"bat":1,"gradle":25,"txt":33}},"authorContributionVariance":{"icyyolo":128410.62},"authorDisplayNameMap":{"icyyolo":"CS2103T-W08-2 AW M..XUAN"}}
