{"authorDailyContributionsMap":{"icyyolo":[{"date":"2026-01-17T00:00:00","commitResults":[{"hash":"04807bd209c9b4f05ba2a163a8581c083731bbfd","isMergeCommit":false,"messageTitle":"Added Greeting Message","messageBody":"","fileTypesAndContributionMap":{"java":{"insertions":14,"deletions":10}}},{"hash":"0dfa4e7861de5c21400ed3867fef6bbeac444b2f","isMergeCommit":false,"messageTitle":"Added Exit Message","messageBody":"","tags":["Level-0"],"fileTypesAndContributionMap":{"java":{"insertions":2,"deletions":0}}},{"hash":"843b744ebbdf853582a2cfd8fc10770d08de8a3a","isMergeCommit":false,"messageTitle":"Implemented Echo Functionality","messageBody":"","tags":["Level-1"],"fileTypesAndContributionMap":{"java":{"insertions":11,"deletions":0}}},{"hash":"3f1757994c13e96c94a7fb5d37e00c0ca5f22708","isMergeCommit":false,"messageTitle":"Abstracted Welcome and Goodbye Message into different functions","messageBody":"","fileTypesAndContributionMap":{"java":{"insertions":13,"deletions":5}}},{"hash":"aa94d38025b267215c089fdafb2c83c13590b46e","isMergeCommit":false,"messageTitle":"Added add to list functionality","messageBody":"","fileTypesAndContributionMap":{"java":{"insertions":10,"deletions":4}}},{"hash":"355473313d12470b741d1cac309e362b28236d9c","isMergeCommit":false,"messageTitle":"Added display list functionality","messageBody":"","tags":["Level-2"],"fileTypesAndContributionMap":{"java":{"insertions":5,"deletions":1}}},{"hash":"f652f8ba9309dbf08254d1a2277d9956b38de8cd","isMergeCommit":false,"messageTitle":"Added a Task Class","messageBody":"","fileTypesAndContributionMap":{"java":{"insertions":26,"deletions":3}}},{"hash":"f2c22a168b8344198b0c0dab6061f3812ba2cc0d","isMergeCommit":false,"messageTitle":"Mark as done functionality completed","messageBody":"","tags":["Level-3"],"fileTypesAndContributionMap":{"java":{"insertions":24,"deletions":5}}},{"hash":"02e5797d004f4c4c28877736c1108793066bb2f6","isMergeCommit":false,"messageTitle":"Added ToDo, Deadline and Event class files","messageBody":"","fileTypesAndContributionMap":{"java":{"insertions":39,"deletions":0}}},{"hash":"93edfe3791a873f936cc04c5482de5c13db697ae","isMergeCommit":false,"messageTitle":"Abstracted mark and unmark function","messageBody":"","fileTypesAndContributionMap":{"java":{"insertions":32,"deletions":14}}}]},{"date":"2026-01-18T00:00:00","commitResults":[{"hash":"b5800d7e084ef4d922abde352ae4128186224854","isMergeCommit":false,"messageTitle":"Added parsing method for ToDo","messageBody":"","fileTypesAndContributionMap":{"java":{"insertions":35,"deletions":0}}},{"hash":"3895f1f4357bb76852e0cacc8f5d28ce0cd242b4","isMergeCommit":false,"messageTitle":"Added parsing method for Deadline","messageBody":"","fileTypesAndContributionMap":{"java":{"insertions":27,"deletions":2}}},{"hash":"aaf310e2c8f55eb770c392a1210237137c0e1aed","isMergeCommit":false,"messageTitle":"Added parsing method for Event","messageBody":"","fileTypesAndContributionMap":{"java":{"insertions":33,"deletions":1}}},{"hash":"7db754b39bfe8dd25a0ff402c25284a0664a2012","isMergeCommit":false,"messageTitle":"refactored parseToDo with a more cleaner function","messageBody":"","tags":["Level-4"],"fileTypesAndContributionMap":{"java":{"insertions":4,"deletions":20}}},{"hash":"98425f08d6bcd25c69c04e4ab9958f14fb8cd841","isMergeCommit":false,"messageTitle":"Added some test cases for I/O redirection technique","messageBody":"","tags":["A-TextUiTesting"],"fileTypesAndContributionMap":{"txt":{"insertions":12,"deletions":0},"bat":{"insertions":1,"deletions":1}}},{"hash":"1b8f9458ccf6a36177bd86900a6fcd62ed53ce8b","isMergeCommit":false,"messageTitle":"Added exception message to parse ToDo","messageBody":"","fileTypesAndContributionMap":{"java":{"insertions":16,"deletions":9}}},{"hash":"881f36c19f83acd49360d9c204b960a9b8cdadd0","isMergeCommit":false,"messageTitle":"Added exception message to parseDeadline","messageBody":"","fileTypesAndContributionMap":{"java":{"insertions":15,"deletions":15}}},{"hash":"8a1a294187bfeaaaaa7206a4ddfa06f613ab1502","isMergeCommit":false,"messageTitle":"Added exception message to parseEvent","messageBody":"","fileTypesAndContributionMap":{"java":{"insertions":9,"deletions":12}}},{"hash":"f63a25d25ced68d4bd62113600871748ce8cff79","isMergeCommit":false,"messageTitle":"Refactored the chatbot loop into a separate function","messageBody":"","fileTypesAndContributionMap":{"java":{"insertions":14,"deletions":9}}},{"hash":"534f560bc29a3c188608631ed9261cecbcc23a2d","isMergeCommit":false,"messageTitle":"Refactor markTasks function, and added a few more exceptions to ading of tasks","messageBody":"","fileTypesAndContributionMap":{"java":{"insertions":51,"deletions":31}}},{"hash":"1e22e4cb2ad42566f07d10e400712a7efb3c7f7d","isMergeCommit":false,"messageTitle":"Fix formatting issue when adding deadine and event","messageBody":"","tags":["Level-5"],"fileTypesAndContributionMap":{"java":{"insertions":2,"deletions":2}}},{"hash":"158ecf0c08406da27a2d45a985d8e90fc88f647e","isMergeCommit":false,"messageTitle":"Added delete functionality","messageBody":"","fileTypesAndContributionMap":{"java":{"insertions":29,"deletions":0}}}]}]},"authorFileTypeContributionMap":{"icyyolo":{"java":278,"md":0,"fxml":0,"sh":0,"bat":1,"gradle":0,"txt":12}},"authorContributionVariance":{"icyyolo":13776.161},"authorDisplayNameMap":{"icyyolo":"AW M..XUAN"}}
