{"authorDailyContributionsMap":{"Cxyu629":[{"date":"2026-01-19T00:00:00","commitResults":[{"hash":"6393499b03e2072e36b906bc365c048931f20c6c","isMergeCommit":false,"messageTitle":"feat: rename chatbot","messageBody":"Added:\n- `makeGreetMessage` method\n- `sendMessage` method\n","fileTypesAndContributionMap":{"java":{"insertions":29,"deletions":10},"bat":{"insertions":1,"deletions":1},"sh":{"insertions":1,"deletions":1},"md":{"insertions":4,"deletions":4}}},{"hash":"ebad0d4f71e29696b52b3b4377403b3ce54bed33","isMergeCommit":false,"messageTitle":"feat: add exit message","messageBody":"Added:\n- `makeExitMessage` method\n","tags":["Level-0"],"fileTypesAndContributionMap":{"java":{"insertions":6,"deletions":1}}},{"hash":"a31a0274d4c33d3e673eeed3ef9a0266ae04e511","isMergeCommit":false,"messageTitle":"feat: add echo and message formatting","messageBody":"","fileTypesAndContributionMap":{"java":{"insertions":19,"deletions":2}}},{"hash":"89a9325fa562a4fc5cf020e54b47908b9410150d","isMergeCommit":false,"messageTitle":"style: fix formatting","messageBody":"","tags":["Level-1"],"fileTypesAndContributionMap":{"java":{"insertions":17,"deletions":16}}},{"hash":"09b67e77687d2f8dc33f0986b16cac972da8051b","isMergeCommit":false,"messageTitle":"refactor: match first word with `switch`","messageBody":"","fileTypesAndContributionMap":{"java":{"insertions":24,"deletions":6}}},{"hash":"81237579e05816e1e96f55d60784aa3726b16000","isMergeCommit":false,"messageTitle":"feat: add list feature","messageBody":"Added:\n- `items` static field\n- `makeItemListMessage` method\n","fileTypesAndContributionMap":{"java":{"insertions":22,"deletions":5}}},{"hash":"355c0b74b992afe7c11d1b5b121f7f138a36e72e","isMergeCommit":false,"messageTitle":"feat: add \"add task\" feature","messageBody":"","tags":["Level-2"],"fileTypesAndContributionMap":{"java":{"insertions":17,"deletions":8}}},{"hash":"e4d3efa9af802ee64b09e6a4232b5bb7863d9ad3","isMergeCommit":false,"messageTitle":"feat: add `Task` class","messageBody":"","fileTypesAndContributionMap":{"java":{"insertions":22,"deletions":2}}},{"hash":"779a5dd128002dd4107f89bc81dd1070f7cdd0cb","isMergeCommit":false,"messageTitle":"refactor: move input processing to `processInput`","messageBody":"Changed:\n- Overrided `toString` method in `Task` class\n- Used `Task`s in `Xyxx` class\n","tags":["A-Classes"],"fileTypesAndContributionMap":{"java":{"insertions":40,"deletions":36}}},{"hash":"33181110e2365a57780cb391580a4829a448c093","isMergeCommit":false,"messageTitle":"feat: add \"mark task\" feature","messageBody":"","fileTypesAndContributionMap":{"java":{"insertions":17,"deletions":7}}},{"hash":"1fb6846a63fa8cd817e9b5815aa2fb461b596a1c","isMergeCommit":false,"messageTitle":"feat: add \"unmark task\" feature","messageBody":"","tags":["Level-3"],"fileTypesAndContributionMap":{"java":{"insertions":13,"deletions":1}}}]}]},"authorFileTypeContributionMap":{"Cxyu629":{"java":142,"md":4,"fxml":0,"sh":1,"bat":1,"gradle":0,"txt":0}},"authorContributionVariance":{"Cxyu629":9109.421},"authorDisplayNameMap":{"Cxyu629":"CHOW..G YU"}}
