{"authorDailyContributionsMap":{"darkrelicz":[{"date":"2026-01-21T00:00:00","commitResults":[{"hash":"521bcb56687375e83adfe4013e6a96346c8aa14f","isMergeCommit":false,"messageTitle":"Added hello and goodbye message","messageBody":"","tags":["Level-0"],"fileTypesAndContributionMap":{"java":{"insertions":17,"deletions":10},"bat":{"insertions":0,"deletions":0},"sh":{"insertions":0,"deletions":0}}},{"hash":"e8b660c3c35960946c0a3bfc10e8e0228a14d3d6","isMergeCommit":false,"messageTitle":"Program now echoes command","messageBody":"","tags":["Level-1"],"fileTypesAndContributionMap":{"java":{"insertions":17,"deletions":9}}},{"hash":"3ea616b3e3d5699e4c91ab447ffb95436a10b8d3","isMergeCommit":false,"messageTitle":"Stores text and displays as requested","messageBody":"","tags":["Level-2"],"fileTypesAndContributionMap":{"java":{"insertions":12,"deletions":3}}}]},{"date":"2026-01-22T00:00:00","commitResults":[{"hash":"2d00cde822cce284cdf9cfbfdade67be04485c5a","isMergeCommit":false,"messageTitle":"Items can now be marked and unmarked as done","messageBody":"","tags":["Level-3"],"fileTypesAndContributionMap":{"java":{"insertions":77,"deletions":18}}},{"hash":"96f02ea93517a729eb52843a72140c39d65727a7","isMergeCommit":false,"messageTitle":"Events are now categorised as ToDos, Events, and Deadlines","messageBody":"","tags":["Level-4"],"fileTypesAndContributionMap":{"java":{"insertions":106,"deletions":10}}},{"hash":"3b95185b386935e3b8f523b4f9eaf0c119b42143","isMergeCommit":false,"messageTitle":"Automated text UI testing","messageBody":"","tags":["A-TextUiTesting"],"fileTypesAndContributionMap":{"txt":{"insertions":5,"deletions":0},"java":{"insertions":22,"deletions":29},"sh":{"insertions":1,"deletions":1}}}]},{"date":"2026-01-23T00:00:00","commitResults":[{"hash":"bba8f1d5fa297f990a4650e4770e92d5705e5f4f","isMergeCommit":false,"messageTitle":"Program now handles exceptions","messageBody":"","tags":["Level-5"],"fileTypesAndContributionMap":{"java":{"insertions":133,"deletions":89}}},{"hash":"1b062004569a1e51ee6cb7f7a69a5010b9872d37","isMergeCommit":false,"messageTitle":"Program now allow deletion of items","messageBody":"","tags":["Level-6"],"fileTypesAndContributionMap":{"java":{"insertions":17,"deletions":0}}}]},{"date":"2026-01-28T00:00:00","commitResults":[{"hash":"a82c2d286394b93e41394bd251c4d49c108332a6","isMergeCommit":false,"messageTitle":"Add Storage.java and packages","messageBody":"","fileTypesAndContributionMap":{"java":{"insertions":164,"deletions":17}}},{"hash":"fe6c4556c242514ff635513ca9a49926108dd9d0","isMergeCommit":false,"messageTitle":"Merge branch-Level-7 to master","messageBody":"","tags":["Level-7"],"fileTypesAndContributionMap":{"java":{"insertions":0,"deletions":3}}},{"hash":"aa57bf8679a52437b2cfa12b2ba2247f21d327db","isMergeCommit":false,"messageTitle":"Correctly parse datetimes in tasks","messageBody":"","fileTypesAndContributionMap":{"java":{"insertions":39,"deletions":18}}}]},{"date":"2026-01-29T00:00:00","commitResults":[{"hash":"63486381f6cf61cef7e66ccae1e4ff1fbd7e9ef3","isMergeCommit":false,"messageTitle":"Add UserInterface.java","messageBody":"UI elements are extracted from handleCommand() in Dawn.java\n","fileTypesAndContributionMap":{"java":{"insertions":66,"deletions":27}}},{"hash":"156d6d08fdde65771255fe5cd3c811d6b13b594a","isMergeCommit":false,"messageTitle":"Convert UserInterface.java class to instance class","messageBody":"","fileTypesAndContributionMap":{"java":{"insertions":39,"deletions":25}}},{"hash":"61aa84436363f653e124145176af70b7e9a1a781","isMergeCommit":false,"messageTitle":"Convert Storage.java to instance class","messageBody":"","fileTypesAndContributionMap":{"java":{"insertions":48,"deletions":36}}}]},{"date":"2026-01-30T00:00:00","commitResults":[{"hash":"c03338b2c7d34da6b08cf29ab62859f574e9a4e2","isMergeCommit":false,"messageTitle":"Extract handleCommand() into relevant classes","messageBody":"Extracted components within handleCommand() to Command, CommandParser and TaskList\n","tags":["A-MoreOOP"],"fileTypesAndContributionMap":{"java":{"insertions":365,"deletions":143}}},{"hash":"88667eaf8ea67f07a0d2d09193f9ea9bd38cf9f0","isMergeCommit":true,"messageTitle":"Merge remote-tracking branch \u0027origin/add-gradle-support\u0027","messageBody":"","fileTypesAndContributionMap":{}},{"hash":"b399b875335c1d4ef7d7105dfe2543ddd1ab946f","isMergeCommit":false,"messageTitle":"Add Gradle support","messageBody":"","tags":["A-Gradle"],"fileTypesAndContributionMap":{"gradle":{"insertions":2,"deletions":2}}},{"hash":"501a1bbd1adaea83ff5fce4df9e00f7193f552b9","isMergeCommit":false,"messageTitle":"Add JUnit tests for DeadlineCommand and MarkCommand","messageBody":"","tags":["A-Jar","A-JUnit"],"fileTypesAndContributionMap":{"java":{"insertions":130,"deletions":0}}}]},{"date":"2026-01-31T00:00:00","commitResults":[{"hash":"2acc1d832a92da27740c683206c5afcd9801e09b","isMergeCommit":false,"messageTitle":"Add JavaDoc header comments","messageBody":"","tags":["A-JavaDoc"],"fileTypesAndContributionMap":{"java":{"insertions":278,"deletions":1}}},{"hash":"8293778e7af1c304008b6c9b28b965c4df1f9bbc","isMergeCommit":false,"messageTitle":"Update indents in switch cases","messageBody":"","fileTypesAndContributionMap":{"java":{"insertions":21,"deletions":21}}},{"hash":"24d3a5c8f1c170a38f5551ffc05a2a8d27e9b261","isMergeCommit":true,"messageTitle":"Merge branch \u0027branch-A-CodingStandard\u0027","messageBody":"","tags":["A-CodingStandard"],"fileTypesAndContributionMap":{}},{"hash":"8b2f7c33895d1d02c692a25cd3f56800226555ae","isMergeCommit":false,"messageTitle":"Implement search function","messageBody":"","fileTypesAndContributionMap":{"java":{"insertions":69,"deletions":0}}},{"hash":"9c09b3a5838ee558f7a68626e08c85e4ad10f789","isMergeCommit":true,"messageTitle":"Resolve merge conflicts from branch-Level-9","messageBody":"","tags":["Level-9"],"fileTypesAndContributionMap":{}}]},{"date":"2026-02-06T00:00:00","commitResults":[{"hash":"b38e49e1ec75246a4d066bcf8a4712a742084f95","isMergeCommit":false,"messageTitle":"Add GUI from JavaFX tutorial","messageBody":"","fileTypesAndContributionMap":{"gradle":{"insertions":17,"deletions":1},"fxml":{"insertions":41,"deletions":0},"java":{"insertions":161,"deletions":0}}},{"hash":"8f7b105e16c5bd879bd7764d738964e6b95fc662","isMergeCommit":false,"messageTitle":"Update UserInterface.java to return strings instead of printing","messageBody":"","fileTypesAndContributionMap":{"java":{"insertions":72,"deletions":56}}},{"hash":"4776c343f74b43ece73a1b5d2dbbeb4768b8d000","isMergeCommit":false,"messageTitle":"Add GUI support to Dawn chatbot and remove CLI functionality","messageBody":"","tags":["Level-10"],"fileTypesAndContributionMap":{"gradle":{"insertions":1,"deletions":1},"fxml":{"insertions":1,"deletions":1},"java":{"insertions":143,"deletions":89}}}]},{"date":"2026-02-14T00:00:00","commitResults":[{"hash":"20951c1bdfad759e8797346773142c4871c57333","isMergeCommit":false,"messageTitle":"Add assert statements to test important assumptions","messageBody":"There are several workflows that work based on the assumption\nthat the previous statement executes correctly. Adding assert\nstatements before these points helps in checking for potential\nworkflow bugs.\n","tags":["A-FullCommitMessage"],"fileTypesAndContributionMap":{"gradle":{"insertions":1,"deletions":0},"java":{"insertions":52,"deletions":22}}},{"hash":"be0fe715eb89daf2ea3cb66eb48c29c7eca307bc","isMergeCommit":true,"messageTitle":"Merge pull request #2 from darkrelicz/branch-A-Assertions","messageBody":"Add assert statements to test important assumptions","tags":["A-Assertions"],"fileTypesAndContributionMap":{}}]},{"date":"2026-02-15T00:00:00","commitResults":[{"hash":"9b3c18a6d9f6d0a7e327f47c33c2387257c1cd2d","isMergeCommit":false,"messageTitle":"Refactor: replace magic literal and extract function in Storage.java","messageBody":"","fileTypesAndContributionMap":{"java":{"insertions":79,"deletions":24}}},{"hash":"36ea0d11681ab0cb1ee57b213f2f7ca9811704c3","isMergeCommit":false,"messageTitle":"Refactor: replace magic literal in DeadlineCommand.java and EventCommand.java","messageBody":"","fileTypesAndContributionMap":{"java":{"insertions":6,"deletions":1}}},{"hash":"d082ea9c30c3b8fb4daad1b41bd366a8c4534728","isMergeCommit":true,"messageTitle":"Resolve merge conflicts from branch-A-CodeQuality","messageBody":"","tags":["A-CodeQuality"],"fileTypesAndContributionMap":{}},{"hash":"15fee2d528fcca8d1061fdabb49408946fd34520","isMergeCommit":false,"messageTitle":"Update search function to include case insensitive keywords","messageBody":"","fileTypesAndContributionMap":{"java":{"insertions":3,"deletions":1}}},{"hash":"01578e874e82625ee0a32917cd4a5bd5939edb4e","isMergeCommit":false,"messageTitle":"Add searching by task type","messageBody":"","fileTypesAndContributionMap":{"java":{"insertions":28,"deletions":5}}},{"hash":"ef204bfecbdb0eb94b04be76a5db2bf647783120","isMergeCommit":false,"messageTitle":"Add searching by task type with absence of keywords","messageBody":"","tags":["BCD-Extension"],"fileTypesAndContributionMap":{"java":{"insertions":6,"deletions":4}}}]},{"date":"2026-02-18T00:00:00","commitResults":[{"hash":"f1b5664ca5cab89f1113f609aed2462af5e06f04","isMergeCommit":false,"messageTitle":"Update code quality suggested by AI","messageBody":"","tags":["A-AiAssisted"],"fileTypesAndContributionMap":{"java":{"insertions":87,"deletions":57}}},{"hash":"a12745ced4a77961809e83750be81e75da191e58","isMergeCommit":false,"messageTitle":"Update GUI to colour match commands","messageBody":"","tags":["A-BetterGui"],"fileTypesAndContributionMap":{"fxml":{"insertions":11,"deletions":3},"java":{"insertions":50,"deletions":4}}},{"hash":"326cf8dfb10ab3629ba6cc1c98495da622e36730","isMergeCommit":false,"messageTitle":"Update User Guide","messageBody":"","tags":["A-UserGuide"],"fileTypesAndContributionMap":{"java":{"insertions":31,"deletions":8},"md":{"insertions":78,"deletions":14}}},{"hash":"f04ebfd02442c5ddd8d11a591751938e735de20f","isMergeCommit":false,"messageTitle":"Update User Guide to include line breaks","messageBody":"","tags":["A-Release"],"fileTypesAndContributionMap":{"md":{"insertions":18,"deletions":1}}}]}]},"authorFileTypeContributionMap":{"darkrelicz":{"java":1623,"md":93,"fxml":49,"sh":1,"bat":0,"gradle":19,"txt":5}},"authorContributionVariance":{"darkrelicz":25766.398},"authorDisplayNameMap":{"darkrelicz":"CS2103T-T09-3 TANG..IANG"}}
