{"authorDailyContributionsMap":{"darkrelicz":[{"date":"2026-01-21T00:00:00","commitResults":[{"hash":"521bcb56687375e83adfe4013e6a96346c8aa14f","isMergeCommit":false,"messageTitle":"Added hello and goodbye message","messageBody":"","tags":["Level-0"],"fileTypesAndContributionMap":{"java":{"insertions":17,"deletions":10},"bat":{"insertions":0,"deletions":0},"sh":{"insertions":0,"deletions":0}}},{"hash":"e8b660c3c35960946c0a3bfc10e8e0228a14d3d6","isMergeCommit":false,"messageTitle":"Program now echoes command","messageBody":"","tags":["Level-1"],"fileTypesAndContributionMap":{"java":{"insertions":17,"deletions":9}}},{"hash":"3ea616b3e3d5699e4c91ab447ffb95436a10b8d3","isMergeCommit":false,"messageTitle":"Stores text and displays as requested","messageBody":"","tags":["Level-2"],"fileTypesAndContributionMap":{"java":{"insertions":12,"deletions":3}}}]},{"date":"2026-01-22T00:00:00","commitResults":[{"hash":"2d00cde822cce284cdf9cfbfdade67be04485c5a","isMergeCommit":false,"messageTitle":"Items can now be marked and unmarked as done","messageBody":"","tags":["Level-3"],"fileTypesAndContributionMap":{"java":{"insertions":77,"deletions":18}}},{"hash":"96f02ea93517a729eb52843a72140c39d65727a7","isMergeCommit":false,"messageTitle":"Events are now categorised as ToDos, Events, and Deadlines","messageBody":"","tags":["Level-4"],"fileTypesAndContributionMap":{"java":{"insertions":106,"deletions":10}}},{"hash":"3b95185b386935e3b8f523b4f9eaf0c119b42143","isMergeCommit":false,"messageTitle":"Automated text UI testing","messageBody":"","tags":["A-TextUiTesting"],"fileTypesAndContributionMap":{"txt":{"insertions":5,"deletions":0},"java":{"insertions":22,"deletions":29},"sh":{"insertions":1,"deletions":1}}}]}]},"authorFileTypeContributionMap":{"darkrelicz":{"java":182,"md":0,"fxml":0,"sh":1,"bat":0,"gradle":0,"txt":5}},"authorContributionVariance":{"darkrelicz":4919.495},"authorDisplayNameMap":{"darkrelicz":"TANG..IANG"}}
