{"authorDailyContributionsMap":{"EnderSky":[{"date":"2026-01-23T00:00:00","commitResults":[{"hash":"0a9a7740981014da2851c3cedce1a43c654228f4","isMergeCommit":false,"messageTitle":"feat: renamed bot, added greet and exit text","messageBody":"","tags":["Level-0"],"fileTypesAndContributionMap":{"java":{"insertions":22,"deletions":10}}},{"hash":"471088afb36a35a0b8589384a3d526f857044a9d","isMergeCommit":false,"messageTitle":"feat: added echo","messageBody":"","tags":["Level-1"],"fileTypesAndContributionMap":{"java":{"insertions":40,"deletions":13}}},{"hash":"18bcb2be4b0d6019f7250c4c863a75d827947caa","isMergeCommit":false,"messageTitle":"feat: added list command","messageBody":"","tags":["Level-2"],"fileTypesAndContributionMap":{"java":{"insertions":29,"deletions":7}}},{"hash":"d3dd55349e6c187b77620e237ee5e2650548a274","isMergeCommit":false,"messageTitle":"feat: added task class","messageBody":"","tags":["A-Classes"],"fileTypesAndContributionMap":{"java":{"insertions":28,"deletions":2}}},{"hash":"088a92e80d24722a57fb59addf9119b9e2452bf7","isMergeCommit":false,"messageTitle":"feat: added mark as done","messageBody":"","tags":["Level-3"],"fileTypesAndContributionMap":{"java":{"insertions":23,"deletions":1}}},{"hash":"c8720d48b50ab28984272d5a24b9e8934d2075bb","isMergeCommit":false,"messageTitle":"feat: added todo, event, deadline","messageBody":"","tags":["A-Inheritance"],"fileTypesAndContributionMap":{"java":{"insertions":54,"deletions":4}}},{"hash":"aa49533e7a6eee48930b4755b7d071e9693a8ae5","isMergeCommit":false,"messageTitle":"feat: added todo, event, deadline","messageBody":"","tags":["Level-4"],"fileTypesAndContributionMap":{"java":{"insertions":45,"deletions":18}}}]},{"date":"2026-01-25T00:00:00","commitResults":[{"hash":"ed0ebef5ce82879db8b0c2bb66b1dce0937fd2a1","isMergeCommit":false,"messageTitle":"feat: added automated text UI testing","messageBody":"","tags":["A-TextUiTesting"],"fileTypesAndContributionMap":{"txt":{"insertions":9,"deletions":0},"java":{"insertions":2,"deletions":1},"bat":{"insertions":1,"deletions":1}}},{"hash":"43ee9ca3c3aba463133471375fcea4e8bbae0091","isMergeCommit":false,"messageTitle":"feat: added error handling","messageBody":"","tags":["Level-5"],"fileTypesAndContributionMap":{"java":{"insertions":71,"deletions":7}}},{"hash":"d1abe6efc00a92ddaa2b4671d56677de70bab5c3","isMergeCommit":false,"messageTitle":"feat: added delete feature","messageBody":"","tags":["Level-6"],"fileTypesAndContributionMap":{"java":{"insertions":40,"deletions":3}}}]},{"date":"2026-01-27T00:00:00","commitResults":[{"hash":"7d2530f2ba88caeb840d9e382d94ae95384f4980","isMergeCommit":false,"messageTitle":"refactor: used enums for command processing","messageBody":"","tags":["A-Enums"],"fileTypesAndContributionMap":{"java":{"insertions":162,"deletions":146}}}]},{"date":"2026-02-03T00:00:00","commitResults":[{"hash":"490bb9bd24215b5d0bfbc8226edd4fab8f594c78","isMergeCommit":false,"messageTitle":"Update README","messageBody":"","fileTypesAndContributionMap":{"md":{"insertions":16,"deletions":14}}},{"hash":"f3e9674df052f0c81216d889fe32064aae37f402","isMergeCommit":false,"messageTitle":"Add saving tasks to file","messageBody":"","fileTypesAndContributionMap":{"java":{"insertions":109,"deletions":13}}},{"hash":"c0bf95dfa7e1b358a58529280194b5968e961ce9","isMergeCommit":false,"messageTitle":"Add loading of task list from file","messageBody":"","fileTypesAndContributionMap":{"java":{"insertions":60,"deletions":13}}},{"hash":"b94b4b7fe70fb7846ad6b93debb8ee51dc52cd9f","isMergeCommit":true,"messageTitle":"Merge branch \u0027branch-Level-7\u0027 to \u0027main\u0027","messageBody":"","tags":["Level-7"],"fileTypesAndContributionMap":{}},{"hash":"c83c79621a3f859d08e3f41d3c686035e485a682","isMergeCommit":false,"messageTitle":"Add feature to store deadline as datetime objects","messageBody":"","fileTypesAndContributionMap":{"java":{"insertions":70,"deletions":8}}},{"hash":"2d0bf090b57b503d2735f8a7b08ac7e44e5ea1ff","isMergeCommit":false,"messageTitle":"Support new datetime formats","messageBody":"","fileTypesAndContributionMap":{"java":{"insertions":15,"deletions":9}}},{"hash":"0ff86cb5fc414fe91a7a3cf21959e4dd283de6b1","isMergeCommit":true,"messageTitle":"Merge branch \u0027branch-Level-8\u0027 with \u0027main\u0027","messageBody":"","tags":["Level-8"],"fileTypesAndContributionMap":{}}]}]},"authorFileTypeContributionMap":{"EnderSky":{"java":525,"md":16,"fxml":0,"sh":0,"bat":1,"gradle":0,"txt":9}},"authorContributionVariance":{"EnderSky":10151.077},"authorDisplayNameMap":{"EnderSky":"CS2103T-F14-2 JOTH..IANG"}}
