[{"path":"src/main/java/Command.java","fileType":"java","lines":[{"lineNumber":1,"author":{"gitId":"dubbeyou"},"content":"public enum Command {","lastModifiedDate":"2026-01-19T20:48:18","isFullCredit":false},{"lineNumber":2,"author":{"gitId":"dubbeyou"},"content":"    LIST, MARK, UNMARK, TODO, DEADLINE, EVENT, DELETE, BYE;","lastModifiedDate":"2026-01-19T20:48:18","isFullCredit":false},{"lineNumber":3,"author":{"gitId":"dubbeyou"},"content":"","lastModifiedDate":"2026-01-19T20:48:18","isFullCredit":false},{"lineNumber":4,"author":{"gitId":"dubbeyou"},"content":"    public static Command from(String token) throws InvalidCommandSnekException {","lastModifiedDate":"2026-01-19T20:48:18","isFullCredit":false},{"lineNumber":5,"author":{"gitId":"dubbeyou"},"content":"        if (token \u003d\u003d null || token.trim().isEmpty()) {","lastModifiedDate":"2026-01-19T20:48:18","isFullCredit":false},{"lineNumber":6,"author":{"gitId":"dubbeyou"},"content":"            throw new InvalidCommandSnekException();","lastModifiedDate":"2026-01-24T13:42:51","isFullCredit":false},{"lineNumber":7,"author":{"gitId":"dubbeyou"},"content":"        }","lastModifiedDate":"2026-01-19T20:48:18","isFullCredit":false},{"lineNumber":8,"author":{"gitId":"dubbeyou"},"content":"        ","lastModifiedDate":"2026-01-19T20:48:18","isFullCredit":false},{"lineNumber":9,"author":{"gitId":"dubbeyou"},"content":"        try {","lastModifiedDate":"2026-01-19T20:48:18","isFullCredit":false},{"lineNumber":10,"author":{"gitId":"dubbeyou"},"content":"            return Command.valueOf(token.toUpperCase());","lastModifiedDate":"2026-01-19T20:48:18","isFullCredit":false},{"lineNumber":11,"author":{"gitId":"dubbeyou"},"content":"        } catch (IllegalArgumentException e) {","lastModifiedDate":"2026-01-19T20:48:18","isFullCredit":false},{"lineNumber":12,"author":{"gitId":"dubbeyou"},"content":"            throw new InvalidCommandSnekException();","lastModifiedDate":"2026-01-24T13:42:51","isFullCredit":false},{"lineNumber":13,"author":{"gitId":"dubbeyou"},"content":"        }","lastModifiedDate":"2026-01-19T20:48:18","isFullCredit":false},{"lineNumber":14,"author":{"gitId":"dubbeyou"},"content":"    }","lastModifiedDate":"2026-01-19T20:48:18","isFullCredit":false},{"lineNumber":15,"author":{"gitId":"dubbeyou"},"content":"}","lastModifiedDate":"2026-01-19T20:48:18","isFullCredit":false}],"authorContributionMap":{"dubbeyou":15}},{"path":"src/main/java/Deadline.java","fileType":"java","lines":[{"lineNumber":1,"author":{"gitId":"dubbeyou"},"content":"import java.time.LocalDateTime;","lastModifiedDate":"2026-01-24T16:09:30","isFullCredit":false},{"lineNumber":2,"author":{"gitId":"dubbeyou"},"content":"import java.time.format.DateTimeFormatter;","lastModifiedDate":"2026-01-24T16:09:30","isFullCredit":false},{"lineNumber":3,"author":{"gitId":"dubbeyou"},"content":"","lastModifiedDate":"2026-01-24T16:09:30","isFullCredit":false},{"lineNumber":4,"author":{"gitId":"dubbeyou"},"content":"public class Deadline extends Task {","lastModifiedDate":"2026-01-19T16:09:48","isFullCredit":false},{"lineNumber":5,"author":{"gitId":"dubbeyou"},"content":"    protected LocalDateTime byTime \u003d null;","lastModifiedDate":"2026-01-24T16:09:30","isFullCredit":false},{"lineNumber":6,"author":{"gitId":"dubbeyou"},"content":"    protected String by;","lastModifiedDate":"2026-01-19T16:09:48","isFullCredit":false},{"lineNumber":7,"author":{"gitId":"dubbeyou"},"content":"    private static final DateTimeFormatter FORMATTER \u003d DateTimeFormatter.ofPattern(\"h:mma, MMM dd yyyy\");","lastModifiedDate":"2026-01-24T16:09:30","isFullCredit":false},{"lineNumber":8,"author":{"gitId":"dubbeyou"},"content":"","lastModifiedDate":"2026-01-19T16:09:48","isFullCredit":false},{"lineNumber":9,"author":{"gitId":"dubbeyou"},"content":"    public Deadline(String description, String by) {","lastModifiedDate":"2026-01-19T16:09:48","isFullCredit":false},{"lineNumber":10,"author":{"gitId":"dubbeyou"},"content":"        super(description, TaskType.DEADLINE);","lastModifiedDate":"2026-01-19T20:25:26","isFullCredit":false},{"lineNumber":11,"author":{"gitId":"dubbeyou"},"content":"        this.by \u003d by;","lastModifiedDate":"2026-01-19T16:09:48","isFullCredit":false},{"lineNumber":12,"author":{"gitId":"dubbeyou"},"content":"    }","lastModifiedDate":"2026-01-19T16:09:48","isFullCredit":false},{"lineNumber":13,"author":{"gitId":"dubbeyou"},"content":"","lastModifiedDate":"2026-01-19T16:09:48","isFullCredit":false},{"lineNumber":14,"author":{"gitId":"dubbeyou"},"content":"    public Deadline(String description, String by, LocalDateTime byTime) {","lastModifiedDate":"2026-01-24T16:09:30","isFullCredit":false},{"lineNumber":15,"author":{"gitId":"dubbeyou"},"content":"        super(description, TaskType.DEADLINE);","lastModifiedDate":"2026-01-24T16:09:30","isFullCredit":false},{"lineNumber":16,"author":{"gitId":"dubbeyou"},"content":"        this.by \u003d by;","lastModifiedDate":"2026-01-24T16:09:30","isFullCredit":false},{"lineNumber":17,"author":{"gitId":"dubbeyou"},"content":"        this.byTime \u003d byTime;","lastModifiedDate":"2026-01-24T16:09:30","isFullCredit":false},{"lineNumber":18,"author":{"gitId":"dubbeyou"},"content":"    }","lastModifiedDate":"2026-01-24T16:09:30","isFullCredit":false},{"lineNumber":19,"author":{"gitId":"dubbeyou"},"content":"","lastModifiedDate":"2026-01-24T16:09:30","isFullCredit":false},{"lineNumber":20,"author":{"gitId":"dubbeyou"},"content":"    @Override","lastModifiedDate":"2026-01-24T13:59:04","isFullCredit":false},{"lineNumber":21,"author":{"gitId":"dubbeyou"},"content":"    public String getSaveString() {","lastModifiedDate":"2026-01-24T13:59:04","isFullCredit":false},{"lineNumber":22,"author":{"gitId":"dubbeyou"},"content":"        return super.getSaveString() + \" | \" + by;","lastModifiedDate":"2026-01-24T13:59:04","isFullCredit":false},{"lineNumber":23,"author":{"gitId":"dubbeyou"},"content":"    }","lastModifiedDate":"2026-01-24T13:59:04","isFullCredit":false},{"lineNumber":24,"author":{"gitId":"dubbeyou"},"content":"","lastModifiedDate":"2026-01-24T13:59:04","isFullCredit":false},{"lineNumber":25,"author":{"gitId":"dubbeyou"},"content":"    @Override","lastModifiedDate":"2026-01-19T16:09:48","isFullCredit":false},{"lineNumber":26,"author":{"gitId":"dubbeyou"},"content":"    public String toString() {","lastModifiedDate":"2026-01-19T16:09:48","isFullCredit":false},{"lineNumber":27,"author":{"gitId":"dubbeyou"},"content":"        if (byTime \u003d\u003d null) {","lastModifiedDate":"2026-01-24T16:09:30","isFullCredit":false},{"lineNumber":28,"author":{"gitId":"dubbeyou"},"content":"            return super.toString() + \" (by: \" + by + \")\";","lastModifiedDate":"2026-01-19T20:25:26","isFullCredit":false},{"lineNumber":29,"author":{"gitId":"dubbeyou"},"content":"        }","lastModifiedDate":"2026-01-19T16:09:48","isFullCredit":false},{"lineNumber":30,"author":{"gitId":"dubbeyou"},"content":"        return super.toString() + \" (by: \" + byTime.format(FORMATTER) + \")\";","lastModifiedDate":"2026-01-24T16:09:30","isFullCredit":false},{"lineNumber":31,"author":{"gitId":"dubbeyou"},"content":"    }","lastModifiedDate":"2026-01-24T16:09:30","isFullCredit":false},{"lineNumber":32,"author":{"gitId":"dubbeyou"},"content":"}","lastModifiedDate":"2026-01-19T16:09:48","isFullCredit":false}],"authorContributionMap":{"dubbeyou":32}},{"path":"src/main/java/Event.java","fileType":"java","lines":[{"lineNumber":1,"author":{"gitId":"dubbeyou"},"content":"import java.time.LocalDateTime;","lastModifiedDate":"2026-01-24T16:20:32","isFullCredit":false},{"lineNumber":2,"author":{"gitId":"dubbeyou"},"content":"import java.time.format.DateTimeFormatter;","lastModifiedDate":"2026-01-24T16:20:32","isFullCredit":false},{"lineNumber":3,"author":{"gitId":"dubbeyou"},"content":"","lastModifiedDate":"2026-01-24T16:20:32","isFullCredit":false},{"lineNumber":4,"author":{"gitId":"dubbeyou"},"content":"public class Event extends Task {","lastModifiedDate":"2026-01-19T16:16:09","isFullCredit":false},{"lineNumber":5,"author":{"gitId":"dubbeyou"},"content":"    protected LocalDateTime fromTime \u003d null;","lastModifiedDate":"2026-01-24T16:20:32","isFullCredit":false},{"lineNumber":6,"author":{"gitId":"dubbeyou"},"content":"    protected LocalDateTime toTime \u003d null;","lastModifiedDate":"2026-01-24T16:20:32","isFullCredit":false},{"lineNumber":7,"author":{"gitId":"dubbeyou"},"content":"    protected String from;","lastModifiedDate":"2026-01-19T16:16:09","isFullCredit":false},{"lineNumber":8,"author":{"gitId":"dubbeyou"},"content":"    protected String to;","lastModifiedDate":"2026-01-19T16:16:09","isFullCredit":false},{"lineNumber":9,"author":{"gitId":"dubbeyou"},"content":"    private static final DateTimeFormatter FORMATTER \u003d DateTimeFormatter.ofPattern(\"h:mma, MMM dd yyyy\");","lastModifiedDate":"2026-01-24T16:20:32","isFullCredit":false},{"lineNumber":10,"author":{"gitId":"dubbeyou"},"content":"","lastModifiedDate":"2026-01-19T16:16:09","isFullCredit":false},{"lineNumber":11,"author":{"gitId":"dubbeyou"},"content":"    public Event(String description, String from, String to) {","lastModifiedDate":"2026-01-19T16:16:09","isFullCredit":false},{"lineNumber":12,"author":{"gitId":"dubbeyou"},"content":"        super(description, TaskType.EVENT);","lastModifiedDate":"2026-01-19T20:25:26","isFullCredit":false},{"lineNumber":13,"author":{"gitId":"dubbeyou"},"content":"        this.from \u003d from;","lastModifiedDate":"2026-01-19T16:16:09","isFullCredit":false},{"lineNumber":14,"author":{"gitId":"dubbeyou"},"content":"        this.to \u003d to;","lastModifiedDate":"2026-01-19T16:16:09","isFullCredit":false},{"lineNumber":15,"author":{"gitId":"dubbeyou"},"content":"    }","lastModifiedDate":"2026-01-19T16:16:09","isFullCredit":false},{"lineNumber":16,"author":{"gitId":"dubbeyou"},"content":"","lastModifiedDate":"2026-01-19T16:16:09","isFullCredit":false},{"lineNumber":17,"author":{"gitId":"dubbeyou"},"content":"    public Event(String description, String from, LocalDateTime fromTime, String to, LocalDateTime toTime) {","lastModifiedDate":"2026-01-24T16:20:32","isFullCredit":false},{"lineNumber":18,"author":{"gitId":"dubbeyou"},"content":"        super(description, TaskType.EVENT);","lastModifiedDate":"2026-01-24T16:20:32","isFullCredit":false},{"lineNumber":19,"author":{"gitId":"dubbeyou"},"content":"        this.from \u003d from;","lastModifiedDate":"2026-01-24T16:20:32","isFullCredit":false},{"lineNumber":20,"author":{"gitId":"dubbeyou"},"content":"        this.fromTime \u003d fromTime;","lastModifiedDate":"2026-01-24T16:20:32","isFullCredit":false},{"lineNumber":21,"author":{"gitId":"dubbeyou"},"content":"        this.to \u003d to;","lastModifiedDate":"2026-01-24T16:20:32","isFullCredit":false},{"lineNumber":22,"author":{"gitId":"dubbeyou"},"content":"        this.toTime \u003d toTime;","lastModifiedDate":"2026-01-24T16:20:32","isFullCredit":false},{"lineNumber":23,"author":{"gitId":"dubbeyou"},"content":"    }","lastModifiedDate":"2026-01-24T16:20:32","isFullCredit":false},{"lineNumber":24,"author":{"gitId":"dubbeyou"},"content":"","lastModifiedDate":"2026-01-24T16:20:32","isFullCredit":false},{"lineNumber":25,"author":{"gitId":"dubbeyou"},"content":"    @Override","lastModifiedDate":"2026-01-24T13:59:04","isFullCredit":false},{"lineNumber":26,"author":{"gitId":"dubbeyou"},"content":"    public String getSaveString() {","lastModifiedDate":"2026-01-24T13:59:04","isFullCredit":false},{"lineNumber":27,"author":{"gitId":"dubbeyou"},"content":"        return super.getSaveString() + \" | \" + from + \" | \" + to;","lastModifiedDate":"2026-01-24T13:59:04","isFullCredit":false},{"lineNumber":28,"author":{"gitId":"dubbeyou"},"content":"    }","lastModifiedDate":"2026-01-24T13:59:04","isFullCredit":false},{"lineNumber":29,"author":{"gitId":"dubbeyou"},"content":"","lastModifiedDate":"2026-01-24T13:59:04","isFullCredit":false},{"lineNumber":30,"author":{"gitId":"dubbeyou"},"content":"    @Override","lastModifiedDate":"2026-01-19T16:16:09","isFullCredit":false},{"lineNumber":31,"author":{"gitId":"dubbeyou"},"content":"    public String toString() {","lastModifiedDate":"2026-01-19T16:16:09","isFullCredit":false},{"lineNumber":32,"author":{"gitId":"dubbeyou"},"content":"        if (fromTime \u003d\u003d null || toTime \u003d\u003d null) {","lastModifiedDate":"2026-01-24T16:20:32","isFullCredit":false},{"lineNumber":33,"author":{"gitId":"dubbeyou"},"content":"            return super.toString()+ \" (from: \" + from + \" to: \" + to + \")\";","lastModifiedDate":"2026-01-19T20:25:26","isFullCredit":false},{"lineNumber":34,"author":{"gitId":"dubbeyou"},"content":"        }","lastModifiedDate":"2026-01-19T16:16:09","isFullCredit":false},{"lineNumber":35,"author":{"gitId":"dubbeyou"},"content":"        return super.toString()+ \" (from: \" + fromTime.format(FORMATTER) + \" to: \" + toTime.format(FORMATTER) + \")\";","lastModifiedDate":"2026-01-24T16:20:32","isFullCredit":false},{"lineNumber":36,"author":{"gitId":"dubbeyou"},"content":"    }","lastModifiedDate":"2026-01-24T16:20:32","isFullCredit":false},{"lineNumber":37,"author":{"gitId":"dubbeyou"},"content":"}","lastModifiedDate":"2026-01-19T16:16:09","isFullCredit":false}],"authorContributionMap":{"dubbeyou":37}},{"path":"src/main/java/InvalidArgumentSnekException.java","fileType":"java","lines":[{"lineNumber":1,"author":{"gitId":"dubbeyou"},"content":"public class InvalidArgumentSnekException extends SnekException {","lastModifiedDate":"2026-01-19T18:14:09","isFullCredit":false},{"lineNumber":2,"author":{"gitId":"dubbeyou"},"content":"    public InvalidArgumentSnekException(String message) {","lastModifiedDate":"2026-01-19T18:14:09","isFullCredit":false},{"lineNumber":3,"author":{"gitId":"dubbeyou"},"content":"        super(message);","lastModifiedDate":"2026-01-19T18:14:09","isFullCredit":false},{"lineNumber":4,"author":{"gitId":"dubbeyou"},"content":"    }","lastModifiedDate":"2026-01-19T18:14:09","isFullCredit":false},{"lineNumber":5,"author":{"gitId":"dubbeyou"},"content":"}","lastModifiedDate":"2026-01-19T18:14:09","isFullCredit":false}],"authorContributionMap":{"dubbeyou":5}},{"path":"src/main/java/InvalidCommandSnekException.java","fileType":"java","lines":[{"lineNumber":1,"author":{"gitId":"dubbeyou"},"content":"public class InvalidCommandSnekException extends SnekException {","lastModifiedDate":"2026-01-19T18:08:24","isFullCredit":false},{"lineNumber":2,"author":{"gitId":"dubbeyou"},"content":"    public InvalidCommandSnekException() {","lastModifiedDate":"2026-01-24T13:42:51","isFullCredit":false},{"lineNumber":3,"author":{"gitId":"dubbeyou"},"content":"        super(\"Ssssory, I don\u0027t undersssstand the commandsss...\");","lastModifiedDate":"2026-01-19T18:08:24","isFullCredit":false},{"lineNumber":4,"author":{"gitId":"dubbeyou"},"content":"    }","lastModifiedDate":"2026-01-19T18:08:24","isFullCredit":false},{"lineNumber":5,"author":{"gitId":"dubbeyou"},"content":"}","lastModifiedDate":"2026-01-19T18:08:24","isFullCredit":false}],"authorContributionMap":{"dubbeyou":5}},{"path":"src/main/java/Snek.java","fileType":"java","lines":[{"lineNumber":1,"author":{"gitId":"dubbeyou"},"content":"import java.util.Scanner;","lastModifiedDate":"2026-01-19T14:30:46","isFullCredit":false},{"lineNumber":2,"author":{"gitId":"dubbeyou"},"content":"import java.util.ArrayList;","lastModifiedDate":"2026-01-19T18:47:27","isFullCredit":false},{"lineNumber":3,"author":{"gitId":"dubbeyou"},"content":"import java.io.File;","lastModifiedDate":"2026-01-24T13:13:00","isFullCredit":false},{"lineNumber":4,"author":{"gitId":"dubbeyou"},"content":"import java.io.FileWriter;","lastModifiedDate":"2026-01-24T14:04:22","isFullCredit":false},{"lineNumber":5,"author":{"gitId":"dubbeyou"},"content":"import java.io.IOException;","lastModifiedDate":"2026-01-24T13:13:00","isFullCredit":false},{"lineNumber":6,"author":{"gitId":"dubbeyou"},"content":"import java.time.LocalDate;","lastModifiedDate":"2026-01-24T16:10:17","isFullCredit":false},{"lineNumber":7,"author":{"gitId":"dubbeyou"},"content":"import java.time.LocalDateTime;","lastModifiedDate":"2026-01-24T16:10:17","isFullCredit":false},{"lineNumber":8,"author":{"gitId":"dubbeyou"},"content":"import java.time.format.DateTimeFormatter;","lastModifiedDate":"2026-01-24T16:10:17","isFullCredit":false},{"lineNumber":9,"author":{"gitId":"dubbeyou"},"content":"import java.time.format.DateTimeParseException;","lastModifiedDate":"2026-01-24T16:10:17","isFullCredit":false},{"lineNumber":10,"author":{"gitId":"dubbeyou"},"content":"","lastModifiedDate":"2026-01-19T14:30:46","isFullCredit":false},{"lineNumber":11,"author":{"gitId":"dubbeyou"},"content":"public class Snek {","lastModifiedDate":"2026-01-19T13:23:19","isFullCredit":false},{"lineNumber":12,"author":{"gitId":"dubbeyou"},"content":"    private static final String LINEBREAK \u003d \"------------------------------------------------------------\";","lastModifiedDate":"2026-01-19T14:16:45","isFullCredit":false},{"lineNumber":13,"author":{"gitId":"dubbeyou"},"content":"    private static final String HELLO \u003d \"Ssss... Hello I\u0027m Snek! Ssss...\\nWhatsss cans I do for you todayss...?\";","lastModifiedDate":"2026-01-19T14:16:45","isFullCredit":false},{"lineNumber":14,"author":{"gitId":"dubbeyou"},"content":"    private static final String BYE \u003d \"Ssss... Bye! Ssss...\";","lastModifiedDate":"2026-01-19T14:16:45","isFullCredit":false},{"lineNumber":15,"author":{"gitId":"dubbeyou"},"content":"","lastModifiedDate":"2026-01-19T14:16:45","isFullCredit":false},{"lineNumber":16,"author":{"gitId":"dubbeyou"},"content":"    private static ArrayList\u003cTask\u003e taskList \u003d new ArrayList\u003c\u003e();","lastModifiedDate":"2026-01-19T18:47:27","isFullCredit":false},{"lineNumber":17,"author":{"gitId":"dubbeyou"},"content":"    private static String STORAGEPATH \u003d \"./data\";","lastModifiedDate":"2026-01-24T13:13:00","isFullCredit":false},{"lineNumber":18,"author":{"gitId":"dubbeyou"},"content":"    private static String FILENAME \u003d \"snek.txt\";","lastModifiedDate":"2026-01-24T13:13:00","isFullCredit":false},{"lineNumber":19,"author":{"gitId":"dubbeyou"},"content":"","lastModifiedDate":"2026-01-19T15:06:18","isFullCredit":false},{"lineNumber":20,"author":{"gitId":"dubbeyou"},"content":"    private static final DateTimeFormatter[] DATE_TIME_FORMATS \u003d {","lastModifiedDate":"2026-01-24T16:10:17","isFullCredit":false},{"lineNumber":21,"author":{"gitId":"dubbeyou"},"content":"            DateTimeFormatter.ofPattern(\"yyyy-M-d H:m\"),","lastModifiedDate":"2026-01-24T16:10:17","isFullCredit":false},{"lineNumber":22,"author":{"gitId":"dubbeyou"},"content":"            DateTimeFormatter.ofPattern(\"yyyy-M-d Hmm\"),","lastModifiedDate":"2026-01-24T16:10:17","isFullCredit":false},{"lineNumber":23,"author":{"gitId":"dubbeyou"},"content":"            DateTimeFormatter.ofPattern(\"yyyy/M/d H:m\"),","lastModifiedDate":"2026-01-24T16:10:17","isFullCredit":false},{"lineNumber":24,"author":{"gitId":"dubbeyou"},"content":"            DateTimeFormatter.ofPattern(\"yyyy/M/d Hmm\"),","lastModifiedDate":"2026-01-24T16:10:17","isFullCredit":false},{"lineNumber":25,"author":{"gitId":"dubbeyou"},"content":"            DateTimeFormatter.ofPattern(\"d-M-yyyy H:m\"),","lastModifiedDate":"2026-01-24T16:10:17","isFullCredit":false},{"lineNumber":26,"author":{"gitId":"dubbeyou"},"content":"            DateTimeFormatter.ofPattern(\"d-M-yyyy Hmm\"),","lastModifiedDate":"2026-01-24T16:10:17","isFullCredit":false},{"lineNumber":27,"author":{"gitId":"dubbeyou"},"content":"            DateTimeFormatter.ofPattern(\"d/M/yyyy H:m\"),","lastModifiedDate":"2026-01-24T16:10:17","isFullCredit":false},{"lineNumber":28,"author":{"gitId":"dubbeyou"},"content":"            DateTimeFormatter.ofPattern(\"d/M/yyyy Hmm\"),","lastModifiedDate":"2026-01-24T16:10:17","isFullCredit":false},{"lineNumber":29,"author":{"gitId":"dubbeyou"},"content":"            DateTimeFormatter.ISO_LOCAL_DATE_TIME","lastModifiedDate":"2026-01-24T16:10:17","isFullCredit":false},{"lineNumber":30,"author":{"gitId":"dubbeyou"},"content":"    };","lastModifiedDate":"2026-01-24T16:10:17","isFullCredit":false},{"lineNumber":31,"author":{"gitId":"dubbeyou"},"content":"","lastModifiedDate":"2026-01-24T16:10:17","isFullCredit":false},{"lineNumber":32,"author":{"gitId":"dubbeyou"},"content":"    private static final DateTimeFormatter[] DATE_FORMATS \u003d {","lastModifiedDate":"2026-01-24T16:10:17","isFullCredit":false},{"lineNumber":33,"author":{"gitId":"dubbeyou"},"content":"            DateTimeFormatter.ofPattern(\"yyyy-M-d\"),","lastModifiedDate":"2026-01-24T16:10:17","isFullCredit":false},{"lineNumber":34,"author":{"gitId":"dubbeyou"},"content":"            DateTimeFormatter.ofPattern(\"yyyy/M/d\"),","lastModifiedDate":"2026-01-24T16:10:17","isFullCredit":false},{"lineNumber":35,"author":{"gitId":"dubbeyou"},"content":"            DateTimeFormatter.ofPattern(\"d-M-yyyy\"),","lastModifiedDate":"2026-01-24T16:10:17","isFullCredit":false},{"lineNumber":36,"author":{"gitId":"dubbeyou"},"content":"            DateTimeFormatter.ofPattern(\"d/M/yyyy\"),","lastModifiedDate":"2026-01-24T16:10:17","isFullCredit":false},{"lineNumber":37,"author":{"gitId":"dubbeyou"},"content":"            DateTimeFormatter.ISO_LOCAL_DATE","lastModifiedDate":"2026-01-24T16:10:17","isFullCredit":false},{"lineNumber":38,"author":{"gitId":"dubbeyou"},"content":"    };","lastModifiedDate":"2026-01-24T16:10:17","isFullCredit":false},{"lineNumber":39,"author":{"gitId":"dubbeyou"},"content":"","lastModifiedDate":"2026-01-24T16:10:17","isFullCredit":false},{"lineNumber":40,"author":{"gitId":"dubbeyou"},"content":"    private static LocalDateTime parseDateTime(String input) {","lastModifiedDate":"2026-01-24T16:10:17","isFullCredit":false},{"lineNumber":41,"author":{"gitId":"dubbeyou"},"content":"        for (DateTimeFormatter formatter : DATE_TIME_FORMATS) {","lastModifiedDate":"2026-01-24T16:10:17","isFullCredit":false},{"lineNumber":42,"author":{"gitId":"dubbeyou"},"content":"            try {","lastModifiedDate":"2026-01-24T16:10:17","isFullCredit":false},{"lineNumber":43,"author":{"gitId":"dubbeyou"},"content":"                return LocalDateTime.parse(input, formatter);","lastModifiedDate":"2026-01-24T16:10:17","isFullCredit":false},{"lineNumber":44,"author":{"gitId":"dubbeyou"},"content":"            } catch (DateTimeParseException ignored) {}","lastModifiedDate":"2026-01-24T16:10:17","isFullCredit":false},{"lineNumber":45,"author":{"gitId":"dubbeyou"},"content":"        }","lastModifiedDate":"2026-01-24T16:10:17","isFullCredit":false},{"lineNumber":46,"author":{"gitId":"dubbeyou"},"content":"","lastModifiedDate":"2026-01-24T16:10:17","isFullCredit":false},{"lineNumber":47,"author":{"gitId":"dubbeyou"},"content":"        for (DateTimeFormatter formatter : DATE_FORMATS) {","lastModifiedDate":"2026-01-24T16:10:17","isFullCredit":false},{"lineNumber":48,"author":{"gitId":"dubbeyou"},"content":"            try {","lastModifiedDate":"2026-01-24T16:10:17","isFullCredit":false},{"lineNumber":49,"author":{"gitId":"dubbeyou"},"content":"                return LocalDate.parse(input, formatter).atStartOfDay();","lastModifiedDate":"2026-01-24T16:10:17","isFullCredit":false},{"lineNumber":50,"author":{"gitId":"dubbeyou"},"content":"            } catch (DateTimeParseException ignored) {}","lastModifiedDate":"2026-01-24T16:10:17","isFullCredit":false},{"lineNumber":51,"author":{"gitId":"dubbeyou"},"content":"        }","lastModifiedDate":"2026-01-24T16:10:17","isFullCredit":false},{"lineNumber":52,"author":{"gitId":"dubbeyou"},"content":"        ","lastModifiedDate":"2026-01-24T16:10:17","isFullCredit":false},{"lineNumber":53,"author":{"gitId":"dubbeyou"},"content":"        return null;","lastModifiedDate":"2026-01-24T16:10:17","isFullCredit":false},{"lineNumber":54,"author":{"gitId":"dubbeyou"},"content":"    }","lastModifiedDate":"2026-01-24T16:10:17","isFullCredit":false},{"lineNumber":55,"author":{"gitId":"dubbeyou"},"content":"","lastModifiedDate":"2026-01-24T16:10:17","isFullCredit":false},{"lineNumber":56,"author":{"gitId":"dubbeyou"},"content":"    private static String frameMessage(String input) {","lastModifiedDate":"2026-01-19T14:39:07","isFullCredit":false},{"lineNumber":57,"author":{"gitId":"dubbeyou"},"content":"        return LINEBREAK + \"\\n\" + input + \"\\n\" + LINEBREAK;","lastModifiedDate":"2026-01-19T14:39:07","isFullCredit":false},{"lineNumber":58,"author":{"gitId":"dubbeyou"},"content":"    }","lastModifiedDate":"2026-01-19T14:39:07","isFullCredit":false},{"lineNumber":59,"author":{"gitId":"dubbeyou"},"content":"","lastModifiedDate":"2026-01-19T14:39:07","isFullCredit":false},{"lineNumber":60,"author":{"gitId":"dubbeyou"},"content":"    private static void initialiseStorage(String path, String filename) {","lastModifiedDate":"2026-01-24T13:13:00","isFullCredit":false},{"lineNumber":61,"author":{"gitId":"dubbeyou"},"content":"        File dir \u003d new File(path);","lastModifiedDate":"2026-01-24T13:13:00","isFullCredit":false},{"lineNumber":62,"author":{"gitId":"dubbeyou"},"content":"        if (!dir.exists()) {","lastModifiedDate":"2026-01-24T13:13:00","isFullCredit":false},{"lineNumber":63,"author":{"gitId":"dubbeyou"},"content":"            dir.mkdirs();","lastModifiedDate":"2026-01-24T13:13:00","isFullCredit":false},{"lineNumber":64,"author":{"gitId":"dubbeyou"},"content":"        }","lastModifiedDate":"2026-01-24T13:13:00","isFullCredit":false},{"lineNumber":65,"author":{"gitId":"dubbeyou"},"content":"        File file \u003d new File(path, filename);","lastModifiedDate":"2026-01-24T13:13:00","isFullCredit":false},{"lineNumber":66,"author":{"gitId":"dubbeyou"},"content":"        try {","lastModifiedDate":"2026-01-24T13:13:00","isFullCredit":false},{"lineNumber":67,"author":{"gitId":"dubbeyou"},"content":"            if (!file.createNewFile()) {","lastModifiedDate":"2026-01-24T13:13:00","isFullCredit":false},{"lineNumber":68,"author":{"gitId":"dubbeyou"},"content":"                Scanner sc \u003d new Scanner(file);","lastModifiedDate":"2026-01-24T13:13:00","isFullCredit":false},{"lineNumber":69,"author":{"gitId":"dubbeyou"},"content":"                while (sc.hasNextLine()) {","lastModifiedDate":"2026-01-24T13:13:00","isFullCredit":false},{"lineNumber":70,"author":{"gitId":"dubbeyou"},"content":"                    readFromStorage(sc.nextLine());","lastModifiedDate":"2026-01-24T13:54:17","isFullCredit":false},{"lineNumber":71,"author":{"gitId":"dubbeyou"},"content":"                }","lastModifiedDate":"2026-01-24T13:13:00","isFullCredit":false},{"lineNumber":72,"author":{"gitId":"dubbeyou"},"content":"                sc.close();","lastModifiedDate":"2026-01-24T13:13:00","isFullCredit":false},{"lineNumber":73,"author":{"gitId":"dubbeyou"},"content":"                System.out.println(\"(Ssss... Loaded existing tasksss from storage..sss!)\");","lastModifiedDate":"2026-01-24T14:08:17","isFullCredit":false},{"lineNumber":74,"author":{"gitId":"dubbeyou"},"content":"            } else {","lastModifiedDate":"2026-01-24T13:13:00","isFullCredit":false},{"lineNumber":75,"author":{"gitId":"dubbeyou"},"content":"                System.out.println(\"(Ssss... Created new storage file for tasksss..sss!)\");","lastModifiedDate":"2026-01-24T14:08:17","isFullCredit":false},{"lineNumber":76,"author":{"gitId":"dubbeyou"},"content":"            }","lastModifiedDate":"2026-01-24T13:13:00","isFullCredit":false},{"lineNumber":77,"author":{"gitId":"dubbeyou"},"content":"        } catch (IOException e) {","lastModifiedDate":"2026-01-24T13:13:00","isFullCredit":false},{"lineNumber":78,"author":{"gitId":"dubbeyou"},"content":"            System.err.println(\"Ssss... Error creating storage file!\");","lastModifiedDate":"2026-01-24T13:13:00","isFullCredit":false},{"lineNumber":79,"author":{"gitId":"dubbeyou"},"content":"        }","lastModifiedDate":"2026-01-24T13:13:00","isFullCredit":false},{"lineNumber":80,"author":{"gitId":"dubbeyou"},"content":"    }","lastModifiedDate":"2026-01-24T13:13:00","isFullCredit":false},{"lineNumber":81,"author":{"gitId":"dubbeyou"},"content":"","lastModifiedDate":"2026-01-24T13:13:00","isFullCredit":false},{"lineNumber":82,"author":{"gitId":"dubbeyou"},"content":"    private static void readFromStorage(String data) {","lastModifiedDate":"2026-01-24T13:54:17","isFullCredit":false},{"lineNumber":83,"author":{"gitId":"dubbeyou"},"content":"        try {","lastModifiedDate":"2026-01-24T13:54:17","isFullCredit":false},{"lineNumber":84,"author":{"gitId":"dubbeyou"},"content":"            String[] args \u003d data.split(\"[\\\\|]\");","lastModifiedDate":"2026-01-24T13:54:17","isFullCredit":false},{"lineNumber":85,"author":{"gitId":"dubbeyou"},"content":"            TaskType type \u003d TaskType.fromCode(args[0].trim());","lastModifiedDate":"2026-01-24T13:54:17","isFullCredit":false},{"lineNumber":86,"author":{"gitId":"dubbeyou"},"content":"            boolean isDone \u003d args[1].trim().equals(\"1\");","lastModifiedDate":"2026-01-24T13:54:17","isFullCredit":false},{"lineNumber":87,"author":{"gitId":"dubbeyou"},"content":"","lastModifiedDate":"2026-01-24T13:54:17","isFullCredit":false},{"lineNumber":88,"author":{"gitId":"dubbeyou"},"content":"            switch (type) {","lastModifiedDate":"2026-01-24T13:54:17","isFullCredit":false},{"lineNumber":89,"author":{"gitId":"dubbeyou"},"content":"            case TODO:","lastModifiedDate":"2026-01-24T13:54:17","isFullCredit":false},{"lineNumber":90,"author":{"gitId":"dubbeyou"},"content":"                createTodo(args[2].trim(), isDone);","lastModifiedDate":"2026-01-24T13:54:17","isFullCredit":false},{"lineNumber":91,"author":{"gitId":"dubbeyou"},"content":"                break;","lastModifiedDate":"2026-01-24T13:54:17","isFullCredit":false},{"lineNumber":92,"author":{"gitId":"dubbeyou"},"content":"            case DEADLINE:","lastModifiedDate":"2026-01-24T13:54:17","isFullCredit":false},{"lineNumber":93,"author":{"gitId":"dubbeyou"},"content":"                createDeadline(args[2].trim(), args[3].trim(), isDone);","lastModifiedDate":"2026-01-24T13:54:17","isFullCredit":false},{"lineNumber":94,"author":{"gitId":"dubbeyou"},"content":"                break;","lastModifiedDate":"2026-01-24T13:54:17","isFullCredit":false},{"lineNumber":95,"author":{"gitId":"dubbeyou"},"content":"            case EVENT:","lastModifiedDate":"2026-01-24T13:54:17","isFullCredit":false},{"lineNumber":96,"author":{"gitId":"dubbeyou"},"content":"                createEvent(args[2].trim(), args[3].trim(), args[4].trim(), isDone);","lastModifiedDate":"2026-01-24T13:54:17","isFullCredit":false},{"lineNumber":97,"author":{"gitId":"dubbeyou"},"content":"                break;","lastModifiedDate":"2026-01-24T13:54:17","isFullCredit":false},{"lineNumber":98,"author":{"gitId":"dubbeyou"},"content":"            }","lastModifiedDate":"2026-01-24T13:54:17","isFullCredit":false},{"lineNumber":99,"author":{"gitId":"dubbeyou"},"content":"        } catch (SnekException e) {","lastModifiedDate":"2026-01-24T13:54:17","isFullCredit":false},{"lineNumber":100,"author":{"gitId":"dubbeyou"},"content":"            System.err.println(frameMessage(e.getMessage()));","lastModifiedDate":"2026-01-24T13:54:17","isFullCredit":false},{"lineNumber":101,"author":{"gitId":"dubbeyou"},"content":"        }","lastModifiedDate":"2026-01-24T13:54:17","isFullCredit":false},{"lineNumber":102,"author":{"gitId":"dubbeyou"},"content":"    }","lastModifiedDate":"2026-01-24T13:54:17","isFullCredit":false},{"lineNumber":103,"author":{"gitId":"dubbeyou"},"content":"","lastModifiedDate":"2026-01-24T13:54:17","isFullCredit":false},{"lineNumber":104,"author":{"gitId":"dubbeyou"},"content":"    private static void writeToStorage(Task task) {","lastModifiedDate":"2026-01-24T14:04:22","isFullCredit":false},{"lineNumber":105,"author":{"gitId":"dubbeyou"},"content":"        try {","lastModifiedDate":"2026-01-24T14:04:22","isFullCredit":false},{"lineNumber":106,"author":{"gitId":"dubbeyou"},"content":"            FileWriter fw \u003d new FileWriter(STORAGEPATH + \"/\" + FILENAME, true);","lastModifiedDate":"2026-01-24T14:09:58","isFullCredit":false},{"lineNumber":107,"author":{"gitId":"dubbeyou"},"content":"            fw.write(task.getSaveString() + \"\\n\");","lastModifiedDate":"2026-01-24T14:04:22","isFullCredit":false},{"lineNumber":108,"author":{"gitId":"dubbeyou"},"content":"            fw.close();","lastModifiedDate":"2026-01-24T14:04:22","isFullCredit":false},{"lineNumber":109,"author":{"gitId":"dubbeyou"},"content":"        } catch (IOException e) {","lastModifiedDate":"2026-01-24T14:04:22","isFullCredit":false},{"lineNumber":110,"author":{"gitId":"dubbeyou"},"content":"            System.err.println(\"Ssss... Error writing to storage file!\");","lastModifiedDate":"2026-01-24T14:04:22","isFullCredit":false},{"lineNumber":111,"author":{"gitId":"dubbeyou"},"content":"        }","lastModifiedDate":"2026-01-24T14:04:22","isFullCredit":false},{"lineNumber":112,"author":{"gitId":"dubbeyou"},"content":"    }","lastModifiedDate":"2026-01-24T14:04:22","isFullCredit":false},{"lineNumber":113,"author":{"gitId":"dubbeyou"},"content":"","lastModifiedDate":"2026-01-24T14:04:22","isFullCredit":false},{"lineNumber":114,"author":{"gitId":"dubbeyou"},"content":"    private static void rewriteStorage() {","lastModifiedDate":"2026-01-24T14:28:55","isFullCredit":false},{"lineNumber":115,"author":{"gitId":"dubbeyou"},"content":"        try {","lastModifiedDate":"2026-01-24T14:28:55","isFullCredit":false},{"lineNumber":116,"author":{"gitId":"dubbeyou"},"content":"            FileWriter fw \u003d new FileWriter(STORAGEPATH + \"/\" + FILENAME, false);","lastModifiedDate":"2026-01-24T14:28:55","isFullCredit":false},{"lineNumber":117,"author":{"gitId":"dubbeyou"},"content":"            for (Task task : taskList) {","lastModifiedDate":"2026-01-24T14:28:55","isFullCredit":false},{"lineNumber":118,"author":{"gitId":"dubbeyou"},"content":"                fw.write(task.getSaveString() + \"\\n\");","lastModifiedDate":"2026-01-24T14:28:55","isFullCredit":false},{"lineNumber":119,"author":{"gitId":"dubbeyou"},"content":"            }","lastModifiedDate":"2026-01-24T14:28:55","isFullCredit":false},{"lineNumber":120,"author":{"gitId":"dubbeyou"},"content":"            fw.close();","lastModifiedDate":"2026-01-24T14:28:55","isFullCredit":false},{"lineNumber":121,"author":{"gitId":"dubbeyou"},"content":"        } catch (IOException e) {","lastModifiedDate":"2026-01-24T14:28:55","isFullCredit":false},{"lineNumber":122,"author":{"gitId":"dubbeyou"},"content":"            System.err.println(\"Ssss... Error rewriting storage file!\");","lastModifiedDate":"2026-01-24T14:28:55","isFullCredit":false},{"lineNumber":123,"author":{"gitId":"dubbeyou"},"content":"        }","lastModifiedDate":"2026-01-24T14:28:55","isFullCredit":false},{"lineNumber":124,"author":{"gitId":"dubbeyou"},"content":"    }","lastModifiedDate":"2026-01-24T14:28:55","isFullCredit":false},{"lineNumber":125,"author":{"gitId":"dubbeyou"},"content":"","lastModifiedDate":"2026-01-24T14:28:55","isFullCredit":false},{"lineNumber":126,"author":{"gitId":"dubbeyou"},"content":"    private static void addTask(Task task) {","lastModifiedDate":"2026-01-19T16:24:16","isFullCredit":false},{"lineNumber":127,"author":{"gitId":"dubbeyou"},"content":"        taskList.add(task);","lastModifiedDate":"2026-01-19T18:47:27","isFullCredit":false},{"lineNumber":128,"author":{"gitId":"dubbeyou"},"content":"        writeToStorage(task);","lastModifiedDate":"2026-01-24T14:04:22","isFullCredit":false},{"lineNumber":129,"author":{"gitId":"dubbeyou"},"content":"        System.out.println(frameMessage(\"I\u0027ves addedss:\\n\\t\" + task + \"\\nYou now havesss \" + taskList.size() + \" task(s) in your listssss.\"));","lastModifiedDate":"2026-01-19T18:54:04","isFullCredit":false},{"lineNumber":130,"author":{"gitId":"dubbeyou"},"content":"    }","lastModifiedDate":"2026-01-19T15:06:18","isFullCredit":false},{"lineNumber":131,"author":{"gitId":"dubbeyou"},"content":"","lastModifiedDate":"2026-01-19T15:06:18","isFullCredit":false},{"lineNumber":132,"author":{"gitId":"dubbeyou"},"content":"    private static void printTaskList() {","lastModifiedDate":"2026-01-19T15:28:35","isFullCredit":false},{"lineNumber":133,"author":{"gitId":"dubbeyou"},"content":"        String res \u003d \"\";","lastModifiedDate":"2026-01-19T15:06:18","isFullCredit":false},{"lineNumber":134,"author":{"gitId":"dubbeyou"},"content":"        for (int i \u003d 0; i \u003c taskList.size(); i++) {","lastModifiedDate":"2026-01-19T18:47:27","isFullCredit":false},{"lineNumber":135,"author":{"gitId":"dubbeyou"},"content":"            res +\u003d (i + 1) + \". \" + taskList.get(i);","lastModifiedDate":"2026-01-19T18:47:27","isFullCredit":false},{"lineNumber":136,"author":{"gitId":"dubbeyou"},"content":"            if (i !\u003d taskList.size() - 1) {","lastModifiedDate":"2026-01-19T18:47:27","isFullCredit":false},{"lineNumber":137,"author":{"gitId":"dubbeyou"},"content":"                res +\u003d \"\\n\";","lastModifiedDate":"2026-01-19T15:06:18","isFullCredit":false},{"lineNumber":138,"author":{"gitId":"dubbeyou"},"content":"            }","lastModifiedDate":"2026-01-19T15:06:18","isFullCredit":false},{"lineNumber":139,"author":{"gitId":"dubbeyou"},"content":"        }","lastModifiedDate":"2026-01-19T15:06:18","isFullCredit":false},{"lineNumber":140,"author":{"gitId":"dubbeyou"},"content":"        System.out.println(frameMessage(res));","lastModifiedDate":"2026-01-19T15:06:18","isFullCredit":false},{"lineNumber":141,"author":{"gitId":"dubbeyou"},"content":"    }","lastModifiedDate":"2026-01-19T15:06:18","isFullCredit":false},{"lineNumber":142,"author":{"gitId":"dubbeyou"},"content":"","lastModifiedDate":"2026-01-19T15:06:18","isFullCredit":false},{"lineNumber":143,"author":{"gitId":"dubbeyou"},"content":"    private static void markTask(String taskNumber) throws SnekException {","lastModifiedDate":"2026-01-19T18:17:17","isFullCredit":false},{"lineNumber":144,"author":{"gitId":"dubbeyou"},"content":"        int index;","lastModifiedDate":"2026-01-19T18:41:38","isFullCredit":false},{"lineNumber":145,"author":{"gitId":"dubbeyou"},"content":"        try {","lastModifiedDate":"2026-01-19T18:41:38","isFullCredit":false},{"lineNumber":146,"author":{"gitId":"dubbeyou"},"content":"            index \u003d Integer.valueOf(taskNumber) - 1;","lastModifiedDate":"2026-01-19T18:41:38","isFullCredit":false},{"lineNumber":147,"author":{"gitId":"dubbeyou"},"content":"        } catch (NumberFormatException e) {","lastModifiedDate":"2026-01-19T18:41:38","isFullCredit":false},{"lineNumber":148,"author":{"gitId":"dubbeyou"},"content":"            throw new InvalidArgumentSnekException(\"Ssss... Invalid task number!\");","lastModifiedDate":"2026-01-19T18:41:38","isFullCredit":false},{"lineNumber":149,"author":{"gitId":"dubbeyou"},"content":"        }","lastModifiedDate":"2026-01-19T18:41:38","isFullCredit":false},{"lineNumber":150,"author":{"gitId":"dubbeyou"},"content":"        if (index \u003c 0 || index \u003e\u003d taskList.size()) {","lastModifiedDate":"2026-01-19T18:47:27","isFullCredit":false},{"lineNumber":151,"author":{"gitId":"dubbeyou"},"content":"            throw new InvalidArgumentSnekException(\"Ssss... Invalid task number!\");","lastModifiedDate":"2026-01-19T18:17:17","isFullCredit":false},{"lineNumber":152,"author":{"gitId":"dubbeyou"},"content":"        }","lastModifiedDate":"2026-01-19T15:52:42","isFullCredit":false},{"lineNumber":153,"author":{"gitId":"dubbeyou"},"content":"        if (taskList.get(index).isDone()) {","lastModifiedDate":"2026-01-19T18:47:27","isFullCredit":false},{"lineNumber":154,"author":{"gitId":"dubbeyou"},"content":"            throw new InvalidArgumentSnekException(\"Ssss... Thisss task isss already marked as done!\");","lastModifiedDate":"2026-01-19T18:17:17","isFullCredit":false},{"lineNumber":155,"author":{"gitId":"dubbeyou"},"content":"        }","lastModifiedDate":"2026-01-19T15:52:42","isFullCredit":false},{"lineNumber":156,"author":{"gitId":"dubbeyou"},"content":"        taskList.get(index).markAsDone();","lastModifiedDate":"2026-01-19T18:47:27","isFullCredit":false},{"lineNumber":157,"author":{"gitId":"dubbeyou"},"content":"        System.out.println(frameMessage(\"Ssss... I\u0027ves marked thisss task as donesss:\\n  \" + taskList.get(index)));","lastModifiedDate":"2026-01-19T18:47:27","isFullCredit":false},{"lineNumber":158,"author":{"gitId":"dubbeyou"},"content":"","lastModifiedDate":"2026-01-24T14:28:55","isFullCredit":false},{"lineNumber":159,"author":{"gitId":"dubbeyou"},"content":"        rewriteStorage();","lastModifiedDate":"2026-01-24T14:28:55","isFullCredit":false},{"lineNumber":160,"author":{"gitId":"dubbeyou"},"content":"    }","lastModifiedDate":"2026-01-19T15:52:42","isFullCredit":false},{"lineNumber":161,"author":{"gitId":"dubbeyou"},"content":"","lastModifiedDate":"2026-01-19T15:52:42","isFullCredit":false},{"lineNumber":162,"author":{"gitId":"dubbeyou"},"content":"    private static void unmarkTask(String taskNumber) throws SnekException {","lastModifiedDate":"2026-01-19T18:17:17","isFullCredit":false},{"lineNumber":163,"author":{"gitId":"dubbeyou"},"content":"        int index;","lastModifiedDate":"2026-01-19T18:41:38","isFullCredit":false},{"lineNumber":164,"author":{"gitId":"dubbeyou"},"content":"        try {","lastModifiedDate":"2026-01-19T18:41:38","isFullCredit":false},{"lineNumber":165,"author":{"gitId":"dubbeyou"},"content":"            index \u003d Integer.valueOf(taskNumber) - 1;","lastModifiedDate":"2026-01-19T18:41:38","isFullCredit":false},{"lineNumber":166,"author":{"gitId":"dubbeyou"},"content":"        } catch (NumberFormatException e) {","lastModifiedDate":"2026-01-19T18:41:38","isFullCredit":false},{"lineNumber":167,"author":{"gitId":"dubbeyou"},"content":"            throw new InvalidArgumentSnekException(\"Ssss... Invalid task number!\");","lastModifiedDate":"2026-01-19T18:41:38","isFullCredit":false},{"lineNumber":168,"author":{"gitId":"dubbeyou"},"content":"        }","lastModifiedDate":"2026-01-19T18:41:38","isFullCredit":false},{"lineNumber":169,"author":{"gitId":"dubbeyou"},"content":"        if (index \u003c 0 || index \u003e\u003d taskList.size()) {","lastModifiedDate":"2026-01-19T18:47:27","isFullCredit":false},{"lineNumber":170,"author":{"gitId":"dubbeyou"},"content":"            throw new InvalidArgumentSnekException(\"Ssss... Invalid task number!\");","lastModifiedDate":"2026-01-19T18:17:17","isFullCredit":false},{"lineNumber":171,"author":{"gitId":"dubbeyou"},"content":"        }","lastModifiedDate":"2026-01-19T15:52:42","isFullCredit":false},{"lineNumber":172,"author":{"gitId":"dubbeyou"},"content":"        if (!taskList.get(index).isDone()) {","lastModifiedDate":"2026-01-19T18:47:27","isFullCredit":false},{"lineNumber":173,"author":{"gitId":"dubbeyou"},"content":"            throw new InvalidArgumentSnekException(\"Ssss... Thisss task isss already unmarked!\");","lastModifiedDate":"2026-01-19T18:17:17","isFullCredit":false},{"lineNumber":174,"author":{"gitId":"dubbeyou"},"content":"        }","lastModifiedDate":"2026-01-19T15:52:42","isFullCredit":false},{"lineNumber":175,"author":{"gitId":"dubbeyou"},"content":"        taskList.get(index).unmarkAsDone();","lastModifiedDate":"2026-01-19T18:47:27","isFullCredit":false},{"lineNumber":176,"author":{"gitId":"dubbeyou"},"content":"        System.out.println(frameMessage(\"Ssss... I\u0027ves marked thisss task as not done yet:\\n  \" + taskList.get(index)));","lastModifiedDate":"2026-01-19T18:47:27","isFullCredit":false},{"lineNumber":177,"author":{"gitId":"dubbeyou"},"content":"        ","lastModifiedDate":"2026-01-24T14:28:55","isFullCredit":false},{"lineNumber":178,"author":{"gitId":"dubbeyou"},"content":"        rewriteStorage();","lastModifiedDate":"2026-01-24T14:28:55","isFullCredit":false},{"lineNumber":179,"author":{"gitId":"dubbeyou"},"content":"    }","lastModifiedDate":"2026-01-19T15:52:42","isFullCredit":false},{"lineNumber":180,"author":{"gitId":"dubbeyou"},"content":"","lastModifiedDate":"2026-01-19T15:52:42","isFullCredit":false},{"lineNumber":181,"author":{"gitId":"dubbeyou"},"content":"    private static void createTodo(String description) {","lastModifiedDate":"2026-01-19T16:49:44","isFullCredit":false},{"lineNumber":182,"author":{"gitId":"dubbeyou"},"content":"        ToDo todo \u003d new ToDo(description);","lastModifiedDate":"2026-01-19T16:49:44","isFullCredit":false},{"lineNumber":183,"author":{"gitId":"dubbeyou"},"content":"        addTask(todo);","lastModifiedDate":"2026-01-19T16:49:44","isFullCredit":false},{"lineNumber":184,"author":{"gitId":"dubbeyou"},"content":"    }","lastModifiedDate":"2026-01-19T16:49:44","isFullCredit":false},{"lineNumber":185,"author":{"gitId":"dubbeyou"},"content":"","lastModifiedDate":"2026-01-19T16:49:44","isFullCredit":false},{"lineNumber":186,"author":{"gitId":"dubbeyou"},"content":"    private static void createTodo(String description, boolean isDone) {","lastModifiedDate":"2026-01-24T13:54:17","isFullCredit":false},{"lineNumber":187,"author":{"gitId":"dubbeyou"},"content":"        ToDo todo \u003d new ToDo(description);","lastModifiedDate":"2026-01-24T13:54:17","isFullCredit":false},{"lineNumber":188,"author":{"gitId":"dubbeyou"},"content":"        if (isDone) {","lastModifiedDate":"2026-01-24T13:54:17","isFullCredit":false},{"lineNumber":189,"author":{"gitId":"dubbeyou"},"content":"            todo.markAsDone();","lastModifiedDate":"2026-01-24T13:54:17","isFullCredit":false},{"lineNumber":190,"author":{"gitId":"dubbeyou"},"content":"        }","lastModifiedDate":"2026-01-24T13:54:17","isFullCredit":false},{"lineNumber":191,"author":{"gitId":"dubbeyou"},"content":"        taskList.add(todo);","lastModifiedDate":"2026-01-24T14:25:01","isFullCredit":false},{"lineNumber":192,"author":{"gitId":"dubbeyou"},"content":"    }","lastModifiedDate":"2026-01-24T13:54:17","isFullCredit":false},{"lineNumber":193,"author":{"gitId":"dubbeyou"},"content":"","lastModifiedDate":"2026-01-24T13:54:17","isFullCredit":false},{"lineNumber":194,"author":{"gitId":"dubbeyou"},"content":"    private static void createDeadline(String description, String by) {","lastModifiedDate":"2026-01-19T17:00:27","isFullCredit":false},{"lineNumber":195,"author":{"gitId":"dubbeyou"},"content":"        LocalDateTime byDateTime \u003d parseDateTime(by);","lastModifiedDate":"2026-01-24T16:10:17","isFullCredit":false},{"lineNumber":196,"author":{"gitId":"dubbeyou"},"content":"        if (byDateTime !\u003d null) {","lastModifiedDate":"2026-01-24T16:10:17","isFullCredit":false},{"lineNumber":197,"author":{"gitId":"dubbeyou"},"content":"            Deadline deadline \u003d new Deadline(description, by, byDateTime);","lastModifiedDate":"2026-01-24T16:10:17","isFullCredit":false},{"lineNumber":198,"author":{"gitId":"dubbeyou"},"content":"            addTask(deadline);","lastModifiedDate":"2026-01-24T16:10:17","isFullCredit":false},{"lineNumber":199,"author":{"gitId":"dubbeyou"},"content":"            return;","lastModifiedDate":"2026-01-24T16:10:17","isFullCredit":false},{"lineNumber":200,"author":{"gitId":"dubbeyou"},"content":"        }","lastModifiedDate":"2026-01-24T16:10:17","isFullCredit":false},{"lineNumber":201,"author":{"gitId":"dubbeyou"},"content":"        Deadline deadline \u003d new Deadline(description, by);","lastModifiedDate":"2026-01-19T17:00:27","isFullCredit":false},{"lineNumber":202,"author":{"gitId":"dubbeyou"},"content":"        addTask(deadline);","lastModifiedDate":"2026-01-19T17:00:27","isFullCredit":false},{"lineNumber":203,"author":{"gitId":"dubbeyou"},"content":"    }","lastModifiedDate":"2026-01-19T17:00:27","isFullCredit":false},{"lineNumber":204,"author":{"gitId":"dubbeyou"},"content":"","lastModifiedDate":"2026-01-19T17:00:27","isFullCredit":false},{"lineNumber":205,"author":{"gitId":"dubbeyou"},"content":"    private static void createDeadline(String description, String by, boolean isDone) {","lastModifiedDate":"2026-01-24T13:54:17","isFullCredit":false},{"lineNumber":206,"author":{"gitId":"dubbeyou"},"content":"        LocalDateTime byDateTime \u003d parseDateTime(by);","lastModifiedDate":"2026-01-24T16:10:17","isFullCredit":false},{"lineNumber":207,"author":{"gitId":"dubbeyou"},"content":"        if (byDateTime !\u003d null) {","lastModifiedDate":"2026-01-24T16:10:17","isFullCredit":false},{"lineNumber":208,"author":{"gitId":"dubbeyou"},"content":"            Deadline deadline \u003d new Deadline(description, by, byDateTime);","lastModifiedDate":"2026-01-24T16:10:17","isFullCredit":false},{"lineNumber":209,"author":{"gitId":"dubbeyou"},"content":"            if (isDone) {","lastModifiedDate":"2026-01-24T16:12:58","isFullCredit":false},{"lineNumber":210,"author":{"gitId":"dubbeyou"},"content":"                deadline.markAsDone();","lastModifiedDate":"2026-01-24T16:12:58","isFullCredit":false},{"lineNumber":211,"author":{"gitId":"dubbeyou"},"content":"            }","lastModifiedDate":"2026-01-24T16:12:58","isFullCredit":false},{"lineNumber":212,"author":{"gitId":"dubbeyou"},"content":"            taskList.add(deadline);","lastModifiedDate":"2026-01-24T16:10:17","isFullCredit":false},{"lineNumber":213,"author":{"gitId":"dubbeyou"},"content":"            return;","lastModifiedDate":"2026-01-24T16:10:17","isFullCredit":false},{"lineNumber":214,"author":{"gitId":"dubbeyou"},"content":"        }","lastModifiedDate":"2026-01-24T16:10:17","isFullCredit":false},{"lineNumber":215,"author":{"gitId":"dubbeyou"},"content":"        Deadline deadline \u003d new Deadline(description, by);","lastModifiedDate":"2026-01-24T13:54:17","isFullCredit":false},{"lineNumber":216,"author":{"gitId":"dubbeyou"},"content":"        if (isDone) {","lastModifiedDate":"2026-01-24T13:54:17","isFullCredit":false},{"lineNumber":217,"author":{"gitId":"dubbeyou"},"content":"            deadline.markAsDone();","lastModifiedDate":"2026-01-24T13:54:17","isFullCredit":false},{"lineNumber":218,"author":{"gitId":"dubbeyou"},"content":"        }","lastModifiedDate":"2026-01-24T13:54:17","isFullCredit":false},{"lineNumber":219,"author":{"gitId":"dubbeyou"},"content":"        taskList.add(deadline);","lastModifiedDate":"2026-01-24T14:25:01","isFullCredit":false},{"lineNumber":220,"author":{"gitId":"dubbeyou"},"content":"    }","lastModifiedDate":"2026-01-24T13:54:17","isFullCredit":false},{"lineNumber":221,"author":{"gitId":"dubbeyou"},"content":"","lastModifiedDate":"2026-01-24T13:54:17","isFullCredit":false},{"lineNumber":222,"author":{"gitId":"dubbeyou"},"content":"    private static void createEvent(String description, String from, String to) {","lastModifiedDate":"2026-01-19T17:07:45","isFullCredit":false},{"lineNumber":223,"author":{"gitId":"dubbeyou"},"content":"        LocalDateTime fromDateTime \u003d parseDateTime(from);","lastModifiedDate":"2026-01-24T16:20:53","isFullCredit":false},{"lineNumber":224,"author":{"gitId":"dubbeyou"},"content":"        LocalDateTime toDateTime \u003d parseDateTime(to);","lastModifiedDate":"2026-01-24T16:20:53","isFullCredit":false},{"lineNumber":225,"author":{"gitId":"dubbeyou"},"content":"        if (fromDateTime !\u003d null \u0026\u0026 toDateTime !\u003d null) {","lastModifiedDate":"2026-01-24T16:20:53","isFullCredit":false},{"lineNumber":226,"author":{"gitId":"dubbeyou"},"content":"            Event event \u003d new Event(description, from, fromDateTime, to, toDateTime);","lastModifiedDate":"2026-01-24T16:20:53","isFullCredit":false},{"lineNumber":227,"author":{"gitId":"dubbeyou"},"content":"            addTask(event);","lastModifiedDate":"2026-01-24T16:20:53","isFullCredit":false},{"lineNumber":228,"author":{"gitId":"dubbeyou"},"content":"            return;","lastModifiedDate":"2026-01-24T16:20:53","isFullCredit":false},{"lineNumber":229,"author":{"gitId":"dubbeyou"},"content":"        }","lastModifiedDate":"2026-01-24T16:20:53","isFullCredit":false},{"lineNumber":230,"author":{"gitId":"dubbeyou"},"content":"        Event event \u003d new Event(description, from, to);","lastModifiedDate":"2026-01-19T17:07:45","isFullCredit":false},{"lineNumber":231,"author":{"gitId":"dubbeyou"},"content":"        addTask(event);","lastModifiedDate":"2026-01-19T17:07:45","isFullCredit":false},{"lineNumber":232,"author":{"gitId":"dubbeyou"},"content":"    }","lastModifiedDate":"2026-01-19T17:07:45","isFullCredit":false},{"lineNumber":233,"author":{"gitId":"dubbeyou"},"content":"","lastModifiedDate":"2026-01-19T17:07:45","isFullCredit":false},{"lineNumber":234,"author":{"gitId":"dubbeyou"},"content":"    private static void createEvent(String description, String from, String to, boolean isDone) {","lastModifiedDate":"2026-01-24T13:54:17","isFullCredit":false},{"lineNumber":235,"author":{"gitId":"dubbeyou"},"content":"        LocalDateTime fromDateTime \u003d parseDateTime(from);","lastModifiedDate":"2026-01-24T16:20:53","isFullCredit":false},{"lineNumber":236,"author":{"gitId":"dubbeyou"},"content":"        LocalDateTime toDateTime \u003d parseDateTime(to);","lastModifiedDate":"2026-01-24T16:20:53","isFullCredit":false},{"lineNumber":237,"author":{"gitId":"dubbeyou"},"content":"        if (fromDateTime !\u003d null \u0026\u0026 toDateTime !\u003d null) {","lastModifiedDate":"2026-01-24T16:20:53","isFullCredit":false},{"lineNumber":238,"author":{"gitId":"dubbeyou"},"content":"            Event event \u003d new Event(description, from, fromDateTime, to, toDateTime);","lastModifiedDate":"2026-01-24T16:20:53","isFullCredit":false},{"lineNumber":239,"author":{"gitId":"dubbeyou"},"content":"            if (isDone) {","lastModifiedDate":"2026-01-24T16:20:53","isFullCredit":false},{"lineNumber":240,"author":{"gitId":"dubbeyou"},"content":"                event.markAsDone();","lastModifiedDate":"2026-01-24T16:20:53","isFullCredit":false},{"lineNumber":241,"author":{"gitId":"dubbeyou"},"content":"            }","lastModifiedDate":"2026-01-24T16:20:53","isFullCredit":false},{"lineNumber":242,"author":{"gitId":"dubbeyou"},"content":"            taskList.add(event);","lastModifiedDate":"2026-01-24T16:20:53","isFullCredit":false},{"lineNumber":243,"author":{"gitId":"dubbeyou"},"content":"            return;","lastModifiedDate":"2026-01-24T16:20:53","isFullCredit":false},{"lineNumber":244,"author":{"gitId":"dubbeyou"},"content":"        }        ","lastModifiedDate":"2026-01-24T16:20:53","isFullCredit":false},{"lineNumber":245,"author":{"gitId":"dubbeyou"},"content":"        Event event \u003d new Event(description, from, to);","lastModifiedDate":"2026-01-24T13:54:17","isFullCredit":false},{"lineNumber":246,"author":{"gitId":"dubbeyou"},"content":"        if (isDone) {","lastModifiedDate":"2026-01-24T13:54:17","isFullCredit":false},{"lineNumber":247,"author":{"gitId":"dubbeyou"},"content":"            event.markAsDone();","lastModifiedDate":"2026-01-24T13:54:17","isFullCredit":false},{"lineNumber":248,"author":{"gitId":"dubbeyou"},"content":"        }","lastModifiedDate":"2026-01-24T13:54:17","isFullCredit":false},{"lineNumber":249,"author":{"gitId":"dubbeyou"},"content":"        taskList.add(event);","lastModifiedDate":"2026-01-24T14:25:01","isFullCredit":false},{"lineNumber":250,"author":{"gitId":"dubbeyou"},"content":"    }","lastModifiedDate":"2026-01-24T13:54:17","isFullCredit":false},{"lineNumber":251,"author":{"gitId":"dubbeyou"},"content":"","lastModifiedDate":"2026-01-24T13:54:17","isFullCredit":false},{"lineNumber":252,"author":{"gitId":"dubbeyou"},"content":"    private static void handleTodo(String input) {","lastModifiedDate":"2026-01-19T16:49:44","isFullCredit":false},{"lineNumber":253,"author":{"gitId":"dubbeyou"},"content":"        int commandLen \u003d \"todo\".length();","lastModifiedDate":"2026-01-19T17:02:27","isFullCredit":false},{"lineNumber":254,"author":{"gitId":"dubbeyou"},"content":"        String description \u003d input.substring(commandLen).trim();","lastModifiedDate":"2026-01-19T17:02:27","isFullCredit":false},{"lineNumber":255,"author":{"gitId":"dubbeyou"},"content":"        createTodo(description);","lastModifiedDate":"2026-01-19T16:49:44","isFullCredit":false},{"lineNumber":256,"author":{"gitId":"dubbeyou"},"content":"    }","lastModifiedDate":"2026-01-19T16:49:44","isFullCredit":false},{"lineNumber":257,"author":{"gitId":"dubbeyou"},"content":"","lastModifiedDate":"2026-01-19T16:49:44","isFullCredit":false},{"lineNumber":258,"author":{"gitId":"dubbeyou"},"content":"    private static void handleDeadline(String input) throws SnekException {","lastModifiedDate":"2026-01-19T18:20:13","isFullCredit":false},{"lineNumber":259,"author":{"gitId":"dubbeyou"},"content":"        String byMarker \u003d \"/by\";","lastModifiedDate":"2026-01-19T17:00:27","isFullCredit":false},{"lineNumber":260,"author":{"gitId":"dubbeyou"},"content":"        int byIdx \u003d input.indexOf(byMarker);","lastModifiedDate":"2026-01-19T17:00:27","isFullCredit":false},{"lineNumber":261,"author":{"gitId":"dubbeyou"},"content":"        int commandLen \u003d \"deadline\".length();","lastModifiedDate":"2026-01-19T17:00:27","isFullCredit":false},{"lineNumber":262,"author":{"gitId":"dubbeyou"},"content":"","lastModifiedDate":"2026-01-19T17:00:27","isFullCredit":false},{"lineNumber":263,"author":{"gitId":"dubbeyou"},"content":"        if (byIdx \u003d\u003d -1 || byIdx \u003c\u003d commandLen) {","lastModifiedDate":"2026-01-19T17:00:27","isFullCredit":false},{"lineNumber":264,"author":{"gitId":"dubbeyou"},"content":"            throw new InvalidArgumentSnekException(\"Ssss... Please provide a deadline in the format: deadline DESCRIPTION /by TIME\");","lastModifiedDate":"2026-01-19T18:20:13","isFullCredit":false},{"lineNumber":265,"author":{"gitId":"dubbeyou"},"content":"        }","lastModifiedDate":"2026-01-19T17:00:27","isFullCredit":false},{"lineNumber":266,"author":{"gitId":"dubbeyou"},"content":"","lastModifiedDate":"2026-01-19T17:00:27","isFullCredit":false},{"lineNumber":267,"author":{"gitId":"dubbeyou"},"content":"        String description \u003d input.substring(commandLen, byIdx).trim();","lastModifiedDate":"2026-01-19T17:00:27","isFullCredit":false},{"lineNumber":268,"author":{"gitId":"dubbeyou"},"content":"        String by \u003d input.substring(byIdx + byMarker.length()).trim();","lastModifiedDate":"2026-01-19T17:00:27","isFullCredit":false},{"lineNumber":269,"author":{"gitId":"dubbeyou"},"content":"","lastModifiedDate":"2026-01-19T17:00:27","isFullCredit":false},{"lineNumber":270,"author":{"gitId":"dubbeyou"},"content":"        if (description.isEmpty() || by.isEmpty()) {","lastModifiedDate":"2026-01-19T17:00:27","isFullCredit":false},{"lineNumber":271,"author":{"gitId":"dubbeyou"},"content":"            throw new InvalidArgumentSnekException(\"Ssss... Missing description or /by time.\");","lastModifiedDate":"2026-01-19T18:20:13","isFullCredit":false},{"lineNumber":272,"author":{"gitId":"dubbeyou"},"content":"        }","lastModifiedDate":"2026-01-19T17:00:27","isFullCredit":false},{"lineNumber":273,"author":{"gitId":"dubbeyou"},"content":"","lastModifiedDate":"2026-01-19T17:00:27","isFullCredit":false},{"lineNumber":274,"author":{"gitId":"dubbeyou"},"content":"        createDeadline(description, by);","lastModifiedDate":"2026-01-19T17:00:27","isFullCredit":false},{"lineNumber":275,"author":{"gitId":"dubbeyou"},"content":"    }","lastModifiedDate":"2026-01-19T17:00:27","isFullCredit":false},{"lineNumber":276,"author":{"gitId":"dubbeyou"},"content":"","lastModifiedDate":"2026-01-19T17:00:27","isFullCredit":false},{"lineNumber":277,"author":{"gitId":"dubbeyou"},"content":"    private static void handleEvent(String input) throws SnekException {","lastModifiedDate":"2026-01-19T18:20:13","isFullCredit":false},{"lineNumber":278,"author":{"gitId":"dubbeyou"},"content":"        String fromMarker \u003d \"/from\";","lastModifiedDate":"2026-01-19T17:07:45","isFullCredit":false},{"lineNumber":279,"author":{"gitId":"dubbeyou"},"content":"        String toMarker \u003d \"/to\";","lastModifiedDate":"2026-01-19T17:07:45","isFullCredit":false},{"lineNumber":280,"author":{"gitId":"dubbeyou"},"content":"","lastModifiedDate":"2026-01-19T17:07:45","isFullCredit":false},{"lineNumber":281,"author":{"gitId":"dubbeyou"},"content":"        int fromIdx \u003d input.indexOf(fromMarker);","lastModifiedDate":"2026-01-19T17:07:45","isFullCredit":false},{"lineNumber":282,"author":{"gitId":"dubbeyou"},"content":"        int toIdx \u003d input.indexOf(toMarker);","lastModifiedDate":"2026-01-19T17:07:45","isFullCredit":false},{"lineNumber":283,"author":{"gitId":"dubbeyou"},"content":"        int commandLen \u003d \"event\".length();","lastModifiedDate":"2026-01-19T17:07:45","isFullCredit":false},{"lineNumber":284,"author":{"gitId":"dubbeyou"},"content":"","lastModifiedDate":"2026-01-19T17:07:45","isFullCredit":false},{"lineNumber":285,"author":{"gitId":"dubbeyou"},"content":"        if (fromIdx \u003d\u003d -1 || toIdx \u003d\u003d -1 || fromIdx \u003e toIdx) {","lastModifiedDate":"2026-01-19T17:07:45","isFullCredit":false},{"lineNumber":286,"author":{"gitId":"dubbeyou"},"content":"            throw new InvalidArgumentSnekException(\"Ssss... Please provide event in the format: event DESCRIPTION /from START /to END\");","lastModifiedDate":"2026-01-19T18:20:13","isFullCredit":false},{"lineNumber":287,"author":{"gitId":"dubbeyou"},"content":"        }","lastModifiedDate":"2026-01-19T17:07:45","isFullCredit":false},{"lineNumber":288,"author":{"gitId":"dubbeyou"},"content":"","lastModifiedDate":"2026-01-19T17:07:45","isFullCredit":false},{"lineNumber":289,"author":{"gitId":"dubbeyou"},"content":"        String description \u003d input.substring(commandLen, fromIdx).trim();","lastModifiedDate":"2026-01-19T17:07:45","isFullCredit":false},{"lineNumber":290,"author":{"gitId":"dubbeyou"},"content":"        String from \u003d input.substring(fromIdx + fromMarker.length(), toIdx).trim();","lastModifiedDate":"2026-01-19T17:07:45","isFullCredit":false},{"lineNumber":291,"author":{"gitId":"dubbeyou"},"content":"        String to \u003d input.substring(toIdx + toMarker.length()).trim();","lastModifiedDate":"2026-01-19T17:07:45","isFullCredit":false},{"lineNumber":292,"author":{"gitId":"dubbeyou"},"content":"","lastModifiedDate":"2026-01-19T17:07:45","isFullCredit":false},{"lineNumber":293,"author":{"gitId":"dubbeyou"},"content":"        if (description.isEmpty() || from.isEmpty() || to.isEmpty()) {","lastModifiedDate":"2026-01-19T17:07:45","isFullCredit":false},{"lineNumber":294,"author":{"gitId":"dubbeyou"},"content":"            throw new InvalidArgumentSnekException(\"Ssss... Missing description or /from or /to details.\");","lastModifiedDate":"2026-01-19T18:20:13","isFullCredit":false},{"lineNumber":295,"author":{"gitId":"dubbeyou"},"content":"        }","lastModifiedDate":"2026-01-19T17:07:45","isFullCredit":false},{"lineNumber":296,"author":{"gitId":"dubbeyou"},"content":"","lastModifiedDate":"2026-01-19T17:07:45","isFullCredit":false},{"lineNumber":297,"author":{"gitId":"dubbeyou"},"content":"        createEvent(description, from, to);","lastModifiedDate":"2026-01-19T17:07:45","isFullCredit":false},{"lineNumber":298,"author":{"gitId":"dubbeyou"},"content":"    }","lastModifiedDate":"2026-01-19T17:07:45","isFullCredit":false},{"lineNumber":299,"author":{"gitId":"dubbeyou"},"content":"","lastModifiedDate":"2026-01-19T17:07:45","isFullCredit":false},{"lineNumber":300,"author":{"gitId":"dubbeyou"},"content":"    private static void handleDelete(String taskNumber) throws SnekException {","lastModifiedDate":"2026-01-19T18:53:11","isFullCredit":false},{"lineNumber":301,"author":{"gitId":"dubbeyou"},"content":"        int index;","lastModifiedDate":"2026-01-19T18:53:11","isFullCredit":false},{"lineNumber":302,"author":{"gitId":"dubbeyou"},"content":"        try {","lastModifiedDate":"2026-01-19T18:53:11","isFullCredit":false},{"lineNumber":303,"author":{"gitId":"dubbeyou"},"content":"            index \u003d Integer.valueOf(taskNumber) - 1;","lastModifiedDate":"2026-01-19T18:53:11","isFullCredit":false},{"lineNumber":304,"author":{"gitId":"dubbeyou"},"content":"        } catch (NumberFormatException e) {","lastModifiedDate":"2026-01-19T18:53:11","isFullCredit":false},{"lineNumber":305,"author":{"gitId":"dubbeyou"},"content":"            throw new InvalidArgumentSnekException(\"Ssss... Invalid task number!\");","lastModifiedDate":"2026-01-19T18:53:11","isFullCredit":false},{"lineNumber":306,"author":{"gitId":"dubbeyou"},"content":"        }","lastModifiedDate":"2026-01-19T18:53:11","isFullCredit":false},{"lineNumber":307,"author":{"gitId":"dubbeyou"},"content":"        if (index \u003c 0 || index \u003e\u003d taskList.size()) {","lastModifiedDate":"2026-01-19T18:53:11","isFullCredit":false},{"lineNumber":308,"author":{"gitId":"dubbeyou"},"content":"            throw new InvalidArgumentSnekException(\"Ssss... Invalid task number!\");","lastModifiedDate":"2026-01-19T18:53:11","isFullCredit":false},{"lineNumber":309,"author":{"gitId":"dubbeyou"},"content":"        }","lastModifiedDate":"2026-01-19T18:53:11","isFullCredit":false},{"lineNumber":310,"author":{"gitId":"dubbeyou"},"content":"        Task removedTask \u003d taskList.remove(index);","lastModifiedDate":"2026-01-19T18:53:11","isFullCredit":false},{"lineNumber":311,"author":{"gitId":"dubbeyou"},"content":"        System.out.println(frameMessage(\"Ssss... I\u0027ves removed thisss task:\\n\\t\" + removedTask + \"\\nYou now havesss \" + taskList.size() + \" task(s) in your listssss.\"));","lastModifiedDate":"2026-01-19T18:53:11","isFullCredit":false},{"lineNumber":312,"author":{"gitId":"dubbeyou"},"content":"","lastModifiedDate":"2026-01-24T16:29:52","isFullCredit":false},{"lineNumber":313,"author":{"gitId":"dubbeyou"},"content":"        rewriteStorage();","lastModifiedDate":"2026-01-24T16:29:52","isFullCredit":false},{"lineNumber":314,"author":{"gitId":"dubbeyou"},"content":"    }","lastModifiedDate":"2026-01-19T18:53:11","isFullCredit":false},{"lineNumber":315,"author":{"gitId":"dubbeyou"},"content":"","lastModifiedDate":"2026-01-19T18:53:11","isFullCredit":false},{"lineNumber":316,"author":{"gitId":"dubbeyou"},"content":"    private static void handleUserInput(String input) throws SnekException{","lastModifiedDate":"2026-01-19T18:12:37","isFullCredit":false},{"lineNumber":317,"author":{"gitId":"dubbeyou"},"content":"        String[] args \u003d input.split(\"[\\\\s]\");","lastModifiedDate":"2026-01-19T15:52:42","isFullCredit":false},{"lineNumber":318,"author":{"gitId":"dubbeyou"},"content":"        Command cmd \u003d Command.from(args[0]);","lastModifiedDate":"2026-01-19T20:48:59","isFullCredit":false},{"lineNumber":319,"author":{"gitId":"dubbeyou"},"content":"        switch (cmd) {","lastModifiedDate":"2026-01-19T20:48:59","isFullCredit":false},{"lineNumber":320,"author":{"gitId":"dubbeyou"},"content":"            case LIST:","lastModifiedDate":"2026-01-19T20:48:59","isFullCredit":false},{"lineNumber":321,"author":{"gitId":"dubbeyou"},"content":"                printTaskList();","lastModifiedDate":"2026-01-19T15:36:24","isFullCredit":false},{"lineNumber":322,"author":{"gitId":"dubbeyou"},"content":"                break;","lastModifiedDate":"2026-01-19T15:36:24","isFullCredit":false},{"lineNumber":323,"author":{"gitId":"dubbeyou"},"content":"            case MARK:","lastModifiedDate":"2026-01-19T20:48:59","isFullCredit":false},{"lineNumber":324,"author":{"gitId":"dubbeyou"},"content":"                markTask(args[1]);","lastModifiedDate":"2026-01-19T15:52:42","isFullCredit":false},{"lineNumber":325,"author":{"gitId":"dubbeyou"},"content":"                break;","lastModifiedDate":"2026-01-19T15:52:42","isFullCredit":false},{"lineNumber":326,"author":{"gitId":"dubbeyou"},"content":"            case UNMARK:","lastModifiedDate":"2026-01-19T20:48:59","isFullCredit":false},{"lineNumber":327,"author":{"gitId":"dubbeyou"},"content":"                unmarkTask(args[1]);","lastModifiedDate":"2026-01-19T15:52:42","isFullCredit":false},{"lineNumber":328,"author":{"gitId":"dubbeyou"},"content":"                break;","lastModifiedDate":"2026-01-19T15:52:42","isFullCredit":false},{"lineNumber":329,"author":{"gitId":"dubbeyou"},"content":"            case TODO:","lastModifiedDate":"2026-01-19T20:48:59","isFullCredit":false},{"lineNumber":330,"author":{"gitId":"dubbeyou"},"content":"                handleTodo(input);","lastModifiedDate":"2026-01-19T16:49:44","isFullCredit":false},{"lineNumber":331,"author":{"gitId":"dubbeyou"},"content":"                break;","lastModifiedDate":"2026-01-19T16:49:44","isFullCredit":false},{"lineNumber":332,"author":{"gitId":"dubbeyou"},"content":"            case DEADLINE:","lastModifiedDate":"2026-01-19T20:48:59","isFullCredit":false},{"lineNumber":333,"author":{"gitId":"dubbeyou"},"content":"                handleDeadline(input);","lastModifiedDate":"2026-01-19T17:00:27","isFullCredit":false},{"lineNumber":334,"author":{"gitId":"dubbeyou"},"content":"                break;","lastModifiedDate":"2026-01-19T17:00:27","isFullCredit":false},{"lineNumber":335,"author":{"gitId":"dubbeyou"},"content":"            case EVENT:","lastModifiedDate":"2026-01-19T20:48:59","isFullCredit":false},{"lineNumber":336,"author":{"gitId":"dubbeyou"},"content":"                handleEvent(input);","lastModifiedDate":"2026-01-19T17:07:45","isFullCredit":false},{"lineNumber":337,"author":{"gitId":"dubbeyou"},"content":"                break;","lastModifiedDate":"2026-01-19T17:07:45","isFullCredit":false},{"lineNumber":338,"author":{"gitId":"dubbeyou"},"content":"            case DELETE:","lastModifiedDate":"2026-01-19T20:48:59","isFullCredit":false},{"lineNumber":339,"author":{"gitId":"dubbeyou"},"content":"                handleDelete(args[1]);","lastModifiedDate":"2026-01-19T18:53:11","isFullCredit":false},{"lineNumber":340,"author":{"gitId":"dubbeyou"},"content":"                break;","lastModifiedDate":"2026-01-19T18:53:11","isFullCredit":false},{"lineNumber":341,"author":{"gitId":"dubbeyou"},"content":"            default:","lastModifiedDate":"2026-01-19T15:36:24","isFullCredit":false},{"lineNumber":342,"author":{"gitId":"dubbeyou"},"content":"                throw new InvalidCommandSnekException();","lastModifiedDate":"2026-01-24T13:42:51","isFullCredit":false},{"lineNumber":343,"author":{"gitId":"dubbeyou"},"content":"        }","lastModifiedDate":"2026-01-19T15:36:24","isFullCredit":false},{"lineNumber":344,"author":{"gitId":"dubbeyou"},"content":"    }","lastModifiedDate":"2026-01-19T15:36:24","isFullCredit":false},{"lineNumber":345,"author":{"gitId":"dubbeyou"},"content":"","lastModifiedDate":"2026-01-19T15:36:24","isFullCredit":false},{"lineNumber":346,"author":{"gitId":"-"},"content":"    public static void main(String[] args) {","lastModifiedDate":"2019-07-29T17:14:46","isFullCredit":false},{"lineNumber":347,"author":{"gitId":"dubbeyou"},"content":"        System.out.println(frameMessage(HELLO));","lastModifiedDate":"2026-01-19T14:39:07","isFullCredit":false},{"lineNumber":348,"author":{"gitId":"dubbeyou"},"content":"        initialiseStorage(STORAGEPATH, FILENAME);","lastModifiedDate":"2026-01-24T14:08:17","isFullCredit":false},{"lineNumber":349,"author":{"gitId":"dubbeyou"},"content":"","lastModifiedDate":"2026-01-19T14:30:46","isFullCredit":false},{"lineNumber":350,"author":{"gitId":"dubbeyou"},"content":"        Scanner sc \u003d new Scanner(System.in);","lastModifiedDate":"2026-01-19T14:30:46","isFullCredit":false},{"lineNumber":351,"author":{"gitId":"dubbeyou"},"content":"        String input \u003d sc.nextLine();","lastModifiedDate":"2026-01-19T14:30:46","isFullCredit":false},{"lineNumber":352,"author":{"gitId":"dubbeyou"},"content":"        while (!input.equals(\"bye\")) {","lastModifiedDate":"2026-01-19T14:30:46","isFullCredit":false},{"lineNumber":353,"author":{"gitId":"dubbeyou"},"content":"            try {","lastModifiedDate":"2026-01-19T18:12:37","isFullCredit":false},{"lineNumber":354,"author":{"gitId":"dubbeyou"},"content":"                handleUserInput(input);","lastModifiedDate":"2026-01-19T15:36:24","isFullCredit":false},{"lineNumber":355,"author":{"gitId":"dubbeyou"},"content":"            } catch (SnekException e) {","lastModifiedDate":"2026-01-19T18:12:37","isFullCredit":false},{"lineNumber":356,"author":{"gitId":"dubbeyou"},"content":"                System.err.println(frameMessage(e.getMessage()));","lastModifiedDate":"2026-01-19T18:12:37","isFullCredit":false},{"lineNumber":357,"author":{"gitId":"dubbeyou"},"content":"            } finally {","lastModifiedDate":"2026-01-19T18:12:37","isFullCredit":false},{"lineNumber":358,"author":{"gitId":"dubbeyou"},"content":"                input \u003d sc.nextLine();","lastModifiedDate":"2026-01-19T14:30:46","isFullCredit":false},{"lineNumber":359,"author":{"gitId":"dubbeyou"},"content":"            }","lastModifiedDate":"2026-01-19T14:30:46","isFullCredit":false},{"lineNumber":360,"author":{"gitId":"dubbeyou"},"content":"        }","lastModifiedDate":"2026-01-19T18:12:37","isFullCredit":false},{"lineNumber":361,"author":{"gitId":"dubbeyou"},"content":"","lastModifiedDate":"2026-01-19T14:30:46","isFullCredit":false},{"lineNumber":362,"author":{"gitId":"dubbeyou"},"content":"        System.out.println(frameMessage(BYE));","lastModifiedDate":"2026-01-19T14:39:07","isFullCredit":false},{"lineNumber":363,"author":{"gitId":"dubbeyou"},"content":"        sc.close();","lastModifiedDate":"2026-01-19T14:30:46","isFullCredit":false},{"lineNumber":364,"author":{"gitId":"-"},"content":"    }","lastModifiedDate":"2019-07-29T17:14:46","isFullCredit":false},{"lineNumber":365,"author":{"gitId":"-"},"content":"}","lastModifiedDate":"2019-07-29T17:14:46","isFullCredit":false}],"authorContributionMap":{"dubbeyou":362,"-":3}},{"path":"src/main/java/SnekException.java","fileType":"java","lines":[{"lineNumber":1,"author":{"gitId":"dubbeyou"},"content":"public class SnekException extends Exception {","lastModifiedDate":"2026-01-19T18:02:33","isFullCredit":false},{"lineNumber":2,"author":{"gitId":"dubbeyou"},"content":"    public SnekException(String message) {","lastModifiedDate":"2026-01-19T18:02:33","isFullCredit":false},{"lineNumber":3,"author":{"gitId":"dubbeyou"},"content":"        super(message);","lastModifiedDate":"2026-01-19T18:02:33","isFullCredit":false},{"lineNumber":4,"author":{"gitId":"dubbeyou"},"content":"    }","lastModifiedDate":"2026-01-19T18:02:33","isFullCredit":false},{"lineNumber":5,"author":{"gitId":"dubbeyou"},"content":"    ","lastModifiedDate":"2026-01-19T18:02:33","isFullCredit":false},{"lineNumber":6,"author":{"gitId":"dubbeyou"},"content":"}","lastModifiedDate":"2026-01-19T18:02:33","isFullCredit":false}],"authorContributionMap":{"dubbeyou":6}},{"path":"src/main/java/Task.java","fileType":"java","lines":[{"lineNumber":1,"author":{"gitId":"dubbeyou"},"content":"public class Task {","lastModifiedDate":"2026-01-19T15:16:24","isFullCredit":false},{"lineNumber":2,"author":{"gitId":"dubbeyou"},"content":"    protected String description;","lastModifiedDate":"2026-01-19T15:16:24","isFullCredit":false},{"lineNumber":3,"author":{"gitId":"dubbeyou"},"content":"    protected boolean isDone;","lastModifiedDate":"2026-01-19T15:16:24","isFullCredit":false},{"lineNumber":4,"author":{"gitId":"dubbeyou"},"content":"    protected TaskType type;","lastModifiedDate":"2026-01-19T20:25:26","isFullCredit":false},{"lineNumber":5,"author":{"gitId":"dubbeyou"},"content":"","lastModifiedDate":"2026-01-19T15:16:24","isFullCredit":false},{"lineNumber":6,"author":{"gitId":"dubbeyou"},"content":"    public Task(String description, TaskType type) {","lastModifiedDate":"2026-01-19T20:25:26","isFullCredit":false},{"lineNumber":7,"author":{"gitId":"dubbeyou"},"content":"        this.description \u003d description;","lastModifiedDate":"2026-01-19T15:16:24","isFullCredit":false},{"lineNumber":8,"author":{"gitId":"dubbeyou"},"content":"        this.isDone \u003d false;","lastModifiedDate":"2026-01-19T15:16:24","isFullCredit":false},{"lineNumber":9,"author":{"gitId":"dubbeyou"},"content":"        this.type \u003d type;","lastModifiedDate":"2026-01-19T20:25:26","isFullCredit":false},{"lineNumber":10,"author":{"gitId":"dubbeyou"},"content":"    }","lastModifiedDate":"2026-01-19T15:16:24","isFullCredit":false},{"lineNumber":11,"author":{"gitId":"dubbeyou"},"content":"","lastModifiedDate":"2026-01-19T15:16:24","isFullCredit":false},{"lineNumber":12,"author":{"gitId":"dubbeyou"},"content":"    public String getStatusIcon() {","lastModifiedDate":"2026-01-19T15:16:24","isFullCredit":false},{"lineNumber":13,"author":{"gitId":"dubbeyou"},"content":"        return (isDone ? \"X\" : \" \"); // mark done task with X","lastModifiedDate":"2026-01-19T15:16:24","isFullCredit":false},{"lineNumber":14,"author":{"gitId":"dubbeyou"},"content":"    }","lastModifiedDate":"2026-01-19T15:16:24","isFullCredit":false},{"lineNumber":15,"author":{"gitId":"dubbeyou"},"content":"","lastModifiedDate":"2026-01-19T15:16:24","isFullCredit":false},{"lineNumber":16,"author":{"gitId":"dubbeyou"},"content":"    public void markAsDone() {","lastModifiedDate":"2026-01-19T15:16:24","isFullCredit":false},{"lineNumber":17,"author":{"gitId":"dubbeyou"},"content":"        this.isDone \u003d true;","lastModifiedDate":"2026-01-19T15:16:24","isFullCredit":false},{"lineNumber":18,"author":{"gitId":"dubbeyou"},"content":"    }","lastModifiedDate":"2026-01-19T15:16:24","isFullCredit":false},{"lineNumber":19,"author":{"gitId":"dubbeyou"},"content":"","lastModifiedDate":"2026-01-19T15:16:24","isFullCredit":false},{"lineNumber":20,"author":{"gitId":"dubbeyou"},"content":"    public void unmarkAsDone() {","lastModifiedDate":"2026-01-19T15:16:24","isFullCredit":false},{"lineNumber":21,"author":{"gitId":"dubbeyou"},"content":"        this.isDone \u003d false;","lastModifiedDate":"2026-01-19T15:16:24","isFullCredit":false},{"lineNumber":22,"author":{"gitId":"dubbeyou"},"content":"    }","lastModifiedDate":"2026-01-19T15:16:24","isFullCredit":false},{"lineNumber":23,"author":{"gitId":"dubbeyou"},"content":"","lastModifiedDate":"2026-01-19T15:16:24","isFullCredit":false},{"lineNumber":24,"author":{"gitId":"dubbeyou"},"content":"    public boolean isDone() {","lastModifiedDate":"2026-01-19T15:54:29","isFullCredit":false},{"lineNumber":25,"author":{"gitId":"dubbeyou"},"content":"        return this.isDone;","lastModifiedDate":"2026-01-19T15:54:29","isFullCredit":false},{"lineNumber":26,"author":{"gitId":"dubbeyou"},"content":"    }","lastModifiedDate":"2026-01-19T15:54:29","isFullCredit":false},{"lineNumber":27,"author":{"gitId":"dubbeyou"},"content":"","lastModifiedDate":"2026-01-19T15:54:29","isFullCredit":false},{"lineNumber":28,"author":{"gitId":"dubbeyou"},"content":"    public String getSaveString() {","lastModifiedDate":"2026-01-24T13:59:04","isFullCredit":false},{"lineNumber":29,"author":{"gitId":"dubbeyou"},"content":"        return type.getCode() + \" | \" + (isDone ? \"1\" : \"0\") + \" | \" + description;","lastModifiedDate":"2026-01-24T13:59:04","isFullCredit":false},{"lineNumber":30,"author":{"gitId":"dubbeyou"},"content":"    }","lastModifiedDate":"2026-01-24T13:59:04","isFullCredit":false},{"lineNumber":31,"author":{"gitId":"dubbeyou"},"content":"","lastModifiedDate":"2026-01-24T13:59:04","isFullCredit":false},{"lineNumber":32,"author":{"gitId":"dubbeyou"},"content":"    @Override","lastModifiedDate":"2026-01-19T15:16:24","isFullCredit":false},{"lineNumber":33,"author":{"gitId":"dubbeyou"},"content":"    public String toString() {","lastModifiedDate":"2026-01-19T15:16:24","isFullCredit":false},{"lineNumber":34,"author":{"gitId":"dubbeyou"},"content":"        return \"[\" + type.getCode() + \"]\" + \"[\" + getStatusIcon() + \"] \" + description;","lastModifiedDate":"2026-01-19T20:25:26","isFullCredit":false},{"lineNumber":35,"author":{"gitId":"dubbeyou"},"content":"    }","lastModifiedDate":"2026-01-19T15:16:24","isFullCredit":false},{"lineNumber":36,"author":{"gitId":"dubbeyou"},"content":"}","lastModifiedDate":"2026-01-19T15:16:24","isFullCredit":false}],"authorContributionMap":{"dubbeyou":36}},{"path":"src/main/java/TaskType.java","fileType":"java","lines":[{"lineNumber":1,"author":{"gitId":"dubbeyou"},"content":"public enum TaskType {","lastModifiedDate":"2026-01-19T19:10:42","isFullCredit":false},{"lineNumber":2,"author":{"gitId":"dubbeyou"},"content":"    TODO(\"T\"),","lastModifiedDate":"2026-01-19T19:10:42","isFullCredit":false},{"lineNumber":3,"author":{"gitId":"dubbeyou"},"content":"    DEADLINE(\"D\"),","lastModifiedDate":"2026-01-19T19:10:42","isFullCredit":false},{"lineNumber":4,"author":{"gitId":"dubbeyou"},"content":"    EVENT(\"E\");","lastModifiedDate":"2026-01-19T19:10:42","isFullCredit":false},{"lineNumber":5,"author":{"gitId":"dubbeyou"},"content":"    ","lastModifiedDate":"2026-01-19T19:10:42","isFullCredit":false},{"lineNumber":6,"author":{"gitId":"dubbeyou"},"content":"    private final String code;","lastModifiedDate":"2026-01-19T19:10:42","isFullCredit":false},{"lineNumber":7,"author":{"gitId":"dubbeyou"},"content":"","lastModifiedDate":"2026-01-19T19:10:42","isFullCredit":false},{"lineNumber":8,"author":{"gitId":"dubbeyou"},"content":"    TaskType(String code) { ","lastModifiedDate":"2026-01-19T19:10:42","isFullCredit":false},{"lineNumber":9,"author":{"gitId":"dubbeyou"},"content":"        this.code \u003d code;","lastModifiedDate":"2026-01-19T19:10:42","isFullCredit":false},{"lineNumber":10,"author":{"gitId":"dubbeyou"},"content":"    }","lastModifiedDate":"2026-01-19T19:10:42","isFullCredit":false},{"lineNumber":11,"author":{"gitId":"dubbeyou"},"content":"","lastModifiedDate":"2026-01-19T19:10:42","isFullCredit":false},{"lineNumber":12,"author":{"gitId":"dubbeyou"},"content":"    public String getCode() { ","lastModifiedDate":"2026-01-19T19:10:42","isFullCredit":false},{"lineNumber":13,"author":{"gitId":"dubbeyou"},"content":"        return code;","lastModifiedDate":"2026-01-19T19:10:42","isFullCredit":false},{"lineNumber":14,"author":{"gitId":"dubbeyou"},"content":"    }","lastModifiedDate":"2026-01-19T19:10:42","isFullCredit":false},{"lineNumber":15,"author":{"gitId":"dubbeyou"},"content":"","lastModifiedDate":"2026-01-24T13:42:51","isFullCredit":false},{"lineNumber":16,"author":{"gitId":"dubbeyou"},"content":"    public static TaskType fromCode(String code) throws InvalidCommandSnekException{","lastModifiedDate":"2026-01-24T13:42:51","isFullCredit":false},{"lineNumber":17,"author":{"gitId":"dubbeyou"},"content":"        for (TaskType type : TaskType.values()) {","lastModifiedDate":"2026-01-24T13:42:51","isFullCredit":false},{"lineNumber":18,"author":{"gitId":"dubbeyou"},"content":"            if (type.getCode().equalsIgnoreCase(code)) {","lastModifiedDate":"2026-01-24T13:42:51","isFullCredit":false},{"lineNumber":19,"author":{"gitId":"dubbeyou"},"content":"                return type;","lastModifiedDate":"2026-01-24T13:42:51","isFullCredit":false},{"lineNumber":20,"author":{"gitId":"dubbeyou"},"content":"            }","lastModifiedDate":"2026-01-24T13:42:51","isFullCredit":false},{"lineNumber":21,"author":{"gitId":"dubbeyou"},"content":"        }","lastModifiedDate":"2026-01-24T13:42:51","isFullCredit":false},{"lineNumber":22,"author":{"gitId":"dubbeyou"},"content":"        throw new InvalidCommandSnekException();","lastModifiedDate":"2026-01-24T13:42:51","isFullCredit":false},{"lineNumber":23,"author":{"gitId":"dubbeyou"},"content":"    }","lastModifiedDate":"2026-01-24T13:42:51","isFullCredit":false},{"lineNumber":24,"author":{"gitId":"dubbeyou"},"content":"}","lastModifiedDate":"2026-01-19T19:10:42","isFullCredit":false}],"authorContributionMap":{"dubbeyou":24}},{"path":"src/main/java/ToDo.java","fileType":"java","lines":[{"lineNumber":1,"author":{"gitId":"dubbeyou"},"content":"public class ToDo extends Task {","lastModifiedDate":"2026-01-19T16:12:38","isFullCredit":false},{"lineNumber":2,"author":{"gitId":"dubbeyou"},"content":"    public ToDo(String description) {","lastModifiedDate":"2026-01-19T16:12:38","isFullCredit":false},{"lineNumber":3,"author":{"gitId":"dubbeyou"},"content":"        super(description, TaskType.TODO);","lastModifiedDate":"2026-01-19T20:25:26","isFullCredit":false},{"lineNumber":4,"author":{"gitId":"dubbeyou"},"content":"    }","lastModifiedDate":"2026-01-19T16:12:38","isFullCredit":false},{"lineNumber":5,"author":{"gitId":"dubbeyou"},"content":"}","lastModifiedDate":"2026-01-19T16:12:38","isFullCredit":false}],"authorContributionMap":{"dubbeyou":5}},{"path":"text-ui-test/input.txt","fileType":"txt","lines":[{"lineNumber":1,"author":{"gitId":"dubbeyou"},"content":"todo read book","lastModifiedDate":"2026-01-19T17:57:07","isFullCredit":false},{"lineNumber":2,"author":{"gitId":"dubbeyou"},"content":"deadline return book /by June 6th","lastModifiedDate":"2026-01-19T17:57:07","isFullCredit":false},{"lineNumber":3,"author":{"gitId":"dubbeyou"},"content":"event project meeting /from Aug 6th 2pm /to 4pm","lastModifiedDate":"2026-01-19T17:57:07","isFullCredit":false},{"lineNumber":4,"author":{"gitId":"dubbeyou"},"content":"todo join sports club","lastModifiedDate":"2026-01-19T17:57:07","isFullCredit":false},{"lineNumber":5,"author":{"gitId":"dubbeyou"},"content":"todo borrow book","lastModifiedDate":"2026-01-19T17:57:07","isFullCredit":false},{"lineNumber":6,"author":{"gitId":"dubbeyou"},"content":"list","lastModifiedDate":"2026-01-19T17:57:07","isFullCredit":false},{"lineNumber":7,"author":{"gitId":"dubbeyou"},"content":"mark 4","lastModifiedDate":"2026-01-19T17:57:07","isFullCredit":false},{"lineNumber":8,"author":{"gitId":"dubbeyou"},"content":"mark 2","lastModifiedDate":"2026-01-19T17:57:07","isFullCredit":false},{"lineNumber":9,"author":{"gitId":"dubbeyou"},"content":"mark 4","lastModifiedDate":"2026-01-19T17:57:07","isFullCredit":false},{"lineNumber":10,"author":{"gitId":"dubbeyou"},"content":"mark 9","lastModifiedDate":"2026-01-19T17:57:07","isFullCredit":false},{"lineNumber":11,"author":{"gitId":"dubbeyou"},"content":"unmark 4","lastModifiedDate":"2026-01-19T17:57:07","isFullCredit":false},{"lineNumber":12,"author":{"gitId":"dubbeyou"},"content":"unmark 1","lastModifiedDate":"2026-01-19T17:57:07","isFullCredit":false},{"lineNumber":13,"author":{"gitId":"dubbeyou"},"content":"unmark a","lastModifiedDate":"2026-01-19T18:59:26","isFullCredit":false},{"lineNumber":14,"author":{"gitId":"dubbeyou"},"content":"list","lastModifiedDate":"2026-01-19T17:57:07","isFullCredit":false},{"lineNumber":15,"author":{"gitId":"dubbeyou"},"content":"delete 1","lastModifiedDate":"2026-01-19T18:59:26","isFullCredit":false},{"lineNumber":16,"author":{"gitId":"dubbeyou"},"content":"delete 7","lastModifiedDate":"2026-01-19T18:59:26","isFullCredit":false},{"lineNumber":17,"author":{"gitId":"dubbeyou"},"content":"delete a","lastModifiedDate":"2026-01-19T18:59:26","isFullCredit":false},{"lineNumber":18,"author":{"gitId":"dubbeyou"},"content":"delete 1","lastModifiedDate":"2026-01-19T18:59:26","isFullCredit":false},{"lineNumber":19,"author":{"gitId":"dubbeyou"},"content":"list","lastModifiedDate":"2026-01-19T18:59:26","isFullCredit":false},{"lineNumber":20,"author":{"gitId":"dubbeyou"},"content":"test","lastModifiedDate":"2026-01-19T18:59:26","isFullCredit":false},{"lineNumber":21,"author":{"gitId":"dubbeyou"},"content":"bye","lastModifiedDate":"2026-01-19T17:57:07","isFullCredit":false}],"authorContributionMap":{"dubbeyou":21}},{"path":"text-ui-test/runtest.bat","fileType":"bat","lines":[{"lineNumber":1,"author":{"gitId":"-"},"content":"@ECHO OFF","lastModifiedDate":"2020-05-25T00:03:55","isFullCredit":false},{"lineNumber":2,"author":{"gitId":"-"},"content":"","lastModifiedDate":"2020-05-25T00:03:55","isFullCredit":false},{"lineNumber":3,"author":{"gitId":"-"},"content":"REM create bin directory if it doesn\u0027t exist","lastModifiedDate":"2020-05-25T00:03:55","isFullCredit":false},{"lineNumber":4,"author":{"gitId":"-"},"content":"if not exist ..\\bin mkdir ..\\bin","lastModifiedDate":"2020-05-25T00:03:55","isFullCredit":false},{"lineNumber":5,"author":{"gitId":"-"},"content":"","lastModifiedDate":"2020-05-25T00:03:55","isFullCredit":false},{"lineNumber":6,"author":{"gitId":"-"},"content":"REM delete output from previous run","lastModifiedDate":"2020-05-25T00:03:55","isFullCredit":false},{"lineNumber":7,"author":{"gitId":"-"},"content":"if exist ACTUAL.TXT del ACTUAL.TXT","lastModifiedDate":"2020-08-25T17:23:26","isFullCredit":false},{"lineNumber":8,"author":{"gitId":"-"},"content":"","lastModifiedDate":"2020-05-25T00:03:55","isFullCredit":false},{"lineNumber":9,"author":{"gitId":"-"},"content":"REM compile the code into the bin folder","lastModifiedDate":"2020-05-25T00:03:55","isFullCredit":false},{"lineNumber":10,"author":{"gitId":"-"},"content":"javac  -cp ..\\src\\main\\java -Xlint:none -d ..\\bin ..\\src\\main\\java\\*.java","lastModifiedDate":"2020-08-25T17:23:26","isFullCredit":false},{"lineNumber":11,"author":{"gitId":"-"},"content":"IF ERRORLEVEL 1 (","lastModifiedDate":"2020-05-25T00:03:55","isFullCredit":false},{"lineNumber":12,"author":{"gitId":"-"},"content":"    echo ********** BUILD FAILURE **********","lastModifiedDate":"2020-05-25T00:03:55","isFullCredit":false},{"lineNumber":13,"author":{"gitId":"-"},"content":"    exit /b 1","lastModifiedDate":"2020-05-25T00:03:55","isFullCredit":false},{"lineNumber":14,"author":{"gitId":"-"},"content":")","lastModifiedDate":"2020-05-25T00:03:55","isFullCredit":false},{"lineNumber":15,"author":{"gitId":"-"},"content":"REM no error here, errorlevel \u003d\u003d 0","lastModifiedDate":"2020-05-25T00:03:55","isFullCredit":false},{"lineNumber":16,"author":{"gitId":"-"},"content":"","lastModifiedDate":"2020-05-25T00:03:55","isFullCredit":false},{"lineNumber":17,"author":{"gitId":"-"},"content":"REM run the program, feed commands from input.txt file and redirect the output to the ACTUAL.TXT","lastModifiedDate":"2020-05-25T00:03:55","isFullCredit":false},{"lineNumber":18,"author":{"gitId":"dubbeyou"},"content":"java -classpath ..\\bin Snek \u003c input.txt \u003e ACTUAL.TXT 2\u003e\u00261","lastModifiedDate":"2026-01-19T18:29:48","isFullCredit":false},{"lineNumber":19,"author":{"gitId":"-"},"content":"","lastModifiedDate":"2020-05-25T00:03:55","isFullCredit":false},{"lineNumber":20,"author":{"gitId":"-"},"content":"REM compare the output to the expected output","lastModifiedDate":"2020-05-25T00:03:55","isFullCredit":false},{"lineNumber":21,"author":{"gitId":"-"},"content":"FC ACTUAL.TXT EXPECTED.TXT","lastModifiedDate":"2020-05-25T00:03:55","isFullCredit":false}],"authorContributionMap":{"dubbeyou":1,"-":20}},{"path":"text-ui-test/runtest.sh","fileType":"sh","lines":[{"lineNumber":1,"author":{"gitId":"-"},"content":"#!/usr/bin/env bash","lastModifiedDate":"2020-05-25T00:03:55","isFullCredit":false},{"lineNumber":2,"author":{"gitId":"-"},"content":"","lastModifiedDate":"2020-05-25T00:03:55","isFullCredit":false},{"lineNumber":3,"author":{"gitId":"-"},"content":"# create bin directory if it doesn\u0027t exist","lastModifiedDate":"2020-05-25T00:03:55","isFullCredit":false},{"lineNumber":4,"author":{"gitId":"-"},"content":"if [ ! -d \"../bin\" ]","lastModifiedDate":"2020-05-25T00:03:55","isFullCredit":false},{"lineNumber":5,"author":{"gitId":"-"},"content":"then","lastModifiedDate":"2020-05-25T00:03:55","isFullCredit":false},{"lineNumber":6,"author":{"gitId":"-"},"content":"    mkdir ../bin","lastModifiedDate":"2020-05-25T00:03:55","isFullCredit":false},{"lineNumber":7,"author":{"gitId":"-"},"content":"fi","lastModifiedDate":"2020-05-25T00:03:55","isFullCredit":false},{"lineNumber":8,"author":{"gitId":"-"},"content":"","lastModifiedDate":"2020-05-25T00:03:55","isFullCredit":false},{"lineNumber":9,"author":{"gitId":"-"},"content":"# delete output from previous run","lastModifiedDate":"2020-05-25T00:03:55","isFullCredit":false},{"lineNumber":10,"author":{"gitId":"-"},"content":"if [ -e \"./ACTUAL.TXT\" ]","lastModifiedDate":"2020-05-25T00:03:55","isFullCredit":false},{"lineNumber":11,"author":{"gitId":"-"},"content":"then","lastModifiedDate":"2020-05-25T00:03:55","isFullCredit":false},{"lineNumber":12,"author":{"gitId":"-"},"content":"    rm ACTUAL.TXT","lastModifiedDate":"2020-05-25T00:03:55","isFullCredit":false},{"lineNumber":13,"author":{"gitId":"-"},"content":"fi","lastModifiedDate":"2020-05-25T00:03:55","isFullCredit":false},{"lineNumber":14,"author":{"gitId":"-"},"content":"","lastModifiedDate":"2020-05-25T00:03:55","isFullCredit":false},{"lineNumber":15,"author":{"gitId":"-"},"content":"# compile the code into the bin folder, terminates if error occurred","lastModifiedDate":"2020-05-25T00:03:55","isFullCredit":false},{"lineNumber":16,"author":{"gitId":"-"},"content":"if ! javac -cp ../src/main/java -Xlint:none -d ../bin ../src/main/java/*.java","lastModifiedDate":"2020-08-25T17:23:26","isFullCredit":false},{"lineNumber":17,"author":{"gitId":"-"},"content":"then","lastModifiedDate":"2020-05-25T00:03:55","isFullCredit":false},{"lineNumber":18,"author":{"gitId":"-"},"content":"    echo \"********** BUILD FAILURE **********\"","lastModifiedDate":"2020-05-25T00:03:55","isFullCredit":false},{"lineNumber":19,"author":{"gitId":"-"},"content":"    exit 1","lastModifiedDate":"2020-05-25T00:03:55","isFullCredit":false},{"lineNumber":20,"author":{"gitId":"-"},"content":"fi","lastModifiedDate":"2020-05-25T00:03:55","isFullCredit":false},{"lineNumber":21,"author":{"gitId":"-"},"content":"","lastModifiedDate":"2020-05-25T00:03:55","isFullCredit":false},{"lineNumber":22,"author":{"gitId":"-"},"content":"# run the program, feed commands from input.txt file and redirect the output to the ACTUAL.TXT","lastModifiedDate":"2020-05-25T00:03:55","isFullCredit":false},{"lineNumber":23,"author":{"gitId":"dubbeyou"},"content":"java -classpath ../bin Snek \u003c input.txt \u003e ACTUAL.TXT 2\u003e\u00261","lastModifiedDate":"2026-01-19T18:29:48","isFullCredit":false},{"lineNumber":24,"author":{"gitId":"-"},"content":"","lastModifiedDate":"2020-05-25T00:03:55","isFullCredit":false},{"lineNumber":25,"author":{"gitId":"-"},"content":"# convert to UNIX format","lastModifiedDate":"2020-05-25T00:03:55","isFullCredit":false},{"lineNumber":26,"author":{"gitId":"-"},"content":"cp EXPECTED.TXT EXPECTED-UNIX.TXT","lastModifiedDate":"2020-05-25T00:03:55","isFullCredit":false},{"lineNumber":27,"author":{"gitId":"-"},"content":"dos2unix ACTUAL.TXT EXPECTED-UNIX.TXT","lastModifiedDate":"2020-05-25T00:03:55","isFullCredit":false},{"lineNumber":28,"author":{"gitId":"-"},"content":"","lastModifiedDate":"2020-05-25T00:03:55","isFullCredit":false},{"lineNumber":29,"author":{"gitId":"-"},"content":"# compare the output to the expected output","lastModifiedDate":"2020-05-25T00:03:55","isFullCredit":false},{"lineNumber":30,"author":{"gitId":"-"},"content":"diff ACTUAL.TXT EXPECTED-UNIX.TXT","lastModifiedDate":"2020-05-25T00:03:55","isFullCredit":false},{"lineNumber":31,"author":{"gitId":"-"},"content":"if [ $? -eq 0 ]","lastModifiedDate":"2020-05-25T00:03:55","isFullCredit":false},{"lineNumber":32,"author":{"gitId":"-"},"content":"then","lastModifiedDate":"2020-05-25T00:03:55","isFullCredit":false},{"lineNumber":33,"author":{"gitId":"-"},"content":"    echo \"Test result: PASSED\"","lastModifiedDate":"2020-05-25T00:03:55","isFullCredit":false},{"lineNumber":34,"author":{"gitId":"-"},"content":"    exit 0","lastModifiedDate":"2020-05-25T00:03:55","isFullCredit":false},{"lineNumber":35,"author":{"gitId":"-"},"content":"else","lastModifiedDate":"2020-05-25T00:03:55","isFullCredit":false},{"lineNumber":36,"author":{"gitId":"-"},"content":"    echo \"Test result: FAILED\"","lastModifiedDate":"2020-05-25T00:03:55","isFullCredit":false},{"lineNumber":37,"author":{"gitId":"-"},"content":"    exit 1","lastModifiedDate":"2020-05-25T00:03:55","isFullCredit":false},{"lineNumber":38,"author":{"gitId":"-"},"content":"fi","lastModifiedDate":"2020-05-25T00:03:55","isFullCredit":false}],"authorContributionMap":{"dubbeyou":1,"-":37}}]
