{"authorDailyContributionsMap":{"b2-4ac":[{"date":"2026-01-21T00:00:00","commitResults":[{"hash":"acc15e6c6218e53e74bc98438bf716e12bffbf67","isMergeCommit":false,"messageTitle":"Rename Duke to Epsilon","messageBody":"","tags":["Level-0"],"fileTypesAndContributionMap":{"java":{"insertions":9,"deletions":10}}},{"hash":"639f36c4706e3d069d157f89e1049f3b654bf8c8","isMergeCommit":false,"messageTitle":"Add echo feature","messageBody":"","tags":["Level-1"],"fileTypesAndContributionMap":{"java":{"insertions":12,"deletions":1}}},{"hash":"3783508b55ade5d9af854d302a5adbacce6f1a40","isMergeCommit":false,"messageTitle":"Add list functionality","messageBody":"","tags":["Level-2"],"fileTypesAndContributionMap":{"java":{"insertions":18,"deletions":3}}},{"hash":"f9e535a597870ea37d5cc6101c089bb77479e160","isMergeCommit":false,"messageTitle":"Fix styling","messageBody":"","fileTypesAndContributionMap":{"java":{"insertions":2,"deletions":2}}},{"hash":"e1b78673300b1b3e437bc8c21ab7525dc917c70d","isMergeCommit":false,"messageTitle":"Add task class","messageBody":"","fileTypesAndContributionMap":{"java":{"insertions":22,"deletions":0}}},{"hash":"1c3df93e85c813d24881b8fa51d2526151b2d92a","isMergeCommit":false,"messageTitle":"Split task function toggle","messageBody":"","fileTypesAndContributionMap":{"java":{"insertions":6,"deletions":2}}},{"hash":"fcc76438d26432335bc581dfc59a7db128773d3b","isMergeCommit":false,"messageTitle":"Add mark as done functionality","messageBody":"","tags":["Level-3"],"fileTypesAndContributionMap":{"java":{"insertions":13,"deletions":2}}},{"hash":"6ff237e090b5568f1c781b5b232347f675151535","isMergeCommit":false,"messageTitle":"Add todo, deadline, event","messageBody":"","fileTypesAndContributionMap":{"java":{"insertions":40,"deletions":1}}},{"hash":"f797c5a759e808cfba57b2caa0e4022d89161daf","isMergeCommit":false,"messageTitle":"Add task type functionality","messageBody":"","tags":["Level-4"],"fileTypesAndContributionMap":{"java":{"insertions":108,"deletions":13}}},{"hash":"6ad249a19134cfca4989e7d64b5ce91b8ae39f25","isMergeCommit":false,"messageTitle":"Add error handling","messageBody":"","tags":["Level-5"],"fileTypesAndContributionMap":{"java":{"insertions":117,"deletions":88}}},{"hash":"bbe37c886d4659407b4d2c0edec441331d3a06df","isMergeCommit":false,"messageTitle":"Close scanner, Remove unused Stringbuilder","messageBody":"","fileTypesAndContributionMap":{"java":{"insertions":2,"deletions":1}}}]},{"date":"2026-01-22T00:00:00","commitResults":[{"hash":"c8dad4eabd68d5a10d03a54ab55a13e3af8412c9","isMergeCommit":false,"messageTitle":"Add delete functionality","messageBody":"","tags":["Level-6"],"fileTypesAndContributionMap":{"java":{"insertions":10,"deletions":0}}},{"hash":"65159f861d53bf615878e0b35f22d4b5962a22a0","isMergeCommit":false,"messageTitle":"Add error handling for mark, unmark, delete","messageBody":"","fileTypesAndContributionMap":{"java":{"insertions":30,"deletions":12}}},{"hash":"0339d6482ff62bce7e5763e188f190c44c703419","isMergeCommit":false,"messageTitle":"Add statement for empty list","messageBody":"","fileTypesAndContributionMap":{"java":{"insertions":6,"deletions":2}}}]}]},"authorFileTypeContributionMap":{"b2-4ac":{"java":268,"md":0,"fxml":0,"sh":0,"bat":0,"gradle":0,"txt":0}},"authorContributionVariance":{"b2-4ac":14726.286},"authorDisplayNameMap":{"b2-4ac":"YEO ..MING"}}
