{"authorDailyContributionsMap":{"ananyaj1515":[{"date":"2026-01-20T00:00:00","commitResults":[{"hash":"e720cbb93a561eee6c0a344f802d140e51942832","isMergeCommit":false,"messageTitle":"Implement Greeting and Farewell","messageBody":"","tags":["Level-0"],"fileTypesAndContributionMap":{"java":{"insertions":13,"deletions":10}}},{"hash":"23f9753f32684dba1075ec36dea5c709f1ea6e7f","isMergeCommit":false,"messageTitle":"Add Scanner to accept and echo user input","messageBody":"","tags":["Level-1"],"fileTypesAndContributionMap":{"java":{"insertions":18,"deletions":3}}},{"hash":"9f8772ab0b96ada7f7368734fda4cacd639f83f0","isMergeCommit":false,"messageTitle":"Add Task List: implement storage and viewing of user tasks","messageBody":"The chatbot cannot store users\u0027 tasks\n\nA chatbot with volatile storage is more useful than one with none at all\n\nLet\u0027s\n* Use an ArrayList of Strings to store user tasks\n* Iterate through it to display user tasks with command \u0027list\u0027\n","tags":["Level-2"],"fileTypesAndContributionMap":{"java":{"insertions":12,"deletions":1}}},{"hash":"24bb25d25a6df1975fdddd7385cc8d0baab679a4","isMergeCommit":false,"messageTitle":"Add marking and unmarking of tasks","messageBody":"Users cannot indicate whether the task is completed or not\n\nLet\u0027s add:\n* A Task class\n","tags":["Level-3"],"fileTypesAndContributionMap":{"java":{"insertions":60,"deletions":5}}},{"hash":"c89fb1ff79f19e75353f60d4e54a95ae95163967","isMergeCommit":false,"messageTitle":"Add support for ToDos, Deadlines and Events","messageBody":"","tags":["Level-4"],"fileTypesAndContributionMap":{"java":{"insertions":69,"deletions":5}}},{"hash":"b1b15963ffbbaa25df9cd3961e969f560cd2be09","isMergeCommit":false,"messageTitle":"Add exception handling for missing argument, unknown command and invalid task","messageBody":"","fileTypesAndContributionMap":{"java":{"insertions":113,"deletions":26}}},{"hash":"0a7fece8a2cdd66709d75ca6ffbfd20227d26784","isMergeCommit":false,"messageTitle":"Fix index error for exception handling","messageBody":"","tags":["Level-5"],"fileTypesAndContributionMap":{"java":{"insertions":17,"deletions":2}}},{"hash":"43e8dd1c9780fcaedfc3ffdfc156c85ce6a3c43f","isMergeCommit":false,"messageTitle":"Add delete command for removing tasks from collection","messageBody":"","tags":["Level-6"],"fileTypesAndContributionMap":{"java":{"insertions":1,"deletions":0}}}]},{"date":"2026-01-21T00:00:00","commitResults":[{"hash":"75d68e3d636336a6a5282d756bb9143a9daaa4c5","isMergeCommit":false,"messageTitle":"Refactor command execution with enum","messageBody":"","fileTypesAndContributionMap":{"java":{"insertions":187,"deletions":135}}}]},{"date":"2026-01-22T00:00:00","commitResults":[{"hash":"3e0e56b6b59787bbc4261a6ace6fffda977d4865","isMergeCommit":false,"messageTitle":"Implement enums for command execution","messageBody":"","tags":["A-Enums"],"fileTypesAndContributionMap":{"java":{"insertions":47,"deletions":41}}},{"hash":"113065e14627f0f3771d6bf3fdcc8a74ee1531a3","isMergeCommit":false,"messageTitle":"Test chatbot output with text ui test","messageBody":"","tags":["A-TextUiTesting"],"fileTypesAndContributionMap":{"txt":{"insertions":7,"deletions":0},"java":{"insertions":1,"deletions":1},"bat":{"insertions":10,"deletions":2},"sh":{"insertions":1,"deletions":1}}}]},{"date":"2026-01-25T00:00:00","commitResults":[{"hash":"4b709b3ff540e2f13d08c66ff340ee9cd5df8c1c","isMergeCommit":false,"messageTitle":"Fix minor error","messageBody":"","fileTypesAndContributionMap":{"java":{"insertions":11,"deletions":2}}}]},{"date":"2026-01-26T00:00:00","commitResults":[{"hash":"2bcc0a52a1fa2b1584801f320abea047c116baa6","isMergeCommit":false,"messageTitle":"Implement local storage of task list","messageBody":"","fileTypesAndContributionMap":{"txt":{"insertions":4,"deletions":0},"java":{"insertions":97,"deletions":7}}},{"hash":"fb22ddc0fb90135974cd77833af236b74a8d2532","isMergeCommit":false,"messageTitle":"Implement local storage with a txt file","messageBody":"","fileTypesAndContributionMap":{"java":{"insertions":0,"deletions":1}}},{"hash":"c1e0e1ee9a85eb7182f1bac1b078b762cd02cb1e","isMergeCommit":true,"messageTitle":"Merge branch \u0027branch-Level-7\u0027","messageBody":"","tags":["Level-7"],"fileTypesAndContributionMap":{}}]},{"date":"2026-01-27T00:00:00","commitResults":[{"hash":"b37a18b3dafa960fbda04bb9b87c7130c5bd60d7","isMergeCommit":false,"messageTitle":"Shift storage logic into separate java class","messageBody":"","fileTypesAndContributionMap":{"txt":{"insertions":2,"deletions":4},"java":{"insertions":69,"deletions":49}}},{"hash":"721b1ade9876dafac1173a4f17ab035f23811e6e","isMergeCommit":false,"messageTitle":"Implement date and time in event and deadline","messageBody":"","fileTypesAndContributionMap":{"txt":{"insertions":2,"deletions":0},"java":{"insertions":23,"deletions":10}}},{"hash":"8790aeca41dccdffa0231a96237e850d5fc83bbc","isMergeCommit":true,"messageTitle":"Merge branch \u0027branch-Level-8\u0027","messageBody":"","tags":["Level-8"],"fileTypesAndContributionMap":{}},{"hash":"fbbbf8680e98670b9b4ff79eb54b90830537b867","isMergeCommit":false,"messageTitle":"Refactor by putting print statements in Ui class instead","messageBody":"","fileTypesAndContributionMap":{"txt":{"insertions":1,"deletions":1},"java":{"insertions":92,"deletions":63}}},{"hash":"5b9ad8d299b52349e6267ceb791714cf0fa79422","isMergeCommit":false,"messageTitle":"Shift Parser into another file","messageBody":"","fileTypesAndContributionMap":{"txt":{"insertions":1,"deletions":1},"java":{"insertions":52,"deletions":31}}},{"hash":"a56aabe52691c17acc59334b56f11feff65d5bf6","isMergeCommit":true,"messageTitle":"Merge branch \u0027branch-A-MoreOOP\u0027","messageBody":"","tags":["A-MoreOOP"],"fileTypesAndContributionMap":{}},{"hash":"7925acdf2e0d9778ee1b3728dffed5f4148ad0e7","isMergeCommit":true,"messageTitle":"Merge remote-tracking branch \u0027origin/add-gradle-support\u0027","messageBody":"","tags":["A-Gradle"],"fileTypesAndContributionMap":{}}]},{"date":"2026-01-28T00:00:00","commitResults":[{"hash":"0a544644db0cd69b34ee2248f51e6ab88103fd87","isMergeCommit":false,"messageTitle":"Shift code into packages","messageBody":"","tags":["A-Packages"],"fileTypesAndContributionMap":{"txt":{"insertions":3,"deletions":2},"java":{"insertions":48,"deletions":10},"bat":{"insertions":1,"deletions":1}}}]},{"date":"2026-01-29T00:00:00","commitResults":[{"hash":"9310942cf1c50cd8690bc4b8850be7a31d113d60","isMergeCommit":false,"messageTitle":"Fix TaskList class","messageBody":"","fileTypesAndContributionMap":{"txt":{"insertions":1,"deletions":0},"java":{"insertions":67,"deletions":15}}}]},{"date":"2026-01-30T00:00:00","commitResults":[{"hash":"eadd34e9f7313aa0913fcdf6791c6838e80e3e39","isMergeCommit":false,"messageTitle":"Add junit test for storage and tasklist","messageBody":"","tags":["A-Jar","A-JUnit"],"fileTypesAndContributionMap":{"txt":{"insertions":4,"deletions":0},"java":{"insertions":107,"deletions":0}}},{"hash":"58ed7f338e3d2bd8f423342aee79d0daa3d70c95","isMergeCommit":false,"messageTitle":"Add header comments to public methods in classes","messageBody":"","fileTypesAndContributionMap":{"gradle":{"insertions":2,"deletions":1},"java":{"insertions":168,"deletions":25}}},{"hash":"6b90b2bfbe71a10ed34bb58598723bb279981511","isMergeCommit":false,"messageTitle":"Update code to comply with coding standards","messageBody":"","fileTypesAndContributionMap":{"java":{"insertions":44,"deletions":45}}},{"hash":"c187e20562c67c0297ab40e0be46e2a7206d8ab7","isMergeCommit":true,"messageTitle":"Merge branch \u0027branch-A-JavaDoc\u0027","messageBody":"","tags":["A-JavaDoc"],"fileTypesAndContributionMap":{}},{"hash":"c88e45f4eb3c5693b1d807e0bd86257b0375fd94","isMergeCommit":true,"messageTitle":"Resolve merge conflict","messageBody":"","tags":["A-CodingStandard"],"fileTypesAndContributionMap":{}},{"hash":"6181963a22dfe10ebde93ca6ad88190d8bfc8425","isMergeCommit":false,"messageTitle":"Implement ability to search for tasks","messageBody":"","fileTypesAndContributionMap":{"java":{"insertions":30,"deletions":1}}},{"hash":"f815fc2a354b6a5b6c64beee651ffa3adf82bc96","isMergeCommit":true,"messageTitle":"Merge branch \u0027branch-Level-9\u0027","messageBody":"","tags":["Level-9"],"fileTypesAndContributionMap":{}}]},{"date":"2026-01-31T00:00:00","commitResults":[{"hash":"b9bc094ca1459e3cb0559e265100424dcf922c8a","isMergeCommit":false,"messageTitle":"Add checkstyle and fix violations","messageBody":"","tags":["A-CheckStyle"],"fileTypesAndContributionMap":{"gradle":{"insertions":6,"deletions":0},"java":{"insertions":78,"deletions":65}}}]}]},"authorFileTypeContributionMap":{"ananyaj1515":{"java":879,"md":0,"fxml":0,"sh":1,"bat":10,"gradle":8,"txt":17}},"authorContributionVariance":{"ananyaj1515":19585.727},"authorDisplayNameMap":{"ananyaj1515":"CS2103T-T15-1 JAIN..ANYA"}}
