[{"path":"README.md","fileType":"md","lines":[{"lineNumber":1,"author":{"gitId":"alastair-tan-cw"},"content":"# Peter project template","lastModifiedDate":"2026-01-24T19:40:37","isFullCredit":false},{"lineNumber":2,"author":{"gitId":"-"},"content":"","lastModifiedDate":"2020-05-25T00:03:55","isFullCredit":false},{"lineNumber":3,"author":{"gitId":"alastair-tan-cw"},"content":"This is a project template for a greenfield Java project. It\u0027s named after the Java mascot _Peter_. Given below are instructions on how to use it.","lastModifiedDate":"2026-01-24T19:40:37","isFullCredit":false},{"lineNumber":4,"author":{"gitId":"-"},"content":"","lastModifiedDate":"2020-05-25T00:03:55","isFullCredit":false},{"lineNumber":5,"author":{"gitId":"-"},"content":"## Setting up in Intellij","lastModifiedDate":"2020-05-25T00:03:55","isFullCredit":false},{"lineNumber":6,"author":{"gitId":"-"},"content":"","lastModifiedDate":"2020-05-25T00:03:55","isFullCredit":false},{"lineNumber":7,"author":{"gitId":"-"},"content":"Prerequisites: JDK 17, update Intellij to the most recent version.","lastModifiedDate":"2024-07-11T16:50:14","isFullCredit":false},{"lineNumber":8,"author":{"gitId":"-"},"content":"","lastModifiedDate":"2020-05-25T00:03:55","isFullCredit":false},{"lineNumber":9,"author":{"gitId":"-"},"content":"1. Open Intellij (if you are not in the welcome screen, click `File` \u003e `Close Project` to close the existing project first)","lastModifiedDate":"2021-01-17T12:25:53","isFullCredit":false},{"lineNumber":10,"author":{"gitId":"-"},"content":"1. Open the project into Intellij as follows:","lastModifiedDate":"2021-01-17T12:25:53","isFullCredit":false},{"lineNumber":11,"author":{"gitId":"-"},"content":"   1. Click `Open`.","lastModifiedDate":"2021-01-17T12:25:53","isFullCredit":false},{"lineNumber":12,"author":{"gitId":"-"},"content":"   1. Select the project directory, and click `OK`.","lastModifiedDate":"2021-01-17T12:25:53","isFullCredit":false},{"lineNumber":13,"author":{"gitId":"-"},"content":"   1. If there are any further prompts, accept the defaults.","lastModifiedDate":"2020-05-25T00:03:55","isFullCredit":false},{"lineNumber":14,"author":{"gitId":"-"},"content":"1. Configure the project to use **JDK 17** (not other versions) as explained in [here](https://www.jetbrains.com/help/idea/sdk.html#set-up-jdk).\u003cbr\u003e","lastModifiedDate":"2024-07-11T16:50:14","isFullCredit":false},{"lineNumber":15,"author":{"gitId":"-"},"content":"   In the same dialog, set the **Project language level** field to the `SDK default` option.","lastModifiedDate":"2021-07-29T20:29:39","isFullCredit":false},{"lineNumber":16,"author":{"gitId":"alastair-tan-cw"},"content":"1. After that, locate the `src/main/java/Peter.java` file, right-click it, and choose `Run Peter.main()` (if the code editor is showing compile errors, try restarting the IDE). If the setup is correct, you should see something like the below as the output:","lastModifiedDate":"2026-01-24T19:40:37","isFullCredit":false},{"lineNumber":17,"author":{"gitId":"-"},"content":"   ```","lastModifiedDate":"2020-05-25T00:03:55","isFullCredit":false},{"lineNumber":18,"author":{"gitId":"alastair-tan-cw"},"content":"   ____________________________________________________________","lastModifiedDate":"2026-01-24T19:40:37","isFullCredit":false},{"lineNumber":19,"author":{"gitId":"alastair-tan-cw"},"content":"   Hello! I\u0027m Peter","lastModifiedDate":"2026-01-24T19:40:37","isFullCredit":false},{"lineNumber":20,"author":{"gitId":"alastair-tan-cw"},"content":"   What can I do for you?","lastModifiedDate":"2026-01-24T19:40:37","isFullCredit":false},{"lineNumber":21,"author":{"gitId":"alastair-tan-cw"},"content":"   ____________________________________________________________","lastModifiedDate":"2026-01-24T19:40:37","isFullCredit":false},{"lineNumber":22,"author":{"gitId":"alastair-tan-cw"},"content":"   Bye. Hope to see you again soon!","lastModifiedDate":"2026-01-24T19:40:37","isFullCredit":false},{"lineNumber":23,"author":{"gitId":"alastair-tan-cw"},"content":"   ____________________________________________________________","lastModifiedDate":"2026-01-24T19:40:37","isFullCredit":false},{"lineNumber":24,"author":{"gitId":"-"},"content":"   ```","lastModifiedDate":"2020-05-25T00:03:55","isFullCredit":false},{"lineNumber":25,"author":{"gitId":"-"},"content":"","lastModifiedDate":"2025-01-04T21:44:28","isFullCredit":false},{"lineNumber":26,"author":{"gitId":"-"},"content":"**Warning:** Keep the `src\\main\\java` folder as the root folder for Java files (i.e., don\u0027t rename those folders or move Java files to another folder outside of this folder path), as this is the default location some tools (e.g., Gradle) expect to find Java files.","lastModifiedDate":"2025-01-04T21:44:28","isFullCredit":false}],"authorContributionMap":{"alastair-tan-cw":9,"-":17}},{"path":"docs/README.md","fileType":"md","lines":[{"lineNumber":1,"author":{"gitId":"alastair-tan-cw"},"content":"# Peter User Guide","lastModifiedDate":"2026-01-24T19:40:37","isFullCredit":false},{"lineNumber":2,"author":{"gitId":"-"},"content":"","lastModifiedDate":"2019-07-29T17:14:46","isFullCredit":false},{"lineNumber":3,"author":{"gitId":"-"},"content":"// Update the title above to match the actual product name","lastModifiedDate":"2024-01-07T18:33:52","isFullCredit":false},{"lineNumber":4,"author":{"gitId":"-"},"content":"","lastModifiedDate":"2019-07-29T17:14:46","isFullCredit":false},{"lineNumber":5,"author":{"gitId":"-"},"content":"// Product screenshot goes here","lastModifiedDate":"2024-01-07T18:33:52","isFullCredit":false},{"lineNumber":6,"author":{"gitId":"-"},"content":"","lastModifiedDate":"2021-07-17T16:49:07","isFullCredit":false},{"lineNumber":7,"author":{"gitId":"-"},"content":"// Product intro goes here","lastModifiedDate":"2024-01-07T18:33:52","isFullCredit":false},{"lineNumber":8,"author":{"gitId":"-"},"content":"","lastModifiedDate":"2021-07-17T16:49:07","isFullCredit":false},{"lineNumber":9,"author":{"gitId":"-"},"content":"## Adding deadlines","lastModifiedDate":"2024-01-07T18:33:52","isFullCredit":false},{"lineNumber":10,"author":{"gitId":"-"},"content":"","lastModifiedDate":"2021-07-17T16:49:07","isFullCredit":false},{"lineNumber":11,"author":{"gitId":"-"},"content":"// Describe the action and its outcome.","lastModifiedDate":"2024-01-07T18:33:52","isFullCredit":false},{"lineNumber":12,"author":{"gitId":"-"},"content":"","lastModifiedDate":"2019-07-29T17:14:46","isFullCredit":false},{"lineNumber":13,"author":{"gitId":"-"},"content":"// Give examples of usage","lastModifiedDate":"2024-01-07T18:33:52","isFullCredit":false},{"lineNumber":14,"author":{"gitId":"-"},"content":"","lastModifiedDate":"2019-07-29T17:14:46","isFullCredit":false},{"lineNumber":15,"author":{"gitId":"-"},"content":"Example: `keyword (optional arguments)`","lastModifiedDate":"2024-01-07T18:33:52","isFullCredit":false},{"lineNumber":16,"author":{"gitId":"-"},"content":"","lastModifiedDate":"2019-07-29T17:14:46","isFullCredit":false},{"lineNumber":17,"author":{"gitId":"-"},"content":"// A description of the expected outcome goes here","lastModifiedDate":"2024-01-07T18:33:52","isFullCredit":false},{"lineNumber":18,"author":{"gitId":"-"},"content":"","lastModifiedDate":"2019-07-29T17:14:46","isFullCredit":false},{"lineNumber":19,"author":{"gitId":"-"},"content":"```","lastModifiedDate":"2024-01-07T18:33:52","isFullCredit":false},{"lineNumber":20,"author":{"gitId":"-"},"content":"expected output","lastModifiedDate":"2024-01-07T18:33:52","isFullCredit":false},{"lineNumber":21,"author":{"gitId":"-"},"content":"```","lastModifiedDate":"2024-01-07T18:33:52","isFullCredit":false},{"lineNumber":22,"author":{"gitId":"-"},"content":"","lastModifiedDate":"2019-07-29T17:14:46","isFullCredit":false},{"lineNumber":23,"author":{"gitId":"-"},"content":"## Feature ABC","lastModifiedDate":"2024-01-07T18:33:52","isFullCredit":false},{"lineNumber":24,"author":{"gitId":"-"},"content":"","lastModifiedDate":"2019-07-29T17:14:46","isFullCredit":false},{"lineNumber":25,"author":{"gitId":"-"},"content":"// Feature details","lastModifiedDate":"2024-01-07T18:33:52","isFullCredit":false},{"lineNumber":26,"author":{"gitId":"-"},"content":"","lastModifiedDate":"2019-07-29T17:14:46","isFullCredit":false},{"lineNumber":27,"author":{"gitId":"-"},"content":"","lastModifiedDate":"2021-07-17T16:49:07","isFullCredit":false},{"lineNumber":28,"author":{"gitId":"-"},"content":"## Feature XYZ","lastModifiedDate":"2024-01-07T18:33:52","isFullCredit":false},{"lineNumber":29,"author":{"gitId":"-"},"content":"","lastModifiedDate":"2024-01-07T18:33:52","isFullCredit":false},{"lineNumber":30,"author":{"gitId":"-"},"content":"// Feature details","lastModifiedDate":"2024-01-07T18:33:52","isFullCredit":false}],"authorContributionMap":{"alastair-tan-cw":1,"-":29}},{"path":"src/main/java/Deadline.java","fileType":"java","lines":[{"lineNumber":1,"author":{"gitId":"alastair-tan-cw"},"content":"public class Deadline extends Task {","lastModifiedDate":"2026-02-02T14:19:08","isFullCredit":false},{"lineNumber":2,"author":{"gitId":"alastair-tan-cw"},"content":"","lastModifiedDate":"2026-02-02T14:19:08","isFullCredit":false},{"lineNumber":3,"author":{"gitId":"alastair-tan-cw"},"content":"    protected String by;","lastModifiedDate":"2026-02-02T14:19:08","isFullCredit":false},{"lineNumber":4,"author":{"gitId":"alastair-tan-cw"},"content":"","lastModifiedDate":"2026-02-02T14:19:08","isFullCredit":false},{"lineNumber":5,"author":{"gitId":"alastair-tan-cw"},"content":"    public Deadline(String description, String by) {","lastModifiedDate":"2026-02-02T14:19:08","isFullCredit":false},{"lineNumber":6,"author":{"gitId":"alastair-tan-cw"},"content":"        super(description);","lastModifiedDate":"2026-02-02T14:19:08","isFullCredit":false},{"lineNumber":7,"author":{"gitId":"alastair-tan-cw"},"content":"        this.by \u003d by;","lastModifiedDate":"2026-02-02T14:19:08","isFullCredit":false},{"lineNumber":8,"author":{"gitId":"alastair-tan-cw"},"content":"    }","lastModifiedDate":"2026-02-02T14:19:08","isFullCredit":false},{"lineNumber":9,"author":{"gitId":"alastair-tan-cw"},"content":"","lastModifiedDate":"2026-02-02T14:19:08","isFullCredit":false},{"lineNumber":10,"author":{"gitId":"alastair-tan-cw"},"content":"    @Override","lastModifiedDate":"2026-02-02T14:19:08","isFullCredit":false},{"lineNumber":11,"author":{"gitId":"alastair-tan-cw"},"content":"    public String toString() {","lastModifiedDate":"2026-02-02T14:19:08","isFullCredit":false},{"lineNumber":12,"author":{"gitId":"alastair-tan-cw"},"content":"        return \"[D]\" + super.toString() + \" (by: \" + by + \")\";","lastModifiedDate":"2026-02-02T14:19:08","isFullCredit":false},{"lineNumber":13,"author":{"gitId":"alastair-tan-cw"},"content":"    }","lastModifiedDate":"2026-02-02T14:19:08","isFullCredit":false},{"lineNumber":14,"author":{"gitId":"alastair-tan-cw"},"content":"}","lastModifiedDate":"2026-02-02T14:19:08","isFullCredit":false}],"authorContributionMap":{"alastair-tan-cw":14}},{"path":"src/main/java/Event.java","fileType":"java","lines":[{"lineNumber":1,"author":{"gitId":"alastair-tan-cw"},"content":"public class Event extends Task {","lastModifiedDate":"2026-02-02T14:19:08","isFullCredit":false},{"lineNumber":2,"author":{"gitId":"alastair-tan-cw"},"content":"","lastModifiedDate":"2026-02-02T14:19:08","isFullCredit":false},{"lineNumber":3,"author":{"gitId":"alastair-tan-cw"},"content":"    protected String start;","lastModifiedDate":"2026-02-02T14:19:08","isFullCredit":false},{"lineNumber":4,"author":{"gitId":"alastair-tan-cw"},"content":"    protected String end;","lastModifiedDate":"2026-02-02T14:19:08","isFullCredit":false},{"lineNumber":5,"author":{"gitId":"alastair-tan-cw"},"content":"","lastModifiedDate":"2026-02-02T14:19:08","isFullCredit":false},{"lineNumber":6,"author":{"gitId":"alastair-tan-cw"},"content":"    public Event(String description, String start, String end) {","lastModifiedDate":"2026-02-02T14:19:08","isFullCredit":false},{"lineNumber":7,"author":{"gitId":"alastair-tan-cw"},"content":"        super(description);","lastModifiedDate":"2026-02-02T14:19:08","isFullCredit":false},{"lineNumber":8,"author":{"gitId":"alastair-tan-cw"},"content":"        this.start \u003d start;","lastModifiedDate":"2026-02-02T14:19:08","isFullCredit":false},{"lineNumber":9,"author":{"gitId":"alastair-tan-cw"},"content":"        this.end \u003d end;","lastModifiedDate":"2026-02-02T14:19:08","isFullCredit":false},{"lineNumber":10,"author":{"gitId":"alastair-tan-cw"},"content":"    }","lastModifiedDate":"2026-02-02T14:19:08","isFullCredit":false},{"lineNumber":11,"author":{"gitId":"alastair-tan-cw"},"content":"","lastModifiedDate":"2026-02-02T14:19:08","isFullCredit":false},{"lineNumber":12,"author":{"gitId":"alastair-tan-cw"},"content":"    @Override","lastModifiedDate":"2026-02-02T14:19:08","isFullCredit":false},{"lineNumber":13,"author":{"gitId":"alastair-tan-cw"},"content":"    public String toString() {","lastModifiedDate":"2026-02-02T14:19:08","isFullCredit":false},{"lineNumber":14,"author":{"gitId":"alastair-tan-cw"},"content":"        return \"[E]\" + super.toString() + \" (from: \" + start + \" to: \" + end + \")\";","lastModifiedDate":"2026-02-02T14:19:08","isFullCredit":false},{"lineNumber":15,"author":{"gitId":"alastair-tan-cw"},"content":"    }","lastModifiedDate":"2026-02-02T14:19:08","isFullCredit":false},{"lineNumber":16,"author":{"gitId":"alastair-tan-cw"},"content":"}","lastModifiedDate":"2026-02-02T14:19:08","isFullCredit":false}],"authorContributionMap":{"alastair-tan-cw":16}},{"path":"src/main/java/Peter.java","fileType":"java","lines":[{"lineNumber":1,"author":{"gitId":"alastair-tan-cw"},"content":"import java.util.Scanner;","lastModifiedDate":"2026-02-01T15:23:50","isFullCredit":false},{"lineNumber":2,"author":{"gitId":"alastair-tan-cw"},"content":"import java.util.ArrayList;","lastModifiedDate":"2026-02-01T16:55:36","isFullCredit":false},{"lineNumber":3,"author":{"gitId":"alastair-tan-cw"},"content":"import java.util.List;","lastModifiedDate":"2026-02-01T16:55:36","isFullCredit":false},{"lineNumber":4,"author":{"gitId":"alastair-tan-cw"},"content":"","lastModifiedDate":"2026-02-01T15:23:50","isFullCredit":false},{"lineNumber":5,"author":{"gitId":"alastair-tan-cw"},"content":"public class Peter {","lastModifiedDate":"2026-01-24T19:40:37","isFullCredit":false},{"lineNumber":6,"author":{"gitId":"alastair-tan-cw"},"content":"    public static final String name \u003d \"Peter\";","lastModifiedDate":"2026-01-24T19:40:37","isFullCredit":false},{"lineNumber":7,"author":{"gitId":"alastair-tan-cw"},"content":"","lastModifiedDate":"2026-01-24T19:40:37","isFullCredit":false},{"lineNumber":8,"author":{"gitId":"alastair-tan-cw"},"content":"    public static void printOutput (String input) {","lastModifiedDate":"2026-02-01T17:13:43","isFullCredit":false},{"lineNumber":9,"author":{"gitId":"alastair-tan-cw"},"content":"        System.out.println(\"____________________________________________________________\\n\" +","lastModifiedDate":"2026-02-01T17:13:43","isFullCredit":false},{"lineNumber":10,"author":{"gitId":"alastair-tan-cw"},"content":"                input +","lastModifiedDate":"2026-02-01T17:13:43","isFullCredit":false},{"lineNumber":11,"author":{"gitId":"alastair-tan-cw"},"content":"                \"\\n____________________________________________________________\");","lastModifiedDate":"2026-02-02T14:44:16","isFullCredit":false},{"lineNumber":12,"author":{"gitId":"alastair-tan-cw"},"content":"    }","lastModifiedDate":"2026-02-01T17:13:43","isFullCredit":false},{"lineNumber":13,"author":{"gitId":"alastair-tan-cw"},"content":"","lastModifiedDate":"2026-02-01T17:13:43","isFullCredit":false},{"lineNumber":14,"author":{"gitId":"alastair-tan-cw"},"content":"    public static void addTask(String userInput, List\u003cTask\u003e list) throws PeterException {","lastModifiedDate":"2026-02-02T19:33:41","isFullCredit":false},{"lineNumber":15,"author":{"gitId":"alastair-tan-cw"},"content":"        if (userInput.startsWith(\"todo\")) {","lastModifiedDate":"2026-02-02T19:33:41","isFullCredit":false},{"lineNumber":16,"author":{"gitId":"alastair-tan-cw"},"content":"            if (userInput.length() \u003c\u003d 5) {","lastModifiedDate":"2026-02-02T15:04:58","isFullCredit":false},{"lineNumber":17,"author":{"gitId":"alastair-tan-cw"},"content":"                throw new PeterException(\"Sorry! Description of todo cannot be empty.\");","lastModifiedDate":"2026-02-02T19:33:41","isFullCredit":false},{"lineNumber":18,"author":{"gitId":"alastair-tan-cw"},"content":"            }","lastModifiedDate":"2026-02-02T15:04:58","isFullCredit":false},{"lineNumber":19,"author":{"gitId":"alastair-tan-cw"},"content":"","lastModifiedDate":"2026-02-02T19:33:41","isFullCredit":false},{"lineNumber":20,"author":{"gitId":"alastair-tan-cw"},"content":"            userInput \u003d userInput.substring(5);","lastModifiedDate":"2026-02-02T14:19:08","isFullCredit":false},{"lineNumber":21,"author":{"gitId":"alastair-tan-cw"},"content":"            Task todo \u003d new Todo(userInput);","lastModifiedDate":"2026-02-02T14:19:08","isFullCredit":false},{"lineNumber":22,"author":{"gitId":"alastair-tan-cw"},"content":"            list.add(todo);","lastModifiedDate":"2026-02-02T14:19:08","isFullCredit":false},{"lineNumber":23,"author":{"gitId":"alastair-tan-cw"},"content":"            printOutput(\"\u003e\u003e Got it! I\u0027ve added this task:\\n\" +","lastModifiedDate":"2026-02-02T14:19:08","isFullCredit":false},{"lineNumber":24,"author":{"gitId":"alastair-tan-cw"},"content":"                    todo +","lastModifiedDate":"2026-02-02T14:19:08","isFullCredit":false},{"lineNumber":25,"author":{"gitId":"alastair-tan-cw"},"content":"                    \"\\nNow you have \" + list.size() + \" tasks in your list.\");","lastModifiedDate":"2026-02-02T14:19:08","isFullCredit":false},{"lineNumber":26,"author":{"gitId":"alastair-tan-cw"},"content":"","lastModifiedDate":"2026-02-02T14:19:08","isFullCredit":false},{"lineNumber":27,"author":{"gitId":"alastair-tan-cw"},"content":"        }","lastModifiedDate":"2026-02-02T19:33:41","isFullCredit":false},{"lineNumber":28,"author":{"gitId":"alastair-tan-cw"},"content":"","lastModifiedDate":"2026-02-02T19:33:41","isFullCredit":false},{"lineNumber":29,"author":{"gitId":"alastair-tan-cw"},"content":"        if (userInput.startsWith(\"deadline\")) {","lastModifiedDate":"2026-02-02T19:33:41","isFullCredit":false},{"lineNumber":30,"author":{"gitId":"alastair-tan-cw"},"content":"            if (userInput.length() \u003c\u003d 9) {","lastModifiedDate":"2026-02-02T15:04:58","isFullCredit":false},{"lineNumber":31,"author":{"gitId":"alastair-tan-cw"},"content":"                throw new PeterException(\"Sorry! Description of deadline cannot be empty.\");","lastModifiedDate":"2026-02-02T19:33:41","isFullCredit":false},{"lineNumber":32,"author":{"gitId":"alastair-tan-cw"},"content":"            }","lastModifiedDate":"2026-02-02T15:04:58","isFullCredit":false},{"lineNumber":33,"author":{"gitId":"alastair-tan-cw"},"content":"","lastModifiedDate":"2026-02-02T19:33:41","isFullCredit":false},{"lineNumber":34,"author":{"gitId":"alastair-tan-cw"},"content":"            userInput \u003d userInput.substring(9);","lastModifiedDate":"2026-02-02T14:19:08","isFullCredit":false},{"lineNumber":35,"author":{"gitId":"alastair-tan-cw"},"content":"","lastModifiedDate":"2026-02-02T14:19:08","isFullCredit":false},{"lineNumber":36,"author":{"gitId":"alastair-tan-cw"},"content":"            if (!userInput.contains(\" /by \")) {","lastModifiedDate":"2026-02-02T14:19:08","isFullCredit":false},{"lineNumber":37,"author":{"gitId":"alastair-tan-cw"},"content":"                throw new PeterException(\"Incorrect format. Should be deadline \u003ctask\u003e /by \u003ctime\u003e\");","lastModifiedDate":"2026-02-02T19:33:41","isFullCredit":false},{"lineNumber":38,"author":{"gitId":"alastair-tan-cw"},"content":"            }","lastModifiedDate":"2026-02-02T14:19:08","isFullCredit":false},{"lineNumber":39,"author":{"gitId":"alastair-tan-cw"},"content":"","lastModifiedDate":"2026-02-02T14:19:08","isFullCredit":false},{"lineNumber":40,"author":{"gitId":"alastair-tan-cw"},"content":"            String[] inputArr \u003d userInput.split(\" /by \");","lastModifiedDate":"2026-02-02T14:19:08","isFullCredit":false},{"lineNumber":41,"author":{"gitId":"alastair-tan-cw"},"content":"            Task deadline \u003d new Deadline(inputArr[0], inputArr[1]);","lastModifiedDate":"2026-02-02T14:19:08","isFullCredit":false},{"lineNumber":42,"author":{"gitId":"alastair-tan-cw"},"content":"            list.add(deadline);","lastModifiedDate":"2026-02-02T14:19:08","isFullCredit":false},{"lineNumber":43,"author":{"gitId":"alastair-tan-cw"},"content":"            printOutput(\"\u003e\u003e Got it! I\u0027ve added this task:\\n\" +","lastModifiedDate":"2026-02-02T14:19:08","isFullCredit":false},{"lineNumber":44,"author":{"gitId":"alastair-tan-cw"},"content":"                    deadline +","lastModifiedDate":"2026-02-02T14:19:08","isFullCredit":false},{"lineNumber":45,"author":{"gitId":"alastair-tan-cw"},"content":"                    \"\\nNow you have \" + list.size() + \" tasks in your list.\");","lastModifiedDate":"2026-02-02T14:19:08","isFullCredit":false},{"lineNumber":46,"author":{"gitId":"alastair-tan-cw"},"content":"        }","lastModifiedDate":"2026-02-02T19:33:41","isFullCredit":false},{"lineNumber":47,"author":{"gitId":"alastair-tan-cw"},"content":"","lastModifiedDate":"2026-02-02T14:19:08","isFullCredit":false},{"lineNumber":48,"author":{"gitId":"alastair-tan-cw"},"content":"        if (userInput.startsWith(\"event\")) {","lastModifiedDate":"2026-02-02T19:33:41","isFullCredit":false},{"lineNumber":49,"author":{"gitId":"alastair-tan-cw"},"content":"            if (userInput.length() \u003c\u003d 6) {","lastModifiedDate":"2026-02-02T15:04:58","isFullCredit":false},{"lineNumber":50,"author":{"gitId":"alastair-tan-cw"},"content":"                throw new PeterException(\"Sorry! Description of event cannot be empty.\");","lastModifiedDate":"2026-02-02T19:33:41","isFullCredit":false},{"lineNumber":51,"author":{"gitId":"alastair-tan-cw"},"content":"            }","lastModifiedDate":"2026-02-02T15:04:58","isFullCredit":false},{"lineNumber":52,"author":{"gitId":"alastair-tan-cw"},"content":"","lastModifiedDate":"2026-02-02T15:04:58","isFullCredit":false},{"lineNumber":53,"author":{"gitId":"alastair-tan-cw"},"content":"            userInput \u003d userInput.substring(6);","lastModifiedDate":"2026-02-02T14:19:08","isFullCredit":false},{"lineNumber":54,"author":{"gitId":"alastair-tan-cw"},"content":"","lastModifiedDate":"2026-02-02T14:19:08","isFullCredit":false},{"lineNumber":55,"author":{"gitId":"alastair-tan-cw"},"content":"            if (!userInput.contains(\" /from \") || !userInput.contains(\" /to \")) {","lastModifiedDate":"2026-02-02T14:19:08","isFullCredit":false},{"lineNumber":56,"author":{"gitId":"alastair-tan-cw"},"content":"                throw new PeterException(\"Incorrect format. Should be event \u003ctask\u003e /from \u003ctime\u003e /to \u003ctime\u003e\");","lastModifiedDate":"2026-02-02T19:33:41","isFullCredit":false},{"lineNumber":57,"author":{"gitId":"alastair-tan-cw"},"content":"            }","lastModifiedDate":"2026-02-02T14:19:08","isFullCredit":false},{"lineNumber":58,"author":{"gitId":"alastair-tan-cw"},"content":"","lastModifiedDate":"2026-02-02T14:19:08","isFullCredit":false},{"lineNumber":59,"author":{"gitId":"alastair-tan-cw"},"content":"            // read book /from 12 June /to 14 June","lastModifiedDate":"2026-02-02T14:19:08","isFullCredit":false},{"lineNumber":60,"author":{"gitId":"alastair-tan-cw"},"content":"            String[] inputArr \u003d userInput.split(\" /from \");","lastModifiedDate":"2026-02-02T14:19:08","isFullCredit":false},{"lineNumber":61,"author":{"gitId":"alastair-tan-cw"},"content":"            String description \u003d inputArr[0];","lastModifiedDate":"2026-02-02T14:19:08","isFullCredit":false},{"lineNumber":62,"author":{"gitId":"alastair-tan-cw"},"content":"","lastModifiedDate":"2026-02-02T14:19:08","isFullCredit":false},{"lineNumber":63,"author":{"gitId":"alastair-tan-cw"},"content":"            String[] dateArr \u003d inputArr[1].split(\" /to \");","lastModifiedDate":"2026-02-02T14:19:08","isFullCredit":false},{"lineNumber":64,"author":{"gitId":"alastair-tan-cw"},"content":"            String start \u003d dateArr[0];","lastModifiedDate":"2026-02-02T14:19:08","isFullCredit":false},{"lineNumber":65,"author":{"gitId":"alastair-tan-cw"},"content":"            String end \u003d dateArr[1];","lastModifiedDate":"2026-02-02T14:19:08","isFullCredit":false},{"lineNumber":66,"author":{"gitId":"alastair-tan-cw"},"content":"","lastModifiedDate":"2026-02-02T14:19:08","isFullCredit":false},{"lineNumber":67,"author":{"gitId":"alastair-tan-cw"},"content":"            Task event \u003d new Event(description, start, end);","lastModifiedDate":"2026-02-02T14:19:08","isFullCredit":false},{"lineNumber":68,"author":{"gitId":"alastair-tan-cw"},"content":"            list.add(event);","lastModifiedDate":"2026-02-02T14:19:08","isFullCredit":false},{"lineNumber":69,"author":{"gitId":"alastair-tan-cw"},"content":"            printOutput(\"\u003e\u003e Got it! I\u0027ve added this task:\\n\" +","lastModifiedDate":"2026-02-02T14:19:08","isFullCredit":false},{"lineNumber":70,"author":{"gitId":"alastair-tan-cw"},"content":"                    event +","lastModifiedDate":"2026-02-02T14:19:08","isFullCredit":false},{"lineNumber":71,"author":{"gitId":"alastair-tan-cw"},"content":"                    \"\\nNow you have \" + list.size() + \" tasks in your list.\");","lastModifiedDate":"2026-02-02T14:19:08","isFullCredit":false},{"lineNumber":72,"author":{"gitId":"alastair-tan-cw"},"content":"        }","lastModifiedDate":"2026-02-02T19:33:41","isFullCredit":false},{"lineNumber":73,"author":{"gitId":"alastair-tan-cw"},"content":"    }","lastModifiedDate":"2026-02-02T19:33:41","isFullCredit":false},{"lineNumber":74,"author":{"gitId":"alastair-tan-cw"},"content":"","lastModifiedDate":"2026-02-01T20:43:54","isFullCredit":false},{"lineNumber":75,"author":{"gitId":"alastair-tan-cw"},"content":"    public static void markTask(String userInput, List\u003cTask\u003e list) throws PeterException {","lastModifiedDate":"2026-02-02T19:33:41","isFullCredit":false},{"lineNumber":76,"author":{"gitId":"alastair-tan-cw"},"content":"        if (userInput.startsWith(\"mark\") || userInput.startsWith(\"unmark\")) {","lastModifiedDate":"2026-02-02T19:33:41","isFullCredit":false},{"lineNumber":77,"author":{"gitId":"alastair-tan-cw"},"content":"            // then mark the right item","lastModifiedDate":"2026-02-02T19:33:41","isFullCredit":false},{"lineNumber":78,"author":{"gitId":"alastair-tan-cw"},"content":"            String[] splitStr \u003d userInput.split(\" \");","lastModifiedDate":"2026-02-02T19:33:41","isFullCredit":false},{"lineNumber":79,"author":{"gitId":"alastair-tan-cw"},"content":"","lastModifiedDate":"2026-02-02T19:33:41","isFullCredit":false},{"lineNumber":80,"author":{"gitId":"alastair-tan-cw"},"content":"            int markIndex;","lastModifiedDate":"2026-02-02T19:33:41","isFullCredit":false},{"lineNumber":81,"author":{"gitId":"alastair-tan-cw"},"content":"","lastModifiedDate":"2026-02-02T19:33:41","isFullCredit":false},{"lineNumber":82,"author":{"gitId":"alastair-tan-cw"},"content":"            try {","lastModifiedDate":"2026-02-02T19:33:41","isFullCredit":false},{"lineNumber":83,"author":{"gitId":"alastair-tan-cw"},"content":"                markIndex \u003d Integer.parseInt(splitStr[1]) - 1;","lastModifiedDate":"2026-02-02T19:33:41","isFullCredit":false},{"lineNumber":84,"author":{"gitId":"alastair-tan-cw"},"content":"            } catch (NumberFormatException e) {","lastModifiedDate":"2026-02-02T19:33:41","isFullCredit":false},{"lineNumber":85,"author":{"gitId":"alastair-tan-cw"},"content":"                throw new PeterException(\"Index must be a number.\");","lastModifiedDate":"2026-02-02T19:33:41","isFullCredit":false},{"lineNumber":86,"author":{"gitId":"alastair-tan-cw"},"content":"            }","lastModifiedDate":"2026-02-02T19:33:41","isFullCredit":false},{"lineNumber":87,"author":{"gitId":"alastair-tan-cw"},"content":"","lastModifiedDate":"2026-02-02T19:33:41","isFullCredit":false},{"lineNumber":88,"author":{"gitId":"alastair-tan-cw"},"content":"            if (markIndex \u003c 0 || markIndex \u003e\u003d list.size()) {","lastModifiedDate":"2026-02-02T19:33:41","isFullCredit":false},{"lineNumber":89,"author":{"gitId":"alastair-tan-cw"},"content":"                throw new PeterException(\"Invalid index. Item does not exist in list.\");","lastModifiedDate":"2026-02-02T19:33:41","isFullCredit":false},{"lineNumber":90,"author":{"gitId":"alastair-tan-cw"},"content":"            }","lastModifiedDate":"2026-02-02T19:33:41","isFullCredit":false},{"lineNumber":91,"author":{"gitId":"alastair-tan-cw"},"content":"","lastModifiedDate":"2026-02-02T19:33:41","isFullCredit":false},{"lineNumber":92,"author":{"gitId":"alastair-tan-cw"},"content":"            Task task \u003d list.get(markIndex);","lastModifiedDate":"2026-02-02T19:33:41","isFullCredit":false},{"lineNumber":93,"author":{"gitId":"alastair-tan-cw"},"content":"","lastModifiedDate":"2026-02-02T19:33:41","isFullCredit":false},{"lineNumber":94,"author":{"gitId":"alastair-tan-cw"},"content":"            if (userInput.startsWith(\"mark\")) {","lastModifiedDate":"2026-02-02T19:33:41","isFullCredit":false},{"lineNumber":95,"author":{"gitId":"alastair-tan-cw"},"content":"                task.markAsDone();","lastModifiedDate":"2026-02-02T19:33:41","isFullCredit":false},{"lineNumber":96,"author":{"gitId":"alastair-tan-cw"},"content":"                printOutput(\"Keep it up! I\u0027ve marked this task as done:\\n\" +","lastModifiedDate":"2026-02-02T19:33:41","isFullCredit":false},{"lineNumber":97,"author":{"gitId":"alastair-tan-cw"},"content":"                        task);","lastModifiedDate":"2026-02-02T19:33:41","isFullCredit":false},{"lineNumber":98,"author":{"gitId":"alastair-tan-cw"},"content":"            } else {","lastModifiedDate":"2026-02-02T19:33:41","isFullCredit":false},{"lineNumber":99,"author":{"gitId":"alastair-tan-cw"},"content":"                task.markAsUndone();","lastModifiedDate":"2026-02-02T19:33:41","isFullCredit":false},{"lineNumber":100,"author":{"gitId":"alastair-tan-cw"},"content":"                printOutput(\"Got it. I\u0027ve marked this task as not done yet:\\n\" +","lastModifiedDate":"2026-02-02T19:33:41","isFullCredit":false},{"lineNumber":101,"author":{"gitId":"alastair-tan-cw"},"content":"                        task);","lastModifiedDate":"2026-02-02T19:33:41","isFullCredit":false},{"lineNumber":102,"author":{"gitId":"alastair-tan-cw"},"content":"            }","lastModifiedDate":"2026-02-02T19:33:41","isFullCredit":false},{"lineNumber":103,"author":{"gitId":"alastair-tan-cw"},"content":"        }","lastModifiedDate":"2026-02-02T19:33:41","isFullCredit":false},{"lineNumber":104,"author":{"gitId":"alastair-tan-cw"},"content":"    }","lastModifiedDate":"2026-02-02T19:33:41","isFullCredit":false},{"lineNumber":105,"author":{"gitId":"alastair-tan-cw"},"content":"","lastModifiedDate":"2026-02-02T19:33:41","isFullCredit":false},{"lineNumber":106,"author":{"gitId":"alastair-tan-cw"},"content":"    public static void deleteTask(String userInput, List\u003cTask\u003e list) throws PeterException {","lastModifiedDate":"2026-02-02T19:44:45","isFullCredit":false},{"lineNumber":107,"author":{"gitId":"alastair-tan-cw"},"content":"        String[] splitStr \u003d userInput.split(\" \");","lastModifiedDate":"2026-02-02T19:44:45","isFullCredit":false},{"lineNumber":108,"author":{"gitId":"alastair-tan-cw"},"content":"","lastModifiedDate":"2026-02-02T19:44:45","isFullCredit":false},{"lineNumber":109,"author":{"gitId":"alastair-tan-cw"},"content":"        int delIndex;","lastModifiedDate":"2026-02-02T19:44:45","isFullCredit":false},{"lineNumber":110,"author":{"gitId":"alastair-tan-cw"},"content":"","lastModifiedDate":"2026-02-02T19:44:45","isFullCredit":false},{"lineNumber":111,"author":{"gitId":"alastair-tan-cw"},"content":"        try {","lastModifiedDate":"2026-02-02T19:44:45","isFullCredit":false},{"lineNumber":112,"author":{"gitId":"alastair-tan-cw"},"content":"            delIndex \u003d Integer.parseInt(splitStr[1]) - 1;","lastModifiedDate":"2026-02-02T19:44:45","isFullCredit":false},{"lineNumber":113,"author":{"gitId":"alastair-tan-cw"},"content":"        } catch (NumberFormatException e) {","lastModifiedDate":"2026-02-02T19:44:45","isFullCredit":false},{"lineNumber":114,"author":{"gitId":"alastair-tan-cw"},"content":"            throw new PeterException(\"Index must be a number.\");","lastModifiedDate":"2026-02-02T19:44:45","isFullCredit":false},{"lineNumber":115,"author":{"gitId":"alastair-tan-cw"},"content":"        }","lastModifiedDate":"2026-02-02T19:44:45","isFullCredit":false},{"lineNumber":116,"author":{"gitId":"alastair-tan-cw"},"content":"","lastModifiedDate":"2026-02-02T19:44:45","isFullCredit":false},{"lineNumber":117,"author":{"gitId":"alastair-tan-cw"},"content":"        if (delIndex \u003c 0 || delIndex \u003e\u003d list.size()) {","lastModifiedDate":"2026-02-02T19:44:45","isFullCredit":false},{"lineNumber":118,"author":{"gitId":"alastair-tan-cw"},"content":"            throw new PeterException(\"Invalid index. Item does not exist in list.\");","lastModifiedDate":"2026-02-02T19:44:45","isFullCredit":false},{"lineNumber":119,"author":{"gitId":"alastair-tan-cw"},"content":"        }","lastModifiedDate":"2026-02-02T19:44:45","isFullCredit":false},{"lineNumber":120,"author":{"gitId":"alastair-tan-cw"},"content":"","lastModifiedDate":"2026-02-02T19:44:45","isFullCredit":false},{"lineNumber":121,"author":{"gitId":"alastair-tan-cw"},"content":"        Task task \u003d list.remove(delIndex);","lastModifiedDate":"2026-02-02T19:44:45","isFullCredit":false},{"lineNumber":122,"author":{"gitId":"alastair-tan-cw"},"content":"        printOutput(\"Noted. I\u0027ve removed this task:\\n\" +","lastModifiedDate":"2026-02-02T19:44:45","isFullCredit":false},{"lineNumber":123,"author":{"gitId":"alastair-tan-cw"},"content":"                task +","lastModifiedDate":"2026-02-02T19:44:45","isFullCredit":false},{"lineNumber":124,"author":{"gitId":"alastair-tan-cw"},"content":"                \"\\nNow you have \" + list.size() + \" tasks in your list.\");","lastModifiedDate":"2026-02-02T19:44:45","isFullCredit":false},{"lineNumber":125,"author":{"gitId":"alastair-tan-cw"},"content":"    }","lastModifiedDate":"2026-02-02T19:44:45","isFullCredit":false},{"lineNumber":126,"author":{"gitId":"alastair-tan-cw"},"content":"","lastModifiedDate":"2026-02-02T19:44:45","isFullCredit":false},{"lineNumber":127,"author":{"gitId":"alastair-tan-cw"},"content":"    public static void main(String[] args) {","lastModifiedDate":"2026-02-02T19:33:41","isFullCredit":false},{"lineNumber":128,"author":{"gitId":"alastair-tan-cw"},"content":"        List\u003cTask\u003e list \u003d new ArrayList\u003c\u003e();","lastModifiedDate":"2026-02-02T19:33:41","isFullCredit":false},{"lineNumber":129,"author":{"gitId":"alastair-tan-cw"},"content":"        String menu \u003d \" Hello! I\u0027m \" + name + \"\\n\" +","lastModifiedDate":"2026-02-02T19:33:41","isFullCredit":false},{"lineNumber":130,"author":{"gitId":"alastair-tan-cw"},"content":"                \" What can I do for you?\";","lastModifiedDate":"2026-02-02T19:33:41","isFullCredit":false},{"lineNumber":131,"author":{"gitId":"alastair-tan-cw"},"content":"        printOutput(menu);","lastModifiedDate":"2026-02-02T19:33:41","isFullCredit":false},{"lineNumber":132,"author":{"gitId":"alastair-tan-cw"},"content":"","lastModifiedDate":"2026-02-02T19:33:41","isFullCredit":false},{"lineNumber":133,"author":{"gitId":"alastair-tan-cw"},"content":"        Scanner sc \u003d new Scanner(System.in);","lastModifiedDate":"2026-02-02T19:33:41","isFullCredit":false},{"lineNumber":134,"author":{"gitId":"alastair-tan-cw"},"content":"        while (true) {","lastModifiedDate":"2026-02-02T19:33:41","isFullCredit":false},{"lineNumber":135,"author":{"gitId":"alastair-tan-cw"},"content":"            String userInput \u003d sc.nextLine();","lastModifiedDate":"2026-02-02T19:33:41","isFullCredit":false},{"lineNumber":136,"author":{"gitId":"alastair-tan-cw"},"content":"","lastModifiedDate":"2026-02-02T19:33:41","isFullCredit":false},{"lineNumber":137,"author":{"gitId":"alastair-tan-cw"},"content":"            if (userInput.equals(\"bye\")) {","lastModifiedDate":"2026-02-02T19:33:41","isFullCredit":false},{"lineNumber":138,"author":{"gitId":"alastair-tan-cw"},"content":"                printOutput(\"Goodbye. Chat again soon?\");","lastModifiedDate":"2026-02-02T19:33:41","isFullCredit":false},{"lineNumber":139,"author":{"gitId":"alastair-tan-cw"},"content":"                break;","lastModifiedDate":"2026-02-02T19:33:41","isFullCredit":false},{"lineNumber":140,"author":{"gitId":"alastair-tan-cw"},"content":"            }","lastModifiedDate":"2026-02-02T19:33:41","isFullCredit":false},{"lineNumber":141,"author":{"gitId":"alastair-tan-cw"},"content":"","lastModifiedDate":"2026-02-02T19:33:41","isFullCredit":false},{"lineNumber":142,"author":{"gitId":"alastair-tan-cw"},"content":"            if (userInput.equals(\"list\")) {","lastModifiedDate":"2026-02-02T19:33:41","isFullCredit":false},{"lineNumber":143,"author":{"gitId":"alastair-tan-cw"},"content":"                if (list.isEmpty()) {","lastModifiedDate":"2026-02-02T19:33:41","isFullCredit":false},{"lineNumber":144,"author":{"gitId":"alastair-tan-cw"},"content":"                    printOutput(\"Nothing in list yet.\");","lastModifiedDate":"2026-02-02T19:33:41","isFullCredit":false},{"lineNumber":145,"author":{"gitId":"alastair-tan-cw"},"content":"                    continue;","lastModifiedDate":"2026-02-02T19:33:41","isFullCredit":false},{"lineNumber":146,"author":{"gitId":"alastair-tan-cw"},"content":"                }","lastModifiedDate":"2026-02-02T19:33:41","isFullCredit":false},{"lineNumber":147,"author":{"gitId":"alastair-tan-cw"},"content":"","lastModifiedDate":"2026-02-02T19:33:41","isFullCredit":false},{"lineNumber":148,"author":{"gitId":"alastair-tan-cw"},"content":"                String listStr \u003d \"Here are the tasks in your list:\\n\";","lastModifiedDate":"2026-02-02T19:33:41","isFullCredit":false},{"lineNumber":149,"author":{"gitId":"alastair-tan-cw"},"content":"                for (int i \u003d 0; i \u003c list.size(); i++) {","lastModifiedDate":"2026-02-02T19:33:41","isFullCredit":false},{"lineNumber":150,"author":{"gitId":"alastair-tan-cw"},"content":"                    listStr +\u003d i + 1 + \".\" + list.get(i);","lastModifiedDate":"2026-02-02T19:33:41","isFullCredit":false},{"lineNumber":151,"author":{"gitId":"alastair-tan-cw"},"content":"                    if (i !\u003d list.size() - 1) {","lastModifiedDate":"2026-02-02T19:33:41","isFullCredit":false},{"lineNumber":152,"author":{"gitId":"alastair-tan-cw"},"content":"                        listStr +\u003d \"\\n\";","lastModifiedDate":"2026-02-02T19:33:41","isFullCredit":false},{"lineNumber":153,"author":{"gitId":"alastair-tan-cw"},"content":"                    }","lastModifiedDate":"2026-02-02T19:33:41","isFullCredit":false},{"lineNumber":154,"author":{"gitId":"alastair-tan-cw"},"content":"                }","lastModifiedDate":"2026-02-02T19:33:41","isFullCredit":false},{"lineNumber":155,"author":{"gitId":"alastair-tan-cw"},"content":"                printOutput(listStr);","lastModifiedDate":"2026-02-02T19:33:41","isFullCredit":false},{"lineNumber":156,"author":{"gitId":"alastair-tan-cw"},"content":"                continue;","lastModifiedDate":"2026-02-02T19:33:41","isFullCredit":false},{"lineNumber":157,"author":{"gitId":"alastair-tan-cw"},"content":"            }","lastModifiedDate":"2026-02-02T19:33:41","isFullCredit":false},{"lineNumber":158,"author":{"gitId":"alastair-tan-cw"},"content":"","lastModifiedDate":"2026-02-02T19:33:41","isFullCredit":false},{"lineNumber":159,"author":{"gitId":"alastair-tan-cw"},"content":"            try {","lastModifiedDate":"2026-02-02T19:33:41","isFullCredit":false},{"lineNumber":160,"author":{"gitId":"alastair-tan-cw"},"content":"                if (userInput.startsWith(\"delete\")) {","lastModifiedDate":"2026-02-02T19:44:45","isFullCredit":false},{"lineNumber":161,"author":{"gitId":"alastair-tan-cw"},"content":"                    deleteTask(userInput, list);","lastModifiedDate":"2026-02-02T19:44:45","isFullCredit":false},{"lineNumber":162,"author":{"gitId":"alastair-tan-cw"},"content":"                } else if (userInput.startsWith(\"mark\") || userInput.startsWith(\"unmark\")) {","lastModifiedDate":"2026-02-02T19:44:45","isFullCredit":false},{"lineNumber":163,"author":{"gitId":"alastair-tan-cw"},"content":"                    markTask(userInput, list);","lastModifiedDate":"2026-02-02T19:33:41","isFullCredit":false},{"lineNumber":164,"author":{"gitId":"alastair-tan-cw"},"content":"                } else if (userInput.startsWith(\"todo\") || userInput.startsWith(\"deadline\") || userInput.startsWith(\"event\")) {","lastModifiedDate":"2026-02-02T19:33:41","isFullCredit":false},{"lineNumber":165,"author":{"gitId":"alastair-tan-cw"},"content":"                    addTask(userInput, list);","lastModifiedDate":"2026-02-02T19:33:41","isFullCredit":false},{"lineNumber":166,"author":{"gitId":"alastair-tan-cw"},"content":"                } else {","lastModifiedDate":"2026-02-01T15:23:50","isFullCredit":false},{"lineNumber":167,"author":{"gitId":"alastair-tan-cw"},"content":"                    printOutput(\"Sorry, I do not know what that means. Would you like to add\\n\" +","lastModifiedDate":"2026-02-02T15:04:58","isFullCredit":false},{"lineNumber":168,"author":{"gitId":"alastair-tan-cw"},"content":"                            \"a task using \u0027todo\u0027, \u0027deadline\u0027 or \u0027event\u0027?\");","lastModifiedDate":"2026-02-02T15:04:58","isFullCredit":false},{"lineNumber":169,"author":{"gitId":"alastair-tan-cw"},"content":"                }","lastModifiedDate":"2026-02-01T15:23:50","isFullCredit":false},{"lineNumber":170,"author":{"gitId":"alastair-tan-cw"},"content":"            } catch (Exception e) {","lastModifiedDate":"2026-02-02T19:33:41","isFullCredit":false},{"lineNumber":171,"author":{"gitId":"alastair-tan-cw"},"content":"                printOutput(e.getMessage());","lastModifiedDate":"2026-02-02T19:33:41","isFullCredit":false},{"lineNumber":172,"author":{"gitId":"alastair-tan-cw"},"content":"            }","lastModifiedDate":"2026-02-02T19:33:41","isFullCredit":false},{"lineNumber":173,"author":{"gitId":"alastair-tan-cw"},"content":"        }","lastModifiedDate":"2026-02-01T15:23:50","isFullCredit":false},{"lineNumber":174,"author":{"gitId":"alastair-tan-cw"},"content":"    }","lastModifiedDate":"2026-01-24T19:40:37","isFullCredit":false},{"lineNumber":175,"author":{"gitId":"alastair-tan-cw"},"content":"}","lastModifiedDate":"2026-01-24T19:40:37","isFullCredit":false}],"authorContributionMap":{"alastair-tan-cw":175}},{"path":"src/main/java/PeterException.java","fileType":"java","lines":[{"lineNumber":1,"author":{"gitId":"alastair-tan-cw"},"content":"public class PeterException extends Exception {","lastModifiedDate":"2026-02-02T19:33:41","isFullCredit":false},{"lineNumber":2,"author":{"gitId":"alastair-tan-cw"},"content":"    public PeterException(String message) {","lastModifiedDate":"2026-02-02T19:33:41","isFullCredit":false},{"lineNumber":3,"author":{"gitId":"alastair-tan-cw"},"content":"        super(message);","lastModifiedDate":"2026-02-02T19:33:41","isFullCredit":false},{"lineNumber":4,"author":{"gitId":"alastair-tan-cw"},"content":"    }","lastModifiedDate":"2026-02-02T19:33:41","isFullCredit":false},{"lineNumber":5,"author":{"gitId":"alastair-tan-cw"},"content":"}","lastModifiedDate":"2026-02-02T19:33:41","isFullCredit":false}],"authorContributionMap":{"alastair-tan-cw":5}},{"path":"src/main/java/Task.java","fileType":"java","lines":[{"lineNumber":1,"author":{"gitId":"alastair-tan-cw"},"content":"public class Task {","lastModifiedDate":"2026-02-01T20:43:54","isFullCredit":false},{"lineNumber":2,"author":{"gitId":"alastair-tan-cw"},"content":"    protected String description;","lastModifiedDate":"2026-02-01T20:43:54","isFullCredit":false},{"lineNumber":3,"author":{"gitId":"alastair-tan-cw"},"content":"    protected boolean isDone;","lastModifiedDate":"2026-02-01T20:43:54","isFullCredit":false},{"lineNumber":4,"author":{"gitId":"alastair-tan-cw"},"content":"","lastModifiedDate":"2026-02-01T20:43:54","isFullCredit":false},{"lineNumber":5,"author":{"gitId":"alastair-tan-cw"},"content":"    public Task(String description) {","lastModifiedDate":"2026-02-01T20:43:54","isFullCredit":false},{"lineNumber":6,"author":{"gitId":"alastair-tan-cw"},"content":"        this.description \u003d description;","lastModifiedDate":"2026-02-01T20:43:54","isFullCredit":false},{"lineNumber":7,"author":{"gitId":"alastair-tan-cw"},"content":"        this.isDone \u003d false;","lastModifiedDate":"2026-02-01T20:43:54","isFullCredit":false},{"lineNumber":8,"author":{"gitId":"alastair-tan-cw"},"content":"    }","lastModifiedDate":"2026-02-01T20:43:54","isFullCredit":false},{"lineNumber":9,"author":{"gitId":"alastair-tan-cw"},"content":"","lastModifiedDate":"2026-02-01T20:43:54","isFullCredit":false},{"lineNumber":10,"author":{"gitId":"alastair-tan-cw"},"content":"    public String getStatusIcon() {","lastModifiedDate":"2026-02-01T20:43:54","isFullCredit":false},{"lineNumber":11,"author":{"gitId":"alastair-tan-cw"},"content":"        return (isDone ? \"X\" : \" \");","lastModifiedDate":"2026-02-01T20:43:54","isFullCredit":false},{"lineNumber":12,"author":{"gitId":"alastair-tan-cw"},"content":"    }","lastModifiedDate":"2026-02-01T20:43:54","isFullCredit":false},{"lineNumber":13,"author":{"gitId":"alastair-tan-cw"},"content":"","lastModifiedDate":"2026-02-01T20:43:54","isFullCredit":false},{"lineNumber":14,"author":{"gitId":"alastair-tan-cw"},"content":"    public void markAsDone() {","lastModifiedDate":"2026-02-01T20:43:54","isFullCredit":false},{"lineNumber":15,"author":{"gitId":"alastair-tan-cw"},"content":"        this.isDone \u003d true;","lastModifiedDate":"2026-02-01T20:43:54","isFullCredit":false},{"lineNumber":16,"author":{"gitId":"alastair-tan-cw"},"content":"    }","lastModifiedDate":"2026-02-01T20:43:54","isFullCredit":false},{"lineNumber":17,"author":{"gitId":"alastair-tan-cw"},"content":"","lastModifiedDate":"2026-02-01T20:43:54","isFullCredit":false},{"lineNumber":18,"author":{"gitId":"alastair-tan-cw"},"content":"    public void markAsUndone() {","lastModifiedDate":"2026-02-01T20:43:54","isFullCredit":false},{"lineNumber":19,"author":{"gitId":"alastair-tan-cw"},"content":"        this.isDone \u003d false;","lastModifiedDate":"2026-02-01T20:43:54","isFullCredit":false},{"lineNumber":20,"author":{"gitId":"alastair-tan-cw"},"content":"    }","lastModifiedDate":"2026-02-01T20:43:54","isFullCredit":false},{"lineNumber":21,"author":{"gitId":"alastair-tan-cw"},"content":"","lastModifiedDate":"2026-02-01T20:43:54","isFullCredit":false},{"lineNumber":22,"author":{"gitId":"alastair-tan-cw"},"content":"    public boolean isDone() {","lastModifiedDate":"2026-02-01T20:43:54","isFullCredit":false},{"lineNumber":23,"author":{"gitId":"alastair-tan-cw"},"content":"        return this.isDone;","lastModifiedDate":"2026-02-01T20:43:54","isFullCredit":false},{"lineNumber":24,"author":{"gitId":"alastair-tan-cw"},"content":"    }","lastModifiedDate":"2026-02-01T20:43:54","isFullCredit":false},{"lineNumber":25,"author":{"gitId":"alastair-tan-cw"},"content":"","lastModifiedDate":"2026-02-01T20:43:54","isFullCredit":false},{"lineNumber":26,"author":{"gitId":"alastair-tan-cw"},"content":"    @Override","lastModifiedDate":"2026-02-01T20:43:54","isFullCredit":false},{"lineNumber":27,"author":{"gitId":"alastair-tan-cw"},"content":"    public String toString() {","lastModifiedDate":"2026-02-01T20:43:54","isFullCredit":false},{"lineNumber":28,"author":{"gitId":"alastair-tan-cw"},"content":"        return \"[\" + getStatusIcon() + \"] \" + description;","lastModifiedDate":"2026-02-01T20:43:54","isFullCredit":false},{"lineNumber":29,"author":{"gitId":"alastair-tan-cw"},"content":"    }","lastModifiedDate":"2026-02-01T20:43:54","isFullCredit":false},{"lineNumber":30,"author":{"gitId":"alastair-tan-cw"},"content":"}","lastModifiedDate":"2026-02-01T20:43:54","isFullCredit":false}],"authorContributionMap":{"alastair-tan-cw":30}},{"path":"src/main/java/Todo.java","fileType":"java","lines":[{"lineNumber":1,"author":{"gitId":"alastair-tan-cw"},"content":"public class Todo extends Task {","lastModifiedDate":"2026-02-02T14:19:08","isFullCredit":false},{"lineNumber":2,"author":{"gitId":"alastair-tan-cw"},"content":"","lastModifiedDate":"2026-02-02T14:19:08","isFullCredit":false},{"lineNumber":3,"author":{"gitId":"alastair-tan-cw"},"content":"    public Todo(String description) {","lastModifiedDate":"2026-02-02T14:19:08","isFullCredit":false},{"lineNumber":4,"author":{"gitId":"alastair-tan-cw"},"content":"        super(description);","lastModifiedDate":"2026-02-02T14:19:08","isFullCredit":false},{"lineNumber":5,"author":{"gitId":"alastair-tan-cw"},"content":"    }","lastModifiedDate":"2026-02-02T14:19:08","isFullCredit":false},{"lineNumber":6,"author":{"gitId":"alastair-tan-cw"},"content":"","lastModifiedDate":"2026-02-02T14:19:08","isFullCredit":false},{"lineNumber":7,"author":{"gitId":"alastair-tan-cw"},"content":"    @Override","lastModifiedDate":"2026-02-02T14:19:08","isFullCredit":false},{"lineNumber":8,"author":{"gitId":"alastair-tan-cw"},"content":"    public String toString() {","lastModifiedDate":"2026-02-02T14:19:08","isFullCredit":false},{"lineNumber":9,"author":{"gitId":"alastair-tan-cw"},"content":"        return \"[T]\" + super.toString();","lastModifiedDate":"2026-02-02T14:19:08","isFullCredit":false},{"lineNumber":10,"author":{"gitId":"alastair-tan-cw"},"content":"    }","lastModifiedDate":"2026-02-02T14:19:08","isFullCredit":false},{"lineNumber":11,"author":{"gitId":"alastair-tan-cw"},"content":"}","lastModifiedDate":"2026-02-02T14:19:08","isFullCredit":false}],"authorContributionMap":{"alastair-tan-cw":11}},{"path":"text-ui-test/input.txt","fileType":"txt","lines":[{"lineNumber":1,"author":{"gitId":"alastair-tan-cw"},"content":"list","lastModifiedDate":"2026-02-02T14:44:16","isFullCredit":false},{"lineNumber":2,"author":{"gitId":"alastair-tan-cw"},"content":"todo borrow book","lastModifiedDate":"2026-02-02T14:44:16","isFullCredit":false},{"lineNumber":3,"author":{"gitId":"alastair-tan-cw"},"content":"deadline return book by Sunday","lastModifiedDate":"2026-02-02T14:44:16","isFullCredit":false},{"lineNumber":4,"author":{"gitId":"alastair-tan-cw"},"content":"deadline return book /by Sunday","lastModifiedDate":"2026-02-02T14:44:16","isFullCredit":false},{"lineNumber":5,"author":{"gitId":"alastair-tan-cw"},"content":"event project meeting /from Mon 2pm /to 4pm","lastModifiedDate":"2026-02-02T14:44:16","isFullCredit":false},{"lineNumber":6,"author":{"gitId":"alastair-tan-cw"},"content":"list","lastModifiedDate":"2026-02-02T14:44:16","isFullCredit":false},{"lineNumber":7,"author":{"gitId":"alastair-tan-cw"},"content":"bye","lastModifiedDate":"2026-02-02T14:44:16","isFullCredit":false}],"authorContributionMap":{"alastair-tan-cw":7}},{"path":"text-ui-test/runtest.bat","fileType":"bat","lines":[{"lineNumber":1,"author":{"gitId":"-"},"content":"@ECHO OFF","lastModifiedDate":"2020-05-25T00:03:55","isFullCredit":false},{"lineNumber":2,"author":{"gitId":"-"},"content":"","lastModifiedDate":"2020-05-25T00:03:55","isFullCredit":false},{"lineNumber":3,"author":{"gitId":"-"},"content":"REM create bin directory if it doesn\u0027t exist","lastModifiedDate":"2020-05-25T00:03:55","isFullCredit":false},{"lineNumber":4,"author":{"gitId":"-"},"content":"if not exist ..\\bin mkdir ..\\bin","lastModifiedDate":"2020-05-25T00:03:55","isFullCredit":false},{"lineNumber":5,"author":{"gitId":"-"},"content":"","lastModifiedDate":"2020-05-25T00:03:55","isFullCredit":false},{"lineNumber":6,"author":{"gitId":"-"},"content":"REM delete output from previous run","lastModifiedDate":"2020-05-25T00:03:55","isFullCredit":false},{"lineNumber":7,"author":{"gitId":"-"},"content":"if exist ACTUAL.TXT del ACTUAL.TXT","lastModifiedDate":"2020-08-25T17:23:26","isFullCredit":false},{"lineNumber":8,"author":{"gitId":"-"},"content":"","lastModifiedDate":"2020-05-25T00:03:55","isFullCredit":false},{"lineNumber":9,"author":{"gitId":"-"},"content":"REM compile the code into the bin folder","lastModifiedDate":"2020-05-25T00:03:55","isFullCredit":false},{"lineNumber":10,"author":{"gitId":"-"},"content":"javac  -cp ..\\src\\main\\java -Xlint:none -d ..\\bin ..\\src\\main\\java\\*.java","lastModifiedDate":"2020-08-25T17:23:26","isFullCredit":false},{"lineNumber":11,"author":{"gitId":"-"},"content":"IF ERRORLEVEL 1 (","lastModifiedDate":"2020-05-25T00:03:55","isFullCredit":false},{"lineNumber":12,"author":{"gitId":"-"},"content":"    echo ********** BUILD FAILURE **********","lastModifiedDate":"2020-05-25T00:03:55","isFullCredit":false},{"lineNumber":13,"author":{"gitId":"-"},"content":"    exit /b 1","lastModifiedDate":"2020-05-25T00:03:55","isFullCredit":false},{"lineNumber":14,"author":{"gitId":"-"},"content":")","lastModifiedDate":"2020-05-25T00:03:55","isFullCredit":false},{"lineNumber":15,"author":{"gitId":"-"},"content":"REM no error here, errorlevel \u003d\u003d 0","lastModifiedDate":"2020-05-25T00:03:55","isFullCredit":false},{"lineNumber":16,"author":{"gitId":"-"},"content":"","lastModifiedDate":"2020-05-25T00:03:55","isFullCredit":false},{"lineNumber":17,"author":{"gitId":"-"},"content":"REM run the program, feed commands from input.txt file and redirect the output to the ACTUAL.TXT","lastModifiedDate":"2020-05-25T00:03:55","isFullCredit":false},{"lineNumber":18,"author":{"gitId":"alastair-tan-cw"},"content":"java -classpath ..\\bin Peter \u003c input.txt \u003e ACTUAL.TXT","lastModifiedDate":"2026-01-24T19:40:37","isFullCredit":false},{"lineNumber":19,"author":{"gitId":"-"},"content":"","lastModifiedDate":"2020-05-25T00:03:55","isFullCredit":false},{"lineNumber":20,"author":{"gitId":"-"},"content":"REM compare the output to the expected output","lastModifiedDate":"2020-05-25T00:03:55","isFullCredit":false},{"lineNumber":21,"author":{"gitId":"-"},"content":"FC ACTUAL.TXT EXPECTED.TXT","lastModifiedDate":"2020-05-25T00:03:55","isFullCredit":false}],"authorContributionMap":{"-":20,"alastair-tan-cw":1}},{"path":"text-ui-test/runtest.sh","fileType":"sh","lines":[{"lineNumber":1,"author":{"gitId":"-"},"content":"#!/usr/bin/env bash","lastModifiedDate":"2020-05-25T00:03:55","isFullCredit":false},{"lineNumber":2,"author":{"gitId":"-"},"content":"","lastModifiedDate":"2020-05-25T00:03:55","isFullCredit":false},{"lineNumber":3,"author":{"gitId":"-"},"content":"# create bin directory if it doesn\u0027t exist","lastModifiedDate":"2020-05-25T00:03:55","isFullCredit":false},{"lineNumber":4,"author":{"gitId":"-"},"content":"if [ ! -d \"../bin\" ]","lastModifiedDate":"2020-05-25T00:03:55","isFullCredit":false},{"lineNumber":5,"author":{"gitId":"-"},"content":"then","lastModifiedDate":"2020-05-25T00:03:55","isFullCredit":false},{"lineNumber":6,"author":{"gitId":"-"},"content":"    mkdir ../bin","lastModifiedDate":"2020-05-25T00:03:55","isFullCredit":false},{"lineNumber":7,"author":{"gitId":"-"},"content":"fi","lastModifiedDate":"2020-05-25T00:03:55","isFullCredit":false},{"lineNumber":8,"author":{"gitId":"-"},"content":"","lastModifiedDate":"2020-05-25T00:03:55","isFullCredit":false},{"lineNumber":9,"author":{"gitId":"-"},"content":"# delete output from previous run","lastModifiedDate":"2020-05-25T00:03:55","isFullCredit":false},{"lineNumber":10,"author":{"gitId":"-"},"content":"if [ -e \"./ACTUAL.TXT\" ]","lastModifiedDate":"2020-05-25T00:03:55","isFullCredit":false},{"lineNumber":11,"author":{"gitId":"-"},"content":"then","lastModifiedDate":"2020-05-25T00:03:55","isFullCredit":false},{"lineNumber":12,"author":{"gitId":"-"},"content":"    rm ACTUAL.TXT","lastModifiedDate":"2020-05-25T00:03:55","isFullCredit":false},{"lineNumber":13,"author":{"gitId":"-"},"content":"fi","lastModifiedDate":"2020-05-25T00:03:55","isFullCredit":false},{"lineNumber":14,"author":{"gitId":"-"},"content":"","lastModifiedDate":"2020-05-25T00:03:55","isFullCredit":false},{"lineNumber":15,"author":{"gitId":"-"},"content":"# compile the code into the bin folder, terminates if error occurred","lastModifiedDate":"2020-05-25T00:03:55","isFullCredit":false},{"lineNumber":16,"author":{"gitId":"-"},"content":"if ! javac -cp ../src/main/java -Xlint:none -d ../bin ../src/main/java/*.java","lastModifiedDate":"2020-08-25T17:23:26","isFullCredit":false},{"lineNumber":17,"author":{"gitId":"-"},"content":"then","lastModifiedDate":"2020-05-25T00:03:55","isFullCredit":false},{"lineNumber":18,"author":{"gitId":"-"},"content":"    echo \"********** BUILD FAILURE **********\"","lastModifiedDate":"2020-05-25T00:03:55","isFullCredit":false},{"lineNumber":19,"author":{"gitId":"-"},"content":"    exit 1","lastModifiedDate":"2020-05-25T00:03:55","isFullCredit":false},{"lineNumber":20,"author":{"gitId":"-"},"content":"fi","lastModifiedDate":"2020-05-25T00:03:55","isFullCredit":false},{"lineNumber":21,"author":{"gitId":"-"},"content":"","lastModifiedDate":"2020-05-25T00:03:55","isFullCredit":false},{"lineNumber":22,"author":{"gitId":"-"},"content":"# run the program, feed commands from input.txt file and redirect the output to the ACTUAL.TXT","lastModifiedDate":"2020-05-25T00:03:55","isFullCredit":false},{"lineNumber":23,"author":{"gitId":"alastair-tan-cw"},"content":"java -classpath ../bin Peter \u003c input.txt \u003e ACTUAL.TXT","lastModifiedDate":"2026-01-24T19:40:37","isFullCredit":false},{"lineNumber":24,"author":{"gitId":"-"},"content":"","lastModifiedDate":"2020-05-25T00:03:55","isFullCredit":false},{"lineNumber":25,"author":{"gitId":"-"},"content":"# convert to UNIX format","lastModifiedDate":"2020-05-25T00:03:55","isFullCredit":false},{"lineNumber":26,"author":{"gitId":"-"},"content":"cp EXPECTED.TXT EXPECTED-UNIX.TXT","lastModifiedDate":"2020-05-25T00:03:55","isFullCredit":false},{"lineNumber":27,"author":{"gitId":"-"},"content":"dos2unix ACTUAL.TXT EXPECTED-UNIX.TXT","lastModifiedDate":"2020-05-25T00:03:55","isFullCredit":false},{"lineNumber":28,"author":{"gitId":"-"},"content":"","lastModifiedDate":"2020-05-25T00:03:55","isFullCredit":false},{"lineNumber":29,"author":{"gitId":"-"},"content":"# compare the output to the expected output","lastModifiedDate":"2020-05-25T00:03:55","isFullCredit":false},{"lineNumber":30,"author":{"gitId":"-"},"content":"diff ACTUAL.TXT EXPECTED-UNIX.TXT","lastModifiedDate":"2020-05-25T00:03:55","isFullCredit":false},{"lineNumber":31,"author":{"gitId":"-"},"content":"if [ $? -eq 0 ]","lastModifiedDate":"2020-05-25T00:03:55","isFullCredit":false},{"lineNumber":32,"author":{"gitId":"-"},"content":"then","lastModifiedDate":"2020-05-25T00:03:55","isFullCredit":false},{"lineNumber":33,"author":{"gitId":"-"},"content":"    echo \"Test result: PASSED\"","lastModifiedDate":"2020-05-25T00:03:55","isFullCredit":false},{"lineNumber":34,"author":{"gitId":"-"},"content":"    exit 0","lastModifiedDate":"2020-05-25T00:03:55","isFullCredit":false},{"lineNumber":35,"author":{"gitId":"-"},"content":"else","lastModifiedDate":"2020-05-25T00:03:55","isFullCredit":false},{"lineNumber":36,"author":{"gitId":"-"},"content":"    echo \"Test result: FAILED\"","lastModifiedDate":"2020-05-25T00:03:55","isFullCredit":false},{"lineNumber":37,"author":{"gitId":"-"},"content":"    exit 1","lastModifiedDate":"2020-05-25T00:03:55","isFullCredit":false},{"lineNumber":38,"author":{"gitId":"-"},"content":"fi","lastModifiedDate":"2020-05-25T00:03:55","isFullCredit":false}],"authorContributionMap":{"-":37,"alastair-tan-cw":1}}]
