{"authorDailyContributionsMap":{"alastair-tan-cw":[{"date":"2026-01-24T00:00:00","commitResults":[{"hash":"de865d48e31764b2e4dd47b153c03d586685d299","isMergeCommit":false,"messageTitle":"Rename main class and add greeting","messageBody":"","tags":["Level-0"],"fileTypesAndContributionMap":{"java":{"insertions":13,"deletions":10},"bat":{"insertions":1,"deletions":1},"sh":{"insertions":1,"deletions":1},"md":{"insertions":10,"deletions":10}}}]}]},"authorFileTypeContributionMap":{"alastair-tan-cw":{"java":13,"md":10,"fxml":0,"sh":1,"bat":1,"gradle":0,"txt":0}},"authorContributionVariance":{"alastair-tan-cw":129.4336},"authorDisplayNameMap":{"alastair-tan-cw":"ALAS.. WEI"}}
