{"authorDailyContributionsMap":{"alastair-tan-cw":[{"date":"2026-01-24T00:00:00","commitResults":[{"hash":"de865d48e31764b2e4dd47b153c03d586685d299","isMergeCommit":false,"messageTitle":"Rename main class and add greeting","messageBody":"","tags":["Level-0"],"fileTypesAndContributionMap":{"java":{"insertions":13,"deletions":10},"bat":{"insertions":1,"deletions":1},"sh":{"insertions":1,"deletions":1},"md":{"insertions":10,"deletions":10}}}]},{"date":"2026-02-01T00:00:00","commitResults":[{"hash":"6ee414a5de8f4a2bd36474d5d680a09c8f744738","isMergeCommit":false,"messageTitle":"Add support for echo","messageBody":"","tags":["Level-1"],"fileTypesAndContributionMap":{"java":{"insertions":18,"deletions":3}}},{"hash":"a09545d5394f2aab0952068e1ee5e9a7195347fa","isMergeCommit":false,"messageTitle":"Add support for list","messageBody":"","fileTypesAndContributionMap":{"java":{"insertions":18,"deletions":1}}},{"hash":"78d5154e5eef83f2234b6670810581448f3035f1","isMergeCommit":false,"messageTitle":"Change output format to be reusable","messageBody":"","tags":["Level-2"],"fileTypesAndContributionMap":{"java":{"insertions":18,"deletions":17}}},{"hash":"5956afaad7e3a7a57aa8f7f978bdb9086b7cad4f","isMergeCommit":false,"messageTitle":"Add support for mark task done","messageBody":"","tags":["Level-3"],"fileTypesAndContributionMap":{"java":{"insertions":61,"deletions":3}}}]},{"date":"2026-02-02T00:00:00","commitResults":[{"hash":"c28bc274a0dcb6954e18d10a6086a4737382cdb9","isMergeCommit":false,"messageTitle":"Add support for different task type","messageBody":"","tags":["Level-4"],"fileTypesAndContributionMap":{"java":{"insertions":85,"deletions":0}}},{"hash":"cd183bf1ddf241f935419d13401022cb20de4e63","isMergeCommit":false,"messageTitle":"Add Text UI Texting and fix trailing spaces","messageBody":"","tags":["A-TextUiTesting"],"fileTypesAndContributionMap":{"txt":{"insertions":7,"deletions":0},"java":{"insertions":8,"deletions":8}}},{"hash":"3b48fa70963b87eb1e28069a0d4ac0b4c79c6b9c","isMergeCommit":false,"messageTitle":"Add user input error handling","messageBody":"","fileTypesAndContributionMap":{"java":{"insertions":15,"deletions":2}}},{"hash":"4dfb8a7f837c860c4caead55e0fa7ef49fdf8d47","isMergeCommit":false,"messageTitle":"Change error handling to exceptions","messageBody":"","tags":["Level-5"],"fileTypesAndContributionMap":{"java":{"insertions":113,"deletions":87}}},{"hash":"12b946255aa823a75061a2e67cbef72872fad5b3","isMergeCommit":false,"messageTitle":"Add support for deleting task","messageBody":"","tags":["Level-6"],"fileTypesAndContributionMap":{"java":{"insertions":24,"deletions":1}}}]},{"date":"2026-02-03T00:00:00","commitResults":[{"hash":"981d27a412ac96679708ae2aca3b1528865f72d1","isMergeCommit":false,"messageTitle":"Add support for load save file","messageBody":"","fileTypesAndContributionMap":{"java":{"insertions":98,"deletions":2}}},{"hash":"23328fdd0161ea122daa3283efd82f169e8ffc15","isMergeCommit":true,"messageTitle":"Merge branch \u0027branch-Level-7\u0027","messageBody":"","tags":["Level-7"],"fileTypesAndContributionMap":{}}]},{"date":"2026-02-04T00:00:00","commitResults":[{"hash":"0609adad2bc40e2dc911e174ccc222a08c77e0b5","isMergeCommit":false,"messageTitle":"Add support for date time for deadline task","messageBody":"","fileTypesAndContributionMap":{"java":{"insertions":24,"deletions":10}}},{"hash":"cfdf6e02bc4ee47f09c44556cebeeddf0735b09c","isMergeCommit":true,"messageTitle":"Merge branch \u0027branch-Level-8\u0027","messageBody":"","tags":["Level-8"],"fileTypesAndContributionMap":{}}]},{"date":"2026-02-09T00:00:00","commitResults":[{"hash":"d2d2e161679a08a8275303f76783637fc1cedb33","isMergeCommit":false,"messageTitle":"Add Storage class for OOP","messageBody":"","fileTypesAndContributionMap":{"java":{"insertions":143,"deletions":92}}},{"hash":"59fe933e11519809e26cf7fce6d2cb774cede603","isMergeCommit":false,"messageTitle":"Add Parser, UI, TaskList for OOP","messageBody":"","tags":["A-MoreOOP"],"fileTypesAndContributionMap":{"txt":{"insertions":1,"deletions":1},"java":{"insertions":190,"deletions":198}}},{"hash":"5fa429dc6ef37a74f16d60125d0b00fe81828226","isMergeCommit":false,"messageTitle":"Divide classes into packages","messageBody":"","tags":["A-Packages"],"fileTypesAndContributionMap":{"java":{"insertions":56,"deletions":5}}},{"hash":"19eeec110f37419535a0c2ac2d3f5cab9f913a66","isMergeCommit":true,"messageTitle":"Merge remote-tracking branch \u0027origin/add-gradle-support\u0027","messageBody":"","fileTypesAndContributionMap":{}},{"hash":"576faacee6e76ddde9726f1f4c478cb66b4181e1","isMergeCommit":false,"messageTitle":"Add Gradle to project","messageBody":"","tags":["A-Gradle"],"fileTypesAndContributionMap":{"gradle":{"insertions":2,"deletions":2}}}]},{"date":"2026-02-10T00:00:00","commitResults":[{"hash":"e7ac6c92988e4c2f79d5d03a1715217d5cc452dc","isMergeCommit":false,"messageTitle":"Add support for JAR file","messageBody":"","tags":["A-Jar"],"fileTypesAndContributionMap":{"gradle":{"insertions":1,"deletions":0}}},{"hash":"18598fb14bbaf9ddfc8be606882a708b337dbbef","isMergeCommit":false,"messageTitle":"Add JavaDocs for all classes and methods","messageBody":"","fileTypesAndContributionMap":{"java":{"insertions":213,"deletions":5}}},{"hash":"68c5f74baed06c63df68ec46d20d3dfe86aa51a0","isMergeCommit":false,"messageTitle":"Fix some coding standards","messageBody":"","fileTypesAndContributionMap":{"java":{"insertions":115,"deletions":111}}},{"hash":"43c23c293c97124199e7b2107cfaf5726155b4c3","isMergeCommit":false,"messageTitle":"Add support for finding task","messageBody":"","fileTypesAndContributionMap":{"java":{"insertions":36,"deletions":3}}},{"hash":"6936e29a0a4c013f18df24176db86344a174b041","isMergeCommit":true,"messageTitle":"Merge branch \u0027branch-A-JavaDoc\u0027","messageBody":"","fileTypesAndContributionMap":{}},{"hash":"001e9ce03f2619f2a7e21f0da50c4f927b358d7b","isMergeCommit":true,"messageTitle":"Fix merge conflict for JavaDoc and CodingStandard","messageBody":"","fileTypesAndContributionMap":{}},{"hash":"6ddf2543f61784e99068388b24fd7ae33b121a5f","isMergeCommit":true,"messageTitle":"Fix merge conflict for Level-9","messageBody":"","tags":["Level-9"],"fileTypesAndContributionMap":{}}]},{"date":"2026-02-11T00:00:00","commitResults":[{"hash":"3e2545145398ccf16d94e09dfdd53696011e30ce","isMergeCommit":false,"messageTitle":"Shift Peter.java into peter package","messageBody":"","fileTypesAndContributionMap":{"gradle":{"insertions":16,"deletions":1},"java":{"insertions":33,"deletions":1},"md":{"insertions":1,"deletions":1}}},{"hash":"222c66bfda1067ac93481e41d8ed7fa8fad85272","isMergeCommit":false,"messageTitle":"Add default basic GUI to Peter","messageBody":"","fileTypesAndContributionMap":{"gradle":{"insertions":16,"deletions":1},"fxml":{"insertions":41,"deletions":0},"java":{"insertions":316,"deletions":6}}},{"hash":"b6a6a48b81439df52743e01e5e0d26568ce649b2","isMergeCommit":true,"messageTitle":"Fix merge issue with branch-Level-10 for GUI","messageBody":"","fileTypesAndContributionMap":{}},{"hash":"525971423dffb84c174f8d40f264fa15c9a28a54","isMergeCommit":false,"messageTitle":"Edit GUI design","messageBody":"","fileTypesAndContributionMap":{"java":{"insertions":1,"deletions":1}}}]}]},"authorFileTypeContributionMap":{"alastair-tan-cw":{"java":1006,"md":10,"fxml":41,"sh":1,"bat":1,"gradle":18,"txt":7}},"authorContributionVariance":{"alastair-tan-cw":26529.615},"authorDisplayNameMap":{"alastair-tan-cw":"CS2103-T11-1 ALAS.. WEI"}}
