[{"path":"src/main/java/CowPay.java","fileType":"java","lines":[{"lineNumber":1,"author":{"gitId":"Kevin-129"},"content":"import java.util.*;","lastModifiedDate":"2026-01-23T13:57:42","isFullCredit":false},{"lineNumber":2,"author":{"gitId":"Kevin-129"},"content":"","lastModifiedDate":"2026-01-23T13:38:22","isFullCredit":false},{"lineNumber":3,"author":{"gitId":"Kevin-129"},"content":"public class CowPay {","lastModifiedDate":"2026-01-23T13:12:29","isFullCredit":false},{"lineNumber":4,"author":{"gitId":"Kevin-129"},"content":"","lastModifiedDate":"2026-01-23T13:38:22","isFullCredit":false},{"lineNumber":5,"author":{"gitId":"Kevin-129"},"content":"    public static final String name \u003d \"CowPay\";","lastModifiedDate":"2026-01-23T13:38:22","isFullCredit":false},{"lineNumber":6,"author":{"gitId":"Kevin-129"},"content":"    private static final String LINE \u003d \"\\t____________________________________________________________\"; ","lastModifiedDate":"2026-01-23T13:38:22","isFullCredit":false},{"lineNumber":7,"author":{"gitId":"Kevin-129"},"content":"    public static void main(String[] args) {","lastModifiedDate":"2026-01-23T13:12:29","isFullCredit":false},{"lineNumber":8,"author":{"gitId":"Kevin-129"},"content":"","lastModifiedDate":"2026-01-23T13:12:29","isFullCredit":false},{"lineNumber":9,"author":{"gitId":"Kevin-129"},"content":"        Scanner scanner \u003d new Scanner(System.in);","lastModifiedDate":"2026-01-23T13:38:22","isFullCredit":false},{"lineNumber":10,"author":{"gitId":"Kevin-129"},"content":"        ArrayList\u003cTask\u003e tasks \u003d new ArrayList\u003c\u003e();","lastModifiedDate":"2026-01-23T14:33:50","isFullCredit":false},{"lineNumber":11,"author":{"gitId":"Kevin-129"},"content":"","lastModifiedDate":"2026-01-23T13:38:22","isFullCredit":false},{"lineNumber":12,"author":{"gitId":"Kevin-129"},"content":"        System.out.println(LINE);","lastModifiedDate":"2026-01-23T13:38:22","isFullCredit":false},{"lineNumber":13,"author":{"gitId":"Kevin-129"},"content":"        System.out.println(\"\\tHi baby, I\u0027m \" + name + \"! Nice to meet you!\");","lastModifiedDate":"2026-01-23T14:33:50","isFullCredit":false},{"lineNumber":14,"author":{"gitId":"Kevin-129"},"content":"        System.out.println(\"\\tWat u wan me do?\");","lastModifiedDate":"2026-01-23T13:57:42","isFullCredit":false},{"lineNumber":15,"author":{"gitId":"Kevin-129"},"content":"        System.out.println();","lastModifiedDate":"2026-01-23T13:38:22","isFullCredit":false},{"lineNumber":16,"author":{"gitId":"Kevin-129"},"content":"","lastModifiedDate":"2026-01-23T13:38:22","isFullCredit":false},{"lineNumber":17,"author":{"gitId":"Kevin-129"},"content":"        while (true) {","lastModifiedDate":"2026-01-23T13:38:22","isFullCredit":false},{"lineNumber":18,"author":{"gitId":"Kevin-129"},"content":"            if (!scanner.hasNextLine()) {","lastModifiedDate":"2026-01-23T13:38:22","isFullCredit":false},{"lineNumber":19,"author":{"gitId":"Kevin-129"},"content":"                break; // Exit if no more input","lastModifiedDate":"2026-01-23T13:57:42","isFullCredit":false},{"lineNumber":20,"author":{"gitId":"Kevin-129"},"content":"            }","lastModifiedDate":"2026-01-23T13:38:22","isFullCredit":false},{"lineNumber":21,"author":{"gitId":"Kevin-129"},"content":"","lastModifiedDate":"2026-01-23T13:12:29","isFullCredit":false},{"lineNumber":22,"author":{"gitId":"Kevin-129"},"content":"            String inputStrings[] \u003d scanner.nextLine().trim().split(\" \");","lastModifiedDate":"2026-01-23T14:33:50","isFullCredit":false},{"lineNumber":23,"author":{"gitId":"Kevin-129"},"content":"            String next \u003d inputStrings[0];","lastModifiedDate":"2026-01-23T14:33:50","isFullCredit":false},{"lineNumber":24,"author":{"gitId":"Kevin-129"},"content":"","lastModifiedDate":"2026-01-23T13:38:22","isFullCredit":false},{"lineNumber":25,"author":{"gitId":"Kevin-129"},"content":"            if(next.equals(\"bye\")) {","lastModifiedDate":"2026-01-23T13:38:22","isFullCredit":false},{"lineNumber":26,"author":{"gitId":"Kevin-129"},"content":"                System.out.println(LINE);","lastModifiedDate":"2026-01-23T13:38:22","isFullCredit":false},{"lineNumber":27,"author":{"gitId":"Kevin-129"},"content":"                System.out.println(\"\\tBye!! Don\u0027t come back!\");","lastModifiedDate":"2026-01-23T13:57:42","isFullCredit":false},{"lineNumber":28,"author":{"gitId":"Kevin-129"},"content":"                System.out.println(LINE);","lastModifiedDate":"2026-01-23T13:38:22","isFullCredit":false},{"lineNumber":29,"author":{"gitId":"Kevin-129"},"content":"                break; // Exit","lastModifiedDate":"2026-01-23T13:38:22","isFullCredit":false},{"lineNumber":30,"author":{"gitId":"Kevin-129"},"content":"","lastModifiedDate":"2026-01-23T13:57:42","isFullCredit":false},{"lineNumber":31,"author":{"gitId":"Kevin-129"},"content":"            } else if (next.equals(\"list\")) {","lastModifiedDate":"2026-01-23T13:57:42","isFullCredit":false},{"lineNumber":32,"author":{"gitId":"Kevin-129"},"content":"                //List all tasks","lastModifiedDate":"2026-01-23T13:57:42","isFullCredit":false},{"lineNumber":33,"author":{"gitId":"Kevin-129"},"content":"                System.out.println(LINE);","lastModifiedDate":"2026-01-23T13:57:42","isFullCredit":false},{"lineNumber":34,"author":{"gitId":"Kevin-129"},"content":"                System.out.println(\"\\tYou need do these: \");","lastModifiedDate":"2026-01-23T14:33:50","isFullCredit":false},{"lineNumber":35,"author":{"gitId":"Kevin-129"},"content":"                for (int i \u003d 0; i \u003c tasks.size(); i++) {","lastModifiedDate":"2026-01-23T13:57:42","isFullCredit":false},{"lineNumber":36,"author":{"gitId":"Kevin-129"},"content":"                    Task t \u003d tasks.get(i);","lastModifiedDate":"2026-01-23T14:33:50","isFullCredit":false},{"lineNumber":37,"author":{"gitId":"Kevin-129"},"content":"                    System.out.println(\"\\t\" + (i + 1) + \".\" + t.getStatusIcon() + \" \" + t.getDescription());","lastModifiedDate":"2026-01-23T14:33:50","isFullCredit":false},{"lineNumber":38,"author":{"gitId":"Kevin-129"},"content":"                }","lastModifiedDate":"2026-01-23T13:57:42","isFullCredit":false},{"lineNumber":39,"author":{"gitId":"Kevin-129"},"content":"                System.out.println(LINE);","lastModifiedDate":"2026-01-23T13:57:42","isFullCredit":false},{"lineNumber":40,"author":{"gitId":"Kevin-129"},"content":"","lastModifiedDate":"2026-01-23T13:57:42","isFullCredit":false},{"lineNumber":41,"author":{"gitId":"Kevin-129"},"content":"            } else if (next.equals(\"mark\") || next.equals(\"unmark\")) {","lastModifiedDate":"2026-01-23T14:33:50","isFullCredit":false},{"lineNumber":42,"author":{"gitId":"Kevin-129"},"content":"                //Mark or unmark task","lastModifiedDate":"2026-01-23T14:33:50","isFullCredit":false},{"lineNumber":43,"author":{"gitId":"Kevin-129"},"content":"                if (inputStrings.length \u003c 2) {","lastModifiedDate":"2026-01-23T14:33:50","isFullCredit":false},{"lineNumber":44,"author":{"gitId":"Kevin-129"},"content":"                    //Check if valid task number is given","lastModifiedDate":"2026-01-23T14:33:50","isFullCredit":false},{"lineNumber":45,"author":{"gitId":"Kevin-129"},"content":"                    System.out.println(LINE);","lastModifiedDate":"2026-01-23T14:33:50","isFullCredit":false},{"lineNumber":46,"author":{"gitId":"Kevin-129"},"content":"                    System.out.println(\"\\tGive a valid task number.\");","lastModifiedDate":"2026-01-23T14:33:50","isFullCredit":false},{"lineNumber":47,"author":{"gitId":"Kevin-129"},"content":"                    System.out.println(LINE);","lastModifiedDate":"2026-01-23T14:33:50","isFullCredit":false},{"lineNumber":48,"author":{"gitId":"Kevin-129"},"content":"                    continue;","lastModifiedDate":"2026-01-23T14:33:50","isFullCredit":false},{"lineNumber":49,"author":{"gitId":"Kevin-129"},"content":"","lastModifiedDate":"2026-01-23T14:33:50","isFullCredit":false},{"lineNumber":50,"author":{"gitId":"Kevin-129"},"content":"                } else {","lastModifiedDate":"2026-01-23T14:33:50","isFullCredit":false},{"lineNumber":51,"author":{"gitId":"Kevin-129"},"content":"                    int taskNum \u003d Integer.parseInt(inputStrings[1]) - 1;","lastModifiedDate":"2026-01-23T14:33:50","isFullCredit":false},{"lineNumber":52,"author":{"gitId":"Kevin-129"},"content":"                    if (taskNum \u003c 0 || taskNum \u003e\u003d tasks.size()) {","lastModifiedDate":"2026-01-23T14:33:50","isFullCredit":false},{"lineNumber":53,"author":{"gitId":"Kevin-129"},"content":"                        System.out.println(LINE);","lastModifiedDate":"2026-01-23T14:33:50","isFullCredit":false},{"lineNumber":54,"author":{"gitId":"Kevin-129"},"content":"                        System.out.println(\"\\tGive a valid task number.\");","lastModifiedDate":"2026-01-23T14:33:50","isFullCredit":false},{"lineNumber":55,"author":{"gitId":"Kevin-129"},"content":"                        System.out.println(LINE);","lastModifiedDate":"2026-01-23T14:33:50","isFullCredit":false},{"lineNumber":56,"author":{"gitId":"Kevin-129"},"content":"                        continue;","lastModifiedDate":"2026-01-23T14:33:50","isFullCredit":false},{"lineNumber":57,"author":{"gitId":"Kevin-129"},"content":"","lastModifiedDate":"2026-01-23T14:33:50","isFullCredit":false},{"lineNumber":58,"author":{"gitId":"Kevin-129"},"content":"                    } else {","lastModifiedDate":"2026-01-23T14:33:50","isFullCredit":false},{"lineNumber":59,"author":{"gitId":"Kevin-129"},"content":"                        Task t \u003d tasks.get(taskNum);","lastModifiedDate":"2026-01-23T14:33:50","isFullCredit":false},{"lineNumber":60,"author":{"gitId":"Kevin-129"},"content":"                        if (next.equals(\"mark\")) {","lastModifiedDate":"2026-01-23T14:33:50","isFullCredit":false},{"lineNumber":61,"author":{"gitId":"Kevin-129"},"content":"                            t.markAsDone();","lastModifiedDate":"2026-01-23T14:33:50","isFullCredit":false},{"lineNumber":62,"author":{"gitId":"Kevin-129"},"content":"                            System.out.println(LINE);","lastModifiedDate":"2026-01-23T14:33:50","isFullCredit":false},{"lineNumber":63,"author":{"gitId":"Kevin-129"},"content":"                            System.out.println(\"\\tOk this one marked as done: \");","lastModifiedDate":"2026-01-23T14:33:50","isFullCredit":false},{"lineNumber":64,"author":{"gitId":"Kevin-129"},"content":"                            System.out.println(\"\\t  \" + t.getStatusIcon() + \" \" + t.getDescription());","lastModifiedDate":"2026-01-23T14:33:50","isFullCredit":false},{"lineNumber":65,"author":{"gitId":"Kevin-129"},"content":"                            System.out.println(LINE);","lastModifiedDate":"2026-01-23T14:33:50","isFullCredit":false},{"lineNumber":66,"author":{"gitId":"Kevin-129"},"content":"                            ","lastModifiedDate":"2026-01-23T14:33:50","isFullCredit":false},{"lineNumber":67,"author":{"gitId":"Kevin-129"},"content":"                        } else {","lastModifiedDate":"2026-01-23T14:33:50","isFullCredit":false},{"lineNumber":68,"author":{"gitId":"Kevin-129"},"content":"                            t.markAsNotDone();","lastModifiedDate":"2026-01-23T14:33:50","isFullCredit":false},{"lineNumber":69,"author":{"gitId":"Kevin-129"},"content":"                            System.out.println(LINE);","lastModifiedDate":"2026-01-23T14:33:50","isFullCredit":false},{"lineNumber":70,"author":{"gitId":"Kevin-129"},"content":"                            System.out.println(\"\\tOk this one marked as not done: \");","lastModifiedDate":"2026-01-23T14:33:50","isFullCredit":false},{"lineNumber":71,"author":{"gitId":"Kevin-129"},"content":"                            System.out.println(\"\\t  \" + t.getStatusIcon() + \" \" + t.getDescription());","lastModifiedDate":"2026-01-23T14:33:50","isFullCredit":false},{"lineNumber":72,"author":{"gitId":"Kevin-129"},"content":"                            System.out.println(LINE);","lastModifiedDate":"2026-01-23T14:33:50","isFullCredit":false},{"lineNumber":73,"author":{"gitId":"Kevin-129"},"content":"                        }","lastModifiedDate":"2026-01-23T14:33:50","isFullCredit":false},{"lineNumber":74,"author":{"gitId":"Kevin-129"},"content":"                    }","lastModifiedDate":"2026-01-23T14:33:50","isFullCredit":false},{"lineNumber":75,"author":{"gitId":"Kevin-129"},"content":"                    ","lastModifiedDate":"2026-01-23T14:33:50","isFullCredit":false},{"lineNumber":76,"author":{"gitId":"Kevin-129"},"content":"                }","lastModifiedDate":"2026-01-23T14:33:50","isFullCredit":false},{"lineNumber":77,"author":{"gitId":"Kevin-129"},"content":"                ","lastModifiedDate":"2026-01-23T14:33:50","isFullCredit":false},{"lineNumber":78,"author":{"gitId":"Kevin-129"},"content":"            } else {","lastModifiedDate":"2026-01-23T13:38:22","isFullCredit":false},{"lineNumber":79,"author":{"gitId":"Kevin-129"},"content":"                //Add task to tasks","lastModifiedDate":"2026-01-23T13:57:42","isFullCredit":false},{"lineNumber":80,"author":{"gitId":"Kevin-129"},"content":"                System.out.println(LINE);","lastModifiedDate":"2026-01-23T13:38:22","isFullCredit":false},{"lineNumber":81,"author":{"gitId":"Kevin-129"},"content":"                Task t \u003d new Task(next);","lastModifiedDate":"2026-01-23T14:33:50","isFullCredit":false},{"lineNumber":82,"author":{"gitId":"Kevin-129"},"content":"                tasks.add(t);","lastModifiedDate":"2026-01-23T14:33:50","isFullCredit":false},{"lineNumber":83,"author":{"gitId":"Kevin-129"},"content":"                System.out.println(\"\\tOk you need to: \" + next);","lastModifiedDate":"2026-01-23T14:33:50","isFullCredit":false},{"lineNumber":84,"author":{"gitId":"Kevin-129"},"content":"                System.out.println(LINE);","lastModifiedDate":"2026-01-23T13:38:22","isFullCredit":false},{"lineNumber":85,"author":{"gitId":"Kevin-129"},"content":"            }","lastModifiedDate":"2026-01-23T13:38:22","isFullCredit":false},{"lineNumber":86,"author":{"gitId":"Kevin-129"},"content":"","lastModifiedDate":"2026-01-23T13:38:22","isFullCredit":false},{"lineNumber":87,"author":{"gitId":"Kevin-129"},"content":"        }","lastModifiedDate":"2026-01-23T13:38:22","isFullCredit":false},{"lineNumber":88,"author":{"gitId":"Kevin-129"},"content":"","lastModifiedDate":"2026-01-23T13:12:29","isFullCredit":false},{"lineNumber":89,"author":{"gitId":"Kevin-129"},"content":"        scanner.close();","lastModifiedDate":"2026-01-23T13:38:22","isFullCredit":false},{"lineNumber":90,"author":{"gitId":"Kevin-129"},"content":"    }","lastModifiedDate":"2026-01-23T13:12:29","isFullCredit":false},{"lineNumber":91,"author":{"gitId":"Kevin-129"},"content":"}","lastModifiedDate":"2026-01-23T13:12:29","isFullCredit":false}],"authorContributionMap":{"Kevin-129":91}},{"path":"src/main/java/Task.java","fileType":"java","lines":[{"lineNumber":1,"author":{"gitId":"Kevin-129"},"content":"public class Task {","lastModifiedDate":"2026-01-23T14:33:50","isFullCredit":false},{"lineNumber":2,"author":{"gitId":"Kevin-129"},"content":"    protected String description;","lastModifiedDate":"2026-01-23T14:33:50","isFullCredit":false},{"lineNumber":3,"author":{"gitId":"Kevin-129"},"content":"    protected boolean isDone;","lastModifiedDate":"2026-01-23T14:33:50","isFullCredit":false},{"lineNumber":4,"author":{"gitId":"Kevin-129"},"content":"","lastModifiedDate":"2026-01-23T14:33:50","isFullCredit":false},{"lineNumber":5,"author":{"gitId":"Kevin-129"},"content":"    public Task(String description) {","lastModifiedDate":"2026-01-23T14:33:50","isFullCredit":false},{"lineNumber":6,"author":{"gitId":"Kevin-129"},"content":"        this.description \u003d description;","lastModifiedDate":"2026-01-23T14:33:50","isFullCredit":false},{"lineNumber":7,"author":{"gitId":"Kevin-129"},"content":"        this.isDone \u003d false;","lastModifiedDate":"2026-01-23T14:33:50","isFullCredit":false},{"lineNumber":8,"author":{"gitId":"Kevin-129"},"content":"    }","lastModifiedDate":"2026-01-23T14:33:50","isFullCredit":false},{"lineNumber":9,"author":{"gitId":"Kevin-129"},"content":"","lastModifiedDate":"2026-01-23T14:33:50","isFullCredit":false},{"lineNumber":10,"author":{"gitId":"Kevin-129"},"content":"    public String getStatusIcon() {","lastModifiedDate":"2026-01-23T14:33:50","isFullCredit":false},{"lineNumber":11,"author":{"gitId":"Kevin-129"},"content":"        return (isDone ? \"[X]\" : \"[ ]\"); // mark done task with X","lastModifiedDate":"2026-01-23T14:33:50","isFullCredit":false},{"lineNumber":12,"author":{"gitId":"Kevin-129"},"content":"    }","lastModifiedDate":"2026-01-23T14:33:50","isFullCredit":false},{"lineNumber":13,"author":{"gitId":"Kevin-129"},"content":"","lastModifiedDate":"2026-01-23T14:33:50","isFullCredit":false},{"lineNumber":14,"author":{"gitId":"Kevin-129"},"content":"    public void markAsDone() {","lastModifiedDate":"2026-01-23T14:33:50","isFullCredit":false},{"lineNumber":15,"author":{"gitId":"Kevin-129"},"content":"        this.isDone \u003d true;","lastModifiedDate":"2026-01-23T14:33:50","isFullCredit":false},{"lineNumber":16,"author":{"gitId":"Kevin-129"},"content":"    }","lastModifiedDate":"2026-01-23T14:33:50","isFullCredit":false},{"lineNumber":17,"author":{"gitId":"Kevin-129"},"content":"","lastModifiedDate":"2026-01-23T14:33:50","isFullCredit":false},{"lineNumber":18,"author":{"gitId":"Kevin-129"},"content":"    public void markAsNotDone() {","lastModifiedDate":"2026-01-23T14:33:50","isFullCredit":false},{"lineNumber":19,"author":{"gitId":"Kevin-129"},"content":"        this.isDone \u003d false;","lastModifiedDate":"2026-01-23T14:33:50","isFullCredit":false},{"lineNumber":20,"author":{"gitId":"Kevin-129"},"content":"    }","lastModifiedDate":"2026-01-23T14:33:50","isFullCredit":false},{"lineNumber":21,"author":{"gitId":"Kevin-129"},"content":"","lastModifiedDate":"2026-01-23T14:33:50","isFullCredit":false},{"lineNumber":22,"author":{"gitId":"Kevin-129"},"content":"    public String getDescription() {","lastModifiedDate":"2026-01-23T14:33:50","isFullCredit":false},{"lineNumber":23,"author":{"gitId":"Kevin-129"},"content":"        return this.description;","lastModifiedDate":"2026-01-23T14:33:50","isFullCredit":false},{"lineNumber":24,"author":{"gitId":"Kevin-129"},"content":"    }","lastModifiedDate":"2026-01-23T14:33:50","isFullCredit":false},{"lineNumber":25,"author":{"gitId":"Kevin-129"},"content":"    ","lastModifiedDate":"2026-01-23T14:33:50","isFullCredit":false},{"lineNumber":26,"author":{"gitId":"Kevin-129"},"content":"}","lastModifiedDate":"2026-01-23T14:33:50","isFullCredit":false}],"authorContributionMap":{"Kevin-129":26}}]
