{"authorDailyContributionsMap":{"Kevin-129":[{"date":"2026-01-23T00:00:00","commitResults":[{"hash":"61768cf7aeaba9ca5e00fb10f840d315ce8ee8e2","isMergeCommit":false,"messageTitle":"Level 0. Rename, Greet, Exit","messageBody":"","tags":["Level-0"],"fileTypesAndContributionMap":{"java":{"insertions":14,"deletions":0}}},{"hash":"a70c797736284a53ea4e604d3b4947b0d1f8e9cf","isMergeCommit":false,"messageTitle":"Level 1. Echo","messageBody":"","tags":["Level-1"],"fileTypesAndContributionMap":{"java":{"insertions":32,"deletions":18}}},{"hash":"a6a0f0121837e32dbdf0c294b7a16f31894c1366","isMergeCommit":false,"messageTitle":"Level 2. Add, List","messageBody":"","tags":["Level-2"],"fileTypesAndContributionMap":{"java":{"insertions":19,"deletions":5}}},{"hash":"939e629ed6d8df9f1ab0f3c60afc0ceeb1b7dad4","isMergeCommit":false,"messageTitle":"Level 3. Mark as Done","messageBody":"","tags":["Level-3"],"fileTypesAndContributionMap":{"java":{"insertions":74,"deletions":9}}},{"hash":"a6ff8a8cddb15cb870482727130924522750c826","isMergeCommit":false,"messageTitle":"ToDos, Events, Deadlines","messageBody":"","tags":["Level-4"],"fileTypesAndContributionMap":{"java":{"insertions":128,"deletions":22}}},{"hash":"4a714ab47e92cc567c8336ca67e7169230ff70f3","isMergeCommit":false,"messageTitle":"A-TextUiTesting: Automated Text UI Testing","messageBody":"","tags":["A-TextUiTesting"],"fileTypesAndContributionMap":{"txt":{"insertions":39,"deletions":0},"java":{"insertions":1,"deletions":0},"bat":{"insertions":1,"deletions":1}}},{"hash":"df698b437f9b9bdc7fc7d79a41be8116356867e7","isMergeCommit":false,"messageTitle":"Level 5. Handle Errors","messageBody":"","tags":["Level-5"],"fileTypesAndContributionMap":{"txt":{"insertions":1,"deletions":0},"java":{"insertions":32,"deletions":32}}},{"hash":"a3df8a57c41eb2b56277b261c821206bb6710dca","isMergeCommit":false,"messageTitle":"Level-6: Delete","messageBody":"","tags":["Level-6"],"fileTypesAndContributionMap":{"txt":{"insertions":12,"deletions":0},"java":{"insertions":47,"deletions":6}}}]},{"date":"2026-01-29T00:00:00","commitResults":[{"hash":"f6cf4d07466e31e2bc287f128433a1c23596c5fb","isMergeCommit":false,"messageTitle":"Implement Level 7. Save","messageBody":"","fileTypesAndContributionMap":{"txt":{"insertions":3,"deletions":0},"java":{"insertions":186,"deletions":28}}},{"hash":"d3aae16f41ec6d329914012990e5ba83864039e2","isMergeCommit":true,"messageTitle":"Merge branch \u0027branch-Level-7\u0027","messageBody":"","tags":["Level-7"],"fileTypesAndContributionMap":{}}]},{"date":"2026-01-30T00:00:00","commitResults":[{"hash":"44ba80b2ccbd2dade9f294677bf9812537e52d5e","isMergeCommit":false,"messageTitle":"Implement Level 8. Dates and Times","messageBody":"","fileTypesAndContributionMap":{"txt":{"insertions":173,"deletions":33},"java":{"insertions":56,"deletions":21}}},{"hash":"9e3bdcca474bb7d5e15a27870febcac978bc056e","isMergeCommit":true,"messageTitle":"Merge branch \u0027branch-Level-8\u0027","messageBody":"","tags":["Level-8"],"fileTypesAndContributionMap":{}},{"hash":"85aaa340211fe3ed18ac124220ad625dd8b41d2f","isMergeCommit":false,"messageTitle":"Create Ui class","messageBody":"","fileTypesAndContributionMap":{"txt":{"insertions":2,"deletions":0},"java":{"insertions":45,"deletions":15}}},{"hash":"f8be1e5594626742d17eed54e12df716a5f1b4ed","isMergeCommit":false,"messageTitle":"Create Storage class","messageBody":"","fileTypesAndContributionMap":{"txt":{"insertions":3,"deletions":5},"java":{"insertions":38,"deletions":17}}},{"hash":"2b0e289321eda18b846e5a599576764cc0193f62","isMergeCommit":false,"messageTitle":"Create TaskList class","messageBody":"","fileTypesAndContributionMap":{"txt":{"insertions":3,"deletions":1},"java":{"insertions":43,"deletions":11}}},{"hash":"41270ff5735c8886825536a599964d06e6213d55","isMergeCommit":false,"messageTitle":"Create Parser class","messageBody":"","fileTypesAndContributionMap":{"txt":{"insertions":7,"deletions":2},"java":{"insertions":90,"deletions":45}}},{"hash":"d84edf087bb18b5ba67aaaf9b3ad2ffc571f9873","isMergeCommit":true,"messageTitle":"Merge branch \u0027branch-A-MoreOOP\u0027","messageBody":"","tags":["A-MoreOOP"],"fileTypesAndContributionMap":{}},{"hash":"2cbd4fc829858db24e274ee3c5009d42a55f37bf","isMergeCommit":false,"messageTitle":"Add cowpay and cowpay.task package","messageBody":"","tags":["A-Packages"],"fileTypesAndContributionMap":{"java":{"insertions":29,"deletions":0}}},{"hash":"e14a2ecc18b114857f232bdc764674ef80875743","isMergeCommit":true,"messageTitle":"Merge remote-tracking branch \u0027upstream/add-gradle-support\u0027","messageBody":"","fileTypesAndContributionMap":{}},{"hash":"faaceaf816ca8e95dc6b849f417c3efa26e99ecd","isMergeCommit":false,"messageTitle":"Implement Gradle","messageBody":"","tags":["A-Gradle"],"fileTypesAndContributionMap":{"gradle":{"insertions":3,"deletions":3}}},{"hash":"c6b2ac8fce4075ec7bcc2d3c1c14325275e9e074","isMergeCommit":false,"messageTitle":"Implement JUnit tests","messageBody":"","tags":["A-Jar","A-JUnit"],"fileTypesAndContributionMap":{"java":{"insertions":99,"deletions":1}}},{"hash":"ca0a61dde18c4530cc4c73a48b920c208e57f1e1","isMergeCommit":false,"messageTitle":"Add JavaDoc comments","messageBody":"","fileTypesAndContributionMap":{"java":{"insertions":56,"deletions":4}}},{"hash":"2a3c868b4a3f9e107b554ecf20cdb5ee0daddb08","isMergeCommit":true,"messageTitle":"Merge branch \u0027branch-A-JavaDoc\u0027","messageBody":"","tags":["A-CodingStandard"],"fileTypesAndContributionMap":{}},{"hash":"f454bfe43b8679186994d1530ff546eb90da7ccf","isMergeCommit":false,"messageTitle":"Add find command","messageBody":"","fileTypesAndContributionMap":{"java":{"insertions":44,"deletions":0}}},{"hash":"939f2d576fd403cc1d75aefd946dc66da11480ce","isMergeCommit":true,"messageTitle":"Merge branch \u0027branch-Level-9\u0027","messageBody":"","fileTypesAndContributionMap":{}},{"hash":"8c82a0997287bee26a11e0e1394213600e4ab0d7","isMergeCommit":false,"messageTitle":"Add find command","messageBody":"","fileTypesAndContributionMap":{"java":{"insertions":44,"deletions":0}}},{"hash":"e5a8b386790ac909929eb81fb02f8ee6f6c4402a","isMergeCommit":true,"messageTitle":"Merge branch \u0027branch-Level-9\u0027","messageBody":"","tags":["Level-9"],"fileTypesAndContributionMap":{}}]},{"date":"2026-02-01T00:00:00","commitResults":[{"hash":"74013403b61e024aec08a9cd8867aec9f4b0ec89","isMergeCommit":false,"messageTitle":"Add JavaDoc comments","messageBody":"","fileTypesAndContributionMap":{"java":{"insertions":56,"deletions":4}}},{"hash":"8df0bfabafe2f3ab42cdd1c6e0a596cbff266894","isMergeCommit":true,"messageTitle":"Merge branch \u0027branch-A-JavaDoc\u0027","messageBody":"","tags":["A-JavaDoc"],"fileTypesAndContributionMap":{}}]},{"date":"2026-02-05T00:00:00","commitResults":[{"hash":"70f3fad64278214b548ad4ce215b1971e9784660","isMergeCommit":false,"messageTitle":"Add GUI for CowPay","messageBody":"","tags":["Level-10"],"fileTypesAndContributionMap":{"gradle":{"insertions":17,"deletions":2},"txt":{"insertions":2,"deletions":0},"fxml":{"insertions":113,"deletions":0},"java":{"insertions":505,"deletions":14}}},{"hash":"bd823483b461f8a0e9a0ca5c70996d04a6d4966d","isMergeCommit":false,"messageTitle":"Fix Checkstyle issues","messageBody":"","tags":["A-CheckStyle"],"fileTypesAndContributionMap":{"java":{"insertions":28,"deletions":19}}}]},{"date":"2026-02-12T00:00:00","commitResults":[{"hash":"a7c80e6dc87a0a5fe9dab5f689fba664d0bd3d06","isMergeCommit":false,"messageTitle":"Add assertions to CowPay, TaskList, Storage, Parser","messageBody":"","fileTypesAndContributionMap":{"java":{"insertions":78,"deletions":0}}},{"hash":"18e0d1b5f0a79fefdbc340d673358328f79dd549","isMergeCommit":true,"messageTitle":"Merge pull request #1 from Kevin-129/branch-A-Assertions","messageBody":"Add assertions to CowPay, TaskList, Storage, Parser","tags":["A-Assertions"],"fileTypesAndContributionMap":{}}]},{"date":"2026-02-13T00:00:00","commitResults":[{"hash":"92172f27c00f2291e9a53d3304fe4071f9f952f1","isMergeCommit":false,"messageTitle":"Improve code quality for CowPay, Parser, Storage","messageBody":"CowPay repeats input checks and error messages across several commands,\nand code for file setup is duplicated in more than one place.\n\nDuplication makes the code easier to break\nwhen new changes are added.\n\nLet\u0027s move shared parsing and validation into common helper functions.\n\nThis keeps behavior consistent and makes future edits simpler because\nthere is less repeated logic to update.\n","tags":["A-FullCommitMessage"],"fileTypesAndContributionMap":{"txt":{"insertions":1,"deletions":1},"java":{"insertions":184,"deletions":113}}},{"hash":"8e28c632d2f5bad28ddcde374c49299ee7554aa2","isMergeCommit":true,"messageTitle":"Merge branch \u0027branch-A-CodeQuality\u0027","messageBody":"","tags":["A-CodeQuality"],"fileTypesAndContributionMap":{}},{"hash":"cd4ef452b01cec723e544e0fb3678301c1517ce6","isMergeCommit":false,"messageTitle":"Add reminder function","messageBody":"CowPay lists tasks but does not highlight the upcoming time-based tasks.\n\nUsers benefit from a quick view of deadlines and events that have not\npassed, so they can focus on what needs attention next.\n\nLet\u0027s add a reminder command that shows unfinished deadlines and events\nwhose /by or /from date-time is not before the current time.\n","tags":["BCD-Extension"],"fileTypesAndContributionMap":{"txt":{"insertions":5,"deletions":0},"java":{"insertions":116,"deletions":57}}}]}]},"authorFileTypeContributionMap":{"Kevin-129":{"java":1622,"md":0,"fxml":113,"sh":0,"bat":1,"gradle":18,"txt":209}},"authorContributionVariance":{"Kevin-129":43841.11},"authorDisplayNameMap":{"Kevin-129":"CS2103T-W13-2 KEVI..RICK"}}
