[{"path":"src/main/java/Meow.java","fileType":"java","lines":[{"lineNumber":1,"author":{"gitId":"KyiCode"},"content":"import java.util.ArrayList;","lastModifiedDate":"2026-01-22T21:04:40","isFullCredit":false},{"lineNumber":2,"author":{"gitId":"KyiCode"},"content":"import java.util.Objects;","lastModifiedDate":"2026-01-22T21:04:40","isFullCredit":false},{"lineNumber":3,"author":{"gitId":"KyiCode"},"content":"import java.util.Scanner;","lastModifiedDate":"2026-01-22T21:04:40","isFullCredit":false},{"lineNumber":4,"author":{"gitId":"KyiCode"},"content":"","lastModifiedDate":"2026-01-22T21:04:40","isFullCredit":false},{"lineNumber":5,"author":{"gitId":"KyiCode"},"content":"public class Meow {","lastModifiedDate":"2026-01-22T21:04:40","isFullCredit":false},{"lineNumber":6,"author":{"gitId":"KyiCode"},"content":"    public static void main(String[] args) {","lastModifiedDate":"2026-01-22T21:04:40","isFullCredit":false},{"lineNumber":7,"author":{"gitId":"KyiCode"},"content":"        Scanner sc \u003d new Scanner(System.in);","lastModifiedDate":"2026-01-22T23:15:07","isFullCredit":false},{"lineNumber":8,"author":{"gitId":"KyiCode"},"content":"","lastModifiedDate":"2026-01-22T21:04:40","isFullCredit":false},{"lineNumber":9,"author":{"gitId":"KyiCode"},"content":"        String intro \u003d","lastModifiedDate":"2026-01-22T21:04:40","isFullCredit":false},{"lineNumber":10,"author":{"gitId":"KyiCode"},"content":"                \"____________________________________________________________\\n\"","lastModifiedDate":"2026-01-22T21:04:40","isFullCredit":false},{"lineNumber":11,"author":{"gitId":"KyiCode"},"content":"                        + \"Hello! I\u0027m Meow\\n\"","lastModifiedDate":"2026-01-22T21:04:40","isFullCredit":false},{"lineNumber":12,"author":{"gitId":"KyiCode"},"content":"                        + \"What can I do for you?\\n\"","lastModifiedDate":"2026-01-22T21:04:40","isFullCredit":false},{"lineNumber":13,"author":{"gitId":"KyiCode"},"content":"                        + \"____________________________________________________________\\n\";","lastModifiedDate":"2026-01-22T21:04:40","isFullCredit":false},{"lineNumber":14,"author":{"gitId":"KyiCode"},"content":"        String outro \u003d","lastModifiedDate":"2026-01-22T21:04:40","isFullCredit":false},{"lineNumber":15,"author":{"gitId":"KyiCode"},"content":"                \"____________________________________________________________\\n\"","lastModifiedDate":"2026-01-22T21:04:40","isFullCredit":false},{"lineNumber":16,"author":{"gitId":"KyiCode"},"content":"                        + \"Bye. Hope to see you again soon!\\n\"","lastModifiedDate":"2026-01-22T21:04:40","isFullCredit":false},{"lineNumber":17,"author":{"gitId":"KyiCode"},"content":"                        + \"____________________________________________________________\";","lastModifiedDate":"2026-01-22T21:04:40","isFullCredit":false},{"lineNumber":18,"author":{"gitId":"KyiCode"},"content":"","lastModifiedDate":"2026-01-22T21:04:40","isFullCredit":false},{"lineNumber":19,"author":{"gitId":"KyiCode"},"content":"        System.out.println(intro);","lastModifiedDate":"2026-01-22T21:04:40","isFullCredit":false},{"lineNumber":20,"author":{"gitId":"KyiCode"},"content":"","lastModifiedDate":"2026-01-22T21:04:40","isFullCredit":false},{"lineNumber":21,"author":{"gitId":"KyiCode"},"content":"        while (sc.hasNext()) {","lastModifiedDate":"2026-01-22T21:04:40","isFullCredit":false},{"lineNumber":22,"author":{"gitId":"KyiCode"},"content":"            String text \u003d sc.nextLine();","lastModifiedDate":"2026-01-22T21:04:40","isFullCredit":false},{"lineNumber":23,"author":{"gitId":"KyiCode"},"content":"            String[] splittedText \u003d text.split(\" \");","lastModifiedDate":"2026-01-22T23:15:07","isFullCredit":false},{"lineNumber":24,"author":{"gitId":"KyiCode"},"content":"","lastModifiedDate":"2026-01-22T23:15:07","isFullCredit":false},{"lineNumber":25,"author":{"gitId":"KyiCode"},"content":"            if (text.equals(\"bye\")) {","lastModifiedDate":"2026-01-22T21:04:40","isFullCredit":false},{"lineNumber":26,"author":{"gitId":"KyiCode"},"content":"                System.out.println(outro);","lastModifiedDate":"2026-01-22T21:04:40","isFullCredit":false},{"lineNumber":27,"author":{"gitId":"KyiCode"},"content":"                break;","lastModifiedDate":"2026-01-22T21:04:40","isFullCredit":false},{"lineNumber":28,"author":{"gitId":"KyiCode"},"content":"            }","lastModifiedDate":"2026-01-22T21:04:40","isFullCredit":false},{"lineNumber":29,"author":{"gitId":"KyiCode"},"content":"","lastModifiedDate":"2026-01-22T21:04:40","isFullCredit":false},{"lineNumber":30,"author":{"gitId":"KyiCode"},"content":"            if (text.equals(\"list\")) {","lastModifiedDate":"2026-01-22T21:04:40","isFullCredit":false},{"lineNumber":31,"author":{"gitId":"KyiCode"},"content":"                Task.getTaskList();","lastModifiedDate":"2026-01-22T23:15:07","isFullCredit":false},{"lineNumber":32,"author":{"gitId":"KyiCode"},"content":"                continue;","lastModifiedDate":"2026-01-22T23:15:07","isFullCredit":false},{"lineNumber":33,"author":{"gitId":"KyiCode"},"content":"            }","lastModifiedDate":"2026-01-22T21:04:40","isFullCredit":false},{"lineNumber":34,"author":{"gitId":"KyiCode"},"content":"","lastModifiedDate":"2026-01-22T23:15:07","isFullCredit":false},{"lineNumber":35,"author":{"gitId":"KyiCode"},"content":"            if (splittedText[0].equals(\"mark\")) {","lastModifiedDate":"2026-01-22T23:15:07","isFullCredit":false},{"lineNumber":36,"author":{"gitId":"KyiCode"},"content":"                Task.markDone(Integer.parseInt(splittedText[1]));","lastModifiedDate":"2026-01-22T23:15:07","isFullCredit":false},{"lineNumber":37,"author":{"gitId":"KyiCode"},"content":"                continue;","lastModifiedDate":"2026-01-22T21:04:40","isFullCredit":false},{"lineNumber":38,"author":{"gitId":"KyiCode"},"content":"            }","lastModifiedDate":"2026-01-22T21:04:40","isFullCredit":false},{"lineNumber":39,"author":{"gitId":"KyiCode"},"content":"","lastModifiedDate":"2026-01-22T23:15:07","isFullCredit":false},{"lineNumber":40,"author":{"gitId":"KyiCode"},"content":"            if (splittedText[0].equals(\"unmark\")) {","lastModifiedDate":"2026-01-22T23:15:07","isFullCredit":false},{"lineNumber":41,"author":{"gitId":"KyiCode"},"content":"                Task.markUndone(Integer.parseInt(splittedText[1]));","lastModifiedDate":"2026-01-22T23:15:07","isFullCredit":false},{"lineNumber":42,"author":{"gitId":"KyiCode"},"content":"                continue;","lastModifiedDate":"2026-01-22T23:15:07","isFullCredit":false},{"lineNumber":43,"author":{"gitId":"KyiCode"},"content":"            }","lastModifiedDate":"2026-01-22T21:04:40","isFullCredit":false},{"lineNumber":44,"author":{"gitId":"KyiCode"},"content":"","lastModifiedDate":"2026-01-22T21:04:40","isFullCredit":false},{"lineNumber":45,"author":{"gitId":"KyiCode"},"content":"","lastModifiedDate":"2026-01-22T23:15:07","isFullCredit":false},{"lineNumber":46,"author":{"gitId":"KyiCode"},"content":"            Task task \u003d new Task(text);","lastModifiedDate":"2026-01-22T23:15:07","isFullCredit":false},{"lineNumber":47,"author":{"gitId":"KyiCode"},"content":"        }","lastModifiedDate":"2026-01-22T23:15:07","isFullCredit":false},{"lineNumber":48,"author":{"gitId":"KyiCode"},"content":"    }","lastModifiedDate":"2026-01-22T23:15:07","isFullCredit":false},{"lineNumber":49,"author":{"gitId":"KyiCode"},"content":"}","lastModifiedDate":"2026-01-22T21:04:40","isFullCredit":false},{"lineNumber":50,"author":{"gitId":"KyiCode"},"content":"","lastModifiedDate":"2026-01-22T23:15:07","isFullCredit":false},{"lineNumber":51,"author":{"gitId":"KyiCode"},"content":"class Task {","lastModifiedDate":"2026-01-22T21:04:40","isFullCredit":false},{"lineNumber":52,"author":{"gitId":"KyiCode"},"content":"    private String taskName;","lastModifiedDate":"2026-01-22T23:15:07","isFullCredit":false},{"lineNumber":53,"author":{"gitId":"KyiCode"},"content":"    private static ArrayList\u003cTask\u003e list \u003d new ArrayList\u003c\u003e();","lastModifiedDate":"2026-01-22T23:15:07","isFullCredit":false},{"lineNumber":54,"author":{"gitId":"KyiCode"},"content":"    private boolean done \u003d false;","lastModifiedDate":"2026-01-22T23:15:07","isFullCredit":false},{"lineNumber":55,"author":{"gitId":"KyiCode"},"content":"","lastModifiedDate":"2026-01-22T23:15:07","isFullCredit":false},{"lineNumber":56,"author":{"gitId":"KyiCode"},"content":"    public Task (String taskName) {","lastModifiedDate":"2026-01-22T23:15:07","isFullCredit":false},{"lineNumber":57,"author":{"gitId":"KyiCode"},"content":"        this.taskName \u003d taskName;","lastModifiedDate":"2026-01-22T23:15:07","isFullCredit":false},{"lineNumber":58,"author":{"gitId":"KyiCode"},"content":"        list.add(this);","lastModifiedDate":"2026-01-22T23:15:07","isFullCredit":false},{"lineNumber":59,"author":{"gitId":"KyiCode"},"content":"        System.out.println(\"added: \" + taskName);","lastModifiedDate":"2026-01-22T23:15:07","isFullCredit":false},{"lineNumber":60,"author":{"gitId":"KyiCode"},"content":"    }","lastModifiedDate":"2026-01-22T23:15:07","isFullCredit":false},{"lineNumber":61,"author":{"gitId":"KyiCode"},"content":"","lastModifiedDate":"2026-01-22T23:15:07","isFullCredit":false},{"lineNumber":62,"author":{"gitId":"KyiCode"},"content":"    public static void markDone(int taskIndex) {","lastModifiedDate":"2026-01-22T23:15:07","isFullCredit":false},{"lineNumber":63,"author":{"gitId":"KyiCode"},"content":"        Task task \u003d list.get(taskIndex - 1);","lastModifiedDate":"2026-01-22T23:15:07","isFullCredit":false},{"lineNumber":64,"author":{"gitId":"KyiCode"},"content":"        task.done \u003d true;","lastModifiedDate":"2026-01-22T23:15:07","isFullCredit":false},{"lineNumber":65,"author":{"gitId":"KyiCode"},"content":"        System.out.println(\"Nice! I\u0027ve marked this task as done: \\n\");","lastModifiedDate":"2026-01-22T23:15:07","isFullCredit":false},{"lineNumber":66,"author":{"gitId":"KyiCode"},"content":"        System.out.println(task.toString());","lastModifiedDate":"2026-01-22T23:15:07","isFullCredit":false},{"lineNumber":67,"author":{"gitId":"KyiCode"},"content":"    }","lastModifiedDate":"2026-01-22T23:15:07","isFullCredit":false},{"lineNumber":68,"author":{"gitId":"KyiCode"},"content":"","lastModifiedDate":"2026-01-22T23:15:07","isFullCredit":false},{"lineNumber":69,"author":{"gitId":"KyiCode"},"content":"    public static void markUndone(int taskIndex) {","lastModifiedDate":"2026-01-22T23:15:07","isFullCredit":false},{"lineNumber":70,"author":{"gitId":"KyiCode"},"content":"        Task task \u003d list.get(taskIndex - 1);","lastModifiedDate":"2026-01-22T23:15:07","isFullCredit":false},{"lineNumber":71,"author":{"gitId":"KyiCode"},"content":"        task.done \u003d false;","lastModifiedDate":"2026-01-22T23:15:07","isFullCredit":false},{"lineNumber":72,"author":{"gitId":"KyiCode"},"content":"        System.out.println(\"Nice! I\u0027ve marked this task as not done yet:\");","lastModifiedDate":"2026-01-22T23:15:07","isFullCredit":false},{"lineNumber":73,"author":{"gitId":"KyiCode"},"content":"        System.out.println(task.toString());","lastModifiedDate":"2026-01-22T23:15:07","isFullCredit":false},{"lineNumber":74,"author":{"gitId":"KyiCode"},"content":"    }","lastModifiedDate":"2026-01-22T23:15:07","isFullCredit":false},{"lineNumber":75,"author":{"gitId":"KyiCode"},"content":"","lastModifiedDate":"2026-01-22T23:15:07","isFullCredit":false},{"lineNumber":76,"author":{"gitId":"KyiCode"},"content":"    public static void getTaskList() {","lastModifiedDate":"2026-01-22T23:15:07","isFullCredit":false},{"lineNumber":77,"author":{"gitId":"KyiCode"},"content":"        int count \u003d 1;","lastModifiedDate":"2026-01-22T23:15:07","isFullCredit":false},{"lineNumber":78,"author":{"gitId":"KyiCode"},"content":"        for (Task x : list) {","lastModifiedDate":"2026-01-22T23:15:07","isFullCredit":false},{"lineNumber":79,"author":{"gitId":"KyiCode"},"content":"            System.out.println(count + \". \" + x.toString());","lastModifiedDate":"2026-01-22T23:15:07","isFullCredit":false},{"lineNumber":80,"author":{"gitId":"KyiCode"},"content":"            count++;","lastModifiedDate":"2026-01-22T23:15:07","isFullCredit":false},{"lineNumber":81,"author":{"gitId":"KyiCode"},"content":"        }","lastModifiedDate":"2026-01-22T23:15:07","isFullCredit":false},{"lineNumber":82,"author":{"gitId":"KyiCode"},"content":"    }","lastModifiedDate":"2026-01-22T23:15:07","isFullCredit":false},{"lineNumber":83,"author":{"gitId":"KyiCode"},"content":"","lastModifiedDate":"2026-01-22T21:04:40","isFullCredit":false},{"lineNumber":84,"author":{"gitId":"KyiCode"},"content":"    @Override","lastModifiedDate":"2026-01-22T23:15:07","isFullCredit":false},{"lineNumber":85,"author":{"gitId":"KyiCode"},"content":"    public String toString() {","lastModifiedDate":"2026-01-22T23:15:07","isFullCredit":false},{"lineNumber":86,"author":{"gitId":"KyiCode"},"content":"        String doneStatus \u003d \"[ ] \";","lastModifiedDate":"2026-01-22T23:15:07","isFullCredit":false},{"lineNumber":87,"author":{"gitId":"KyiCode"},"content":"        if (this.done) doneStatus \u003d \"[X] \";","lastModifiedDate":"2026-01-22T23:15:07","isFullCredit":false},{"lineNumber":88,"author":{"gitId":"KyiCode"},"content":"        return doneStatus + this.taskName;","lastModifiedDate":"2026-01-22T23:15:07","isFullCredit":false},{"lineNumber":89,"author":{"gitId":"KyiCode"},"content":"    }","lastModifiedDate":"2026-01-22T21:04:40","isFullCredit":false},{"lineNumber":90,"author":{"gitId":"KyiCode"},"content":"}","lastModifiedDate":"2026-01-22T21:04:40","isFullCredit":false}],"authorContributionMap":{"KyiCode":90}}]
