{"authorDailyContributionsMap":{"KyiCode":[{"date":"2026-01-22T00:00:00","commitResults":[{"hash":"716c03188c6a5540b5c8e46a8b2f5e7159c92935","isMergeCommit":false,"messageTitle":"level 3","messageBody":"","tags":["Level-2","Level-1","Level-0"],"fileTypesAndContributionMap":{"java":{"insertions":46,"deletions":10}}},{"hash":"886f82beee6fd929afeb9157d6ef292d5157ea8b","isMergeCommit":false,"messageTitle":"level3","messageBody":"","tags":["Level-3"],"fileTypesAndContributionMap":{"java":{"insertions":60,"deletions":16}}}]},{"date":"2026-01-23T00:00:00","commitResults":[{"hash":"fa842125a46a254b4eb1b12095fd53d53c27ff16","isMergeCommit":false,"messageTitle":"level 4","messageBody":"","tags":["level-4","Level-4"],"fileTypesAndContributionMap":{"java":{"insertions":76,"deletions":14}}},{"hash":"99a7052a76ba0cf5c876998db8b6010a2d4e1eb9","isMergeCommit":false,"messageTitle":"level 4","messageBody":"","tags":["A-TextUiTesting"],"fileTypesAndContributionMap":{"txt":{"insertions":9,"deletions":0},"java":{"insertions":1,"deletions":0},"bat":{"insertions":1,"deletions":1}}},{"hash":"8640592a72e0ae82ed3ce437725047aaa5fe12d1","isMergeCommit":false,"messageTitle":"level 5, exceptions","messageBody":"","tags":["Level-5"],"fileTypesAndContributionMap":{"txt":{"insertions":3,"deletions":0},"java":{"insertions":103,"deletions":44}}},{"hash":"8f41e670f81cea3a4f8f91c805179db861aaa883","isMergeCommit":false,"messageTitle":"level 6, delete function","messageBody":"","tags":["Level-6"],"fileTypesAndContributionMap":{"java":{"insertions":14,"deletions":0}}}]},{"date":"2026-01-29T00:00:00","commitResults":[{"hash":"660b5c94819a2c5394ebe582d294a70b2cfd221d","isMergeCommit":false,"messageTitle":"implement level 7 partially","messageBody":"","fileTypesAndContributionMap":{"java":{"insertions":76,"deletions":9}}},{"hash":"eb0c097cbc61511959c4b05e393f5ccaa668ed2f","isMergeCommit":false,"messageTitle":"separate classes","messageBody":"","fileTypesAndContributionMap":{"java":{"insertions":330,"deletions":226}}},{"hash":"2d5718978be26759d8a33fd7ed6a9644f66f3b26","isMergeCommit":false,"messageTitle":"implement level 7 fully","messageBody":"Design is partially enforced\n","fileTypesAndContributionMap":{"java":{"insertions":127,"deletions":59}}},{"hash":"34e3d2da8de94d0988d9b1a9ebabb991ce8094e3","isMergeCommit":false,"messageTitle":"implement try catch on meow","messageBody":"","fileTypesAndContributionMap":{"java":{"insertions":9,"deletions":8}}},{"hash":"dc4cc8109cc5f35074464f80e94def2785016a6c","isMergeCommit":true,"messageTitle":"Merge branch \u0027branch-Level-7\u0027","messageBody":"","tags":["Level-7"],"fileTypesAndContributionMap":{}},{"hash":"d8009df568611377740f3687f5a876d473c8b3a7","isMergeCommit":false,"messageTitle":"implement level 8 minimally","messageBody":"","fileTypesAndContributionMap":{"java":{"insertions":37,"deletions":24}}}]},{"date":"2026-01-30T00:00:00","commitResults":[{"hash":"611710eb0572731b9ad6e78bffa04089bec9f4b2","isMergeCommit":false,"messageTitle":"implement level 8 + deadline and event refactor","messageBody":"separated deadline and event relevant classes into their own files\n\nupdate input dates format for events and deadline\n\ncan be further changed\n","fileTypesAndContributionMap":{"txt":{"insertions":8,"deletions":1},"java":{"insertions":212,"deletions":87}}},{"hash":"8611e0209d24d3c9f0933d6f4081102bb6a19906","isMergeCommit":true,"messageTitle":"Merge branch \u0027branch-Level-8\u0027","messageBody":"","tags":["Level-8"],"fileTypesAndContributionMap":{}}]},{"date":"2026-01-31T00:00:00","commitResults":[{"hash":"6fd818368fb4fc06ad26440ac46a6619178e3136","isMergeCommit":false,"messageTitle":"add StringHelper class","messageBody":"","fileTypesAndContributionMap":{"java":{"insertions":123,"deletions":93},"bat":{"insertions":1,"deletions":1}}},{"hash":"91a84ad066213fcc02705fd45cae44e3b9dbf9e3","isMergeCommit":false,"messageTitle":"add more OOP to parser class, via StringHelper","messageBody":"","fileTypesAndContributionMap":{"java":{"insertions":50,"deletions":42}}},{"hash":"e7455dec8e9a9f0aa1588fd8e3f06cb988b8f303","isMergeCommit":false,"messageTitle":"move taskList.add function from individual task constructors to Parser class","messageBody":"","fileTypesAndContributionMap":{"java":{"insertions":5,"deletions":8}}},{"hash":"d3ec6d210e2fdb5de929ef024e1f92e5b0200f61","isMergeCommit":false,"messageTitle":"Improve OOP of all Tasks classes, Parser, TaskList and StringHelper. Add Storage class","messageBody":"","fileTypesAndContributionMap":{"txt":{"insertions":2,"deletions":2},"java":{"insertions":121,"deletions":255}}},{"hash":"fb907f1a2c5685ad9cc570a9e4f59fb11a18eefb","isMergeCommit":true,"messageTitle":"Merge branch \u0027branch-A-MoreOOP\u0027","messageBody":"","tags":["A-MoreOOP"],"fileTypesAndContributionMap":{}},{"hash":"ff50dada241678e89f3fbf3dbcbc5c68909e2406","isMergeCommit":false,"messageTitle":"separate the files into respective packages","messageBody":"","fileTypesAndContributionMap":{"java":{"insertions":136,"deletions":65}}},{"hash":"1ed27c12ed09f4ea4d2eae363db98e76da996041","isMergeCommit":true,"messageTitle":"Merge branch \u0027branch-A-Packages\u0027","messageBody":"","tags":["A-Packages"],"fileTypesAndContributionMap":{}},{"hash":"64ed8d18539c647b9d64ffb4e5ee4e6503dcf98f","isMergeCommit":true,"messageTitle":"Merge branch \u0027add-gradle-support\u0027","messageBody":"","tags":["A-Gradle"],"fileTypesAndContributionMap":{}},{"hash":"3e42643381013932b886e8fb3573ea26ebf07c8d","isMergeCommit":false,"messageTitle":"add gradle","messageBody":"","fileTypesAndContributionMap":{"gradle":{"insertions":2,"deletions":1}}},{"hash":"e5fc752b3bb5ad15042595e015561a1aab26a451","isMergeCommit":false,"messageTitle":"implement test cases partially","messageBody":"","tags":["A-Jar"],"fileTypesAndContributionMap":{"gradle":{"insertions":1,"deletions":1},"txt":{"insertions":0,"deletions":0},"java":{"insertions":94,"deletions":0}}},{"hash":"01a494f254d0fcf4baa46c2e6a174974aef54255","isMergeCommit":false,"messageTitle":"add find task feature","messageBody":"","tags":["Level-9"],"fileTypesAndContributionMap":{"java":{"insertions":24,"deletions":4}}}]},{"date":"2026-02-02T00:00:00","commitResults":[{"hash":"3c082330212b164eecb9477300ffeb69d1bdb44e","isMergeCommit":false,"messageTitle":"add javadoc documentation","messageBody":"","tags":["A-JavaDoc"],"fileTypesAndContributionMap":{"java":{"insertions":249,"deletions":6}}},{"hash":"ea664debd3975802acaaad1d1c18bb3c21e39cbc","isMergeCommit":false,"messageTitle":"add junit test for parser class","messageBody":"","tags":["A-JUnit"],"fileTypesAndContributionMap":{"java":{"insertions":138,"deletions":0}}}]},{"date":"2026-02-06T00:00:00","commitResults":[{"hash":"2b3a6f70a1477a69f9d2bea717f84cb71bd1423f","isMergeCommit":false,"messageTitle":"fix completion status of loaded tasks from storage file bug","messageBody":"","fileTypesAndContributionMap":{"java":{"insertions":21,"deletions":9}}}]},{"date":"2026-02-07T00:00:00","commitResults":[{"hash":"06129aaee696f352b32daae6da411ccb936b8c03","isMergeCommit":false,"messageTitle":"add additional testing methods for task classes","messageBody":"","fileTypesAndContributionMap":{"java":{"insertions":197,"deletions":121}}},{"hash":"e0fd6ee9ee4d2cb249010fa85cb61636fbec3b70","isMergeCommit":false,"messageTitle":"add additional testing methods for Parser class","messageBody":"","fileTypesAndContributionMap":{"java":{"insertions":67,"deletions":22}}},{"hash":"4b1dc4adc8fcc571eb8b4735ce8e3bede652379f","isMergeCommit":false,"messageTitle":"edit code to comply with coding standard","messageBody":"","fileTypesAndContributionMap":{"java":{"insertions":105,"deletions":77}}},{"hash":"a26a70baf06e8b77ca7ec2b330d89d3d651aedf4","isMergeCommit":true,"messageTitle":"Merge branch \u0027branch-A-CodingStandard\u0027","messageBody":"","tags":["A-CodingStandard"],"fileTypesAndContributionMap":{}}]}]},"authorFileTypeContributionMap":{"KyiCode":{"java":1232,"md":0,"fxml":0,"sh":0,"bat":1,"gradle":3,"txt":19}},"authorContributionVariance":{"KyiCode":70741.43},"authorDisplayNameMap":{"KyiCode":"CS2103T-F10-4 CHUA.. JUN"}}
