{"authorDailyContributionsMap":{"jarrensan":[{"date":"2026-01-22T00:00:00","commitResults":[{"hash":"12fe413d5c52f75c70e28786a5645aaca68e9fc0","isMergeCommit":false,"messageTitle":"Add gretting and exit","messageBody":"","tags":["Level-0"],"fileTypesAndContributionMap":{"java":{"insertions":5,"deletions":6}}}]}]},"authorFileTypeContributionMap":{"jarrensan":{"java":5,"md":0,"fxml":0,"sh":0,"bat":0,"gradle":0,"txt":0}},"authorContributionVariance":{"jarrensan":8.025511},"authorDisplayNameMap":{"jarrensan":"SAN ..RREN"}}
