{"authorDailyContributionsMap":{"jarrensan":[{"date":"2026-01-22T00:00:00","commitResults":[{"hash":"12fe413d5c52f75c70e28786a5645aaca68e9fc0","isMergeCommit":false,"messageTitle":"Add gretting and exit","messageBody":"","tags":["Level-0"],"fileTypesAndContributionMap":{"java":{"insertions":5,"deletions":6}}},{"hash":"7576bfbcd17d5cc5a997a81e95f5239e04a68772","isMergeCommit":false,"messageTitle":"Add support for echo","messageBody":"","tags":["Level-1"],"fileTypesAndContributionMap":{"java":{"insertions":16,"deletions":3}}},{"hash":"df75552cb0c09f9e24f2bab5a49f0ce32d073e64","isMergeCommit":false,"messageTitle":"Add support for list","messageBody":"","tags":["Level-2"],"fileTypesAndContributionMap":{"java":{"insertions":12,"deletions":1}}},{"hash":"eaef29a1ac04a2954f7694db9b53b657ca42b499","isMergeCommit":false,"messageTitle":"Format code and added mark as done","messageBody":"","tags":["Level-3"],"fileTypesAndContributionMap":{"java":{"insertions":104,"deletions":33}}}]},{"date":"2026-01-23T00:00:00","commitResults":[{"hash":"253820d4485e0ff3b2c5c3dfe1177550af979d0b","isMergeCommit":false,"messageTitle":"Added Event, Todo, and Deadline Class, Handled Errors","messageBody":"","tags":["Level-5"],"fileTypesAndContributionMap":{"java":{"insertions":176,"deletions":48}}},{"hash":"3a768ed7e2c56c582d830e98ddfeb7736f50c688","isMergeCommit":false,"messageTitle":"Implemented todo, event, and deadline methods","messageBody":"","tags":["Level-4"],"fileTypesAndContributionMap":{"java":{"insertions":83,"deletions":30}}},{"hash":"12dc1d56de91b0e67af82608cdaac2b3c3e5408e","isMergeCommit":false,"messageTitle":"automated text ui testing","messageBody":"","tags":["A-TextUiTesting"],"fileTypesAndContributionMap":{"txt":{"insertions":13,"deletions":0},"bat":{"insertions":1,"deletions":1}}},{"hash":"bd3aa0865189a91e18cad9ec1befd1553be864f1","isMergeCommit":false,"messageTitle":"added delete command","messageBody":"","tags":["Level-6"],"fileTypesAndContributionMap":{"java":{"insertions":23,"deletions":1}}}]},{"date":"2026-01-29T00:00:00","commitResults":[{"hash":"60c8588df6cc27da98700c0a40f0fa442b13fbd3","isMergeCommit":false,"messageTitle":"Fix code indentations","messageBody":"","fileTypesAndContributionMap":{"java":{"insertions":44,"deletions":44}}}]},{"date":"2026-01-30T00:00:00","commitResults":[{"hash":"da6b39f0aed23eaadf413cbba0ce84371df773a5","isMergeCommit":false,"messageTitle":"Add Storage class","messageBody":"","fileTypesAndContributionMap":{"java":{"insertions":100,"deletions":3}}},{"hash":"03adb85b9b56a0115b7afe5e84d8df5a7a76559a","isMergeCommit":false,"messageTitle":"Add Read and Write to file","messageBody":"","fileTypesAndContributionMap":{"java":{"insertions":38,"deletions":10}}},{"hash":"f92cb4e9c828388261c61edfb6485e8147cb8aea","isMergeCommit":false,"messageTitle":"Change DateTiem field to LocalDate","messageBody":"","fileTypesAndContributionMap":{"java":{"insertions":61,"deletions":24}}},{"hash":"05ed3d9c68dd1a021b25c2dd45fa2716bdc827ab","isMergeCommit":true,"messageTitle":"Merge branch \u0027branch-level-7\u0027","messageBody":"","tags":["Level-7"],"fileTypesAndContributionMap":{}},{"hash":"32b667d6fdf0fb1ead1fb43dc816fd5d24ef7642","isMergeCommit":true,"messageTitle":"Merge branch \u0027branch-level-8\u0027","messageBody":"","tags":["Level-8"],"fileTypesAndContributionMap":{}}]},{"date":"2026-01-31T00:00:00","commitResults":[{"hash":"988544a15dd15cff470d9a69d3492c788c100181","isMergeCommit":false,"messageTitle":"Add Ui class","messageBody":"","fileTypesAndContributionMap":{"java":{"insertions":68,"deletions":9}}},{"hash":"bf33a375515b26dbeac559ba9d564454da810b9f","isMergeCommit":false,"messageTitle":"Organise classes into packages","messageBody":"","tags":["A-Packages"],"fileTypesAndContributionMap":{"java":{"insertions":250,"deletions":163}}}]},{"date":"2026-02-01T00:00:00","commitResults":[{"hash":"7af4f9ffe04b39abc563481441ad609597a41985","isMergeCommit":false,"messageTitle":"Refactor classes","messageBody":"","tags":["A-MoreOOP"],"fileTypesAndContributionMap":{"txt":{"insertions":1,"deletions":0},"java":{"insertions":335,"deletions":187}}},{"hash":"f0009d232dd58d58ad2c70ff45cf4290c48dc5e1","isMergeCommit":true,"messageTitle":"Merge tag \u0027A-MoreOOP\u0027","messageBody":"","fileTypesAndContributionMap":{}},{"hash":"2c7bad27f09b29faf74e7039dfc0d86a979573df","isMergeCommit":true,"messageTitle":"Merge branch \u0027add-gradle-support\u0027","messageBody":"","tags":["A-Gradle"],"fileTypesAndContributionMap":{}},{"hash":"8111f22d75a332763e00c72eb6c0b8154868214f","isMergeCommit":false,"messageTitle":"Fix code indentations","messageBody":"","fileTypesAndContributionMap":{"gradle":{"insertions":7,"deletions":2},"java":{"insertions":55,"deletions":44}}},{"hash":"e439381b75b117a9fb0b87c4ad2ebb8a4bf122cf","isMergeCommit":false,"messageTitle":"Add test files","messageBody":"","fileTypesAndContributionMap":{"java":{"insertions":773,"deletions":0}}},{"hash":"a884e0d92af383d5916c75ef3f1a0fb194431c34","isMergeCommit":false,"messageTitle":"Add JUnit Tests","messageBody":"","fileTypesAndContributionMap":{"java":{"insertions":140,"deletions":738}}},{"hash":"07d75a5316a11bc25e67821b1788a4f98f8250bc","isMergeCommit":false,"messageTitle":"Change JUnit tests","messageBody":"","fileTypesAndContributionMap":{"java":{"insertions":5,"deletions":8}}},{"hash":"2e29867b2c121604a5239af5c177b07c9b8f4457","isMergeCommit":true,"messageTitle":"Merge branch \u0027add-junit\u0027","messageBody":"","tags":["A-JUnit"],"fileTypesAndContributionMap":{}},{"hash":"6341aa8479a0d8bd0a7f43163186820b66080378","isMergeCommit":false,"messageTitle":"Add jar file","messageBody":"","tags":["A-Jar"],"fileTypesAndContributionMap":{"java":{"insertions":45,"deletions":42}}},{"hash":"8b17aaddb3169c45bbeced919e89debf2a93fe04","isMergeCommit":false,"messageTitle":"Add JavaDocs","messageBody":"","fileTypesAndContributionMap":{"java":{"insertions":260,"deletions":53}}},{"hash":"6c914588596640d98a8912963f3f31f46f26dafa","isMergeCommit":true,"messageTitle":"Merge branch \u0027branch-A-Java-Doc\u0027","messageBody":"","tags":["A-JavaDoc"],"fileTypesAndContributionMap":{}},{"hash":"5ccd6acc6d9beb45f7abc43d913fcd0b2b54ea94","isMergeCommit":false,"messageTitle":"Fix code to comply with coding standards","messageBody":"","tags":["A-CodingStandard"],"fileTypesAndContributionMap":{"java":{"insertions":41,"deletions":46}}},{"hash":"e4bf4b4dc6af7fa3b9f74104e8a7bc6c40900ab3","isMergeCommit":false,"messageTitle":"Add find feature","messageBody":"","fileTypesAndContributionMap":{"java":{"insertions":56,"deletions":12}}},{"hash":"23d99c02d059db3bf24bc4a46c89b0c3cae056a5","isMergeCommit":true,"messageTitle":"Merge branch \u0027branch-level-9\u0027","messageBody":"","tags":["Level-9"],"fileTypesAndContributionMap":{}}]},{"date":"2026-02-06T00:00:00","commitResults":[{"hash":"a87c4ad519ebbaffc19a172e02da42a7122d3b8e","isMergeCommit":false,"messageTitle":"Fix code to comply with coding standards","messageBody":"","tags":["A-CheckStyle"],"fileTypesAndContributionMap":{"gradle":{"insertions":15,"deletions":3},"java":{"insertions":97,"deletions":68}}}]},{"date":"2026-02-07T00:00:00","commitResults":[{"hash":"16ad3ca3e4b6f0812d19db415abef7610607fb35","isMergeCommit":false,"messageTitle":"Add JavaFX","messageBody":"","fileTypesAndContributionMap":{"fxml":{"insertions":0,"deletions":0},"java":{"insertions":84,"deletions":4}}}]}]},"authorFileTypeContributionMap":{"jarrensan":{"java":1304,"md":0,"fxml":0,"sh":0,"bat":1,"gradle":21,"txt":14}},"authorContributionVariance":{"jarrensan":265624.88},"authorDisplayNameMap":{"jarrensan":"CS2103-T11-2 SAN ..RREN"}}
