{"authorDailyContributionsMap":{"panjx-7339":[{"date":"2026-01-21T00:00:00","commitResults":[{"hash":"14c864f8e2677a3a62b6756508567f1f378db01d","isMergeCommit":false,"messageTitle":"chore: rename chatbot to Penguin","messageBody":"","fileTypesAndContributionMap":{"java":{"insertions":35,"deletions":10},"bat":{"insertions":1,"deletions":1},"sh":{"insertions":1,"deletions":1},"md":{"insertions":1,"deletions":1}}},{"hash":"1d94fcde0a4ae37c9711942e012b79fea87f1571","isMergeCommit":false,"messageTitle":"feat: echo user commands","messageBody":"","fileTypesAndContributionMap":{"java":{"insertions":20,"deletions":1}}}]}]},"authorFileTypeContributionMap":{"panjx-7339":{"java":54,"md":1,"fxml":0,"sh":1,"bat":1,"gradle":0,"txt":0}},"authorContributionVariance":{"panjx-7339":368.0947},"authorDisplayNameMap":{"panjx-7339":"PAN ..NXIA"}}
