{"authorDailyContributionsMap":{"Ethan-Shum":[{"date":"2026-01-22T00:00:00","commitResults":[{"hash":"8343556e2e63a9c1c42b01d6fbdd3ebf813e4ac8","isMergeCommit":false,"messageTitle":"Level-0","messageBody":"","tags":["Level-0"],"fileTypesAndContributionMap":{"java":{"insertions":11,"deletions":10}}},{"hash":"847e5d0a3b9970f8e023d3144c902b990ba0d755","isMergeCommit":false,"messageTitle":"Level-1","messageBody":"","tags":["Level-1"],"fileTypesAndContributionMap":{"java":{"insertions":17,"deletions":3}}},{"hash":"5ea3b7f8d4d562442380c5fce63b943e988f65de","isMergeCommit":false,"messageTitle":"Level-2","messageBody":"","tags":["Level-2"],"fileTypesAndContributionMap":{"java":{"insertions":38,"deletions":9}}}]},{"date":"2026-01-23T00:00:00","commitResults":[{"hash":"07b352f43cd0a924b6c7fd22c9e6b4a4e1bfcfb6","isMergeCommit":false,"messageTitle":"Level-3","messageBody":"","tags":["Level-3"],"fileTypesAndContributionMap":{"java":{"insertions":92,"deletions":8}}}]}]},"authorFileTypeContributionMap":{"Ethan-Shum":{"java":138,"md":0,"fxml":0,"sh":0,"bat":0,"gradle":0,"txt":0}},"authorContributionVariance":{"Ethan-Shum":1025.8489},"authorDisplayNameMap":{"Ethan-Shum":"SHUM..-TIN"}}
