{"authorDailyContributionsMap":{"yytelliot":[{"date":"2026-01-21T00:00:00","commitResults":[{"hash":"73adb58b0ec66d7f65207d531a6510d8a7ab16be","isMergeCommit":false,"messageTitle":"Level-0: Rename, Greet, Exit","messageBody":"","tags":["Level-0"],"fileTypesAndContributionMap":{"java":{"insertions":13,"deletions":10}}},{"hash":"39c8203ae22b3e77ef213a76378a24c4eaa23721","isMergeCommit":false,"messageTitle":"Level-1: Echo","messageBody":"","tags":["Level-1"],"fileTypesAndContributionMap":{"java":{"insertions":41,"deletions":6}}},{"hash":"c95257b64cf675ea87e4fc56bdd96e5c66b66e6e","isMergeCommit":false,"messageTitle":"Level-2: Add, List","messageBody":"","tags":["Level-2"],"fileTypesAndContributionMap":{"java":{"insertions":106,"deletions":12}}},{"hash":"3d6668c6e6ad83ad1023e32df82f24e1a1436fbd","isMergeCommit":false,"messageTitle":"Level-3: Mark as Done","messageBody":"","tags":["Level-3"],"fileTypesAndContributionMap":{"java":{"insertions":94,"deletions":6}}},{"hash":"638096cbd7ef00e7711daf61580c8f07643ea768","isMergeCommit":false,"messageTitle":"refactor: Move classes into pookie packages","messageBody":"","fileTypesAndContributionMap":{"java":{"insertions":31,"deletions":0}}},{"hash":"01448b520de9770b781b39058429893a6f2ab0a4","isMergeCommit":false,"messageTitle":"Level-4: Add todo, deadline, event task types","messageBody":"Implemented Task types (todo, deadline, event) as subclasses and parsing for /by and /from /to formats.\nAddCommand now supports more task types.\nTask has been refactored into an abstract class. Tasks now have to be of a certain type. Raw Tasks are no longer supported.\n","tags":["Level-4"],"fileTypesAndContributionMap":{"java":{"insertions":226,"deletions":20}}}]},{"date":"2026-01-22T00:00:00","commitResults":[{"hash":"e7b08e98c4023ebf37f16dc2f78e478478d9622a","isMergeCommit":false,"messageTitle":"Added unit tests","messageBody":"Added semi automated text UI testing for pookie and updated the runtest scripts\nfor windows and unix. Added sample input and EXPECTED output.\n","tags":["A-TextUiTesting"],"fileTypesAndContributionMap":{"txt":{"insertions":11,"deletions":0},"bat":{"insertions":12,"deletions":3},"sh":{"insertions":13,"deletions":6}}},{"hash":"99caf43ecd01a220b614ffbe96e3be413fae70bc","isMergeCommit":false,"messageTitle":"Level 5: Fix AddCommand parsing error messages","messageBody":"Parse /by, /from, /to as tokens so missing/empty fields produce the correct\nspecific error messages instead of falling back to the generic one.\nAdd new Task#getDescription method to task to support updated parsing.\n","tags":["Level-5"],"fileTypesAndContributionMap":{"java":{"insertions":30,"deletions":18}}},{"hash":"ffd2a52579da32e91c6a4acb7a7628715bcc8faf","isMergeCommit":false,"messageTitle":"Add PookieException","messageBody":"Throw PookieException when user inputs an invalid command.\nUpdate test case to to reflect Pookie\u0027s new error messages.\nUpdate format for printing task when a task is added.\n","tags":["A-Exceptions"],"fileTypesAndContributionMap":{"java":{"insertions":50,"deletions":20}}},{"hash":"5f23b70f6b9751bb34f1779d2b829aa406b49cd2","isMergeCommit":false,"messageTitle":"Update MarkCommand and UnmarkCommand","messageBody":"Update MarkCommand and UnmarkCommand to throw PookieException\n","fileTypesAndContributionMap":{"java":{"insertions":12,"deletions":12}}},{"hash":"9574b7f49663fad9d0f6e826b54b352225000f67","isMergeCommit":false,"messageTitle":"Fix missing PookieException import in mark/unmark","messageBody":"","fileTypesAndContributionMap":{"java":{"insertions":10,"deletions":7}}},{"hash":"dddaebefb72d0e2525688182db6ff5ffb0b28947","isMergeCommit":false,"messageTitle":"Level-6: Add support for delete command","messageBody":"Add DeleteCommand class.\nRefactor TaskList to use ArrayList, replacing aray-based task storage for easier\nadd/remove operations.\nAdd TaskList#deleteTask to remove a task by index.\n","tags":["Level-6","A-Collections"],"fileTypesAndContributionMap":{"java":{"insertions":49,"deletions":3}}},{"hash":"3fa5aeb18107c189d96d8bb92b3c8c4e96da3ea2","isMergeCommit":false,"messageTitle":"Add delete command support in Parser","messageBody":"Add handling of delete command in Parser\nUpdate input and EXPECTED test cases for delete command\n","fileTypesAndContributionMap":{"txt":{"insertions":4,"deletions":0},"java":{"insertions":8,"deletions":2}}}]}]},"authorFileTypeContributionMap":{"yytelliot":{"java":564,"md":0,"fxml":0,"sh":11,"bat":12,"gradle":0,"txt":15}},"authorContributionVariance":{"yytelliot":24451.658},"authorDisplayNameMap":{"yytelliot":"YONG..LIOT"}}
