{"authorDailyContributionsMap":{"e1384467":[{"date":"2026-01-20T00:00:00","commitResults":[{"hash":"bc3cc17a26f0a32b6e179b8e432e878d337efc7f","isMergeCommit":false,"messageTitle":"Change chatbot name to Jerry and removed all traces of Duke","messageBody":"","tags":["Level-0"],"fileTypesAndContributionMap":{"java":{"insertions":10,"deletions":10}}},{"hash":"54bf5c85e4504eb3893513abef368fe34bc6938f","isMergeCommit":false,"messageTitle":"Added Echo feature to Jerry class","messageBody":"Jerry will now echo back whatever the user types.\n","tags":["Level-1"],"fileTypesAndContributionMap":{"java":{"insertions":17,"deletions":0}}},{"hash":"09c2e3bf0b453c1746c6ebf61954c95fdd6c3785","isMergeCommit":false,"messageTitle":"Added support for a list of task in Jerry class","messageBody":"Added a taskList ArrayList variable to hold all the tasks\n\nAdded a printList() method to print the current tasks\n\nChange the previous echo method name to addTask, and modified it to add\nthe user\u0027s task\n\nMinor changes/addition:\n- added second keyword, \u0027list\u0027. This is the keyword by the\nuser to list out the tasks\n- change addTask() and printList() to be instance method, thus a\n  constructor is needed for jerry\n\nJerry can now add task inputted by the user to an ArrayList and display\nback that list to the user\n","tags":["Level-2"],"fileTypesAndContributionMap":{"java":{"insertions":33,"deletions":3}}},{"hash":"4a4e63854ed163364ff7244469a1acb9ea93baf1","isMergeCommit":false,"messageTitle":"Added new class called Task and methods that support it","messageBody":"Task contains a description of the task and a boolean value to track if\nthe task has been done or not\n\ntoggleIsDone() method to change the isDone value of the task\n\ngetStatusIcone() method returns an icon depending on isDone value\n","fileTypesAndContributionMap":{"java":{"insertions":17,"deletions":0}}},{"hash":"41c46df3431221945f5856841d571f56b79469dd","isMergeCommit":false,"messageTitle":"Parse userInput and use swtich statement over if statements in Jerry class","messageBody":"Changes:\n- parsing userInput into words, the first word is the command\n- use swtich statement to switch between user commands.\n\nRationale:\nNow that more complex commands are introduced, userInput has to be\nsplit such that the userCommand can be extracted and we know that the\ncommand is the first word. Switch statement is used as it is cleaner.\n\nWhat else to do:\n- implement the addTask() method as the default case\n- implement the markTask() and unmarkTask() methods\n","fileTypesAndContributionMap":{"java":{"insertions":30,"deletions":19}}},{"hash":"34d87024d13daeaaddfa7f322f5bc6da74e98033","isMergeCommit":false,"messageTitle":"Implemented addTask() method and change type parameter of ArrayList","messageBody":"Changes:\n- Change type parameter of ArrayList to be Task\n- Implemented addTask() method and use it as the default command\n\nRationale:\n- Task class is created therefore the type parameter of ArrayList needs\n  to be change to Task. Since each Task, now, needs to hold a state\n\nWhat else to do:\n- implement Mark and Unmark commands\n- slight modification to printList to follow the type parameter of the\n  ArrayList\n","fileTypesAndContributionMap":{"java":{"insertions":11,"deletions":4}}},{"hash":"b0920f4a32317e431891513663db15bd11e3db35","isMergeCommit":false,"messageTitle":"Implemented both Mark and unmark commands","messageBody":"Changes:\n- added markTask() and unmarkTask() method to handle their respective\n  commands\n- added a getTask() method\n\nRationale:\n- the getTask() method is added so the code isnt repeated 2 times in\n  each of the markTask() and unmarkTask() method and also it isolates\n  the errors that Integer.parseInt() will throw.\n\nwhat else to do:\n- change printList() so that it prints the StatusIcon of each task\n","fileTypesAndContributionMap":{"java":{"insertions":25,"deletions":2}}}]},{"date":"2026-01-21T00:00:00","commitResults":[{"hash":"4b7b60337efb6bf1d83470c7fc79c8582a9659dd","isMergeCommit":false,"messageTitle":"Fix bug where Mark/Unmark command is off by 1 and add printTask()","messageBody":"Changes:\n- Mark/Unmarked was off by 1 index, fixed by minusing 1\n- added printTask() into Task class\n- minor fixes to the formatting of some System.out.println messages\n\nRationale:\n- printTask() is added for better encapsulation\n","fileTypesAndContributionMap":{"java":{"insertions":17,"deletions":3}}},{"hash":"c9d53e0b168be90cd84ed38dddf052d2d50dc653","isMergeCommit":false,"messageTitle":"Change printTask() to toString() in Task class","messageBody":"Changes:\n- printTask() method renamed to toString()\n- minor formatting of printing\n\nRationale:\n- toString() is cleaner as i do not have to call it\n","fileTypesAndContributionMap":{"java":{"insertions":9,"deletions":8}}},{"hash":"96bac86f34538685c1d7150c48d0995d93fba629","isMergeCommit":false,"messageTitle":"Add empty ToDo.java file","messageBody":"","fileTypesAndContributionMap":{"java":{"insertions":0,"deletions":0}}},{"hash":"0aaacf5b78438d0c29655c048c31e2725dd1624c","isMergeCommit":false,"messageTitle":"Add empty Deadline.java file","messageBody":"","fileTypesAndContributionMap":{"java":{"insertions":0,"deletions":0}}},{"hash":"12f4321a43d12325635618f9bfc557a3194198e3","isMergeCommit":false,"messageTitle":"Add empty Events.java file","messageBody":"","fileTypesAndContributionMap":{"java":{"insertions":0,"deletions":0}}},{"hash":"19a0576ad4e1f4a045172ff518e105dc114738ad","isMergeCommit":false,"messageTitle":"Implemented Deadline class","messageBody":"Changes:\n- Extends Task because a Deadline is a task\n- Added \"by\" attribute\n- Added constructor that calls the parent\u0027s constructor\n- Override toString()\n","fileTypesAndContributionMap":{"java":{"insertions":15,"deletions":0}}},{"hash":"7b6a43a64bf2b6a5ce37918ea16c8c28639d5081","isMergeCommit":false,"messageTitle":"Implemented ToDo class","messageBody":"Changes:\n- Extends Task class as ToDo is a task\n- Create constructor for it that calls Task\u0027s constructor\n- Override toString()\n","fileTypesAndContributionMap":{"java":{"insertions":11,"deletions":0}}},{"hash":"1ebdd75121c2575f82b6371db0fb5f407400309b","isMergeCommit":false,"messageTitle":"Implemented Events class","messageBody":"Changes:\n- Extends Task as Events is a task\n- Added 2 attributes: to and from attributes\n- Override toString()\n","fileTypesAndContributionMap":{"java":{"insertions":17,"deletions":0}}},{"hash":"fc6463c8424eefea68bdb683efeb785c102b2d77","isMergeCommit":false,"messageTitle":"Minor formatting of addTask() output","messageBody":"","tags":["Level-3"],"fileTypesAndContributionMap":{"java":{"insertions":3,"deletions":3}}},{"hash":"862b30d3757beed2ff21c10835a2f1b914af3110","isMergeCommit":false,"messageTitle":"Make Task class abstract","messageBody":"Rationale:\n- this is so that there will not be any accidental \"new Task()\" and only\n  allows the 3 types of Tasks to be used only\n","fileTypesAndContributionMap":{"java":{"insertions":1,"deletions":1}}},{"hash":"163c8c10cb3854f0b4c4aa06b984eade1273e6b6","isMergeCommit":false,"messageTitle":"Added Todo command feature in Jerry class","messageBody":"Changes:\n- dismantle the previous addTask() method into 2 separated methods : 1 for printing\n  and 1 for adding\n- the printing method is shared by all 3 types of Tasks\n- Added addToDoTask() method, to specifically do \"new ToDo()\"\n","fileTypesAndContributionMap":{"java":{"insertions":20,"deletions":5}}},{"hash":"d01a3fd1e13939ba89803f66678d797eb90e76b2","isMergeCommit":false,"messageTitle":"Added Deadline command feature in Jerry class","messageBody":"","fileTypesAndContributionMap":{"java":{"insertions":19,"deletions":2}}},{"hash":"ec624d1279385b5180bc33ce3fce3e4a7e82438a","isMergeCommit":false,"messageTitle":"Minor renaming and cleaning for cleaner code","messageBody":"","fileTypesAndContributionMap":{"java":{"insertions":5,"deletions":6}}},{"hash":"e42fbe7847bbd87f956c5224f457dfb603237adc","isMergeCommit":false,"messageTitle":"Minor renaming of Event classname and filename","messageBody":"","fileTypesAndContributionMap":{"java":{"insertions":2,"deletions":2}}},{"hash":"cd72c8470c6a32657dc1e2baa971ac9eb21eece4","isMergeCommit":false,"messageTitle":"Added Event command feature in Jerry class","messageBody":"","tags":["Level-4"],"fileTypesAndContributionMap":{"java":{"insertions":21,"deletions":6}}},{"hash":"ae15125df0a4cfa568d0bbe5b9e428741b7e5ea1","isMergeCommit":false,"messageTitle":"Added inputs and expected outputs to useability","messageBody":"Changes:\n- added typical and correct usage of commands by a user\n- added the expected outputs for those inputs\n- tested all commands and worked\n- did not test edge cases yet\n\nwhat to do next:\n- write edge cases\n","fileTypesAndContributionMap":{"txt":{"insertions":22,"deletions":0},"bat":{"insertions":1,"deletions":1}}},{"hash":"6a72c7330dce9c1c8d83f734d18e4b0517dd46fc","isMergeCommit":false,"messageTitle":"Added invalid commands edge case","messageBody":"Changes:\n- added invalid commands by user e.g. spelling mistake, not a command\n\nwhat to do next:\n- output a more detail message to handle invalid command error\n","fileTypesAndContributionMap":{"txt":{"insertions":37,"deletions":0},"bat":{"insertions":2,"deletions":2}}},{"hash":"e88fdd99e490af567dff8ae202f6fbdafdc75ef5","isMergeCommit":false,"messageTitle":"Added DukeException class","messageBody":"","fileTypesAndContributionMap":{"java":{"insertions":5,"deletions":0}}},{"hash":"2d1f3f6b79734706db2d39b34ab9f3277fca5a4f","isMergeCommit":false,"messageTitle":"Added and handled InvalidCommandException","messageBody":"Changes:\n- added InvalidCommandException as a subclass exception of DukeExcepttion\n- modified Jerry class to handle it\n\nThis exception is Duke specific\n","fileTypesAndContributionMap":{"java":{"insertions":58,"deletions":36}}},{"hash":"7acf1e765b9d47643e6a0d2c862955aee9fd0424","isMergeCommit":false,"messageTitle":"Modified Expected-invalid-commands.txt to better suit the updated exception output","messageBody":"","fileTypesAndContributionMap":{"txt":{"insertions":113,"deletions":8}}},{"hash":"477b86a6712b42e017024d7434ce2fef5f72ca52","isMergeCommit":false,"messageTitle":"Added EmptyInput as a subclass of InvalidCommand exception","messageBody":"Previously when user enters \" \" or \"\", it will result in InvalidCommand\nand ArrayIndexOutOfBound exceptions. I decided to classify these 2 input\nas EmptyInput and made it a subclass of InvalidCommand so it will also output\nthe COMMAND_LIST to show the user what commands there are.\n\nChanges:\n- Added EmptyInputException Class\n- Modified userInput to trim out start and end whitespaces so that i can\n  classify \"\" and \" \" as EmptyInputs\n- Made COMMAND_LIST in InvalidCommandException class\n","fileTypesAndContributionMap":{"java":{"insertions":34,"deletions":20}}},{"hash":"a2919f09d65ad9bdfbbfcff75d53734b8c0c2e25","isMergeCommit":false,"messageTitle":"Added a emptyInput test case into input-Invalid-commands.txt","messageBody":"","fileTypesAndContributionMap":{"txt":{"insertions":17,"deletions":0},"java":{"insertions":1,"deletions":1}}},{"hash":"9a3933fb2e8308cb1b83312d0623754eb83eb9e0","isMergeCommit":false,"messageTitle":"Handled mark/unmark missing argument","messageBody":"Changes:\n- Added a MissingArgumentException class to catch missing arguments\n- modified existing code to work with new exception\n","fileTypesAndContributionMap":{"java":{"insertions":20,"deletions":7}}},{"hash":"d6586e1a888b8cb1d9492ba32fda5f6386177a17","isMergeCommit":false,"messageTitle":"Handled repeated un/marking of the same task","messageBody":"Changes:\n- added RepeatedActionsException class to help handle cases where user\n  mistakenly mark or unmark the same task more than once\n- modified existing code to work with new exception\n","fileTypesAndContributionMap":{"java":{"insertions":15,"deletions":6}}},{"hash":"cd7afb5716d8024d57871c4f710991c2a245ca35","isMergeCommit":false,"messageTitle":"Handled un/mark exceptions caused by Integer.parseInt or Array bounds","messageBody":"Changes:\n- Added WrongArgumentException class to deal with NumberFormatException\n  when the argument is not a number and IndexOutOfBoundsException when\n  the argument exceeds the ArrayList bounds\n","fileTypesAndContributionMap":{"java":{"insertions":38,"deletions":22}}}]},{"date":"2026-01-22T00:00:00","commitResults":[{"hash":"24caffa8887e27d63fc1c3935cf5c771bfdc3f0a","isMergeCommit":false,"messageTitle":"Modified InvalidCommands test cases to only be for that exception","messageBody":"Changes:\n- removed un/mark commands that are not related to InvalidCommands\n- changed the corresponding Excpected.txt file as a result\n- implemented .bat to run all input.txt file instead of 1 by 1\n","fileTypesAndContributionMap":{"txt":{"insertions":27,"deletions":4},"java":{"insertions":1,"deletions":2},"bat":{"insertions":8,"deletions":1}}},{"hash":"0058b4193739219d3b474832429f9721c74cfb93","isMergeCommit":false,"messageTitle":"Added un/marked commands edge test cases and expected output","messageBody":"","fileTypesAndContributionMap":{"txt":{"insertions":67,"deletions":0}}},{"hash":"515b9478522638779eb1c4ea0d06d61f8385b385","isMergeCommit":false,"messageTitle":"Handled todo command missing argument exception","messageBody":"","fileTypesAndContributionMap":{"java":{"insertions":5,"deletions":1}}},{"hash":"e18da787116eb9d51929cc097080fd2f87536c90","isMergeCommit":false,"messageTitle":"Added edge test cases for todo and deadline","messageBody":"This is to observe the actual output and exceptions throw by java so\nthat i can handle each case\n","fileTypesAndContributionMap":{"txt":{"insertions":9,"deletions":0},"bat":{"insertions":3,"deletions":0}}},{"hash":"23cd472f92ae5a28d25d0aefa218c9ccd578dc39","isMergeCommit":false,"messageTitle":"Handled and added more deadline command edge test cases","messageBody":"Changes:\n- the /by keyword unique to deadline command is now non case sensitve\n- missing arguments of the deadline command is also handled\n\nMaking the /by keyword non-case sensitive makes it easier to handle the\nedge cases of it and better user experience so as user will not keep\nrunning into errors over small things\n","fileTypesAndContributionMap":{"txt":{"insertions":52,"deletions":0},"java":{"insertions":16,"deletions":7},"bat":{"insertions":4,"deletions":2}}},{"hash":"c65f727e8de971e1961dae24427d68a9fea59bbf","isMergeCommit":false,"messageTitle":"Added edge test cases for event command","messageBody":"","fileTypesAndContributionMap":{"txt":{"insertions":12,"deletions":1}}},{"hash":"d62b80854afbe27c5ac51376590db866ad2dbd80","isMergeCommit":false,"messageTitle":"Handled event command edge cases","messageBody":"Changes:\n- the keywords, /from /to, are now non case sensitive\n- added the corresponding expected file too\n","fileTypesAndContributionMap":{"txt":{"insertions":1,"deletions":0},"java":{"insertions":18,"deletions":9}}},{"hash":"a11ede0417bf183275982c9720fe9d0b6edb4c61","isMergeCommit":false,"messageTitle":"Gave each jerry exception their own unique message","messageBody":"","fileTypesAndContributionMap":{"java":{"insertions":14,"deletions":22}}},{"hash":"e23b249c126bdacbf735344917aa45c445a80442","isMergeCommit":false,"messageTitle":"Renamed DukeException.java to JerryException.java","messageBody":"","tags":["Level-5"],"fileTypesAndContributionMap":{"java":{"insertions":10,"deletions":10}}},{"hash":"8724e5e20c50c63893019bf2405180c68d2220b3","isMergeCommit":false,"messageTitle":"Modified Expected outputs as i changed some output messages","messageBody":"","tags":["A-TextUiTesting"],"fileTypesAndContributionMap":{"txt":{"insertions":62,"deletions":16},"bat":{"insertions":1,"deletions":1}}},{"hash":"ca0d1bfac21a82d1f5452a2b15183c3f64622b75","isMergeCommit":false,"messageTitle":"spelling mistake in unmark message output","messageBody":"","fileTypesAndContributionMap":{"txt":{"insertions":2,"deletions":2},"java":{"insertions":1,"deletions":1}}},{"hash":"d02db718e65c678afcf3e9f421616d08d76af978","isMergeCommit":false,"messageTitle":"Implemented delete command and handled its exceptions","messageBody":"Changes:\n- delete command exceptions are handled by existing exception handlers\n- added deleteTask() method\n","fileTypesAndContributionMap":{"java":{"insertions":17,"deletions":2}}},{"hash":"19cf4f16b410c729225f8af97be615a05808f653","isMergeCommit":false,"messageTitle":"Modifed Expected files as a result of a new command","messageBody":"","fileTypesAndContributionMap":{"txt":{"insertions":22,"deletions":0},"java":{"insertions":2,"deletions":0}}},{"hash":"ca40152f761c81d79a5c1834dbc2bff3379670ae","isMergeCommit":false,"messageTitle":"Added edge test cases for delete command and expected output for it","messageBody":"","tags":["Level-6"],"fileTypesAndContributionMap":{"txt":{"insertions":40,"deletions":0},"java":{"insertions":1,"deletions":1},"bat":{"insertions":3,"deletions":0}}},{"hash":"d3906b2712ba9ebd17d866cf08e4e098b669aa55","isMergeCommit":false,"messageTitle":"Implemented Enums for commands","messageBody":"Changes:\n- Added new Commands Enum file\n- a getCommand method to return the specific Command\n- moved the default throwing of InvalidCommandException to enum class\n","tags":["A-Enums"],"fileTypesAndContributionMap":{"java":{"insertions":33,"deletions":23}}}]},{"date":"2026-01-26T00:00:00","commitResults":[{"hash":"a979c1410238f9bbeeb19fffe82fb489102a4775","isMergeCommit":false,"messageTitle":"Implement Initialise method in Storage class","messageBody":"","fileTypesAndContributionMap":{"java":{"insertions":40,"deletions":10}}},{"hash":"754b93f7638cd2abd2d31ef81c92406e22b3dae1","isMergeCommit":false,"messageTitle":"Implement Parser class to parse file and user commands","messageBody":"","fileTypesAndContributionMap":{"java":{"insertions":50,"deletions":1}}},{"hash":"744bee06d2fb14d308b7c8272a7f2ecb3b88d378","isMergeCommit":false,"messageTitle":"Add constructor overloads to accept isDone flag","messageBody":"","fileTypesAndContributionMap":{"java":{"insertions":20,"deletions":0}}},{"hash":"ec2668dfb1355b4c087bfecc7be66af9848df50d","isMergeCommit":false,"messageTitle":"Fix string comparison using equalsIgnoreCase()","messageBody":"","fileTypesAndContributionMap":{"java":{"insertions":2,"deletions":2}}},{"hash":"939fa3bd0ff3d88b6b0a2dfaa876fe618b7dc010","isMergeCommit":false,"messageTitle":"Fix typo in delimiter in Parser.java","messageBody":"","fileTypesAndContributionMap":{"java":{"insertions":2,"deletions":2}}}]},{"date":"2026-01-28T00:00:00","commitResults":[{"hash":"591e36c402b1bf8998276d949c780f2df1360979","isMergeCommit":false,"messageTitle":"Add Storage.save() method to write taskList to file","messageBody":"","fileTypesAndContributionMap":{"java":{"insertions":33,"deletions":25}}},{"hash":"4888e280db2b05df7b35e0cb2b529f1f62faae36","isMergeCommit":false,"messageTitle":"Implement abstract fileFormat() for task save formait","messageBody":"","fileTypesAndContributionMap":{"java":{"insertions":22,"deletions":0}}},{"hash":"fb0698ff9074d3d7686d616734d464a77960d25e","isMergeCommit":false,"messageTitle":"Implement missing file and file error exceptions","messageBody":"","fileTypesAndContributionMap":{"java":{"insertions":35,"deletions":15}}},{"hash":"c5e044ffcc83ffa839370158ac6559e5351b674f","isMergeCommit":false,"messageTitle":"Centralise all command parsing in Parser.java","messageBody":"","fileTypesAndContributionMap":{"java":{"insertions":114,"deletions":115}}},{"hash":"4994ab3fc4551dd772a7baf2c7e95af5dee0d2ff","isMergeCommit":false,"messageTitle":"Update task file format to pipe-delimited","messageBody":"Switch to a pipe-delimited save format to simplify parsing logic.\nThis reduces string splitting complexity and removes the need\nfor command-specific delimiters, resulting in shorter and\nclearer parsing code.\n","fileTypesAndContributionMap":{"java":{"insertions":61,"deletions":75}}},{"hash":"9b7568f75aee5148fa21c3c1da406914f2e68931","isMergeCommit":false,"messageTitle":"Disallow pipe character in task descriptions","messageBody":"Prevent users from entering the \u0027|\u0027 character in task inputs,\nas it is reserved as the file delimiter. This avoids malformed\nsave files and keeps the parsing logic simple.\n","fileTypesAndContributionMap":{"java":{"insertions":9,"deletions":0}}},{"hash":"7ad22f0098e77166fb9ede0acaaa1f7bcd19038c","isMergeCommit":true,"messageTitle":"Merge branch \u0027branch-Level-7\u0027","messageBody":"","tags":["Level-7"],"fileTypesAndContributionMap":{}},{"hash":"f0f6aa4c7542426808aa24d4dc42851242007960","isMergeCommit":false,"messageTitle":"Handle data/ directory not existing exception","messageBody":"","fileTypesAndContributionMap":{"java":{"insertions":19,"deletions":5}}},{"hash":"b2f087ad1b7628ab511fe4004894fc4bb4045fed","isMergeCommit":false,"messageTitle":"Handle corrupt Jerry.txt file when parsing","messageBody":"","fileTypesAndContributionMap":{"java":{"insertions":33,"deletions":21}}}]},{"date":"2026-01-29T00:00:00","commitResults":[{"hash":"d40da8d8feb81bc35924219e2e76104614dc7b98","isMergeCommit":false,"messageTitle":"Add LocalDateTime support to deadline command","messageBody":"","fileTypesAndContributionMap":{"java":{"insertions":26,"deletions":11}}},{"hash":"371ea934ed95b88533a0ec6d97d92b542ea52cd5","isMergeCommit":false,"messageTitle":"Add LocalDateTime support to Event command","messageBody":"","fileTypesAndContributionMap":{"java":{"insertions":50,"deletions":30}}},{"hash":"bffa3a2675c76b6a4f8db3f3fc6b197d6eb16b5e","isMergeCommit":true,"messageTitle":"Merge branch \u0027branch-Level-8\u0027","messageBody":"","tags":["Level-8"],"fileTypesAndContributionMap":{}},{"hash":"43af6681fd733f5d0edc777e40df21b22dc47e46","isMergeCommit":false,"messageTitle":"Extract UI responsibilities into Ui class","messageBody":"","fileTypesAndContributionMap":{"java":{"insertions":100,"deletions":49}}},{"hash":"49b8e5a1d798ed12a81f622f36fa2b80c0520d64","isMergeCommit":false,"messageTitle":"Extract task list logic into TaskList class","messageBody":"","fileTypesAndContributionMap":{"java":{"insertions":115,"deletions":97}}},{"hash":"c3f5d3abf5b8698c0177f382790a367186af7528","isMergeCommit":false,"messageTitle":"Handle corrupted save file by resetting task data","messageBody":"","fileTypesAndContributionMap":{"java":{"insertions":34,"deletions":16}}},{"hash":"a72a504f40d0d7a6db8e9c14d0417eb58c58ae0d","isMergeCommit":true,"messageTitle":"Merge branch \u0027branch-A-MoreOOP\u0027","messageBody":"","tags":["A-MoreOOP"],"fileTypesAndContributionMap":{}},{"hash":"b06ac12b211a56ae08dbc4cdebdb75ca4fe815cd","isMergeCommit":false,"messageTitle":"Refactor: move classes into jerry.* packages","messageBody":"","tags":["A-Packages"],"fileTypesAndContributionMap":{"java":{"insertions":89,"deletions":26}}},{"hash":"2b2c03fc95414419524029b5cb54f7f17b3595dc","isMergeCommit":true,"messageTitle":"Merge branch \u0027add-gradle-support\u0027","messageBody":"","tags":["A-Gradle"],"fileTypesAndContributionMap":{}},{"hash":"1dc1c69d443d95c0db741267365ad5922ed9bc7c","isMergeCommit":false,"messageTitle":"Implement checkstyle in gradle","messageBody":"","fileTypesAndContributionMap":{"gradle":{"insertions":7,"deletions":1}}},{"hash":"4606e9b350fdbcc8ef87bf81128ea5fa247bbaca","isMergeCommit":false,"messageTitle":"Add unit tests for Parser methods","messageBody":"","fileTypesAndContributionMap":{"java":{"insertions":277,"deletions":0}}},{"hash":"e30bf8ad5647767647711794ec48bca5d4271c67","isMergeCommit":false,"messageTitle":"Add unit tests for Commands methods","messageBody":"","fileTypesAndContributionMap":{"java":{"insertions":48,"deletions":0}}},{"hash":"43c3954f6271322c6709040b24adca1af250d585","isMergeCommit":false,"messageTitle":"Add unit tests for TaskList methods","messageBody":"","fileTypesAndContributionMap":{"java":{"insertions":140,"deletions":0}}},{"hash":"e4f652da1ffcaeb0eca5f7c0b499119aad96c341","isMergeCommit":true,"messageTitle":"Merge branch \u0027branch-A-JUnit\u0027","messageBody":"","tags":["A-JUnit"],"fileTypesAndContributionMap":{}},{"hash":"5ea4526ea45c328e6bd2908f4709be3aa6cc083e","isMergeCommit":false,"messageTitle":"Change shadowJar archiveBaseNmae and archiveFileName","messageBody":"","tags":["A-Jar"],"fileTypesAndContributionMap":{"gradle":{"insertions":2,"deletions":1}}},{"hash":"ccde053a4e75e24307d99483b0f5501512f18f35","isMergeCommit":false,"messageTitle":"Add Javadoc for Jerry class","messageBody":"","fileTypesAndContributionMap":{"java":{"insertions":19,"deletions":0}}},{"hash":"fe6f849f6cf3fb0d34c79bd28ceb1f9f04cf819f","isMergeCommit":false,"messageTitle":"Add Javadoc for Commands class","messageBody":"","fileTypesAndContributionMap":{"java":{"insertions":12,"deletions":0}}},{"hash":"e358be5ed3d61eca0e92be394a591eaf060a3463","isMergeCommit":false,"messageTitle":"Add Javadoc for all classes in jerry.exceptions package","messageBody":"","fileTypesAndContributionMap":{"java":{"insertions":86,"deletions":2}}},{"hash":"f7990b5bdf1f2c6b184cb30e7d8d17838c1928fe","isMergeCommit":false,"messageTitle":"Add Javadoc for Parser class","messageBody":"","fileTypesAndContributionMap":{"java":{"insertions":46,"deletions":1}}},{"hash":"e13e69c077cac7a9f9ad7eeb070335529909c600","isMergeCommit":false,"messageTitle":"Add Javadoc for Storage class","messageBody":"","fileTypesAndContributionMap":{"java":{"insertions":18,"deletions":0}}},{"hash":"270301dcb7b3b035dc22c0fbaaabebd7e4c823b9","isMergeCommit":false,"messageTitle":"Add Javadoc for all classes in jerry.task package","messageBody":"","fileTypesAndContributionMap":{"java":{"insertions":211,"deletions":16}}},{"hash":"8dfd3f769a5f48b3e312003aa8004770d4ba363f","isMergeCommit":false,"messageTitle":"Add Javadoc for Ui class","messageBody":"","fileTypesAndContributionMap":{"java":{"insertions":59,"deletions":2}}},{"hash":"b19dbd37f50a458ae7f021d8aeccbf59b8df5bb1","isMergeCommit":false,"messageTitle":"Update exception type in TaskListTest class","messageBody":"","fileTypesAndContributionMap":{"java":{"insertions":1,"deletions":1}}},{"hash":"2e52ae9728005a5b8f02480e8d37489cba44da79","isMergeCommit":true,"messageTitle":"Merge branch \u0027branch-A-JavaDoc\u0027","messageBody":"","tags":["A-JavaDoc"],"fileTypesAndContributionMap":{}},{"hash":"df9ba61de799399d3c4cc9c8aa95416656068dad","isMergeCommit":false,"messageTitle":"Fix all style check issues","messageBody":"","fileTypesAndContributionMap":{"java":{"insertions":271,"deletions":214}}},{"hash":"4254299f7306fc5e332251264b7ffe70efdcecb1","isMergeCommit":true,"messageTitle":"Merge branch \u0027branch-A-CodingStandard\u0027","messageBody":"","fileTypesAndContributionMap":{}},{"hash":"4f225ae0e489f2755afad4d73d42a7de8cb1bc2e","isMergeCommit":false,"messageTitle":"Fix Javadoc style check issues","messageBody":"","tags":["A-CodingStandard"],"fileTypesAndContributionMap":{"java":{"insertions":18,"deletions":9}}}]},{"date":"2026-01-30T00:00:00","commitResults":[{"hash":"f553adda8c1cd41bd0bdf5788e65753a9e9d370b","isMergeCommit":false,"messageTitle":"Implement Find command","messageBody":"","fileTypesAndContributionMap":{"java":{"insertions":28,"deletions":1}}},{"hash":"4333b14f9aeec839d2727e7be0ee6ec6796aea83","isMergeCommit":true,"messageTitle":"Merge branch \u0027branch-Level-9\u0027","messageBody":"","tags":["Level-9"],"fileTypesAndContributionMap":{}},{"hash":"32fb1ce883946219f8f6728f20d4397ebdffd0ea","isMergeCommit":false,"messageTitle":"Add Javadoc for Find command methods","messageBody":"","fileTypesAndContributionMap":{"java":{"insertions":32,"deletions":3}}},{"hash":"85aaa129fc158184e2176d4c8eee6cfe41b05b73","isMergeCommit":false,"messageTitle":"Fix CommandsTest error by updating expected value","messageBody":"","fileTypesAndContributionMap":{"java":{"insertions":2,"deletions":0}}}]},{"date":"2026-02-04T00:00:00","commitResults":[{"hash":"bd6ef54990e6165cbcb7a1dec5c6420a176fe144","isMergeCommit":false,"messageTitle":"Implement case-insensitve matching for Find command","messageBody":"","fileTypesAndContributionMap":{"java":{"insertions":1,"deletions":1}}}]},{"date":"2026-02-05T00:00:00","commitResults":[{"hash":"1e859f1edb043cc0465f3c6aa209eb4aae353852","isMergeCommit":false,"messageTitle":"Update build.gradle dependencies for java FX","messageBody":"","fileTypesAndContributionMap":{"gradle":{"insertions":15,"deletions":0}}},{"hash":"5525158123760bd63c89d368d9dba1d27a50bc9c","isMergeCommit":false,"messageTitle":"Implement JavaFX","messageBody":"","fileTypesAndContributionMap":{"gradle":{"insertions":1,"deletions":1},"fxml":{"insertions":35,"deletions":0},"java":{"insertions":318,"deletions":168}}},{"hash":"16432b608179d70bd192a5e58e7cc503546d83c3","isMergeCommit":true,"messageTitle":"Merge branch \u0027branch-Level-10\u0027","messageBody":"","tags":["Level-10"],"fileTypesAndContributionMap":{}},{"hash":"c4fdf2b6bfedefbbea2898d80c8798f31968de48","isMergeCommit":false,"messageTitle":"Rename Duke references to Jerry in README.md","messageBody":"","fileTypesAndContributionMap":{"md":{"insertions":2,"deletions":6}}},{"hash":"e6f1cc6290d8c2504cd01bd7176d973a5d535ab5","isMergeCommit":false,"messageTitle":"Rename variable and method names following PR review","messageBody":"","fileTypesAndContributionMap":{"java":{"insertions":13,"deletions":13}}}]},{"date":"2026-02-10T00:00:00","commitResults":[{"hash":"11df12e13b731fda2adc4ec472e430f7297d9559","isMergeCommit":false,"messageTitle":"Configure build.gradle for executable JAR","messageBody":"","fileTypesAndContributionMap":{"gradle":{"insertions":1,"deletions":2}}},{"hash":"e40fd6fab0ce0baca93337611f6271c2a6913fb9","isMergeCommit":false,"messageTitle":"Add assertions for TaskList.java","messageBody":"","fileTypesAndContributionMap":{"gradle":{"insertions":1,"deletions":0},"java":{"insertions":12,"deletions":5}}},{"hash":"2f66744ee8332e34ebec0c343db32f830264ba3f","isMergeCommit":false,"messageTitle":"Add assertions for Parser.java","messageBody":"","fileTypesAndContributionMap":{"java":{"insertions":2,"deletions":0}}}]},{"date":"2026-02-11T00:00:00","commitResults":[{"hash":"05685aa0a4c432f0acb6c1ff1404496343c3c528","isMergeCommit":false,"messageTitle":"Parser: Extract date time format constants","messageBody":"","fileTypesAndContributionMap":{"java":{"insertions":10,"deletions":6}}},{"hash":"e7eef0ce52008d2aae116324f4bfb1a8497c3a61","isMergeCommit":false,"messageTitle":"Parser: Refactor parseDeadline method","messageBody":"","fileTypesAndContributionMap":{"java":{"insertions":21,"deletions":16}}},{"hash":"02a1b9559ee391651094e44f1dc428f2be0bf7ce","isMergeCommit":false,"messageTitle":"Parser: Refine /by delimiter handling","messageBody":"","fileTypesAndContributionMap":{"java":{"insertions":2,"deletions":7}}},{"hash":"49a4408020158b3397bc67804a9d130a942cbddd","isMergeCommit":false,"messageTitle":"Parser: Refactor parseEvent method","messageBody":"","fileTypesAndContributionMap":{"java":{"insertions":26,"deletions":24}}},{"hash":"95d20b86b19531be46546fb39afba28b5d96fed4","isMergeCommit":false,"messageTitle":"Parser: Centralise no pipe character validation","messageBody":"","fileTypesAndContributionMap":{"java":{"insertions":9,"deletions":11}}},{"hash":"8daffeed59d3b6e6148a9dd97e5235db18499670","isMergeCommit":false,"messageTitle":"Parser: Refactor loadTasksFromFile method","messageBody":"","fileTypesAndContributionMap":{"java":{"insertions":23,"deletions":24}}},{"hash":"0a9dcb8351c3167c1921c733b0e10bd507f6437b","isMergeCommit":false,"messageTitle":"Storage: Centralise validation of data directory","messageBody":"","fileTypesAndContributionMap":{"java":{"insertions":25,"deletions":35}}},{"hash":"2e0c67ad51228ff90f45c5371667b66dc17e444d","isMergeCommit":false,"messageTitle":"Parser: Rename extracted to parseTaskFromLine","messageBody":"","fileTypesAndContributionMap":{"java":{"insertions":2,"deletions":2}}},{"hash":"1121f344f31bca2ee50b9333721010ed0446fe54","isMergeCommit":false,"messageTitle":"Commands: Implement abstract execute method","messageBody":"Execution logic for each command is currently handled in\nthe Jerry class using switch-case statements.\n\nThis reduces extensibility, as adding a new command\nrequires modifying Jerry.\n\nIntroduce an abstract execute() method in the Commands\nenum and implement it for each constant.\n","tags":["A-FullCommitMessage"],"fileTypesAndContributionMap":{"java":{"insertions":89,"deletions":9}}}]},{"date":"2026-02-12T00:00:00","commitResults":[{"hash":"598f8f9d8c17258b435528f3c8aadf344c71a3b9","isMergeCommit":false,"messageTitle":"Jerry: Delegate command execution to Commands","messageBody":"Jerry handles command execution using switch-case\nstatements.\n\nThis centralizes execution responsibility in Jerry and\nreduces extensibility, as adding a new command requires\nmodifying the switch-case statements.\n\nDelegate execution to Commands.execute() and move\ncommand keyword and argument parsing into the Parser\nclass to improve separation of concerns.\n","fileTypesAndContributionMap":{"java":{"insertions":35,"deletions":71}}},{"hash":"85bbfd4779cb830b48a81c871702ed6f874e6614","isMergeCommit":false,"messageTitle":"Jerry: Restore exit handling using isExit","messageBody":"Jerry delegates command execution to Commands and does not\nupdate its isExit state.\n\nThis causes the program to never terminate on BYE and\nregresses the previous switch-case behavior.\n\nAdd an isExit attribute to Commands and use it in Jerry to\nupdate termination state during command execution.\n","fileTypesAndContributionMap":{"java":{"insertions":27,"deletions":12}}},{"hash":"96758f7df2f7da1069a02052a44b5ae27ec9393b","isMergeCommit":false,"messageTitle":"Refactor: Move welcomeText() to Ui","messageBody":"The welcomeText() method is implemented in\nJerry, which mixes presentation logic with application\ncontrol logic.\n\nMove welcomeText() into the Ui class to improve\nseparation of concerns and keep presentation\nresponsibilities within Ui.\n","fileTypesAndContributionMap":{"java":{"insertions":12,"deletions":11}}},{"hash":"6a95932f98cd005b97b574a1e27e8cf2560fedab","isMergeCommit":false,"messageTitle":"Refactor: Use stream for find filtering","messageBody":"The find method currently uses an indexed for-loop to\nfilter matching tasks.\n\nReplace the loop with a stream-based implementation to\nimprove readability and express filtering intent more\nclearly.\n","fileTypesAndContributionMap":{"java":{"insertions":6,"deletions":6}}},{"hash":"bd43a7dc6ec930a3ad127b8f1d4e79bbc0d35c7f","isMergeCommit":false,"messageTitle":"Refactor: Use stream to display list","messageBody":"","fileTypesAndContributionMap":{"java":{"insertions":7,"deletions":11}}},{"hash":"95967bb256dfa7bcf2fe7a4ddbfe4b2ffe4cf419","isMergeCommit":true,"messageTitle":"Merge pull request #1 from e1384467/branch-A-Assertions","messageBody":"Branch-A-Assertions","tags":["A-Assertions"],"fileTypesAndContributionMap":{}},{"hash":"ba30db712b82db62a8448ca0c53dddcf939c18bc","isMergeCommit":true,"messageTitle":"Merge branch \u0027master\u0027 into branch-A-CodeQuality","messageBody":"","fileTypesAndContributionMap":{}},{"hash":"c6131941c5f3fddf980a1f282c0717c7e124826c","isMergeCommit":true,"messageTitle":"Merge branch \u0027master\u0027 into branch-A-Streams","messageBody":"","fileTypesAndContributionMap":{}},{"hash":"24a4bd12025dfa127bb0c330b7c926179ca206e2","isMergeCommit":true,"messageTitle":"Merge pull request #3 from e1384467/branch-A-CodeQuality","messageBody":"Branch-A-CodeQuality","tags":["A-CodeQuality"],"fileTypesAndContributionMap":{}},{"hash":"2a0da46340fb73bdd0c138121a80fdcf13384afc","isMergeCommit":true,"messageTitle":"Merge branch \u0027master\u0027 into branch-A-Streams","messageBody":"","fileTypesAndContributionMap":{}},{"hash":"736be44e891f670b991471edc1fb4d7e356ca1aa","isMergeCommit":true,"messageTitle":"Merge pull request #2 from e1384467/branch-A-Streams","messageBody":"Branch-A-Streams","tags":["A-Streams"],"fileTypesAndContributionMap":{}},{"hash":"8750be4088755a2560cb5e12f69f32177666e7fb","isMergeCommit":false,"messageTitle":"Detect and reject duplicate tasks on add","messageBody":"","tags":["BCD-Extension"],"fileTypesAndContributionMap":{"java":{"insertions":90,"deletions":26}}},{"hash":"c8ca1744d84bf06458fbf68f9ff63ee9ad41129d","isMergeCommit":false,"messageTitle":"Remove unused code","messageBody":"","fileTypesAndContributionMap":{"java":{"insertions":2,"deletions":13}}}]}]},"authorFileTypeContributionMap":{"e1384467":{"java":1978,"md":2,"fxml":35,"sh":0,"bat":16,"gradle":25,"txt":452}},"authorContributionVariance":{"e1384467":148811.6},"authorDisplayNameMap":{"e1384467":"CS2103-F11-4 LIM ..ANDY"}}
