[{"path":"README.md","fileType":"md","lines":[{"lineNumber":1,"author":{"gitId":"shrievarshanbaskar"},"content":"# fozza.Fozza project template","lastModifiedDate":"2026-01-29T00:20:14","isFullCredit":false},{"lineNumber":2,"author":{"gitId":"-"},"content":"","lastModifiedDate":"2020-05-25T00:03:55","isFullCredit":false},{"lineNumber":3,"author":{"gitId":"-"},"content":"This is a project template for a greenfield Java project. It\u0027s named after the Java mascot _Duke_. Given below are instructions on how to use it.","lastModifiedDate":"2020-05-25T00:03:55","isFullCredit":false},{"lineNumber":4,"author":{"gitId":"-"},"content":"","lastModifiedDate":"2020-05-25T00:03:55","isFullCredit":false},{"lineNumber":5,"author":{"gitId":"-"},"content":"## Setting up in Intellij","lastModifiedDate":"2020-05-25T00:03:55","isFullCredit":false},{"lineNumber":6,"author":{"gitId":"-"},"content":"","lastModifiedDate":"2020-05-25T00:03:55","isFullCredit":false},{"lineNumber":7,"author":{"gitId":"-"},"content":"Prerequisites: JDK 17, update Intellij to the most recent version.","lastModifiedDate":"2024-07-11T16:50:14","isFullCredit":false},{"lineNumber":8,"author":{"gitId":"-"},"content":"","lastModifiedDate":"2020-05-25T00:03:55","isFullCredit":false},{"lineNumber":9,"author":{"gitId":"-"},"content":"1. Open Intellij (if you are not in the welcome screen, click `File` \u003e `Close Project` to close the existing project first)","lastModifiedDate":"2021-01-17T12:25:53","isFullCredit":false},{"lineNumber":10,"author":{"gitId":"-"},"content":"1. Open the project into Intellij as follows:","lastModifiedDate":"2021-01-17T12:25:53","isFullCredit":false},{"lineNumber":11,"author":{"gitId":"-"},"content":"   1. Click `Open`.","lastModifiedDate":"2021-01-17T12:25:53","isFullCredit":false},{"lineNumber":12,"author":{"gitId":"-"},"content":"   1. Select the project directory, and click `OK`.","lastModifiedDate":"2021-01-17T12:25:53","isFullCredit":false},{"lineNumber":13,"author":{"gitId":"-"},"content":"   1. If there are any further prompts, accept the defaults.","lastModifiedDate":"2020-05-25T00:03:55","isFullCredit":false},{"lineNumber":14,"author":{"gitId":"-"},"content":"1. Configure the project to use **JDK 17** (not other versions) as explained in [here](https://www.jetbrains.com/help/idea/sdk.html#set-up-jdk).\u003cbr\u003e","lastModifiedDate":"2024-07-11T16:50:14","isFullCredit":false},{"lineNumber":15,"author":{"gitId":"-"},"content":"   In the same dialog, set the **Project language level** field to the `SDK default` option.","lastModifiedDate":"2021-07-29T20:29:39","isFullCredit":false},{"lineNumber":16,"author":{"gitId":"shrievarshanbaskar"},"content":"1. After that, locate the `src/main/java/fozza.Fozza.java` file, right-click it, and choose `Run fozza.Fozza.main()` (if the code editor is showing compile errors, try restarting the IDE). If the setup is correct, you should see something like the below as the output:","lastModifiedDate":"2026-01-29T00:20:14","isFullCredit":false},{"lineNumber":17,"author":{"gitId":"-"},"content":"   ```","lastModifiedDate":"2020-05-25T00:03:55","isFullCredit":false},{"lineNumber":18,"author":{"gitId":"-"},"content":"   Hello from","lastModifiedDate":"2020-05-25T00:03:55","isFullCredit":false},{"lineNumber":19,"author":{"gitId":"-"},"content":"    ____        _        ","lastModifiedDate":"2020-05-25T00:03:55","isFullCredit":false},{"lineNumber":20,"author":{"gitId":"-"},"content":"   |  _ \\ _   _| | _____ ","lastModifiedDate":"2020-05-25T00:03:55","isFullCredit":false},{"lineNumber":21,"author":{"gitId":"-"},"content":"   | | | | | | | |/ / _ \\","lastModifiedDate":"2020-05-25T00:03:55","isFullCredit":false},{"lineNumber":22,"author":{"gitId":"-"},"content":"   | |_| | |_| |   \u003c  __/","lastModifiedDate":"2020-05-25T00:03:55","isFullCredit":false},{"lineNumber":23,"author":{"gitId":"-"},"content":"   |____/ \\__,_|_|\\_\\___|","lastModifiedDate":"2020-05-25T00:03:55","isFullCredit":false},{"lineNumber":24,"author":{"gitId":"-"},"content":"   ```","lastModifiedDate":"2020-05-25T00:03:55","isFullCredit":false},{"lineNumber":25,"author":{"gitId":"-"},"content":"","lastModifiedDate":"2025-01-04T21:44:28","isFullCredit":false},{"lineNumber":26,"author":{"gitId":"-"},"content":"**Warning:** Keep the `src\\main\\java` folder as the root folder for Java files (i.e., don\u0027t rename those folders or move Java files to another folder outside of this folder path), as this is the default location some tools (e.g., Gradle) expect to find Java files.","lastModifiedDate":"2025-01-04T21:44:28","isFullCredit":false}],"authorContributionMap":{"shrievarshanbaskar":2,"-":24}},{"path":"data/fozza.txt","fileType":"txt","lines":[{"lineNumber":1,"author":{"gitId":"shrievarshanbaskar"},"content":"D | 0 | return book | 2006-12-22 18:00","lastModifiedDate":"2026-01-28T22:05:03","isFullCredit":false}],"authorContributionMap":{"shrievarshanbaskar":1}},{"path":"docs/README.md","fileType":"md","lines":[{"lineNumber":1,"author":{"gitId":"shrievarshanbaskar"},"content":"# fozza.Fozza User Guide","lastModifiedDate":"2026-01-29T00:20:14","isFullCredit":false},{"lineNumber":2,"author":{"gitId":"-"},"content":"","lastModifiedDate":"2019-07-29T17:14:46","isFullCredit":false},{"lineNumber":3,"author":{"gitId":"-"},"content":"// Update the title above to match the actual product name","lastModifiedDate":"2024-01-07T18:33:52","isFullCredit":false},{"lineNumber":4,"author":{"gitId":"-"},"content":"","lastModifiedDate":"2019-07-29T17:14:46","isFullCredit":false},{"lineNumber":5,"author":{"gitId":"-"},"content":"// Product screenshot goes here","lastModifiedDate":"2024-01-07T18:33:52","isFullCredit":false},{"lineNumber":6,"author":{"gitId":"-"},"content":"","lastModifiedDate":"2021-07-17T16:49:07","isFullCredit":false},{"lineNumber":7,"author":{"gitId":"-"},"content":"// Product intro goes here","lastModifiedDate":"2024-01-07T18:33:52","isFullCredit":false},{"lineNumber":8,"author":{"gitId":"-"},"content":"","lastModifiedDate":"2021-07-17T16:49:07","isFullCredit":false},{"lineNumber":9,"author":{"gitId":"-"},"content":"## Adding deadlines","lastModifiedDate":"2024-01-07T18:33:52","isFullCredit":false},{"lineNumber":10,"author":{"gitId":"-"},"content":"","lastModifiedDate":"2021-07-17T16:49:07","isFullCredit":false},{"lineNumber":11,"author":{"gitId":"-"},"content":"// Describe the action and its outcome.","lastModifiedDate":"2024-01-07T18:33:52","isFullCredit":false},{"lineNumber":12,"author":{"gitId":"-"},"content":"","lastModifiedDate":"2019-07-29T17:14:46","isFullCredit":false},{"lineNumber":13,"author":{"gitId":"-"},"content":"// Give examples of usage","lastModifiedDate":"2024-01-07T18:33:52","isFullCredit":false},{"lineNumber":14,"author":{"gitId":"-"},"content":"","lastModifiedDate":"2019-07-29T17:14:46","isFullCredit":false},{"lineNumber":15,"author":{"gitId":"-"},"content":"Example: `keyword (optional arguments)`","lastModifiedDate":"2024-01-07T18:33:52","isFullCredit":false},{"lineNumber":16,"author":{"gitId":"-"},"content":"","lastModifiedDate":"2019-07-29T17:14:46","isFullCredit":false},{"lineNumber":17,"author":{"gitId":"-"},"content":"// A description of the expected outcome goes here","lastModifiedDate":"2024-01-07T18:33:52","isFullCredit":false},{"lineNumber":18,"author":{"gitId":"-"},"content":"","lastModifiedDate":"2019-07-29T17:14:46","isFullCredit":false},{"lineNumber":19,"author":{"gitId":"-"},"content":"```","lastModifiedDate":"2024-01-07T18:33:52","isFullCredit":false},{"lineNumber":20,"author":{"gitId":"-"},"content":"expected output","lastModifiedDate":"2024-01-07T18:33:52","isFullCredit":false},{"lineNumber":21,"author":{"gitId":"-"},"content":"```","lastModifiedDate":"2024-01-07T18:33:52","isFullCredit":false},{"lineNumber":22,"author":{"gitId":"-"},"content":"","lastModifiedDate":"2019-07-29T17:14:46","isFullCredit":false},{"lineNumber":23,"author":{"gitId":"-"},"content":"## Feature ABC","lastModifiedDate":"2024-01-07T18:33:52","isFullCredit":false},{"lineNumber":24,"author":{"gitId":"-"},"content":"","lastModifiedDate":"2019-07-29T17:14:46","isFullCredit":false},{"lineNumber":25,"author":{"gitId":"-"},"content":"// Feature details","lastModifiedDate":"2024-01-07T18:33:52","isFullCredit":false},{"lineNumber":26,"author":{"gitId":"-"},"content":"","lastModifiedDate":"2019-07-29T17:14:46","isFullCredit":false},{"lineNumber":27,"author":{"gitId":"-"},"content":"","lastModifiedDate":"2021-07-17T16:49:07","isFullCredit":false},{"lineNumber":28,"author":{"gitId":"-"},"content":"## Feature XYZ","lastModifiedDate":"2024-01-07T18:33:52","isFullCredit":false},{"lineNumber":29,"author":{"gitId":"-"},"content":"","lastModifiedDate":"2024-01-07T18:33:52","isFullCredit":false},{"lineNumber":30,"author":{"gitId":"-"},"content":"// Feature details","lastModifiedDate":"2024-01-07T18:33:52","isFullCredit":false}],"authorContributionMap":{"shrievarshanbaskar":1,"-":29}},{"path":"src/main/java/fozza/CommandType.java","fileType":"java","lines":[{"lineNumber":1,"author":{"gitId":"shrievarshanbaskar"},"content":"package fozza;","lastModifiedDate":"2026-01-29T00:20:14","isFullCredit":false},{"lineNumber":2,"author":{"gitId":"shrievarshanbaskar"},"content":"","lastModifiedDate":"2026-01-29T00:20:14","isFullCredit":false},{"lineNumber":3,"author":{"gitId":"shrievarshanbaskar"},"content":"public enum CommandType {","lastModifiedDate":"2026-01-28T22:18:00","isFullCredit":false},{"lineNumber":4,"author":{"gitId":"shrievarshanbaskar"},"content":"    BYE, LIST, DELETE, TODO, DEADLINE, EVENT","lastModifiedDate":"2026-01-28T22:18:00","isFullCredit":false},{"lineNumber":5,"author":{"gitId":"shrievarshanbaskar"},"content":"}","lastModifiedDate":"2026-01-28T22:18:00","isFullCredit":false}],"authorContributionMap":{"shrievarshanbaskar":5}},{"path":"src/main/java/fozza/Deadline.java","fileType":"java","lines":[{"lineNumber":1,"author":{"gitId":"shrievarshanbaskar"},"content":"package fozza;","lastModifiedDate":"2026-01-29T00:20:14","isFullCredit":false},{"lineNumber":2,"author":{"gitId":"shrievarshanbaskar"},"content":"","lastModifiedDate":"2026-01-29T00:20:14","isFullCredit":false},{"lineNumber":3,"author":{"gitId":"shrievarshanbaskar"},"content":"import java.time.LocalDateTime;","lastModifiedDate":"2026-01-28T22:05:03","isFullCredit":false},{"lineNumber":4,"author":{"gitId":"shrievarshanbaskar"},"content":"import java.time.format.DateTimeFormatter;","lastModifiedDate":"2026-01-28T22:05:03","isFullCredit":false},{"lineNumber":5,"author":{"gitId":"shrievarshanbaskar"},"content":"","lastModifiedDate":"2026-01-28T22:05:03","isFullCredit":false},{"lineNumber":6,"author":{"gitId":"shrievarshanbaskar"},"content":"public class Deadline extends Task {","lastModifiedDate":"2026-01-22T20:10:09","isFullCredit":false},{"lineNumber":7,"author":{"gitId":"shrievarshanbaskar"},"content":"    private LocalDateTime by;","lastModifiedDate":"2026-01-28T22:05:03","isFullCredit":false},{"lineNumber":8,"author":{"gitId":"shrievarshanbaskar"},"content":"","lastModifiedDate":"2026-01-28T22:05:03","isFullCredit":false},{"lineNumber":9,"author":{"gitId":"shrievarshanbaskar"},"content":"    private static final DateTimeFormatter INPUT_FORMAT \u003d","lastModifiedDate":"2026-01-28T22:05:03","isFullCredit":false},{"lineNumber":10,"author":{"gitId":"shrievarshanbaskar"},"content":"            DateTimeFormatter.ofPattern(\"yyyy-MM-dd HH:mm\");","lastModifiedDate":"2026-01-28T22:05:03","isFullCredit":false},{"lineNumber":11,"author":{"gitId":"shrievarshanbaskar"},"content":"    private static final DateTimeFormatter OUTPUT_FORMAT \u003d","lastModifiedDate":"2026-01-28T22:05:03","isFullCredit":false},{"lineNumber":12,"author":{"gitId":"shrievarshanbaskar"},"content":"            DateTimeFormatter.ofPattern(\"MMM dd yyyy h:mm a\");","lastModifiedDate":"2026-01-28T22:05:03","isFullCredit":false},{"lineNumber":13,"author":{"gitId":"shrievarshanbaskar"},"content":"","lastModifiedDate":"2026-01-22T20:10:09","isFullCredit":false},{"lineNumber":14,"author":{"gitId":"shrievarshanbaskar"},"content":"    public Deadline(String name, boolean status, String by) {","lastModifiedDate":"2026-01-22T20:10:09","isFullCredit":false},{"lineNumber":15,"author":{"gitId":"shrievarshanbaskar"},"content":"        super(name, status);","lastModifiedDate":"2026-01-22T20:10:09","isFullCredit":false},{"lineNumber":16,"author":{"gitId":"shrievarshanbaskar"},"content":"        this.by \u003d LocalDateTime.parse(by, INPUT_FORMAT);","lastModifiedDate":"2026-01-28T22:05:03","isFullCredit":false},{"lineNumber":17,"author":{"gitId":"shrievarshanbaskar"},"content":"    }","lastModifiedDate":"2026-01-22T20:10:09","isFullCredit":false},{"lineNumber":18,"author":{"gitId":"shrievarshanbaskar"},"content":"","lastModifiedDate":"2026-01-22T20:10:09","isFullCredit":false},{"lineNumber":19,"author":{"gitId":"shrievarshanbaskar"},"content":"    @Override","lastModifiedDate":"2026-01-22T20:10:09","isFullCredit":false},{"lineNumber":20,"author":{"gitId":"shrievarshanbaskar"},"content":"    public String toString() {","lastModifiedDate":"2026-01-22T20:10:09","isFullCredit":false},{"lineNumber":21,"author":{"gitId":"shrievarshanbaskar"},"content":"        return \"[D]\" + super.toString()","lastModifiedDate":"2026-01-28T22:05:03","isFullCredit":false},{"lineNumber":22,"author":{"gitId":"shrievarshanbaskar"},"content":"                + \" (by: \" + by.format(OUTPUT_FORMAT) + \")\";","lastModifiedDate":"2026-01-28T22:05:03","isFullCredit":false},{"lineNumber":23,"author":{"gitId":"shrievarshanbaskar"},"content":"    }","lastModifiedDate":"2026-01-22T20:10:09","isFullCredit":false},{"lineNumber":24,"author":{"gitId":"shrievarshanbaskar"},"content":"","lastModifiedDate":"2026-01-28T21:37:11","isFullCredit":false},{"lineNumber":25,"author":{"gitId":"shrievarshanbaskar"},"content":"    @Override","lastModifiedDate":"2026-01-28T21:37:11","isFullCredit":false},{"lineNumber":26,"author":{"gitId":"shrievarshanbaskar"},"content":"    public String toFileString() {","lastModifiedDate":"2026-01-28T21:37:11","isFullCredit":false},{"lineNumber":27,"author":{"gitId":"shrievarshanbaskar"},"content":"        return \"D | \" + (status ? \"1\" : \"0\")","lastModifiedDate":"2026-01-28T22:05:03","isFullCredit":false},{"lineNumber":28,"author":{"gitId":"shrievarshanbaskar"},"content":"                + \" | \" + name","lastModifiedDate":"2026-01-28T22:05:03","isFullCredit":false},{"lineNumber":29,"author":{"gitId":"shrievarshanbaskar"},"content":"                + \" | \" + by.format(INPUT_FORMAT);","lastModifiedDate":"2026-01-28T22:05:03","isFullCredit":false},{"lineNumber":30,"author":{"gitId":"shrievarshanbaskar"},"content":"    }","lastModifiedDate":"2026-01-28T21:37:11","isFullCredit":false},{"lineNumber":31,"author":{"gitId":"shrievarshanbaskar"},"content":"}","lastModifiedDate":"2026-01-22T20:10:09","isFullCredit":false}],"authorContributionMap":{"shrievarshanbaskar":31}},{"path":"src/main/java/fozza/Event.java","fileType":"java","lines":[{"lineNumber":1,"author":{"gitId":"shrievarshanbaskar"},"content":"package fozza;","lastModifiedDate":"2026-01-29T00:20:14","isFullCredit":false},{"lineNumber":2,"author":{"gitId":"shrievarshanbaskar"},"content":"","lastModifiedDate":"2026-01-29T00:20:14","isFullCredit":false},{"lineNumber":3,"author":{"gitId":"shrievarshanbaskar"},"content":"import java.time.LocalDateTime;","lastModifiedDate":"2026-01-28T22:05:03","isFullCredit":false},{"lineNumber":4,"author":{"gitId":"shrievarshanbaskar"},"content":"import java.time.format.DateTimeFormatter;","lastModifiedDate":"2026-01-28T22:05:03","isFullCredit":false},{"lineNumber":5,"author":{"gitId":"shrievarshanbaskar"},"content":"","lastModifiedDate":"2026-01-28T22:05:03","isFullCredit":false},{"lineNumber":6,"author":{"gitId":"shrievarshanbaskar"},"content":"public class Event extends Task {","lastModifiedDate":"2026-01-22T20:10:09","isFullCredit":false},{"lineNumber":7,"author":{"gitId":"shrievarshanbaskar"},"content":"    private LocalDateTime from;","lastModifiedDate":"2026-01-28T22:05:03","isFullCredit":false},{"lineNumber":8,"author":{"gitId":"shrievarshanbaskar"},"content":"    private LocalDateTime to;","lastModifiedDate":"2026-01-28T22:05:03","isFullCredit":false},{"lineNumber":9,"author":{"gitId":"shrievarshanbaskar"},"content":"","lastModifiedDate":"2026-01-28T22:05:03","isFullCredit":false},{"lineNumber":10,"author":{"gitId":"shrievarshanbaskar"},"content":"    private static final DateTimeFormatter INPUT_FORMAT \u003d","lastModifiedDate":"2026-01-28T22:05:03","isFullCredit":false},{"lineNumber":11,"author":{"gitId":"shrievarshanbaskar"},"content":"            DateTimeFormatter.ofPattern(\"yyyy-MM-dd HH:mm\");","lastModifiedDate":"2026-01-28T22:05:03","isFullCredit":false},{"lineNumber":12,"author":{"gitId":"shrievarshanbaskar"},"content":"    private static final DateTimeFormatter OUTPUT_FORMAT \u003d","lastModifiedDate":"2026-01-28T22:05:03","isFullCredit":false},{"lineNumber":13,"author":{"gitId":"shrievarshanbaskar"},"content":"            DateTimeFormatter.ofPattern(\"MMM dd yyyy h:mm a\");","lastModifiedDate":"2026-01-28T22:05:03","isFullCredit":false},{"lineNumber":14,"author":{"gitId":"shrievarshanbaskar"},"content":"","lastModifiedDate":"2026-01-22T20:10:09","isFullCredit":false},{"lineNumber":15,"author":{"gitId":"shrievarshanbaskar"},"content":"    public Event(String name, boolean status, String from, String to) {","lastModifiedDate":"2026-01-22T20:10:09","isFullCredit":false},{"lineNumber":16,"author":{"gitId":"shrievarshanbaskar"},"content":"        super(name, status);","lastModifiedDate":"2026-01-22T20:10:09","isFullCredit":false},{"lineNumber":17,"author":{"gitId":"shrievarshanbaskar"},"content":"        this.from \u003d LocalDateTime.parse(from, INPUT_FORMAT);","lastModifiedDate":"2026-01-28T22:05:03","isFullCredit":false},{"lineNumber":18,"author":{"gitId":"shrievarshanbaskar"},"content":"        this.to \u003d LocalDateTime.parse(to, INPUT_FORMAT);","lastModifiedDate":"2026-01-28T22:05:03","isFullCredit":false},{"lineNumber":19,"author":{"gitId":"shrievarshanbaskar"},"content":"    }","lastModifiedDate":"2026-01-22T20:10:09","isFullCredit":false},{"lineNumber":20,"author":{"gitId":"shrievarshanbaskar"},"content":"","lastModifiedDate":"2026-01-22T20:10:09","isFullCredit":false},{"lineNumber":21,"author":{"gitId":"shrievarshanbaskar"},"content":"    @Override","lastModifiedDate":"2026-01-22T20:10:09","isFullCredit":false},{"lineNumber":22,"author":{"gitId":"shrievarshanbaskar"},"content":"    public String toString() {","lastModifiedDate":"2026-01-22T20:10:09","isFullCredit":false},{"lineNumber":23,"author":{"gitId":"shrievarshanbaskar"},"content":"        return \"[E]\" + super.toString()","lastModifiedDate":"2026-01-22T20:10:09","isFullCredit":false},{"lineNumber":24,"author":{"gitId":"shrievarshanbaskar"},"content":"                + \" (from: \" + from.format(OUTPUT_FORMAT)","lastModifiedDate":"2026-01-28T22:05:03","isFullCredit":false},{"lineNumber":25,"author":{"gitId":"shrievarshanbaskar"},"content":"                + \" to: \" + to.format(OUTPUT_FORMAT) + \")\";","lastModifiedDate":"2026-01-28T22:05:03","isFullCredit":false},{"lineNumber":26,"author":{"gitId":"shrievarshanbaskar"},"content":"    }","lastModifiedDate":"2026-01-22T20:10:09","isFullCredit":false},{"lineNumber":27,"author":{"gitId":"shrievarshanbaskar"},"content":"","lastModifiedDate":"2026-01-28T22:05:03","isFullCredit":false},{"lineNumber":28,"author":{"gitId":"shrievarshanbaskar"},"content":"    @Override","lastModifiedDate":"2026-01-28T21:37:11","isFullCredit":false},{"lineNumber":29,"author":{"gitId":"shrievarshanbaskar"},"content":"    public String toFileString() {","lastModifiedDate":"2026-01-28T21:37:11","isFullCredit":false},{"lineNumber":30,"author":{"gitId":"shrievarshanbaskar"},"content":"        return \"E | \" + (status ? \"1\" : \"0\")","lastModifiedDate":"2026-01-28T22:05:03","isFullCredit":false},{"lineNumber":31,"author":{"gitId":"shrievarshanbaskar"},"content":"                + \" | \" + name","lastModifiedDate":"2026-01-28T22:05:03","isFullCredit":false},{"lineNumber":32,"author":{"gitId":"shrievarshanbaskar"},"content":"                + \" | \" + from.format(INPUT_FORMAT)","lastModifiedDate":"2026-01-28T22:05:03","isFullCredit":false},{"lineNumber":33,"author":{"gitId":"shrievarshanbaskar"},"content":"                + \" | \" + to.format(INPUT_FORMAT);","lastModifiedDate":"2026-01-28T22:05:03","isFullCredit":false},{"lineNumber":34,"author":{"gitId":"shrievarshanbaskar"},"content":"    }","lastModifiedDate":"2026-01-28T21:37:11","isFullCredit":false},{"lineNumber":35,"author":{"gitId":"shrievarshanbaskar"},"content":"}","lastModifiedDate":"2026-01-22T20:10:09","isFullCredit":false}],"authorContributionMap":{"shrievarshanbaskar":35}},{"path":"src/main/java/fozza/Fozza.java","fileType":"java","lines":[{"lineNumber":1,"author":{"gitId":"shrievarshanbaskar"},"content":"package fozza;","lastModifiedDate":"2026-01-29T00:20:14","isFullCredit":false},{"lineNumber":2,"author":{"gitId":"shrievarshanbaskar"},"content":"","lastModifiedDate":"2026-01-29T00:20:14","isFullCredit":false},{"lineNumber":3,"author":{"gitId":"shrievarshanbaskar"},"content":"import java.io.IOException;","lastModifiedDate":"2026-01-28T21:37:11","isFullCredit":false},{"lineNumber":4,"author":{"gitId":"shrievarshanbaskar"},"content":"","lastModifiedDate":"2026-01-22T18:08:42","isFullCredit":false},{"lineNumber":5,"author":{"gitId":"shrievarshanbaskar"},"content":"public class Fozza {","lastModifiedDate":"2026-01-23T12:29:15","isFullCredit":false},{"lineNumber":6,"author":{"gitId":"shrievarshanbaskar"},"content":"    private final Storage storage;","lastModifiedDate":"2026-01-28T22:19:19","isFullCredit":false},{"lineNumber":7,"author":{"gitId":"shrievarshanbaskar"},"content":"    private final TaskList tasks;","lastModifiedDate":"2026-01-28T22:19:19","isFullCredit":false},{"lineNumber":8,"author":{"gitId":"shrievarshanbaskar"},"content":"    private final Ui ui;","lastModifiedDate":"2026-01-28T22:19:19","isFullCredit":false},{"lineNumber":9,"author":{"gitId":"shrievarshanbaskar"},"content":"","lastModifiedDate":"2026-01-22T18:52:50","isFullCredit":false},{"lineNumber":10,"author":{"gitId":"shrievarshanbaskar"},"content":"    public Fozza() {","lastModifiedDate":"2026-01-28T22:19:19","isFullCredit":false},{"lineNumber":11,"author":{"gitId":"shrievarshanbaskar"},"content":"        this.ui \u003d new Ui();","lastModifiedDate":"2026-01-28T22:19:19","isFullCredit":false},{"lineNumber":12,"author":{"gitId":"shrievarshanbaskar"},"content":"        this.storage \u003d new Storage();","lastModifiedDate":"2026-01-28T22:19:19","isFullCredit":false},{"lineNumber":13,"author":{"gitId":"shrievarshanbaskar"},"content":"","lastModifiedDate":"2026-01-28T21:37:11","isFullCredit":false},{"lineNumber":14,"author":{"gitId":"shrievarshanbaskar"},"content":"        TaskList loaded;","lastModifiedDate":"2026-01-28T22:19:19","isFullCredit":false},{"lineNumber":15,"author":{"gitId":"shrievarshanbaskar"},"content":"        try {","lastModifiedDate":"2026-01-28T21:37:11","isFullCredit":false},{"lineNumber":16,"author":{"gitId":"shrievarshanbaskar"},"content":"            loaded \u003d new TaskList(storage.load());","lastModifiedDate":"2026-01-28T22:19:19","isFullCredit":false},{"lineNumber":17,"author":{"gitId":"shrievarshanbaskar"},"content":"        } catch (Exception e) {","lastModifiedDate":"2026-01-28T21:37:11","isFullCredit":false},{"lineNumber":18,"author":{"gitId":"shrievarshanbaskar"},"content":"            ui.showLoadingError();","lastModifiedDate":"2026-01-28T22:19:19","isFullCredit":false},{"lineNumber":19,"author":{"gitId":"shrievarshanbaskar"},"content":"            loaded \u003d new TaskList();","lastModifiedDate":"2026-01-28T22:19:19","isFullCredit":false},{"lineNumber":20,"author":{"gitId":"shrievarshanbaskar"},"content":"        }","lastModifiedDate":"2026-01-28T22:19:19","isFullCredit":false},{"lineNumber":21,"author":{"gitId":"shrievarshanbaskar"},"content":"        this.tasks \u003d loaded;","lastModifiedDate":"2026-01-28T22:19:19","isFullCredit":false},{"lineNumber":22,"author":{"gitId":"shrievarshanbaskar"},"content":"    }","lastModifiedDate":"2026-01-28T21:37:11","isFullCredit":false},{"lineNumber":23,"author":{"gitId":"shrievarshanbaskar"},"content":"","lastModifiedDate":"2026-01-22T18:52:50","isFullCredit":false},{"lineNumber":24,"author":{"gitId":"shrievarshanbaskar"},"content":"    public void run() {","lastModifiedDate":"2026-01-28T22:19:19","isFullCredit":false},{"lineNumber":25,"author":{"gitId":"shrievarshanbaskar"},"content":"        ui.showWelcome();","lastModifiedDate":"2026-01-28T22:19:19","isFullCredit":false},{"lineNumber":26,"author":{"gitId":"shrievarshanbaskar"},"content":"","lastModifiedDate":"2026-01-28T22:19:19","isFullCredit":false},{"lineNumber":27,"author":{"gitId":"shrievarshanbaskar"},"content":"        while (true) {","lastModifiedDate":"2026-01-22T18:08:42","isFullCredit":false},{"lineNumber":28,"author":{"gitId":"shrievarshanbaskar"},"content":"            String input \u003d ui.readCommand();","lastModifiedDate":"2026-01-28T22:19:19","isFullCredit":false},{"lineNumber":29,"author":{"gitId":"shrievarshanbaskar"},"content":"","lastModifiedDate":"2026-01-22T18:08:42","isFullCredit":false},{"lineNumber":30,"author":{"gitId":"shrievarshanbaskar"},"content":"            try {","lastModifiedDate":"2026-01-22T22:38:18","isFullCredit":false},{"lineNumber":31,"author":{"gitId":"shrievarshanbaskar"},"content":"                ParsedCommand cmd \u003d Parser.parse(input);","lastModifiedDate":"2026-01-28T22:19:19","isFullCredit":false},{"lineNumber":32,"author":{"gitId":"shrievarshanbaskar"},"content":"","lastModifiedDate":"2026-01-28T22:19:19","isFullCredit":false},{"lineNumber":33,"author":{"gitId":"shrievarshanbaskar"},"content":"                if (cmd.type \u003d\u003d CommandType.BYE) {","lastModifiedDate":"2026-01-28T22:19:19","isFullCredit":false},{"lineNumber":34,"author":{"gitId":"shrievarshanbaskar"},"content":"                    ui.showBye();","lastModifiedDate":"2026-01-28T22:19:19","isFullCredit":false},{"lineNumber":35,"author":{"gitId":"shrievarshanbaskar"},"content":"                    break;","lastModifiedDate":"2026-01-22T18:08:42","isFullCredit":false},{"lineNumber":36,"author":{"gitId":"shrievarshanbaskar"},"content":"                }","lastModifiedDate":"2026-01-22T19:33:06","isFullCredit":false},{"lineNumber":37,"author":{"gitId":"shrievarshanbaskar"},"content":"","lastModifiedDate":"2026-01-22T20:10:09","isFullCredit":false},{"lineNumber":38,"author":{"gitId":"shrievarshanbaskar"},"content":"                if (cmd.type \u003d\u003d CommandType.LIST) {","lastModifiedDate":"2026-01-28T22:19:19","isFullCredit":false},{"lineNumber":39,"author":{"gitId":"shrievarshanbaskar"},"content":"                    System.out.println(\"------------------------------------------------\");","lastModifiedDate":"2026-01-28T22:19:19","isFullCredit":false},{"lineNumber":40,"author":{"gitId":"shrievarshanbaskar"},"content":"                    System.out.println(\"Here are the tasks in your list:\");","lastModifiedDate":"2026-01-28T22:19:19","isFullCredit":false},{"lineNumber":41,"author":{"gitId":"shrievarshanbaskar"},"content":"                    for (int i \u003d 0; i \u003c tasks.size(); i++) {","lastModifiedDate":"2026-01-28T22:19:19","isFullCredit":false},{"lineNumber":42,"author":{"gitId":"shrievarshanbaskar"},"content":"                        System.out.println((i + 1) + \". \" + tasks.get(i));","lastModifiedDate":"2026-01-28T22:19:19","isFullCredit":false},{"lineNumber":43,"author":{"gitId":"shrievarshanbaskar"},"content":"                    }","lastModifiedDate":"2026-01-22T20:10:09","isFullCredit":false},{"lineNumber":44,"author":{"gitId":"shrievarshanbaskar"},"content":"                    System.out.println(\"------------------------------------------------\");","lastModifiedDate":"2026-01-28T22:19:19","isFullCredit":false},{"lineNumber":45,"author":{"gitId":"shrievarshanbaskar"},"content":"                    continue;","lastModifiedDate":"2026-01-28T22:19:19","isFullCredit":false},{"lineNumber":46,"author":{"gitId":"shrievarshanbaskar"},"content":"                }","lastModifiedDate":"2026-01-22T18:08:42","isFullCredit":false},{"lineNumber":47,"author":{"gitId":"shrievarshanbaskar"},"content":"","lastModifiedDate":"2026-01-22T18:08:42","isFullCredit":false},{"lineNumber":48,"author":{"gitId":"shrievarshanbaskar"},"content":"                if (cmd.type \u003d\u003d CommandType.DELETE) {","lastModifiedDate":"2026-01-28T22:19:19","isFullCredit":false},{"lineNumber":49,"author":{"gitId":"shrievarshanbaskar"},"content":"                    int index \u003d Integer.parseInt(cmd.a) - 1;","lastModifiedDate":"2026-01-28T22:19:19","isFullCredit":false},{"lineNumber":50,"author":{"gitId":"shrievarshanbaskar"},"content":"                    if (index \u003c 0 || index \u003e\u003d tasks.size()) {","lastModifiedDate":"2026-01-28T22:19:19","isFullCredit":false},{"lineNumber":51,"author":{"gitId":"shrievarshanbaskar"},"content":"                        throw new FozzaException(\"That task number does not exist.\");","lastModifiedDate":"2026-01-28T22:19:19","isFullCredit":false},{"lineNumber":52,"author":{"gitId":"shrievarshanbaskar"},"content":"                    }","lastModifiedDate":"2026-01-22T22:38:18","isFullCredit":false},{"lineNumber":53,"author":{"gitId":"shrievarshanbaskar"},"content":"","lastModifiedDate":"2026-01-22T20:10:09","isFullCredit":false},{"lineNumber":54,"author":{"gitId":"shrievarshanbaskar"},"content":"                    Task removed \u003d tasks.remove(index);","lastModifiedDate":"2026-01-28T22:19:19","isFullCredit":false},{"lineNumber":55,"author":{"gitId":"shrievarshanbaskar"},"content":"                    storage.save(tasks.getTasks());","lastModifiedDate":"2026-01-28T22:19:19","isFullCredit":false},{"lineNumber":56,"author":{"gitId":"shrievarshanbaskar"},"content":"","lastModifiedDate":"2026-01-22T20:10:09","isFullCredit":false},{"lineNumber":57,"author":{"gitId":"shrievarshanbaskar"},"content":"                    ui.showLine();","lastModifiedDate":"2026-01-28T22:19:19","isFullCredit":false},{"lineNumber":58,"author":{"gitId":"shrievarshanbaskar"},"content":"                    System.out.println(\"Noted. I\u0027ve removed this task:\");","lastModifiedDate":"2026-01-28T22:19:19","isFullCredit":false},{"lineNumber":59,"author":{"gitId":"shrievarshanbaskar"},"content":"                    System.out.println(\"  \" + removed);","lastModifiedDate":"2026-01-28T22:19:19","isFullCredit":false},{"lineNumber":60,"author":{"gitId":"shrievarshanbaskar"},"content":"                    System.out.println(\"Now you have \" + tasks.size() + \" tasks in the list.\");","lastModifiedDate":"2026-01-28T22:19:19","isFullCredit":false},{"lineNumber":61,"author":{"gitId":"shrievarshanbaskar"},"content":"                    ui.showLine();","lastModifiedDate":"2026-01-28T22:19:19","isFullCredit":false},{"lineNumber":62,"author":{"gitId":"shrievarshanbaskar"},"content":"                    continue;","lastModifiedDate":"2026-01-28T22:19:19","isFullCredit":false},{"lineNumber":63,"author":{"gitId":"shrievarshanbaskar"},"content":"                }","lastModifiedDate":"2026-01-22T22:38:18","isFullCredit":false},{"lineNumber":64,"author":{"gitId":"shrievarshanbaskar"},"content":"","lastModifiedDate":"2026-01-22T20:10:09","isFullCredit":false},{"lineNumber":65,"author":{"gitId":"shrievarshanbaskar"},"content":"                if (cmd.type \u003d\u003d CommandType.TODO) {","lastModifiedDate":"2026-01-28T22:19:19","isFullCredit":false},{"lineNumber":66,"author":{"gitId":"shrievarshanbaskar"},"content":"                    Task task \u003d new Todo(cmd.a, false);","lastModifiedDate":"2026-01-28T22:19:19","isFullCredit":false},{"lineNumber":67,"author":{"gitId":"shrievarshanbaskar"},"content":"                    tasks.add(task);","lastModifiedDate":"2026-01-28T22:19:19","isFullCredit":false},{"lineNumber":68,"author":{"gitId":"shrievarshanbaskar"},"content":"                    storage.save(tasks.getTasks());","lastModifiedDate":"2026-01-28T22:19:19","isFullCredit":false},{"lineNumber":69,"author":{"gitId":"shrievarshanbaskar"},"content":"","lastModifiedDate":"2026-01-22T20:10:09","isFullCredit":false},{"lineNumber":70,"author":{"gitId":"shrievarshanbaskar"},"content":"                    ui.showLine();","lastModifiedDate":"2026-01-28T22:19:19","isFullCredit":false},{"lineNumber":71,"author":{"gitId":"shrievarshanbaskar"},"content":"                    System.out.println(\"Got it. I\u0027ve added this task:\");","lastModifiedDate":"2026-01-22T20:10:09","isFullCredit":false},{"lineNumber":72,"author":{"gitId":"shrievarshanbaskar"},"content":"                    System.out.println(\"  \" + task);","lastModifiedDate":"2026-01-22T20:10:09","isFullCredit":false},{"lineNumber":73,"author":{"gitId":"shrievarshanbaskar"},"content":"                    System.out.println(\"Now you have \" + tasks.size() + \" tasks in the list.\");","lastModifiedDate":"2026-01-28T22:19:19","isFullCredit":false},{"lineNumber":74,"author":{"gitId":"shrievarshanbaskar"},"content":"                    ui.showLine();","lastModifiedDate":"2026-01-28T22:19:19","isFullCredit":false},{"lineNumber":75,"author":{"gitId":"shrievarshanbaskar"},"content":"                    continue;","lastModifiedDate":"2026-01-28T22:19:19","isFullCredit":false},{"lineNumber":76,"author":{"gitId":"shrievarshanbaskar"},"content":"                }","lastModifiedDate":"2026-01-22T22:38:18","isFullCredit":false},{"lineNumber":77,"author":{"gitId":"shrievarshanbaskar"},"content":"","lastModifiedDate":"2026-01-28T21:37:11","isFullCredit":false},{"lineNumber":78,"author":{"gitId":"shrievarshanbaskar"},"content":"                if (cmd.type \u003d\u003d CommandType.DEADLINE) {","lastModifiedDate":"2026-01-28T22:19:19","isFullCredit":false},{"lineNumber":79,"author":{"gitId":"shrievarshanbaskar"},"content":"                    Task task \u003d new Deadline(cmd.a, false, cmd.b);","lastModifiedDate":"2026-01-28T22:19:19","isFullCredit":false},{"lineNumber":80,"author":{"gitId":"shrievarshanbaskar"},"content":"                    tasks.add(task);","lastModifiedDate":"2026-01-28T22:19:19","isFullCredit":false},{"lineNumber":81,"author":{"gitId":"shrievarshanbaskar"},"content":"                    storage.save(tasks.getTasks());","lastModifiedDate":"2026-01-28T22:19:19","isFullCredit":false},{"lineNumber":82,"author":{"gitId":"shrievarshanbaskar"},"content":"","lastModifiedDate":"2026-01-22T22:48:45","isFullCredit":false},{"lineNumber":83,"author":{"gitId":"shrievarshanbaskar"},"content":"                    ui.showLine();","lastModifiedDate":"2026-01-28T22:19:19","isFullCredit":false},{"lineNumber":84,"author":{"gitId":"shrievarshanbaskar"},"content":"                    System.out.println(\"Got it. I\u0027ve added this task:\");","lastModifiedDate":"2026-01-28T22:19:19","isFullCredit":false},{"lineNumber":85,"author":{"gitId":"shrievarshanbaskar"},"content":"                    System.out.println(\"  \" + task);","lastModifiedDate":"2026-01-28T22:19:19","isFullCredit":false},{"lineNumber":86,"author":{"gitId":"shrievarshanbaskar"},"content":"                    System.out.println(\"Now you have \" + tasks.size() + \" tasks in the list.\");","lastModifiedDate":"2026-01-28T22:19:19","isFullCredit":false},{"lineNumber":87,"author":{"gitId":"shrievarshanbaskar"},"content":"                    ui.showLine();","lastModifiedDate":"2026-01-28T22:19:19","isFullCredit":false},{"lineNumber":88,"author":{"gitId":"shrievarshanbaskar"},"content":"                    continue;","lastModifiedDate":"2026-01-28T22:19:19","isFullCredit":false},{"lineNumber":89,"author":{"gitId":"shrievarshanbaskar"},"content":"                }","lastModifiedDate":"2026-01-22T22:48:45","isFullCredit":false},{"lineNumber":90,"author":{"gitId":"shrievarshanbaskar"},"content":"","lastModifiedDate":"2026-01-22T22:48:45","isFullCredit":false},{"lineNumber":91,"author":{"gitId":"shrievarshanbaskar"},"content":"                if (cmd.type \u003d\u003d CommandType.EVENT) {","lastModifiedDate":"2026-01-28T22:19:19","isFullCredit":false},{"lineNumber":92,"author":{"gitId":"shrievarshanbaskar"},"content":"                    Task task \u003d new Event(cmd.a, false, cmd.b, cmd.c);","lastModifiedDate":"2026-01-28T22:19:19","isFullCredit":false},{"lineNumber":93,"author":{"gitId":"shrievarshanbaskar"},"content":"                    tasks.add(task);","lastModifiedDate":"2026-01-28T22:19:19","isFullCredit":false},{"lineNumber":94,"author":{"gitId":"shrievarshanbaskar"},"content":"                    storage.save(tasks.getTasks());","lastModifiedDate":"2026-01-28T22:19:19","isFullCredit":false},{"lineNumber":95,"author":{"gitId":"shrievarshanbaskar"},"content":"","lastModifiedDate":"2026-01-22T22:48:45","isFullCredit":false},{"lineNumber":96,"author":{"gitId":"shrievarshanbaskar"},"content":"                    ui.showLine();","lastModifiedDate":"2026-01-28T22:19:19","isFullCredit":false},{"lineNumber":97,"author":{"gitId":"shrievarshanbaskar"},"content":"                    System.out.println(\"Got it. I\u0027ve added this task:\");","lastModifiedDate":"2026-01-28T22:19:19","isFullCredit":false},{"lineNumber":98,"author":{"gitId":"shrievarshanbaskar"},"content":"                    System.out.println(\"  \" + task);","lastModifiedDate":"2026-01-28T22:19:19","isFullCredit":false},{"lineNumber":99,"author":{"gitId":"shrievarshanbaskar"},"content":"                    System.out.println(\"Now you have \" + tasks.size() + \" tasks in the list.\");","lastModifiedDate":"2026-01-28T22:19:19","isFullCredit":false},{"lineNumber":100,"author":{"gitId":"shrievarshanbaskar"},"content":"                    ui.showLine();","lastModifiedDate":"2026-01-28T22:19:19","isFullCredit":false},{"lineNumber":101,"author":{"gitId":"shrievarshanbaskar"},"content":"                }","lastModifiedDate":"2026-01-22T22:38:18","isFullCredit":false},{"lineNumber":102,"author":{"gitId":"shrievarshanbaskar"},"content":"","lastModifiedDate":"2026-01-22T22:38:18","isFullCredit":false},{"lineNumber":103,"author":{"gitId":"shrievarshanbaskar"},"content":"            } catch (FozzaException e) {","lastModifiedDate":"2026-01-23T12:29:15","isFullCredit":false},{"lineNumber":104,"author":{"gitId":"shrievarshanbaskar"},"content":"                ui.showError(e.getMessage());","lastModifiedDate":"2026-01-28T22:19:19","isFullCredit":false},{"lineNumber":105,"author":{"gitId":"shrievarshanbaskar"},"content":"            } catch (IOException e) {","lastModifiedDate":"2026-01-28T21:37:11","isFullCredit":false},{"lineNumber":106,"author":{"gitId":"shrievarshanbaskar"},"content":"                ui.showSaveError();","lastModifiedDate":"2026-01-28T22:19:19","isFullCredit":false},{"lineNumber":107,"author":{"gitId":"shrievarshanbaskar"},"content":"            }","lastModifiedDate":"2026-01-28T22:19:19","isFullCredit":false},{"lineNumber":108,"author":{"gitId":"shrievarshanbaskar"},"content":"        }","lastModifiedDate":"2026-01-22T22:38:18","isFullCredit":false},{"lineNumber":109,"author":{"gitId":"shrievarshanbaskar"},"content":"    }","lastModifiedDate":"2026-01-22T17:18:07","isFullCredit":false},{"lineNumber":110,"author":{"gitId":"shrievarshanbaskar"},"content":"","lastModifiedDate":"2026-01-22T19:33:06","isFullCredit":false},{"lineNumber":111,"author":{"gitId":"shrievarshanbaskar"},"content":"    public static void main(String[] args) {","lastModifiedDate":"2026-01-28T22:19:19","isFullCredit":false},{"lineNumber":112,"author":{"gitId":"shrievarshanbaskar"},"content":"        new Fozza().run();","lastModifiedDate":"2026-01-28T22:19:19","isFullCredit":false},{"lineNumber":113,"author":{"gitId":"shrievarshanbaskar"},"content":"    }","lastModifiedDate":"2026-01-22T20:10:09","isFullCredit":false},{"lineNumber":114,"author":{"gitId":"shrievarshanbaskar"},"content":"","lastModifiedDate":"2026-01-29T00:20:14","isFullCredit":false},{"lineNumber":115,"author":{"gitId":"shrievarshanbaskar"},"content":"    public static class FozzaException extends Exception {","lastModifiedDate":"2026-01-29T00:20:14","isFullCredit":false},{"lineNumber":116,"author":{"gitId":"shrievarshanbaskar"},"content":"        public FozzaException(String message) {","lastModifiedDate":"2026-01-29T00:20:14","isFullCredit":false},{"lineNumber":117,"author":{"gitId":"shrievarshanbaskar"},"content":"            super(message);","lastModifiedDate":"2026-01-29T00:20:14","isFullCredit":false},{"lineNumber":118,"author":{"gitId":"shrievarshanbaskar"},"content":"        }","lastModifiedDate":"2026-01-29T00:20:14","isFullCredit":false},{"lineNumber":119,"author":{"gitId":"shrievarshanbaskar"},"content":"    }","lastModifiedDate":"2026-01-29T00:20:14","isFullCredit":false},{"lineNumber":120,"author":{"gitId":"shrievarshanbaskar"},"content":"}","lastModifiedDate":"2026-01-22T20:10:09","isFullCredit":false}],"authorContributionMap":{"shrievarshanbaskar":120}},{"path":"src/main/java/fozza/FozzaException.java","fileType":"java","lines":[{"lineNumber":1,"author":{"gitId":"shrievarshanbaskar"},"content":"package fozza;","lastModifiedDate":"2026-01-28T22:58:19","isFullCredit":false},{"lineNumber":2,"author":{"gitId":"shrievarshanbaskar"},"content":"","lastModifiedDate":"2026-01-28T22:58:19","isFullCredit":false},{"lineNumber":3,"author":{"gitId":"shrievarshanbaskar"},"content":"public class FozzaException extends Exception {","lastModifiedDate":"2026-01-29T00:20:14","isFullCredit":false},{"lineNumber":4,"author":{"gitId":"shrievarshanbaskar"},"content":"","lastModifiedDate":"2026-01-29T00:20:14","isFullCredit":false},{"lineNumber":5,"author":{"gitId":"shrievarshanbaskar"},"content":"    public FozzaException(String message) {","lastModifiedDate":"2026-01-29T00:20:14","isFullCredit":false},{"lineNumber":6,"author":{"gitId":"shrievarshanbaskar"},"content":"        super(message);","lastModifiedDate":"2026-01-29T00:20:14","isFullCredit":false},{"lineNumber":7,"author":{"gitId":"shrievarshanbaskar"},"content":"    }","lastModifiedDate":"2026-01-29T00:20:14","isFullCredit":false},{"lineNumber":8,"author":{"gitId":"shrievarshanbaskar"},"content":"}","lastModifiedDate":"2026-01-28T22:58:19","isFullCredit":false}],"authorContributionMap":{"shrievarshanbaskar":8}},{"path":"src/main/java/fozza/ParsedCommand.java","fileType":"java","lines":[{"lineNumber":1,"author":{"gitId":"shrievarshanbaskar"},"content":"package fozza;","lastModifiedDate":"2026-01-29T00:20:14","isFullCredit":false},{"lineNumber":2,"author":{"gitId":"shrievarshanbaskar"},"content":"","lastModifiedDate":"2026-01-29T00:20:14","isFullCredit":false},{"lineNumber":3,"author":{"gitId":"shrievarshanbaskar"},"content":"public class ParsedCommand {","lastModifiedDate":"2026-01-28T22:18:00","isFullCredit":false},{"lineNumber":4,"author":{"gitId":"shrievarshanbaskar"},"content":"","lastModifiedDate":"2026-01-29T01:45:37","isFullCredit":false},{"lineNumber":5,"author":{"gitId":"shrievarshanbaskar"},"content":"    public CommandType type;","lastModifiedDate":"2026-01-29T01:45:37","isFullCredit":false},{"lineNumber":6,"author":{"gitId":"shrievarshanbaskar"},"content":"    public String a;","lastModifiedDate":"2026-01-29T01:45:37","isFullCredit":false},{"lineNumber":7,"author":{"gitId":"shrievarshanbaskar"},"content":"    public String b;","lastModifiedDate":"2026-01-29T01:45:37","isFullCredit":false},{"lineNumber":8,"author":{"gitId":"shrievarshanbaskar"},"content":"    public String c;","lastModifiedDate":"2026-01-29T01:45:37","isFullCredit":false},{"lineNumber":9,"author":{"gitId":"shrievarshanbaskar"},"content":"","lastModifiedDate":"2026-01-29T01:45:37","isFullCredit":false},{"lineNumber":10,"author":{"gitId":"shrievarshanbaskar"},"content":"    public ParsedCommand(CommandType type) {","lastModifiedDate":"2026-01-29T01:45:37","isFullCredit":false},{"lineNumber":11,"author":{"gitId":"shrievarshanbaskar"},"content":"        this.type \u003d type;","lastModifiedDate":"2026-01-29T01:45:37","isFullCredit":false},{"lineNumber":12,"author":{"gitId":"shrievarshanbaskar"},"content":"    }","lastModifiedDate":"2026-01-29T01:45:37","isFullCredit":false},{"lineNumber":13,"author":{"gitId":"shrievarshanbaskar"},"content":"","lastModifiedDate":"2026-01-29T01:45:37","isFullCredit":false},{"lineNumber":14,"author":{"gitId":"shrievarshanbaskar"},"content":"    public ParsedCommand(CommandType type, String a) {","lastModifiedDate":"2026-01-29T01:45:37","isFullCredit":false},{"lineNumber":15,"author":{"gitId":"shrievarshanbaskar"},"content":"        this.type \u003d type;","lastModifiedDate":"2026-01-29T01:45:37","isFullCredit":false},{"lineNumber":16,"author":{"gitId":"shrievarshanbaskar"},"content":"        this.a \u003d a;","lastModifiedDate":"2026-01-29T01:45:37","isFullCredit":false},{"lineNumber":17,"author":{"gitId":"shrievarshanbaskar"},"content":"    }","lastModifiedDate":"2026-01-29T01:45:37","isFullCredit":false},{"lineNumber":18,"author":{"gitId":"shrievarshanbaskar"},"content":"","lastModifiedDate":"2026-01-29T01:45:37","isFullCredit":false},{"lineNumber":19,"author":{"gitId":"shrievarshanbaskar"},"content":"    public ParsedCommand(CommandType type, String a, String b) {","lastModifiedDate":"2026-01-29T01:45:37","isFullCredit":false},{"lineNumber":20,"author":{"gitId":"shrievarshanbaskar"},"content":"        this.type \u003d type;","lastModifiedDate":"2026-01-29T01:45:37","isFullCredit":false},{"lineNumber":21,"author":{"gitId":"shrievarshanbaskar"},"content":"        this.a \u003d a;","lastModifiedDate":"2026-01-29T01:45:37","isFullCredit":false},{"lineNumber":22,"author":{"gitId":"shrievarshanbaskar"},"content":"        this.b \u003d b;","lastModifiedDate":"2026-01-29T01:45:37","isFullCredit":false},{"lineNumber":23,"author":{"gitId":"shrievarshanbaskar"},"content":"    }","lastModifiedDate":"2026-01-29T01:45:37","isFullCredit":false},{"lineNumber":24,"author":{"gitId":"shrievarshanbaskar"},"content":"","lastModifiedDate":"2026-01-28T22:18:00","isFullCredit":false},{"lineNumber":25,"author":{"gitId":"shrievarshanbaskar"},"content":"    public ParsedCommand(CommandType type, String a, String b, String c) {","lastModifiedDate":"2026-01-28T22:18:00","isFullCredit":false},{"lineNumber":26,"author":{"gitId":"shrievarshanbaskar"},"content":"        this.type \u003d type;","lastModifiedDate":"2026-01-28T22:18:00","isFullCredit":false},{"lineNumber":27,"author":{"gitId":"shrievarshanbaskar"},"content":"        this.a \u003d a;","lastModifiedDate":"2026-01-28T22:18:00","isFullCredit":false},{"lineNumber":28,"author":{"gitId":"shrievarshanbaskar"},"content":"        this.b \u003d b;","lastModifiedDate":"2026-01-28T22:18:00","isFullCredit":false},{"lineNumber":29,"author":{"gitId":"shrievarshanbaskar"},"content":"        this.c \u003d c;","lastModifiedDate":"2026-01-28T22:18:00","isFullCredit":false},{"lineNumber":30,"author":{"gitId":"shrievarshanbaskar"},"content":"    }","lastModifiedDate":"2026-01-28T22:18:00","isFullCredit":false},{"lineNumber":31,"author":{"gitId":"shrievarshanbaskar"},"content":"","lastModifiedDate":"2026-01-29T01:45:37","isFullCredit":false},{"lineNumber":32,"author":{"gitId":"shrievarshanbaskar"},"content":"    // \u003d\u003d\u003d\u003d\u003d getters for JUnit \u003d\u003d\u003d\u003d\u003d","lastModifiedDate":"2026-01-29T01:45:37","isFullCredit":false},{"lineNumber":33,"author":{"gitId":"shrievarshanbaskar"},"content":"    public CommandType getCommandType() {","lastModifiedDate":"2026-01-29T01:45:37","isFullCredit":false},{"lineNumber":34,"author":{"gitId":"shrievarshanbaskar"},"content":"        return type;","lastModifiedDate":"2026-01-29T01:45:37","isFullCredit":false},{"lineNumber":35,"author":{"gitId":"shrievarshanbaskar"},"content":"    }","lastModifiedDate":"2026-01-29T01:45:37","isFullCredit":false},{"lineNumber":36,"author":{"gitId":"shrievarshanbaskar"},"content":"","lastModifiedDate":"2026-01-29T01:45:37","isFullCredit":false},{"lineNumber":37,"author":{"gitId":"shrievarshanbaskar"},"content":"    public String getA() {","lastModifiedDate":"2026-01-29T01:45:37","isFullCredit":false},{"lineNumber":38,"author":{"gitId":"shrievarshanbaskar"},"content":"        return a;","lastModifiedDate":"2026-01-29T01:45:37","isFullCredit":false},{"lineNumber":39,"author":{"gitId":"shrievarshanbaskar"},"content":"    }","lastModifiedDate":"2026-01-29T01:45:37","isFullCredit":false},{"lineNumber":40,"author":{"gitId":"shrievarshanbaskar"},"content":"","lastModifiedDate":"2026-01-29T01:45:37","isFullCredit":false},{"lineNumber":41,"author":{"gitId":"shrievarshanbaskar"},"content":"    public String getB() {","lastModifiedDate":"2026-01-29T01:45:37","isFullCredit":false},{"lineNumber":42,"author":{"gitId":"shrievarshanbaskar"},"content":"        return b;","lastModifiedDate":"2026-01-29T01:45:37","isFullCredit":false},{"lineNumber":43,"author":{"gitId":"shrievarshanbaskar"},"content":"    }","lastModifiedDate":"2026-01-29T01:45:37","isFullCredit":false},{"lineNumber":44,"author":{"gitId":"shrievarshanbaskar"},"content":"","lastModifiedDate":"2026-01-29T01:45:37","isFullCredit":false},{"lineNumber":45,"author":{"gitId":"shrievarshanbaskar"},"content":"    public String getC() {","lastModifiedDate":"2026-01-29T01:45:37","isFullCredit":false},{"lineNumber":46,"author":{"gitId":"shrievarshanbaskar"},"content":"        return c;","lastModifiedDate":"2026-01-29T01:45:37","isFullCredit":false},{"lineNumber":47,"author":{"gitId":"shrievarshanbaskar"},"content":"    }","lastModifiedDate":"2026-01-29T01:45:37","isFullCredit":false},{"lineNumber":48,"author":{"gitId":"shrievarshanbaskar"},"content":"}","lastModifiedDate":"2026-01-28T22:18:00","isFullCredit":false}],"authorContributionMap":{"shrievarshanbaskar":48}},{"path":"src/main/java/fozza/Parser.java","fileType":"java","lines":[{"lineNumber":1,"author":{"gitId":"shrievarshanbaskar"},"content":"package fozza;","lastModifiedDate":"2026-01-29T00:20:14","isFullCredit":false},{"lineNumber":2,"author":{"gitId":"shrievarshanbaskar"},"content":"","lastModifiedDate":"2026-01-29T00:20:14","isFullCredit":false},{"lineNumber":3,"author":{"gitId":"shrievarshanbaskar"},"content":"public class Parser {","lastModifiedDate":"2026-01-28T22:18:00","isFullCredit":false},{"lineNumber":4,"author":{"gitId":"shrievarshanbaskar"},"content":"","lastModifiedDate":"2026-01-28T22:18:00","isFullCredit":false},{"lineNumber":5,"author":{"gitId":"shrievarshanbaskar"},"content":"    public static ParsedCommand parse(String input) throws Fozza.FozzaException {","lastModifiedDate":"2026-01-29T00:20:14","isFullCredit":false},{"lineNumber":6,"author":{"gitId":"shrievarshanbaskar"},"content":"        input \u003d input.trim();","lastModifiedDate":"2026-01-28T22:18:00","isFullCredit":false},{"lineNumber":7,"author":{"gitId":"shrievarshanbaskar"},"content":"","lastModifiedDate":"2026-01-28T22:18:00","isFullCredit":false},{"lineNumber":8,"author":{"gitId":"shrievarshanbaskar"},"content":"        if (input.equals(\"bye\")) {","lastModifiedDate":"2026-01-28T22:18:00","isFullCredit":false},{"lineNumber":9,"author":{"gitId":"shrievarshanbaskar"},"content":"            return new ParsedCommand(CommandType.BYE, null, null, null);","lastModifiedDate":"2026-01-28T22:18:00","isFullCredit":false},{"lineNumber":10,"author":{"gitId":"shrievarshanbaskar"},"content":"        }","lastModifiedDate":"2026-01-28T22:18:00","isFullCredit":false},{"lineNumber":11,"author":{"gitId":"shrievarshanbaskar"},"content":"","lastModifiedDate":"2026-01-28T22:18:00","isFullCredit":false},{"lineNumber":12,"author":{"gitId":"shrievarshanbaskar"},"content":"        if (input.equals(\"list\")) {","lastModifiedDate":"2026-01-28T22:18:00","isFullCredit":false},{"lineNumber":13,"author":{"gitId":"shrievarshanbaskar"},"content":"            return new ParsedCommand(CommandType.LIST, null, null, null);","lastModifiedDate":"2026-01-28T22:18:00","isFullCredit":false},{"lineNumber":14,"author":{"gitId":"shrievarshanbaskar"},"content":"        }","lastModifiedDate":"2026-01-28T22:18:00","isFullCredit":false},{"lineNumber":15,"author":{"gitId":"shrievarshanbaskar"},"content":"","lastModifiedDate":"2026-01-28T22:18:00","isFullCredit":false},{"lineNumber":16,"author":{"gitId":"shrievarshanbaskar"},"content":"        if (input.startsWith(\"delete \")) {","lastModifiedDate":"2026-01-28T22:18:00","isFullCredit":false},{"lineNumber":17,"author":{"gitId":"shrievarshanbaskar"},"content":"            String num \u003d input.substring(7).trim();","lastModifiedDate":"2026-01-28T22:18:00","isFullCredit":false},{"lineNumber":18,"author":{"gitId":"shrievarshanbaskar"},"content":"            return new ParsedCommand(CommandType.DELETE, num, null, null);","lastModifiedDate":"2026-01-28T22:18:00","isFullCredit":false},{"lineNumber":19,"author":{"gitId":"shrievarshanbaskar"},"content":"        }","lastModifiedDate":"2026-01-28T22:18:00","isFullCredit":false},{"lineNumber":20,"author":{"gitId":"shrievarshanbaskar"},"content":"","lastModifiedDate":"2026-01-28T22:18:00","isFullCredit":false},{"lineNumber":21,"author":{"gitId":"shrievarshanbaskar"},"content":"        if (input.equals(\"todo\") || (input.length() \u003c\u003d 5 \u0026\u0026 input.startsWith(\"todo\"))) {","lastModifiedDate":"2026-01-28T22:18:00","isFullCredit":false},{"lineNumber":22,"author":{"gitId":"shrievarshanbaskar"},"content":"            throw new Fozza.FozzaException(\"The description of a todo cannot be empty.\");","lastModifiedDate":"2026-01-29T00:20:14","isFullCredit":false},{"lineNumber":23,"author":{"gitId":"shrievarshanbaskar"},"content":"        }","lastModifiedDate":"2026-01-28T22:18:00","isFullCredit":false},{"lineNumber":24,"author":{"gitId":"shrievarshanbaskar"},"content":"","lastModifiedDate":"2026-01-28T22:18:00","isFullCredit":false},{"lineNumber":25,"author":{"gitId":"shrievarshanbaskar"},"content":"        if (input.startsWith(\"todo \")) {","lastModifiedDate":"2026-01-28T22:18:00","isFullCredit":false},{"lineNumber":26,"author":{"gitId":"shrievarshanbaskar"},"content":"            String name \u003d input.substring(5);","lastModifiedDate":"2026-01-28T22:18:00","isFullCredit":false},{"lineNumber":27,"author":{"gitId":"shrievarshanbaskar"},"content":"            return new ParsedCommand(CommandType.TODO, name, null, null);","lastModifiedDate":"2026-01-28T22:18:00","isFullCredit":false},{"lineNumber":28,"author":{"gitId":"shrievarshanbaskar"},"content":"        }","lastModifiedDate":"2026-01-28T22:18:00","isFullCredit":false},{"lineNumber":29,"author":{"gitId":"shrievarshanbaskar"},"content":"","lastModifiedDate":"2026-01-28T22:18:00","isFullCredit":false},{"lineNumber":30,"author":{"gitId":"shrievarshanbaskar"},"content":"        if (input.startsWith(\"deadline \")) {","lastModifiedDate":"2026-01-28T22:18:00","isFullCredit":false},{"lineNumber":31,"author":{"gitId":"shrievarshanbaskar"},"content":"            if (!input.contains(\" /by \")) {","lastModifiedDate":"2026-01-28T22:18:00","isFullCredit":false},{"lineNumber":32,"author":{"gitId":"shrievarshanbaskar"},"content":"                throw new Fozza.FozzaException(\"A deadline must have a /by.\");","lastModifiedDate":"2026-01-29T00:20:14","isFullCredit":false},{"lineNumber":33,"author":{"gitId":"shrievarshanbaskar"},"content":"            }","lastModifiedDate":"2026-01-28T22:18:00","isFullCredit":false},{"lineNumber":34,"author":{"gitId":"shrievarshanbaskar"},"content":"            String[] parts \u003d input.substring(9).split(\" /by \");","lastModifiedDate":"2026-01-28T22:18:00","isFullCredit":false},{"lineNumber":35,"author":{"gitId":"shrievarshanbaskar"},"content":"            return new ParsedCommand(CommandType.DEADLINE, parts[0], parts[1], null);","lastModifiedDate":"2026-01-28T22:18:00","isFullCredit":false},{"lineNumber":36,"author":{"gitId":"shrievarshanbaskar"},"content":"        }","lastModifiedDate":"2026-01-28T22:18:00","isFullCredit":false},{"lineNumber":37,"author":{"gitId":"shrievarshanbaskar"},"content":"","lastModifiedDate":"2026-01-28T22:18:00","isFullCredit":false},{"lineNumber":38,"author":{"gitId":"shrievarshanbaskar"},"content":"        if (input.startsWith(\"event \")) {","lastModifiedDate":"2026-01-28T22:18:00","isFullCredit":false},{"lineNumber":39,"author":{"gitId":"shrievarshanbaskar"},"content":"            if (!input.contains(\" /from \") || !input.contains(\" /to \")) {","lastModifiedDate":"2026-01-28T22:18:00","isFullCredit":false},{"lineNumber":40,"author":{"gitId":"shrievarshanbaskar"},"content":"                throw new Fozza.FozzaException(\"An event must have /from and /to.\");","lastModifiedDate":"2026-01-29T00:20:14","isFullCredit":false},{"lineNumber":41,"author":{"gitId":"shrievarshanbaskar"},"content":"            }","lastModifiedDate":"2026-01-28T22:18:00","isFullCredit":false},{"lineNumber":42,"author":{"gitId":"shrievarshanbaskar"},"content":"            String[] first \u003d input.substring(6).split(\" /from \");","lastModifiedDate":"2026-01-28T22:18:00","isFullCredit":false},{"lineNumber":43,"author":{"gitId":"shrievarshanbaskar"},"content":"            String[] second \u003d first[1].split(\" /to \");","lastModifiedDate":"2026-01-28T22:18:00","isFullCredit":false},{"lineNumber":44,"author":{"gitId":"shrievarshanbaskar"},"content":"            return new ParsedCommand(CommandType.EVENT, first[0], second[0], second[1]);","lastModifiedDate":"2026-01-28T22:18:00","isFullCredit":false},{"lineNumber":45,"author":{"gitId":"shrievarshanbaskar"},"content":"        }","lastModifiedDate":"2026-01-28T22:18:00","isFullCredit":false},{"lineNumber":46,"author":{"gitId":"shrievarshanbaskar"},"content":"","lastModifiedDate":"2026-01-28T22:18:00","isFullCredit":false},{"lineNumber":47,"author":{"gitId":"shrievarshanbaskar"},"content":"        throw new Fozza.FozzaException(\"I\u0027m sorry, but I don\u0027t know what that means.\");","lastModifiedDate":"2026-01-29T00:20:14","isFullCredit":false},{"lineNumber":48,"author":{"gitId":"shrievarshanbaskar"},"content":"    }","lastModifiedDate":"2026-01-28T22:18:00","isFullCredit":false},{"lineNumber":49,"author":{"gitId":"shrievarshanbaskar"},"content":"}","lastModifiedDate":"2026-01-28T22:18:00","isFullCredit":false}],"authorContributionMap":{"shrievarshanbaskar":49}},{"path":"src/main/java/fozza/Storage.java","fileType":"java","lines":[{"lineNumber":1,"author":{"gitId":"shrievarshanbaskar"},"content":"package fozza;","lastModifiedDate":"2026-01-29T00:20:14","isFullCredit":false},{"lineNumber":2,"author":{"gitId":"shrievarshanbaskar"},"content":"","lastModifiedDate":"2026-01-29T00:20:14","isFullCredit":false},{"lineNumber":3,"author":{"gitId":"shrievarshanbaskar"},"content":"import java.io.*;","lastModifiedDate":"2026-01-28T21:37:11","isFullCredit":false},{"lineNumber":4,"author":{"gitId":"shrievarshanbaskar"},"content":"import java.nio.file.*;","lastModifiedDate":"2026-01-28T21:37:11","isFullCredit":false},{"lineNumber":5,"author":{"gitId":"shrievarshanbaskar"},"content":"import java.util.ArrayList;","lastModifiedDate":"2026-01-28T21:37:11","isFullCredit":false},{"lineNumber":6,"author":{"gitId":"shrievarshanbaskar"},"content":"","lastModifiedDate":"2026-01-28T21:37:11","isFullCredit":false},{"lineNumber":7,"author":{"gitId":"shrievarshanbaskar"},"content":"public class Storage {","lastModifiedDate":"2026-01-28T21:37:11","isFullCredit":false},{"lineNumber":8,"author":{"gitId":"shrievarshanbaskar"},"content":"    private final Path filePath;","lastModifiedDate":"2026-01-28T21:37:11","isFullCredit":false},{"lineNumber":9,"author":{"gitId":"shrievarshanbaskar"},"content":"","lastModifiedDate":"2026-01-28T21:37:11","isFullCredit":false},{"lineNumber":10,"author":{"gitId":"shrievarshanbaskar"},"content":"    public Storage() {","lastModifiedDate":"2026-01-28T21:37:11","isFullCredit":false},{"lineNumber":11,"author":{"gitId":"shrievarshanbaskar"},"content":"        this.filePath \u003d Paths.get(\"data\", \"fozza.txt\");","lastModifiedDate":"2026-01-28T21:37:11","isFullCredit":false},{"lineNumber":12,"author":{"gitId":"shrievarshanbaskar"},"content":"    }","lastModifiedDate":"2026-01-28T21:37:11","isFullCredit":false},{"lineNumber":13,"author":{"gitId":"shrievarshanbaskar"},"content":"","lastModifiedDate":"2026-01-28T21:37:11","isFullCredit":false},{"lineNumber":14,"author":{"gitId":"shrievarshanbaskar"},"content":"    public ArrayList\u003cTask\u003e load() throws IOException {","lastModifiedDate":"2026-01-28T21:37:11","isFullCredit":false},{"lineNumber":15,"author":{"gitId":"shrievarshanbaskar"},"content":"        ArrayList\u003cTask\u003e tasks \u003d new ArrayList\u003c\u003e();","lastModifiedDate":"2026-01-28T21:37:11","isFullCredit":false},{"lineNumber":16,"author":{"gitId":"shrievarshanbaskar"},"content":"","lastModifiedDate":"2026-01-28T21:37:11","isFullCredit":false},{"lineNumber":17,"author":{"gitId":"shrievarshanbaskar"},"content":"        if (!Files.exists(filePath)) {","lastModifiedDate":"2026-01-28T21:37:11","isFullCredit":false},{"lineNumber":18,"author":{"gitId":"shrievarshanbaskar"},"content":"            Files.createDirectories(filePath.getParent());","lastModifiedDate":"2026-01-28T21:37:11","isFullCredit":false},{"lineNumber":19,"author":{"gitId":"shrievarshanbaskar"},"content":"            Files.createFile(filePath);","lastModifiedDate":"2026-01-28T21:37:11","isFullCredit":false},{"lineNumber":20,"author":{"gitId":"shrievarshanbaskar"},"content":"            return tasks;","lastModifiedDate":"2026-01-28T21:37:11","isFullCredit":false},{"lineNumber":21,"author":{"gitId":"shrievarshanbaskar"},"content":"        }","lastModifiedDate":"2026-01-28T21:37:11","isFullCredit":false},{"lineNumber":22,"author":{"gitId":"shrievarshanbaskar"},"content":"","lastModifiedDate":"2026-01-28T21:37:11","isFullCredit":false},{"lineNumber":23,"author":{"gitId":"shrievarshanbaskar"},"content":"        BufferedReader reader \u003d Files.newBufferedReader(filePath);","lastModifiedDate":"2026-01-28T21:37:11","isFullCredit":false},{"lineNumber":24,"author":{"gitId":"shrievarshanbaskar"},"content":"        String line;","lastModifiedDate":"2026-01-28T21:37:11","isFullCredit":false},{"lineNumber":25,"author":{"gitId":"shrievarshanbaskar"},"content":"","lastModifiedDate":"2026-01-28T21:37:11","isFullCredit":false},{"lineNumber":26,"author":{"gitId":"shrievarshanbaskar"},"content":"        while ((line \u003d reader.readLine()) !\u003d null) {","lastModifiedDate":"2026-01-28T21:37:11","isFullCredit":false},{"lineNumber":27,"author":{"gitId":"shrievarshanbaskar"},"content":"            if (!line.trim().isEmpty()) {","lastModifiedDate":"2026-01-28T22:05:03","isFullCredit":false},{"lineNumber":28,"author":{"gitId":"shrievarshanbaskar"},"content":"                tasks.add(parseTask(line));","lastModifiedDate":"2026-01-28T21:37:11","isFullCredit":false},{"lineNumber":29,"author":{"gitId":"shrievarshanbaskar"},"content":"            }","lastModifiedDate":"2026-01-28T21:37:11","isFullCredit":false},{"lineNumber":30,"author":{"gitId":"shrievarshanbaskar"},"content":"        }","lastModifiedDate":"2026-01-28T22:05:03","isFullCredit":false},{"lineNumber":31,"author":{"gitId":"shrievarshanbaskar"},"content":"","lastModifiedDate":"2026-01-28T21:37:11","isFullCredit":false},{"lineNumber":32,"author":{"gitId":"shrievarshanbaskar"},"content":"        reader.close();","lastModifiedDate":"2026-01-28T21:37:11","isFullCredit":false},{"lineNumber":33,"author":{"gitId":"shrievarshanbaskar"},"content":"        return tasks;","lastModifiedDate":"2026-01-28T21:37:11","isFullCredit":false},{"lineNumber":34,"author":{"gitId":"shrievarshanbaskar"},"content":"    }","lastModifiedDate":"2026-01-28T21:37:11","isFullCredit":false},{"lineNumber":35,"author":{"gitId":"shrievarshanbaskar"},"content":"","lastModifiedDate":"2026-01-28T21:37:11","isFullCredit":false},{"lineNumber":36,"author":{"gitId":"shrievarshanbaskar"},"content":"    public void save(ArrayList\u003cTask\u003e tasks) throws IOException {","lastModifiedDate":"2026-01-28T21:37:11","isFullCredit":false},{"lineNumber":37,"author":{"gitId":"shrievarshanbaskar"},"content":"        Files.createDirectories(filePath.getParent());","lastModifiedDate":"2026-01-28T21:37:11","isFullCredit":false},{"lineNumber":38,"author":{"gitId":"shrievarshanbaskar"},"content":"        BufferedWriter writer \u003d Files.newBufferedWriter(filePath);","lastModifiedDate":"2026-01-28T21:37:11","isFullCredit":false},{"lineNumber":39,"author":{"gitId":"shrievarshanbaskar"},"content":"","lastModifiedDate":"2026-01-28T21:37:11","isFullCredit":false},{"lineNumber":40,"author":{"gitId":"shrievarshanbaskar"},"content":"        for (Task t : tasks) {","lastModifiedDate":"2026-01-28T21:37:11","isFullCredit":false},{"lineNumber":41,"author":{"gitId":"shrievarshanbaskar"},"content":"            writer.write(t.toFileString());","lastModifiedDate":"2026-01-28T21:37:11","isFullCredit":false},{"lineNumber":42,"author":{"gitId":"shrievarshanbaskar"},"content":"            writer.newLine();","lastModifiedDate":"2026-01-28T21:37:11","isFullCredit":false},{"lineNumber":43,"author":{"gitId":"shrievarshanbaskar"},"content":"        }","lastModifiedDate":"2026-01-28T21:37:11","isFullCredit":false},{"lineNumber":44,"author":{"gitId":"shrievarshanbaskar"},"content":"","lastModifiedDate":"2026-01-28T21:37:11","isFullCredit":false},{"lineNumber":45,"author":{"gitId":"shrievarshanbaskar"},"content":"        writer.close();","lastModifiedDate":"2026-01-28T21:37:11","isFullCredit":false},{"lineNumber":46,"author":{"gitId":"shrievarshanbaskar"},"content":"    }","lastModifiedDate":"2026-01-28T21:37:11","isFullCredit":false},{"lineNumber":47,"author":{"gitId":"shrievarshanbaskar"},"content":"","lastModifiedDate":"2026-01-28T21:37:11","isFullCredit":false},{"lineNumber":48,"author":{"gitId":"shrievarshanbaskar"},"content":"    private Task parseTask(String line) {","lastModifiedDate":"2026-01-28T21:37:11","isFullCredit":false},{"lineNumber":49,"author":{"gitId":"shrievarshanbaskar"},"content":"        String[] parts \u003d line.split(\" \\\\| \");","lastModifiedDate":"2026-01-28T21:37:11","isFullCredit":false},{"lineNumber":50,"author":{"gitId":"shrievarshanbaskar"},"content":"","lastModifiedDate":"2026-01-28T21:37:11","isFullCredit":false},{"lineNumber":51,"author":{"gitId":"shrievarshanbaskar"},"content":"        String type \u003d parts[0];","lastModifiedDate":"2026-01-28T21:37:11","isFullCredit":false},{"lineNumber":52,"author":{"gitId":"shrievarshanbaskar"},"content":"        boolean isDone \u003d parts[1].equals(\"1\");","lastModifiedDate":"2026-01-28T21:37:11","isFullCredit":false},{"lineNumber":53,"author":{"gitId":"shrievarshanbaskar"},"content":"","lastModifiedDate":"2026-01-28T21:37:11","isFullCredit":false},{"lineNumber":54,"author":{"gitId":"shrievarshanbaskar"},"content":"        switch (type) {","lastModifiedDate":"2026-01-28T21:37:11","isFullCredit":false},{"lineNumber":55,"author":{"gitId":"shrievarshanbaskar"},"content":"            case \"T\":","lastModifiedDate":"2026-01-28T21:37:11","isFullCredit":false},{"lineNumber":56,"author":{"gitId":"shrievarshanbaskar"},"content":"                return new Todo(parts[2], isDone);","lastModifiedDate":"2026-01-28T21:37:11","isFullCredit":false},{"lineNumber":57,"author":{"gitId":"shrievarshanbaskar"},"content":"            case \"D\":","lastModifiedDate":"2026-01-28T21:37:11","isFullCredit":false},{"lineNumber":58,"author":{"gitId":"shrievarshanbaskar"},"content":"                return new Deadline(parts[2], isDone, parts[3]);","lastModifiedDate":"2026-01-28T21:37:11","isFullCredit":false},{"lineNumber":59,"author":{"gitId":"shrievarshanbaskar"},"content":"            case \"E\":","lastModifiedDate":"2026-01-28T21:37:11","isFullCredit":false},{"lineNumber":60,"author":{"gitId":"shrievarshanbaskar"},"content":"                return new Event(parts[2], isDone, parts[3], parts[4]);","lastModifiedDate":"2026-01-28T21:37:11","isFullCredit":false},{"lineNumber":61,"author":{"gitId":"shrievarshanbaskar"},"content":"            default:","lastModifiedDate":"2026-01-28T21:37:11","isFullCredit":false},{"lineNumber":62,"author":{"gitId":"shrievarshanbaskar"},"content":"                throw new IllegalArgumentException(\"Corrupted data file\");","lastModifiedDate":"2026-01-28T21:37:11","isFullCredit":false},{"lineNumber":63,"author":{"gitId":"shrievarshanbaskar"},"content":"        }","lastModifiedDate":"2026-01-28T21:37:11","isFullCredit":false},{"lineNumber":64,"author":{"gitId":"shrievarshanbaskar"},"content":"    }","lastModifiedDate":"2026-01-28T21:37:11","isFullCredit":false},{"lineNumber":65,"author":{"gitId":"shrievarshanbaskar"},"content":"}","lastModifiedDate":"2026-01-28T21:37:11","isFullCredit":false}],"authorContributionMap":{"shrievarshanbaskar":65}},{"path":"src/main/java/fozza/Task.java","fileType":"java","lines":[{"lineNumber":1,"author":{"gitId":"shrievarshanbaskar"},"content":"package fozza;","lastModifiedDate":"2026-01-29T00:20:14","isFullCredit":false},{"lineNumber":2,"author":{"gitId":"shrievarshanbaskar"},"content":"","lastModifiedDate":"2026-01-29T00:20:14","isFullCredit":false},{"lineNumber":3,"author":{"gitId":"shrievarshanbaskar"},"content":"public abstract class Task {","lastModifiedDate":"2026-01-28T21:37:11","isFullCredit":false},{"lineNumber":4,"author":{"gitId":"shrievarshanbaskar"},"content":"    protected String name;","lastModifiedDate":"2026-01-28T21:37:11","isFullCredit":false},{"lineNumber":5,"author":{"gitId":"shrievarshanbaskar"},"content":"    protected boolean status;","lastModifiedDate":"2026-01-28T21:37:11","isFullCredit":false},{"lineNumber":6,"author":{"gitId":"shrievarshanbaskar"},"content":"","lastModifiedDate":"2026-01-22T19:33:06","isFullCredit":false},{"lineNumber":7,"author":{"gitId":"shrievarshanbaskar"},"content":"    public Task(String name, boolean status) {","lastModifiedDate":"2026-01-22T19:33:06","isFullCredit":false},{"lineNumber":8,"author":{"gitId":"shrievarshanbaskar"},"content":"        this.name \u003d name;","lastModifiedDate":"2026-01-22T19:33:06","isFullCredit":false},{"lineNumber":9,"author":{"gitId":"shrievarshanbaskar"},"content":"        this.status \u003d status;","lastModifiedDate":"2026-01-22T19:33:06","isFullCredit":false},{"lineNumber":10,"author":{"gitId":"shrievarshanbaskar"},"content":"    }","lastModifiedDate":"2026-01-22T19:33:06","isFullCredit":false},{"lineNumber":11,"author":{"gitId":"shrievarshanbaskar"},"content":"    public abstract String toFileString();","lastModifiedDate":"2026-01-28T21:37:11","isFullCredit":false},{"lineNumber":12,"author":{"gitId":"shrievarshanbaskar"},"content":"","lastModifiedDate":"2026-01-22T20:10:09","isFullCredit":false},{"lineNumber":13,"author":{"gitId":"shrievarshanbaskar"},"content":"    public boolean getStatus() {","lastModifiedDate":"2026-01-22T19:33:06","isFullCredit":false},{"lineNumber":14,"author":{"gitId":"shrievarshanbaskar"},"content":"        return this.status;","lastModifiedDate":"2026-01-22T19:33:06","isFullCredit":false},{"lineNumber":15,"author":{"gitId":"shrievarshanbaskar"},"content":"    }","lastModifiedDate":"2026-01-22T19:33:06","isFullCredit":false},{"lineNumber":16,"author":{"gitId":"shrievarshanbaskar"},"content":"","lastModifiedDate":"2026-01-22T20:10:09","isFullCredit":false},{"lineNumber":17,"author":{"gitId":"shrievarshanbaskar"},"content":"    public void setStatus(boolean status) {","lastModifiedDate":"2026-01-22T19:33:06","isFullCredit":false},{"lineNumber":18,"author":{"gitId":"shrievarshanbaskar"},"content":"        this.status \u003d status;","lastModifiedDate":"2026-01-22T19:33:06","isFullCredit":false},{"lineNumber":19,"author":{"gitId":"shrievarshanbaskar"},"content":"    }","lastModifiedDate":"2026-01-22T19:33:06","isFullCredit":false},{"lineNumber":20,"author":{"gitId":"shrievarshanbaskar"},"content":"","lastModifiedDate":"2026-01-22T20:10:09","isFullCredit":false},{"lineNumber":21,"author":{"gitId":"shrievarshanbaskar"},"content":"    @Override","lastModifiedDate":"2026-01-22T19:33:06","isFullCredit":false},{"lineNumber":22,"author":{"gitId":"shrievarshanbaskar"},"content":"    public String toString() {","lastModifiedDate":"2026-01-22T19:33:06","isFullCredit":false},{"lineNumber":23,"author":{"gitId":"shrievarshanbaskar"},"content":"        if (status) {","lastModifiedDate":"2026-01-22T19:33:06","isFullCredit":false},{"lineNumber":24,"author":{"gitId":"shrievarshanbaskar"},"content":"            return \"[X] \" + name;","lastModifiedDate":"2026-01-22T20:10:09","isFullCredit":false},{"lineNumber":25,"author":{"gitId":"shrievarshanbaskar"},"content":"        }","lastModifiedDate":"2026-01-22T19:33:06","isFullCredit":false},{"lineNumber":26,"author":{"gitId":"shrievarshanbaskar"},"content":"        return \"[ ] \" + name;","lastModifiedDate":"2026-01-22T20:10:09","isFullCredit":false},{"lineNumber":27,"author":{"gitId":"shrievarshanbaskar"},"content":"    }","lastModifiedDate":"2026-01-22T19:33:06","isFullCredit":false},{"lineNumber":28,"author":{"gitId":"shrievarshanbaskar"},"content":"}","lastModifiedDate":"2026-01-22T19:33:06","isFullCredit":false}],"authorContributionMap":{"shrievarshanbaskar":28}},{"path":"src/main/java/fozza/TaskList.java","fileType":"java","lines":[{"lineNumber":1,"author":{"gitId":"shrievarshanbaskar"},"content":"package fozza;","lastModifiedDate":"2026-01-29T00:20:14","isFullCredit":false},{"lineNumber":2,"author":{"gitId":"shrievarshanbaskar"},"content":"","lastModifiedDate":"2026-01-29T00:20:14","isFullCredit":false},{"lineNumber":3,"author":{"gitId":"shrievarshanbaskar"},"content":"import java.util.ArrayList;","lastModifiedDate":"2026-01-28T22:15:10","isFullCredit":false},{"lineNumber":4,"author":{"gitId":"shrievarshanbaskar"},"content":"","lastModifiedDate":"2026-01-28T22:15:10","isFullCredit":false},{"lineNumber":5,"author":{"gitId":"shrievarshanbaskar"},"content":"public class TaskList {","lastModifiedDate":"2026-01-28T22:15:10","isFullCredit":false},{"lineNumber":6,"author":{"gitId":"shrievarshanbaskar"},"content":"    private final ArrayList\u003cTask\u003e tasks;","lastModifiedDate":"2026-01-28T22:15:10","isFullCredit":false},{"lineNumber":7,"author":{"gitId":"shrievarshanbaskar"},"content":"","lastModifiedDate":"2026-01-28T22:15:10","isFullCredit":false},{"lineNumber":8,"author":{"gitId":"shrievarshanbaskar"},"content":"    public TaskList() {","lastModifiedDate":"2026-01-28T22:15:10","isFullCredit":false},{"lineNumber":9,"author":{"gitId":"shrievarshanbaskar"},"content":"        this.tasks \u003d new ArrayList\u003c\u003e();","lastModifiedDate":"2026-01-28T22:15:10","isFullCredit":false},{"lineNumber":10,"author":{"gitId":"shrievarshanbaskar"},"content":"    }","lastModifiedDate":"2026-01-28T22:15:10","isFullCredit":false},{"lineNumber":11,"author":{"gitId":"shrievarshanbaskar"},"content":"","lastModifiedDate":"2026-01-28T22:15:10","isFullCredit":false},{"lineNumber":12,"author":{"gitId":"shrievarshanbaskar"},"content":"    public TaskList(ArrayList\u003cTask\u003e tasks) {","lastModifiedDate":"2026-01-28T22:15:10","isFullCredit":false},{"lineNumber":13,"author":{"gitId":"shrievarshanbaskar"},"content":"        this.tasks \u003d tasks;","lastModifiedDate":"2026-01-28T22:15:10","isFullCredit":false},{"lineNumber":14,"author":{"gitId":"shrievarshanbaskar"},"content":"    }","lastModifiedDate":"2026-01-28T22:15:10","isFullCredit":false},{"lineNumber":15,"author":{"gitId":"shrievarshanbaskar"},"content":"","lastModifiedDate":"2026-01-28T22:15:10","isFullCredit":false},{"lineNumber":16,"author":{"gitId":"shrievarshanbaskar"},"content":"    public void add(Task t) {","lastModifiedDate":"2026-01-28T22:15:10","isFullCredit":false},{"lineNumber":17,"author":{"gitId":"shrievarshanbaskar"},"content":"        tasks.add(t);","lastModifiedDate":"2026-01-28T22:15:10","isFullCredit":false},{"lineNumber":18,"author":{"gitId":"shrievarshanbaskar"},"content":"    }","lastModifiedDate":"2026-01-28T22:15:10","isFullCredit":false},{"lineNumber":19,"author":{"gitId":"shrievarshanbaskar"},"content":"","lastModifiedDate":"2026-01-28T22:15:10","isFullCredit":false},{"lineNumber":20,"author":{"gitId":"shrievarshanbaskar"},"content":"    public Task remove(int index) {","lastModifiedDate":"2026-01-28T22:15:10","isFullCredit":false},{"lineNumber":21,"author":{"gitId":"shrievarshanbaskar"},"content":"        return tasks.remove(index);","lastModifiedDate":"2026-01-28T22:15:10","isFullCredit":false},{"lineNumber":22,"author":{"gitId":"shrievarshanbaskar"},"content":"    }","lastModifiedDate":"2026-01-28T22:15:10","isFullCredit":false},{"lineNumber":23,"author":{"gitId":"shrievarshanbaskar"},"content":"","lastModifiedDate":"2026-01-28T22:15:10","isFullCredit":false},{"lineNumber":24,"author":{"gitId":"shrievarshanbaskar"},"content":"    public Task get(int index) {","lastModifiedDate":"2026-01-28T22:15:10","isFullCredit":false},{"lineNumber":25,"author":{"gitId":"shrievarshanbaskar"},"content":"        return tasks.get(index);","lastModifiedDate":"2026-01-28T22:15:10","isFullCredit":false},{"lineNumber":26,"author":{"gitId":"shrievarshanbaskar"},"content":"    }","lastModifiedDate":"2026-01-28T22:15:10","isFullCredit":false},{"lineNumber":27,"author":{"gitId":"shrievarshanbaskar"},"content":"","lastModifiedDate":"2026-01-28T22:15:10","isFullCredit":false},{"lineNumber":28,"author":{"gitId":"shrievarshanbaskar"},"content":"    public int size() {","lastModifiedDate":"2026-01-28T22:15:10","isFullCredit":false},{"lineNumber":29,"author":{"gitId":"shrievarshanbaskar"},"content":"        return tasks.size();","lastModifiedDate":"2026-01-28T22:15:10","isFullCredit":false},{"lineNumber":30,"author":{"gitId":"shrievarshanbaskar"},"content":"    }","lastModifiedDate":"2026-01-28T22:15:10","isFullCredit":false},{"lineNumber":31,"author":{"gitId":"shrievarshanbaskar"},"content":"","lastModifiedDate":"2026-01-28T22:15:10","isFullCredit":false},{"lineNumber":32,"author":{"gitId":"shrievarshanbaskar"},"content":"    public ArrayList\u003cTask\u003e getTasks() {","lastModifiedDate":"2026-01-28T22:15:10","isFullCredit":false},{"lineNumber":33,"author":{"gitId":"shrievarshanbaskar"},"content":"        return tasks;","lastModifiedDate":"2026-01-28T22:15:10","isFullCredit":false},{"lineNumber":34,"author":{"gitId":"shrievarshanbaskar"},"content":"    }","lastModifiedDate":"2026-01-28T22:15:10","isFullCredit":false},{"lineNumber":35,"author":{"gitId":"shrievarshanbaskar"},"content":"}","lastModifiedDate":"2026-01-28T22:15:10","isFullCredit":false}],"authorContributionMap":{"shrievarshanbaskar":35}},{"path":"src/main/java/fozza/Todo.java","fileType":"java","lines":[{"lineNumber":1,"author":{"gitId":"shrievarshanbaskar"},"content":"package fozza;","lastModifiedDate":"2026-01-29T00:20:14","isFullCredit":false},{"lineNumber":2,"author":{"gitId":"shrievarshanbaskar"},"content":"","lastModifiedDate":"2026-01-29T00:20:14","isFullCredit":false},{"lineNumber":3,"author":{"gitId":"shrievarshanbaskar"},"content":"public class Todo extends Task {","lastModifiedDate":"2026-01-22T20:10:09","isFullCredit":false},{"lineNumber":4,"author":{"gitId":"shrievarshanbaskar"},"content":"","lastModifiedDate":"2026-01-22T20:10:09","isFullCredit":false},{"lineNumber":5,"author":{"gitId":"shrievarshanbaskar"},"content":"    public Todo(String name, boolean status) {","lastModifiedDate":"2026-01-22T20:10:09","isFullCredit":false},{"lineNumber":6,"author":{"gitId":"shrievarshanbaskar"},"content":"        super(name, status);","lastModifiedDate":"2026-01-22T20:10:09","isFullCredit":false},{"lineNumber":7,"author":{"gitId":"shrievarshanbaskar"},"content":"    }","lastModifiedDate":"2026-01-22T20:10:09","isFullCredit":false},{"lineNumber":8,"author":{"gitId":"shrievarshanbaskar"},"content":"","lastModifiedDate":"2026-01-22T20:10:09","isFullCredit":false},{"lineNumber":9,"author":{"gitId":"shrievarshanbaskar"},"content":"    @Override","lastModifiedDate":"2026-01-22T20:10:09","isFullCredit":false},{"lineNumber":10,"author":{"gitId":"shrievarshanbaskar"},"content":"    public String toString() {","lastModifiedDate":"2026-01-22T20:10:09","isFullCredit":false},{"lineNumber":11,"author":{"gitId":"shrievarshanbaskar"},"content":"        return \"[T]\" + super.toString();","lastModifiedDate":"2026-01-22T20:10:09","isFullCredit":false},{"lineNumber":12,"author":{"gitId":"shrievarshanbaskar"},"content":"    }","lastModifiedDate":"2026-01-22T20:10:09","isFullCredit":false},{"lineNumber":13,"author":{"gitId":"shrievarshanbaskar"},"content":"","lastModifiedDate":"2026-01-28T21:37:11","isFullCredit":false},{"lineNumber":14,"author":{"gitId":"shrievarshanbaskar"},"content":"    @Override","lastModifiedDate":"2026-01-28T21:37:11","isFullCredit":false},{"lineNumber":15,"author":{"gitId":"shrievarshanbaskar"},"content":"    public String toFileString() {","lastModifiedDate":"2026-01-28T21:37:11","isFullCredit":false},{"lineNumber":16,"author":{"gitId":"shrievarshanbaskar"},"content":"        return \"T | \" + (status ? \"1\" : \"0\") + \" | \" + name;","lastModifiedDate":"2026-01-28T21:37:11","isFullCredit":false},{"lineNumber":17,"author":{"gitId":"shrievarshanbaskar"},"content":"    }","lastModifiedDate":"2026-01-28T21:37:11","isFullCredit":false},{"lineNumber":18,"author":{"gitId":"shrievarshanbaskar"},"content":"}","lastModifiedDate":"2026-01-22T20:10:09","isFullCredit":false}],"authorContributionMap":{"shrievarshanbaskar":18}},{"path":"src/main/java/fozza/Ui.java","fileType":"java","lines":[{"lineNumber":1,"author":{"gitId":"shrievarshanbaskar"},"content":"package fozza;","lastModifiedDate":"2026-01-29T00:20:14","isFullCredit":false},{"lineNumber":2,"author":{"gitId":"shrievarshanbaskar"},"content":"","lastModifiedDate":"2026-01-29T00:20:14","isFullCredit":false},{"lineNumber":3,"author":{"gitId":"shrievarshanbaskar"},"content":"import java.util.Scanner;","lastModifiedDate":"2026-01-28T22:14:09","isFullCredit":false},{"lineNumber":4,"author":{"gitId":"shrievarshanbaskar"},"content":"","lastModifiedDate":"2026-01-28T22:14:09","isFullCredit":false},{"lineNumber":5,"author":{"gitId":"shrievarshanbaskar"},"content":"public class Ui {","lastModifiedDate":"2026-01-28T22:14:09","isFullCredit":false},{"lineNumber":6,"author":{"gitId":"shrievarshanbaskar"},"content":"    private final Scanner sc \u003d new Scanner(System.in);","lastModifiedDate":"2026-01-28T22:14:09","isFullCredit":false},{"lineNumber":7,"author":{"gitId":"shrievarshanbaskar"},"content":"","lastModifiedDate":"2026-01-28T22:14:09","isFullCredit":false},{"lineNumber":8,"author":{"gitId":"shrievarshanbaskar"},"content":"    public void showLine() {","lastModifiedDate":"2026-01-28T22:14:09","isFullCredit":false},{"lineNumber":9,"author":{"gitId":"shrievarshanbaskar"},"content":"        System.out.println(\"-------------------------------------------------\");","lastModifiedDate":"2026-01-28T22:14:09","isFullCredit":false},{"lineNumber":10,"author":{"gitId":"shrievarshanbaskar"},"content":"    }","lastModifiedDate":"2026-01-28T22:14:09","isFullCredit":false},{"lineNumber":11,"author":{"gitId":"shrievarshanbaskar"},"content":"","lastModifiedDate":"2026-01-28T22:14:09","isFullCredit":false},{"lineNumber":12,"author":{"gitId":"shrievarshanbaskar"},"content":"    public void showWelcome() {","lastModifiedDate":"2026-01-28T22:14:09","isFullCredit":false},{"lineNumber":13,"author":{"gitId":"shrievarshanbaskar"},"content":"        showLine();","lastModifiedDate":"2026-01-28T22:14:09","isFullCredit":false},{"lineNumber":14,"author":{"gitId":"shrievarshanbaskar"},"content":"        System.out.println(\"Hello! I\u0027m fozza.Fozza\");","lastModifiedDate":"2026-01-29T00:20:14","isFullCredit":false},{"lineNumber":15,"author":{"gitId":"shrievarshanbaskar"},"content":"        System.out.println(\"What can I do for you?\\n\");","lastModifiedDate":"2026-01-28T22:14:09","isFullCredit":false},{"lineNumber":16,"author":{"gitId":"shrievarshanbaskar"},"content":"        showLine();","lastModifiedDate":"2026-01-28T22:14:09","isFullCredit":false},{"lineNumber":17,"author":{"gitId":"shrievarshanbaskar"},"content":"    }","lastModifiedDate":"2026-01-28T22:14:09","isFullCredit":false},{"lineNumber":18,"author":{"gitId":"shrievarshanbaskar"},"content":"","lastModifiedDate":"2026-01-28T22:14:09","isFullCredit":false},{"lineNumber":19,"author":{"gitId":"shrievarshanbaskar"},"content":"    public String readCommand() {","lastModifiedDate":"2026-01-28T22:14:09","isFullCredit":false},{"lineNumber":20,"author":{"gitId":"shrievarshanbaskar"},"content":"        return sc.nextLine();","lastModifiedDate":"2026-01-28T22:14:09","isFullCredit":false},{"lineNumber":21,"author":{"gitId":"shrievarshanbaskar"},"content":"    }","lastModifiedDate":"2026-01-28T22:14:09","isFullCredit":false},{"lineNumber":22,"author":{"gitId":"shrievarshanbaskar"},"content":"","lastModifiedDate":"2026-01-28T22:14:09","isFullCredit":false},{"lineNumber":23,"author":{"gitId":"shrievarshanbaskar"},"content":"    public void showBye() {","lastModifiedDate":"2026-01-28T22:14:09","isFullCredit":false},{"lineNumber":24,"author":{"gitId":"shrievarshanbaskar"},"content":"        System.out.println(\"Bye. Hope to see you again soon!\");","lastModifiedDate":"2026-01-28T22:14:09","isFullCredit":false},{"lineNumber":25,"author":{"gitId":"shrievarshanbaskar"},"content":"        System.out.println(\"------------------------------------------------\");","lastModifiedDate":"2026-01-28T22:14:09","isFullCredit":false},{"lineNumber":26,"author":{"gitId":"shrievarshanbaskar"},"content":"    }","lastModifiedDate":"2026-01-28T22:14:09","isFullCredit":false},{"lineNumber":27,"author":{"gitId":"shrievarshanbaskar"},"content":"","lastModifiedDate":"2026-01-28T22:14:09","isFullCredit":false},{"lineNumber":28,"author":{"gitId":"shrievarshanbaskar"},"content":"    public void showError(String message) {","lastModifiedDate":"2026-01-28T22:14:09","isFullCredit":false},{"lineNumber":29,"author":{"gitId":"shrievarshanbaskar"},"content":"        showLine();","lastModifiedDate":"2026-01-28T22:14:09","isFullCredit":false},{"lineNumber":30,"author":{"gitId":"shrievarshanbaskar"},"content":"        System.out.println(\"OOPS!! \" + message);","lastModifiedDate":"2026-01-28T22:14:09","isFullCredit":false},{"lineNumber":31,"author":{"gitId":"shrievarshanbaskar"},"content":"        showLine();","lastModifiedDate":"2026-01-28T22:14:09","isFullCredit":false},{"lineNumber":32,"author":{"gitId":"shrievarshanbaskar"},"content":"    }","lastModifiedDate":"2026-01-28T22:14:09","isFullCredit":false},{"lineNumber":33,"author":{"gitId":"shrievarshanbaskar"},"content":"","lastModifiedDate":"2026-01-28T22:14:09","isFullCredit":false},{"lineNumber":34,"author":{"gitId":"shrievarshanbaskar"},"content":"    public void showSaveError() {","lastModifiedDate":"2026-01-28T22:14:09","isFullCredit":false},{"lineNumber":35,"author":{"gitId":"shrievarshanbaskar"},"content":"        showLine();","lastModifiedDate":"2026-01-28T22:14:09","isFullCredit":false},{"lineNumber":36,"author":{"gitId":"shrievarshanbaskar"},"content":"        System.out.println(\"OOPS!! I had trouble saving your tasks.\");","lastModifiedDate":"2026-01-28T22:14:09","isFullCredit":false},{"lineNumber":37,"author":{"gitId":"shrievarshanbaskar"},"content":"        showLine();","lastModifiedDate":"2026-01-28T22:14:09","isFullCredit":false},{"lineNumber":38,"author":{"gitId":"shrievarshanbaskar"},"content":"    }","lastModifiedDate":"2026-01-28T22:14:09","isFullCredit":false},{"lineNumber":39,"author":{"gitId":"shrievarshanbaskar"},"content":"","lastModifiedDate":"2026-01-28T22:14:09","isFullCredit":false},{"lineNumber":40,"author":{"gitId":"shrievarshanbaskar"},"content":"    public void showLoadingError() {","lastModifiedDate":"2026-01-28T22:14:09","isFullCredit":false},{"lineNumber":41,"author":{"gitId":"shrievarshanbaskar"},"content":"        showLine();","lastModifiedDate":"2026-01-28T22:14:09","isFullCredit":false},{"lineNumber":42,"author":{"gitId":"shrievarshanbaskar"},"content":"        System.out.println(\"OOPS!! I had trouble loading your tasks.\");","lastModifiedDate":"2026-01-28T22:14:09","isFullCredit":false},{"lineNumber":43,"author":{"gitId":"shrievarshanbaskar"},"content":"        showLine();","lastModifiedDate":"2026-01-28T22:14:09","isFullCredit":false},{"lineNumber":44,"author":{"gitId":"shrievarshanbaskar"},"content":"    }","lastModifiedDate":"2026-01-28T22:14:09","isFullCredit":false},{"lineNumber":45,"author":{"gitId":"shrievarshanbaskar"},"content":"}","lastModifiedDate":"2026-01-28T22:14:09","isFullCredit":false}],"authorContributionMap":{"shrievarshanbaskar":45}},{"path":"src/test/java/fozza/ParserTest.java","fileType":"java","lines":[{"lineNumber":1,"author":{"gitId":"shrievarshanbaskar"},"content":"package fozza;","lastModifiedDate":"2026-01-29T01:17:37","isFullCredit":false},{"lineNumber":2,"author":{"gitId":"shrievarshanbaskar"},"content":"","lastModifiedDate":"2026-01-29T01:17:37","isFullCredit":false},{"lineNumber":3,"author":{"gitId":"shrievarshanbaskar"},"content":"import org.junit.jupiter.api.Test;","lastModifiedDate":"2026-01-29T01:17:37","isFullCredit":false},{"lineNumber":4,"author":{"gitId":"shrievarshanbaskar"},"content":"import static org.junit.jupiter.api.Assertions.*;","lastModifiedDate":"2026-01-29T01:17:37","isFullCredit":false},{"lineNumber":5,"author":{"gitId":"shrievarshanbaskar"},"content":"","lastModifiedDate":"2026-01-29T01:17:37","isFullCredit":false},{"lineNumber":6,"author":{"gitId":"shrievarshanbaskar"},"content":"public class ParserTest {","lastModifiedDate":"2026-01-29T01:17:37","isFullCredit":false},{"lineNumber":7,"author":{"gitId":"shrievarshanbaskar"},"content":"","lastModifiedDate":"2026-01-29T01:17:37","isFullCredit":false},{"lineNumber":8,"author":{"gitId":"shrievarshanbaskar"},"content":"    @Test","lastModifiedDate":"2026-01-29T01:17:37","isFullCredit":false},{"lineNumber":9,"author":{"gitId":"shrievarshanbaskar"},"content":"    public void parse_todo_success() throws Exception {","lastModifiedDate":"2026-01-29T01:17:37","isFullCredit":false},{"lineNumber":10,"author":{"gitId":"shrievarshanbaskar"},"content":"        ParsedCommand c \u003d Parser.parse(\"todo read book\");","lastModifiedDate":"2026-01-29T01:17:37","isFullCredit":false},{"lineNumber":11,"author":{"gitId":"shrievarshanbaskar"},"content":"","lastModifiedDate":"2026-01-29T01:17:37","isFullCredit":false},{"lineNumber":12,"author":{"gitId":"shrievarshanbaskar"},"content":"        assertEquals(CommandType.TODO, c.getCommandType());","lastModifiedDate":"2026-01-29T01:17:37","isFullCredit":false},{"lineNumber":13,"author":{"gitId":"shrievarshanbaskar"},"content":"        assertEquals(\"read book\", c.getA());","lastModifiedDate":"2026-01-29T01:17:37","isFullCredit":false},{"lineNumber":14,"author":{"gitId":"shrievarshanbaskar"},"content":"    }","lastModifiedDate":"2026-01-29T01:17:37","isFullCredit":false},{"lineNumber":15,"author":{"gitId":"shrievarshanbaskar"},"content":"","lastModifiedDate":"2026-01-29T01:17:37","isFullCredit":false},{"lineNumber":16,"author":{"gitId":"shrievarshanbaskar"},"content":"    @Test","lastModifiedDate":"2026-01-29T01:17:37","isFullCredit":false},{"lineNumber":17,"author":{"gitId":"shrievarshanbaskar"},"content":"    public void parse_deadline_success() throws Exception {","lastModifiedDate":"2026-01-29T01:17:37","isFullCredit":false},{"lineNumber":18,"author":{"gitId":"shrievarshanbaskar"},"content":"        ParsedCommand c \u003d Parser.parse(\"deadline return book /by 2019-12-02\");","lastModifiedDate":"2026-01-29T01:17:37","isFullCredit":false},{"lineNumber":19,"author":{"gitId":"shrievarshanbaskar"},"content":"","lastModifiedDate":"2026-01-29T01:17:37","isFullCredit":false},{"lineNumber":20,"author":{"gitId":"shrievarshanbaskar"},"content":"        assertEquals(CommandType.DEADLINE, c.getCommandType());","lastModifiedDate":"2026-01-29T01:17:37","isFullCredit":false},{"lineNumber":21,"author":{"gitId":"shrievarshanbaskar"},"content":"        assertEquals(\"return book\", c.getA());","lastModifiedDate":"2026-01-29T01:17:37","isFullCredit":false},{"lineNumber":22,"author":{"gitId":"shrievarshanbaskar"},"content":"        assertEquals(\"2019-12-02\", c.getB());","lastModifiedDate":"2026-01-29T01:17:37","isFullCredit":false},{"lineNumber":23,"author":{"gitId":"shrievarshanbaskar"},"content":"    }","lastModifiedDate":"2026-01-29T01:17:37","isFullCredit":false},{"lineNumber":24,"author":{"gitId":"shrievarshanbaskar"},"content":"","lastModifiedDate":"2026-01-29T01:17:37","isFullCredit":false},{"lineNumber":25,"author":{"gitId":"shrievarshanbaskar"},"content":"    @Test","lastModifiedDate":"2026-01-29T01:17:37","isFullCredit":false},{"lineNumber":26,"author":{"gitId":"shrievarshanbaskar"},"content":"    public void parse_deadline_missingBy_throwsException() {","lastModifiedDate":"2026-01-29T01:17:37","isFullCredit":false},{"lineNumber":27,"author":{"gitId":"shrievarshanbaskar"},"content":"        assertThrows(","lastModifiedDate":"2026-01-29T01:17:37","isFullCredit":false},{"lineNumber":28,"author":{"gitId":"shrievarshanbaskar"},"content":"                Fozza.FozzaException.class,","lastModifiedDate":"2026-01-29T01:17:37","isFullCredit":false},{"lineNumber":29,"author":{"gitId":"shrievarshanbaskar"},"content":"                () -\u003e Parser.parse(\"deadline return book\")","lastModifiedDate":"2026-01-29T01:17:37","isFullCredit":false},{"lineNumber":30,"author":{"gitId":"shrievarshanbaskar"},"content":"        );","lastModifiedDate":"2026-01-29T01:17:37","isFullCredit":false},{"lineNumber":31,"author":{"gitId":"shrievarshanbaskar"},"content":"    }","lastModifiedDate":"2026-01-29T01:17:37","isFullCredit":false},{"lineNumber":32,"author":{"gitId":"shrievarshanbaskar"},"content":"","lastModifiedDate":"2026-01-29T01:17:37","isFullCredit":false},{"lineNumber":33,"author":{"gitId":"shrievarshanbaskar"},"content":"}","lastModifiedDate":"2026-01-29T01:17:37","isFullCredit":false}],"authorContributionMap":{"shrievarshanbaskar":33}},{"path":"text-ui-test/data/fozza.txt","fileType":"txt","lines":[{"lineNumber":1,"author":{"gitId":"shrievarshanbaskar"},"content":"T | 0 | read book","lastModifiedDate":"2026-01-28T21:37:11","isFullCredit":false},{"lineNumber":2,"author":{"gitId":"shrievarshanbaskar"},"content":"D | 0 | return book | June 6th","lastModifiedDate":"2026-01-28T21:37:11","isFullCredit":false},{"lineNumber":3,"author":{"gitId":"shrievarshanbaskar"},"content":"E | 0 | project meeting | Aug 6th 2pm | 4pm","lastModifiedDate":"2026-01-28T21:37:11","isFullCredit":false},{"lineNumber":4,"author":{"gitId":"shrievarshanbaskar"},"content":"T | 0 | read book","lastModifiedDate":"2026-01-28T21:37:11","isFullCredit":false},{"lineNumber":5,"author":{"gitId":"shrievarshanbaskar"},"content":"D | 0 | return book | June 6th","lastModifiedDate":"2026-01-28T21:37:11","isFullCredit":false},{"lineNumber":6,"author":{"gitId":"shrievarshanbaskar"},"content":"E | 0 | project meeting | Aug 6th 2pm | 4pm","lastModifiedDate":"2026-01-28T21:37:11","isFullCredit":false}],"authorContributionMap":{"shrievarshanbaskar":6}},{"path":"text-ui-test/input.txt","fileType":"txt","lines":[{"lineNumber":1,"author":{"gitId":"shrievarshanbaskar"},"content":"deadline return book /by 2019-12-02 18:00","lastModifiedDate":"2026-01-28T22:05:03","isFullCredit":false},{"lineNumber":2,"author":{"gitId":"shrievarshanbaskar"},"content":"event project meeting /from 2019-12-02 14:00 /to 2019-12-02 16:00","lastModifiedDate":"2026-01-28T22:05:03","isFullCredit":false},{"lineNumber":3,"author":{"gitId":"shrievarshanbaskar"},"content":"list","lastModifiedDate":"2026-01-22T22:38:18","isFullCredit":false},{"lineNumber":4,"author":{"gitId":"shrievarshanbaskar"},"content":"bye","lastModifiedDate":"2026-01-22T22:38:18","isFullCredit":false}],"authorContributionMap":{"shrievarshanbaskar":4}},{"path":"text-ui-test/runtest.bat","fileType":"bat","lines":[{"lineNumber":1,"author":{"gitId":"-"},"content":"@ECHO OFF","lastModifiedDate":"2020-05-25T00:03:55","isFullCredit":false},{"lineNumber":2,"author":{"gitId":"-"},"content":"","lastModifiedDate":"2020-05-25T00:03:55","isFullCredit":false},{"lineNumber":3,"author":{"gitId":"-"},"content":"REM create bin directory if it doesn\u0027t exist","lastModifiedDate":"2020-05-25T00:03:55","isFullCredit":false},{"lineNumber":4,"author":{"gitId":"-"},"content":"if not exist ..\\bin mkdir ..\\bin","lastModifiedDate":"2020-05-25T00:03:55","isFullCredit":false},{"lineNumber":5,"author":{"gitId":"-"},"content":"","lastModifiedDate":"2020-05-25T00:03:55","isFullCredit":false},{"lineNumber":6,"author":{"gitId":"-"},"content":"REM delete output from previous run","lastModifiedDate":"2020-05-25T00:03:55","isFullCredit":false},{"lineNumber":7,"author":{"gitId":"shrievarshanbaskar"},"content":"del ACTUAL.TXT","lastModifiedDate":"2026-01-22T22:38:18","isFullCredit":false},{"lineNumber":8,"author":{"gitId":"-"},"content":"","lastModifiedDate":"2020-05-25T00:03:55","isFullCredit":false},{"lineNumber":9,"author":{"gitId":"-"},"content":"REM compile the code into the bin folder","lastModifiedDate":"2020-05-25T00:03:55","isFullCredit":false},{"lineNumber":10,"author":{"gitId":"-"},"content":"javac  -cp ..\\src\\main\\java -Xlint:none -d ..\\bin ..\\src\\main\\java\\*.java","lastModifiedDate":"2020-08-25T17:23:26","isFullCredit":false},{"lineNumber":11,"author":{"gitId":"-"},"content":"IF ERRORLEVEL 1 (","lastModifiedDate":"2020-05-25T00:03:55","isFullCredit":false},{"lineNumber":12,"author":{"gitId":"-"},"content":"    echo ********** BUILD FAILURE **********","lastModifiedDate":"2020-05-25T00:03:55","isFullCredit":false},{"lineNumber":13,"author":{"gitId":"-"},"content":"    exit /b 1","lastModifiedDate":"2020-05-25T00:03:55","isFullCredit":false},{"lineNumber":14,"author":{"gitId":"-"},"content":")","lastModifiedDate":"2020-05-25T00:03:55","isFullCredit":false},{"lineNumber":15,"author":{"gitId":"-"},"content":"REM no error here, errorlevel \u003d\u003d 0","lastModifiedDate":"2020-05-25T00:03:55","isFullCredit":false},{"lineNumber":16,"author":{"gitId":"-"},"content":"","lastModifiedDate":"2020-05-25T00:03:55","isFullCredit":false},{"lineNumber":17,"author":{"gitId":"-"},"content":"REM run the program, feed commands from input.txt file and redirect the output to the ACTUAL.TXT","lastModifiedDate":"2020-05-25T00:03:55","isFullCredit":false},{"lineNumber":18,"author":{"gitId":"-"},"content":"java -classpath ..\\bin Duke \u003c input.txt \u003e ACTUAL.TXT","lastModifiedDate":"2026-01-28T21:37:11","isFullCredit":false},{"lineNumber":19,"author":{"gitId":"-"},"content":"","lastModifiedDate":"2020-05-25T00:03:55","isFullCredit":false},{"lineNumber":20,"author":{"gitId":"-"},"content":"REM compare the output to the expected output","lastModifiedDate":"2020-05-25T00:03:55","isFullCredit":false},{"lineNumber":21,"author":{"gitId":"-"},"content":"FC ACTUAL.TXT EXPECTED.TXT","lastModifiedDate":"2020-05-25T00:03:55","isFullCredit":false}],"authorContributionMap":{"shrievarshanbaskar":1,"-":20}}]
