{"authorDailyContributionsMap":{"AbhishekParanjape":[{"date":"2026-01-22T00:00:00","commitResults":[{"hash":"251da4daa3fe37a86321f98a5887141b207d4f95","isMergeCommit":false,"messageTitle":"renamed chatbot","messageBody":"","tags":["Level0"],"fileTypesAndContributionMap":{"java":{"insertions":1,"deletions":1}}},{"hash":"5cc5285201badbbc0932b305ccf74900fe424b9e","isMergeCommit":false,"messageTitle":"Rename, Greet, Exit.","messageBody":"","tags":["Level1"],"fileTypesAndContributionMap":{"java":{"insertions":8,"deletions":6}}},{"hash":"8efa35856d2569cc31175789820eefa39fc47424","isMergeCommit":false,"messageTitle":"Echo commands and exit with bye.","messageBody":"","tags":["Level2"],"fileTypesAndContributionMap":{"java":{"insertions":28,"deletions":6}}},{"hash":"36fc863ea39f889c0b1d13beb07801cc0dd567fd","isMergeCommit":false,"messageTitle":"Add, list","messageBody":"","fileTypesAndContributionMap":{"java":{"insertions":25,"deletions":6}}}]}]},"authorFileTypeContributionMap":{"AbhishekParanjape":{"java":50,"md":0,"fxml":0,"sh":0,"bat":0,"gradle":0,"txt":0}},"authorContributionVariance":{"AbhishekParanjape":435.1684},"authorDisplayNameMap":{"AbhishekParanjape":"ABHI..JAPE"}}
