{"authorDailyContributionsMap":{"Tian-Jiarui":[{"date":"2026-01-23T00:00:00","commitResults":[{"hash":"5d12ddab8de704734c1ee5a562a7bea0bcd9edb8","isMergeCommit":false,"messageTitle":"Completed Level - 0, Level - 1, Level - 2, Level - 3, Level - 4, Level -5 , Level - 6","messageBody":"","tags":["Level-6","Level-5","Level-4","Level-3","Level-2","Level-1","Level-0"],"fileTypesAndContributionMap":{"java":{"insertions":235,"deletions":10}}},{"hash":"7df07093f9d7ef41692ea3a7a4f117e25c7f409c","isMergeCommit":false,"messageTitle":"Completed A-TextUiTesting","messageBody":"","tags":["A-TextUiTesting"],"fileTypesAndContributionMap":{"txt":{"insertions":1,"deletions":0},"bat":{"insertions":1,"deletions":1},"sh":{"insertions":2,"deletions":6}}}]},{"date":"2026-01-30T00:00:00","commitResults":[{"hash":"49ad5d8787c2724e0e77064c9e2a9df6d9d17df3","isMergeCommit":false,"messageTitle":"Add save storage for tasks","messageBody":"","fileTypesAndContributionMap":{"java":{"insertions":156,"deletions":1}}},{"hash":"343bdbf5100983f5f494dbb9572ce517163ce910","isMergeCommit":true,"messageTitle":"Merge branch-Level-7","messageBody":"","tags":["Level-7"],"fileTypesAndContributionMap":{}},{"hash":"47631a22ad54160cb0c87c0c7ecea0444251bbc7","isMergeCommit":false,"messageTitle":"Support LocalDate for deadlines","messageBody":"","fileTypesAndContributionMap":{"java":{"insertions":22,"deletions":8}}},{"hash":"52e184808784e646c695b1c81197ead4a1225c82","isMergeCommit":true,"messageTitle":"Merge branch-Level-8","messageBody":"","tags":["Level-8"],"fileTypesAndContributionMap":{}},{"hash":"923dd3e3ab2ec7f9c91ffe0dff544c25a5098a8a","isMergeCommit":false,"messageTitle":"Move event parsing to Parser","messageBody":"","fileTypesAndContributionMap":{"java":{"insertions":129,"deletions":101}}},{"hash":"4fd7523f11963e0fcc61d86e00bd791c2e51c378","isMergeCommit":true,"messageTitle":"Merge branch-A-MoreOOP","messageBody":"","tags":["A-MoreOOP"],"fileTypesAndContributionMap":{}}]},{"date":"2026-02-01T00:00:00","commitResults":[{"hash":"7631ecaea0c1aed2238becd99bca272e0b327817","isMergeCommit":false,"messageTitle":"Organize classes into packages","messageBody":"","fileTypesAndContributionMap":{"java":{"insertions":37,"deletions":4}}},{"hash":"9d1dfb38b13feee26f1a3e3fe822fdcfd851d3ff","isMergeCommit":true,"messageTitle":"Merge branch-A-Packages","messageBody":"","tags":["A-Packages"],"fileTypesAndContributionMap":{}},{"hash":"d3fb153c1a4b066477237fffdee52cb37c58dc3f","isMergeCommit":true,"messageTitle":"Merge add-gradle-support","messageBody":"","fileTypesAndContributionMap":{}},{"hash":"f7fddcb0ab60484af426ca9c30f1f7a729123b0b","isMergeCommit":false,"messageTitle":"Configure Gradle to run Valencia","messageBody":"","tags":["A-Gradle"],"fileTypesAndContributionMap":{"gradle":{"insertions":2,"deletions":2}}},{"hash":"2b8bfb585b7ad7970c1f56f227cbe3172dcb46de","isMergeCommit":false,"messageTitle":"Add JUnit tests for Parser and TaskList","messageBody":"","fileTypesAndContributionMap":{"txt":{"insertions":0,"deletions":0},"java":{"insertions":109,"deletions":0}}},{"hash":"38c2ad0ee4f80d8d1fbcbbaaba024ff4c94a07fe","isMergeCommit":true,"messageTitle":"Merge branch-A-JUnit","messageBody":"","fileTypesAndContributionMap":{}},{"hash":"28f7e506e7e5fe0f9bd08b423773706f50c78b86","isMergeCommit":false,"messageTitle":"Configure shadowJar output name","messageBody":"","fileTypesAndContributionMap":{"gradle":{"insertions":3,"deletions":2}}},{"hash":"b5fd6f7f7a2482bf5890913f5f6b144dd87527e0","isMergeCommit":true,"messageTitle":"Merge branch-A-Jar","messageBody":"","fileTypesAndContributionMap":{}},{"hash":"0dcaee69f0e159b2f43bea5a07ca39d5cea14630","isMergeCommit":false,"messageTitle":"Ignore data folder and remove tracked data file","messageBody":"","tags":["A-Jar","A-JUnit"],"fileTypesAndContributionMap":{"txt":{"insertions":0,"deletions":0}}}]},{"date":"2026-02-02T00:00:00","commitResults":[{"hash":"094c2ca591d445ae17a56c3868f9f091a357454f","isMergeCommit":false,"messageTitle":"Add JavaDoc comments","messageBody":"","fileTypesAndContributionMap":{"java":{"insertions":252,"deletions":1}}},{"hash":"366e27f4906781385336667467daae9f4f9ffdd0","isMergeCommit":false,"messageTitle":"Apply coding standard formatting","messageBody":"","fileTypesAndContributionMap":{"java":{"insertions":60,"deletions":52}}},{"hash":"37daeb369f0d652d1c06954477167fa2dbef32f2","isMergeCommit":false,"messageTitle":"Level-9","messageBody":"","fileTypesAndContributionMap":{"java":{"insertions":59,"deletions":1}}},{"hash":"aba5caa83cfd2a7802fa1d5487a0104e891944d2","isMergeCommit":true,"messageTitle":"Merge branch-A-JavaDoc","messageBody":"","tags":["A-JavaDoc"],"fileTypesAndContributionMap":{}},{"hash":"20f43d71fd22672ada654e2497d27bd690c496b7","isMergeCommit":true,"messageTitle":"Merge branch-A-CodingStandard","messageBody":"","tags":["A-CodingStandard"],"fileTypesAndContributionMap":{}},{"hash":"d7a0a9d8b77ed1a81fb1d443528cebac554ebfff","isMergeCommit":true,"messageTitle":"Merge branch-Level-9","messageBody":"","tags":["Level-9"],"fileTypesAndContributionMap":{}}]}]},"authorFileTypeContributionMap":{"Tian-Jiarui":{"java":891,"md":0,"fxml":0,"sh":2,"bat":1,"gradle":4,"txt":1}},"authorContributionVariance":{"Tian-Jiarui":15285.161},"authorDisplayNameMap":{"Tian-Jiarui":"CS2103T-W12-4 TIAN..ARUI"}}
