{"authorDailyContributionsMap":{"yishengt":[{"date":"2026-01-23T00:00:00","commitResults":[{"hash":"3475feefae7245923ff07c0fd3cb7c9b1bf17917","isMergeCommit":false,"messageTitle":"Level-1: Add echo feature for Tyrone","messageBody":"","tags":["Level-1"],"fileTypesAndContributionMap":{"java":{"insertions":68,"deletions":10}}},{"hash":"c76ab7ae5fe8cfe7e9fbf502a1b87a411305e2b3","isMergeCommit":false,"messageTitle":"Level-2: Add list command and Pair class","messageBody":"","tags":["Level-3","Level-2"],"fileTypesAndContributionMap":{"java":{"insertions":4,"deletions":0}}},{"hash":"f9a3b86ac58baf40d64cc72f13d9d7457d7c9d45","isMergeCommit":false,"messageTitle":"Level-3: Add mark/unmark commands using mutable Pair class","messageBody":"","fileTypesAndContributionMap":{"java":{"insertions":108,"deletions":3}}}]},{"date":"2026-01-25T00:00:00","commitResults":[{"hash":"34b0d9116fdd6717a1470e24c3779a9afdae32f9","isMergeCommit":false,"messageTitle":"Level-4: Made my code more objected oriented, using Task objects","messageBody":"","tags":["Level-5","Level-4"],"fileTypesAndContributionMap":{"java":{"insertions":163,"deletions":79}}},{"hash":"8a283acb1e3be6d00595819dcad5d2ddb19162ca","isMergeCommit":false,"messageTitle":"Implemented TyroneExceptionn, and added Asciiart to use in these exception to give chat bot more personality. Done so in a OOP methodology.","messageBody":"","fileTypesAndContributionMap":{"java":{"insertions":130,"deletions":32}}},{"hash":"fefb67c90999f48a155fd9dd8a805e48ecba7cb2","isMergeCommit":false,"messageTitle":"Added the delete feature","messageBody":"","tags":["Level-6"],"fileTypesAndContributionMap":{"java":{"insertions":11,"deletions":0}}}]},{"date":"2026-01-28T00:00:00","commitResults":[{"hash":"0d6a46a2498444b930ecd333282b8a2c7e74bc79","isMergeCommit":false,"messageTitle":"Added a text file to read and write to using Tyrone.","messageBody":"","tags":["level-7","Level-7"],"fileTypesAndContributionMap":{"txt":{"insertions":2,"deletions":0},"java":{"insertions":132,"deletions":75}}},{"hash":"e5740ae7c4ff4c9d76ab738daa6258cbc899029b","isMergeCommit":false,"messageTitle":"Implement Level-8: Add date and time support","messageBody":"","fileTypesAndContributionMap":{"gradle":{"insertions":24,"deletions":0},"java":{"insertions":1,"deletions":1}}},{"hash":"a28883889c9997af79b08262540718425305c9c6","isMergeCommit":true,"messageTitle":"Merge branch-Level-8","messageBody":"","tags":["Level-8","A-Gradle"],"fileTypesAndContributionMap":{}}]},{"date":"2026-01-30T00:00:00","commitResults":[{"hash":"df90089df764b777c8794bba7a1bb7c5bed1c1f9","isMergeCommit":false,"messageTitle":"Add A-MoreOOP: Extract Ui, Storage, Parser, TaskList classes","messageBody":"","tags":["A-MoreOOP"],"fileTypesAndContributionMap":{"gradle":{"insertions":2,"deletions":1},"txt":{"insertions":2,"deletions":2},"java":{"insertions":189,"deletions":92}}},{"hash":"eea6d80b0e21550ad25b2723c3b45256ad18c3b4","isMergeCommit":false,"messageTitle":"Add A-Packages: Organize classes into packages","messageBody":"","tags":["Level-9","A-Packages","A-Jar"],"fileTypesAndContributionMap":{"java":{"insertions":37,"deletions":1}}}]},{"date":"2026-01-31T00:00:00","commitResults":[{"hash":"3a0c087a919a4b02abb24efcd2fdba25170e12ce","isMergeCommit":false,"messageTitle":"Add JavaDoc comments to all classes and methods","messageBody":"","tags":["A-JavaDoc"],"fileTypesAndContributionMap":{"java":{"insertions":70,"deletions":0}}}]},{"date":"2026-02-03T00:00:00","commitResults":[{"hash":"3dce486b65b3d6d3855487bea8995bd573727193","isMergeCommit":false,"messageTitle":"Fixed Java coding violation","messageBody":"","tags":["A-CodingStandard"],"fileTypesAndContributionMap":{"java":{"insertions":47,"deletions":12}}},{"hash":"59ed3380756eb8484a4c35e550e8fe3fff1d323e","isMergeCommit":true,"messageTitle":"Merge branch \u0027branch-A-CodingStandard\u0027","messageBody":"","fileTypesAndContributionMap":{}},{"hash":"721711b0e1f6e9f6ebc6f4fd49d8e160ebfc00c9","isMergeCommit":false,"messageTitle":"Resolved merge conflicts in TaskList","messageBody":"","fileTypesAndContributionMap":{"java":{"insertions":3,"deletions":9}}}]},{"date":"2026-02-07T00:00:00","commitResults":[{"hash":"87fbab3d84bbfa4748089ac23d444d30cfe78102","isMergeCommit":false,"messageTitle":"Add JUnit tests for Tyrone class","messageBody":"","tags":["A-JUnit"],"fileTypesAndContributionMap":{"gradle":{"insertions":45,"deletions":4},"txt":{"insertions":1,"deletions":1},"fxml":{"insertions":44,"deletions":0},"java":{"insertions":75,"deletions":6}}}]},{"date":"2026-02-08T00:00:00","commitResults":[{"hash":"6e5225cc73f897863045ba59da3bece8b58fc9b9","isMergeCommit":false,"messageTitle":"Implement Level-10: Add JavaFX GUI","messageBody":"","tags":["Level-10"],"fileTypesAndContributionMap":{"gradle":{"insertions":6,"deletions":1},"fxml":{"insertions":4,"deletions":4},"java":{"insertions":91,"deletions":13}}}]},{"date":"2026-02-10T00:00:00","commitResults":[{"hash":"19e4a7460aff77e3bb426642eec752048de6fed6","isMergeCommit":false,"messageTitle":"Update README.md","messageBody":"","tags":["A-FullCommitMessage"],"fileTypesAndContributionMap":{"md":{"insertions":24,"deletions":7}}}]},{"date":"2026-02-15T00:00:00","commitResults":[{"hash":"587e80168722c8edb8c95a4ddc0aac4c0aa389d9","isMergeCommit":false,"messageTitle":"refactor: Improve SLAP adherence and refine GUI layout","messageBody":"Refactored the codebase to better follow the Single Level of\nAbstraction Principle (SLAP) and improved the alignment and\nstructure of the JavaFX GUI.\n\nCode changes:\n- Broke down long methods into smaller helper methods\n- Reduced nested logic in processCommand()\n- Improved method naming for clarity and intent\n- Separated command handling responsibilities\n\nGUI improvements:\n- Fixed alignment issues in MainWindow.fxml\n- Adjusted spacing and padding for cleaner layout\n- Improved consistency of UI component positioning\n\nThese changes improve readability, maintainability, and\noverall user experience without altering application logic.\n","fileTypesAndContributionMap":{"txt":{"insertions":0,"deletions":2},"fxml":{"insertions":28,"deletions":4},"java":{"insertions":274,"deletions":212}}}]},{"date":"2026-02-16T00:00:00","commitResults":[{"hash":"2a9da740deb92edff1c1524ca087f56e3907cf51","isMergeCommit":false,"messageTitle":"Improve code quality and structure","messageBody":"","fileTypesAndContributionMap":{"txt":{"insertions":1,"deletions":0},"fxml":{"insertions":1,"deletions":1},"java":{"insertions":72,"deletions":69}}}]},{"date":"2026-02-17T00:00:00","commitResults":[{"hash":"5a0c02f20684c44c956776cbf51968656cffe84b","isMergeCommit":false,"messageTitle":"Add assertions to document key assumptions","messageBody":"","tags":["A-CodeQuality","A-Assertions"],"fileTypesAndContributionMap":{"java":{"insertions":6,"deletions":0}}},{"hash":"237fc77f28b21f75d6e888cc0e1a813783cec90b","isMergeCommit":true,"messageTitle":"Merge branch \u0027branch-A-CodeQuality\u0027","messageBody":"","fileTypesAndContributionMap":{}},{"hash":"bb6cc8aeda760892ffacf0fac42fdbc3ffee24b6","isMergeCommit":false,"messageTitle":"Update README.md","messageBody":"","fileTypesAndContributionMap":{"md":{"insertions":53,"deletions":43}}},{"hash":"9635dfe964b910ace94acb6dfb524fb093b81dbf","isMergeCommit":false,"messageTitle":"Update README.md","messageBody":"","fileTypesAndContributionMap":{"md":{"insertions":2,"deletions":2}}}]},{"date":"2026-02-18T00:00:00","commitResults":[{"hash":"0fc1165d3ee9649d8c719d07070f456a7f076c46","isMergeCommit":false,"messageTitle":"C-Sort: Sort deadlines by date","messageBody":"Tasks with deadlines are not ordered chronologically, making it\ndifficult for users to prioritize urgent tasks.\n\nUsers need to quickly identify which deadlines are approaching to\nmanage their time effectively.\n\nLet\u0027s add a sort command that:\n* Sorts all deadline tasks by their date in ascending order\n* Uses LocalDate.compareTo() for accurate date comparison\n* Maintains relative order for non-deadline tasks\n\nThis ensures tasks are displayed from earliest to latest deadline.#\n","fileTypesAndContributionMap":{"txt":{"insertions":0,"deletions":1},"java":{"insertions":69,"deletions":7}}},{"hash":"dc336c12a081652be2823fab06b29bc7f1ea3f96","isMergeCommit":true,"messageTitle":"Merge branch \u0027master\u0027 of github.com:yishengt/ip","messageBody":"","tags":["BCD-Extension"],"fileTypesAndContributionMap":{}}]},{"date":"2026-02-21T00:00:00","commitResults":[{"hash":"7a14b0e95672a3549e2993c7089bc3bc261ce9d9","isMergeCommit":false,"messageTitle":"Update README.md","messageBody":"Update PR description with comprehensive GFMD elements\r\n\r\nThe PR description lacks proper formatting and does not demonstrate\r\nproficiency with GitHub Flavored Markdown, making it less readable\r\nand professional.\r\n\r\nA well-formatted PR description helps reviewers understand the changes\r\nquickly and demonstrates proper use of documentation tools that are\r\nessential for collaborative development.\r\n\r\nLet\u0027s update the PR description to include:\r\n* Multiple heading levels for clear structure\r\n* Bullet lists for features and highlights\r\n* Numbered lists for sequential commands\r\n* Fenced code blocks with Java syntax highlighting\r\n* Task lists to track implementation progress\r\n* Emojis for visual appeal and quick scanning\r\n* Blockquotes for important notes and warnings\r\n* Hyperlinks to relevant documentation\r\n* Inline code for technical terms and commands\r\n* Text formatting (bold, italic, strikethrough) for emphasis\r\n\r\nThis comprehensive formatting makes the PR more professional and\r\neasier to review, while also demonstrating mastery of GFMD syntax\r\nwhich is essential for documentation, issue tracking, and code\r\nreviews throughout the project lifecycle.\r\n\r\nThe description now includes all 10 required GFMD elements as\r\nspecified in the task requirements.","fileTypesAndContributionMap":{"md":{"insertions":112,"deletions":16}}},{"hash":"1c4b57d0c49b16f966dee8adff72616cc5f5683f","isMergeCommit":false,"messageTitle":"docs: Add user guide and UI screenshot for GitHub Pages","messageBody":"The project lacks published user documentation, making it difficult\nfor users to understand how to use TYRONE\u0027s features.\n\nUsers need clear, accessible documentation that explains all commands\nand provides visual examples of the application interface.\n\nLet\u0027s add:\n* Comprehensive user guide (docs/index.md) covering all features\n* UI screenshot (docs/Ui.png) showing the application interface\n* Command reference table for quick lookup\n* Examples for each command with expected output\n* FAQ section addressing common questions\n\nThis enables GitHub Pages deployment at yishengt.github.io/ip,\nproviding users with always-available documentation.\n\nThe guide uses clear formatting with code blocks, examples, and\ntables to make it easy for new users to get started quickly.\n","fileTypesAndContributionMap":{"java":{"insertions":0,"deletions":45},"md":{"insertions":159,"deletions":0}}},{"hash":"0f56c88f4f4ec2f06ab688c71b82beced48c763f","isMergeCommit":true,"messageTitle":"Merge branch \u0027master\u0027 of github.com:yishengt/ip","messageBody":"","fileTypesAndContributionMap":{}}]}]},"authorFileTypeContributionMap":{"yishengt":{"java":894,"md":303,"fxml":68,"sh":0,"bat":0,"gradle":71,"txt":0}},"authorContributionVariance":{"yishengt":15123.703},"authorDisplayNameMap":{"yishengt":"CS2103T-T08-2 TOH ..HENG"}}
