{"authorDailyContributionsMap":{"QR-Phua":[{"date":"2026-01-21T00:00:00","commitResults":[{"hash":"33d1235b0feb5bd0a62f6eeae7a1d4d504f1462b","isMergeCommit":false,"messageTitle":"Update name of chatbot to AlphaOne","messageBody":"Changed all mentions of Duke to AlphaOne in project and replaced ASCII art\n","fileTypesAndContributionMap":{"java":{"insertions":24,"deletions":10},"bat":{"insertions":1,"deletions":1},"md":{"insertions":3,"deletions":3}}},{"hash":"3be9f29b4f48f5297cf30f27cdfc8e32b84fd8cb","isMergeCommit":false,"messageTitle":"Add Greeting","messageBody":"Implemented initial skeletal version of greeting and exit\n","tags":["Level-0"],"fileTypesAndContributionMap":{"java":{"insertions":7,"deletions":1}}},{"hash":"a49dc12e447dea0c3bab606671199bf11d3430d3","isMergeCommit":false,"messageTitle":"Add Echo Feature","messageBody":"Commands entered by user will be printed unless the command bye (case-insensitive) is entered\n","tags":["Level-1"],"fileTypesAndContributionMap":{"java":{"insertions":21,"deletions":6}}},{"hash":"a96eef2a1af3d51479bbdc3585aeac3b7b022703","isMergeCommit":false,"messageTitle":"Implement Add Feature","messageBody":"Commands entered by the user that is not bye (case-insensitive) will be added to a task list. A response will be returned by the bot indicating success\n","fileTypesAndContributionMap":{"java":{"insertions":5,"deletions":2}}},{"hash":"295cdbcf8b5292987e3c68f839355ea9d489aba0","isMergeCommit":false,"messageTitle":"Added List Feature","messageBody":"When list (case-insensitive) is entered by the user, the chatbot will print the current task list. However, if the task list is empty, the chatbot will return a response indicating it is empty to the user\n","tags":["Level-2"],"fileTypesAndContributionMap":{"java":{"insertions":11,"deletions":1}}},{"hash":"5fa5d32c1e0b9114d9d36c370091fe8ee663b7a7","isMergeCommit":false,"messageTitle":"Created Task Class","messageBody":"Task class will handle all Task related events\n","tags":["A-Classes"],"fileTypesAndContributionMap":{"java":{"insertions":31,"deletions":0}}},{"hash":"635158fdc3058897ddb005eaafcdf2775a1c3c4f","isMergeCommit":false,"messageTitle":"Encapsulate list logic into getTasks()","messageBody":"Moved the list-handling code out of the main loop into a static `getTasks()` method in `AlphaOne.java` for improved readability and portability.\n","fileTypesAndContributionMap":{"java":{"insertions":23,"deletions":14}}},{"hash":"82eafb9fda3a8ce905af47d0995ccc184b2ad72e","isMergeCommit":false,"messageTitle":"Encapsulate add logic into addTask()","messageBody":"Moved the add-handling code out of the main loop into a static `addTask()` method in `AlphaOne.java` for improved readability and portability.\n","fileTypesAndContributionMap":{"java":{"insertions":9,"deletions":6}}},{"hash":"c066f68f96f540b39c1648a6c3de30de585c459b","isMergeCommit":false,"messageTitle":"Change from Array based implementation to HashMap","messageBody":"Modified existing code to support HashMap based data structure\n","tags":["A-Collections"],"fileTypesAndContributionMap":{"java":{"insertions":8,"deletions":6}}},{"hash":"2dc47ed4d74b3f4c75f7b01d5eb0d3a1c56ede24","isMergeCommit":false,"messageTitle":"Add Mark and Unmark function to task list","messageBody":"Mark makes the task done while Unmark reverts any done status for the selected task\n","tags":["Level-3"],"fileTypesAndContributionMap":{"java":{"insertions":43,"deletions":2}}},{"hash":"d7848da1ca89a56dbee80df91c2877958cf42d73","isMergeCommit":false,"messageTitle":"Separate Exception Handling for portability","messageBody":"New exception classes are added to support more specific error handling messages and flow\n","fileTypesAndContributionMap":{"java":{"insertions":81,"deletions":35}}},{"hash":"e40f5d48c3187e94e7bee30f3867fedd956a49b3","isMergeCommit":false,"messageTitle":"Add new Task subclasses","messageBody":"Better represent different Task types with specific methods for each\n","tags":["A-Inheritance"],"fileTypesAndContributionMap":{"java":{"insertions":61,"deletions":0}}},{"hash":"79d26802856fca12e4863b27f7fd8403a43da12a","isMergeCommit":false,"messageTitle":"Update formatting of response in list function","messageBody":"Utilise new methods to get more specific task information in the list function\n","fileTypesAndContributionMap":{"java":{"insertions":5,"deletions":1}}},{"hash":"d3c6704b2b21b74d59a0a5b3a755fb4a6062f987","isMergeCommit":false,"messageTitle":"Use Enums when upgrading Add function for constant Task types","messageBody":"Enums provide a consistent way of handling types\n","tags":["A-Enums"],"fileTypesAndContributionMap":{"java":{"insertions":21,"deletions":6}}},{"hash":"7f39a42ed11bcfd8f634bf89ee1e6e77b065be2d","isMergeCommit":false,"messageTitle":"Upgrade add task functionality","messageBody":"todo, deadline, event commands are now supported with different flows to meet different needs\n","tags":["Level-4"],"fileTypesAndContributionMap":{"java":{"insertions":75,"deletions":19}}}]},{"date":"2026-01-22T00:00:00","commitResults":[{"hash":"47743fe7c86227a98909a5f816c76c76edf7810a","isMergeCommit":false,"messageTitle":"Fix logic flow bug","messageBody":"Add Exception thrown to Fallthrough code to prevent undefined behaviour\n","fileTypesAndContributionMap":{"java":{"insertions":2,"deletions":0}}},{"hash":"1657391bb5bde44cf2da57954e376c4b0491eae2","isMergeCommit":false,"messageTitle":"Added exception for unclear deadline","messageBody":"Exception thrown if deadline has no details on when the task is due\n","fileTypesAndContributionMap":{"java":{"insertions":3,"deletions":0}}},{"hash":"d07951ce5c38bfea18fa6cdaf96e81dbe0834789","isMergeCommit":false,"messageTitle":"Automate testing with script","messageBody":"Update EXPECTED.TXT with correct input.txt. runtest.sh modified to work on macOS\n","tags":["A-TextUiTesting"],"fileTypesAndContributionMap":{"txt":{"insertions":33,"deletions":0},"sh":{"insertions":30,"deletions":6}}},{"hash":"17a8e8aad435a563e33c3d5a45dfe6220f5be717","isMergeCommit":false,"messageTitle":"Add new type of Exception to better handle specific  scenarios","messageBody":"IncompleteDetailsException will alert user that not enough information is provided to create some task types\n","tags":["Level-5","A-Exceptions"],"fileTypesAndContributionMap":{"java":{"insertions":17,"deletions":9}}},{"hash":"c1ce58d49dd869a529dd765c8804fef0c248eb11","isMergeCommit":false,"messageTitle":"Moved response printing to methods","messageBody":"Methods now handle printing responses instead of the main lop\n","fileTypesAndContributionMap":{"java":{"insertions":7,"deletions":7}}},{"hash":"794ca6d3de9ca45bc9baffe55a7db835857104ad","isMergeCommit":false,"messageTitle":"Expand on Exception Handling","messageBody":"Provide more verbose message on correcting error to user\n","fileTypesAndContributionMap":{"java":{"insertions":93,"deletions":13}}},{"hash":"7f67f59fea7e2dc0f21b416e0753e4b3fcf3b9fb","isMergeCommit":false,"messageTitle":"Provide default print for task object","messageBody":"Each task object will print a custom response based on its values\n","fileTypesAndContributionMap":{"java":{"insertions":5,"deletions":0}}},{"hash":"3723f2fb0ffb4a4983ce4ced50e127b1eaeeaf84","isMergeCommit":false,"messageTitle":"Simplify getTasks method","messageBody":"getTasks method now call on default printing for Task objects\n","fileTypesAndContributionMap":{"java":{"insertions":3,"deletions":1}}},{"hash":"633d61a01dd02aa6c86a46febfa20da966ef1d8e","isMergeCommit":false,"messageTitle":"Support delete function","messageBody":"Delete function added for tasks to be deleted from task list\n","tags":["Level-6"],"fileTypesAndContributionMap":{"java":{"insertions":27,"deletions":3}}},{"hash":"0d00bc999323420358ed54ba0f594d2241a059b9","isMergeCommit":false,"messageTitle":"Update Test File","messageBody":"Add changes to input and expected output text file\n","fileTypesAndContributionMap":{"txt":{"insertions":8,"deletions":2}}},{"hash":"08882cec5e9a5e96c6a87e7644f27a7100894d59","isMergeCommit":false,"messageTitle":"Encapsulate task list into TaskList class","messageBody":"Created new TaskList class to support such data and operations\n","fileTypesAndContributionMap":{"java":{"insertions":86,"deletions":75}}},{"hash":"f62fe8e90102e4a33c1ae9a2e6d31387840d8c97","isMergeCommit":false,"messageTitle":"Add default printing to addTask and update test file for it","messageBody":"Show user what did they add to the task list\n","fileTypesAndContributionMap":{"java":{"insertions":1,"deletions":0}}},{"hash":"00e2123081c13432e975094647dc4452b3f8e5c4","isMergeCommit":false,"messageTitle":"Use simpler methods in mark and unmark function","messageBody":"Pass in index instead of calling for object again to pass in. Update test file\n","fileTypesAndContributionMap":{"java":{"insertions":12,"deletions":12}}},{"hash":"720b138aae62e71db427beffc87271286522d725","isMergeCommit":false,"messageTitle":"Upgrade error messages for commands","messageBody":"Provide more verbose responses to better illustrate error and solution\n","fileTypesAndContributionMap":{"txt":{"insertions":2,"deletions":0},"java":{"insertions":100,"deletions":41}}}]}]},"authorFileTypeContributionMap":{"QR-Phua":{"java":521,"md":3,"fxml":0,"sh":30,"bat":1,"gradle":0,"txt":41}},"authorContributionVariance":{"QR-Phua":39895.668},"authorDisplayNameMap":{"QR-Phua":"CS2103T-T15-3 PHUA..RONG"}}
