{"authorDailyContributionsMap":{"6felix9":[{"date":"2026-01-23T00:00:00","commitResults":[{"hash":"0b5df4d883d7b946456b0dc1fcd38a0ddf96dddd","isMergeCommit":false,"messageTitle":"Rename main class and add greeting","messageBody":"","tags":["Level-0"],"fileTypesAndContributionMap":{"java":{"insertions":12,"deletions":10}}},{"hash":"96c0120b745959b7ae7b19268035424b0488e15e","isMergeCommit":false,"messageTitle":"Update welcome message","messageBody":"","fileTypesAndContributionMap":{"java":{"insertions":10,"deletions":7}}},{"hash":"90d6471843aad85920303b62523aefb8cc91bb24","isMergeCommit":false,"messageTitle":"Update greet and exit message","messageBody":"","fileTypesAndContributionMap":{"java":{"insertions":6,"deletions":3}}},{"hash":"3b006c0b1470d6edda86d343ecee7de91a8afd7d","isMergeCommit":false,"messageTitle":"Add echo functionality and handle bye command","messageBody":"","tags":["Level-1"],"fileTypesAndContributionMap":{"java":{"insertions":39,"deletions":11}}},{"hash":"723166ec98d1631a6d72ce2d85269fd6536cc2a2","isMergeCommit":false,"messageTitle":"Add list ability and display list command","messageBody":"","tags":["Level-2"],"fileTypesAndContributionMap":{"java":{"insertions":22,"deletions":7}}}]}]},"authorFileTypeContributionMap":{"6felix9":{"java":61,"md":0,"fxml":0,"sh":0,"bat":0,"gradle":0,"txt":0}},"authorContributionVariance":{"6felix9":1003.5822},"authorDisplayNameMap":{"6felix9":"PUAH..OONG"}}
