{"authorDailyContributionsMap":{"6felix9":[{"date":"2026-01-23T00:00:00","commitResults":[{"hash":"0b5df4d883d7b946456b0dc1fcd38a0ddf96dddd","isMergeCommit":false,"messageTitle":"Rename main class and add greeting","messageBody":"","tags":["Level-0"],"fileTypesAndContributionMap":{"java":{"insertions":12,"deletions":10}}},{"hash":"96c0120b745959b7ae7b19268035424b0488e15e","isMergeCommit":false,"messageTitle":"Update welcome message","messageBody":"","fileTypesAndContributionMap":{"java":{"insertions":10,"deletions":7}}},{"hash":"90d6471843aad85920303b62523aefb8cc91bb24","isMergeCommit":false,"messageTitle":"Update greet and exit message","messageBody":"","fileTypesAndContributionMap":{"java":{"insertions":6,"deletions":3}}},{"hash":"3b006c0b1470d6edda86d343ecee7de91a8afd7d","isMergeCommit":false,"messageTitle":"Add echo functionality and handle bye command","messageBody":"","tags":["Level-1"],"fileTypesAndContributionMap":{"java":{"insertions":39,"deletions":11}}},{"hash":"723166ec98d1631a6d72ce2d85269fd6536cc2a2","isMergeCommit":false,"messageTitle":"Add list ability and display list command","messageBody":"","tags":["Level-2"],"fileTypesAndContributionMap":{"java":{"insertions":22,"deletions":7}}},{"hash":"bb50b38f8a362796bb6f2dec4a85607bd1d3868d","isMergeCommit":false,"messageTitle":"Add mark and unmark commands","messageBody":"","tags":["Level-3"],"fileTypesAndContributionMap":{"java":{"insertions":74,"deletions":6}}},{"hash":"3ae1899fbeee390f7001e0e119947539f84ca290","isMergeCommit":false,"messageTitle":"Add todo, event, deadlines tasks","messageBody":"","tags":["Level-4"],"fileTypesAndContributionMap":{"java":{"insertions":154,"deletions":31}}},{"hash":"bfea4cb89854d3fd895c7fb8b28b383b86ec7c01","isMergeCommit":false,"messageTitle":"Add automated Text UI Testing","messageBody":"","tags":["A-TextUiTesting"],"fileTypesAndContributionMap":{"txt":{"insertions":4,"deletions":0},"java":{"insertions":1,"deletions":1},"bat":{"insertions":1,"deletions":1},"sh":{"insertions":2,"deletions":6}}},{"hash":"16cf0074bf06e15b4c39b0485afd08140904e217","isMergeCommit":false,"messageTitle":"Add comprehensive error handling","messageBody":"","tags":["Level-5"],"fileTypesAndContributionMap":{"txt":{"insertions":8,"deletions":1},"java":{"insertions":192,"deletions":88}}},{"hash":"464df525afc56459554712d8e1b81576e7023bd7","isMergeCommit":false,"messageTitle":"Migrate from fixed array to ArrayList","messageBody":"","fileTypesAndContributionMap":{"java":{"insertions":16,"deletions":20}}},{"hash":"404c0e115f45a2345d5c55a44a830665a6f7530d","isMergeCommit":false,"messageTitle":"Add delete command testing","messageBody":"","fileTypesAndContributionMap":{"txt":{"insertions":2,"deletions":0}}},{"hash":"472f8b611f337842270c0f7edceae9a673ac39c4","isMergeCommit":false,"messageTitle":"Add delete command","messageBody":"","tags":["Level-6"],"fileTypesAndContributionMap":{"java":{"insertions":39,"deletions":0}}},{"hash":"effc957da3264ebc71e1a130144ff179e7f784ae","isMergeCommit":false,"messageTitle":"Add TaskType using enum","messageBody":"","tags":["A-Enums"],"fileTypesAndContributionMap":{"java":{"insertions":30,"deletions":3}}},{"hash":"181e492567e57abb4669ff7759a64a2ff35a18b4","isMergeCommit":false,"messageTitle":"Add new find feature","messageBody":"","fileTypesAndContributionMap":{"txt":{"insertions":1,"deletions":0},"java":{"insertions":53,"deletions":0}}}]}]},"authorFileTypeContributionMap":{"6felix9":{"java":471,"md":0,"fxml":0,"sh":2,"bat":1,"gradle":0,"txt":14}},"authorContributionVariance":{"6felix9":46126.637},"authorDisplayNameMap":{"6felix9":"CS2103T-W14-4 PUAH..OONG"}}
