{"authorDailyContributionsMap":{"JordanGoh4":[{"date":"2026-01-22T00:00:00","commitResults":[{"hash":"64fd39eec39f7df9ecacbcc7a5f3d6e5414b31ef","isMergeCommit":false,"messageTitle":"Rename main class","messageBody":"","tags":["Level-0"],"fileTypesAndContributionMap":{"java":{"insertions":12,"deletions":10}}},{"hash":"f824c43f0883adfa9e18a1f189ca5bf07f1a189d","isMergeCommit":false,"messageTitle":"Echo","messageBody":"","tags":["Level-1"],"fileTypesAndContributionMap":{"java":{"insertions":18,"deletions":4}}}]},{"date":"2026-01-23T00:00:00","commitResults":[{"hash":"6f910241c9a87de21ab0731aa9c0d9844488fa41","isMergeCommit":false,"messageTitle":"Add, List","messageBody":"","tags":["Level-2"],"fileTypesAndContributionMap":{"java":{"insertions":9,"deletions":2}}},{"hash":"e25da909dabb43803b61f5f86e9cf89d58dffeff","isMergeCommit":false,"messageTitle":"Mark as done","messageBody":"","tags":["Level-3"],"fileTypesAndContributionMap":{"java":{"insertions":46,"deletions":7}}},{"hash":"5e9a8abaf990b405cfa195e785041f107f7cf5b4","isMergeCommit":false,"messageTitle":"ToDo, Event, Deadline","messageBody":"","tags":["Level-4"],"fileTypesAndContributionMap":{"java":{"insertions":120,"deletions":26},"md":{"insertions":0,"deletions":0}}},{"hash":"6ab2a8162050564f407d6001af75ad844e6ed37c","isMergeCommit":false,"messageTitle":"Add basic exception handling","messageBody":"","tags":["Level-5"],"fileTypesAndContributionMap":{"txt":{"insertions":1,"deletions":0},"java":{"insertions":24,"deletions":7},"bat":{"insertions":1,"deletions":1}}},{"hash":"5c57f8f9ce5c8a31d42b16a41d3eda6c15345304","isMergeCommit":false,"messageTitle":"Delete function","messageBody":"","tags":["Level-6"],"fileTypesAndContributionMap":{"java":{"insertions":17,"deletions":0}}},{"hash":"3a602abbd6c8595060988206c0abe884e471c745","isMergeCommit":false,"messageTitle":"Updated exception handling","messageBody":"","fileTypesAndContributionMap":{"java":{"insertions":7,"deletions":1}}}]},{"date":"2026-01-27T00:00:00","commitResults":[{"hash":"8954930dff8e12b0d4a61a9988fc85a75a3b0ff7","isMergeCommit":false,"messageTitle":"Create branch level 7 and hard disk save","messageBody":"","fileTypesAndContributionMap":{"txt":{"insertions":4,"deletions":0},"java":{"insertions":61,"deletions":10}}},{"hash":"b9a284b3104a612b5b72f745f8b72681416b51ca","isMergeCommit":false,"messageTitle":"Test branch by removing import","messageBody":"","fileTypesAndContributionMap":{"java":{"insertions":0,"deletions":1}}},{"hash":"a1e1916cf12e9428b3973242476d1e02dd21d2af","isMergeCommit":false,"messageTitle":"Update functions for data.txt file","messageBody":"","tags":["Level-7"],"fileTypesAndContributionMap":{"txt":{"insertions":6,"deletions":4},"java":{"insertions":38,"deletions":15}}},{"hash":"301208edea475493b86336c105f7de0f4a0510ed","isMergeCommit":false,"messageTitle":"Update date attributes to DateTime","messageBody":"","fileTypesAndContributionMap":{"java":{"insertions":11,"deletions":9}}},{"hash":"cfd748ffafb740c29afcd1db04fbbfeb177d5b87","isMergeCommit":false,"messageTitle":"Date and time","messageBody":"","tags":["Level-8"],"fileTypesAndContributionMap":{"txt":{"insertions":3,"deletions":3},"java":{"insertions":16,"deletions":13}}}]}]},"authorFileTypeContributionMap":{"JordanGoh4":{"java":284,"md":0,"fxml":0,"sh":0,"bat":1,"gradle":0,"txt":7}},"authorContributionVariance":{"JordanGoh4":5179.1636},"authorDisplayNameMap":{"JordanGoh4":"JORD..FENG"}}
