{"authorDailyContributionsMap":{"JordanGoh4":[{"date":"2026-01-22T00:00:00","commitResults":[{"hash":"64fd39eec39f7df9ecacbcc7a5f3d6e5414b31ef","isMergeCommit":false,"messageTitle":"Rename main class","messageBody":"","tags":["Level-0"],"fileTypesAndContributionMap":{"java":{"insertions":12,"deletions":10}}},{"hash":"f824c43f0883adfa9e18a1f189ca5bf07f1a189d","isMergeCommit":false,"messageTitle":"Echo","messageBody":"","tags":["Level-1"],"fileTypesAndContributionMap":{"java":{"insertions":18,"deletions":4}}}]},{"date":"2026-01-23T00:00:00","commitResults":[{"hash":"6f910241c9a87de21ab0731aa9c0d9844488fa41","isMergeCommit":false,"messageTitle":"Add, List","messageBody":"","tags":["Level-2"],"fileTypesAndContributionMap":{"java":{"insertions":9,"deletions":2}}},{"hash":"e25da909dabb43803b61f5f86e9cf89d58dffeff","isMergeCommit":false,"messageTitle":"Mark as done","messageBody":"","tags":["Level-3"],"fileTypesAndContributionMap":{"java":{"insertions":46,"deletions":7}}},{"hash":"5e9a8abaf990b405cfa195e785041f107f7cf5b4","isMergeCommit":false,"messageTitle":"ToDo, Event, Deadline","messageBody":"","tags":["Level-4"],"fileTypesAndContributionMap":{"java":{"insertions":120,"deletions":26},"md":{"insertions":0,"deletions":0}}},{"hash":"6ab2a8162050564f407d6001af75ad844e6ed37c","isMergeCommit":false,"messageTitle":"Add basic exception handling","messageBody":"","tags":["Level-5"],"fileTypesAndContributionMap":{"txt":{"insertions":1,"deletions":0},"java":{"insertions":24,"deletions":7},"bat":{"insertions":1,"deletions":1}}},{"hash":"5c57f8f9ce5c8a31d42b16a41d3eda6c15345304","isMergeCommit":false,"messageTitle":"Delete function","messageBody":"","tags":["Level-6"],"fileTypesAndContributionMap":{"java":{"insertions":17,"deletions":0}}},{"hash":"3a602abbd6c8595060988206c0abe884e471c745","isMergeCommit":false,"messageTitle":"Updated exception handling","messageBody":"","fileTypesAndContributionMap":{"java":{"insertions":7,"deletions":1}}}]},{"date":"2026-01-27T00:00:00","commitResults":[{"hash":"8954930dff8e12b0d4a61a9988fc85a75a3b0ff7","isMergeCommit":false,"messageTitle":"Create branch level 7 and hard disk save","messageBody":"","fileTypesAndContributionMap":{"txt":{"insertions":4,"deletions":0},"java":{"insertions":61,"deletions":10}}},{"hash":"b9a284b3104a612b5b72f745f8b72681416b51ca","isMergeCommit":false,"messageTitle":"Test branch by removing import","messageBody":"","fileTypesAndContributionMap":{"java":{"insertions":0,"deletions":1}}},{"hash":"a1e1916cf12e9428b3973242476d1e02dd21d2af","isMergeCommit":false,"messageTitle":"Update functions for data.txt file","messageBody":"","tags":["Level-7"],"fileTypesAndContributionMap":{"txt":{"insertions":6,"deletions":4},"java":{"insertions":38,"deletions":15}}},{"hash":"301208edea475493b86336c105f7de0f4a0510ed","isMergeCommit":false,"messageTitle":"Update date attributes to DateTime","messageBody":"","fileTypesAndContributionMap":{"java":{"insertions":11,"deletions":9}}},{"hash":"cfd748ffafb740c29afcd1db04fbbfeb177d5b87","isMergeCommit":false,"messageTitle":"Date and time","messageBody":"","tags":["Level-8","A-Packages","A-MoreOOP"],"fileTypesAndContributionMap":{"txt":{"insertions":3,"deletions":3},"java":{"insertions":16,"deletions":13}}}]},{"date":"2026-02-03T00:00:00","commitResults":[{"hash":"4fea29a5889fef9282712c9b1cfd7351a86f1f60","isMergeCommit":false,"messageTitle":"Create files for OOP","messageBody":"","tags":["Level-9"],"fileTypesAndContributionMap":{"java":{"insertions":101,"deletions":86}}},{"hash":"2564ad74fd40915f147b4a232e8d02c1f98bb305","isMergeCommit":false,"messageTitle":"Level-9","messageBody":"","fileTypesAndContributionMap":{"java":{"insertions":16,"deletions":0}}},{"hash":"bff1396c7d7ca470ba1266a64db924b8ae6e6cf0","isMergeCommit":false,"messageTitle":"A-TextUiTesting","messageBody":"","tags":["A-TextUiTesting"],"fileTypesAndContributionMap":{"txt":{"insertions":1,"deletions":1},"java":{"insertions":2,"deletions":1},"bat":{"insertions":3,"deletions":3}}},{"hash":"a5fea303ff5ebfd1a76c233fe03744606bb69dc6","isMergeCommit":false,"messageTitle":"Add JavaDoc","messageBody":"","tags":["A-JavaDoc"],"fileTypesAndContributionMap":{"java":{"insertions":145,"deletions":2}}},{"hash":"7df1791553c8fabf277005d0fb86516cd28d98ca","isMergeCommit":true,"messageTitle":"Merge JavaDoc to master","messageBody":"","fileTypesAndContributionMap":{}},{"hash":"ca3a44988096391dc42c073d2d1e2c08643860fe","isMergeCommit":false,"messageTitle":"Update files with coding standard","messageBody":"","tags":["A-CodingStandard"],"fileTypesAndContributionMap":{"java":{"insertions":138,"deletions":133}}},{"hash":"18309756284f96b3d4bda2694a3019cc71bdcba3","isMergeCommit":false,"messageTitle":"New files for OOP","messageBody":"","fileTypesAndContributionMap":{"java":{"insertions":524,"deletions":188}}},{"hash":"2be1e678615af2500a687fef7edbe1ff2c8b0998","isMergeCommit":false,"messageTitle":"Fix issue with find command","messageBody":"","fileTypesAndContributionMap":{"java":{"insertions":30,"deletions":3}}},{"hash":"46c1aef8abd087c0054b8b78f52b9f86a3a957ff","isMergeCommit":false,"messageTitle":"Reformat code","messageBody":"","fileTypesAndContributionMap":{"java":{"insertions":5,"deletions":5}}},{"hash":"d41b11696b26a2ce6d7779f79f8925e5999bc59d","isMergeCommit":true,"messageTitle":"Merge OOP branch again","messageBody":"","fileTypesAndContributionMap":{}},{"hash":"024c966dbabc3374a6463c4c91a4e69adaf4e41c","isMergeCommit":false,"messageTitle":"Add minor syntax","messageBody":"","fileTypesAndContributionMap":{"java":{"insertions":1,"deletions":1}}},{"hash":"73f6e14294e39514e628ca4537955b431bc3e36b","isMergeCommit":true,"messageTitle":"Merge remote-tracking branch \u0027origin/add-gradle-support\u0027","messageBody":"","tags":["A-Gradle"],"fileTypesAndContributionMap":{}}]},{"date":"2026-02-05T00:00:00","commitResults":[{"hash":"47c9a4def2b0ee8cec258d208ca770ed35f90416","isMergeCommit":false,"messageTitle":"Update folder for gradle","messageBody":"","tags":["A-JUnit"],"fileTypesAndContributionMap":{"gradle":{"insertions":17,"deletions":2},"java":{"insertions":28,"deletions":11}}},{"hash":"84506a6fba4f5b26efa5679b1a4b6d77409cea4d","isMergeCommit":false,"messageTitle":"Create JUnit test","messageBody":"","fileTypesAndContributionMap":{"java":{"insertions":52,"deletions":5}}},{"hash":"269e2fc31cdcd0156c059c901d5c54029e3cd735","isMergeCommit":false,"messageTitle":"Finish JavaFX tut part 1","messageBody":"","fileTypesAndContributionMap":{"gradle":{"insertions":7,"deletions":1},"java":{"insertions":28,"deletions":1}}},{"hash":"a2984c7b7f221e66abc2bf8f1280c07d47e7ab82","isMergeCommit":false,"messageTitle":"Finish tutorial part 2","messageBody":"","fileTypesAndContributionMap":{"java":{"insertions":87,"deletions":5}}},{"hash":"93e4363c6fe7b1cb02082cf16b521af4a5d1db5f","isMergeCommit":false,"messageTitle":"Finish part 3 of the tutorial","messageBody":"","fileTypesAndContributionMap":{"java":{"insertions":72,"deletions":2}}}]},{"date":"2026-02-09T00:00:00","commitResults":[{"hash":"a6d94007bd22de7134e36e2b25aa246a9a80a85c","isMergeCommit":false,"messageTitle":"Fix javafx integration","messageBody":"","tags":["Level-10"],"fileTypesAndContributionMap":{"txt":{"insertions":0,"deletions":0},"fxml":{"insertions":66,"deletions":0},"java":{"insertions":230,"deletions":162}}}]},{"date":"2026-02-20T00:00:00","commitResults":[{"hash":"95b100d15bd7e6415682890172acd10fab5b4686","isMergeCommit":false,"messageTitle":"Update syntax","messageBody":"","tags":["Use-GFMD","A-Jar"],"fileTypesAndContributionMap":{"txt":{"insertions":2,"deletions":2},"java":{"insertions":6,"deletions":3}}},{"hash":"fa9feaad14d9bbeb69403da0167884c33bce4948","isMergeCommit":false,"messageTitle":"Fix image loading: use absolute resource paths","messageBody":"Image loading fails when running from JAR file.\n\nRelative paths don\u0027t work in JAR files. Let\u0027s use absolute paths instead.\n","tags":["A-FullCommitMessage"],"fileTypesAndContributionMap":{"gradle":{"insertions":0,"deletions":1},"java":{"insertions":2,"deletions":3}}},{"hash":"63e0064f23b1a94456c9a9bd217f2ed982f91431","isMergeCommit":false,"messageTitle":"Add assertion","messageBody":"","tags":["A-Assertions"],"fileTypesAndContributionMap":{"java":{"insertions":36,"deletions":48}}},{"hash":"9341e90edfa3dfefed07f9da89646ce7e22982b6","isMergeCommit":false,"messageTitle":"Remove one task","messageBody":"","fileTypesAndContributionMap":{"txt":{"insertions":1,"deletions":2}}}]}]},"authorFileTypeContributionMap":{"JordanGoh4":{"java":1073,"md":0,"fxml":66,"sh":0,"bat":3,"gradle":23,"txt":6}},"authorContributionVariance":{"JordanGoh4":50788.516},"authorDisplayNameMap":{"JordanGoh4":"CS2103-F09-3 JORD..FENG"}}
