[{"path":"README.md","fileType":"md","lines":[{"lineNumber":1,"author":{"gitId":"rxlee04"},"content":"# Wooper project template","lastModifiedDate":"2026-01-23T01:55:05","isFullCredit":false},{"lineNumber":2,"author":{"gitId":"-"},"content":"","lastModifiedDate":"2020-05-25T00:03:55","isFullCredit":false},{"lineNumber":3,"author":{"gitId":"-"},"content":"This is a project template for a greenfield Java project. It\u0027s named after the Java mascot _Duke_. Given below are instructions on how to use it.","lastModifiedDate":"2020-05-25T00:03:55","isFullCredit":false},{"lineNumber":4,"author":{"gitId":"-"},"content":"","lastModifiedDate":"2020-05-25T00:03:55","isFullCredit":false},{"lineNumber":5,"author":{"gitId":"-"},"content":"## Setting up in Intellij","lastModifiedDate":"2020-05-25T00:03:55","isFullCredit":false},{"lineNumber":6,"author":{"gitId":"-"},"content":"","lastModifiedDate":"2020-05-25T00:03:55","isFullCredit":false},{"lineNumber":7,"author":{"gitId":"-"},"content":"Prerequisites: JDK 17, update Intellij to the most recent version.","lastModifiedDate":"2024-07-11T16:50:14","isFullCredit":false},{"lineNumber":8,"author":{"gitId":"-"},"content":"","lastModifiedDate":"2020-05-25T00:03:55","isFullCredit":false},{"lineNumber":9,"author":{"gitId":"-"},"content":"1. Open Intellij (if you are not in the welcome screen, click `File` \u003e `Close Project` to close the existing project first)","lastModifiedDate":"2021-01-17T12:25:53","isFullCredit":false},{"lineNumber":10,"author":{"gitId":"-"},"content":"1. Open the project into Intellij as follows:","lastModifiedDate":"2021-01-17T12:25:53","isFullCredit":false},{"lineNumber":11,"author":{"gitId":"-"},"content":"   1. Click `Open`.","lastModifiedDate":"2021-01-17T12:25:53","isFullCredit":false},{"lineNumber":12,"author":{"gitId":"-"},"content":"   1. Select the project directory, and click `OK`.","lastModifiedDate":"2021-01-17T12:25:53","isFullCredit":false},{"lineNumber":13,"author":{"gitId":"-"},"content":"   1. If there are any further prompts, accept the defaults.","lastModifiedDate":"2020-05-25T00:03:55","isFullCredit":false},{"lineNumber":14,"author":{"gitId":"-"},"content":"1. Configure the project to use **JDK 17** (not other versions) as explained in [here](https://www.jetbrains.com/help/idea/sdk.html#set-up-jdk).\u003cbr\u003e","lastModifiedDate":"2024-07-11T16:50:14","isFullCredit":false},{"lineNumber":15,"author":{"gitId":"-"},"content":"   In the same dialog, set the **Project language level** field to the `SDK default` option.","lastModifiedDate":"2021-07-29T20:29:39","isFullCredit":false},{"lineNumber":16,"author":{"gitId":"rxlee04"},"content":"1. After that, locate the `src/main/java/Wooper.java` file, right-click it, and choose `Run Wooper.main()` (if the code editor is showing compile errors, try restarting the IDE). If the setup is correct, you should see something like the below as the output:","lastModifiedDate":"2026-01-23T01:55:05","isFullCredit":false},{"lineNumber":17,"author":{"gitId":"-"},"content":"   ```","lastModifiedDate":"2020-05-25T00:03:55","isFullCredit":false},{"lineNumber":18,"author":{"gitId":"-"},"content":"   Hello from","lastModifiedDate":"2020-05-25T00:03:55","isFullCredit":false},{"lineNumber":19,"author":{"gitId":"-"},"content":"    ____        _        ","lastModifiedDate":"2020-05-25T00:03:55","isFullCredit":false},{"lineNumber":20,"author":{"gitId":"-"},"content":"   |  _ \\ _   _| | _____ ","lastModifiedDate":"2020-05-25T00:03:55","isFullCredit":false},{"lineNumber":21,"author":{"gitId":"-"},"content":"   | | | | | | | |/ / _ \\","lastModifiedDate":"2020-05-25T00:03:55","isFullCredit":false},{"lineNumber":22,"author":{"gitId":"-"},"content":"   | |_| | |_| |   \u003c  __/","lastModifiedDate":"2020-05-25T00:03:55","isFullCredit":false},{"lineNumber":23,"author":{"gitId":"-"},"content":"   |____/ \\__,_|_|\\_\\___|","lastModifiedDate":"2020-05-25T00:03:55","isFullCredit":false},{"lineNumber":24,"author":{"gitId":"-"},"content":"   ```","lastModifiedDate":"2020-05-25T00:03:55","isFullCredit":false},{"lineNumber":25,"author":{"gitId":"-"},"content":"","lastModifiedDate":"2025-01-04T21:44:28","isFullCredit":false},{"lineNumber":26,"author":{"gitId":"-"},"content":"**Warning:** Keep the `src\\main\\java` folder as the root folder for Java files (i.e., don\u0027t rename those folders or move Java files to another folder outside of this folder path), as this is the default location some tools (e.g., Gradle) expect to find Java files.","lastModifiedDate":"2025-01-04T21:44:28","isFullCredit":false}],"authorContributionMap":{"rxlee04":2,"-":24}},{"path":"docs/README.md","fileType":"md","lines":[{"lineNumber":1,"author":{"gitId":"rxlee04"},"content":"# Wooper User Guide","lastModifiedDate":"2026-01-23T01:55:05","isFullCredit":false},{"lineNumber":2,"author":{"gitId":"-"},"content":"","lastModifiedDate":"2019-07-29T17:14:46","isFullCredit":false},{"lineNumber":3,"author":{"gitId":"-"},"content":"// Update the title above to match the actual product name","lastModifiedDate":"2024-01-07T18:33:52","isFullCredit":false},{"lineNumber":4,"author":{"gitId":"-"},"content":"","lastModifiedDate":"2019-07-29T17:14:46","isFullCredit":false},{"lineNumber":5,"author":{"gitId":"-"},"content":"// Product screenshot goes here","lastModifiedDate":"2024-01-07T18:33:52","isFullCredit":false},{"lineNumber":6,"author":{"gitId":"-"},"content":"","lastModifiedDate":"2021-07-17T16:49:07","isFullCredit":false},{"lineNumber":7,"author":{"gitId":"-"},"content":"// Product intro goes here","lastModifiedDate":"2024-01-07T18:33:52","isFullCredit":false},{"lineNumber":8,"author":{"gitId":"-"},"content":"","lastModifiedDate":"2021-07-17T16:49:07","isFullCredit":false},{"lineNumber":9,"author":{"gitId":"-"},"content":"## Adding deadlines","lastModifiedDate":"2024-01-07T18:33:52","isFullCredit":false},{"lineNumber":10,"author":{"gitId":"-"},"content":"","lastModifiedDate":"2021-07-17T16:49:07","isFullCredit":false},{"lineNumber":11,"author":{"gitId":"-"},"content":"// Describe the action and its outcome.","lastModifiedDate":"2024-01-07T18:33:52","isFullCredit":false},{"lineNumber":12,"author":{"gitId":"-"},"content":"","lastModifiedDate":"2019-07-29T17:14:46","isFullCredit":false},{"lineNumber":13,"author":{"gitId":"-"},"content":"// Give examples of usage","lastModifiedDate":"2024-01-07T18:33:52","isFullCredit":false},{"lineNumber":14,"author":{"gitId":"-"},"content":"","lastModifiedDate":"2019-07-29T17:14:46","isFullCredit":false},{"lineNumber":15,"author":{"gitId":"-"},"content":"Example: `keyword (optional arguments)`","lastModifiedDate":"2024-01-07T18:33:52","isFullCredit":false},{"lineNumber":16,"author":{"gitId":"-"},"content":"","lastModifiedDate":"2019-07-29T17:14:46","isFullCredit":false},{"lineNumber":17,"author":{"gitId":"-"},"content":"// A description of the expected outcome goes here","lastModifiedDate":"2024-01-07T18:33:52","isFullCredit":false},{"lineNumber":18,"author":{"gitId":"-"},"content":"","lastModifiedDate":"2019-07-29T17:14:46","isFullCredit":false},{"lineNumber":19,"author":{"gitId":"-"},"content":"```","lastModifiedDate":"2024-01-07T18:33:52","isFullCredit":false},{"lineNumber":20,"author":{"gitId":"-"},"content":"expected output","lastModifiedDate":"2024-01-07T18:33:52","isFullCredit":false},{"lineNumber":21,"author":{"gitId":"-"},"content":"```","lastModifiedDate":"2024-01-07T18:33:52","isFullCredit":false},{"lineNumber":22,"author":{"gitId":"-"},"content":"","lastModifiedDate":"2019-07-29T17:14:46","isFullCredit":false},{"lineNumber":23,"author":{"gitId":"-"},"content":"## Feature ABC","lastModifiedDate":"2024-01-07T18:33:52","isFullCredit":false},{"lineNumber":24,"author":{"gitId":"-"},"content":"","lastModifiedDate":"2019-07-29T17:14:46","isFullCredit":false},{"lineNumber":25,"author":{"gitId":"-"},"content":"// Feature details","lastModifiedDate":"2024-01-07T18:33:52","isFullCredit":false},{"lineNumber":26,"author":{"gitId":"-"},"content":"","lastModifiedDate":"2019-07-29T17:14:46","isFullCredit":false},{"lineNumber":27,"author":{"gitId":"-"},"content":"","lastModifiedDate":"2021-07-17T16:49:07","isFullCredit":false},{"lineNumber":28,"author":{"gitId":"-"},"content":"## Feature XYZ","lastModifiedDate":"2024-01-07T18:33:52","isFullCredit":false},{"lineNumber":29,"author":{"gitId":"-"},"content":"","lastModifiedDate":"2024-01-07T18:33:52","isFullCredit":false},{"lineNumber":30,"author":{"gitId":"-"},"content":"// Feature details","lastModifiedDate":"2024-01-07T18:33:52","isFullCredit":false}],"authorContributionMap":{"rxlee04":1,"-":29}},{"path":"src/main/java/Task.java","fileType":"java","lines":[{"lineNumber":1,"author":{"gitId":"rxlee04"},"content":"public class Task {","lastModifiedDate":"2026-01-23T02:19:20","isFullCredit":false},{"lineNumber":2,"author":{"gitId":"rxlee04"},"content":"    private String taskName \u003d null;","lastModifiedDate":"2026-01-23T12:28:21","isFullCredit":false},{"lineNumber":3,"author":{"gitId":"rxlee04"},"content":"    private boolean isDone \u003d false;","lastModifiedDate":"2026-01-23T12:28:21","isFullCredit":false},{"lineNumber":4,"author":{"gitId":"rxlee04"},"content":"","lastModifiedDate":"2026-01-23T02:19:20","isFullCredit":false},{"lineNumber":5,"author":{"gitId":"rxlee04"},"content":"    public Task(String inTaskName) {","lastModifiedDate":"2026-01-23T02:19:20","isFullCredit":false},{"lineNumber":6,"author":{"gitId":"rxlee04"},"content":"        taskName \u003d inTaskName;","lastModifiedDate":"2026-01-23T02:19:20","isFullCredit":false},{"lineNumber":7,"author":{"gitId":"rxlee04"},"content":"    }","lastModifiedDate":"2026-01-23T02:19:20","isFullCredit":false},{"lineNumber":8,"author":{"gitId":"rxlee04"},"content":"","lastModifiedDate":"2026-01-23T02:19:20","isFullCredit":false},{"lineNumber":9,"author":{"gitId":"rxlee04"},"content":"    public String getTaskName() {","lastModifiedDate":"2026-01-23T02:19:20","isFullCredit":false},{"lineNumber":10,"author":{"gitId":"rxlee04"},"content":"        return taskName;","lastModifiedDate":"2026-01-23T02:19:20","isFullCredit":false},{"lineNumber":11,"author":{"gitId":"rxlee04"},"content":"    }","lastModifiedDate":"2026-01-23T02:19:20","isFullCredit":false},{"lineNumber":12,"author":{"gitId":"rxlee04"},"content":"","lastModifiedDate":"2026-01-23T12:28:21","isFullCredit":false},{"lineNumber":13,"author":{"gitId":"rxlee04"},"content":"    public void setDone(boolean done) {","lastModifiedDate":"2026-01-23T12:28:21","isFullCredit":false},{"lineNumber":14,"author":{"gitId":"rxlee04"},"content":"        isDone \u003d done;","lastModifiedDate":"2026-01-23T12:28:21","isFullCredit":false},{"lineNumber":15,"author":{"gitId":"rxlee04"},"content":"    }","lastModifiedDate":"2026-01-23T12:28:21","isFullCredit":false},{"lineNumber":16,"author":{"gitId":"rxlee04"},"content":"","lastModifiedDate":"2026-01-23T12:28:21","isFullCredit":false},{"lineNumber":17,"author":{"gitId":"rxlee04"},"content":"    @Override","lastModifiedDate":"2026-01-23T12:28:21","isFullCredit":false},{"lineNumber":18,"author":{"gitId":"rxlee04"},"content":"    public String toString() {","lastModifiedDate":"2026-01-23T12:28:21","isFullCredit":false},{"lineNumber":19,"author":{"gitId":"rxlee04"},"content":"        String tString \u003d isDone?\"[X]\":\"[ ]\";","lastModifiedDate":"2026-01-23T12:28:21","isFullCredit":false},{"lineNumber":20,"author":{"gitId":"rxlee04"},"content":"        tString +\u003d \" \" + taskName;","lastModifiedDate":"2026-01-23T12:28:21","isFullCredit":false},{"lineNumber":21,"author":{"gitId":"rxlee04"},"content":"        return tString;","lastModifiedDate":"2026-01-23T12:28:21","isFullCredit":false},{"lineNumber":22,"author":{"gitId":"rxlee04"},"content":"    }","lastModifiedDate":"2026-01-23T12:28:21","isFullCredit":false},{"lineNumber":23,"author":{"gitId":"rxlee04"},"content":"}","lastModifiedDate":"2026-01-23T02:19:20","isFullCredit":false}],"authorContributionMap":{"rxlee04":23}},{"path":"src/main/java/Wooper.java","fileType":"java","lines":[{"lineNumber":1,"author":{"gitId":"rxlee04"},"content":"import java.util.Scanner;","lastModifiedDate":"2026-01-23T02:09:33","isFullCredit":false},{"lineNumber":2,"author":{"gitId":"rxlee04"},"content":"import java.util.ArrayList;","lastModifiedDate":"2026-01-23T02:19:20","isFullCredit":false},{"lineNumber":3,"author":{"gitId":"rxlee04"},"content":"","lastModifiedDate":"2026-01-23T02:09:33","isFullCredit":false},{"lineNumber":4,"author":{"gitId":"rxlee04"},"content":"public class Wooper {","lastModifiedDate":"2026-01-23T01:55:05","isFullCredit":false},{"lineNumber":5,"author":{"gitId":"rxlee04"},"content":"    public static void main(String[] args) {","lastModifiedDate":"2026-01-23T01:55:05","isFullCredit":false},{"lineNumber":6,"author":{"gitId":"rxlee04"},"content":"","lastModifiedDate":"2026-01-23T02:09:33","isFullCredit":false},{"lineNumber":7,"author":{"gitId":"rxlee04"},"content":"        // create scanner","lastModifiedDate":"2026-01-23T02:19:20","isFullCredit":false},{"lineNumber":8,"author":{"gitId":"rxlee04"},"content":"        Scanner scanner \u003d new Scanner(System.in);","lastModifiedDate":"2026-01-23T02:09:33","isFullCredit":false},{"lineNumber":9,"author":{"gitId":"rxlee04"},"content":"","lastModifiedDate":"2026-01-23T02:09:33","isFullCredit":false},{"lineNumber":10,"author":{"gitId":"rxlee04"},"content":"        // Task List","lastModifiedDate":"2026-01-23T02:19:20","isFullCredit":false},{"lineNumber":11,"author":{"gitId":"rxlee04"},"content":"        ArrayList\u003cTask\u003e taskList \u003d new ArrayList\u003c\u003e();","lastModifiedDate":"2026-01-23T02:19:20","isFullCredit":false},{"lineNumber":12,"author":{"gitId":"rxlee04"},"content":"","lastModifiedDate":"2026-01-23T02:19:20","isFullCredit":false},{"lineNumber":13,"author":{"gitId":"rxlee04"},"content":"        String divider \u003d \"____________________________________________________________\";","lastModifiedDate":"2026-01-23T01:55:05","isFullCredit":false},{"lineNumber":14,"author":{"gitId":"rxlee04"},"content":"        String greetMsg \u003d divider + \"\\n Woo-pah! I\u0027m Wooper\\n\" +","lastModifiedDate":"2026-01-23T02:09:33","isFullCredit":false},{"lineNumber":15,"author":{"gitId":"rxlee04"},"content":"                \" What can I do for you? \\n\" + divider;","lastModifiedDate":"2026-01-23T02:09:33","isFullCredit":false},{"lineNumber":16,"author":{"gitId":"rxlee04"},"content":"","lastModifiedDate":"2026-01-23T01:55:05","isFullCredit":false},{"lineNumber":17,"author":{"gitId":"rxlee04"},"content":"        String exitMsg \u003d divider + \"\\n Woop Woop! Hope to see you again soon!\\n\" + divider;","lastModifiedDate":"2026-01-23T02:19:20","isFullCredit":false},{"lineNumber":18,"author":{"gitId":"rxlee04"},"content":"","lastModifiedDate":"2026-01-23T02:19:20","isFullCredit":false},{"lineNumber":19,"author":{"gitId":"rxlee04"},"content":"        // print greeting msg","lastModifiedDate":"2026-01-23T02:19:20","isFullCredit":false},{"lineNumber":20,"author":{"gitId":"rxlee04"},"content":"        System.out.println(greetMsg);","lastModifiedDate":"2026-01-23T02:09:33","isFullCredit":false},{"lineNumber":21,"author":{"gitId":"rxlee04"},"content":"","lastModifiedDate":"2026-01-23T01:55:05","isFullCredit":false},{"lineNumber":22,"author":{"gitId":"rxlee04"},"content":"        // get user input","lastModifiedDate":"2026-01-23T02:19:20","isFullCredit":false},{"lineNumber":23,"author":{"gitId":"rxlee04"},"content":"        String userInput \u003d scanner.nextLine();","lastModifiedDate":"2026-01-23T02:09:33","isFullCredit":false},{"lineNumber":24,"author":{"gitId":"rxlee04"},"content":"","lastModifiedDate":"2026-01-23T02:09:33","isFullCredit":false},{"lineNumber":25,"author":{"gitId":"rxlee04"},"content":"        while (!userInput.equals(\"bye\")) {","lastModifiedDate":"2026-01-23T02:09:33","isFullCredit":false},{"lineNumber":26,"author":{"gitId":"rxlee04"},"content":"            System.out.println(divider);","lastModifiedDate":"2026-01-23T02:09:33","isFullCredit":false},{"lineNumber":27,"author":{"gitId":"rxlee04"},"content":"            if (userInput.equals(\"list\")) {","lastModifiedDate":"2026-01-23T02:19:20","isFullCredit":false},{"lineNumber":28,"author":{"gitId":"rxlee04"},"content":"                System.out.println(\" Here are the tasks in your list:\");","lastModifiedDate":"2026-01-23T12:28:21","isFullCredit":false},{"lineNumber":29,"author":{"gitId":"rxlee04"},"content":"                for (int i \u003d 0; i \u003c taskList.size(); i++) {","lastModifiedDate":"2026-01-23T02:19:20","isFullCredit":false},{"lineNumber":30,"author":{"gitId":"rxlee04"},"content":"                    System.out.println((i + 1) + \". \" + taskList.get(i).toString());","lastModifiedDate":"2026-01-23T12:28:21","isFullCredit":false},{"lineNumber":31,"author":{"gitId":"rxlee04"},"content":"                }","lastModifiedDate":"2026-01-23T02:19:20","isFullCredit":false},{"lineNumber":32,"author":{"gitId":"rxlee04"},"content":"            } else if (userInput.startsWith(\"mark\")) {","lastModifiedDate":"2026-01-23T12:28:21","isFullCredit":false},{"lineNumber":33,"author":{"gitId":"rxlee04"},"content":"                String taskNoStr \u003d userInput.substring(userInput.indexOf(\"mark\") + 5);","lastModifiedDate":"2026-01-23T12:28:21","isFullCredit":false},{"lineNumber":34,"author":{"gitId":"rxlee04"},"content":"                int taskNo \u003d Integer.parseInt(taskNoStr);","lastModifiedDate":"2026-01-23T12:28:21","isFullCredit":false},{"lineNumber":35,"author":{"gitId":"rxlee04"},"content":"                taskList.get(taskNo - 1).setDone(true);","lastModifiedDate":"2026-01-23T12:28:21","isFullCredit":false},{"lineNumber":36,"author":{"gitId":"rxlee04"},"content":"                System.out.println(\"Nice! I\u0027ve marked this task as done:\");","lastModifiedDate":"2026-01-23T12:28:21","isFullCredit":false},{"lineNumber":37,"author":{"gitId":"rxlee04"},"content":"                System.out.println(taskList.get(taskNo - 1).toString());","lastModifiedDate":"2026-01-23T12:28:21","isFullCredit":false},{"lineNumber":38,"author":{"gitId":"rxlee04"},"content":"            } else if (userInput.startsWith(\"unmark\")) {","lastModifiedDate":"2026-01-23T12:28:21","isFullCredit":false},{"lineNumber":39,"author":{"gitId":"rxlee04"},"content":"                String taskNoStr \u003d userInput.substring(userInput.indexOf(\"unmark\") + 7);","lastModifiedDate":"2026-01-23T12:28:21","isFullCredit":false},{"lineNumber":40,"author":{"gitId":"rxlee04"},"content":"                int taskNo \u003d Integer.parseInt(taskNoStr);","lastModifiedDate":"2026-01-23T12:28:21","isFullCredit":false},{"lineNumber":41,"author":{"gitId":"rxlee04"},"content":"                taskList.get(taskNo - 1).setDone(false);","lastModifiedDate":"2026-01-23T12:28:21","isFullCredit":false},{"lineNumber":42,"author":{"gitId":"rxlee04"},"content":"                System.out.println(\"OK, I\u0027ve marked this task as not done yet:\");","lastModifiedDate":"2026-01-23T12:28:21","isFullCredit":false},{"lineNumber":43,"author":{"gitId":"rxlee04"},"content":"                System.out.println(taskList.get(taskNo - 1).toString());","lastModifiedDate":"2026-01-23T12:28:21","isFullCredit":false},{"lineNumber":44,"author":{"gitId":"rxlee04"},"content":"            } else if (!userInput.equals(\"bye\")) {","lastModifiedDate":"2026-01-23T02:19:20","isFullCredit":false},{"lineNumber":45,"author":{"gitId":"rxlee04"},"content":"                taskList.add(new Task(userInput));","lastModifiedDate":"2026-01-23T02:19:20","isFullCredit":false},{"lineNumber":46,"author":{"gitId":"rxlee04"},"content":"                System.out.println(\"added: \" + userInput);","lastModifiedDate":"2026-01-23T02:19:20","isFullCredit":false},{"lineNumber":47,"author":{"gitId":"rxlee04"},"content":"            }","lastModifiedDate":"2026-01-23T02:19:20","isFullCredit":false},{"lineNumber":48,"author":{"gitId":"rxlee04"},"content":"            System.out.println(divider);","lastModifiedDate":"2026-01-23T02:09:33","isFullCredit":false},{"lineNumber":49,"author":{"gitId":"rxlee04"},"content":"            userInput \u003d scanner.nextLine();","lastModifiedDate":"2026-01-23T02:09:33","isFullCredit":false},{"lineNumber":50,"author":{"gitId":"rxlee04"},"content":"        }","lastModifiedDate":"2026-01-23T02:09:33","isFullCredit":false},{"lineNumber":51,"author":{"gitId":"rxlee04"},"content":"","lastModifiedDate":"2026-01-23T02:19:20","isFullCredit":false},{"lineNumber":52,"author":{"gitId":"rxlee04"},"content":"        // print exit msg","lastModifiedDate":"2026-01-23T02:19:20","isFullCredit":false},{"lineNumber":53,"author":{"gitId":"rxlee04"},"content":"        System.out.println(exitMsg);","lastModifiedDate":"2026-01-23T02:09:33","isFullCredit":false},{"lineNumber":54,"author":{"gitId":"rxlee04"},"content":"    }","lastModifiedDate":"2026-01-23T01:55:05","isFullCredit":false},{"lineNumber":55,"author":{"gitId":"rxlee04"},"content":"}","lastModifiedDate":"2026-01-23T01:55:05","isFullCredit":false}],"authorContributionMap":{"rxlee04":55}},{"path":"text-ui-test/runtest.bat","fileType":"bat","lines":[{"lineNumber":1,"author":{"gitId":"-"},"content":"@ECHO OFF","lastModifiedDate":"2020-05-25T00:03:55","isFullCredit":false},{"lineNumber":2,"author":{"gitId":"-"},"content":"","lastModifiedDate":"2020-05-25T00:03:55","isFullCredit":false},{"lineNumber":3,"author":{"gitId":"-"},"content":"REM create bin directory if it doesn\u0027t exist","lastModifiedDate":"2020-05-25T00:03:55","isFullCredit":false},{"lineNumber":4,"author":{"gitId":"-"},"content":"if not exist ..\\bin mkdir ..\\bin","lastModifiedDate":"2020-05-25T00:03:55","isFullCredit":false},{"lineNumber":5,"author":{"gitId":"-"},"content":"","lastModifiedDate":"2020-05-25T00:03:55","isFullCredit":false},{"lineNumber":6,"author":{"gitId":"-"},"content":"REM delete output from previous run","lastModifiedDate":"2020-05-25T00:03:55","isFullCredit":false},{"lineNumber":7,"author":{"gitId":"-"},"content":"if exist ACTUAL.TXT del ACTUAL.TXT","lastModifiedDate":"2020-08-25T17:23:26","isFullCredit":false},{"lineNumber":8,"author":{"gitId":"-"},"content":"","lastModifiedDate":"2020-05-25T00:03:55","isFullCredit":false},{"lineNumber":9,"author":{"gitId":"-"},"content":"REM compile the code into the bin folder","lastModifiedDate":"2020-05-25T00:03:55","isFullCredit":false},{"lineNumber":10,"author":{"gitId":"-"},"content":"javac  -cp ..\\src\\main\\java -Xlint:none -d ..\\bin ..\\src\\main\\java\\*.java","lastModifiedDate":"2020-08-25T17:23:26","isFullCredit":false},{"lineNumber":11,"author":{"gitId":"-"},"content":"IF ERRORLEVEL 1 (","lastModifiedDate":"2020-05-25T00:03:55","isFullCredit":false},{"lineNumber":12,"author":{"gitId":"-"},"content":"    echo ********** BUILD FAILURE **********","lastModifiedDate":"2020-05-25T00:03:55","isFullCredit":false},{"lineNumber":13,"author":{"gitId":"-"},"content":"    exit /b 1","lastModifiedDate":"2020-05-25T00:03:55","isFullCredit":false},{"lineNumber":14,"author":{"gitId":"-"},"content":")","lastModifiedDate":"2020-05-25T00:03:55","isFullCredit":false},{"lineNumber":15,"author":{"gitId":"-"},"content":"REM no error here, errorlevel \u003d\u003d 0","lastModifiedDate":"2020-05-25T00:03:55","isFullCredit":false},{"lineNumber":16,"author":{"gitId":"-"},"content":"","lastModifiedDate":"2020-05-25T00:03:55","isFullCredit":false},{"lineNumber":17,"author":{"gitId":"-"},"content":"REM run the program, feed commands from input.txt file and redirect the output to the ACTUAL.TXT","lastModifiedDate":"2020-05-25T00:03:55","isFullCredit":false},{"lineNumber":18,"author":{"gitId":"rxlee04"},"content":"java -classpath ..\\bin Wooper \u003c input.txt \u003e ACTUAL.TXT","lastModifiedDate":"2026-01-23T01:55:05","isFullCredit":false},{"lineNumber":19,"author":{"gitId":"-"},"content":"","lastModifiedDate":"2020-05-25T00:03:55","isFullCredit":false},{"lineNumber":20,"author":{"gitId":"-"},"content":"REM compare the output to the expected output","lastModifiedDate":"2020-05-25T00:03:55","isFullCredit":false},{"lineNumber":21,"author":{"gitId":"-"},"content":"FC ACTUAL.TXT EXPECTED.TXT","lastModifiedDate":"2020-05-25T00:03:55","isFullCredit":false}],"authorContributionMap":{"rxlee04":1,"-":20}}]
