{"authorDailyContributionsMap":{"rxlee04":[{"date":"2026-01-23T00:00:00","commitResults":[{"hash":"6316b0aebfd4a1036190924b68883c523ccc10a5","isMergeCommit":false,"messageTitle":"New Wooper Chatbot","messageBody":"","tags":["Level-0"],"fileTypesAndContributionMap":{"java":{"insertions":10,"deletions":10},"bat":{"insertions":1,"deletions":1},"md":{"insertions":3,"deletions":3}}},{"hash":"469c9ef6b22d9fa8f72c6c2f963a00ded93ef597","isMergeCommit":false,"messageTitle":"wooper echo","messageBody":"","tags":["Level-1"],"fileTypesAndContributionMap":{"java":{"insertions":18,"deletions":3}}},{"hash":"b349296c54ab242d2aa22c17b5cb397ba9e5f5a3","isMergeCommit":false,"messageTitle":"wooper Add, List","messageBody":"","tags":["Level-2"],"fileTypesAndContributionMap":{"java":{"insertions":30,"deletions":2}}},{"hash":"6f89d995a4cbf0e3b796800269ba787dd9118b2c","isMergeCommit":false,"messageTitle":"Wooper Mark as Done","messageBody":"","tags":["Level-3"],"fileTypesAndContributionMap":{"java":{"insertions":27,"deletions":2}}},{"hash":"8e77daeedbb1fcf1876916ea82f96830b6a34279","isMergeCommit":false,"messageTitle":"wooper ToDos, Events, Deadlines","messageBody":"","tags":["Level-4"],"fileTypesAndContributionMap":{"java":{"insertions":73,"deletions":6}}},{"hash":"a9f5758120a2cbe7cbcabe7c01dea7325207ced5","isMergeCommit":false,"messageTitle":"Automated Text UI Testing","messageBody":"","tags":["A-TextUiTesting"],"fileTypesAndContributionMap":{"txt":{"insertions":11,"deletions":0}}},{"hash":"bd7f40d79ef6613b75fc0ffa9bbf04cf27d483bd","isMergeCommit":false,"messageTitle":"Add Exceptions for wooper","messageBody":"","tags":["Level-5"],"fileTypesAndContributionMap":{"java":{"insertions":79,"deletions":45}}},{"hash":"b7b8dbdd48ff09bb74550e6250e1cf18d39701aa","isMergeCommit":false,"messageTitle":"wooper delete task","messageBody":"","tags":["Level-6"],"fileTypesAndContributionMap":{"java":{"insertions":16,"deletions":5}}}]},{"date":"2026-01-24T00:00:00","commitResults":[{"hash":"81b9de221420adcac182230c7473edfe720cf6d6","isMergeCommit":false,"messageTitle":"Test commit -ignore","messageBody":"","fileTypesAndContributionMap":{"java":{"insertions":2,"deletions":0}}}]},{"date":"2026-01-30T00:00:00","commitResults":[{"hash":"d376e33f981766b1397204c7b3edac804e5e65cf","isMergeCommit":false,"messageTitle":"Refactor code structure","messageBody":"* Add WooperController to handle command flow\n* Add TaskManager to manage task-related methods\n* Add TextView to handle user output\n* Add CommandType enum\n","tags":["A-Enums"],"fileTypesAndContributionMap":{"java":{"insertions":289,"deletions":119}}},{"hash":"ecd67578fb9d99b430d8febfd550014e269dddba","isMergeCommit":false,"messageTitle":"Add getter methods for Task subclass attributes","messageBody":"","fileTypesAndContributionMap":{"java":{"insertions":17,"deletions":3}}},{"hash":"2fe9d1c9b69d8d8f88c82d0d31314f9a333f24dc","isMergeCommit":false,"messageTitle":"Add Save data feature","messageBody":"","fileTypesAndContributionMap":{"java":{"insertions":136,"deletions":0}}},{"hash":"40915b345e39e24af5d9c085b39336df80f7f3ea","isMergeCommit":true,"messageTitle":"Merge branch \u0027branch-Level-7\u0027","messageBody":"","tags":["Level-7"],"fileTypesAndContributionMap":{}},{"hash":"c2aac052d7c871ef99dfb39dc37e45d29e9c3c2c","isMergeCommit":false,"messageTitle":"Add Date and Datetime in Deadline and Event","messageBody":"","fileTypesAndContributionMap":{"java":{"insertions":67,"deletions":15}}},{"hash":"f6e4579c5c5a7529cec9c58ae76796912cf67a7d","isMergeCommit":false,"messageTitle":"Add DateTimeUtil to manage date \u0026 datetimes","messageBody":"","fileTypesAndContributionMap":{"java":{"insertions":53,"deletions":0}}},{"hash":"7fa24e63a56ed9d5e36c3016d628e43fcb722889","isMergeCommit":false,"messageTitle":"Update methods to use datetime \u0026 date","messageBody":"","fileTypesAndContributionMap":{"java":{"insertions":95,"deletions":39}}},{"hash":"694f6b7a194d3db1c14ff024bbc0cf6795487c80","isMergeCommit":true,"messageTitle":"Merge branch \u0027branch-Level-8\u0027","messageBody":"","tags":["Level-8"],"fileTypesAndContributionMap":{}},{"hash":"e16a4f7e3473b5b96c3adcb4a1b879446344afb7","isMergeCommit":false,"messageTitle":"Add Parser for more OOP","messageBody":"","fileTypesAndContributionMap":{"java":{"insertions":112,"deletions":79}}},{"hash":"760fe684bb14c24f37cd537a25606cd4ba0fc34c","isMergeCommit":false,"messageTitle":"Move read userinput into UI","messageBody":"Rename TextView -\u003e UI\n","fileTypesAndContributionMap":{"java":{"insertions":20,"deletions":43}}},{"hash":"a7d7b8a12bd0f144942c2f5c74e5aefea11b8219","isMergeCommit":true,"messageTitle":"Merge branch \u0027branch-A-MoreOOP\u0027","messageBody":"","tags":["A-MoreOOP"],"fileTypesAndContributionMap":{}},{"hash":"f364d0f43e98ee5c1c524546a6ad5a0779c29af1","isMergeCommit":false,"messageTitle":"Organise classes into packages","messageBody":"","fileTypesAndContributionMap":{"java":{"insertions":64,"deletions":2},"bat":{"insertions":1,"deletions":1},"md":{"insertions":1,"deletions":1}}},{"hash":"3f18857fffc5baabaed31e63a2f1796980d59e0a","isMergeCommit":true,"messageTitle":"Merge branch \u0027branch-A-Packages\u0027","messageBody":"","tags":["A-Packages"],"fileTypesAndContributionMap":{}},{"hash":"0b2fe9e0a5820b69acf382633dcbba9316b62626","isMergeCommit":true,"messageTitle":"Merge branch \u0027add-gradle-support\u0027","messageBody":"","tags":["A-Gradle"],"fileTypesAndContributionMap":{}},{"hash":"94d370fedbce9aa4b0d05b81a160998cdaaa7c7c","isMergeCommit":false,"messageTitle":"Add org.json library","messageBody":"","fileTypesAndContributionMap":{"gradle":{"insertions":2,"deletions":1}}},{"hash":"d1d84ccc7aa617f8913b50e8ad53d53902502238","isMergeCommit":false,"messageTitle":"Add TaskManager and Parser JUnit Test","messageBody":"","tags":["A-JUnit"],"fileTypesAndContributionMap":{"java":{"insertions":153,"deletions":0}}},{"hash":"2a7c44d01775d0f3c867b12616a1aed38bf306e7","isMergeCommit":false,"messageTitle":"Update to create jar file","messageBody":"","tags":["A-Jar"],"fileTypesAndContributionMap":{"gradle":{"insertions":1,"deletions":2}}},{"hash":"feb994118ff0350936c690faef43583dedc6d5fc","isMergeCommit":false,"messageTitle":"Add JavaDoc for Task and it\u0027s subclasses","messageBody":"","fileTypesAndContributionMap":{"java":{"insertions":63,"deletions":0}}},{"hash":"a68a2171840c4e07176815fb0ca5cac577beb139","isMergeCommit":false,"messageTitle":"Add JavaDoc comments","messageBody":"","tags":["A-JavaDoc"],"fileTypesAndContributionMap":{"java":{"insertions":226,"deletions":9}}},{"hash":"038136a875f9a7a33a0834dd0d282eb1917d5e3f","isMergeCommit":false,"messageTitle":"Update code according to code style standard","messageBody":"","fileTypesAndContributionMap":{"java":{"insertions":49,"deletions":46}}},{"hash":"2abd2712df4e76bb25c3df957ebf793034bb758a","isMergeCommit":false,"messageTitle":"Add find task by keyword feature","messageBody":"","fileTypesAndContributionMap":{"java":{"insertions":51,"deletions":9}}},{"hash":"4de2927f25c6dd3450a32eb5f226bfe2d44ce59f","isMergeCommit":true,"messageTitle":"Merge branch \u0027branch-A-CodingStandard\u0027","messageBody":"","tags":["A-CodingStandard"],"fileTypesAndContributionMap":{}},{"hash":"146b41938233e678c7c325c9d7d79e394f55a61a","isMergeCommit":true,"messageTitle":"Merge branch \u0027branch-Level-9\u0027","messageBody":"# Conflicts:\n#\tsrc/main/java/wooper/TaskManager.java\n","tags":["Level-9"],"fileTypesAndContributionMap":{}}]},{"date":"2026-02-06T00:00:00","commitResults":[{"hash":"0a9fd0d86a6eac6fff2b5cf3f3daee69dbac33ce","isMergeCommit":false,"messageTitle":"Update greeting message","messageBody":"","fileTypesAndContributionMap":{"java":{"insertions":1,"deletions":1}}},{"hash":"aca44579d4589f6960fb0c4f303f98610540c57c","isMergeCommit":false,"messageTitle":"Add checkstyle","messageBody":"","fileTypesAndContributionMap":{"gradle":{"insertions":5,"deletions":0}}},{"hash":"1591f4c4a02e3a33087036e6241b4894a65403aa","isMergeCommit":false,"messageTitle":"Make changes according to checkstyle rules","messageBody":"","fileTypesAndContributionMap":{"java":{"insertions":81,"deletions":55}}},{"hash":"edc005bef4f33a4c66b97c0d5c4f47ce622fdd7b","isMergeCommit":true,"messageTitle":"Merge branch \u0027branch-A-CheckStyle\u0027","messageBody":"","tags":["A-CheckStyle"],"fileTypesAndContributionMap":{}},{"hash":"e4a71110c3dd8290d8e27d92d6bd188961682dad","isMergeCommit":false,"messageTitle":"Add GUI to Wooper","messageBody":"","fileTypesAndContributionMap":{"gradle":{"insertions":16,"deletions":1},"fxml":{"insertions":82,"deletions":0},"java":{"insertions":190,"deletions":0}}},{"hash":"e80be2184365a70304310b157cd81ff1e88bcd75","isMergeCommit":false,"messageTitle":"Link GUI to display text from previous CLI output","messageBody":"","fileTypesAndContributionMap":{"fxml":{"insertions":16,"deletions":6},"java":{"insertions":150,"deletions":160}}},{"hash":"952ff5487766ecf95179bf6ce00eb9b2e73aecce","isMergeCommit":false,"messageTitle":"Fix code to follow sheckstyle standard","messageBody":"","fileTypesAndContributionMap":{"java":{"insertions":33,"deletions":9}}},{"hash":"412d3eca08dfeb73a650f11013c4328f47dc5f26","isMergeCommit":true,"messageTitle":"Merge branch \u0027branch-Level-10\u0027","messageBody":"","tags":["Level-10"],"fileTypesAndContributionMap":{}}]},{"date":"2026-02-13T00:00:00","commitResults":[{"hash":"61f7c60ec0b4041efae030f3574de99da39eb7bb","isMergeCommit":false,"messageTitle":"Add assertions to document important assumptions","messageBody":"The current implementation relies on implicit assumptions\nabout parser results, event date types, and task list\ncontents during execution.\n\nThese assumptions are not explicitly documented, which\nmakes logic errors harder to detect during development.\n\nAdd Java assert statements in TaskManager and\nWooperController to enforce these implicit assumptions.\n\nAssertions are used because they detect programmer errors\nwithout affecting user-facing exception handling.\n","tags":["A-FullCommitMessage"],"fileTypesAndContributionMap":{"gradle":{"insertions":1,"deletions":0},"java":{"insertions":20,"deletions":1}}},{"hash":"a7c127913670f89c1bc9338746819ab83b161829","isMergeCommit":false,"messageTitle":"Refactor code to improve code quality","messageBody":"The current implementation contains minor duplication and\nareas where readability can be improved.\n\nThese issues affect maintainability and clarity.\n\nRefactor the code to simplify logic, improve naming, and\nreduce duplication while preserving behavior.\n\nThe changes follow code quality principles such as improving\nreadability and reducing repetition.\n","fileTypesAndContributionMap":{"java":{"insertions":214,"deletions":146}}},{"hash":"171ee26c1e7293a269c7aa4e6349bb7975343ad2","isMergeCommit":false,"messageTitle":"Refactor loops to use Java Streams","messageBody":"The current implementation uses explicit for-loops to filter\ntasks and convert tasks to JSON objects.\n\nThese loops can be simplified to improve readability and\nexpress intent more clearly.\n\nReplace the loops with Java Stream operations using filter\nand map to perform the same transformations.\n\nStreams provide a more declarative and concise approach\nwhile preserving existing behavior.\n","fileTypesAndContributionMap":{"java":{"insertions":10,"deletions":10}}},{"hash":"2d1be6a9b04cca1fdda64fbd2935ee57e81dd8c8","isMergeCommit":true,"messageTitle":"Merge pull request #1 from rxlee04/branch-A-Assertions","messageBody":"Add assertions to document important assumptions","tags":["A-Assertions"],"fileTypesAndContributionMap":{}},{"hash":"6591d8a231d8a10eb28cffcabe81967ec79a3106","isMergeCommit":true,"messageTitle":"Merge branch \u0027master\u0027 into branch-A-CodeQuality","messageBody":"","fileTypesAndContributionMap":{}},{"hash":"16dccd6f5ef1821093be3cd762afbe75a03622c6","isMergeCommit":true,"messageTitle":"Merge pull request #2 from rxlee04/branch-A-CodeQuality","messageBody":"Refactor code to improve code quality","tags":["A-CodeQuality"],"fileTypesAndContributionMap":{}},{"hash":"ac1a63e28c0e35137ec7f1bdc6c52ae6edb2401b","isMergeCommit":false,"messageTitle":"Fix missing changes after resolving merge conflict","messageBody":"","fileTypesAndContributionMap":{"java":{"insertions":6,"deletions":5}}},{"hash":"2f1e5b13c51f00c68d5c11cf4d6c2535f873b9d6","isMergeCommit":true,"messageTitle":"Merge pull request #3 from rxlee04/branch-A-Streams","messageBody":"Refactor loops to use Java Streams","tags":["A-Streams"],"fileTypesAndContributionMap":{}}]},{"date":"2026-02-14T00:00:00","commitResults":[{"hash":"6fd0f00bdb4e1ff08bbe0a94caa7110bee468492","isMergeCommit":false,"messageTitle":"Add feature to update task","messageBody":"Tasks cannot be edited once created.\n\nUsers must delete and recreate tasks to modify details,\nwhich is inconvenient and inefficient for minor changes.\n\nAllow editing existing tasks without deleting them first.\n\nSupport updating task name and relevant date/time fields based\non task type.\n","tags":["BCD-Extension","A-MoreErrorHandling"],"fileTypesAndContributionMap":{"java":{"insertions":281,"deletions":22}}},{"hash":"b1e4d986efc2119b0fc5a79f815684e11ad7f2b3","isMergeCommit":false,"messageTitle":"Add javadoc comments to new methods from update feature","messageBody":"","fileTypesAndContributionMap":{"java":{"insertions":43,"deletions":2}}}]},{"date":"2026-02-17T00:00:00","commitResults":[{"hash":"9e3d1fd36e07c61bc247473e34729771e478c905","isMergeCommit":false,"messageTitle":"Add AI.md","messageBody":"","tags":["A-AiAssisted"],"fileTypesAndContributionMap":{"md":{"insertions":31,"deletions":0}}}]},{"date":"2026-02-18T00:00:00","commitResults":[{"hash":"e6f672caed3ec799f2fcba219f14bd4840242cbc","isMergeCommit":false,"messageTitle":"Add highlight errors to label","messageBody":"","tags":["A-Personality"],"fileTypesAndContributionMap":{"java":{"insertions":17,"deletions":2}}},{"hash":"32473f95cad675d96d22aa301042dbb9938463c0","isMergeCommit":false,"messageTitle":"Improve GUI styling and layout","messageBody":"","fileTypesAndContributionMap":{"fxml":{"insertions":4,"deletions":4}}},{"hash":"eb99e054ba4e2a10dfdf98cda1ecbcd474f5f92c","isMergeCommit":true,"messageTitle":"Merge branch \u0027branch-A-BetterGui\u0027","messageBody":"","tags":["A-BetterGui"],"fileTypesAndContributionMap":{}},{"hash":"20895c0a53cf4138cb54eec889491ad502f77b51","isMergeCommit":false,"messageTitle":"Fix parser extract flag value logic","messageBody":"","fileTypesAndContributionMap":{"java":{"insertions":14,"deletions":5}}},{"hash":"5840ab10d3d8cc690fe65942460242d6d72fcce0","isMergeCommit":false,"messageTitle":"Fix assert statement at wrong line","messageBody":"","fileTypesAndContributionMap":{"java":{"insertions":1,"deletions":1}}},{"hash":"c38adf32d0c76b7d9ae84cef5eb4860f3abed801","isMergeCommit":false,"messageTitle":"Add more unit testing","messageBody":"","tags":["A-MoreTesting"],"fileTypesAndContributionMap":{"java":{"insertions":485,"deletions":46}}},{"hash":"8cda059170e3bf6781475f404a10c473f7986d25","isMergeCommit":false,"messageTitle":"Refactor Parser class","messageBody":"","fileTypesAndContributionMap":{"java":{"insertions":4,"deletions":9}}},{"hash":"1bd8ca14466c6e30551a7ef0212194413d6090e1","isMergeCommit":false,"messageTitle":"Refactor Storage class","messageBody":"","fileTypesAndContributionMap":{"java":{"insertions":57,"deletions":34}}},{"hash":"dc5626176fc6f9609fdcea23f35cd9c452616730","isMergeCommit":false,"messageTitle":"Replace Duke with Wooper","messageBody":"","fileTypesAndContributionMap":{"sh":{"insertions":1,"deletions":1},"md":{"insertions":2,"deletions":7}}},{"hash":"0625803ac5587c6f7d28bc64f417ec31dcafafb0","isMergeCommit":false,"messageTitle":"Clean up and apply Java coding standards","messageBody":"","fileTypesAndContributionMap":{"java":{"insertions":7,"deletions":8}}},{"hash":"73c2708a071cfdd227122f6ff7d52bf11b45e909","isMergeCommit":false,"messageTitle":"Add main window title bar","messageBody":"","fileTypesAndContributionMap":{"java":{"insertions":2,"deletions":1}}},{"hash":"a06829773699ed0326cdacbccda736c79f38c12d","isMergeCommit":false,"messageTitle":"Add wooper user guide","messageBody":"","tags":["A-UserGuide","A-Release"],"fileTypesAndContributionMap":{"md":{"insertions":236,"deletions":13}}},{"hash":"ca6c3571c012f9a2ad8991ecc58f7c97ea9b40b3","isMergeCommit":false,"messageTitle":"Update README with date format clarification","messageBody":"Clarify date format requirements for event tasks.","fileTypesAndContributionMap":{"md":{"insertions":1,"deletions":1}}}]}]},"authorFileTypeContributionMap":{"rxlee04":{"java":2328,"md":272,"fxml":92,"sh":1,"bat":1,"gradle":24,"txt":11}},"authorContributionVariance":{"rxlee04":111817.32},"authorDisplayNameMap":{"rxlee04":"CS2103-T11-1 LEE ..XUAN"}}
