{"authorDailyContributionsMap":{"rxlee04":[{"date":"2026-01-23T00:00:00","commitResults":[{"hash":"6316b0aebfd4a1036190924b68883c523ccc10a5","isMergeCommit":false,"messageTitle":"New Wooper Chatbot","messageBody":"","tags":["Level-0"],"fileTypesAndContributionMap":{"java":{"insertions":10,"deletions":10},"bat":{"insertions":1,"deletions":1},"md":{"insertions":3,"deletions":3}}},{"hash":"469c9ef6b22d9fa8f72c6c2f963a00ded93ef597","isMergeCommit":false,"messageTitle":"wooper echo","messageBody":"","tags":["Level-1"],"fileTypesAndContributionMap":{"java":{"insertions":18,"deletions":3}}},{"hash":"b349296c54ab242d2aa22c17b5cb397ba9e5f5a3","isMergeCommit":false,"messageTitle":"wooper Add, List","messageBody":"","tags":["Level-2"],"fileTypesAndContributionMap":{"java":{"insertions":30,"deletions":2}}},{"hash":"6f89d995a4cbf0e3b796800269ba787dd9118b2c","isMergeCommit":false,"messageTitle":"Wooper Mark as Done","messageBody":"","tags":["Level-3"],"fileTypesAndContributionMap":{"java":{"insertions":27,"deletions":2}}},{"hash":"8e77daeedbb1fcf1876916ea82f96830b6a34279","isMergeCommit":false,"messageTitle":"wooper ToDos, Events, Deadlines","messageBody":"","tags":["Level-4"],"fileTypesAndContributionMap":{"java":{"insertions":73,"deletions":6}}},{"hash":"a9f5758120a2cbe7cbcabe7c01dea7325207ced5","isMergeCommit":false,"messageTitle":"Automated Text UI Testing","messageBody":"","tags":["A-TextUiTesting"],"fileTypesAndContributionMap":{"txt":{"insertions":11,"deletions":0}}},{"hash":"bd7f40d79ef6613b75fc0ffa9bbf04cf27d483bd","isMergeCommit":false,"messageTitle":"Add Exceptions for wooper","messageBody":"","tags":["Level-5"],"fileTypesAndContributionMap":{"java":{"insertions":79,"deletions":45}}},{"hash":"b7b8dbdd48ff09bb74550e6250e1cf18d39701aa","isMergeCommit":false,"messageTitle":"wooper delete task","messageBody":"","tags":["Level-6"],"fileTypesAndContributionMap":{"java":{"insertions":16,"deletions":5}}}]},{"date":"2026-01-24T00:00:00","commitResults":[{"hash":"81b9de221420adcac182230c7473edfe720cf6d6","isMergeCommit":false,"messageTitle":"Test commit -ignore","messageBody":"","fileTypesAndContributionMap":{"java":{"insertions":2,"deletions":0}}}]},{"date":"2026-01-30T00:00:00","commitResults":[{"hash":"d376e33f981766b1397204c7b3edac804e5e65cf","isMergeCommit":false,"messageTitle":"Refactor code structure","messageBody":"* Add WooperController to handle command flow\n* Add TaskManager to manage task-related methods\n* Add TextView to handle user output\n* Add CommandType enum\n","tags":["A-Enums"],"fileTypesAndContributionMap":{"java":{"insertions":289,"deletions":119}}}]}]},"authorFileTypeContributionMap":{"rxlee04":{"java":362,"md":3,"fxml":0,"sh":0,"bat":1,"gradle":0,"txt":11}},"authorContributionVariance":{"rxlee04":11799.217},"authorDisplayNameMap":{"rxlee04":"CS2103-T11-1 LEE ..XUAN"}}
