{"authorDailyContributionsMap":{"Jaepple":[{"date":"2026-01-22T00:00:00","commitResults":[{"hash":"cc84cfc8660be5b3fcdbf9cd9681cb736c35c724","isMergeCommit":false,"messageTitle":"Rename Duke to Tika and add greeting, exit","messageBody":"","tags":["Level-0"],"fileTypesAndContributionMap":{"java":{"insertions":10,"deletions":10}}},{"hash":"0fd3f93d7503fc5ca149df5c23806bbcae6e770f","isMergeCommit":false,"messageTitle":"Add echo","messageBody":"","tags":["Level-1"],"fileTypesAndContributionMap":{"java":{"insertions":15,"deletions":0}}},{"hash":"6e76fe24359ac27b6a7a3ffeaf03312053f02d17","isMergeCommit":false,"messageTitle":"Add list and add function","messageBody":"","tags":["Level-2"],"fileTypesAndContributionMap":{"java":{"insertions":26,"deletions":5}}},{"hash":"fbde7e79413e0120dd238ce9b5aafefc8f23c9e6","isMergeCommit":false,"messageTitle":"Add mark as done and unmark","messageBody":"","tags":["Level-3"],"fileTypesAndContributionMap":{"java":{"insertions":55,"deletions":3}}}]},{"date":"2026-01-23T00:00:00","commitResults":[{"hash":"3d3bb977916a79b8b0861461db4be97f8b167e4e","isMergeCommit":false,"messageTitle":"Add task types","messageBody":"","tags":["Level-4"],"fileTypesAndContributionMap":{"java":{"insertions":75,"deletions":5}}},{"hash":"d49efa6201aa57c52f1bba93e34dc1464fc66a4f","isMergeCommit":false,"messageTitle":"Add testing","messageBody":"","tags":["A-TextUiTesting"],"fileTypesAndContributionMap":{"txt":{"insertions":5,"deletions":0},"sh":{"insertions":2,"deletions":2}}},{"hash":"994ff0830c73519c43f6b720ade413d55e717879","isMergeCommit":false,"messageTitle":"Add TikaException","messageBody":"","tags":["Level-5"],"fileTypesAndContributionMap":{"java":{"insertions":105,"deletions":81}}},{"hash":"2e53d74c3a7db718839940d96cdbc7359774ceb3","isMergeCommit":false,"messageTitle":"Add delete function","messageBody":"","tags":["Level-6"],"fileTypesAndContributionMap":{"txt":{"insertions":2,"deletions":0},"java":{"insertions":19,"deletions":8}}}]},{"date":"2026-01-28T00:00:00","commitResults":[{"hash":"d9cde76156e81099ca2fefbd3b0b43fa9af16d8a","isMergeCommit":false,"messageTitle":"Add save feature","messageBody":"","fileTypesAndContributionMap":{"txt":{"insertions":1,"deletions":0},"java":{"insertions":111,"deletions":3}}},{"hash":"f077d3711cabf3c07be0168670ab36ae9ea534a1","isMergeCommit":true,"messageTitle":"Merge branch \u0027branch-Level-7\u0027 Add save feature","messageBody":"","tags":["Level-7"],"fileTypesAndContributionMap":{}},{"hash":"e6bb2cc8e4f007dffcfae602bf0d9f9dd5d9e4d4","isMergeCommit":false,"messageTitle":"Add java date and time feature","messageBody":"","fileTypesAndContributionMap":{"txt":{"insertions":1,"deletions":1},"java":{"insertions":30,"deletions":10}}},{"hash":"7358376c27c0225255ca6233f92ec3857e98be59","isMergeCommit":true,"messageTitle":"Merge branch \u0027branch-Level-8\u0027 Add Java date and time feature","messageBody":"","tags":["Level-8"],"fileTypesAndContributionMap":{}}]}]},"authorFileTypeContributionMap":{"Jaepple":{"java":331,"md":0,"fxml":0,"sh":2,"bat":0,"gradle":0,"txt":8}},"authorContributionVariance":{"Jaepple":5766.4873},"authorDisplayNameMap":{"Jaepple":"CS2103T-T15-3 JAED..E YI"}}
