[{"path":"src/main/java/Pook.java","fileType":"java","lines":[{"lineNumber":1,"author":{"gitId":"RumaisaKashif"},"content":"import java.util.Scanner;","lastModifiedDate":"2026-01-22T22:06:09","isFullCredit":false},{"lineNumber":2,"author":{"gitId":"RumaisaKashif"},"content":"import java.util.ArrayList;","lastModifiedDate":"2026-01-23T10:07:14","isFullCredit":false},{"lineNumber":3,"author":{"gitId":"RumaisaKashif"},"content":"import java.util.List;","lastModifiedDate":"2026-01-23T10:07:14","isFullCredit":false},{"lineNumber":4,"author":{"gitId":"RumaisaKashif"},"content":"","lastModifiedDate":"2026-01-22T22:06:09","isFullCredit":false},{"lineNumber":5,"author":{"gitId":"RumaisaKashif"},"content":"public class Pook {","lastModifiedDate":"2026-01-22T21:40:09","isFullCredit":false},{"lineNumber":6,"author":{"gitId":"RumaisaKashif"},"content":"    public static void main(String[] args) {","lastModifiedDate":"2026-01-22T21:40:09","isFullCredit":false},{"lineNumber":7,"author":{"gitId":"RumaisaKashif"},"content":"        Scanner input \u003d new Scanner(System.in);","lastModifiedDate":"2026-01-22T22:06:09","isFullCredit":false},{"lineNumber":8,"author":{"gitId":"RumaisaKashif"},"content":"        List\u003cTask\u003e input_list \u003d new ArrayList\u003c\u003e();","lastModifiedDate":"2026-01-23T10:44:16","isFullCredit":false},{"lineNumber":9,"author":{"gitId":"RumaisaKashif"},"content":"        System.out.println(\"----------------------\");","lastModifiedDate":"2026-01-22T21:40:09","isFullCredit":false},{"lineNumber":10,"author":{"gitId":"RumaisaKashif"},"content":"        System.out.println(\"Hello! I\u0027m Pook\");","lastModifiedDate":"2026-01-22T21:40:09","isFullCredit":false},{"lineNumber":11,"author":{"gitId":"RumaisaKashif"},"content":"        System.out.println(\"What can I do for you?\");","lastModifiedDate":"2026-01-22T21:40:09","isFullCredit":false},{"lineNumber":12,"author":{"gitId":"RumaisaKashif"},"content":"        System.out.println(\"----------------------\");","lastModifiedDate":"2026-01-22T21:40:09","isFullCredit":false},{"lineNumber":13,"author":{"gitId":"RumaisaKashif"},"content":"        while (true) {","lastModifiedDate":"2026-01-22T22:06:09","isFullCredit":false},{"lineNumber":14,"author":{"gitId":"RumaisaKashif"},"content":"            System.out.println();","lastModifiedDate":"2026-01-22T22:06:09","isFullCredit":false},{"lineNumber":15,"author":{"gitId":"RumaisaKashif"},"content":"            String user_input \u003d input.nextLine();","lastModifiedDate":"2026-01-22T22:06:09","isFullCredit":false},{"lineNumber":16,"author":{"gitId":"RumaisaKashif"},"content":"            System.out.println(\"----------------------\");","lastModifiedDate":"2026-01-22T22:06:09","isFullCredit":false},{"lineNumber":17,"author":{"gitId":"RumaisaKashif"},"content":"            if (user_input.equals(\"bye\")) {","lastModifiedDate":"2026-01-22T22:06:09","isFullCredit":false},{"lineNumber":18,"author":{"gitId":"RumaisaKashif"},"content":"                System.out.println(\"Bye. Hope to see you again soon!\");","lastModifiedDate":"2026-01-22T21:40:09","isFullCredit":false},{"lineNumber":19,"author":{"gitId":"RumaisaKashif"},"content":"                System.out.println();","lastModifiedDate":"2026-01-22T22:06:09","isFullCredit":false},{"lineNumber":20,"author":{"gitId":"RumaisaKashif"},"content":"                break;","lastModifiedDate":"2026-01-22T22:06:09","isFullCredit":false},{"lineNumber":21,"author":{"gitId":"RumaisaKashif"},"content":"            } else if (user_input.startsWith(\"mark\")) {","lastModifiedDate":"2026-01-23T10:44:16","isFullCredit":false},{"lineNumber":22,"author":{"gitId":"RumaisaKashif"},"content":"                String[] segments \u003d user_input.split(\" \");","lastModifiedDate":"2026-01-23T10:44:16","isFullCredit":false},{"lineNumber":23,"author":{"gitId":"RumaisaKashif"},"content":"                int task_index \u003d Integer.parseInt(segments[1]) - 1;","lastModifiedDate":"2026-01-23T10:44:16","isFullCredit":false},{"lineNumber":24,"author":{"gitId":"RumaisaKashif"},"content":"                Task markable_task \u003d input_list.get(task_index);","lastModifiedDate":"2026-01-23T10:44:16","isFullCredit":false},{"lineNumber":25,"author":{"gitId":"RumaisaKashif"},"content":"                if (markable_task.getStatusIcon().equals(\"X\")) {","lastModifiedDate":"2026-01-23T10:44:16","isFullCredit":false},{"lineNumber":26,"author":{"gitId":"RumaisaKashif"},"content":"                    System.out.println(\"I\u0027ve already marked this task as done!\");","lastModifiedDate":"2026-01-23T10:44:16","isFullCredit":false},{"lineNumber":27,"author":{"gitId":"RumaisaKashif"},"content":"                    System.out.println(\"----------------------\");","lastModifiedDate":"2026-01-23T10:44:16","isFullCredit":false},{"lineNumber":28,"author":{"gitId":"RumaisaKashif"},"content":"                    continue;","lastModifiedDate":"2026-01-23T10:44:16","isFullCredit":false},{"lineNumber":29,"author":{"gitId":"RumaisaKashif"},"content":"                }","lastModifiedDate":"2026-01-23T10:44:16","isFullCredit":false},{"lineNumber":30,"author":{"gitId":"RumaisaKashif"},"content":"                markable_task.setStatus(true);","lastModifiedDate":"2026-01-23T10:44:16","isFullCredit":false},{"lineNumber":31,"author":{"gitId":"RumaisaKashif"},"content":"                System.out.println(\"Nice! I\u0027ve marked this task as done:\");","lastModifiedDate":"2026-01-23T10:44:16","isFullCredit":false},{"lineNumber":32,"author":{"gitId":"RumaisaKashif"},"content":"                System.out.println(\" \" + markable_task.getTask());","lastModifiedDate":"2026-01-23T10:44:16","isFullCredit":false},{"lineNumber":33,"author":{"gitId":"RumaisaKashif"},"content":"                System.out.println(\"----------------------\");","lastModifiedDate":"2026-01-23T10:44:16","isFullCredit":false},{"lineNumber":34,"author":{"gitId":"RumaisaKashif"},"content":"            }","lastModifiedDate":"2026-01-22T22:06:09","isFullCredit":false},{"lineNumber":35,"author":{"gitId":"RumaisaKashif"},"content":"            else if (user_input.equals(\"list\")) {","lastModifiedDate":"2026-01-23T10:07:14","isFullCredit":false},{"lineNumber":36,"author":{"gitId":"RumaisaKashif"},"content":"                for (int i \u003d 0; i \u003c input_list.size(); i++) {","lastModifiedDate":"2026-01-23T10:07:14","isFullCredit":false},{"lineNumber":37,"author":{"gitId":"RumaisaKashif"},"content":"                    Task task \u003d input_list.get(i);","lastModifiedDate":"2026-01-23T10:44:16","isFullCredit":false},{"lineNumber":38,"author":{"gitId":"RumaisaKashif"},"content":"                    System.out.println(i + 1 + \". \" + task.getTask());","lastModifiedDate":"2026-01-23T10:44:16","isFullCredit":false},{"lineNumber":39,"author":{"gitId":"RumaisaKashif"},"content":"                } ","lastModifiedDate":"2026-01-23T10:07:14","isFullCredit":false},{"lineNumber":40,"author":{"gitId":"RumaisaKashif"},"content":"                System.out.println(\"----------------------\");","lastModifiedDate":"2026-01-22T22:06:09","isFullCredit":false},{"lineNumber":41,"author":{"gitId":"RumaisaKashif"},"content":"            } else {","lastModifiedDate":"2026-01-23T10:44:16","isFullCredit":false},{"lineNumber":42,"author":{"gitId":"RumaisaKashif"},"content":"                Task new_task \u003d new Task(user_input);","lastModifiedDate":"2026-01-23T10:44:16","isFullCredit":false},{"lineNumber":43,"author":{"gitId":"RumaisaKashif"},"content":"                input_list.add(new_task);    ","lastModifiedDate":"2026-01-23T10:44:16","isFullCredit":false},{"lineNumber":44,"author":{"gitId":"RumaisaKashif"},"content":"                System.out.println(\"added: \" + user_input);","lastModifiedDate":"2026-01-23T10:07:14","isFullCredit":false},{"lineNumber":45,"author":{"gitId":"RumaisaKashif"},"content":"                System.out.println(\"----------------------\");","lastModifiedDate":"2026-01-23T10:07:14","isFullCredit":false},{"lineNumber":46,"author":{"gitId":"RumaisaKashif"},"content":"            }","lastModifiedDate":"2026-01-23T10:07:14","isFullCredit":false},{"lineNumber":47,"author":{"gitId":"RumaisaKashif"},"content":"        }","lastModifiedDate":"2026-01-22T22:06:09","isFullCredit":false},{"lineNumber":48,"author":{"gitId":"RumaisaKashif"},"content":"        input.close();","lastModifiedDate":"2026-01-22T22:06:09","isFullCredit":false},{"lineNumber":49,"author":{"gitId":"RumaisaKashif"},"content":"        System.out.println(\"----------------------\");","lastModifiedDate":"2026-01-22T21:40:09","isFullCredit":false},{"lineNumber":50,"author":{"gitId":"RumaisaKashif"},"content":"    }","lastModifiedDate":"2026-01-22T21:40:09","isFullCredit":false},{"lineNumber":51,"author":{"gitId":"RumaisaKashif"},"content":"}","lastModifiedDate":"2026-01-22T21:40:09","isFullCredit":false}],"authorContributionMap":{"RumaisaKashif":51}},{"path":"src/main/java/Task.java","fileType":"java","lines":[{"lineNumber":1,"author":{"gitId":"RumaisaKashif"},"content":"public class Task {","lastModifiedDate":"2026-01-23T10:44:16","isFullCredit":false},{"lineNumber":2,"author":{"gitId":"RumaisaKashif"},"content":"    protected String description;","lastModifiedDate":"2026-01-23T10:44:16","isFullCredit":false},{"lineNumber":3,"author":{"gitId":"RumaisaKashif"},"content":"    protected boolean isDone;","lastModifiedDate":"2026-01-23T10:44:16","isFullCredit":false},{"lineNumber":4,"author":{"gitId":"RumaisaKashif"},"content":"","lastModifiedDate":"2026-01-23T10:44:16","isFullCredit":false},{"lineNumber":5,"author":{"gitId":"RumaisaKashif"},"content":"    public Task(String description) {","lastModifiedDate":"2026-01-23T10:44:16","isFullCredit":false},{"lineNumber":6,"author":{"gitId":"RumaisaKashif"},"content":"        this.description \u003d description;","lastModifiedDate":"2026-01-23T10:44:16","isFullCredit":false},{"lineNumber":7,"author":{"gitId":"RumaisaKashif"},"content":"        this.isDone \u003d false;","lastModifiedDate":"2026-01-23T10:44:16","isFullCredit":false},{"lineNumber":8,"author":{"gitId":"RumaisaKashif"},"content":"    }","lastModifiedDate":"2026-01-23T10:44:16","isFullCredit":false},{"lineNumber":9,"author":{"gitId":"RumaisaKashif"},"content":"","lastModifiedDate":"2026-01-23T10:44:16","isFullCredit":false},{"lineNumber":10,"author":{"gitId":"RumaisaKashif"},"content":"    public String getStatusIcon() {","lastModifiedDate":"2026-01-23T10:44:16","isFullCredit":false},{"lineNumber":11,"author":{"gitId":"RumaisaKashif"},"content":"        return (isDone ? \"X\" : \" \"); // mark done task with X","lastModifiedDate":"2026-01-23T10:44:16","isFullCredit":false},{"lineNumber":12,"author":{"gitId":"RumaisaKashif"},"content":"    }","lastModifiedDate":"2026-01-23T10:44:16","isFullCredit":false},{"lineNumber":13,"author":{"gitId":"RumaisaKashif"},"content":"","lastModifiedDate":"2026-01-23T10:44:16","isFullCredit":false},{"lineNumber":14,"author":{"gitId":"RumaisaKashif"},"content":"    public String getTask() {","lastModifiedDate":"2026-01-23T10:44:16","isFullCredit":false},{"lineNumber":15,"author":{"gitId":"RumaisaKashif"},"content":"        return \"[\" + getStatusIcon() + \"] \" + description;","lastModifiedDate":"2026-01-23T10:44:16","isFullCredit":false},{"lineNumber":16,"author":{"gitId":"RumaisaKashif"},"content":"    }","lastModifiedDate":"2026-01-23T10:44:16","isFullCredit":false},{"lineNumber":17,"author":{"gitId":"RumaisaKashif"},"content":"","lastModifiedDate":"2026-01-23T10:44:16","isFullCredit":false},{"lineNumber":18,"author":{"gitId":"RumaisaKashif"},"content":"    public void setStatus(boolean flag) {","lastModifiedDate":"2026-01-23T10:44:16","isFullCredit":false},{"lineNumber":19,"author":{"gitId":"RumaisaKashif"},"content":"        isDone \u003d flag;","lastModifiedDate":"2026-01-23T10:44:16","isFullCredit":false},{"lineNumber":20,"author":{"gitId":"RumaisaKashif"},"content":"    }","lastModifiedDate":"2026-01-23T10:44:16","isFullCredit":false},{"lineNumber":21,"author":{"gitId":"RumaisaKashif"},"content":"}","lastModifiedDate":"2026-01-23T10:44:16","isFullCredit":false}],"authorContributionMap":{"RumaisaKashif":21}}]
