[{"path":"src/main/java/Pook.java","fileType":"java","lines":[{"lineNumber":1,"author":{"gitId":"RumaisaKashif"},"content":"import java.util.Scanner;","lastModifiedDate":"2026-01-22T22:06:09","isFullCredit":false},{"lineNumber":2,"author":{"gitId":"RumaisaKashif"},"content":"","lastModifiedDate":"2026-01-22T22:06:09","isFullCredit":false},{"lineNumber":3,"author":{"gitId":"RumaisaKashif"},"content":"public class Pook {","lastModifiedDate":"2026-01-22T21:40:09","isFullCredit":false},{"lineNumber":4,"author":{"gitId":"RumaisaKashif"},"content":"    public static void main(String[] args) {","lastModifiedDate":"2026-01-22T21:40:09","isFullCredit":false},{"lineNumber":5,"author":{"gitId":"RumaisaKashif"},"content":"        Scanner input \u003d new Scanner(System.in);","lastModifiedDate":"2026-01-22T22:06:09","isFullCredit":false},{"lineNumber":6,"author":{"gitId":"RumaisaKashif"},"content":"        System.out.println(\"----------------------\");","lastModifiedDate":"2026-01-22T21:40:09","isFullCredit":false},{"lineNumber":7,"author":{"gitId":"RumaisaKashif"},"content":"        System.out.println(\"Hello! I\u0027m Pook\");","lastModifiedDate":"2026-01-22T21:40:09","isFullCredit":false},{"lineNumber":8,"author":{"gitId":"RumaisaKashif"},"content":"        System.out.println(\"What can I do for you?\");","lastModifiedDate":"2026-01-22T21:40:09","isFullCredit":false},{"lineNumber":9,"author":{"gitId":"RumaisaKashif"},"content":"        System.out.println(\"----------------------\");","lastModifiedDate":"2026-01-22T21:40:09","isFullCredit":false},{"lineNumber":10,"author":{"gitId":"RumaisaKashif"},"content":"        while (true) {","lastModifiedDate":"2026-01-22T22:06:09","isFullCredit":false},{"lineNumber":11,"author":{"gitId":"RumaisaKashif"},"content":"            System.out.println();","lastModifiedDate":"2026-01-22T22:06:09","isFullCredit":false},{"lineNumber":12,"author":{"gitId":"RumaisaKashif"},"content":"            String user_input \u003d input.nextLine();","lastModifiedDate":"2026-01-22T22:06:09","isFullCredit":false},{"lineNumber":13,"author":{"gitId":"RumaisaKashif"},"content":"            System.out.println(\"----------------------\");","lastModifiedDate":"2026-01-22T22:06:09","isFullCredit":false},{"lineNumber":14,"author":{"gitId":"RumaisaKashif"},"content":"            if (user_input.equals(\"bye\")) {","lastModifiedDate":"2026-01-22T22:06:09","isFullCredit":false},{"lineNumber":15,"author":{"gitId":"RumaisaKashif"},"content":"                System.out.println(\"Bye. Hope to see you again soon!\");","lastModifiedDate":"2026-01-22T21:40:09","isFullCredit":false},{"lineNumber":16,"author":{"gitId":"RumaisaKashif"},"content":"                System.out.println();","lastModifiedDate":"2026-01-22T22:06:09","isFullCredit":false},{"lineNumber":17,"author":{"gitId":"RumaisaKashif"},"content":"                break;","lastModifiedDate":"2026-01-22T22:06:09","isFullCredit":false},{"lineNumber":18,"author":{"gitId":"RumaisaKashif"},"content":"            }","lastModifiedDate":"2026-01-22T22:06:09","isFullCredit":false},{"lineNumber":19,"author":{"gitId":"RumaisaKashif"},"content":"            System.out.println(user_input);","lastModifiedDate":"2026-01-22T22:06:09","isFullCredit":false},{"lineNumber":20,"author":{"gitId":"RumaisaKashif"},"content":"            System.out.println(\"----------------------\");","lastModifiedDate":"2026-01-22T22:06:09","isFullCredit":false},{"lineNumber":21,"author":{"gitId":"RumaisaKashif"},"content":"            System.out.println();","lastModifiedDate":"2026-01-22T22:06:09","isFullCredit":false},{"lineNumber":22,"author":{"gitId":"RumaisaKashif"},"content":"        }","lastModifiedDate":"2026-01-22T22:06:09","isFullCredit":false},{"lineNumber":23,"author":{"gitId":"RumaisaKashif"},"content":"        input.close();","lastModifiedDate":"2026-01-22T22:06:09","isFullCredit":false},{"lineNumber":24,"author":{"gitId":"RumaisaKashif"},"content":"        System.out.println(\"----------------------\");","lastModifiedDate":"2026-01-22T21:40:09","isFullCredit":false},{"lineNumber":25,"author":{"gitId":"RumaisaKashif"},"content":"    }","lastModifiedDate":"2026-01-22T21:40:09","isFullCredit":false},{"lineNumber":26,"author":{"gitId":"RumaisaKashif"},"content":"}","lastModifiedDate":"2026-01-22T21:40:09","isFullCredit":false}],"authorContributionMap":{"RumaisaKashif":26}}]
