{"authorDailyContributionsMap":{"RaisinMoldyBread":[{"date":"2026-01-20T00:00:00","commitResults":[{"hash":"d0f66b3cd6fb3df5d6a996a9d1c55c0e8c90b83f","isMergeCommit":false,"messageTitle":"Change Duke.java to RaisinChat.java","messageBody":"","fileTypesAndContributionMap":{"java":{"insertions":0,"deletions":0}}},{"hash":"fadd3091f0e30a05955b15b01c2b17022d7154f9","isMergeCommit":false,"messageTitle":"Change class name","messageBody":"","fileTypesAndContributionMap":{"java":{"insertions":1,"deletions":1}}},{"hash":"8108d4b37264b567e12c84cee5bf827e350648c8","isMergeCommit":false,"messageTitle":"Add skeleton code for Level-0","messageBody":"","tags":["Level-0"],"fileTypesAndContributionMap":{"java":{"insertions":15,"deletions":6}}},{"hash":"73de51f4b147123735ca4bf1d509b2e1300f8a27","isMergeCommit":false,"messageTitle":"Add new method printOutput to declutter main method","messageBody":"I move the border variable to be static as it seems to be quite oftenly used for this task\n","fileTypesAndContributionMap":{"java":{"insertions":7,"deletions":1}}},{"hash":"2a3c1ea61494524fa5a77b30bfb3d9b6984f8621","isMergeCommit":false,"messageTitle":"Add main logic for task 1","messageBody":"Main task runs in a while loop, when we receive a bye string, we exit the loop to exit the programme\n","tags":["Level-1"],"fileTypesAndContributionMap":{"java":{"insertions":23,"deletions":1}}},{"hash":"41e09aacfcaf7801941ce2c1c2a2fc71d8dda47c","isMergeCommit":false,"messageTitle":"Add Task class","messageBody":"","fileTypesAndContributionMap":{"java":{"insertions":7,"deletions":0}}},{"hash":"d357f9c5232a6dae0f3e53119262bf08e4aaec6d","isMergeCommit":false,"messageTitle":"Add toString method for Task.java","messageBody":"","fileTypesAndContributionMap":{"java":{"insertions":5,"deletions":0}}},{"hash":"f7c2b2e8a50c927f041bf3529fcbf0c042975683","isMergeCommit":false,"messageTitle":"Add logic for Task listing","messageBody":"","fileTypesAndContributionMap":{"java":{"insertions":14,"deletions":1}}},{"hash":"37dd73afca51eab567683cb16f47e9448d906c1a","isMergeCommit":false,"messageTitle":"Add logic for adding task into Task listing","messageBody":"","fileTypesAndContributionMap":{"java":{"insertions":8,"deletions":3}}},{"hash":"a27b4d4a6fa6e4866617625812f8fdff92ffca62","isMergeCommit":false,"messageTitle":"Fix bugs and added additional exit feature","messageBody":"Remove the toString on the String formatter and added exit as an additional exit command\n","tags":["Level-2"],"fileTypesAndContributionMap":{"java":{"insertions":2,"deletions":2}}}]}]},"authorFileTypeContributionMap":{"RaisinMoldyBread":{"java":74,"md":0,"fxml":0,"sh":0,"bat":0,"gradle":0,"txt":0}},"authorContributionVariance":{"RaisinMoldyBread":718.743},"authorDisplayNameMap":{"RaisinMoldyBread":"KOH ..YLAN"}}
