[{"path":"docs/README.md","fileType":"md","lines":[{"lineNumber":1,"author":{"gitId":"-"},"content":"# Duke User Guide","lastModifiedDate":"2024-01-07T18:33:52","isFullCredit":false},{"lineNumber":2,"author":{"gitId":"-"},"content":"","lastModifiedDate":"2019-07-29T17:14:46","isFullCredit":false},{"lineNumber":3,"author":{"gitId":"-"},"content":"// Update the title above to match the actual product name","lastModifiedDate":"2024-01-07T18:33:52","isFullCredit":false},{"lineNumber":4,"author":{"gitId":"-"},"content":"","lastModifiedDate":"2019-07-29T17:14:46","isFullCredit":false},{"lineNumber":5,"author":{"gitId":"-"},"content":"// Product screenshot goes here","lastModifiedDate":"2024-01-07T18:33:52","isFullCredit":false},{"lineNumber":6,"author":{"gitId":"-"},"content":"","lastModifiedDate":"2021-07-17T16:49:07","isFullCredit":false},{"lineNumber":7,"author":{"gitId":"-"},"content":"// Product intro goes here","lastModifiedDate":"2024-01-07T18:33:52","isFullCredit":false},{"lineNumber":8,"author":{"gitId":"-"},"content":"","lastModifiedDate":"2021-07-17T16:49:07","isFullCredit":false},{"lineNumber":9,"author":{"gitId":"-"},"content":"## Adding deadlines","lastModifiedDate":"2024-01-07T18:33:52","isFullCredit":false},{"lineNumber":10,"author":{"gitId":"-"},"content":"","lastModifiedDate":"2021-07-17T16:49:07","isFullCredit":false},{"lineNumber":11,"author":{"gitId":"-"},"content":"// Describe the action and its outcome.","lastModifiedDate":"2024-01-07T18:33:52","isFullCredit":false},{"lineNumber":12,"author":{"gitId":"-"},"content":"","lastModifiedDate":"2019-07-29T17:14:46","isFullCredit":false},{"lineNumber":13,"author":{"gitId":"-"},"content":"// Give examples of usage","lastModifiedDate":"2024-01-07T18:33:52","isFullCredit":false},{"lineNumber":14,"author":{"gitId":"-"},"content":"","lastModifiedDate":"2019-07-29T17:14:46","isFullCredit":false},{"lineNumber":15,"author":{"gitId":"-"},"content":"Example: `keyword (optional arguments)`","lastModifiedDate":"2024-01-07T18:33:52","isFullCredit":false},{"lineNumber":16,"author":{"gitId":"-"},"content":"","lastModifiedDate":"2019-07-29T17:14:46","isFullCredit":false},{"lineNumber":17,"author":{"gitId":"-"},"content":"// A description of the expected outcome goes here","lastModifiedDate":"2024-01-07T18:33:52","isFullCredit":false},{"lineNumber":18,"author":{"gitId":"-"},"content":"","lastModifiedDate":"2019-07-29T17:14:46","isFullCredit":false},{"lineNumber":19,"author":{"gitId":"-"},"content":"```","lastModifiedDate":"2024-01-07T18:33:52","isFullCredit":false},{"lineNumber":20,"author":{"gitId":"-"},"content":"expected output","lastModifiedDate":"2024-01-07T18:33:52","isFullCredit":false},{"lineNumber":21,"author":{"gitId":"-"},"content":"```","lastModifiedDate":"2024-01-07T18:33:52","isFullCredit":false},{"lineNumber":22,"author":{"gitId":"-"},"content":"","lastModifiedDate":"2019-07-29T17:14:46","isFullCredit":false},{"lineNumber":23,"author":{"gitId":"-"},"content":"## Feature ABC","lastModifiedDate":"2024-01-07T18:33:52","isFullCredit":false},{"lineNumber":24,"author":{"gitId":"-"},"content":"","lastModifiedDate":"2019-07-29T17:14:46","isFullCredit":false},{"lineNumber":25,"author":{"gitId":"-"},"content":"// Feature details","lastModifiedDate":"2024-01-07T18:33:52","isFullCredit":false},{"lineNumber":26,"author":{"gitId":"-"},"content":"","lastModifiedDate":"2019-07-29T17:14:46","isFullCredit":false},{"lineNumber":27,"author":{"gitId":"-"},"content":"","lastModifiedDate":"2021-07-17T16:49:07","isFullCredit":false},{"lineNumber":28,"author":{"gitId":"-"},"content":"## Feature XYZ","lastModifiedDate":"2024-01-07T18:33:52","isFullCredit":false},{"lineNumber":29,"author":{"gitId":"-"},"content":"","lastModifiedDate":"2024-01-07T18:33:52","isFullCredit":false},{"lineNumber":30,"author":{"gitId":"-"},"content":"// Feature details","lastModifiedDate":"2024-01-07T18:33:52","isFullCredit":false},{"lineNumber":31,"author":{"gitId":"wincura"},"content":"","lastModifiedDate":"2026-01-21T23:19:10","isFullCredit":false},{"lineNumber":32,"author":{"gitId":"wincura"},"content":"## Acknowledgements","lastModifiedDate":"2026-01-21T23:19:10","isFullCredit":false},{"lineNumber":33,"author":{"gitId":"wincura"},"content":"","lastModifiedDate":"2026-01-21T23:19:10","isFullCredit":false},{"lineNumber":34,"author":{"gitId":"wincura"},"content":"Logo for chatbot generated with the help of an external Text to ASCII Art Generator tool from https://patorjk.com/software/taag/.","lastModifiedDate":"2026-01-21T23:19:10","isFullCredit":false}],"authorContributionMap":{"wincura":4,"-":30}},{"path":"src/main/java/InvictaBot.java","fileType":"java","lines":[{"lineNumber":1,"author":{"gitId":"wincura"},"content":"// CS2103T Individual Project by William Scott Win A0273291A","lastModifiedDate":"2026-01-21T23:19:10","isFullCredit":false},{"lineNumber":2,"author":{"gitId":"wincura"},"content":"","lastModifiedDate":"2026-01-21T23:56:09","isFullCredit":false},{"lineNumber":3,"author":{"gitId":"wincura"},"content":"// Imports to use collections and handle user input","lastModifiedDate":"2026-01-22T00:30:33","isFullCredit":false},{"lineNumber":4,"author":{"gitId":"wincura"},"content":"import java.util.*;","lastModifiedDate":"2026-01-22T00:30:33","isFullCredit":false},{"lineNumber":5,"author":{"gitId":"wincura"},"content":"","lastModifiedDate":"2026-01-21T23:56:09","isFullCredit":false},{"lineNumber":6,"author":{"gitId":"wincura"},"content":"@SuppressWarnings(\"TextBlockMigration\") // Suppress the warning to use text block for logo instead","lastModifiedDate":"2026-01-21T23:19:10","isFullCredit":false},{"lineNumber":7,"author":{"gitId":"wincura"},"content":"","lastModifiedDate":"2026-01-21T23:19:10","isFullCredit":false},{"lineNumber":8,"author":{"gitId":"wincura"},"content":"public class InvictaBot {","lastModifiedDate":"2026-01-21T23:19:10","isFullCredit":false},{"lineNumber":9,"author":{"gitId":"wincura"},"content":"    // Declaring data structures to be used by chatbot","lastModifiedDate":"2026-01-22T00:30:33","isFullCredit":false},{"lineNumber":10,"author":{"gitId":"wincura"},"content":"    private static ArrayList\u003cString\u003e log \u003d new ArrayList\u003cString\u003e();","lastModifiedDate":"2026-01-22T00:30:33","isFullCredit":false},{"lineNumber":11,"author":{"gitId":"wincura"},"content":"","lastModifiedDate":"2026-01-22T00:30:33","isFullCredit":false},{"lineNumber":12,"author":{"gitId":"wincura"},"content":"    // Method to display logo","lastModifiedDate":"2026-01-21T23:33:09","isFullCredit":false},{"lineNumber":13,"author":{"gitId":"wincura"},"content":"    private static void logo() {","lastModifiedDate":"2026-01-22T00:30:33","isFullCredit":false},{"lineNumber":14,"author":{"gitId":"wincura"},"content":"        // Logo below generated with the help of an external tool from https://patorjk.com/software/taag/","lastModifiedDate":"2026-01-21T23:19:10","isFullCredit":false},{"lineNumber":15,"author":{"gitId":"wincura"},"content":"        String logo \u003d   \".___            .__        __        __________        __\\n\" +","lastModifiedDate":"2026-01-21T23:19:10","isFullCredit":false},{"lineNumber":16,"author":{"gitId":"wincura"},"content":"                \"|   | _______  _|__| _____/  |______ \\\\______   \\\\ _____/  |_\\n\" +","lastModifiedDate":"2026-01-21T23:19:10","isFullCredit":false},{"lineNumber":17,"author":{"gitId":"wincura"},"content":"                \"|   |/    \\\\  \\\\/ /  |/ ___\\\\   __\\\\__  \\\\ |    |  _//  _ \\\\   __\\\\\\n\" +","lastModifiedDate":"2026-01-21T23:19:10","isFullCredit":false},{"lineNumber":18,"author":{"gitId":"wincura"},"content":"                \"|   |   |  \\\\   /|  \\\\  \\\\___|  |  / __ \\\\|    |   (  \u003c_\u003e )  |\\n\"  +","lastModifiedDate":"2026-01-21T23:19:10","isFullCredit":false},{"lineNumber":19,"author":{"gitId":"wincura"},"content":"                \"|___|___|  /\\\\_/ |__|\\\\___  \u003e__| (____  /______  /\\\\____/|__|\\n\" +","lastModifiedDate":"2026-01-21T23:19:10","isFullCredit":false},{"lineNumber":20,"author":{"gitId":"wincura"},"content":"                \"         \\\\/             \\\\/          \\\\/       \\\\/\\n\";","lastModifiedDate":"2026-01-21T23:19:10","isFullCredit":false},{"lineNumber":21,"author":{"gitId":"wincura"},"content":"        System.out.println(\"Hello from\\n\" + logo);","lastModifiedDate":"2026-01-21T23:19:10","isFullCredit":false},{"lineNumber":22,"author":{"gitId":"wincura"},"content":"    }","lastModifiedDate":"2026-01-21T23:33:09","isFullCredit":false},{"lineNumber":23,"author":{"gitId":"wincura"},"content":"","lastModifiedDate":"2026-01-21T23:19:10","isFullCredit":false},{"lineNumber":24,"author":{"gitId":"wincura"},"content":"    // Method to display greeting message","lastModifiedDate":"2026-01-21T23:33:09","isFullCredit":false},{"lineNumber":25,"author":{"gitId":"wincura"},"content":"    private static void greet() {","lastModifiedDate":"2026-01-22T00:30:33","isFullCredit":false},{"lineNumber":26,"author":{"gitId":"wincura"},"content":"        System.out.println(\"_\".repeat(70) + \"\\n\" +","lastModifiedDate":"2026-01-21T23:33:09","isFullCredit":false},{"lineNumber":27,"author":{"gitId":"wincura"},"content":"                \"\\t\" + \"Howdy! I\u0027m InvictaBot!\\n\" +","lastModifiedDate":"2026-01-22T00:30:33","isFullCredit":false},{"lineNumber":28,"author":{"gitId":"wincura"},"content":"                \"\\t\" + \"What can I do for ya, pal?\\n\" +","lastModifiedDate":"2026-01-22T00:30:33","isFullCredit":false},{"lineNumber":29,"author":{"gitId":"wincura"},"content":"                \"_\".repeat(70) + \"\\n\");","lastModifiedDate":"2026-01-21T23:56:09","isFullCredit":false},{"lineNumber":30,"author":{"gitId":"wincura"},"content":"    }","lastModifiedDate":"2026-01-21T23:56:09","isFullCredit":false},{"lineNumber":31,"author":{"gitId":"wincura"},"content":"","lastModifiedDate":"2026-01-21T23:56:09","isFullCredit":false},{"lineNumber":32,"author":{"gitId":"wincura"},"content":"    // Method to display goodbye message","lastModifiedDate":"2026-01-21T23:56:09","isFullCredit":false},{"lineNumber":33,"author":{"gitId":"wincura"},"content":"    private static void bye() {","lastModifiedDate":"2026-01-22T00:30:33","isFullCredit":false},{"lineNumber":34,"author":{"gitId":"wincura"},"content":"        System.out.println(\"_\".repeat(70) + \"\\n\" +","lastModifiedDate":"2026-01-21T23:56:09","isFullCredit":false},{"lineNumber":35,"author":{"gitId":"wincura"},"content":"                \"\\t\" + \"Bye bye now! You take care!\\n\" +","lastModifiedDate":"2026-01-22T00:30:33","isFullCredit":false},{"lineNumber":36,"author":{"gitId":"wincura"},"content":"                \"_\".repeat(70) + \"\\n\");","lastModifiedDate":"2026-01-21T23:33:09","isFullCredit":false},{"lineNumber":37,"author":{"gitId":"wincura"},"content":"    }","lastModifiedDate":"2026-01-21T23:33:09","isFullCredit":false},{"lineNumber":38,"author":{"gitId":"wincura"},"content":"","lastModifiedDate":"2026-01-21T23:33:09","isFullCredit":false},{"lineNumber":39,"author":{"gitId":"wincura"},"content":"    public static void main(String[] args) {","lastModifiedDate":"2026-01-21T23:33:09","isFullCredit":false},{"lineNumber":40,"author":{"gitId":"wincura"},"content":"        // Method calls upon chatbot execution","lastModifiedDate":"2026-01-21T23:56:09","isFullCredit":false},{"lineNumber":41,"author":{"gitId":"wincura"},"content":"        logo();","lastModifiedDate":"2026-01-21T23:33:09","isFullCredit":false},{"lineNumber":42,"author":{"gitId":"wincura"},"content":"        greet();","lastModifiedDate":"2026-01-21T23:33:09","isFullCredit":false},{"lineNumber":43,"author":{"gitId":"wincura"},"content":"        // Uses Scanner to accept user input (planning to use BufferedReader in later releases)","lastModifiedDate":"2026-01-21T23:56:09","isFullCredit":false},{"lineNumber":44,"author":{"gitId":"wincura"},"content":"        Scanner s \u003d new Scanner(System.in);","lastModifiedDate":"2026-01-21T23:56:09","isFullCredit":false},{"lineNumber":45,"author":{"gitId":"wincura"},"content":"        // Loop to keep chatbot running until bye prompt","lastModifiedDate":"2026-01-21T23:56:09","isFullCredit":false},{"lineNumber":46,"author":{"gitId":"wincura"},"content":"        while (true) {","lastModifiedDate":"2026-01-21T23:56:09","isFullCredit":false},{"lineNumber":47,"author":{"gitId":"wincura"},"content":"            String userInput \u003d s.nextLine();","lastModifiedDate":"2026-01-21T23:56:09","isFullCredit":false},{"lineNumber":48,"author":{"gitId":"wincura"},"content":"            if (userInput.equals(\"bye\")) {","lastModifiedDate":"2026-01-21T23:56:09","isFullCredit":false},{"lineNumber":49,"author":{"gitId":"wincura"},"content":"                bye();","lastModifiedDate":"2026-01-21T23:56:09","isFullCredit":false},{"lineNumber":50,"author":{"gitId":"wincura"},"content":"                // Exit loop","lastModifiedDate":"2026-01-21T23:56:09","isFullCredit":false},{"lineNumber":51,"author":{"gitId":"wincura"},"content":"                break;","lastModifiedDate":"2026-01-21T23:56:09","isFullCredit":false},{"lineNumber":52,"author":{"gitId":"wincura"},"content":"            } else if (userInput.equals(\"list\")) {","lastModifiedDate":"2026-01-22T00:30:33","isFullCredit":false},{"lineNumber":53,"author":{"gitId":"wincura"},"content":"                int count \u003d 0;","lastModifiedDate":"2026-01-22T00:30:33","isFullCredit":false},{"lineNumber":54,"author":{"gitId":"wincura"},"content":"                System.out.println(\"_\".repeat(66));","lastModifiedDate":"2026-01-22T00:30:33","isFullCredit":false},{"lineNumber":55,"author":{"gitId":"wincura"},"content":"                for (String msg : log) {","lastModifiedDate":"2026-01-22T00:30:33","isFullCredit":false},{"lineNumber":56,"author":{"gitId":"wincura"},"content":"                    count +\u003d 1;","lastModifiedDate":"2026-01-22T00:30:33","isFullCredit":false},{"lineNumber":57,"author":{"gitId":"wincura"},"content":"                    System.out.println(\"\\t\" + count + \". \" + msg);","lastModifiedDate":"2026-01-22T00:30:33","isFullCredit":false},{"lineNumber":58,"author":{"gitId":"wincura"},"content":"                }","lastModifiedDate":"2026-01-22T00:30:33","isFullCredit":false},{"lineNumber":59,"author":{"gitId":"wincura"},"content":"                System.out.println(\"_\".repeat(66) + \"\\n\");","lastModifiedDate":"2026-01-22T00:30:33","isFullCredit":false},{"lineNumber":60,"author":{"gitId":"wincura"},"content":"            } else {","lastModifiedDate":"2026-01-21T23:56:09","isFullCredit":false},{"lineNumber":61,"author":{"gitId":"wincura"},"content":"                // Display added user input message","lastModifiedDate":"2026-01-22T00:30:33","isFullCredit":false},{"lineNumber":62,"author":{"gitId":"wincura"},"content":"                log.add(userInput);","lastModifiedDate":"2026-01-22T00:30:33","isFullCredit":false},{"lineNumber":63,"author":{"gitId":"wincura"},"content":"                System.out.println(\"_\".repeat(66) + \"\\n\" +","lastModifiedDate":"2026-01-21T23:56:09","isFullCredit":false},{"lineNumber":64,"author":{"gitId":"wincura"},"content":"                        \"\\t\" + \"added: \" + userInput + \"\\n\" +","lastModifiedDate":"2026-01-22T00:30:33","isFullCredit":false},{"lineNumber":65,"author":{"gitId":"wincura"},"content":"                        \"_\".repeat(66) + \"\\n\");","lastModifiedDate":"2026-01-21T23:56:09","isFullCredit":false},{"lineNumber":66,"author":{"gitId":"wincura"},"content":"            }","lastModifiedDate":"2026-01-21T23:56:09","isFullCredit":false},{"lineNumber":67,"author":{"gitId":"wincura"},"content":"        }","lastModifiedDate":"2026-01-21T23:56:09","isFullCredit":false},{"lineNumber":68,"author":{"gitId":"wincura"},"content":"    }","lastModifiedDate":"2026-01-21T23:19:10","isFullCredit":false},{"lineNumber":69,"author":{"gitId":"wincura"},"content":"}","lastModifiedDate":"2026-01-21T23:19:10","isFullCredit":false}],"authorContributionMap":{"wincura":69}}]
